input_name full_dark_score full_light_score full_atoms full_residues
T1123TS439_5o 0.75165 0.66878 3360 430
T1123TS439_3o 0.7472 0.66638 3360 430
T1123TS439_2o 0.74712 0.66615 3360 430
T1123TS439_1o 0.74708 0.66257 3360 430
T1123TS439_4o 0.73476 0.65366 3360 430
T1110TS312_5o 0.74602 0.58119 3350 440
T1110TS288_3o 0.74036 0.58059 3444 454
T1109TS037_4o 0.7427 0.57954 3440 454
T1110TS312_1o 0.74511 0.57897 3350 440
T1110TS477_1o 0.74168 0.57914 3390 446
T1110TS131_5o 0.73857 0.58075 3446 454
T1110TS131_2o 0.74053 0.57899 3446 454
T1110TS312_4o 0.74448 0.57843 3350 440
T1110TS119_4o 0.74031 0.57868 3444 454
T1123TS239_1o 0.73219 0.64433 3482 446
T1109TS188_4o 0.73802 0.57901 3439 454
T1110TS423_2o 0.73865 0.5782 3444 454
T1110TS187_2o 0.73865 0.5782 3444 454
T1110TS461_1o 0.74139 0.5774 3444 454
T1109TS288_5o 0.73922 0.57789 3438 454
T1109TS423_5o 0.73824 0.5783 3438 454
T1109TS187_5o 0.73824 0.5783 3438 454
T1109TS477_1o 0.74076 0.57719 3384 446
T1110TS288_5o 0.73926 0.57751 3444 454
T1110TS423_5o 0.73821 0.57791 3444 454
T1110TS187_5o 0.73821 0.57791 3444 454
T1109TS399_4o 0.73973 0.57692 3440 454
T1109TS054_4o 0.73973 0.57692 3440 454
T1109TS288_1o 0.73904 0.57735 3438 454
T1109TS367_3o 0.73803 0.57767 3440 454
T1109TS158_1o 0.73797 0.57713 3440 454
T1109TS086_3o 0.73797 0.57713 3440 454
T1109TS158_2o 0.738 0.57677 3440 454
T1109TS086_4o 0.738 0.57677 3440 454
T1110TS288_1o 0.73972 0.57612 3444 454
T1110TS131_4o 0.73842 0.57629 3446 454
T1109TS288_3o 0.73814 0.57632 3438 454
T1109TS312_5o 0.74092 0.57594 3353 441
T1110TS423_4o 0.73789 0.57616 3444 454
T1110TS187_4o 0.73789 0.57616 3444 454
T1110TS288_2o 0.73861 0.57595 3444 454
T1109TS374_5o 0.737 0.57724 3440 454
T1109TS003_2o 0.73601 0.58022 3440 454
T1109TS447_2o 0.74192 0.57505 3440 454
T1109TS447_1o 0.74192 0.57505 3440 454
T1109TS288_2o 0.73741 0.57608 3438 454
T1109TS367_1o 0.73731 0.57607 3440 454
T1109TS348_3o 0.73945 0.57486 3438 454
T1109TS399_1o 0.73772 0.57564 3440 454
T1109TS054_1o 0.73772 0.57564 3440 454
T1123TS073_1o 0.72492 0.6229 4178 532
T1109TS205_1o 0.73805 0.57512 3440 454
T1110TS205_2o 0.73807 0.57499 3446 454
T1109TS125_4o 0.74031 0.57427 3440 454
T1109TS312_4o 0.74235 0.57404 3344 440
T1109TS131_2o 0.73812 0.57452 3440 454
T1110TS348_2o 0.73728 0.575 3444 454
T1110TS125_5o 0.73675 0.57626 3446 454
T1109TS312_1o 0.7423 0.57377 3344 440
T1110TS360_4o 0.73856 0.57398 3446 454
T1110TS462_3o 0.74013 0.5737 3446 454
T1110TS423_1o 0.73639 0.57634 3444 454
T1110TS187_1o 0.73639 0.57634 3444 454
T1110TS374_5o 0.73654 0.57613 3446 454
T1109TS312_3o 0.7394 0.57361 3353 441
T1109TS037_3o 0.73749 0.57419 3440 454
T1109TS037_2o 0.73561 0.57822 3440 454
T1109TS119_3o 0.73758 0.57394 3438 454
T1110TS205_1o 0.73647 0.57613 3446 454
T1110TS188_4o 0.73695 0.5749 3445 454
T1109TS367_2o 0.73633 0.57601 3440 454
T1110TS461_2o 0.73649 0.57593 3444 454
T1110TS169_5o 0.73692 0.57459 3446 454
T1110TS169_1o 0.73692 0.57459 3446 454
T1110TS098_5o 0.73692 0.57459 3446 454
T1110TS071_4o 0.73673 0.57571 3444 454
T1123TS288_1o 0.71605 0.61553 4178 532
T1109TS374_2o 0.73874 0.57333 3440 454
T1109TS086_5o 0.7362 0.57595 3440 454
T1109TS360_2o 0.73691 0.57429 3440 454
T1109TS312_2o 0.73685 0.57456 3362 442
T1123TS158_1o 0.71406 0.62262 4180 532
T1123TS086_1o 0.71406 0.62262 4180 532
T1109TS360_1o 0.73669 0.57459 3440 454
T1110TS298_5o 0.73625 0.57541 3446 454
T1109TS086_2o 0.73593 0.57591 3440 454
T1110TS399_3o 0.73769 0.57282 3446 454
T1110TS054_3o 0.73769 0.57282 3446 454
T1109TS201_3o 0.73603 0.57537 3440 454
T1110TS348_4o 0.7363 0.57451 3444 454
T1110TS131_3o 0.73637 0.57393 3446 454
T1123TS003_2o 0.71078 0.62755 4180 532
T1109TS298_5o 0.73579 0.57553 3440 454
T1110TS374_2o 0.73549 0.57616 3446 454
T1123TS239_2o 0.71264 0.6127 3482 446
T1110TS037_3o 0.7359 0.57429 3446 454
T1123TS185_4o 0.711 0.61411 3962 510
T1109TS314_4o 0.73617 0.57384 3440 454
T1109TS158_3o 0.73563 0.57491 3440 454
T1109TS086_1o 0.73563 0.57491 3440 454
T1109TS360_5o 0.73682 0.5733 3440 454
T1109TS288_4o 0.73566 0.57452 3438 454
T1109TS003_3o 0.73571 0.57426 3440 454
T1110TS462_4o 0.73925 0.57183 3446 454
T1109TS360_4o 0.73615 0.57351 3440 454
T1109TS348_5o 0.73703 0.5725 3438 454
T1109TS205_2o 0.73545 0.57411 3440 454
T1109TS390_5o 0.73693 0.57246 3440 454
T1109TS320_5o 0.73693 0.57246 3440 454
T1110TS360_1o 0.73555 0.57369 3446 454
T1110TS314_5o 0.73555 0.57369 3446 454
T1109TS298_2o 0.7374 0.57172 3440 454
T1109TS131_1o 0.73272 0.58076 3440 454
T1109TS119_4o 0.73273 0.58045 3438 454
T1109TS169_2o 0.73729 0.57154 3440 454
T1109TS098_5o 0.73729 0.57154 3440 454
T1109TS462_3o 0.73556 0.57329 3440 454
T1109TS180_3o 0.73556 0.57329 3440 454
T1110TS399_1o 0.73837 0.57114 3446 454
T1110TS054_1o 0.73837 0.57114 3446 454
T1109TS125_3o 0.73567 0.57275 3440 454
T1110TS360_2o 0.73593 0.57256 3446 454
T1110TS298_1o 0.73796 0.57109 3446 454
T1110TS360_5o 0.73623 0.57192 3446 454
T1109TS399_2o 0.73518 0.57349 3440 454
T1109TS054_2o 0.73518 0.57349 3440 454
T1110TS131_1o 0.73572 0.57232 3446 454
T1109TS125_2o 0.73715 0.57113 3440 454
T1187TS278_1o 0.718 0.58857 2704 332
T1110TS446_3o 0.73633 0.57153 3444 454
T1110TS462_2o 0.73738 0.5709 3446 454
T1110TS348_5o 0.73683 0.57129 3444 454
T1109TS462_2o 0.73448 0.57398 3440 454
T1109TS180_2o 0.73448 0.57398 3440 454
T1187TS298_1o 0.71057 0.59255 2704 332
T1110TS298_3o 0.73742 0.57068 3446 454
T1110TS119_2o 0.73541 0.5719 3444 454
T1187TS278_2o 0.72213 0.58613 2704 332
T1110TS390_4o 0.73704 0.57076 3446 454
T1110TS320_4o 0.73704 0.57076 3446 454
T1110TS461_4o 0.73912 0.57041 3444 454
T1110TS180_2o 0.73807 0.57045 3446 454
T1110TS288_4o 0.73493 0.57262 3444 454
T1109TS185_2o 0.72778 0.582 3438 454
T1109TS131_4o 0.73294 0.57686 3440 454
T1109TS003_4o 0.73301 0.57666 3440 454
T1110TS205_3o 0.7344 0.57339 3446 454
T1110TS348_1o 0.73722 0.57036 3444 454
T1109TS188_5o 0.73391 0.57387 3439 454
T1123TS003_4o 0.70598 0.61969 4180 532
T1123TS185_5o 0.70563 0.62995 3962 510
T1109TS131_5o 0.73336 0.575 3440 454
T1110TS423_3o 0.7362 0.57066 3444 454
T1110TS187_3o 0.7362 0.57066 3444 454
T1110TS201_4o 0.73413 0.57317 3446 454
T1110TS180_1o 0.73543 0.57104 3446 454
T1110TS278_1o 0.73683 0.57019 3446 454
T1187TS494_2o 0.71903 0.58484 2704 332
T1109TS399_3o 0.73862 0.56998 3440 454
T1109TS054_3o 0.73862 0.56998 3440 454
T1109TS390_3o 0.7368 0.57018 3440 454
T1109TS320_3o 0.7368 0.57018 3440 454
T1110TS462_5o 0.73735 0.56996 3446 454
T1110TS461_3o 0.73582 0.57024 3444 454
T1123TS423_2o 0.70537 0.60593 4178 532
T1123TS187_2o 0.70537 0.60593 4178 532
T1110TS125_2o 0.73497 0.57102 3446 454
T1109TS298_4o 0.73653 0.57005 3440 454
T1109TS158_4o 0.73686 0.56999 3440 454
T1110TS462_1o 0.73594 0.57017 3446 454
T1109TS278_1o 0.73372 0.57239 3440 454
T1110TS003_4o 0.7333 0.57279 3446 454
T1109TS374_1o 0.7339 0.57208 3440 454
T1109TS360_3o 0.73444 0.57156 3440 454
T1110TS037_1o 0.73605 0.57003 3446 454
T1109TS003_1o 0.73391 0.57186 3440 454
T1109TS399_5o 0.7369 0.56972 3440 454
T1109TS125_1o 0.7369 0.56972 3440 454
T1109TS054_5o 0.7369 0.56972 3440 454
T1109TS205_3o 0.73318 0.57267 3440 454
T1123TS185_2o 0.70433 0.61921 3962 510
T1187TS298_2o 0.70869 0.58781 2704 332
T1187TS444_3o 0.70523 0.59815 2702 332
T1110TS201_1o 0.73536 0.57017 3446 454
T1187TS494_3o 0.7062 0.59473 2704 332
T1187TS187_5o 0.7128 0.5847 2702 332
T1187TS374_5o 0.71017 0.58595 2704 332
T1109TS462_5o 0.73615 0.56968 3440 454
T1109TS180_5o 0.73615 0.56968 3440 454
T1110TS390_2o 0.73652 0.56961 3446 454
T1110TS320_2o 0.73652 0.56961 3446 454
T1109TS071_3o 0.7363 0.56963 3438 454
T1110TS071_3o 0.73401 0.57137 3444 454
T1109TS444_2o 0.72625 0.57914 3438 454
T1109TS462_1o 0.73535 0.56988 3440 454
T1109TS180_1o 0.73535 0.56988 3440 454
T1109TS201_5o 0.7331 0.57202 3440 454
T1109TS278_2o 0.73068 0.57632 3440 454
T1187TS278_3o 0.7123 0.58311 2704 332
T1109TS003_5o 0.73362 0.57121 3440 454
T1178TS288_4o 0.70471 0.59597 4888 612
T1178TS073_4o 0.70471 0.59597 4888 612
T1109TS125_5o 0.73434 0.5708 3440 454
T1110TS367_1o 0.73742 0.5694 3446 454
T1110TS446_4o 0.73435 0.57072 3444 454
T1123TS073_3o 0.70348 0.62072 4178 532
T1110TS447_4o 0.73478 0.57017 3446 454
T1110TS447_3o 0.73478 0.57017 3446 454
T1110TS385_1o 0.73445 0.57048 3444 454
T1109TS444_4o 0.72864 0.57674 3438 454
T1187TS150_5o 0.7082 0.58637 2704 332
T1109TS390_2o 0.73496 0.56976 3440 454
T1109TS320_2o 0.73496 0.56976 3440 454
T1187TS288_5o 0.71031 0.583 2702 332
T1187TS074_4o 0.71031 0.583 2702 332
T1110TS399_5o 0.73456 0.57018 3446 454
T1110TS125_1o 0.73456 0.57018 3446 454
T1110TS054_5o 0.73456 0.57018 3446 454
T1109TS444_5o 0.72954 0.57605 3438 454
T1123TS073_4o 0.70384 0.60887 4178 532
T1123TS086_4o 0.7033 0.61362 4180 532
T1110TS444_2o 0.72909 0.57608 3444 454
T1109TS348_2o 0.73311 0.57129 3438 454
T1109TS188_3o 0.73582 0.56937 3440 454
T1109TS169_1o 0.73582 0.56937 3440 454
T1187TS367_1o 0.70814 0.58515 2704 332
T1187TS158_3o 0.70814 0.58515 2704 332
T1187TS086_1o 0.70814 0.58515 2704 332
T1110TS360_3o 0.73371 0.57043 3446 454
T1109TS185_5o 0.7242 0.5784 3438 454
T1110TS444_3o 0.72969 0.57461 3444 454
T1109TS185_4o 0.73102 0.5735 3438 454
T1110TS494_2o 0.72947 0.5752 3446 454
T1109TS185_3o 0.73051 0.57376 3438 454
T1109TS201_4o 0.73274 0.57107 3440 454
T1110TS248_1o 0.73494 0.56947 3446 454
T1110TS035_1o 0.73494 0.56947 3446 454
T1187TS441_1o 0.70508 0.59249 2704 332
T1187TS433_1o 0.70508 0.59249 2704 332
T1187TS074_5o 0.71384 0.58078 2702 332
T1110TS444_4o 0.72688 0.57648 3444 454
T1109TS298_1o 0.73699 0.56917 3440 454
T1109TS444_1o 0.72711 0.5763 3438 454
T1110TS188_5o 0.7325 0.57134 3445 454
T1109TS461_1o 0.73357 0.56988 3438 454
T1109TS446_1o 0.73357 0.56988 3438 454
T1110TS367_2o 0.73755 0.56906 3446 454
T1187TS390_4o 0.70908 0.58182 2704 332
T1187TS320_4o 0.70908 0.58182 2704 332
T1187TS119_1o 0.70908 0.58182 2704 332
T1187TS444_4o 0.70886 0.58173 2702 332
T1110TS367_3o 0.73508 0.56938 3446 454
T1110TS374_4o 0.73285 0.57049 3446 454
T1110TS185_3o 0.73305 0.57032 3444 454
T1110TS390_1o 0.73487 0.5694 3446 454
T1110TS320_1o 0.73487 0.5694 3446 454
T1110TS188_3o 0.73487 0.5694 3446 454
T1109TS131_3o 0.72839 0.5737 3440 454
T1109TS447_5o 0.73715 0.56899 3440 454
T1109TS447_4o 0.73715 0.56899 3440 454
T1109TS447_3o 0.73715 0.56899 3440 454
T1109TS098_1o 0.73558 0.56915 3440 454
T1178TS367_4o 0.70296 0.5995 4890 612
T1178TS158_4o 0.70296 0.5995 4890 612
T1178TS003_1o 0.70296 0.5995 4890 612
T1109TS367_5o 0.73804 0.56886 3440 454
T1109TS461_3o 0.73356 0.56948 3438 454
T1109TS446_3o 0.73356 0.56948 3438 454
T1110TS180_4o 0.73717 0.56883 3446 454
T1178TS073_2o 0.70525 0.5897 4888 612
T1110TS169_2o 0.7367 0.56881 3446 454
T1110TS098_1o 0.7367 0.56881 3446 454
T1109TS201_1o 0.73223 0.57065 3440 454
T1110TS390_5o 0.73526 0.56911 3446 454
T1110TS320_5o 0.73526 0.56911 3446 454
T1178TS158_3o 0.703 0.59586 4890 612
T1178TS086_5o 0.703 0.59586 4890 612
T1178TS003_2o 0.703 0.59586 4890 612
T1110TS312_3o 0.7358 0.56878 3350 440
T1109TS461_5o 0.73423 0.56929 3438 454
T1109TS446_5o 0.73423 0.56929 3438 454
T1110TS086_4o 0.73293 0.56965 3446 454
T1109TS298_3o 0.7356 0.56874 3440 454
T1110TS185_4o 0.73503 0.56913 3444 454
T1178TS367_1o 0.70303 0.59415 4890 612
T1178TS158_1o 0.70303 0.59415 4890 612
T1178TS003_4o 0.70303 0.59415 4890 612
T1109TS037_1o 0.73528 0.56884 3440 454
T1109TS169_4o 0.73461 0.56905 3440 454
T1109TS098_4o 0.73461 0.56905 3440 454
T1110TS494_5o 0.73159 0.57064 3446 454
T1109TS185_1o 0.72451 0.57356 3438 454
T1110TS444_1o 0.7276 0.57187 3444 454
T1110TS185_5o 0.73204 0.56968 3444 454
T1123TS288_4o 0.70208 0.60647 4178 532
T1110TS003_3o 0.73436 0.56886 3446 454
T1109TS390_1o 0.73558 0.56846 3440 454
T1109TS320_1o 0.73558 0.56846 3440 454
T1109TS462_4o 0.73225 0.56944 3440 454
T1109TS180_4o 0.73225 0.56944 3440 454
T1123TS003_1o 0.70185 0.62293 4180 532
T1109TS071_5o 0.73622 0.56844 3438 454
T1110TS298_4o 0.73513 0.56867 3446 454
T1187TS461_3o 0.70585 0.5839 2704 332
T1187TS446_3o 0.70585 0.5839 2704 332
T1123TS037_1o 0.70185 0.61341 4180 532
T1187TS444_1o 0.70599 0.5822 2702 332
T1110TS390_3o 0.73475 0.56845 3446 454
T1110TS320_3o 0.73475 0.56845 3446 454
T1187TS071_3o 0.70429 0.58624 2702 332
T1187TS444_5o 0.70447 0.58494 2702 332
T1110TS169_4o 0.73534 0.56822 3446 454
T1110TS169_3o 0.73534 0.56822 3446 454
T1110TS098_4o 0.73534 0.56822 3446 454
T1110TS239_4o 0.73523 0.56824 3386 454
T1109TS071_2o 0.73686 0.56817 3438 454
T1109TS444_3o 0.7237 0.57172 3438 454
T1187TS494_1o 0.70415 0.5859 2704 332
T1110TS158_4o 0.7324 0.5688 3446 454
T1109TS374_4o 0.73183 0.56913 3440 454
T1110TS201_3o 0.73322 0.56858 3446 454
T1123TS494_3o 0.70126 0.62261 3964 510
T1109TS348_4o 0.73757 0.56798 3438 454
T1109TS201_2o 0.73279 0.56861 3440 454
T1178TS423_1o 0.70221 0.59182 4888 612
T1178TS187_1o 0.70221 0.59182 4888 612
T1110TS180_5o 0.73548 0.56796 3446 454
T1109TS461_2o 0.73546 0.56794 3438 454
T1109TS446_2o 0.73546 0.56794 3438 454
T1110TS312_2o 0.73541 0.56796 3350 440
T1109TS158_5o 0.73386 0.56817 3440 454
T1110TS348_3o 0.73443 0.56804 3444 454
T1110TS447_2o 0.73375 0.56806 3446 454
T1110TS447_1o 0.73375 0.56806 3446 454
T1109TS035_2o 0.7313 0.56888 3440 454
T1110TS399_4o 0.73258 0.56861 3446 454
T1110TS054_4o 0.73258 0.56861 3446 454
T1109TS248_2o 0.73454 0.5679 3440 454
T1109TS035_1o 0.73454 0.5679 3440 454
T1110TS201_5o 0.73327 0.56807 3446 454
T1110TS444_5o 0.7251 0.56991 3444 454
T1110TS071_5o 0.73515 0.56768 3444 454
T1110TS278_4o 0.72445 0.56974 3446 454
T1110TS185_2o 0.73155 0.56855 3444 454
T1110TS399_2o 0.7335 0.56774 3446 454
T1110TS054_2o 0.7335 0.56774 3446 454
T1109TS390_4o 0.73108 0.56832 3440 454
T1109TS320_4o 0.73108 0.56832 3440 454
T1110TS374_3o 0.73456 0.56746 3446 454
T1110TS298_2o 0.73441 0.56746 3446 454
T1110TS374_1o 0.73292 0.56771 3446 454
T1109TS494_2o 0.72821 0.56873 3440 454
T1187TS494_4o 0.7023 0.58583 2704 332
T1109TS071_4o 0.73314 0.56742 3438 454
T1109TS439_2o 0.72737 0.56892 3380 454
T1109TS239_1o 0.72737 0.56892 3380 454
T1178TS367_5o 0.70049 0.59822 4890 612
T1178TS158_2o 0.70049 0.59822 4890 612
T1110TS125_3o 0.73295 0.5674 3446 454
T1110TS086_5o 0.7317 0.56792 3446 454
T1110TS003_5o 0.7317 0.56792 3446 454
T1109TS348_1o 0.73172 0.5678 3438 454
T1123TS288_3o 0.70003 0.61818 4178 532
T1110TS086_3o 0.73312 0.56707 3446 454
T1110TS003_2o 0.73312 0.56707 3446 454
T1187TS187_4o 0.70454 0.57841 2702 332
T1110TS367_4o 0.73479 0.56692 3446 454
T1109TS494_3o 0.73519 0.56668 3440 454
T1109TS385_1o 0.73261 0.56735 3438 454
T1110TS125_4o 0.73277 0.567 3446 454
T1110TS494_1o 0.72983 0.56793 3446 454
T1110TS086_2o 0.73332 0.56651 3446 454
T1187TS037_2o 0.70453 0.57776 2704 332
T1110TS071_2o 0.73416 0.5663 3444 454
T1110TS201_2o 0.73194 0.56701 3446 454
T1187TS390_1o 0.70243 0.58075 2704 332
T1187TS320_1o 0.70243 0.58075 2704 332
T1187TS205_5o 0.70504 0.57627 2704 332
T1109TS367_4o 0.73323 0.56629 3440 454
T1110TS158_5o 0.73233 0.56651 3446 454
T1110TS003_1o 0.73233 0.56651 3446 454
T1187TS071_5o 0.70151 0.58569 2701 332
T1187TS360_3o 0.70433 0.57693 2704 332
T1109TS461_4o 0.73107 0.5669 3438 454
T1109TS446_4o 0.73107 0.5669 3438 454
T1178TS086_4o 0.70034 0.59254 4890 612
T1123TS003_3o 0.6992 0.61229 4180 532
T1187TS071_2o 0.70188 0.58192 2702 332
T1110TS446_2o 0.72964 0.56697 3444 454
T1109TS374_3o 0.73004 0.56632 3440 454
T1109TS314_1o 0.73088 0.56622 3440 454
T1187TS390_3o 0.70332 0.57739 2704 332
T1187TS320_3o 0.70332 0.57739 2704 332
T1187TS119_3o 0.70332 0.57739 2704 332
T1110TS158_1o 0.73403 0.5653 3446 454
T1109TS239_5o 0.72521 0.56752 3380 454
T1127TS312_2o 0.70312 0.57632 3302 408
T1110TS071_1o 0.73328 0.56511 3444 454
T1110TS086_1o 0.73277 0.56518 3446 454
T1178TS248_2o 0.69965 0.59226 4890 612
T1178TS035_2o 0.69965 0.59226 4890 612
T1178TS086_3o 0.70026 0.58836 4890 612
T1123TS374_1o 0.69863 0.62619 4180 532
T1187TS205_4o 0.70132 0.58199 2704 332
T1123TS180_2o 0.70094 0.58442 4180 532
T1178TS037_1o 0.69969 0.59117 4890 612
T1110TS158_3o 0.7322 0.56467 3446 454
T1187TS188_3o 0.70233 0.57769 2704 332
T1110TS180_3o 0.73488 0.56431 3446 454
T1110TS461_5o 0.73235 0.56441 3444 454
T1110TS446_5o 0.73235 0.56441 3444 454
T1110TS158_2o 0.73216 0.56421 3446 454
T1109TS037_5o 0.7313 0.56432 3440 454
T1123TS073_2o 0.69882 0.59345 4178 532
T1187TS399_2o 0.70664 0.56929 2704 332
T1187TS125_2o 0.70664 0.56929 2704 332
T1187TS054_2o 0.70664 0.56929 2704 332
T1110TS439_2o 0.72967 0.56419 3386 454
T1110TS439_3o 0.72685 0.56551 3386 454
T1110TS446_1o 0.7316 0.56395 3444 454
T1124TS477_1o 0.7298 0.56406 5608 726
T1110TS494_3o 0.72738 0.565 3446 454
T1109TS494_1o 0.72611 0.5658 3440 454
T1123TS185_3o 0.69794 0.60942 3962 510
T1187TS423_5o 0.70079 0.57961 2702 332
T1187TS071_1o 0.70034 0.58102 2702 332
T1178TS278_1o 0.69923 0.58447 4890 612
T1109TS119_1o 0.72146 0.56447 3438 454
T1178TS188_5o 0.69855 0.59041 4890 612
T1123TS158_3o 0.6976 0.60519 4180 532
T1123TS086_3o 0.6976 0.60519 4180 532
T1123TS003_5o 0.6976 0.60519 4180 532
T1178TS288_2o 0.69795 0.59394 4888 612
T1178TS003_3o 0.69826 0.59122 4890 612
T1178TS288_3o 0.69854 0.58795 4888 612
T1178TS073_3o 0.69854 0.58795 4888 612
T1178TS225_5o 0.69768 0.59585 4890 612
T1187TS165_4o 0.69968 0.58055 2704 332
T1178TS367_3o 0.69787 0.59255 4890 612
T1178TS158_5o 0.69787 0.59255 4890 612
T1178TS187_2o 0.69817 0.59078 4888 612
T1110TS239_1o 0.73067 0.56277 3386 454
T1178TS374_3o 0.69768 0.59295 4890 612
T1110TS367_5o 0.73335 0.56184 3446 454
T1110TS185_1o 0.73273 0.56185 3444 454
T1187TS441_3o 0.69843 0.58666 2704 332
T1187TS433_3o 0.69843 0.58666 2704 332
T1110TS439_1o 0.7312 0.56187 3386 454
T1110TS239_3o 0.7312 0.56187 3386 454
T1110TS119_5o 0.72138 0.56353 3444 454
T1187TS165_2o 0.7123 0.56407 2703 332
T1109TS423_4o 0.72715 0.56238 3438 454
T1109TS187_4o 0.72715 0.56238 3438 454
T1110TS314_4o 0.72624 0.56275 3446 454
T1109TS439_1o 0.72981 0.56171 3380 454
T1123TS035_2o 0.69799 0.58551 4180 532
T1187TS360_1o 0.70272 0.56896 2704 332
T1178TS248_4o 0.69715 0.59132 4890 612
T1178TS035_4o 0.69715 0.59132 4890 612
T1187TS441_5o 0.69731 0.58957 2704 332
T1187TS433_5o 0.69731 0.58957 2704 332
T1109TS071_1o 0.72817 0.56133 3438 454
T1109TS314_3o 0.72719 0.56115 3440 454
T1109TS119_2o 0.71927 0.56221 3438 454
T1178TS086_1o 0.69699 0.59294 4890 612
T1178TS003_5o 0.69699 0.59294 4890 612
T1110TS314_2o 0.72778 0.56069 3446 454
T1110TS278_2o 0.71681 0.56218 3446 454
T1124TS278_2o 0.71876 0.56176 5924 768
T1127TS312_1o 0.69983 0.57306 3276 404
T1110TS119_1o 0.72191 0.56071 3444 454
T1178TS073_1o 0.69853 0.5786 4888 612
T1109TS239_3o 0.72384 0.56052 3380 454
T1110TS314_1o 0.72839 0.56001 3446 454
T1109TS439_4o 0.72876 0.55998 3380 454
T1109TS439_3o 0.72698 0.56003 3380 454
T1109TS239_2o 0.72698 0.56003 3380 454
T1123TS367_4o 0.696 0.61415 4180 532
T1109TS493_2o 0.71884 0.5604 3438 454
T1178TS248_1o 0.69636 0.5941 4890 612
T1178TS035_1o 0.69636 0.5941 4890 612
T1110TS119_3o 0.72603 0.55911 3444 454
T1110TS278_3o 0.71501 0.56061 3446 454
T1123TS367_2o 0.69562 0.59789 4180 532
T1178TS180_2o 0.69611 0.59201 4890 612
T1109TS119_5o 0.71943 0.55929 3438 454
T1109TS439_5o 0.72756 0.55839 3380 454
T1109TS493_5o 0.71775 0.55935 3438 454
T1187TS374_1o 0.69914 0.57158 2704 332
T1178TS180_3o 0.69629 0.59034 4890 612
T1187TS314_4o 0.70149 0.56818 2704 332
T1178TS180_4o 0.69599 0.59146 4890 612
T1109TS314_5o 0.72035 0.55851 3440 454
T1123TS185_1o 0.69506 0.61341 3962 510
T1110TS439_5o 0.72831 0.55753 3386 454
T1110TS239_2o 0.72831 0.55753 3386 454
T1109TS314_2o 0.72642 0.55723 3440 454
T1109TS493_3o 0.72147 0.55764 3438 454
T1187TS188_5o 0.70009 0.56926 2704 332
T1110TS239_5o 0.72773 0.5568 3386 454
T1178TS119_2o 0.69544 0.58919 4890 612
T1178TS288_5o 0.69602 0.58717 4888 612
T1178TS288_1o 0.69602 0.58717 4888 612
T1178TS074_5o 0.69602 0.58717 4888 612
T1127TS461_1o 0.69912 0.57009 3400 422
T1127TS446_1o 0.69912 0.57009 3400 422
T1127TS122_1o 0.69912 0.57009 3400 422
T1110TS493_2o 0.72162 0.55554 3444 454
T1178TS248_3o 0.69481 0.59359 4890 612
T1178TS035_3o 0.69481 0.59359 4890 612
T1109TS493_4o 0.72102 0.55534 3438 454
T1124TS278_4o 0.71362 0.55664 5924 768
T1109TS398_1o 0.72298 0.55497 3438 454
T1109TS188_1o 0.71581 0.55534 3439 454
T1109TS169_3o 0.71581 0.55534 3439 454
T1178TS180_1o 0.6947 0.59254 4890 612
T1124TS131_1o 0.71742 0.55478 5924 768
T1110TS493_4o 0.71576 0.5551 3444 454
T1187TS348_2o 0.70175 0.56584 2702 332
T1110TS248_3o 0.71404 0.55523 3446 454
T1110TS035_3o 0.71404 0.55523 3446 454
T1110TS314_3o 0.72655 0.55367 3446 454
T1187TS390_2o 0.70098 0.56607 2704 332
T1187TS320_2o 0.70098 0.56607 2704 332
T1187TS314_1o 0.70098 0.56607 2704 332
T1124TS131_2o 0.71667 0.55405 5924 768
T1124TS131_5o 0.71736 0.55397 5924 768
T1110TS493_5o 0.71968 0.55354 3444 454
T1110TS493_1o 0.71531 0.55406 3444 454
T1110TS248_2o 0.71139 0.55466 3446 454
T1110TS035_2o 0.71139 0.55466 3446 454
T1109TS493_1o 0.71917 0.55348 3438 454
T1127TS169_5o 0.69603 0.57807 3400 422
T1123TS147_1o 0.69772 0.56965 4180 532
T1110TS398_1o 0.72531 0.55226 3443 454
T1110TS037_2o 0.7161 0.55246 3446 454
T1127TS169_2o 0.69629 0.5758 3400 422
T1127TS098_4o 0.69629 0.5758 3400 422
T1127TS098_2o 0.69629 0.5758 3400 422
T1110TS493_3o 0.71788 0.55217 3444 454
T1123TS288_2o 0.69433 0.59134 4178 532
T1110TS350_4o 0.73262 0.55111 3444 454
T1110TS291_4o 0.73262 0.55111 3444 454
T1187TS312_1o 0.69982 0.56613 2678 328
T1110TS439_4o 0.71417 0.55229 3386 454
T1110TS188_2o 0.71122 0.55261 3445 454
T1123TS278_4o 0.6938 0.59659 4180 532
T1109TS350_2o 0.73163 0.54955 3438 454
T1109TS291_2o 0.73163 0.54955 3438 454
T1187TS367_2o 0.69495 0.57834 2704 332
T1187TS158_2o 0.69495 0.57834 2704 332
T1187TS086_3o 0.69495 0.57834 2704 332
T1187TS003_2o 0.69495 0.57834 2704 332
T1127TS312_3o 0.69678 0.57168 3289 406
T1109TS073_3o 0.7142 0.55133 3438 454
T1127TS245_3o 0.69653 0.57241 3400 422
T1110TS073_3o 0.71496 0.55106 3444 454
T1109TS350_3o 0.72919 0.54943 3438 454
T1109TS291_3o 0.72919 0.54943 3438 454
T1110TS188_1o 0.70967 0.55189 3445 454
T1109TS350_1o 0.73066 0.54892 3438 454
T1109TS291_1o 0.73066 0.54892 3438 454
T1110TS350_3o 0.73271 0.54771 3444 454
T1110TS291_3o 0.73271 0.54771 3444 454
T1127TS201_1o 0.69658 0.57089 3400 422
T1110TS447_5o 0.71227 0.54902 3446 454
T1127TS185_3o 0.69663 0.5704 3398 422
T1187TS348_1o 0.69497 0.57345 2702 332
T1109TS350_4o 0.73103 0.54717 3438 454
T1109TS291_4o 0.73103 0.54717 3438 454
T1123TS180_5o 0.69388 0.58212 4180 532
T1110TS073_2o 0.71693 0.54729 3444 454
T1110TS350_1o 0.73201 0.5468 3444 454
T1110TS291_1o 0.73201 0.5468 3444 454
T1109TS188_2o 0.70832 0.54938 3439 454
T1109TS169_5o 0.70832 0.54938 3439 454
T1110TS398_2o 0.72055 0.54711 3444 454
T1178TS086_2o 0.69314 0.59185 4890 612
T1123TS035_1o 0.69283 0.60373 4180 532
T1109TS073_2o 0.71589 0.54702 3438 454
T1109TS205_4o 0.71166 0.54723 3440 454
T1187TS456_5o 0.69692 0.56869 2704 332
T1187TS456_4o 0.69692 0.56869 2704 332
T1187TS456_3o 0.69692 0.56869 2704 332
T1187TS456_2o 0.69692 0.56869 2704 332
T1187TS456_1o 0.69692 0.56869 2704 332
T1187TS347_5o 0.69692 0.56869 2704 332
T1187TS347_4o 0.69692 0.56869 2704 332
T1187TS347_3o 0.69692 0.56869 2704 332
T1187TS347_2o 0.69692 0.56869 2704 332
T1187TS347_1o 0.69692 0.56869 2704 332
T1187TS325_5o 0.69692 0.56869 2704 332
T1187TS325_4o 0.69692 0.56869 2704 332
T1187TS325_3o 0.69692 0.56869 2704 332
T1187TS325_2o 0.69692 0.56869 2704 332
T1187TS325_1o 0.69692 0.56869 2704 332
T1127TS278_1o 0.697 0.56824 3400 422
T1127TS312_5o 0.69464 0.57342 3276 404
T1110TS350_2o 0.72889 0.5459 3444 454
T1110TS291_2o 0.72889 0.5459 3444 454
T1127TS185_5o 0.6952 0.57109 3398 422
T1110TS350_5o 0.73083 0.54539 3444 454
T1110TS291_5o 0.73083 0.54539 3444 454
H1143TS278_3 0.70725 0.55021 2718 350
T1109TS350_5o 0.72505 0.54536 3438 454
T1109TS291_5o 0.72505 0.54536 3438 454
T1123TS158_5o 0.69263 0.59803 4180 532
T1187TS119_4o 0.69647 0.56909 2704 332
T1127TS399_1o 0.6946 0.57256 3400 422
T1127TS125_1o 0.6946 0.57256 3400 422
T1127TS054_1o 0.6946 0.57256 3400 422
T1187TS360_4o 0.69748 0.56629 2704 332
T1187TS073_2o 0.70417 0.55337 2702 332
T1110TS073_4o 0.71048 0.54513 3444 454
T1110TS278_5o 0.70795 0.54706 3446 454
T1187TS461_5o 0.69703 0.56697 2704 332
T1187TS446_5o 0.69703 0.56697 2704 332
T1109TS073_4o 0.70967 0.54506 3438 454
T1127TS462_3o 0.69532 0.56845 3400 422
T1127TS180_3o 0.69532 0.56845 3400 422
T1187TS119_5o 0.69402 0.5737 2704 332
T1110TS205_4o 0.71136 0.5444 3446 454
T1127TS462_1o 0.69523 0.56817 3400 422
T1127TS180_1o 0.69523 0.56817 3400 422
T1109TS073_5o 0.71225 0.54427 3438 454
T1187TS477_1o 0.69864 0.56293 2702 332
T1110TS073_5o 0.71299 0.54422 3444 454
T1123TS158_4o 0.69206 0.59548 4180 532
T1123TS086_5o 0.69206 0.59548 4180 532
T1127TS150_5o 0.69529 0.56773 3400 422
T1109TS035_5o 0.7071 0.54511 3440 454
T1187TS245_2o 0.69413 0.57173 2704 332
T1187TS169_2o 0.69653 0.56622 2704 332
T1187TS098_1o 0.69653 0.56622 2704 332
T1109TS239_4o 0.70586 0.54615 3380 454
T1127TS390_5o 0.69489 0.56786 3400 422
T1127TS320_5o 0.69489 0.56786 3400 422
T1127TS314_5o 0.69489 0.56786 3400 422
T1124TS374_4o 0.71315 0.54293 5924 768
T1127TS472_1o 0.69408 0.57073 3400 422
H1143TS398_1 0.70232 0.55152 2718 350
T1187TS071_4o 0.69277 0.57938 2702 332
T1187TS385_1o 0.69394 0.57055 2704 332
T1187TS245_1o 0.69394 0.57055 2704 332
T1127TS348_1o 0.69485 0.56736 3398 422
T1187TS131_1o 0.69624 0.56488 2704 332
T1127TS201_5o 0.69352 0.57295 3400 422
H1143TS477_1 0.70265 0.54793 2716 350
T1187TS169_5o 0.69496 0.56618 2704 332
T1187TS098_3o 0.69496 0.56618 2704 332
T1187TS398_3o 0.69777 0.56166 2704 332
T1124TS460_5o 0.70761 0.54271 5924 768
T1124TS352_5o 0.70761 0.54271 5924 768
T1124TS338_5o 0.70761 0.54271 5924 768
T1124TS150_3o 0.70763 0.54264 5924 768
T1127TS374_5o 0.69535 0.56447 3400 422
T1124TS390_3o 0.70742 0.54274 5924 768
T1124TS320_3o 0.70742 0.54274 5924 768
T1187TS360_5o 0.69907 0.55765 2704 332
T1178TS245_5o 0.69112 0.59491 4890 612
H1143TS444_4 0.70197 0.54898 2716 350
H1143TS180_3 0.70419 0.54457 2718 350
T1127TS245_5o 0.69308 0.57234 3400 422
T1178TS245_4o 0.691 0.59477 4890 612
H1143TS071_1 0.70348 0.54478 2716 350
H1140TS444_2 0.70213 0.5471 2700 351
T1178TS439_1o 0.69233 0.57782 4794 612
T1178TS239_1o 0.69233 0.57782 4794 612
T1178TS229_1o 0.69233 0.57782 4794 612
T1124TS367_1o 0.70984 0.5416 5924 768
T1127TS229_1o 0.69595 0.5634 3342 422
T1127TS278_3o 0.69322 0.57018 3400 422
T1187TS298_5o 0.69649 0.56303 2704 332
T1127TS390_1o 0.69364 0.56924 3400 422
T1127TS320_1o 0.69364 0.56924 3400 422
T1127TS314_1o 0.69364 0.56924 3400 422
T1109TS248_3o 0.70444 0.54357 3440 454
T1124TS298_2o 0.71148 0.54111 5924 768
H1143TS180_2 0.70326 0.54421 2718 350
T1127TS150_1o 0.69332 0.56943 3400 422
T1127TS188_4o 0.69274 0.57137 3400 422
T1127TS169_3o 0.69274 0.57137 3400 422
H1140TS037_1 0.70738 0.54162 2702 351
T1187TS188_1o 0.6953 0.56313 2704 332
T1178TS399_4o 0.69057 0.59406 4890 612
T1178TS125_4o 0.69057 0.59406 4890 612
T1178TS054_4o 0.69057 0.59406 4890 612
T1124TS037_2o 0.70736 0.54142 5924 768
H1143TS278_1 0.7024 0.54415 2718 350
T1124TS188_4o 0.70776 0.54095 5924 768
T1124TS098_3o 0.70776 0.54095 5924 768
T1127TS461_2o 0.69184 0.57589 3400 422
T1127TS446_2o 0.69184 0.57589 3400 422
T1127TS122_2o 0.69184 0.57589 3400 422
H1141TS278_2 0.7013 0.5461 2678 346
T1178TS245_3o 0.69034 0.5954 4890 612
H1143TS367_3 0.70249 0.54357 2718 350
T1127TS456_5o 0.69451 0.56394 3400 422
T1127TS456_4o 0.69451 0.56394 3400 422
T1127TS456_3o 0.69451 0.56394 3400 422
T1127TS456_2o 0.69451 0.56394 3400 422
T1127TS456_1o 0.69451 0.56394 3400 422
T1127TS347_5o 0.69451 0.56394 3400 422
T1127TS347_4o 0.69451 0.56394 3400 422
T1127TS347_3o 0.69451 0.56394 3400 422
T1127TS347_2o 0.69451 0.56394 3400 422
T1127TS347_1o 0.69451 0.56394 3400 422
T1127TS325_5o 0.69451 0.56394 3400 422
T1127TS325_4o 0.69451 0.56394 3400 422
T1127TS325_3o 0.69451 0.56394 3400 422
T1127TS325_2o 0.69451 0.56394 3400 422
T1127TS325_1o 0.69451 0.56394 3400 422
T1110TS205_5o 0.71349 0.54043 3446 454
T1109TS091_1o 0.70291 0.54307 3438 454
T1178TS374_2o 0.69044 0.59037 4890 612
T1178TS367_2o 0.69067 0.58746 4890 612
T1187TS423_1o 0.6929 0.56924 2702 332
T1187TS187_1o 0.6929 0.56924 2702 332
T1127TS462_5o 0.69366 0.56656 3400 422
T1127TS180_5o 0.69366 0.56656 3400 422
T1127TS439_1o 0.69443 0.56366 3340 422
T1187TS360_2o 0.69311 0.56764 2704 332
H1143TS390_2 0.70224 0.54331 2718 350
H1143TS320_2 0.70224 0.54331 2718 350
H1143TS314_1 0.70224 0.54331 2718 350
H1143TS180_4 0.70244 0.54249 2718 350
T1127TS348_2o 0.69278 0.5682 3398 422
H1143TS188_3 0.70208 0.54344 2718 350
H1143TS169_4 0.70208 0.54344 2718 350
H1143TS098_3 0.70208 0.54344 2718 350
H1143TS360_1 0.70314 0.5421 2718 350
T1187TS398_4o 0.69846 0.55339 2704 332
T1127TS312_4o 0.69228 0.57 3276 404
T1127TS462_4o 0.69311 0.56737 3400 422
T1127TS180_4o 0.69311 0.56737 3400 422
T1187TS131_2o 0.69294 0.56776 2704 332
T1187TS131_5o 0.69382 0.56445 2704 332
T1127TS367_4o 0.69141 0.57576 3400 422
T1187TS169_4o 0.69345 0.56623 2704 332
T1187TS098_2o 0.69345 0.56623 2704 332
T1123TS278_1o 0.68987 0.60085 4180 532
T1124TS460_1o 0.70543 0.54104 5924 768
T1124TS352_1o 0.70543 0.54104 5924 768
T1124TS338_2o 0.70543 0.54104 5924 768
H1143TS348_1 0.70194 0.5429 2716 350
H1141TS288_1 0.70039 0.54594 2676 346
H1143TS360_3 0.70228 0.54227 2718 350
T1187TS314_5o 0.69587 0.55909 2704 332
T1187TS073_1o 0.70117 0.54449 2702 332
H1143TS444_1 0.69778 0.55453 2716 350
T1124TS298_3o 0.70765 0.54005 5924 768
H1141TS073_1 0.70306 0.54172 2676 346
H1143TS434_3 0.70142 0.54357 2718 350
H1143TS227_3 0.70142 0.54357 2718 350
H1143TS158_2 0.70139 0.54378 2718 350
H1143TS086_1 0.70139 0.54378 2718 350
H1143TS011_3 0.70142 0.54357 2718 350
H1143TS003_4 0.70139 0.54378 2718 350
T1127TS201_2o 0.69221 0.56939 3400 422
T1123TS180_1o 0.69021 0.5825 4180 532
T1127TS185_1o 0.69195 0.56951 3398 422
T1127TS444_3o 0.69145 0.57224 3398 422
T1110TS091_3o 0.70065 0.54465 3444 454
H1143TS298_2 0.70221 0.54188 2718 350
T1187TS205_2o 0.69117 0.57458 2704 332
T1127TS360_5o 0.69185 0.56955 3400 422
T1124TS150_5o 0.70528 0.54064 5924 768
T1124TS360_3o 0.70774 0.53974 5924 768
T1123TS367_3o 0.68965 0.59844 4180 532
T1109TS073_1o 0.7136 0.53916 3438 454
T1109TS091_2o 0.70101 0.54306 3438 454
T1109TS248_1o 0.7027 0.54124 3440 454
T1178TS390_4o 0.68961 0.59147 4890 612
T1178TS320_4o 0.68961 0.59147 4890 612
T1178TS314_4o 0.68961 0.59147 4890 612
H1143TS367_4 0.70185 0.54177 2718 350
T1187TS147_2o 0.69255 0.56601 2704 332
H1143TS312_4 0.69847 0.54833 2704 348
H1143TS390_3 0.70132 0.54192 2718 350
H1143TS385_3 0.70132 0.54192 2718 350
H1143TS320_3 0.70132 0.54192 2718 350
H1143TS245_3 0.70132 0.54192 2718 350
T1124TS037_5o 0.70858 0.53894 5924 768
T1124TS399_4o 0.70676 0.53955 5924 768
T1124TS125_4o 0.70676 0.53955 5924 768
T1124TS054_4o 0.70676 0.53955 5924 768
H1143TS441_5 0.70242 0.54093 2718 350
H1143TS433_5 0.70242 0.54093 2718 350
H1143TS180_1 0.70226 0.54111 2718 350
T1187TS073_3o 0.69841 0.54795 2702 332
T1178TS071_2o 0.68985 0.58296 4887 612
T1110TS073_1o 0.71424 0.53876 3444 454
T1178TS147_5o 0.692 0.56758 4890 612
T1124TS348_2o 0.70775 0.53911 5922 768
T1178TS245_2o 0.68936 0.59629 4890 612
T1187TS461_4o 0.69435 0.56022 2704 332
T1187TS446_4o 0.69435 0.56022 2704 332
T1123TS073_5o 0.68927 0.60376 4178 532
T1124TS158_4o 0.70639 0.53949 5924 768
T1124TS086_4o 0.70639 0.53949 5924 768
T1187TS291_1o 0.6982 0.54871 2702 332
H1143TS348_3 0.70105 0.54167 2716 350
H1143TS348_5 0.70165 0.54144 2716 350
T1127TS360_2o 0.69114 0.57053 3400 422
H1141TS477_1 0.69809 0.54828 2676 346
H1143TS367_1 0.70178 0.54126 2718 350
H1143TS399_5 0.70096 0.54166 2718 350
H1143TS125_5 0.70096 0.54166 2718 350
H1143TS054_5 0.70096 0.54166 2718 350
T1187TS348_5o 0.69479 0.55763 2702 332
T1127TS304_1o 0.694 0.56018 3400 422
T1127TS248_1o 0.694 0.56018 3400 422
T1124TS037_4o 0.71091 0.53849 5924 768
T1187TS245_5o 0.69077 0.57236 2704 332
T1124TS423_3o 0.70744 0.53877 5922 768
T1124TS187_3o 0.70744 0.53877 5922 768
H1143TS360_5 0.7007 0.54173 2718 350
H1143TS298_5 0.7007 0.54173 2718 350
H1143TS462_2 0.70242 0.54041 2718 350
T1187TS390_5o 0.69448 0.55831 2704 332
T1187TS320_5o 0.69448 0.55831 2704 332
T1124TS360_5o 0.70723 0.53877 5924 768
T1127TS037_1o 0.6916 0.56801 3400 422
T1127TS245_1o 0.69101 0.57 3400 422
T1124TS462_4o 0.7073 0.5387 5924 768
T1124TS180_4o 0.7073 0.5387 5924 768
T1187TS439_5o 0.69786 0.54774 2638 332
T1187TS239_5o 0.69786 0.54774 2638 332
T1187TS229_5o 0.69786 0.54774 2638 332
T1127TS367_5o 0.69222 0.56539 3400 422
T1127TS003_4o 0.69222 0.56539 3400 422
T1187TS423_3o 0.69347 0.56185 2702 332
T1187TS187_3o 0.69347 0.56185 2702 332
T1127TS461_4o 0.69074 0.57175 3400 422
T1127TS446_4o 0.69074 0.57175 3400 422
T1127TS122_4o 0.69074 0.57175 3400 422
H1143TS003_1 0.69972 0.54248 2718 350
T1124TS003_2o 0.70705 0.53863 5924 768
T1123TS494_2o 0.68891 0.59703 3964 510
T1178TS150_2o 0.68939 0.58401 4890 612
T1127TS461_3o 0.69094 0.56973 3400 422
T1127TS446_3o 0.69094 0.56973 3400 422
T1127TS122_3o 0.69094 0.56973 3400 422
T1187TS245_3o 0.69111 0.5692 2704 332
T1109TS091_5o 0.70214 0.54022 3438 454
T1124TS158_3o 0.70592 0.53887 5924 768
T1124TS086_3o 0.70592 0.53887 5924 768
T1124TS003_5o 0.70592 0.53887 5924 768
T1187TS462_4o 0.69447 0.55742 2704 332
T1187TS180_4o 0.69447 0.55742 2704 332
H1143TS188_1 0.69975 0.54201 2718 350
H1143TS169_2 0.69975 0.54201 2718 350
H1143TS098_1 0.69975 0.54201 2718 350
H1143TS360_2 0.7003 0.54139 2718 350
T1178TS119_1o 0.69002 0.57784 4890 612
H1143TS374_5 0.70467 0.53907 2718 350
H1143TS494_2 0.70162 0.54055 2718 350
T1124TS158_5o 0.70765 0.53826 5924 768
H1140TS398_3 0.69808 0.54541 2701 351
T1109TS278_3o 0.70081 0.54072 3440 454
T1127TS239_4o 0.69346 0.5608 3342 422
T1127TS229_4o 0.69346 0.5608 3342 422
T1187TS447_4o 0.69405 0.55814 2704 332
H1143TS367_5 0.70029 0.54117 2718 350
T1187TS374_2o 0.69393 0.5583 2704 332
H1143TS188_5 0.70179 0.5403 2718 350
H1143TS098_5 0.70179 0.5403 2718 350
H1143TS390_4 0.69951 0.54186 2718 350
H1143TS320_4 0.69951 0.54186 2718 350
T1178TS298_4o 0.68978 0.5788 4890 612
H1143TS298_4 0.7013 0.54038 2718 350
H1143TS462_3 0.70091 0.54063 2718 350
T1124TS367_3o 0.70836 0.53793 5924 768
T1124TS003_1o 0.70836 0.53793 5924 768
H1140TS278_2 0.70124 0.54034 2702 351
T1127TS185_2o 0.69097 0.5682 3398 422
T1178TS147_4o 0.69087 0.56829 4890 612
H1143TS367_2 0.70118 0.54002 2718 350
T1124TS360_4o 0.7088 0.53756 5924 768
H1143TS441_4 0.70197 0.53968 2718 350
H1143TS433_4 0.70197 0.53968 2718 350
H1143TS131_1 0.69832 0.54385 2718 350
H1143TS434_2 0.7007 0.54009 2718 350
H1143TS227_2 0.7007 0.54009 2718 350
H1143TS011_2 0.7007 0.54009 2718 350
H1143TS390_1 0.69991 0.54069 2718 350
H1143TS320_1 0.69991 0.54069 2718 350
H1143TS150_1 0.69991 0.54069 2718 350
T1127TS185_4o 0.69068 0.56827 3398 422
H1143TS298_3 0.69911 0.5415 2718 350
H1143TS119_1 0.69828 0.54361 2716 350
T1124TS399_1o 0.70494 0.53809 5924 768
T1124TS125_1o 0.70494 0.53809 5924 768
T1124TS054_1o 0.70494 0.53809 5924 768
T1127TS367_2o 0.68987 0.57317 3400 422
T1127TS003_3o 0.68987 0.57317 3400 422
T1187TS245_4o 0.69013 0.57045 2704 332
H1143TS461_2 0.70025 0.54041 2718 350
H1143TS446_2 0.70025 0.54041 2718 350
T1124TS288_5o 0.70301 0.53886 5922 768
H1143TS298_1 0.69927 0.54108 2718 350
H1143TS003_2 0.69944 0.54076 2718 350
T1127TS188_5o 0.69009 0.5709 3400 422
T1127TS169_1o 0.69009 0.5709 3400 422
T1127TS098_5o 0.69009 0.5709 3400 422
T1127TS098_3o 0.69009 0.5709 3400 422
T1127TS098_1o 0.69009 0.5709 3400 422
H1143TS288_1 0.7004 0.54002 2716 350
T1187TS003_3o 0.69302 0.55911 2704 332
H1141TS037_2 0.69914 0.54081 2678 346
T1127TS201_3o 0.68996 0.57143 3400 422
H1143TS348_4 0.69957 0.54028 2716 350
H1143TS158_4 0.69937 0.54065 2718 350
H1143TS086_5 0.69937 0.54065 2718 350
T1127TS201_4o 0.69001 0.57105 3400 422
H1143TS312_2 0.69658 0.54815 2712 349
T1127TS444_4o 0.68928 0.57872 3398 422
H1141TS444_1 0.69739 0.54451 2676 346
T1178TS385_1o 0.6882 0.59708 4890 612
T1178TS245_1o 0.6882 0.59708 4890 612
T1123TS180_3o 0.68822 0.5936 4180 532
T1127TS423_2o 0.68984 0.57186 3398 422
T1127TS187_2o 0.68984 0.57186 3398 422
T1187TS367_5o 0.69359 0.5571 2704 332
T1187TS158_4o 0.69359 0.5571 2704 332
T1187TS086_4o 0.69359 0.5571 2704 332
T1187TS003_5o 0.69359 0.5571 2704 332
T1187TS399_5o 0.69096 0.56602 2704 332
T1187TS125_5o 0.69096 0.56602 2704 332
T1187TS054_5o 0.69096 0.56602 2704 332
H1143TS423_2 0.69956 0.54 2716 350
H1143TS187_2 0.69956 0.54 2716 350
H1143TS278_2 0.69713 0.54459 2718 350
T1127TS298_4o 0.69015 0.56919 3400 422
T1124TS086_5o 0.70655 0.53741 5924 768
H1143TS444_3 0.69725 0.54443 2716 350
T1124TS158_2o 0.70607 0.5375 5924 768
T1124TS086_2o 0.70607 0.5375 5924 768
T1124TS003_4o 0.70607 0.5375 5924 768
T1127TS444_1o 0.68907 0.57946 3398 422
T1124TS390_1o 0.70914 0.53714 5924 768
T1124TS320_1o 0.70914 0.53714 5924 768
T1124TS462_2o 0.70627 0.53739 5924 768
T1124TS180_2o 0.70627 0.53739 5924 768
H1143TS374_2 0.69817 0.54197 2718 350
T1187TS131_3o 0.69188 0.56207 2704 332
T1124TS390_5o 0.70828 0.53704 5924 768
T1124TS360_1o 0.70828 0.53704 5924 768
T1124TS320_5o 0.70828 0.53704 5924 768
T1124TS288_4o 0.70007 0.53941 5922 768
T1109TS248_5o 0.69855 0.54113 3440 454
T1109TS035_4o 0.69855 0.54113 3440 454
H1143TS447_1 0.69834 0.54137 2718 350
T1124TS158_1o 0.70641 0.53724 5924 768
T1124TS086_1o 0.70641 0.53724 5924 768
T1124TS003_3o 0.70641 0.53724 5924 768
T1127TS239_2o 0.69197 0.56092 3342 422
T1127TS229_2o 0.69197 0.56092 3342 422
T1124TS348_5o 0.70414 0.53757 5922 768
T1187TS278_5o 0.69158 0.56283 2704 332
T1124TS390_4o 0.70411 0.53744 5924 768
T1124TS320_4o 0.70411 0.53744 5924 768
H1143TS494_5 0.69579 0.54607 2718 350
T1127TS367_1o 0.69179 0.56064 3400 422
H1143TS158_3 0.69819 0.54068 2718 350
H1143TS086_3 0.69819 0.54068 2718 350
H1143TS003_5 0.69819 0.54068 2718 350
H1143TS227_5 0.69929 0.53924 2718 350
H1143TS133_4 0.69929 0.53924 2718 350
T1124TS298_5o 0.70414 0.53732 5924 768
T1124TS122_4o 0.70478 0.53704 5924 768
T1124TS188_3o 0.70389 0.53734 5924 768
T1124TS098_2o 0.70389 0.53734 5924 768
T1187TS205_3o 0.693 0.55529 2704 332
T1127TS374_2o 0.6909 0.56365 3400 422
H1143TS462_4 0.70071 0.53835 2718 350
H1143TS180_5 0.70063 0.53839 2718 350
H1143TS434_4 0.69786 0.54054 2718 350
H1143TS227_4 0.69786 0.54054 2718 350
H1143TS011_4 0.69786 0.54054 2718 350
T1124TS348_4o 0.70449 0.53688 5922 768
H1144TS494_2 0.69583 0.54471 2641 341
T1127TS304_3o 0.69265 0.55614 3400 422
T1127TS248_3o 0.69265 0.55614 3400 422
H1143TS434_1 0.69837 0.53955 2718 350
H1143TS227_1 0.69837 0.53955 2718 350
H1143TS011_1 0.69837 0.53955 2718 350
T1124TS460_2o 0.70401 0.53692 5924 768
T1124TS352_3o 0.70401 0.53692 5924 768
T1124TS338_4o 0.70401 0.53692 5924 768
H1140TS398_1 0.697 0.54214 2701 351
T1124TS150_4o 0.70391 0.53689 5924 768
T1187TS398_2o 0.69246 0.55661 2704 332
T1178TS348_2o 0.68824 0.58069 4888 612
T1124TS122_5o 0.70445 0.53663 5924 768
T1187TS298_4o 0.69054 0.56367 2704 332
T1187TS367_4o 0.69275 0.55463 2704 332
T1110TS091_1o 0.69774 0.53978 3444 454
T1124TS390_2o 0.70206 0.53718 5924 768
T1124TS320_2o 0.70206 0.53718 5924 768
H1143TS071_2 0.69859 0.53913 2716 350
T1124TS298_4o 0.70332 0.53682 5924 768
H1143TS462_1 0.69902 0.53881 2718 350
H1143TS133_1 0.70061 0.53777 2718 350
H1140TS073_2 0.69979 0.53801 2700 351
H1143TS390_5 0.69861 0.53887 2718 350
H1143TS360_4 0.69861 0.53887 2718 350
H1143TS320_5 0.69861 0.53887 2718 350
T1127TS398_1o 0.69168 0.55889 3400 422
T1127TS165_3o 0.69168 0.55889 3400 422
H1143TS461_1 0.69885 0.53872 2718 350
H1143TS446_1 0.69885 0.53872 2718 350
T1187TS003_4o 0.69229 0.55559 2704 332
T1124TS461_1o 0.70446 0.53644 5924 768
T1124TS446_1o 0.70446 0.53644 5924 768
T1127TS374_1o 0.69158 0.55936 3400 422
T1127TS462_2o 0.69046 0.56319 3400 422
T1127TS180_2o 0.69046 0.56319 3400 422
T1124TS460_3o 0.70801 0.53602 5924 768
T1124TS352_2o 0.70801 0.53602 5924 768
T1124TS338_1o 0.70801 0.53602 5924 768
T1124TS150_1o 0.70801 0.53602 5924 768
T1124TS122_2o 0.70395 0.53633 5924 768
T1124TS150_2o 0.70196 0.53666 5924 768
T1187TS147_4o 0.69121 0.5601 2704 332
T1127TS374_3o 0.69088 0.56101 3400 422
H1143TS169_5 0.69726 0.53924 2718 350
H1143TS188_4 0.697 0.53991 2718 350
H1143TS169_1 0.697 0.53991 2718 350
H1143TS098_4 0.697 0.53991 2718 350
T1124TS122_3o 0.70375 0.53627 5924 768
T1127TS423_3o 0.68924 0.56766 3398 422
T1127TS187_3o 0.68924 0.56766 3398 422
T1127TS150_4o 0.68874 0.57013 3400 422
T1110TS091_5o 0.7029 0.53629 3444 454
H1143TS188_2 0.69705 0.53946 2718 350
H1143TS169_3 0.69705 0.53946 2718 350
H1143TS098_2 0.69705 0.53946 2718 350
T1110TS398_3o 0.71025 0.53578 3442 454
T1124TS460_4o 0.70183 0.53657 5924 768
T1124TS352_4o 0.70183 0.53657 5924 768
T1124TS338_3o 0.70183 0.53657 5924 768
T1124TS122_1o 0.7041 0.53608 5924 768
H1141TS037_1 0.69556 0.54182 2678 346
H1143TS158_1 0.69706 0.53912 2718 350
H1143TS086_2 0.69706 0.53912 2718 350
H1143TS003_3 0.69706 0.53912 2718 350
T1123TS248_3o 0.68717 0.61355 4180 532
H1143TS278_4 0.69527 0.54199 2718 350
T1178TS494_5o 0.68748 0.58342 4644 580
T1124TS288_3o 0.70571 0.53578 5922 768
T1124TS374_3o 0.70579 0.53561 5924 768
H1143TS444_2 0.69494 0.54236 2716 350
T1127TS444_2o 0.68808 0.5742 3398 422
H1143TS037_3 0.69467 0.54277 2718 350
T1109TS423_3o 0.69266 0.55134 3438 454
T1109TS187_3o 0.69266 0.55134 3438 454
H1141TS374_1 0.6978 0.53779 2678 346
T1127TS150_3o 0.68877 0.56759 3400 422
H1143TS423_1 0.69691 0.53859 2716 350
H1143TS187_1 0.69691 0.53859 2716 350
T1124TS374_1o 0.70267 0.5357 5924 768
H1143TS461_5 0.69949 0.53655 2718 350
H1143TS446_5 0.69949 0.53655 2718 350
H1143TS374_4 0.6983 0.53725 2718 350
H1143TS158_5 0.69699 0.53816 2718 350
H1143TS086_4 0.69699 0.53816 2718 350
H1143TS374_1 0.6958 0.53968 2718 350
T1178TS150_3o 0.68719 0.5853 4890 612
H1143TS494_3 0.6931 0.54739 2718 350
T1187TS439_3o 0.69447 0.54255 2638 332
T1187TS239_1o 0.69447 0.54255 2638 332
T1187TS229_3o 0.69447 0.54255 2638 332
T1127TS390_4o 0.68836 0.56927 3400 422
T1127TS320_4o 0.68836 0.56927 3400 422
T1127TS314_4o 0.68836 0.56927 3400 422
H1142TS073_3 0.69703 0.53797 2687 347
T1124TS298_1o 0.70952 0.53528 5924 768
T1124TS037_3o 0.70503 0.53545 5924 768
H1144TS494_1 0.69355 0.54576 2641 341
H1143TS119_3 0.6944 0.5425 2716 350
T1127TS298_5o 0.6887 0.56702 3400 422
H1143TS037_2 0.6947 0.54149 2718 350
T1127TS461_5o 0.68793 0.57274 3400 422
T1127TS446_5o 0.68793 0.57274 3400 422
T1127TS122_5o 0.68793 0.57274 3400 422
H1141TS398_5 0.6948 0.5408 2678 346
T1127TS360_3o 0.68848 0.56755 3400 422
T1127TS298_1o 0.68848 0.56755 3400 422
T1187TS165_3o 0.68964 0.56224 2704 332
T1127TS147_1o 0.69217 0.55155 3400 422
H1143TS385_1 0.69771 0.53695 2718 350
H1143TS245_1 0.69771 0.53695 2718 350
T1127TS003_5o 0.69005 0.56018 3400 422
H1143TS131_2 0.69425 0.54225 2718 350
H1143TS205_3 0.69775 0.53678 2718 350
T1187TS423_4o 0.69008 0.55946 2702 332
T1187TS461_2o 0.69084 0.55638 2704 332
T1187TS446_2o 0.69084 0.55638 2704 332
T1124TS348_1o 0.69998 0.53588 5922 768
T1124TS462_5o 0.70667 0.53502 5924 768
T1124TS180_5o 0.70667 0.53502 5924 768
H1143TS385_2 0.69684 0.53751 2718 350
H1143TS245_2 0.69684 0.53751 2718 350
H1143TS494_4 0.6948 0.5393 2718 350
T1123TS239_3o 0.68628 0.61301 3482 446
H1141TS278_4 0.69349 0.54451 2678 346
T1127TS298_2o 0.68814 0.56775 3400 422
T1124TS399_3o 0.70234 0.53516 5924 768
T1124TS125_3o 0.70234 0.53516 5924 768
T1124TS054_3o 0.70234 0.53516 5924 768
H1143TS398_5 0.69389 0.54134 2718 350
T1187TS439_1o 0.6924 0.54712 2638 332
T1187TS239_3o 0.6924 0.54712 2638 332
T1187TS229_2o 0.6924 0.54712 2638 332
H1143TS423_3 0.69521 0.53804 2716 350
H1143TS187_3 0.69521 0.53804 2716 350
T1178TS073_5o 0.6865 0.587 4888 612
T1127TS390_3o 0.68801 0.56802 3400 422
T1127TS360_4o 0.68801 0.56802 3400 422
T1127TS320_3o 0.68801 0.56802 3400 422
T1127TS314_3o 0.68801 0.56802 3400 422
H1141TS374_2 0.69664 0.53716 2678 346
H1141TS444_2 0.69264 0.54499 2676 346
H1143TS348_2 0.69711 0.53649 2716 350
T1124TS131_4o 0.69655 0.53716 5924 768
T1127TS399_4o 0.68788 0.5683 3400 422
T1127TS125_4o 0.68788 0.5683 3400 422
T1127TS054_4o 0.68788 0.5683 3400 422
T1127TS245_4o 0.68803 0.56713 3400 422
H1143TS150_2 0.69768 0.53612 2718 350
T1187TS374_3o 0.68856 0.5643 2704 332
H1142TS398_2 0.69466 0.53859 2687 347
T1178TS188_3o 0.6879 0.56713 4890 612
H1143TS097_2 0.69697 0.53638 2718 350
T1127TS169_4o 0.68875 0.5636 3400 422
H1143TS071_4 0.69593 0.53702 2716 350
H1143TS150_3 0.6951 0.53762 2718 350
T1178TS374_1o 0.68637 0.58412 4890 612
T1124TS456_5o 0.69902 0.53553 5924 768
T1124TS456_4o 0.69902 0.53553 5924 768
T1124TS456_3o 0.69902 0.53553 5924 768
T1124TS456_2o 0.69902 0.53553 5924 768
T1124TS456_1o 0.69902 0.53553 5924 768
T1124TS347_5o 0.69902 0.53553 5924 768
T1124TS347_4o 0.69902 0.53553 5924 768
T1124TS347_3o 0.69902 0.53553 5924 768
T1124TS347_2o 0.69902 0.53553 5924 768
T1124TS347_1o 0.69902 0.53553 5924 768
T1124TS325_5o 0.69902 0.53553 5924 768
T1124TS325_4o 0.69902 0.53553 5924 768
T1124TS325_3o 0.69902 0.53553 5924 768
T1124TS325_2o 0.69902 0.53553 5924 768
T1124TS325_1o 0.69902 0.53553 5924 768
H1143TS447_3 0.69523 0.53718 2718 350
H1143TS312_1 0.69596 0.53684 2704 348
H1141TS398_2 0.69452 0.53852 2678 346
T1124TS423_2o 0.6997 0.53523 5922 768
T1124TS187_2o 0.6997 0.53523 5922 768
T1187TS348_3o 0.68907 0.56096 2702 332
T1178TS494_4o 0.68679 0.57884 4890 612
H1143TS444_5 0.69356 0.54117 2716 350
T1124TS131_3o 0.70387 0.53443 5924 768
T1124TS461_2o 0.70418 0.53438 5924 768
T1124TS446_2o 0.70418 0.53438 5924 768
T1187TS037_1o 0.68935 0.55991 2704 332
T1110TS091_4o 0.69835 0.53531 3444 454
H1143TS288_3 0.69618 0.53623 2716 350
T1178TS225_1o 0.68706 0.57652 4890 612
H1143TS399_1 0.69694 0.53593 2718 350
H1143TS125_1 0.69694 0.53593 2718 350
H1143TS054_1 0.69694 0.53593 2718 350
T1187TS439_4o 0.69046 0.55258 2638 332
T1187TS239_4o 0.69046 0.55258 2638 332
T1187TS229_4o 0.69046 0.55258 2638 332
H1143TS131_4 0.69328 0.54005 2718 350
T1178TS147_3o 0.6873 0.57086 4890 612
T1127TS245_2o 0.68723 0.57217 3400 422
H1143TS037_1 0.69686 0.53569 2718 350
T1127TS360_1o 0.6874 0.56927 3400 422
T1127TS298_3o 0.6874 0.56927 3400 422
T1127TS374_4o 0.68744 0.56825 3400 422
T1187TS444_2o 0.6884 0.56234 2702 332
H1143TS398_2 0.6948 0.5366 2717 350
T1124TS439_4o 0.70764 0.53397 5234 696
H1143TS398_4 0.69274 0.54103 2717 350
T1127TS444_5o 0.6868 0.57458 3398 422
H1141TS494_1 0.69217 0.54354 2678 346
H1140TS462_4 0.69695 0.53535 2702 351
T1187TS205_1o 0.68942 0.55747 2704 332
H1141TS462_3 0.69522 0.53603 2678 346
T1187TS399_1o 0.68968 0.55488 2704 332
T1187TS125_1o 0.68968 0.55488 2704 332
T1187TS054_1o 0.68968 0.55488 2704 332
H1144TS278_5 0.69729 0.53505 2641 341
H1143TS494_1 0.69375 0.53782 2718 350
T1187TS119_2o 0.68836 0.5611 2704 332
T1124TS462_3o 0.70487 0.53385 5924 768
T1124TS180_3o 0.70487 0.53385 5924 768
T1124TS439_1o 0.70553 0.53379 5234 696
T1187TS037_5o 0.6872 0.56718 2704 332
T1187TS399_4o 0.69009 0.55163 2704 332
T1187TS125_4o 0.69009 0.55163 2704 332
T1187TS054_4o 0.69009 0.55163 2704 332
H1144TS278_2 0.69512 0.5354 2641 341
H1143TS225_1 0.6967 0.53485 2718 350
T1123TS037_3o 0.68591 0.58701 4180 532
T1127TS205_5o 0.68747 0.56522 3400 422
T1124TS188_2o 0.70042 0.53418 5924 768
T1124TS169_4o 0.70042 0.53418 5924 768
T1124TS169_3o 0.70042 0.53418 5924 768
T1124TS098_1o 0.70042 0.53418 5924 768
T1187TS439_2o 0.69105 0.54553 2638 332
T1187TS239_2o 0.69105 0.54553 2638 332
T1187TS229_1o 0.69105 0.54553 2638 332
H1142TS165_4 0.69175 0.54235 2687 347
T1127TS147_4o 0.69202 0.54105 3400 422
T1127TS494_2o 0.6871 0.56722 3400 422
H1143TS312_3 0.69426 0.53618 2712 349
T1127TS239_1o 0.6879 0.56172 3342 422
T1124TS188_5o 0.70708 0.53348 5924 768
T1124TS367_5o 0.69751 0.53432 5924 768
T1109TS278_5o 0.70461 0.5335 3440 454
T1124TS494_2o 0.70334 0.53344 5924 768
T1124TS461_4o 0.70099 0.53379 5924 768
T1124TS446_4o 0.70099 0.53379 5924 768
T1178TS185_5o 0.68581 0.58203 4890 612
T1124TS462_1o 0.70302 0.53341 5924 768
T1124TS180_1o 0.70302 0.53341 5924 768
T1127TS494_1o 0.68708 0.56592 3400 422
H1143TS131_3 0.69167 0.54056 2718 350
T1187TS298_3o 0.68753 0.56261 2704 332
T1127TS367_3o 0.6875 0.56314 3400 422
H1142TS444_3 0.69103 0.54419 2687 347
H1143TS119_5 0.69151 0.54076 2716 350
H1144TS278_1 0.69797 0.53394 2641 341
T1127TS205_1o 0.68733 0.56354 3400 422
T1127TS390_2o 0.68709 0.56464 3400 422
T1127TS320_2o 0.68709 0.56464 3400 422
T1127TS314_2o 0.68709 0.56464 3400 422
H1143TS423_4 0.69502 0.53453 2716 350
H1143TS187_4 0.69502 0.53453 2716 350
H1143TS133_3 0.69435 0.53513 2718 350
T1127TS439_3o 0.68741 0.56305 3340 422
T1178TS399_5o 0.68598 0.5791 4890 612
T1178TS125_5o 0.68598 0.5791 4890 612
T1178TS054_5o 0.68598 0.5791 4890 612
T1124TS461_5o 0.70034 0.53351 5924 768
T1124TS446_5o 0.70034 0.53351 5924 768
H1143TS288_2 0.6921 0.53813 2716 350
H1143TS462_5 0.69478 0.53455 2718 350
T1123TS147_3o 0.68844 0.55605 4180 532
H1142TS165_1 0.6919 0.53815 2688 347
T1127TS147_2o 0.68832 0.55669 3400 422
H1143TS288_4 0.6968 0.53407 2716 350
H1143TS248_1 0.69162 0.53882 2718 350
H1143TS035_1 0.69162 0.53882 2718 350
H1143TS278_5 0.69708 0.53387 2718 350
H1143TS461_3 0.6961 0.53411 2718 350
H1143TS446_3 0.6961 0.53411 2718 350
T1124TS399_5o 0.70191 0.53308 5924 768
T1124TS125_5o 0.70191 0.53308 5924 768
T1124TS054_5o 0.70191 0.53308 5924 768
T1124TS439_3o 0.70755 0.53282 5234 696
H1143TS441_1 0.6919 0.53782 2718 350
H1143TS433_1 0.6919 0.53782 2718 350
H1141TS169_3 0.69511 0.53422 2678 346
H1143TS312_5 0.69375 0.53499 2712 349
H1141TS150_4 0.69489 0.53421 2678 346
T1127TS150_2o 0.68651 0.56448 3400 422
H1143TS374_3 0.6972 0.53353 2718 350
H1143TS447_5 0.69327 0.53544 2718 350
T1124TS360_2o 0.69896 0.53312 5924 768
T1121TS071_5o 0.69354 0.53539 6058 762
T1127TS147_3o 0.69004 0.54431 3400 422
H1143TS434_5 0.69129 0.53861 2718 350
H1143TS011_5 0.69129 0.53861 2718 350
H1141TS248_1 0.69254 0.53609 2678 346
H1141TS035_1 0.69254 0.53609 2678 346
H1143TS398_3 0.6923 0.5362 2717 350
T1187TS073_5o 0.69034 0.54128 2702 332
T1187TS158_1o 0.68607 0.56943 2704 332
T1187TS086_2o 0.68607 0.56943 2704 332
T1187TS003_1o 0.68607 0.56943 2704 332
T1178TS348_4o 0.68562 0.57806 4888 612
T1124TS119_4o 0.70986 0.53233 5922 768
T1124TS119_2o 0.70986 0.53233 5922 768
H1141TS348_4 0.69479 0.53372 2676 346
T1187TS447_3o 0.69001 0.54241 2704 332
T1124TS398_1o 0.70209 0.5325 5924 768
T1124TS165_1o 0.70209 0.5325 5924 768
T1109TS091_3o 0.69119 0.53755 3438 454
T1187TS441_2o 0.68609 0.56642 2704 332
T1187TS433_2o 0.68609 0.56642 2704 332
T1124TS071_2o 0.70159 0.53245 5922 768
T1187TS312_2o 0.68684 0.5603 2669 327
H1143TS461_4 0.69512 0.53322 2718 350
H1143TS446_4 0.69512 0.53322 2718 350
H1143TS073_2 0.69241 0.53525 2716 350
T1124TS188_1o 0.69534 0.53305 5923 768
T1178TS423_2o 0.68502 0.58764 4888 612
T1178TS187_3o 0.68502 0.58764 4888 612
H1141TS278_3 0.69225 0.53509 2678 346
T1178TS131_1o 0.68493 0.59227 4890 612
T1124TS461_3o 0.69793 0.53255 5924 768
T1124TS446_3o 0.69793 0.53255 5924 768
H1143TS133_2 0.6913 0.53639 2718 350
T1123TS423_5o 0.68494 0.5882 4178 532
T1123TS187_5o 0.68494 0.5882 4178 532
T1124TS119_3o 0.70112 0.5318 5922 768
H1143TS399_4 0.69066 0.53734 2718 350
H1143TS125_4 0.69066 0.53734 2718 350
H1143TS054_4 0.69066 0.53734 2718 350
T1109TS398_5o 0.70141 0.53176 3436 454
H1143TS288_5 0.69243 0.53467 2716 350
T1123TS147_5o 0.68669 0.5587 4180 532
H1143TS225_2 0.69474 0.53286 2718 350
H1141TS248_2 0.69258 0.53444 2678 346
H1141TS035_2 0.69258 0.53444 2678 346
H1142TS494_2 0.6889 0.54483 2689 347
T1124TS494_4o 0.69942 0.53178 5924 768
T1127TS399_5o 0.68577 0.56588 3400 422
T1127TS125_5o 0.68577 0.56588 3400 422
T1127TS054_5o 0.68577 0.56588 3400 422
T1178TS390_3o 0.68484 0.58767 4890 612
T1178TS320_3o 0.68484 0.58767 4890 612
T1178TS314_3o 0.68484 0.58767 4890 612
H1143TS185_5 0.69169 0.5348 2716 350
T1124TS119_5o 0.70713 0.53125 5922 768
T1124TS494_1o 0.70047 0.5315 5924 768
T1187TS462_5o 0.68756 0.55205 2704 332
T1187TS180_5o 0.68756 0.55205 2704 332
T1124TS071_4o 0.69766 0.53167 5922 768
H1141TS037_3 0.69269 0.53407 2678 346
T1121TS447_1o 0.69797 0.53163 6060 762
T1124TS071_3o 0.70023 0.53137 5922 768
H1141TS494_4 0.69189 0.53429 2678 346
T1124TS037_1o 0.70128 0.5312 5924 768
T1127TS304_4o 0.68665 0.55528 3400 422
T1127TS248_4o 0.68665 0.55528 3400 422
T1187TS291_3o 0.68992 0.53657 2702 332
H1143TS073_4 0.70332 0.53106 2716 350
H1143TS071_5 0.69119 0.53467 2716 350
H1143TS073_5 0.69665 0.53139 2716 350
T1178TS205_1o 0.6854 0.56651 4890 612
T1110TS248_5o 0.69081 0.53472 3446 454
T1110TS035_5o 0.69081 0.53472 3446 454
H1140TS185_3 0.69488 0.53155 2700 351
T1187TS165_5o 0.68649 0.5541 2704 332
H1141TS462_1 0.69299 0.53302 2678 346
H1142TS398_3 0.69118 0.53437 2689 347
H1143TS205_1 0.68992 0.53592 2718 350
H1140TS037_3 0.69243 0.53331 2702 351
H1144TS441_4 0.69361 0.53265 2641 341
H1144TS433_4 0.69361 0.53265 2641 341
H1143TS441_3 0.6969 0.53111 2718 350
H1143TS433_3 0.6969 0.53111 2718 350
T1109TS147_1o 0.69138 0.53385 3438 454
H1143TS037_5 0.69251 0.53292 2718 350
T1124TS071_5o 0.69817 0.53082 5922 768
H1140TS398_2 0.69126 0.53371 2701 351
T1123TS180_4o 0.68443 0.58442 4180 532
H1140TS278_5 0.69658 0.53095 2702 351
T1187TS188_4o 0.68601 0.55705 2704 332
T1153TS312_5o 0.68619 0.55347 4208 536
H1140TS398_5 0.69089 0.53373 2700 351
T1127TS348_3o 0.68543 0.5624 3398 422
H1141TS462_4 0.69359 0.53183 2678 346
H1143TS423_5 0.6948 0.53097 2716 350
H1143TS187_5 0.6948 0.53097 2716 350
T1109TS398_3o 0.69748 0.53056 3437 454
T1127TS046_3o 0.6875 0.54346 3400 422
T1127TS035_3o 0.6875 0.54346 3400 422
H1143TS150_4 0.69369 0.53146 2718 350
H1140TS165_3 0.68981 0.53425 2702 351
T1179TS278_4o 0.68565 0.55838 4148 522
H1141TS312_2 0.68974 0.53434 2664 344
T1127TS035_1o 0.68653 0.54769 3400 422
H1140TS374_3 0.68912 0.5353 2702 351
T1127TS147_5o 0.68875 0.53628 3400 422
T1187TS188_2o 0.68506 0.56397 2704 332
H1140TS037_4 0.69454 0.5308 2702 351
H1143TS447_2 0.69461 0.5307 2718 350
H1143TS097_1 0.693 0.53133 2718 350
H1142TS278_3 0.69261 0.53154 2689 347
H1142TS444_5 0.68878 0.53595 2687 347
H1141TS165_4 0.69047 0.53303 2677 346
T1178TS350_3o 0.68479 0.5674 4888 612
T1178TS291_3o 0.68479 0.5674 4888 612
T1153TS312_1o 0.68581 0.55382 4208 536
H1144TS444_2 0.68822 0.53693 2639 341
H1142TS165_5 0.68856 0.5361 2689 347
T1178TS131_3o 0.68402 0.59045 4890 612
T1127TS494_4o 0.685 0.56325 3400 422
H1143TS314_4 0.68882 0.53492 2718 350
T1123TS423_4o 0.68408 0.58203 4178 532
T1123TS187_4o 0.68408 0.58203 4178 532
H1143TS150_5 0.69497 0.53034 2718 350
H1144TS447_2 0.69469 0.53037 2641 341
H1143TS071_3 0.68965 0.5334 2716 350
H1140TS494_1 0.69365 0.53089 2702 351
H1144TS494_3 0.68993 0.53293 2620 338
H1142TS441_4 0.68789 0.5365 2689 347
H1142TS433_4 0.68789 0.5365 2689 347
H1140TS462_3 0.69281 0.53097 2702 351
H1143TS133_5 0.69168 0.53131 2718 350
T1178TS147_1o 0.68481 0.56353 4890 612
H1143TS248_5 0.68873 0.53449 2718 350
H1143TS035_5 0.68873 0.53449 2718 350
T1187TS399_3o 0.68602 0.54895 2704 332
T1187TS125_3o 0.68602 0.54895 2704 332
T1187TS054_3o 0.68602 0.54895 2704 332
H1140TS073_3 0.69521 0.5299 2700 351
H1142TS441_3 0.68749 0.5377 2687 347
H1142TS433_3 0.68749 0.5377 2687 347
H1143TS131_5 0.68854 0.53447 2718 350
T1109TS147_2o 0.68869 0.53431 3438 454
T1121TS071_1o 0.68943 0.53335 6056 762
H1140TS278_4 0.69107 0.53153 2702 351
T1153TS312_4o 0.68578 0.54989 4204 536
H1142TS441_5 0.68738 0.53745 2689 347
H1142TS433_5 0.68738 0.53745 2689 347
T1121TS071_3o 0.68978 0.5326 6058 762
T1124TS399_2o 0.69443 0.52982 5924 768
T1124TS125_2o 0.69443 0.52982 5924 768
T1124TS054_2o 0.69443 0.52982 5924 768
H1141TS374_3 0.69507 0.52964 2678 346
T1178TS390_1o 0.68392 0.58086 4890 612
T1178TS320_1o 0.68392 0.58086 4890 612
T1178TS314_1o 0.68392 0.58086 4890 612
T1178TS119_5o 0.68392 0.58086 4890 612
T1127TS071_1o 0.6851 0.55801 3398 422
T1109TS091_4o 0.69436 0.52973 3438 454
T1121TS071_2o 0.68986 0.53214 6056 762
T1124TS494_3o 0.69664 0.52941 5924 768
T1127TS423_4o 0.68486 0.56031 3398 422
T1127TS187_4o 0.68486 0.56031 3398 422
T1124TS423_4o 0.69709 0.52928 5922 768
T1124TS187_4o 0.69709 0.52928 5922 768
H1143TS399_3 0.69368 0.53016 2718 350
H1143TS125_3 0.69368 0.53016 2718 350
H1143TS054_3 0.69368 0.53016 2718 350
T1187TS348_4o 0.68629 0.54054 2702 332
T1124TS071_1o 0.69683 0.52912 5922 768
H1140TS494_3 0.69306 0.53025 2702 351
H1141TS073_5 0.69503 0.52933 2676 346
H1142TS165_3 0.68715 0.53686 2688 347
T1187TS374_4o 0.68569 0.54566 2704 332
H1141TS423_4 0.69118 0.53098 2676 346
H1141TS187_5 0.69118 0.53098 2676 346
T1127TS071_5o 0.68438 0.56474 3398 422
T1187TS037_3o 0.68508 0.55535 2704 332
H1141TS278_1 0.69111 0.53093 2678 346
H1144TS447_5 0.69391 0.52947 2641 341
H1141TS288_5 0.69236 0.53037 2676 346
T1109TS423_1o 0.68835 0.53355 3438 454
T1109TS187_1o 0.68835 0.53355 3438 454
H1142TS180_1 0.69458 0.52903 2689 347
T1127TS439_5o 0.68492 0.5565 3340 422
H1140TS462_2 0.69146 0.53044 2702 351
T1124TS385_1o 0.69287 0.52979 5922 768
T1124TS169_1o 0.70285 0.52833 5924 768
T1127TS071_2o 0.68444 0.5624 3398 422
H1141TS037_5 0.69277 0.5297 2678 346
T1127TS399_2o 0.68424 0.56404 3400 422
T1127TS125_2o 0.68424 0.56404 3400 422
T1127TS054_2o 0.68424 0.56404 3400 422
T1127TS348_4o 0.68451 0.56206 3398 422
H1141TS447_1 0.69914 0.52856 2678 346
H1144TS037_5 0.69571 0.5287 2641 341
T1187TS398_1o 0.68556 0.54466 2704 332
T1124TS288_1o 0.69046 0.53071 5922 768
H1142TS441_1 0.68756 0.53405 2689 347
H1142TS433_1 0.68756 0.53405 2689 347
H1141TS399_3 0.69134 0.5304 2678 346
H1141TS125_3 0.69134 0.5304 2678 346
H1141TS054_3 0.69134 0.5304 2678 346
T1121TS071_4o 0.6893 0.53154 6058 762
H1141TS187_3 0.69103 0.53038 2676 346
T1123TS248_1o 0.68346 0.58053 4180 532
T1123TS035_3o 0.68346 0.58053 4180 532
H1142TS444_1 0.68751 0.53387 2687 347
H1144TS037_1 0.69458 0.52857 2641 341
T1187TS447_5o 0.68527 0.54758 2704 332
T1124TS165_4o 0.69692 0.5282 5924 768
H1140TS461_1 0.68951 0.53101 2702 351
H1140TS446_1 0.68951 0.53101 2702 351
H1140TS444_1 0.68607 0.53829 2700 351
T1187TS350_1o 0.68838 0.53222 2702 332
H1143TS092_1 0.69129 0.52979 2716 350
H1141TS037_4 0.69806 0.52804 2678 346
H1140TS125_5 0.69373 0.52861 2702 351
H1140TS054_5 0.69373 0.52861 2702 351
H1140TS399_5 0.69373 0.52861 2702 351
H1140TS374_2 0.69411 0.52825 2702 351
H1140TS098_2 0.69386 0.52831 2702 351
H1140TS188_5 0.69386 0.52831 2702 351
H1144TS447_1 0.69299 0.52865 2641 341
H1140TS037_2 0.69427 0.52803 2702 351
H1140TS462_5 0.69399 0.52803 2702 351
T1187TS462_3o 0.68464 0.5523 2704 332
T1187TS180_3o 0.68464 0.5523 2704 332
T1124TS367_2o 0.69917 0.52752 5924 768
T1121TS447_3o 0.69656 0.52761 6060 762
T1124TS073_3o 0.69769 0.52749 5922 768
T1178TS439_3o 0.68345 0.57144 4794 612
T1178TS239_3o 0.68345 0.57144 4794 612
T1178TS229_3o 0.68345 0.57144 4794 612
H1143TS037_4 0.68833 0.53114 2718 350
T1127TS239_3o 0.68392 0.56158 3342 422
T1127TS229_3o 0.68392 0.56158 3342 422
H1143TS185_2 0.6898 0.52957 2716 350
H1141TS374_5 0.69312 0.52782 2678 346
T1178TS131_4o 0.68271 0.58817 4890 612
T1124TS439_2o 0.69632 0.52738 5234 696
H1144TS477_1 0.68839 0.53098 2639 341
H1141TS397_4 0.68909 0.53034 2656 343
T1153TS447_4o 0.68668 0.53301 4642 598
H1141TS441_2 0.68613 0.53444 2678 346
H1141TS433_2 0.68613 0.53444 2678 346
T1153TS312_2o 0.68461 0.54956 4204 536
H1140TS131_1 0.68773 0.53126 2702 351
T1187TS441_4o 0.68337 0.56641 2704 332
T1187TS433_4o 0.68337 0.56641 2704 332
H1140TS119_1 0.68773 0.53103 2700 351
T1124TS288_2o 0.69139 0.52796 5922 768
H1140TS314_1 0.6902 0.52857 2702 351
T1123TS288_5o 0.68237 0.59054 4178 532
H1142TS461_1 0.69135 0.5277 2689 347
H1142TS446_1 0.69135 0.5277 2689 347
H1141TS398_4 0.68758 0.5308 2677 346
T1127TS291_1o 0.68355 0.56076 3398 422
T1109TS398_2o 0.69811 0.52669 3438 454
T1124TS169_2o 0.70236 0.52613 5924 768
T1187TS367_3o 0.68308 0.56502 2704 332
H1140TS462_1 0.69298 0.52701 2702 351
T1109TS278_4o 0.69995 0.52617 3440 454
H1140TS073_4 0.70082 0.5261 2700 351
T1121TS278_1o 0.68938 0.5285 6060 762
T1187TS462_2o 0.68401 0.55201 2704 332
T1187TS180_2o 0.68401 0.55201 2704 332
H1140TS374_1 0.68514 0.53607 2702 351
T1127TS350_4o 0.68373 0.55404 3398 422
T1178TS390_2o 0.68213 0.58752 4890 612
T1178TS320_2o 0.68213 0.58752 4890 612
T1178TS314_2o 0.68213 0.58752 4890 612
H1143TS441_2 0.69312 0.5267 2718 350
H1143TS433_2 0.69312 0.5267 2718 350
H1141TS494_3 0.69046 0.52736 2678 346
H1143TS493_4 0.68948 0.52787 2716 350
H1143TS185_4 0.68662 0.53098 2716 350
T1124TS423_1o 0.69557 0.52598 5922 768
T1124TS187_1o 0.69557 0.52598 5922 768
T1123TS278_3o 0.68232 0.57882 3964 510
T1121TS447_5o 0.69457 0.52602 6060 762
H1144TS398_3 0.69159 0.52708 2641 341
T1178TS071_5o 0.68265 0.56979 4888 612
T1127TS348_5o 0.68345 0.55793 3398 422
H1140TS071_4 0.68899 0.52836 2700 351
H1141TS444_4 0.68719 0.53024 2676 346
H1140TS071_2 0.68926 0.52778 2700 351
H1141TS434_2 0.6881 0.5289 2678 346
H1141TS011_2 0.6881 0.5289 2678 346
H1140TS312_4 0.69053 0.52718 2634 343
H1140TS011_1 0.68748 0.52946 2702 351
H1140TS434_1 0.68748 0.52946 2702 351
H1143TS225_4 0.69005 0.52735 2718 350
T1127TS291_4o 0.68334 0.55702 3398 422
T1124TS278_5o 0.69373 0.52596 5924 768
H1141TS312_4 0.68905 0.5277 2664 344
H1140TS278_3 0.69189 0.52648 2702 351
H1141TS205_1 0.68881 0.52812 2678 346
T1127TS399_3o 0.68307 0.55953 3400 422
T1127TS125_3o 0.68307 0.55953 3400 422
T1127TS054_3o 0.68307 0.55953 3400 422
H1141TS494_5 0.68995 0.52724 2678 346
H1142TS398_4 0.68675 0.53005 2688 347
T1187TS398_5o 0.68391 0.54606 2704 332
T1109TS205_5o 0.69953 0.52563 3440 454
H1142TS444_4 0.68573 0.53178 2687 347
T1178TS399_2o 0.68201 0.58105 4890 612
T1178TS125_2o 0.68201 0.58105 4890 612
T1178TS054_2o 0.68201 0.58105 4890 612
H1140TS312_2 0.68941 0.52738 2634 343
T1187TS314_3o 0.68363 0.55012 2704 332
T1187TS131_4o 0.68297 0.55998 2704 332
H1143TS399_2 0.69309 0.5258 2718 350
H1143TS125_2 0.69309 0.5258 2718 350
H1143TS054_2 0.69309 0.5258 2718 350
T1178TS298_2o 0.68243 0.56812 4890 612
H1142TS461_3 0.68924 0.52735 2689 347
H1142TS446_3 0.68924 0.52735 2689 347
T1127TS046_1o 0.68391 0.54445 3400 422
H1142TS180_2 0.69032 0.52662 2689 347
H1144TS398_1 0.68789 0.52815 2641 341
T1127TS165_1o 0.68259 0.56228 3400 422
H1140TS158_4 0.69136 0.526 2702 351
H1140TS185_1 0.6859 0.5309 2700 351
H1143TS205_4 0.68882 0.52737 2718 350
H1140TS441_4 0.68613 0.5304 2700 351
H1140TS433_4 0.68613 0.5304 2700 351
T1123TS278_2o 0.68199 0.57626 4180 532
H1140TS185_4 0.68625 0.52946 2700 351
T1178TS147_2o 0.68231 0.56518 4890 612
H1141TS314_1 0.68644 0.52902 2674 345
H1142TS441_2 0.68463 0.53431 2687 347
H1142TS433_2 0.68463 0.53431 2687 347
T1127TS291_2o 0.68288 0.55504 3398 422
H1141TS461_4 0.68923 0.52675 2678 346
H1141TS446_4 0.68923 0.52675 2678 346
H1142TS248_5 0.68522 0.53203 2689 347
H1142TS035_5 0.68522 0.53203 2689 347
H1140TS374_4 0.68719 0.52818 2702 351
H1143TS185_3 0.68731 0.52791 2716 350
H1140TS185_2 0.68758 0.52759 2700 351
H1142TS398_1 0.68885 0.5269 2687 347
T1121TS385_1o 0.68763 0.52752 6060 762
H1141TS278_5 0.68681 0.5282 2678 346
T1121TS444_4o 0.68461 0.53369 6058 762
T1178TS188_1o 0.68198 0.5691 4890 612
T1127TS291_5o 0.68298 0.55085 3398 422
T1113TS248_2o 0.68716 0.52763 3088 386
T1178TS131_2o 0.68145 0.59103 4890 612
T1127TS131_4o 0.68217 0.56126 3400 422
T1187TS462_1o 0.68267 0.55352 2704 332
T1187TS180_1o 0.68267 0.55352 2704 332
T1153TS312_3o 0.68307 0.54651 4208 537
H1140TS441_2 0.68527 0.53107 2700 351
H1140TS433_2 0.68527 0.53107 2700 351
T1113TS423_3o 0.68559 0.52964 3088 386
T1113TS187_3o 0.68559 0.52964 3088 386
T1121TS131_3o 0.68566 0.52936 6060 762
H1141TS462_5 0.69222 0.52516 2678 346
T1127TS239_5o 0.68226 0.55852 3342 422
T1127TS229_5o 0.68226 0.55852 3342 422
T1178TS374_5o 0.68127 0.58503 4890 612
T1123TS158_2o 0.6814 0.58133 4180 532
T1123TS086_2o 0.6814 0.58133 4180 532
T1187TS447_1o 0.68273 0.54963 2704 332
H1143TS439_2 0.6937 0.52487 2668 350
H1143TS239_3 0.6937 0.52487 2668 350
T1123TS374_3o 0.68115 0.62029 4180 532
T1187TS147_5o 0.68229 0.5564 2704 332
T1124TS348_3o 0.69262 0.52488 5922 768
H1141TS092_1 0.68793 0.52606 2676 346
T1178TS185_2o 0.68173 0.56548 4890 612
T1124TS169_5o 0.69415 0.52462 5924 768
H1143TS314_2 0.69228 0.52485 2718 350
H1142TS180_3 0.69215 0.52489 2689 347
H1141TS188_4 0.68979 0.52525 2678 346
H1141TS494_2 0.68593 0.52816 2678 346
H1140TS125_1 0.69031 0.52517 2702 351
H1140TS054_1 0.69031 0.52517 2702 351
H1140TS399_1 0.69031 0.52517 2702 351
H1140TS441_1 0.68499 0.53068 2702 351
H1140TS433_1 0.68499 0.53068 2702 351
H1142TS185_1 0.68637 0.52724 2687 347
H1142TS086_2 0.68621 0.52735 2689 347
T1127TS350_3o 0.68211 0.55661 3398 422
H1144TS278_4 0.69269 0.52462 2641 341
H1144TS071_5 0.68607 0.52764 2639 341
T1127TS131_3o 0.68173 0.56225 3400 422
H1143TS248_2 0.68334 0.538 2718 350
H1143TS035_2 0.68334 0.538 2718 350
T1124TS073_5o 0.68834 0.52564 5922 768
T1110TS398_5o 0.70607 0.52418 3444 454
T1178TS444_2o 0.68098 0.58679 4888 612
T1113TS494_1o 0.68491 0.53036 3088 386
H1140TS441_3 0.68528 0.52911 2702 351
H1140TS433_3 0.68528 0.52911 2702 351
T1121TS131_5o 0.68623 0.52694 6060 762
T1127TS439_2o 0.68163 0.56315 3340 422
H1140TS398_4 0.69015 0.52479 2702 351
T1127TS494_3o 0.68195 0.55401 3400 422
T1127TS131_2o 0.6816 0.56265 3400 422
H1143TS239_5 0.69173 0.52441 2668 350
H1140TS185_5 0.68629 0.52645 2700 351
T1124TS165_3o 0.69378 0.52419 5924 768
H1141TS447_4 0.69372 0.52417 2678 346
T1121TS444_1o 0.68373 0.53352 6058 762
H1144TS314_2 0.68922 0.52494 2641 341
H1141TS398_3 0.68644 0.52589 2677 346
T1178TS360_3o 0.68075 0.58201 4890 612
H1141TS447_3 0.68898 0.52501 2678 346
H1141TS447_2 0.68907 0.52482 2678 346
H1141TS462_2 0.69122 0.52424 2678 346
T1121TS003_1o 0.68535 0.52769 6060 762
H1141TS185_4 0.68613 0.52617 2676 346
H1140TS158_1 0.68728 0.5254 2702 351
H1140TS003_1 0.68728 0.5254 2702 351
H1140TS367_4 0.68728 0.5254 2702 351
H1142TS225_5 0.68934 0.52477 2688 347
T1121TS150_1o 0.68564 0.52697 6060 762
H1141TS248_5 0.68474 0.52891 2678 346
H1141TS035_5 0.68474 0.52891 2678 346
T1124TS374_5o 0.68666 0.52549 5924 768
T1124TS278_1o 0.69377 0.52378 5924 768
T1127TS165_4o 0.68167 0.55177 3400 422
H1140TS158_3 0.68878 0.52455 2702 351
H1144TS367_2 0.68851 0.52477 2641 341
T1124TS374_2o 0.69292 0.52377 5924 768
H1141TS444_5 0.68293 0.53557 2676 346
H1143TS447_4 0.68513 0.52757 2718 350
T1110TS248_4o 0.69403 0.52358 3446 454
T1110TS035_4o 0.69403 0.52358 3446 454
H1144TS158_3 0.68944 0.52438 2641 341
H1144TS086_5 0.68944 0.52438 2641 341
H1144TS003_3 0.68944 0.52438 2641 341
H1140TS444_3 0.68243 0.53867 2700 351
T1110TS091_2o 0.68686 0.52524 3444 454
H1140TS187_2 0.68845 0.52448 2700 351
T1121TS158_3o 0.68494 0.52778 6060 762
T1121TS086_4o 0.68494 0.52778 6060 762
T1127TS188_1o 0.68128 0.55998 3399 422
T1178TS185_3o 0.68126 0.56036 4890 612
H1140TS278_1 0.69035 0.52387 2702 351
H1141TS348_2 0.68776 0.52472 2676 346
H1142TS098_4 0.68613 0.52553 2689 347
H1140TS423_4 0.68908 0.52419 2700 351
H1140TS187_5 0.68908 0.52419 2700 351
T1178TS298_3o 0.68073 0.57096 4890 612
T1121TS444_2o 0.68247 0.53677 6058 762
T1187TS314_2o 0.68273 0.53517 2704 332
H1141TS071_2 0.68532 0.52692 2676 346
T1121TS390_1o 0.68533 0.52671 6060 762
T1121TS360_4o 0.68533 0.52671 6060 762
T1121TS320_1o 0.68533 0.52671 6060 762
T1121TS314_2o 0.68533 0.52671 6060 762
T1121TS119_3o 0.68539 0.52669 6060 762
H1143TS073_3 0.69239 0.52341 2716 350
H1140TS385_1 0.69005 0.52381 2702 351
H1140TS245_1 0.69005 0.52381 2702 351
H1141TS461_5 0.68984 0.52381 2678 346
H1141TS446_5 0.68984 0.52381 2678 346
H1140TS180_1 0.68991 0.52378 2702 351
H1140TS239_3 0.68545 0.52594 2700 351
H1140TS444_4 0.68968 0.52378 2700 351
H1142TS180_5 0.69074 0.52348 2689 347
H1144TS462_2 0.69005 0.52359 2641 341
H1141TS245_4 0.6928 0.52329 2678 346
H1141TS288_3 0.68753 0.5244 2675 346
H1141TS180_3 0.68495 0.52695 2678 346
H1141TS071_4 0.68498 0.52687 2676 346
H1141TS423_2 0.68507 0.52649 2676 346
H1141TS187_2 0.68507 0.52649 2676 346
H1142TS493_5 0.68368 0.53081 2687 347
T1178TS150_1o 0.68026 0.57877 4890 612
T1187TS493_1o 0.68096 0.55907 2702 332
T1124TS073_1o 0.68404 0.5296 5922 768
T1178TS360_2o 0.68032 0.57595 4890 612
T1187TS494_5o 0.68109 0.55427 2704 332
H1141TS169_2 0.68588 0.52521 2678 346
H1141TS434_4 0.68543 0.52567 2678 346
H1141TS011_4 0.68543 0.52567 2678 346
T1178TS360_4o 0.68007 0.5805 4890 612
H1141TS071_5 0.68568 0.52526 2676 346
H1141TS441_1 0.68352 0.53081 2676 346
H1141TS433_1 0.68352 0.53081 2676 346
H1140TS131_3 0.68319 0.53144 2702 351
H1141TS298_3 0.68454 0.52735 2678 346
H1144TS367_5 0.68755 0.52405 2641 341
H1144TS086_2 0.68755 0.52405 2641 341
T1178TS119_4o 0.68009 0.57867 4890 612
T1178TS278_3o 0.68004 0.57843 4890 612
T1178TS071_4o 0.6803 0.5714 4887 612
T1178TS071_1o 0.68026 0.57277 4888 612
H1144TS462_3 0.68713 0.52408 2641 341
H1141TS215_1 0.68673 0.52414 2678 346
T1124TS367_4o 0.69714 0.52277 5924 768
H1141TS225_5 0.68804 0.52346 2678 346
T1187TS304_1o 0.6804 0.56396 2704 332
T1187TS248_1o 0.6804 0.56396 2704 332
T1187TS046_1o 0.6804 0.56396 2704 332
T1187TS035_1o 0.6804 0.56396 2704 332
T1127TS071_4o 0.68054 0.56062 3398 422
H1141TS150_3 0.68454 0.52692 2678 346
H1140TS086_2 0.68714 0.52387 2702 351
T1187TS147_1o 0.68162 0.53914 2704 332
H1140TS098_1 0.68548 0.5252 2702 351
H1140TS188_1 0.68548 0.5252 2702 351
H1142TS180_4 0.68868 0.52331 2689 347
H1144TS462_1 0.68766 0.52345 2641 341
H1143TS225_3 0.68675 0.52384 2718 350
H1140TS397_3 0.68746 0.52348 2680 348
H1143TS314_5 0.68668 0.52381 2718 350
T1187TS312_4o 0.68087 0.55183 2669 327
T1124TS073_4o 0.68585 0.52445 5922 768
T1178TS150_4o 0.67958 0.58423 4890 612
T1161TS037_5o 0.69382 0.52258 720 96
T1121TS150_2o 0.68456 0.52585 6060 762
H1141TS390_5 0.68428 0.5266 2678 346
H1141TS320_5 0.68428 0.5266 2678 346
T1179TS278_1o 0.68054 0.55526 4148 522
T1121TS399_4o 0.68421 0.52705 6060 762
T1121TS125_4o 0.68421 0.52705 6060 762
T1121TS054_4o 0.68421 0.52705 6060 762
H1144TS462_5 0.68773 0.52333 2641 341
T1121TS158_2o 0.68442 0.52587 6060 762
T1121TS086_2o 0.68442 0.52587 6060 762
H1141TS180_4 0.68689 0.52342 2678 346
H1141TS314_3 0.69081 0.52275 2674 345
T1178TS185_1o 0.67986 0.56956 4890 612
T1178TS439_2o 0.68011 0.56336 4794 612
T1178TS239_2o 0.68011 0.56336 4794 612
T1178TS229_2o 0.68011 0.56336 4794 612
H1140TS011_5 0.68599 0.52413 2702 351
H1140TS434_5 0.68599 0.52413 2702 351
T1187TS147_3o 0.68038 0.55723 2704 332
H1140TS071_1 0.68356 0.5286 2700 351
T1113TS201_1o 0.68368 0.52811 3090 386
T1124TS185_4o 0.6897 0.52277 5922 768
T1121TS003_3o 0.68418 0.52601 6060 762
T1127TS073_5o 0.68061 0.55043 3398 422
H1140TS423_2 0.68586 0.5239 2700 351
H1140TS187_3 0.68586 0.5239 2700 351
T1187TS291_5o 0.68137 0.53846 2702 332
T1127TS046_2o 0.68105 0.5421 3400 422
T1187TS312_5o 0.68071 0.54608 2669 327
T1121TS494_1o 0.68427 0.52565 6060 762
T1124TS185_1o 0.68727 0.52314 5922 768
T1124TS185_3o 0.68747 0.52304 5922 768
T1127TS291_3o 0.6805 0.5503 3398 422
T1127TS423_1o 0.6799 0.56089 3398 422
T1127TS187_1o 0.6799 0.56089 3398 422
H1140TS441_5 0.6832 0.52846 2702 351
H1140TS433_5 0.6832 0.52846 2702 351
H1143TS185_1 0.68468 0.52501 2716 350
H1141TS248_3 0.68531 0.52421 2678 346
H1141TS035_3 0.68531 0.52421 2678 346
H1140TS239_2 0.68539 0.52419 2700 351
T1121TS360_5o 0.68407 0.52576 6060 762
T1121TS423_1o 0.69086 0.52242 6058 762
T1121TS187_1o 0.69086 0.52242 6058 762
H1144TS462_4 0.6867 0.52306 2641 341
T1127TS304_2o 0.68057 0.54505 3400 422
T1127TS248_2o 0.68057 0.54505 3400 422
T1187TS447_2o 0.68099 0.53944 2704 332
T1178TS360_1o 0.67905 0.58339 4890 612
H1141TS071_1 0.68386 0.52596 2676 346
T1124TS185_2o 0.68965 0.52245 5922 768
T1187TS350_3o 0.68413 0.52564 2702 332
H1144TS461_5 0.68814 0.52263 2641 341
H1144TS446_5 0.68814 0.52263 2641 341
T1121TS423_3o 0.68417 0.5254 6058 762
T1121TS187_3o 0.68417 0.5254 6058 762
H1142TS434_4 0.68519 0.52393 2689 347
H1142TS227_4 0.68519 0.52393 2689 347
H1142TS011_4 0.68519 0.52393 2689 347
T1178TS119_3o 0.67924 0.57366 4890 612
T1113TS461_4o 0.68313 0.52768 3088 386
T1113TS446_4o 0.68313 0.52768 3088 386
T1121TS180_1o 0.68334 0.52731 6060 762
H1141TS434_3 0.68613 0.52309 2678 346
H1141TS011_3 0.68613 0.52309 2678 346
T1187TS185_3o 0.67975 0.55677 2702 332
T1178TS278_5o 0.67902 0.57792 4890 612
H1144TS461_1 0.68613 0.52303 2641 341
H1144TS446_1 0.68613 0.52303 2641 341
H1144TS092_1 0.68458 0.52454 2639 341
T1121TS288_3o 0.68447 0.52477 6058 762
H1140TS125_3 0.68548 0.52336 2702 351
H1140TS054_3 0.68548 0.52336 2702 351
H1140TS399_3 0.68548 0.52336 2702 351
T1127TS046_4o 0.68037 0.54393 3400 422
T1127TS035_4o 0.68037 0.54393 3400 422
H1141TS185_5 0.68574 0.52309 2676 346
H1140TS071_5 0.68372 0.52552 2700 351
H1141TS399_1 0.68459 0.52439 2678 346
H1141TS125_1 0.68459 0.52439 2678 346
H1141TS054_1 0.68459 0.52439 2678 346
H1140TS180_2 0.6883 0.5224 2702 351
T1109TS248_4o 0.69255 0.52175 3440 454
T1109TS035_3o 0.69255 0.52175 3440 454
H1142TS288_3 0.68591 0.52304 2686 347
T1127TS035_2o 0.68016 0.54494 3400 422
T1121TS278_2o 0.68424 0.5248 6060 762
T1121TS003_4o 0.68369 0.52548 6060 762
T1127TS188_2o 0.67919 0.56587 3399 422
T1123TS348_1o 0.67869 0.57665 4178 532
H1140TS003_2 0.6847 0.52378 2702 351
H1144TS444_3 0.68481 0.52362 2639 341
H1141TS150_5 0.688 0.5223 2678 346
T1113TS119_5o 0.68254 0.52839 3088 386
H1141TS399_2 0.68624 0.52256 2678 346
H1141TS125_2 0.68624 0.52256 2678 346
H1141TS054_2 0.68624 0.52256 2678 346
T1121TS158_1o 0.68401 0.5251 6060 762
T1121TS086_1o 0.68401 0.5251 6060 762
T1113TS461_2o 0.68252 0.52836 3088 386
T1113TS446_2o 0.68252 0.52836 3088 386
T1161TS248_1o 0.69555 0.52138 720 96
T1124TS447_1o 0.69533 0.52139 5924 768
H1144TS150_2 0.68745 0.52227 2641 341
H1141TS239_4 0.68455 0.52385 2675 346
T1121TS119_2o 0.68308 0.52583 6060 762
H1143TS225_5 0.68974 0.52173 2718 350
T1121TS390_3o 0.68312 0.52579 6060 762
T1121TS320_3o 0.68312 0.52579 6060 762
T1121TS298_2o 0.68383 0.52494 6060 762
T1187TS423_2o 0.67994 0.54462 2702 332
T1187TS187_2o 0.67994 0.54462 2702 332
H1144TS188_2 0.68602 0.52255 2641 341
H1144TS098_2 0.68602 0.52255 2641 341
T1121TS398_3o 0.68433 0.52389 6060 762
T1121TS367_4o 0.68318 0.52569 6060 762
H1142TS423_1 0.68627 0.52242 2687 347
H1142TS187_1 0.68627 0.52242 2687 347
H1141TS434_1 0.68568 0.52263 2678 346
H1141TS011_1 0.68568 0.52263 2678 346
H1143TS439_5 0.69066 0.52149 2668 350
H1144TS390_2 0.68729 0.52219 2641 341
H1144TS320_2 0.68729 0.52219 2641 341
H1144TS444_1 0.68243 0.52757 2639 341
T1121TS423_2o 0.68348 0.52523 6058 762
T1121TS187_2o 0.68348 0.52523 6058 762
H1144TS225_2 0.68814 0.52196 2641 341
T1187TS291_2o 0.68116 0.5329 2702 332
H1141TS360_2 0.68773 0.52206 2678 346
T1123TS037_2o 0.67798 0.59499 4180 532
H1143TS073_1 0.69937 0.52085 2716 350
T1178TS350_1o 0.67877 0.56219 4888 612
T1178TS291_1o 0.67877 0.56219 4888 612
T1187TS037_4o 0.67901 0.55955 2704 332
T1153TS447_2o 0.68186 0.5297 4642 598
H1142TS150_2 0.68369 0.52455 2689 347
T1178TS169_2o 0.67839 0.56945 4890 612
T1178TS098_1o 0.67839 0.56945 4890 612
T1178TS187_4o 0.67839 0.5688 4888 612
H1141TS314_2 0.6818 0.52992 2674 345
H1144TS434_2 0.68955 0.52143 2641 341
H1144TS011_2 0.68955 0.52143 2641 341
T1113TS201_2o 0.68268 0.52588 3090 386
T1121TS462_5o 0.68352 0.5249 6060 762
H1144TS374_2 0.69478 0.52076 2641 341
H1142TS398_5 0.68293 0.52534 2688 347
T1127TS158_5o 0.67906 0.55465 3400 422
T1127TS086_5o 0.67906 0.55465 3400 422
H1144TS188_1 0.6861 0.52221 2641 341
H1144TS098_1 0.6861 0.52221 2641 341
H1142TS390_3 0.68362 0.52441 2689 347
H1142TS320_3 0.68362 0.52441 2689 347
H1142TS278_2 0.68306 0.52521 2689 347
H1140TS150_1 0.68549 0.52245 2702 351
H1140TS390_1 0.68549 0.52245 2702 351
H1140TS320_1 0.68549 0.52245 2702 351
T1121TS180_2o 0.68279 0.52548 6060 762
H1140TS037_5 0.69888 0.52066 2702 351
H1140TS169_1 0.68554 0.52241 2702 351
T1121TS003_5o 0.68366 0.52426 6060 762
T1127TS439_4o 0.67855 0.5607 3340 422
T1121TS462_1o 0.68336 0.52463 6060 762
H1142TS461_4 0.68358 0.52437 2689 347
H1142TS446_4 0.68358 0.52437 2689 347
T1124TS147_3o 0.70196 0.52059 5924 768
H1144TS398_5 0.6862 0.52188 2641 341
T1121TS169_5o 0.68266 0.52531 6060 762
T1121TS461_1o 0.68231 0.5263 6060 762
T1121TS446_1o 0.68231 0.5263 6060 762
T1121TS180_3o 0.68231 0.52629 6060 762
T1121TS447_4o 0.69354 0.52062 6060 762
T1124TS304_1o 0.69431 0.52059 5922 768
T1124TS248_1o 0.69431 0.52059 5922 768
H1141TS390_3 0.68303 0.52477 2678 346
H1141TS320_3 0.68303 0.52477 2678 346
T1121TS348_2o 0.6824 0.52562 6058 762
T1121TS298_3o 0.68358 0.52366 6060 762
H1141TS150_2 0.68293 0.52461 2678 346
T1109TS423_2o 0.68114 0.53101 3438 454
T1109TS187_2o 0.68114 0.53101 3438 454
H1141TS188_2 0.68554 0.52188 2678 346
H1141TS169_5 0.68554 0.52188 2678 346
H1141TS169_4 0.68554 0.52188 2678 346
H1141TS098_1 0.68554 0.52188 2678 346
H1142TS477_1 0.68188 0.52728 2687 347
H1142TS037_3 0.68874 0.52081 2689 347
H1141TS348_1 0.68286 0.52441 2676 346
H1143TS439_1 0.69016 0.52058 2668 350
T1121TS185_4o 0.68119 0.53046 6058 762
H1141TS461_1 0.68436 0.52264 2678 346
H1141TS446_1 0.68436 0.52264 2678 346
T1121TS298_1o 0.68274 0.52442 6060 762
H1141TS071_3 0.68231 0.52524 2676 346
H1140TS225_5 0.69399 0.52019 2702 351
H1144TS037_2 0.68436 0.52251 2641 341
H1142TS278_1 0.68488 0.5221 2689 347
T1178TS441_3o 0.67813 0.55804 4890 612
T1178TS433_3o 0.67813 0.55804 4890 612
H1141TS360_3 0.68617 0.52124 2678 346
H1141TS298_2 0.68617 0.52124 2678 346
H1142TS003_3 0.68334 0.52331 2689 347
T1121TS169_2o 0.6824 0.52481 6060 762
T1113TS461_1o 0.68109 0.52988 3088 386
T1113TS446_1o 0.68109 0.52988 3088 386
T1121TS158_4o 0.68235 0.52484 6060 762
T1121TS086_3o 0.68235 0.52484 6060 762
H1140TS073_5 0.69375 0.52 2700 351
T1121TS360_1o 0.68251 0.52416 6060 762
T1121TS278_4o 0.68154 0.52769 6060 762
T1178TS348_3o 0.6778 0.56331 4888 612
H1144TS390_1 0.68417 0.52241 2641 341
H1144TS360_5 0.68417 0.52241 2641 341
H1144TS320_1 0.68417 0.52241 2641 341
H1144TS150_1 0.68417 0.52241 2641 341
H1140TS298_4 0.68358 0.52295 2702 351
T1123TS399_5o 0.67724 0.5811 4178 532
T1123TS125_5o 0.67724 0.5811 4178 532
T1123TS054_5o 0.67724 0.5811 4178 532
T1178TS374_4o 0.67733 0.57964 4890 612
T1187TS304_4o 0.68156 0.52726 2704 332
T1187TS248_4o 0.68156 0.52726 2704 332
T1187TS046_4o 0.68156 0.52726 2704 332
T1187TS035_4o 0.68156 0.52726 2704 332
H1144TS461_2 0.68649 0.52067 2641 341
H1144TS446_2 0.68649 0.52067 2641 341
H1144TS180_2 0.68547 0.52107 2641 341
T1121TS205_3o 0.68233 0.52404 6060 762
T1178TS439_5o 0.67738 0.57334 4794 612
T1178TS239_5o 0.67738 0.57334 4794 612
T1178TS229_5o 0.67738 0.57334 4794 612
T1121TS447_2o 0.68487 0.52145 6060 762
H1144TS461_4 0.68826 0.52035 2641 341
H1144TS446_4 0.68826 0.52035 2641 341
T1113TS278_1o 0.68166 0.52569 3090 386
T1179TS278_2o 0.67854 0.54151 4148 522
T1121TS187_4o 0.68243 0.52354 6058 762
T1127TS119_1o 0.67774 0.5587 3398 422
T1121TS098_2o 0.68216 0.52411 6060 762
T1113TS119_2o 0.68079 0.52962 3088 386
H1140TS131_2 0.68393 0.52224 2702 351
T1121TS298_4o 0.6838 0.5224 6060 762
T1127TS158_2o 0.67791 0.55313 3400 422
T1127TS086_2o 0.67791 0.55313 3400 422
T1127TS003_2o 0.67791 0.55313 3400 422
H1144TS086_3 0.68482 0.52136 2641 341
H1144TS003_4 0.68482 0.52136 2641 341
T1127TS158_1o 0.67786 0.55352 3400 422
T1127TS086_1o 0.67786 0.55352 3400 422
T1127TS003_1o 0.67786 0.55352 3400 422
H1144TS073_1 0.68572 0.52063 2639 341
H1140TS423_1 0.68305 0.52291 2700 351
H1140TS187_1 0.68305 0.52291 2700 351
T1127TS073_1o 0.67805 0.54668 3398 422
T1121TS494_5o 0.68146 0.52676 6058 762
T1121TS390_4o 0.68165 0.52524 6060 762
T1121TS320_4o 0.68165 0.52524 6060 762
H1142TS185_5 0.68134 0.52695 2687 347
T1123TS248_2o 0.67665 0.59525 4180 532
T1127TS158_3o 0.67779 0.55262 3400 422
T1127TS086_3o 0.67779 0.55262 3400 422
T1187TS493_2o 0.67792 0.55023 2702 332
H1140TS003_4 0.68502 0.52083 2702 351
H1140TS367_2 0.68502 0.52083 2702 351
T1178TS150_5o 0.67688 0.57817 4890 612
H1144TS447_3 0.69183 0.51949 2641 341
T1121TS037_4o 0.67996 0.53163 6060 762
H1142TS298_1 0.68413 0.52176 2689 347
T1121TS165_1o 0.68196 0.52407 6060 762
T1178TS298_1o 0.67673 0.57977 4890 612
T1178TS441_1o 0.67739 0.55963 4890 612
T1178TS433_1o 0.67739 0.55963 4890 612
H1141TS398_1 0.68202 0.52346 2677 346
H1144TS150_3 0.6845 0.52126 2641 341
H1143TS439_3 0.68736 0.52005 2668 350
H1143TS239_2 0.68736 0.52005 2668 350
T1178TS493_1o 0.67644 0.58359 4888 612
T1109TS494_4o 0.68429 0.52137 3440 454
T1121TS003_2o 0.68345 0.5222 6060 762
T1121TS360_3o 0.68214 0.52331 6060 762
H1140TS298_2 0.6876 0.51996 2702 351
T1127TS071_3o 0.67739 0.55665 3398 422
H1140TS180_5 0.68539 0.52046 2702 351
T1121TS462_4o 0.68183 0.52385 6060 762
H1144TS374_5 0.68662 0.52005 2641 341
H1141TS180_5 0.68193 0.52342 2678 346
T1127TS158_4o 0.67758 0.55032 3400 422
T1127TS086_4o 0.67758 0.55032 3400 422
T1113TS461_3o 0.68144 0.5253 3088 386
T1113TS446_3o 0.68144 0.5253 3088 386
H1140TS397_5 0.68461 0.52075 2679 348
T1127TS423_5o 0.6773 0.55767 3398 422
T1127TS187_5o 0.6773 0.55767 3398 422
T1178TS248_5o 0.67633 0.58035 4890 612
T1178TS035_5o 0.67633 0.58035 4890 612
H1144TS434_3 0.68521 0.5204 2641 341
H1144TS011_3 0.68521 0.5204 2641 341
T1123TS035_4o 0.67612 0.58374 4180 532
H1141TS399_4 0.68361 0.52169 2678 346
H1141TS125_4 0.68361 0.52169 2678 346
H1141TS054_4 0.68361 0.52169 2678 346
H1141TS461_2 0.68422 0.52111 2678 346
H1141TS446_2 0.68422 0.52111 2678 346
H1140TS092_1 0.68167 0.52383 2700 351
T1124TS073_2o 0.68315 0.52219 5922 768
H1140TS215_5 0.68305 0.52225 2702 351
T1121TS348_4o 0.68157 0.5245 6058 762
T1121TS248_2o 0.68202 0.52317 6060 762
T1121TS035_2o 0.68202 0.52317 6060 762
T1187TS122_2o 0.67761 0.54493 2704 332
T1121TS185_3o 0.67966 0.53135 6058 762
H1142TS434_3 0.68126 0.5252 2689 347
H1142TS227_3 0.68126 0.5252 2689 347
H1142TS011_3 0.68126 0.5252 2689 347
H1144TS390_3 0.68414 0.52105 2641 341
H1144TS320_3 0.68414 0.52105 2641 341
T1127TS447_1o 0.67819 0.53754 3400 422
T1178TS399_1o 0.67627 0.57642 4890 612
T1178TS125_1o 0.67627 0.57642 4890 612
T1178TS054_1o 0.67627 0.57642 4890 612
T1127TS131_1o 0.67705 0.56013 3400 422
T1178TS399_3o 0.67603 0.57954 4890 612
T1178TS125_3o 0.67603 0.57954 4890 612
T1178TS054_3o 0.67603 0.57954 4890 612
T1187TS122_5o 0.67758 0.54492 2704 332
H1141TS298_4 0.68513 0.52017 2678 346
T1121TS367_5o 0.68196 0.52316 6060 762
T1121TS374_4o 0.68092 0.52573 6060 762
H1144TS185_5 0.68201 0.52297 2639 341
T1178TS348_5o 0.67595 0.57726 4888 612
H1144TS374_1 0.69206 0.51879 2641 341
T1121TS390_2o 0.68098 0.52531 6060 762
T1121TS320_2o 0.68098 0.52531 6060 762
H1144TS131_2 0.6836 0.52127 2641 341
H1143TS239_1 0.68862 0.51937 2668 350
H1144TS312_2 0.68305 0.52175 2583 334
H1141TS097_4 0.68354 0.52127 2678 346
T1121TS158_5o 0.68161 0.52337 6060 762
T1121TS086_5o 0.68161 0.52337 6060 762
T1178TS350_4o 0.67735 0.54539 4888 612
T1178TS291_4o 0.67735 0.54539 4888 612
T1113TS071_1o 0.67983 0.52977 3088 386
H1144TS180_3 0.68551 0.51982 2641 341
H1142TS150_3 0.68342 0.52125 2689 347
H1141TS158_2 0.68248 0.52223 2678 346
H1141TS086_2 0.68248 0.52223 2678 346
T1127TS131_5o 0.67663 0.5607 3400 422
H1141TS133_5 0.68419 0.52059 2678 346
H1142TS298_4 0.68239 0.52225 2689 347
H1142TS390_4 0.68335 0.52113 2689 347
H1142TS320_4 0.68335 0.52113 2689 347
T1153TS398_5o 0.67753 0.54056 4639 598
H1141TS367_5 0.6857 0.51965 2678 346
H1141TS360_1 0.68694 0.5194 2678 346
T1127TS188_3o 0.67658 0.55882 3399 422
H1144TS119_3 0.68347 0.52097 2639 341
T1178TS493_5o 0.67578 0.57582 4888 612
T1121TS399_1o 0.68069 0.52569 6060 762
T1121TS125_1o 0.68069 0.52569 6060 762
T1121TS054_1o 0.68069 0.52569 6060 762
H1142TS367_1 0.68464 0.52012 2689 347
H1142TS158_2 0.68464 0.52012 2689 347
H1142TS003_4 0.68464 0.52012 2689 347
T1121TS298_5o 0.682 0.52253 6060 762
H1144TS180_4 0.68389 0.52062 2641 341
T1178TS494_1o 0.67564 0.58034 4890 612
H1141TS205_5 0.68119 0.52412 2678 346
H1142TS278_5 0.68435 0.52033 2689 347
H1144TS494_4 0.68318 0.52101 2641 341
H1143TS248_3 0.67981 0.52897 2718 350
H1143TS035_3 0.67981 0.52897 2718 350
T1113TS278_4o 0.67993 0.52876 3090 386
H1142TS215_4 0.6837 0.52066 2689 347
T1153TS447_5o 0.67872 0.53256 4642 598
T1153TS447_3o 0.67872 0.53256 4642 598
T1121TS444_5o 0.67913 0.53132 6058 762
H1141TS441_5 0.68164 0.52285 2678 346
H1141TS433_5 0.68164 0.52285 2678 346
T1127TS119_3o 0.67616 0.55876 3398 422
H1141TS073_3 0.69463 0.51845 2676 346
H1140TS360_4 0.68466 0.51991 2702 351
T1121TS398_5o 0.68219 0.52211 6059 762
T1178TS494_3o 0.67565 0.57169 4890 612
T1121TS367_2o 0.68076 0.52513 6060 762
H1143TS350_1 0.69139 0.51854 2716 350
T1121TS150_5o 0.68089 0.52445 6060 762
H1141TS097_5 0.68386 0.52055 2678 346
T1127TS119_5o 0.67607 0.55846 3398 422
H1140TS169_3 0.6847 0.51987 2702 351
T1121TS180_4o 0.68097 0.52417 6060 762
T1113TS035_1o 0.6805 0.52538 3088 386
T1178TS205_2o 0.67544 0.57794 4890 612
T1113TS462_4o 0.68083 0.52444 3090 386
T1121TS367_3o 0.68194 0.5222 6060 762
H1140TS215_4 0.68047 0.52528 2702 351
T1121TS131_2o 0.68085 0.52419 6060 762
H1141TS239_3 0.68279 0.52086 2676 346
H1141TS245_2 0.6849 0.51953 2678 346
T1121TS398_1o 0.68294 0.52072 6060 762
H1140TS298_3 0.68573 0.51924 2702 351
H1140TS205_5 0.68018 0.52603 2702 351
H1140TS390_3 0.68459 0.51974 2702 351
H1140TS320_3 0.68459 0.51974 2702 351
T1121TS399_2o 0.68149 0.52305 6060 762
T1121TS125_2o 0.68149 0.52305 6060 762
T1121TS054_2o 0.68149 0.52305 6060 762
H1140TS150_2 0.6846 0.51967 2702 351
H1140TS245_2 0.68716 0.51878 2702 351
H1142TS374_1 0.68045 0.52516 2689 347
H1142TS348_1 0.68292 0.52062 2687 347
H1142TS092_1 0.68423 0.51984 2687 347
T1121TS374_3o 0.68154 0.52265 6060 762
T1178TS131_5o 0.67493 0.58216 4890 612
T1123TS374_2o 0.6749 0.58542 4180 532
T1187TS461_1o 0.67661 0.54452 2704 332
T1187TS446_1o 0.67661 0.54452 2704 332
T1187TS122_1o 0.67657 0.54473 2704 332
T1187TS122_3o 0.6765 0.54482 2704 332
T1187TS493_5o 0.67685 0.54088 2702 332
T1121TS360_2o 0.68096 0.52325 6060 762
H1141TS360_4 0.68457 0.51948 2678 346
H1141TS298_1 0.68457 0.51948 2678 346
H1141TS288_4 0.68166 0.52216 2676 346
H1144TS367_3 0.68324 0.52014 2641 341
T1113TS288_1o 0.6801 0.5257 3088 386
H1141TS390_1 0.68446 0.51943 2678 346
H1141TS320_1 0.68446 0.51943 2678 346
H1141TS165_2 0.68446 0.51943 2678 346
H1141TS150_1 0.68446 0.51943 2678 346
H1141TS434_5 0.68255 0.5206 2678 346
H1141TS227_5 0.68255 0.5206 2678 346
H1141TS011_5 0.68255 0.5206 2678 346
T1187TS185_2o 0.67583 0.54925 2702 332
H1140TS011_2 0.68107 0.52278 2702 351
H1140TS434_2 0.68107 0.52278 2702 351
T1178TS071_3o 0.6748 0.57687 4887 612
H1144TS314_5 0.68262 0.52042 2641 341
H1140TS348_2 0.68866 0.51837 2700 351
T1178TS188_4o 0.67489 0.56774 4890 612
H1141TS385_1 0.68764 0.51844 2678 346
H1141TS245_1 0.68764 0.51844 2678 346
H1141TS314_5 0.68393 0.51954 2678 346
H1141TS367_3 0.68425 0.51934 2678 346
H1141TS180_1 0.6832 0.5199 2678 346
H1141TS227_3 0.68508 0.51885 2678 346
H1141TS133_3 0.68508 0.51885 2678 346
H1140TS348_4 0.6807 0.52314 2700 351
T1113TS201_4o 0.68016 0.52399 3090 386
H1143TS147_4 0.68135 0.52218 2717 350
T1187TS122_4o 0.67576 0.54439 2704 332
T1178TS348_1o 0.67462 0.57034 4888 612
T1121TS399_3o 0.68163 0.52152 6060 762
T1121TS125_3o 0.68163 0.52152 6060 762
T1121TS054_3o 0.68163 0.52152 6060 762
H1141TS390_2 0.68312 0.51974 2678 346
H1141TS320_2 0.68312 0.51974 2678 346
H1140TS494_5 0.68246 0.52025 2702 351
T1121TS312_5o 0.68104 0.52238 6020 756
H1141TS239_5 0.68274 0.51992 2676 346
H1141TS131_3 0.68436 0.51888 2678 346
H1140TS180_4 0.68552 0.51847 2702 351
T1178TS165_5o 0.67439 0.57387 4890 612
T1178TS165_1o 0.67439 0.57387 4890 612
H1144TS461_3 0.68541 0.51847 2641 341
H1144TS446_3 0.68541 0.51847 2641 341
H1140TS086_1 0.68417 0.5189 2702 351
H1140TS003_5 0.68417 0.5189 2702 351
H1140TS367_1 0.68417 0.5189 2702 351
H1141TS185_2 0.68255 0.51991 2676 346
H1142TS390_2 0.68233 0.52008 2689 347
H1142TS320_2 0.68233 0.52008 2689 347
H1141TS225_2 0.68512 0.51851 2678 346
H1141TS158_1 0.68186 0.52056 2678 346
H1141TS086_1 0.68186 0.52056 2678 346
H1141TS003_1 0.68186 0.52056 2678 346
T1121TS205_1o 0.68169 0.52072 6060 762
T1127TS073_2o 0.67643 0.53599 3398 422
T1124TS278_3o 0.67954 0.52518 5924 768
H1141TS180_2 0.68124 0.52156 2678 346
T1121TS462_3o 0.68017 0.52313 6060 762
T1121TS248_3o 0.68031 0.523 6060 762
T1121TS035_3o 0.68031 0.523 6060 762
H1140TS367_5 0.68292 0.51939 2702 351
H1142TS390_1 0.68202 0.52013 2689 347
H1142TS320_1 0.68202 0.52013 2689 347
H1142TS150_1 0.68202 0.52013 2689 347
T1121TS188_4o 0.68053 0.52246 6060 762
T1121TS098_1o 0.68053 0.52246 6060 762
H1141TS288_2 0.6807 0.52219 2676 346
T1121TS312_4o 0.68108 0.52154 6028 758
T1123TS494_1o 0.67385 0.58786 3964 510
H1142TS298_2 0.6823 0.51964 2689 347
T1113TS201_3o 0.68081 0.52204 3090 386
H1140TS225_4 0.69215 0.51704 2702 351
H1142TS444_2 0.68068 0.52213 2687 347
H1140TS003_3 0.68387 0.51867 2702 351
H1140TS367_3 0.68387 0.51867 2702 351
H1140TS298_1 0.68282 0.51914 2702 351
H1144TS071_1 0.68012 0.52296 2638 341
H1142TS158_5 0.68176 0.52039 2689 347
H1140TS158_2 0.68291 0.51901 2702 351
H1141TS131_1 0.6854 0.51826 2678 346
H1144TS288_2 0.68591 0.51819 2639 341
H1141TS003_4 0.68359 0.51872 2678 346
H1144TS348_5 0.68354 0.51871 2639 341
H1142TS374_4 0.68995 0.51715 2689 347
T1121TS367_1o 0.68042 0.52235 6060 762
T1121TS348_3o 0.67954 0.52377 6058 762
T1178TS493_3o 0.67351 0.57881 4888 612
T1179TS185_4o 0.67453 0.5536 4148 522
T1153TS444_2o 0.67544 0.53869 4640 598
T1121TS461_3o 0.67841 0.52766 6060 762
T1121TS446_3o 0.67841 0.52766 6060 762
H1141TS188_3 0.68013 0.52254 2678 346
H1141TS098_3 0.68013 0.52254 2678 346
H1141TS374_4 0.68411 0.51844 2678 346
H1140TS011_3 0.68248 0.51914 2702 351
H1140TS434_3 0.68248 0.51914 2702 351
T1113TS185_2o 0.678 0.53005 3088 386
H1140TS239_4 0.67973 0.52317 2700 351
H1140TS133_5 0.68609 0.51802 2702 351
H1140TS227_5 0.68609 0.51802 2702 351
H1140TS158_5 0.68373 0.51851 2702 351
T1121TS288_4o 0.67927 0.5249 6058 762
H1141TS227_4 0.68198 0.51952 2678 346
H1141TS133_4 0.68198 0.51952 2678 346
H1144TS205_4 0.67922 0.52472 2641 341
H1140TS086_3 0.68371 0.51846 2702 351
H1141TS312_5 0.68419 0.51833 2664 344
T1187TS185_4o 0.67416 0.55551 2702 332
T1124TS119_1o 0.69814 0.51643 5922 768
T1127TS205_3o 0.67455 0.54724 3400 422
T1121TS312_2o 0.6812 0.52055 6024 757
T1178TS037_2o 0.67327 0.57306 4890 612
H1141TS348_5 0.68211 0.5193 2676 346
T1121TS348_1o 0.68019 0.52208 6058 762
T1178TS493_4o 0.67311 0.58945 4888 612
H1142TS434_2 0.6805 0.52146 2689 347
H1142TS227_2 0.6805 0.52146 2689 347
H1142TS011_2 0.6805 0.52146 2689 347
T1121TS288_2o 0.68038 0.52161 6058 762
H1140TS125_2 0.68151 0.52011 2702 351
H1140TS054_2 0.68151 0.52011 2702 351
H1140TS399_2 0.68151 0.52011 2702 351
H1144TS390_5 0.68152 0.52006 2641 341
H1144TS320_5 0.68152 0.52006 2641 341
H1142TS098_5 0.68218 0.51893 2689 347
H1144TS312_1 0.6815 0.51997 2635 340
T1113TS185_1o 0.6761 0.53356 3088 386
H1143TS205_5 0.68265 0.51861 2718 350
T1113TS169_1o 0.67608 0.53353 3088 386
H1141TS245_3 0.685 0.51785 2678 346
T1121TS312_1o 0.68098 0.52044 6024 757
H1142TS348_2 0.68164 0.51942 2687 347
T1178TS165_4o 0.67276 0.58211 4890 612
H1141TS119_3 0.68508 0.51772 2676 346
T1178TS350_2o 0.67398 0.55246 4888 612
T1178TS291_2o 0.67398 0.55246 4888 612
H1141TS239_2 0.68296 0.5184 2676 346
T1121TS169_4o 0.67994 0.52201 6060 762
T1121TS169_1o 0.67994 0.52201 6060 762
T1121TS098_3o 0.67994 0.52201 6060 762
H1140TS360_3 0.68162 0.51939 2702 351
H1141TS367_2 0.68318 0.51833 2678 346
H1140TS348_5 0.68273 0.51843 2700 351
H1141TS390_4 0.68203 0.5188 2678 346
H1141TS320_4 0.68203 0.5188 2678 346
T1121TS180_5o 0.67971 0.52236 6060 762
H1141TS439_5 0.6878 0.51686 2631 346
H1140TS397_2 0.68135 0.51962 2680 348
H1144TS071_2 0.68046 0.52074 2639 341
H1144TS071_3 0.6805 0.5207 2639 341
T1121TS165_3o 0.67995 0.52161 6060 762
H1144TS312_3 0.68051 0.52065 2635 340
H1141TS227_1 0.68301 0.51829 2678 346
H1141TS133_1 0.68301 0.51829 2678 346
T1113TS278_3o 0.67838 0.52523 3090 386
T1127TS350_2o 0.67412 0.54405 3398 422
H1144TS248_4 0.67862 0.52494 2641 341
H1144TS035_4 0.67862 0.52494 2641 341
H1142TS399_2 0.68305 0.51823 2689 347
H1142TS125_2 0.68305 0.51823 2689 347
H1142TS054_2 0.68305 0.51823 2689 347
T1178TS278_4o 0.67328 0.55839 4890 612
T1121TS185_2o 0.67583 0.53318 6058 762
T1121TS390_5o 0.67862 0.5248 6060 762
T1121TS320_5o 0.67862 0.5248 6060 762
H1141TS158_5 0.68191 0.51862 2678 346
H1141TS086_5 0.68191 0.51862 2678 346
H1141TS003_5 0.68191 0.51862 2678 346
T1121TS150_3o 0.6796 0.52238 6060 762
H1140TS423_3 0.68067 0.52038 2700 351
H1140TS187_4 0.68067 0.52038 2700 351
H1141TS312_1 0.68228 0.51842 2664 344
T1187TS185_1o 0.67315 0.5587 2702 332
H1140TS461_2 0.68775 0.51666 2702 351
H1140TS446_2 0.68775 0.51666 2702 351
T1121TS374_2o 0.67912 0.52316 6060 762
H1140TS461_3 0.68198 0.51855 2702 351
H1140TS446_3 0.68198 0.51855 2702 351
H1141TS312_3 0.68557 0.51702 2664 344
T1121TS248_5o 0.6805 0.52027 6060 762
T1121TS035_5o 0.6805 0.52027 6060 762
T1178TS188_2o 0.67283 0.5638 4890 612
H1141TS245_5 0.68559 0.51697 2678 346
H1140TS180_3 0.68253 0.51822 2702 351
T1121TS374_1o 0.67982 0.52141 6060 762
H1144TS257_3 0.67763 0.5283 2639 341
T1121TS037_2o 0.67949 0.52227 6060 762
H1140TS444_5 0.67737 0.52929 2700 351
H1141TS131_2 0.68345 0.51787 2678 346
H1144TS288_1 0.68149 0.51892 2639 341
H1141TS158_3 0.68178 0.51846 2678 346
H1141TS086_4 0.68178 0.51846 2678 346
H1141TS003_2 0.68178 0.51846 2678 346
H1144TS423_1 0.6852 0.51692 2639 341
H1144TS187_1 0.6852 0.51692 2639 341
T1178TS493_2o 0.67209 0.59326 4888 612
H1140TS215_3 0.68408 0.51744 2702 351
H1142TS037_1 0.68857 0.51627 2689 347
H1140TS169_2 0.68501 0.5169 2702 351
T1127TS350_5o 0.67354 0.54261 3398 422
T1127TS350_1o 0.67354 0.54261 3398 422
T1113TS439_2o 0.67943 0.52195 3070 386
H1141TS444_3 0.67927 0.52235 2676 346
H1140TS225_1 0.68975 0.51598 2702 351
T1179TS185_1o 0.67255 0.56088 4148 522
T1123TS494_4o 0.67204 0.57596 4180 532
H1140TS390_2 0.68484 0.51681 2702 351
H1140TS320_2 0.68484 0.51681 2702 351
H1140TS314_5 0.68484 0.51681 2702 351
T1178TS205_5o 0.67251 0.5573 4890 612
H1144TS348_2 0.68098 0.51884 2639 341
T1187TS312_3o 0.67314 0.54525 2669 327
T1127TS119_2o 0.67323 0.54252 3398 422
H1140TS150_5 0.67896 0.52262 2702 351
T1121TS278_3o 0.68278 0.5175 6060 762
T1113TS462_1o 0.67926 0.52178 3090 386
H1142TS169_5 0.68085 0.51889 2689 347
H1140TS314_4 0.67984 0.52035 2702 351
H1140TS119_5 0.6808 0.51895 2700 351
T1178TS298_5o 0.67196 0.56947 4890 612
H1142TS367_2 0.68121 0.51838 2689 347
H1141TS188_1 0.68235 0.51766 2678 346
H1141TS098_2 0.68235 0.51766 2678 346
H1141TS397_5 0.67946 0.52098 2656 343
T1127TS398_3o 0.67427 0.53519 3397 422
T1113TS185_3o 0.67718 0.52775 3088 386
H1144TS298_4 0.68322 0.51709 2641 341
T1179TS441_4o 0.67246 0.55111 4148 522
T1179TS433_4o 0.67246 0.55111 4148 522
H1140TS131_5 0.67811 0.52341 2702 351
T1121TS312_3o 0.67998 0.51946 6024 757
H1142TS494_3 0.67879 0.52212 2689 347
T1124TS046_5o 0.6882 0.51575 5922 768
T1124TS035_5o 0.6882 0.51575 5922 768
H1140TS119_3 0.67814 0.52327 2700 351
H1143TS097_5 0.68705 0.51578 2718 350
H1140TS348_3 0.68465 0.51638 2700 351
H1140TS360_1 0.67895 0.52159 2702 351
T1179TS119_2o 0.67273 0.54072 4148 522
T1153TS399_5o 0.6735 0.5366 4642 598
T1153TS125_5o 0.6735 0.5366 4642 598
T1153TS054_5o 0.6735 0.5366 4642 598
H1144TS147_3 0.67972 0.51949 2640 341
H1141TS423_3 0.68035 0.51858 2676 346
H1141TS187_4 0.68035 0.51858 2676 346
H1140TS205_4 0.68637 0.51591 2702 351
H1142TS367_4 0.67988 0.51913 2689 347
H1140TS205_1 0.68743 0.51567 2702 351
T1113TS201_5o 0.67806 0.52319 3090 386
H1144TS398_2 0.67793 0.52343 2640 341
H1142TS098_1 0.67956 0.51984 2689 347
H1141TS399_5 0.68406 0.5164 2678 346
H1141TS125_5 0.68406 0.5164 2678 346
H1141TS054_5 0.68406 0.5164 2678 346
H1144TS158_4 0.68163 0.51749 2641 341
H1144TS003_5 0.68163 0.51749 2641 341
T1127TS119_4o 0.67231 0.5438 3398 422
T1121TS494_2o 0.68179 0.51741 3826 488
T1113TS462_3o 0.67809 0.52297 3090 386
H1144TS367_4 0.6816 0.51741 2641 341
H1144TS158_2 0.6816 0.51741 2641 341
H1144TS086_1 0.6816 0.51741 2641 341
H1144TS003_2 0.6816 0.51741 2641 341
H1142TS248_4 0.67909 0.52057 2689 347
H1142TS035_4 0.67909 0.52057 2689 347
H1142TS185_4 0.67917 0.5204 2687 347
T1179TS441_3o 0.67201 0.54875 4148 522
T1179TS433_3o 0.67201 0.54875 4148 522
T1121TS119_1o 0.67794 0.52317 6060 762
H1142TS374_5 0.68183 0.51712 2689 347
T1124TS165_5o 0.68505 0.51592 5923 768
T1113TS278_2o 0.67697 0.52637 3090 386
H1141TS367_1 0.68261 0.51656 2678 346
T1121TS037_1o 0.67947 0.51954 6060 762
H1140TS360_2 0.67958 0.51937 2702 351
H1141TS360_5 0.6803 0.51833 2678 346
T1121TS131_1o 0.67786 0.52314 6060 762
T1113TS439_1o 0.67907 0.52039 3072 386
T1123TS248_4o 0.67148 0.55672 4180 532
T1123TS035_5o 0.67148 0.55672 4180 532
T1121TS374_5o 0.67759 0.52353 6060 762
H1144TS423_3 0.68133 0.5174 2639 341
H1144TS187_3 0.68133 0.5174 2639 341
H1142TS165_2 0.67737 0.52456 2689 347
H1144TS205_5 0.67744 0.52429 2641 341
T1124TS304_2o 0.68156 0.51713 5922 768
T1124TS248_2o 0.68156 0.51713 5922 768
T1127TS447_2o 0.67421 0.53304 3400 422
H1142TS248_1 0.67801 0.52252 2689 347
H1142TS035_1 0.67801 0.52252 2689 347
H1141TS119_1 0.68176 0.51686 2676 346
T1113TS423_2o 0.67832 0.52142 3088 386
T1113TS187_2o 0.67832 0.52142 3088 386
T1121TS423_5o 0.67839 0.52099 6058 762
T1124TS398_5o 0.68905 0.51518 5924 768
T1153TS298_5o 0.67265 0.5365 4642 598
H1142TS399_5 0.68098 0.51766 2689 347
H1142TS125_5 0.68098 0.51766 2689 347
H1142TS054_5 0.68098 0.51766 2689 347
H1142TS348_4 0.67992 0.51838 2687 347
T1113TS462_5o 0.67746 0.52368 3090 386
H1140TS035_3 0.68026 0.51819 2702 351
H1140TS248_3 0.68026 0.51819 2702 351
T1121TS169_3o 0.67747 0.52343 6060 762
H1143TS248_4 0.67675 0.52611 2718 350
H1143TS035_4 0.67675 0.52611 2718 350
H1142TS133_4 0.68113 0.51706 2689 347
H1144TS298_5 0.68478 0.51555 2641 341
T1121TS165_2o 0.67862 0.52043 6060 762
T1109TS398_4o 0.68831 0.51513 3438 454
H1140TS397_1 0.68037 0.51778 2680 348
H1143TS165_1 0.6822 0.51624 2718 350
H1140TS205_3 0.67796 0.52193 2702 351
H1140TS035_5 0.67908 0.5194 2702 351
H1140TS248_5 0.67908 0.5194 2702 351
H1144TS444_4 0.67784 0.52219 2639 341
H1140TS239_5 0.68081 0.51713 2699 351
T1153TS390_5o 0.673 0.53438 4642 598
T1153TS320_5o 0.673 0.53438 4642 598
T1124TS147_2o 0.68562 0.51538 5924 768
H1142TS131_4 0.67796 0.52163 2689 347
T1121TS462_2o 0.67831 0.52041 6060 762
T1153TS185_1o 0.67183 0.5397 4640 598
H1141TS227_2 0.68012 0.51775 2678 346
H1141TS133_2 0.68012 0.51775 2678 346
H1142TS423_4 0.68199 0.51621 2687 347
H1142TS187_4 0.68199 0.51621 2687 347
H1142TS003_2 0.67905 0.51899 2689 347
T1178TS165_3o 0.67063 0.57137 4889 612
T1153TS481_3o 0.67264 0.5347 4642 598
T1153TS188_3o 0.67264 0.5347 4642 598
T1153TS098_3o 0.67264 0.5347 4642 598
H1141TS239_1 0.68049 0.51694 2676 346
H1140TS133_1 0.68422 0.51543 2702 351
H1140TS227_1 0.68422 0.51543 2702 351
T1121TS423_4o 0.67912 0.51864 6058 762
T1121TS187_5o 0.67912 0.51864 6058 762
T1121TS288_1o 0.67998 0.51771 6058 762
H1144TS097_2 0.68768 0.51465 2641 341
H1140TS133_4 0.68012 0.51723 2702 351
H1140TS227_4 0.68012 0.51723 2702 351
T1153TS444_1o 0.67315 0.53308 4640 598
T1121TS248_1o 0.67818 0.52041 6060 762
T1121TS035_1o 0.67818 0.52041 6060 762
H1142TS390_5 0.67972 0.51777 2689 347
H1142TS320_5 0.67972 0.51777 2689 347
T1178TS169_3o 0.67073 0.55455 4890 612
T1178TS098_3o 0.67073 0.55455 4890 612
T1153TS278_2o 0.6726 0.53378 4642 598
H1141TS067_1 0.68261 0.51561 2676 346
H1140TS288_5 0.67953 0.5181 2700 351
H1140TS288_4 0.67953 0.5181 2700 351
H1140TS288_3 0.67953 0.5181 2700 351
H1140TS288_2 0.67953 0.5181 2700 351
H1140TS288_1 0.67953 0.5181 2700 351
T1187TS493_3o 0.67124 0.5415 2702 332
H1142TS360_3 0.68212 0.51584 2689 347
H1144TS312_5 0.67865 0.5189 2635 340
H1142TS374_3 0.68215 0.51571 2689 347
H1140TS071_3 0.67737 0.52206 2698 351
T1178TS390_5o 0.67019 0.58139 4890 612
T1178TS360_5o 0.67019 0.58139 4890 612
T1178TS320_5o 0.67019 0.58139 4890 612
T1178TS314_5o 0.67019 0.58139 4890 612
H1142TS131_2 0.67946 0.51797 2689 347
T1153TS374_3o 0.6712 0.53966 4642 598
H1142TS367_3 0.67934 0.51806 2689 347
H1142TS158_4 0.67934 0.51806 2689 347
T1113TS374_4o 0.67779 0.52028 3090 386
H1144TS073_3 0.68156 0.51577 2639 341
H1144TS188_4 0.67986 0.51667 2641 341
H1144TS169_1 0.67986 0.51667 2641 341
H1144TS098_4 0.67986 0.51667 2641 341
T1124TS304_3o 0.68946 0.5138 5922 768
T1124TS248_3o 0.68946 0.5138 5922 768
T1178TS185_4o 0.67052 0.55605 4890 612
T1124TS447_3o 0.68645 0.51416 5924 768
H1141TS073_4 0.67809 0.51936 2676 346
T1153TS360_1o 0.67211 0.53365 4642 598
H1144TS037_4 0.68214 0.51544 2641 341
H1140TS169_4 0.67811 0.51911 2702 351
H1142TS374_2 0.6847 0.51462 2689 347
T1121TS150_4o 0.67785 0.51967 6060 762
H1140TS390_4 0.67802 0.519 2702 351
H1140TS320_4 0.67802 0.519 2702 351
H1142TS119_3 0.67921 0.51754 2687 347
H1141TS188_5 0.67982 0.51641 2678 346
H1141TS073_2 0.68456 0.51459 2676 346
T1110TS147_4o 0.68367 0.515 3444 454
H1142TS071_2 0.67697 0.52185 2686 347
H1142TS278_4 0.68158 0.51544 2689 347
H1144TS131_3 0.68082 0.516 2641 341
H1140TS150_3 0.678 0.51897 2702 351
T1113TS374_3o 0.67672 0.52259 3090 386
T1153TS494_2o 0.67087 0.53846 4642 598
T1121TS185_1o 0.6755 0.52514 6058 762
H1141TS158_4 0.67961 0.51641 2678 346
H1141TS086_3 0.67961 0.51641 2678 346
H1141TS003_3 0.67961 0.51641 2678 346
T1121TS494_4o 0.67525 0.52572 6058 762
H1142TS462_2 0.67759 0.51976 2689 347
T1113TS439_4o 0.67788 0.51899 3072 386
T1113TS158_5o 0.6769 0.52163 3090 386
H1144TS374_4 0.68034 0.5161 2641 341
H1143TS205_2 0.67844 0.51816 2718 350
H1144TS441_2 0.68267 0.51506 2641 341
H1144TS433_2 0.68267 0.51506 2641 341
T1179TS073_1o 0.67028 0.55168 4146 522
T1121TS461_4o 0.6772 0.52075 6060 762
T1121TS446_4o 0.6772 0.52075 6060 762
T1127TS447_3o 0.67316 0.5311 3400 422
H1141TS367_4 0.68097 0.51547 2678 346
T1178TS205_3o 0.67046 0.54656 4890 612
H1143TS165_3 0.68149 0.51537 2717 350
T1161TS037_3o 0.68657 0.51366 720 96
H1142TS423_3 0.67753 0.51943 2687 347
H1142TS187_3 0.67753 0.51943 2687 347
T1121TS398_2o 0.67834 0.51804 6060 762
T1153TS461_1o 0.67087 0.53607 4642 598
T1153TS446_1o 0.67087 0.53607 4642 598
T1153TS119_4o 0.67087 0.53607 4642 598
H1142TS494_1 0.6768 0.52126 2689 347
T1179TS185_3o 0.67456 0.52749 4148 522
T1178TS439_4o 0.66989 0.5621 4794 612
T1178TS239_4o 0.66989 0.5621 4794 612
T1178TS229_4o 0.66989 0.5621 4794 612
H1141TS225_1 0.68034 0.51569 2678 346
H1141TS119_5 0.67895 0.51674 2676 346
T1179TS314_4o 0.67015 0.54914 4148 522
H1143TS493_1 0.6839 0.51415 2716 350
H1144TS447_4 0.68155 0.51515 2641 341
H1143TS350_3 0.68944 0.51287 2716 350
H1144TS131_4 0.68249 0.51453 2641 341
H1142TS298_3 0.67749 0.51885 2689 347
T1113TS150_3o 0.67513 0.52442 3090 386
H1144TS398_4 0.68119 0.51524 2640 341
H1140TS169_5 0.67962 0.51599 2702 351
T1113TS390_3o 0.67507 0.52429 3090 386
T1113TS320_3o 0.67507 0.52429 3090 386
T1113TS374_1o 0.67675 0.52055 3090 386
H1142TS086_4 0.67961 0.51587 2689 347
H1140TS397_4 0.67673 0.52065 2680 348
H1144TS423_2 0.68105 0.51502 2639 341
H1144TS187_2 0.68105 0.51502 2639 341
H1141TS447_5 0.68549 0.51344 2678 346
H1141TS097_2 0.68323 0.51404 2678 346
T1124TS447_2o 0.68283 0.51406 5924 768
T1153TS398_2o 0.67199 0.53173 4639 598
H1140TS298_5 0.67719 0.51897 2702 351
T1121TS444_3o 0.67491 0.52385 6058 762
T1121TS205_5o 0.67764 0.51826 6060 762
H1140TS150_4 0.67948 0.51571 2702 351
T1121TS147_2o 0.69018 0.5122 6060 762
T1121TS461_2o 0.67495 0.52374 6060 762
T1121TS446_2o 0.67495 0.52374 6060 762
T1113TS003_3o 0.67592 0.52159 3090 386
H1141TS298_5 0.67958 0.5156 2678 346
H1140TS073_1 0.68873 0.51264 2700 351
H1141TS248_4 0.67582 0.52182 2678 346
H1141TS035_4 0.67582 0.52182 2678 346
H1141TS131_5 0.67822 0.51696 2678 346
H1142TS494_5 0.67511 0.52338 2689 347
H1144TS390_4 0.67824 0.51681 2641 341
H1144TS385_1 0.67824 0.51681 2641 341
H1144TS320_4 0.67824 0.51681 2641 341
H1144TS245_1 0.67824 0.51681 2641 341
T1153TS158_5o 0.67099 0.53342 4642 598
T1178TS398_1o 0.6688 0.57869 4890 612
T1178TS165_2o 0.6688 0.57869 4890 612
H1141TS185_3 0.68044 0.51517 2676 346
H1140TS390_5 0.67936 0.51549 2702 351
H1140TS320_5 0.67936 0.51549 2702 351
T1178TS494_2o 0.66898 0.56671 4890 612
H1144TS158_1 0.67865 0.51616 2641 341
H1144TS086_4 0.67865 0.51616 2641 341
H1144TS003_1 0.67865 0.51616 2641 341
T1113TS071_5o 0.67498 0.5233 3088 386
H1144TS444_5 0.67571 0.52148 2639 341
T1121TS461_5o 0.67486 0.52337 6060 762
T1121TS446_5o 0.67486 0.52337 6060 762
T1127TS398_2o 0.67011 0.53845 3393 422
H1144TS165_4 0.67535 0.52254 2641 341
T1153TS188_2o 0.67059 0.53485 4642 598
T1153TS098_2o 0.67059 0.53485 4642 598
H1140TS035_4 0.67593 0.5207 2702 351
H1140TS248_4 0.67593 0.5207 2702 351
H1141TS185_1 0.67796 0.51677 2676 346
T1121TS119_5o 0.67484 0.52336 6060 762
T1113TS073_4o 0.67648 0.5196 3088 386
H1141TS423_1 0.68177 0.514 2676 346
H1141TS187_1 0.68177 0.514 2676 346
H1141TS348_3 0.68124 0.51424 2676 346
T1113TS348_1o 0.67564 0.52136 3088 386
T1153TS367_4o 0.67137 0.53203 4642 598
T1124TS185_5o 0.68215 0.51374 5922 768
H1143TS097_3 0.6854 0.51267 2718 350
T1178TS444_1o 0.66846 0.57784 4888 612
H1140TS011_4 0.68375 0.51314 2702 351
H1140TS434_4 0.68375 0.51314 2702 351
T1153TS131_2o 0.67048 0.53411 4642 598
T1153TS119_2o 0.67048 0.53411 4642 598
H1143TS350_2 0.68467 0.51266 2716 350
T1121TS037_5o 0.67581 0.51968 6060 762
T1121TS119_4o 0.67514 0.52166 6060 762
H1144TS360_1 0.68045 0.51433 2641 341
H1144TS298_1 0.68045 0.51433 2641 341
H1144TS227_2 0.67968 0.51473 2641 341
H1144TS133_2 0.67968 0.51473 2641 341
H1143TS314_3 0.67935 0.515 2718 350
T1110TS398_4o 0.6884 0.51158 3444 454
H1140TS439_3 0.68351 0.51288 2656 351
T1127TS205_2o 0.66919 0.54127 3400 422
T1113TS423_1o 0.67368 0.5256 3088 386
T1113TS187_1o 0.67368 0.5256 3088 386
T1153TS003_4o 0.66946 0.53774 4642 598
T1153TS360_2o 0.67037 0.53338 4642 598
T1153TS348_1o 0.67035 0.53339 4640 598
H1144TS131_5 0.67801 0.51577 2641 341
T1178TS169_1o 0.66819 0.56598 4890 612
T1178TS098_5o 0.66819 0.56598 4890 612
T1178TS098_2o 0.66819 0.56598 4890 612
H1142TS288_2 0.67891 0.51502 2687 347
T1113TS188_1o 0.67461 0.52249 3090 386
T1113TS169_3o 0.67461 0.52249 3090 386
T1113TS169_2o 0.67461 0.52249 3090 386
T1113TS098_5o 0.67461 0.52249 3090 386
T1113TS098_1o 0.67461 0.52249 3090 386
H1144TS248_5 0.67723 0.5165 2641 341
H1144TS035_5 0.67723 0.5165 2641 341
H1143TS119_4 0.68591 0.5117 2716 350
H1144TS257_4 0.67362 0.52512 2639 341
H1144TS071_4 0.67688 0.51742 2638 341
T1153TS444_3o 0.6708 0.5318 4640 598
T1113TS185_5o 0.67112 0.53119 3088 386
H1144TS225_4 0.68275 0.51245 2641 341
T1153TS348_2o 0.67092 0.53113 4640 598
H1140TS133_2 0.6797 0.51397 2702 351
H1140TS227_2 0.6797 0.51397 2702 351
T1113TS439_3o 0.67684 0.51699 3072 386
T1127TS073_4o 0.6722 0.52756 3398 422
H1141TS215_5 0.68258 0.51235 2678 346
T1153TS150_4o 0.67065 0.53189 4642 598
H1140TS098_3 0.68391 0.512 2702 351
T1121TS493_1o 0.67959 0.514 6058 762
T1187TS165_1o 0.66971 0.5345 2702 332
H1144TS348_1 0.68011 0.51366 2639 341
H1140TS133_3 0.68031 0.51361 2702 351
H1140TS227_3 0.68031 0.51361 2702 351
H1140TS477_1 0.67912 0.51414 2699 351
H1140TS374_5 0.68037 0.51339 2702 351
H1144TS360_2 0.67871 0.51449 2641 341
H1144TS298_2 0.67871 0.51449 2641 341
T1121TS248_4o 0.67423 0.52152 6060 762
T1121TS035_4o 0.67423 0.52152 6060 762
H1142TS462_4 0.67532 0.51876 2689 347
H1143TS493_2 0.68424 0.51158 2716 350
H1141TS493_5 0.67517 0.51887 2676 346
T1113TS131_1o 0.67477 0.51987 3090 386
T1113TS119_1o 0.67477 0.51987 3090 386
H1142TS423_2 0.67908 0.51392 2687 347
H1142TS187_2 0.67908 0.51392 2687 347
H1144TS188_3 0.6801 0.51314 2641 341
H1144TS169_2 0.6801 0.51314 2641 341
H1144TS098_3 0.6801 0.51314 2641 341
H1141TS441_4 0.67735 0.51574 2676 346
H1141TS433_4 0.67735 0.51574 2676 346
H1142TS097_2 0.68618 0.511 2689 347
H1142TS360_4 0.67594 0.51767 2689 347
H1140TS188_4 0.6785 0.51428 2701 351
H1140TS461_4 0.67825 0.51478 2702 351
H1140TS446_4 0.67825 0.51478 2702 351
H1140TS348_1 0.68359 0.51155 2700 351
T1153TS493_3o 0.66866 0.53854 4640 598
T1153TS037_2o 0.66923 0.53447 4642 598
T1153TS348_4o 0.67016 0.53228 4640 598
H1141TS169_1 0.67866 0.5141 2677 346
H1142TS248_3 0.67454 0.5199 2689 347
H1142TS035_3 0.67454 0.5199 2689 347
H1142TS003_1 0.67964 0.51331 2689 347
H1142TS169_2 0.67623 0.51648 2689 347
T1187TS304_3o 0.67345 0.52279 2704 332
T1187TS248_3o 0.67345 0.52279 2704 332
T1187TS046_3o 0.67345 0.52279 2704 332
T1187TS035_3o 0.67345 0.52279 2704 332
H1144TS494_5 0.67429 0.5202 2641 341
H1144TS257_5 0.67325 0.52295 2639 341
H1142TS215_3 0.67473 0.51911 2689 347
T1153TS185_2o 0.66842 0.53906 4640 598
T1124TS423_5o 0.69092 0.50981 5922 768
T1124TS187_5o 0.69092 0.50981 5922 768
T1153TS185_3o 0.66833 0.53977 4640 598
T1179TS314_1o 0.6685 0.53858 4148 522
H1142TS131_3 0.67485 0.51873 2689 347
H1144TS158_5 0.67856 0.51379 2641 341
H1144TS493_5 0.6732 0.52278 2639 341
H1142TS037_4 0.68101 0.51218 2689 347
H1157TS312_4 0.67395 0.52109 10087 1284
H1140TS086_4 0.6742 0.52018 2702 351
H1144TS434_1 0.67531 0.51832 2641 341
H1144TS011_1 0.67531 0.51832 2641 341
T1110TS147_2o 0.67834 0.51404 3444 454
T1160TS278_2o 0.71311 0.50921 716 96
T1113TS239_1o 0.67578 0.51691 3072 386
H1142TS360_1 0.67793 0.51449 2689 347
H1142TS298_5 0.67793 0.51449 2689 347
T1113TS298_1o 0.67405 0.52022 3090 386
H1140TS225_2 0.68517 0.51088 2702 351
H1142TS119_5 0.67483 0.51848 2687 347
H1142TS348_5 0.67835 0.51376 2687 347
H1144TS374_3 0.67905 0.51319 2641 341
T1153TS360_5o 0.66932 0.533 4642 598
H1144TS314_1 0.67383 0.52088 2641 341
T1113TS288_3o 0.67321 0.52137 3088 386
H1144TS169_3 0.67898 0.51295 2641 341
T1178TS225_2o 0.66721 0.57281 4890 612
H1141TS215_2 0.67902 0.51289 2678 346
T1153TS348_3o 0.66968 0.53199 4640 598
T1123TS374_4o 0.66712 0.58803 4180 532
T1187TS073_4o 0.67065 0.52931 2702 332
H1143TS239_4 0.68142 0.51141 2668 350
H1144TS257_2 0.67034 0.53012 2639 341
T1153TS367_5o 0.66953 0.53179 4642 598
H1141TS397_3 0.68275 0.511 2656 343
H1142TS073_2 0.67938 0.51223 2687 347
H1144TS227_1 0.67705 0.51531 2641 341
H1144TS133_1 0.67705 0.51531 2641 341
T1153TS367_3o 0.66937 0.53164 4642 598
T1113TS399_1o 0.67142 0.52634 3090 386
T1113TS054_1o 0.67142 0.52634 3090 386
T1123TS367_1o 0.66704 0.5689 4180 532
H1142TS494_4 0.67394 0.51873 2689 347
H1141TS205_2 0.67683 0.51535 2678 346
T1121TS037_3o 0.67532 0.51654 6060 762
H1142TS360_5 0.67466 0.51804 2689 347
H1140TS239_1 0.67377 0.51898 2700 351
H1144TS360_3 0.67768 0.5137 2641 341
H1144TS298_3 0.67768 0.5137 2641 341
T1124TS046_2o 0.68723 0.50947 5922 768
T1124TS035_1o 0.68723 0.50947 5922 768
T1153TS360_3o 0.6698 0.53089 4642 598
T1113TS131_4o 0.6724 0.52215 3090 386
H1142TS215_5 0.67728 0.51433 2689 347
T1113TS073_1o 0.67546 0.51626 3088 386
H1141TS441_3 0.6757 0.51596 2678 346
H1141TS433_3 0.6757 0.51596 2678 346
T1124TS147_1o 0.6812 0.51104 5924 768
T1153TS150_3o 0.6691 0.53242 4642 598
T1113TS073_3o 0.67525 0.51626 3088 386
H1144TS225_3 0.68244 0.51043 2641 341
T1113TS073_5o 0.6742 0.5181 3088 386
H1142TS158_1 0.67768 0.5131 2689 347
H1142TS086_1 0.67768 0.5131 2689 347
H1142TS003_5 0.67768 0.5131 2689 347
T1153TS071_1o 0.66838 0.53335 4640 598
H1142TS423_5 0.67713 0.51421 2687 347
H1142TS187_5 0.67713 0.51421 2687 347
H1140TS035_1 0.675 0.51624 2702 351
H1140TS248_1 0.675 0.51624 2702 351
H1141TS439_2 0.68479 0.50972 2631 346
H1140TS119_4 0.68221 0.51021 2700 351
H1142TS158_3 0.67696 0.51435 2689 347
H1142TS086_3 0.67696 0.51435 2689 347
H1142TS205_1 0.67686 0.51435 2689 347
H1140TS086_5 0.67485 0.51634 2702 351
T1153TS367_1o 0.66934 0.53059 4642 598
T1121TS147_1o 0.68603 0.50921 6060 762
H1141TS131_4 0.67766 0.51274 2678 346
H1140TS360_5 0.67726 0.51356 2702 351
T1127TS073_3o 0.66987 0.52933 3398 422
H1140TS461_5 0.68318 0.50975 2702 351
H1140TS446_5 0.68318 0.50975 2702 351
H1140TS493_3 0.68217 0.50989 2700 351
T1153TS398_1o 0.66749 0.53695 4640 598
H1142TS150_4 0.67635 0.51434 2689 347
H1141TS097_1 0.68122 0.51015 2678 346
H1142TS133_5 0.67749 0.51236 2689 347
H1142TS133_1 0.67749 0.51236 2689 347
T1153TS158_4o 0.66828 0.53261 4642 598
T1153TS086_4o 0.66828 0.53261 4642 598
T1153TS003_5o 0.66828 0.53261 4642 598
T1187TS291_4o 0.67173 0.52267 2702 332
H1142TS225_2 0.67941 0.51108 2689 347
H1142TS493_4 0.67819 0.51188 2687 347
T1124TS046_3o 0.68564 0.50857 5922 768
T1124TS035_3o 0.68564 0.50857 5922 768
H1142TS399_4 0.6756 0.51524 2689 347
H1142TS125_4 0.6756 0.51524 2689 347
H1142TS054_4 0.6756 0.51524 2689 347
T1178TS447_1o 0.66651 0.55252 4890 612
T1124TS304_4o 0.68663 0.50825 5922 768
T1124TS248_4o 0.68663 0.50825 5922 768
H1140TS097_1 0.67693 0.51294 2702 351
H1140TS119_2 0.68212 0.50956 2700 351
H1140TS493_5 0.67969 0.51074 2700 351
T1113TS367_1o 0.67197 0.51994 3090 386
H1142TS131_1 0.67532 0.51535 2689 347
H1141TS225_4 0.6767 0.5132 2678 346
H1140TS125_4 0.6739 0.5164 2702 351
H1140TS054_4 0.6739 0.5164 2702 351
H1140TS399_4 0.6739 0.5164 2702 351
H1140TS439_2 0.67988 0.51052 2656 351
H1140TS245_3 0.6782 0.51153 2702 351
H1140TS439_1 0.68132 0.50975 2656 351
H1157TS312_2 0.67228 0.51842 9989 1273
T1153TS374_1o 0.66734 0.53579 4642 598
H1142TS169_1 0.67314 0.51697 2689 347
H1142TS131_5 0.67307 0.51714 2689 347
T1121TS188_5o 0.6742 0.51588 6060 762
T1121TS398_4o 0.67658 0.51283 6060 762
T1123TS444_3o 0.66618 0.55397 4178 532
T1121TS278_5o 0.67294 0.51694 6060 762
H1140TS423_5 0.67597 0.51347 2700 351
T1113TS367_2o 0.6724 0.51814 3090 386
H1142TS119_1 0.67507 0.51484 2687 347
H1142TS288_4 0.67529 0.5145 2686 347
T1178TS444_5o 0.66577 0.57283 4888 612
H1142TS073_4 0.67795 0.51111 2687 347
T1153TS494_5o 0.66731 0.53421 4642 598
H1142TS367_5 0.67596 0.51282 2689 347
T1153TS462_4o 0.66773 0.53273 4642 598
T1153TS180_4o 0.66773 0.53273 4642 598
T1113TS462_2o 0.67243 0.51757 3090 386
H1141TS097_3 0.67889 0.51016 2678 346
T1113TS439_5o 0.67548 0.51382 3072 386
H1142TS288_1 0.6739 0.51552 2687 347
H1142TS215_1 0.67185 0.5184 2689 347
H1144TS180_1 0.67714 0.51165 2641 341
H1142TS205_4 0.67599 0.5122 2689 347
H1140TS205_2 0.68156 0.50858 2702 351
H1144TS215_4 0.67904 0.50984 2641 341
H1141TS215_3 0.67716 0.51139 2678 346
T1187TS350_5o 0.67141 0.51907 2702 332
T1153TS462_2o 0.66785 0.5315 4642 598
T1153TS180_2o 0.66785 0.5315 4642 598
T1153TS444_5o 0.66729 0.53306 4640 598
T1153TS298_1o 0.66776 0.53159 4642 598
T1113TS374_5o 0.67393 0.51537 3090 386
T1153TS367_2o 0.66786 0.53123 4642 598
T1153TS461_2o 0.66721 0.53326 4642 598
T1153TS446_2o 0.66721 0.53326 4642 598
T1123TS037_5o 0.66532 0.56954 4180 532
T1153TS493_1o 0.66632 0.53808 4640 598
T1113TS003_1o 0.67164 0.51832 3090 386
H1142TS169_3 0.67472 0.51367 2689 347
H1142TS399_1 0.67596 0.51188 2689 347
H1142TS125_1 0.67596 0.51188 2689 347
H1142TS054_1 0.67596 0.51188 2689 347
H1140TS188_2 0.67791 0.51037 2701 351
T1123TS399_1o 0.66538 0.56579 4178 532
T1123TS125_1o 0.66538 0.56579 4178 532
T1123TS054_1o 0.66538 0.56579 4178 532
H1143TS165_2 0.67676 0.5113 2718 350
H1142TS037_2 0.6793 0.50944 2689 347
T1113TS185_4o 0.67045 0.52307 3088 386
T1153TS374_5o 0.66713 0.53305 4642 598
T1153TS481_5o 0.66721 0.5327 4642 598
T1153TS188_5o 0.66721 0.5327 4642 598
T1153TS098_5o 0.66721 0.5327 4642 598
T1113TS348_3o 0.6718 0.51782 3088 386
T1113TS239_2o 0.67332 0.51531 3072 386
H1143TS097_4 0.67791 0.50995 2718 350
T1153TS003_3o 0.66724 0.53249 4642 598
T1113TS367_5o 0.67341 0.51494 3090 386
T1179TS494_4o 0.66553 0.55124 4148 522
H1140TS439_5 0.67983 0.50864 2656 351
H1141TS215_4 0.67783 0.50991 2678 346
T1121TS147_3o 0.68458 0.50721 6060 762
T1153TS185_4o 0.66601 0.53817 4640 598
T1121TS288_5o 0.67148 0.51724 6058 762
H1143TS147_2 0.67549 0.51189 2717 350
H1140TS494_4 0.67405 0.5137 2702 351
T1153TS360_4o 0.66716 0.53161 4642 598
T1153TS493_2o 0.66615 0.53594 4640 598
T1153TS374_4o 0.66804 0.52897 4642 598
T1113TS086_5o 0.67265 0.51534 3090 386
T1127TS278_2o 0.6657 0.54165 3400 422
T1153TS390_4o 0.66749 0.53057 4642 598
T1153TS320_4o 0.66749 0.53057 4642 598
H1140TS312_1 0.68051 0.50806 2659 346
H1144TS360_4 0.67592 0.51113 2641 341
H1140TS067_1 0.67418 0.51301 2700 351
T1153TS185_5o 0.66534 0.54746 4640 598
T1153TS086_5o 0.6666 0.53359 4642 598
H1141TS461_3 0.67931 0.50835 2678 346
H1141TS446_3 0.67931 0.50835 2678 346
H1141TS225_3 0.67495 0.5119 2678 346
H1144TS225_1 0.67738 0.50988 2641 341
H1144TS399_2 0.67557 0.51132 2641 341
H1144TS125_2 0.67557 0.51132 2641 341
H1144TS054_2 0.67557 0.51132 2641 341
H1142TS071_5 0.67134 0.51687 2686 347
H1142TS462_5 0.67556 0.5113 2689 347
H1142TS185_2 0.67395 0.51326 2687 347
T1153TS398_3o 0.66609 0.53548 4640 598
T1187TS158_5o 0.66773 0.52949 2704 332
T1187TS086_5o 0.66773 0.52949 2704 332
T1153TS461_3o 0.6663 0.53408 4642 598
T1153TS446_3o 0.6663 0.53408 4642 598
T1153TS071_3o 0.66697 0.53141 4640 598
H1157TS312_5 0.67182 0.51608 10096 1285
T1113TS298_5o 0.66864 0.52713 3090 386
T1187TS185_5o 0.66507 0.55 2702 332
T1153TS461_4o 0.66803 0.52868 4642 598
T1153TS446_4o 0.66803 0.52868 4642 598
H1142TS097_1 0.68109 0.50747 2689 347
H1142TS225_4 0.68779 0.50652 2689 347
H1144TS367_1 0.67457 0.51187 2641 341
T1113TS444_2o 0.67057 0.51941 3088 386
H1140TS215_1 0.67489 0.51149 2702 351
H1142TS133_3 0.67365 0.51269 2689 347
H1144TS423_5 0.67723 0.50971 2639 341
H1144TS187_5 0.67723 0.50971 2639 341
H1142TS037_5 0.67679 0.50981 2689 347
H1140TS439_4 0.67823 0.50852 2656 351
H1144TS239_1 0.67994 0.50779 2591 341
H1141TS205_3 0.67444 0.51179 2678 346
T1121TS493_2o 0.67305 0.51287 6058 762
H1144TS097_1 0.67706 0.50955 2641 341
H1144TS037_3 0.67661 0.5098 2641 341
T1187TS350_2o 0.67211 0.51465 2702 332
H1140TS447_1 0.67674 0.50948 2702 351
T1121TS205_2o 0.67521 0.51089 6060 762
H1140TS314_3 0.67572 0.51005 2702 351
T1113TS037_1o 0.67204 0.51471 3090 386
H1144TS215_3 0.67654 0.50946 2641 341
T1178TS350_5o 0.66474 0.54507 4888 612
T1178TS291_5o 0.66474 0.54507 4888 612
T1121TS188_1o 0.67308 0.51208 6059 762
T1113TS390_1o 0.67143 0.51542 3090 386
T1113TS320_1o 0.67143 0.51542 3090 386
T1113TS150_1o 0.67143 0.51542 3090 386
T1113TS119_3o 0.67143 0.51542 3090 386
H1140TS312_3 0.67954 0.50742 2659 346
H1143TS067_1 0.67762 0.50825 2716 350
H1144TS399_4 0.67738 0.50855 2641 341
H1144TS125_4 0.67738 0.50855 2641 341
H1144TS054_4 0.67738 0.50855 2641 341
T1123TS399_4o 0.6643 0.56613 4174 532
T1123TS125_4o 0.6643 0.56613 4174 532
T1123TS054_4o 0.6643 0.56613 4174 532
H1142TS288_5 0.67279 0.51211 2686 347
T1153TS494_1o 0.66519 0.537 4642 598
H1144TS288_5 0.67807 0.5079 2638 341
T1178TS205_4o 0.66441 0.56023 4890 612
H1141TS350_2 0.67743 0.50808 2676 346
H1144TS150_4 0.67564 0.50953 2641 341
H1140TS447_2 0.67768 0.50789 2702 351
T1113TS158_1o 0.67116 0.51538 3090 386
T1113TS086_1o 0.67116 0.51538 3090 386
T1113TS003_4o 0.67116 0.51538 3090 386
H1144TS348_4 0.67626 0.50872 2639 341
H1140TS035_2 0.67416 0.51044 2702 351
H1140TS248_2 0.67416 0.51044 2702 351
T1123TS071_1o 0.66371 0.57568 4176 532
T1127TS493_4o 0.66419 0.55199 3398 422
T1153TS481_2o 0.66552 0.53281 4642 598
T1153TS481_1o 0.66562 0.53255 4642 598
T1153TS188_1o 0.66562 0.53255 4642 598
T1153TS098_1o 0.66562 0.53255 4642 598
H1144TS188_5 0.6736 0.51088 2641 341
H1144TS098_5 0.6736 0.51088 2641 341
T1179TS288_5o 0.6642 0.54718 4146 522
T1179TS288_1o 0.6642 0.54718 4146 522
T1179TS074_4o 0.6642 0.54718 4146 522
H1141TS439_4 0.67759 0.50755 2631 346
T1121TS185_5o 0.66862 0.52289 6058 762
T1121TS147_5o 0.68412 0.50595 6060 762
T1153TS071_2o 0.66536 0.53285 4640 598
H1141TS439_3 0.67883 0.50697 2631 346
H1140TS097_5 0.67831 0.50716 2702 351
T1113TS131_2o 0.67286 0.51065 3090 386
T1113TS119_4o 0.67286 0.51065 3090 386
H1142TS461_2 0.67534 0.50839 2689 347
H1142TS446_2 0.67534 0.50839 2689 347
T1153TS374_2o 0.66513 0.53364 4642 598
T1113TS071_2o 0.66917 0.51936 3088 386
T1124TS046_4o 0.67702 0.50774 5924 768
T1124TS035_4o 0.67702 0.50774 5924 768
H1142TS385_1 0.67449 0.50937 2689 347
H1142TS245_1 0.67449 0.50937 2689 347
T1113TS158_3o 0.67126 0.51358 3090 386
T1113TS086_3o 0.67126 0.51358 3090 386
H1142TS447_1 0.68095 0.50638 2689 347
T1153TS150_5o 0.66565 0.53111 4642 598
T1153TS481_4o 0.66743 0.52572 4642 598
T1153TS188_4o 0.66743 0.52572 4642 598
T1153TS098_4o 0.66743 0.52572 4642 598
H1142TS071_3 0.67038 0.51602 2687 347
T1113TS180_4o 0.66917 0.51857 3090 386
T1153TS462_3o 0.66568 0.53076 4642 598
T1153TS180_3o 0.66568 0.53076 4642 598
T1121TS399_5o 0.67246 0.51089 6060 762
T1121TS125_5o 0.67246 0.51089 6060 762
T1121TS054_5o 0.67246 0.51089 6060 762
H1142TS399_3 0.67213 0.51109 2689 347
H1142TS125_3 0.67213 0.51109 2689 347
H1142TS054_3 0.67213 0.51109 2689 347
H1143TS147_1 0.67061 0.51532 2717 350
H1144TS097_4 0.67962 0.50659 2641 341
H1144TS185_2 0.67385 0.50942 2639 341
T1153TS037_3o 0.6649 0.53277 4642 598
H1143TS493_5 0.6808 0.50618 2716 350
H1142TS133_2 0.67055 0.5154 2689 347
T1153TS462_1o 0.66549 0.53071 4642 598
T1153TS180_1o 0.66549 0.53071 4642 598
H1142TS215_2 0.67024 0.51569 2689 347
T1153TS073_3o 0.66808 0.52268 4640 598
T1113TS150_4o 0.66917 0.51826 3090 386
H1157TS312_3 0.67063 0.5148 10075 1283
H1142TS462_3 0.67213 0.51053 2689 347
H1140TS257_4 0.66672 0.52693 2700 351
T1113TS390_4o 0.66917 0.51819 3090 386
T1113TS320_4o 0.66917 0.51819 3090 386
T1110TS147_1o 0.67842 0.50666 3444 454
T1113TS073_2o 0.67116 0.51225 3088 386
T1113TS037_2o 0.66834 0.52067 3090 386
H1140TS312_5 0.68185 0.50586 2641 344
H1142TS097_4 0.6816 0.50588 2689 347
T1113TS239_4o 0.66982 0.51628 3072 386
T1127TS398_5o 0.66577 0.53001 3400 422
H1142TS086_5 0.67286 0.50892 2689 347
H1144TS169_4 0.67463 0.50784 2641 341
T1187TS150_3o 0.66448 0.53459 2704 332
H1142TS439_5 0.67472 0.50779 2640 347
H1144TS288_4 0.67379 0.50822 2637 341
H1144TS205_2 0.67449 0.50777 2641 341
H1141TS397_1 0.67779 0.50667 2656 343
H1142TS071_4 0.66919 0.51666 2685 347
T1161TS225_3o 0.67721 0.50679 720 96
H1142TS257_5 0.67051 0.51377 2687 347
T1153TS131_4o 0.66421 0.53484 4642 598
T1127TS046_5o 0.66585 0.52888 3400 422
T1127TS035_5o 0.66585 0.52888 3400 422
T1153TS150_2o 0.66461 0.53128 4642 598
T1113TS003_2o 0.6714 0.51101 3090 386
H1142TS169_4 0.6702 0.51443 2689 347
T1123TS444_1o 0.66298 0.55339 4178 532
T1153TS071_5o 0.66481 0.53066 4640 598
H1144TS288_3 0.67268 0.5081 2639 341
T1123TS131_1o 0.66262 0.56214 4180 532
T1113TS288_4o 0.66936 0.51606 3088 386
T1179TS158_3o 0.66482 0.53041 4148 522
T1179TS086_3o 0.66482 0.53041 4148 522
T1153TS298_3o 0.66451 0.53158 4642 598
H1140TS097_2 0.6769 0.50655 2702 351
T1113TS348_4o 0.66932 0.5158 3088 386
T1178TS234_3o 0.66542 0.52834 4890 612
H1142TS462_1 0.67181 0.50947 2689 347
T1123TS119_3o 0.66239 0.5621 4180 532
H1144TS312_4 0.67124 0.50998 2635 340
T1178TS312_1o 0.66287 0.54153 4460 558
H1144TS215_2 0.67078 0.51124 2641 341
T1123TS248_5o 0.66222 0.56404 4180 532
T1153TS158_1o 0.66459 0.53005 4642 598
T1153TS086_1o 0.66459 0.53005 4642 598
T1153TS003_1o 0.66459 0.53005 4642 598
H1144TS227_4 0.67548 0.50682 2641 341
H1144TS133_4 0.67548 0.50682 2641 341
T1113TS444_3o 0.66823 0.51811 3088 386
H1142TS225_1 0.67672 0.50624 2689 347
T1153TS205_1o 0.66453 0.52952 4642 598
T1123TS071_2o 0.66187 0.56699 4178 532
H1144TS257_1 0.66612 0.52526 2639 341
T1113TS150_2o 0.66895 0.51547 3090 386
T1153TS390_3o 0.66397 0.53091 4642 598
T1153TS320_3o 0.66397 0.53091 4642 598
T1153TS158_2o 0.66454 0.52889 4642 598
T1153TS086_2o 0.66454 0.52889 4642 598
T1153TS003_2o 0.66454 0.52889 4642 598
T1113TS390_2o 0.66898 0.51525 3090 386
T1113TS320_2o 0.66898 0.51525 3090 386
T1124TS447_5o 0.67423 0.50684 5924 768
T1123TS278_5o 0.66168 0.56052 3964 510
H1144TS399_5 0.67085 0.50972 2641 341
H1144TS125_5 0.67085 0.50972 2641 341
H1144TS054_5 0.67085 0.50972 2641 341
H1144TS147_1 0.67748 0.50587 2640 341
H1142TS098_2 0.67023 0.51136 2689 347
H1140TS447_4 0.674 0.50678 2702 351
H1140TS447_3 0.674 0.50678 2702 351
T1121TS239_5o 0.67214 0.50734 5910 762
H1142TS434_5 0.67089 0.50883 2689 347
H1142TS227_5 0.67089 0.50883 2689 347
H1142TS011_5 0.67089 0.50883 2689 347
T1113TS348_2o 0.66626 0.52335 3088 386
H1142TS360_2 0.67057 0.51005 2689 347
H1140TS188_3 0.67112 0.50828 2701 351
H1142TS461_5 0.66982 0.51218 2689 347
H1142TS446_5 0.66982 0.51218 2689 347
H1142TS150_5 0.6706 0.50983 2689 347
T1153TS071_4o 0.66411 0.52899 4640 598
T1123TS119_1o 0.66129 0.56433 4180 532
T1113TS390_5o 0.66608 0.52338 3090 386
T1113TS320_5o 0.66608 0.52338 3090 386
T1121TS493_3o 0.66996 0.51107 6058 762
T1187TS150_4o 0.66391 0.5291 2704 332
H1144TS150_5 0.67451 0.50617 2641 341
H1142TS493_2 0.67022 0.51015 2687 347
T1124TS239_3o 0.6865 0.50409 5764 768
T1124TS229_3o 0.6865 0.50409 5764 768
T1113TS150_5o 0.666 0.52316 3090 386
T1153TS390_2o 0.66355 0.53042 4642 598
T1153TS320_2o 0.66355 0.53042 4642 598
T1123TS147_4o 0.66213 0.53689 4180 532
T1153TS477_1o 0.66503 0.52561 4640 598
H1144TS067_1 0.67138 0.5074 2639 341
T1153TS288_3o 0.66322 0.53121 4640 598
T1153TS074_3o 0.66322 0.53121 4640 598
H1143TS119_2 0.68578 0.50401 2716 350
T1113TS288_2o 0.66741 0.517 3088 386
T1113TS071_4o 0.66823 0.51404 3088 386
T1153TS073_1o 0.66986 0.51031 4640 598
T1153TS298_2o 0.66332 0.52945 4642 598
T1153TS119_3o 0.6634 0.52899 4642 598
T1113TS444_4o 0.66743 0.51681 3088 386
T1153TS035_4o 0.66235 0.53459 4640 598
T1113TS444_5o 0.6677 0.51614 3088 386
H1144TS248_1 0.66666 0.51839 2641 341
H1144TS035_1 0.66666 0.51839 2641 341
T1124TS091_4o 0.6689 0.5118 5922 768
T1123TS119_5o 0.66056 0.55288 4180 532
T1123TS444_5o 0.66064 0.55078 4178 532
H1144TS441_3 0.67225 0.50641 2641 341
H1144TS433_3 0.67225 0.50641 2641 341
T1153TS131_3o 0.66306 0.53007 4642 598
T1153TS288_1o 0.66443 0.52568 4640 598
T1153TS074_2o 0.66443 0.52568 4640 598
T1121TS348_5o 0.67052 0.50766 6058 762
T1113TS158_4o 0.67173 0.5067 3090 386
T1113TS086_2o 0.67173 0.5067 3090 386
H1157TS312_1 0.66859 0.51209 10075 1283
T1153TS158_3o 0.6644 0.52527 4642 598
T1153TS086_3o 0.6644 0.52527 4642 598
T1179TS245_3o 0.66089 0.53914 4148 522
H1144TS225_5 0.67566 0.50554 2641 341
T1123TS374_5o 0.6602 0.57451 4180 532
H1141TS439_1 0.68049 0.50466 2631 346
T1153TS037_4o 0.66472 0.52366 4642 598
H1140TS225_3 0.68185 0.50428 2702 351
T1161TS462_2o 0.70199 0.50246 720 96
T1161TS180_2o 0.70199 0.50246 720 96
T1113TS367_3o 0.66885 0.51099 3090 386
T1179TS385_1o 0.66084 0.53784 4148 522
T1179TS245_1o 0.66084 0.53784 4148 522
H1140TS257_5 0.6653 0.52123 2700 351
T1113TS248_1o 0.66872 0.51102 3088 386
H1144TS397_2 0.67594 0.50532 2619 338
T1121TS314_5o 0.66891 0.51002 6060 762
T1178TS444_4o 0.65994 0.5639 4888 612
T1123TS314_3o 0.66035 0.54775 4180 532
T1153TS461_5o 0.6636 0.52701 4642 598
T1153TS446_5o 0.6636 0.52701 4642 598
T1113TS180_3o 0.66669 0.51622 3090 386
H1144TS278_3 0.67059 0.50702 2641 341
H1144TS073_2 0.67473 0.50549 2639 341
T1179TS439_1o 0.66135 0.53395 4040 522
T1153TS439_5o 0.66406 0.52379 4564 598
T1153TS278_5o 0.66148 0.53313 4642 598
T1153TS399_1o 0.66365 0.52516 4642 598
T1153TS125_1o 0.66365 0.52516 4642 598
T1153TS054_1o 0.66365 0.52516 4642 598
T1121TS439_1o 0.6778 0.50486 5910 762
T1121TS239_4o 0.6778 0.50486 5910 762
T1121TS205_4o 0.67121 0.50615 6060 762
T1153TS205_2o 0.66219 0.53009 4642 598
T1153TS278_3o 0.66156 0.53215 4642 598
T1113TS298_2o 0.66511 0.52059 3090 386
T1124TS398_4o 0.67606 0.50502 5923 768
H1144TS441_1 0.6719 0.5059 2641 341
H1144TS433_1 0.6719 0.5059 2641 341
T1153TS298_4o 0.66249 0.52804 4642 598
T1153TS462_5o 0.66316 0.52584 4642 598
T1153TS180_5o 0.66316 0.52584 4642 598
H1142TS248_2 0.66865 0.50918 2689 347
H1142TS035_2 0.66865 0.50918 2689 347
T1178TS312_3o 0.65983 0.54171 4460 558
T1127TS205_4o 0.66078 0.53423 3400 422
T1153TS037_5o 0.66294 0.5271 4642 598
H1142TS205_3 0.68069 0.50388 2689 347
T1179TS288_4o 0.66037 0.53649 4146 522
T1179TS073_4o 0.66037 0.53649 4146 522
T1153TS205_3o 0.66286 0.52711 4642 598
T1178TS278_2o 0.65943 0.55384 4890 612
H1142TS434_1 0.67512 0.50502 2689 347
H1142TS227_1 0.67512 0.50502 2689 347
H1142TS011_1 0.67512 0.50502 2689 347
T1121TS239_1o 0.67361 0.50534 5910 762
T1113TS461_5o 0.6659 0.51816 3088 386
T1113TS446_5o 0.6659 0.51816 3088 386
T1179TS245_5o 0.65951 0.54259 4147 522
T1179TS245_4o 0.65977 0.53906 4148 522
T1113TS399_3o 0.66666 0.51462 3090 386
T1113TS054_3o 0.66666 0.51462 3090 386
T1178TS234_5o 0.66264 0.52621 4890 612
T1113TS444_1o 0.66726 0.51235 3088 386
T1127TS447_4o 0.66307 0.52439 3400 422
T1153TS073_5o 0.66646 0.51496 4640 598
T1153TS493_4o 0.6628 0.52494 4640 598
T1123TS071_5o 0.6589 0.56405 4177 532
H1143TS257_3 0.66438 0.52069 2716 350
T1113TS180_5o 0.66591 0.51627 3090 386
H1142TS071_1 0.66692 0.51356 2687 347
T1113TS348_5o 0.6675 0.51165 3088 386
T1113TS360_5o 0.66733 0.5117 3090 386
T1153TS399_4o 0.66201 0.52737 4642 598
T1153TS125_4o 0.66201 0.52737 4642 598
T1153TS054_4o 0.66201 0.52737 4642 598
T1113TS360_2o 0.66715 0.51197 3090 386
T1113TS298_4o 0.66715 0.51197 3090 386
H1143TS091_4 0.66964 0.50687 2716 350
T1179TS245_2o 0.65941 0.53865 4147 522
H1144TS314_4 0.67068 0.50592 2641 341
T1113TS367_4o 0.66806 0.50839 3090 386
T1153TS399_2o 0.66153 0.52815 4642 598
T1153TS125_2o 0.66153 0.52815 4642 598
T1153TS054_2o 0.66153 0.52815 4642 598
T1113TS158_2o 0.6671 0.51204 3090 386
T1113TS086_4o 0.6671 0.51204 3090 386
T1113TS003_5o 0.6671 0.51204 3090 386
T1153TS390_1o 0.66138 0.52857 4642 598
T1153TS320_1o 0.66138 0.52857 4642 598
T1153TS314_5o 0.66138 0.52857 4642 598
H1144TS227_3 0.67268 0.50502 2641 341
H1144TS133_3 0.67268 0.50502 2641 341
T1153TS350_5o 0.66663 0.51282 4640 598
T1153TS314_4o 0.66227 0.52579 4642 598
T1113TS477_1o 0.66713 0.51157 2951 369
H1144TS131_1 0.67059 0.50591 2641 341
T1153TS439_2o 0.66391 0.51979 4562 598
T1153TS239_4o 0.66391 0.51979 4562 598
T1153TS447_1o 0.66695 0.51229 4642 598
T1153TS035_3o 0.6604 0.53215 4642 598
H1144TS227_5 0.67204 0.5053 2641 341
H1144TS133_5 0.67204 0.5053 2641 341
T1121TS439_2o 0.6764 0.50433 5910 762
T1160TS494_2o 0.72645 0.5006 638 84
T1110TS147_5o 0.68338 0.50279 3444 454
H1143TS257_1 0.66496 0.51723 2716 350
T1161TS444_1o 0.68477 0.50226 718 96
T1178TS447_2o 0.65847 0.54423 4890 612
T1161TS461_3o 0.70096 0.50057 720 96
T1161TS446_3o 0.70096 0.50057 720 96
H1144TS119_1 0.6705 0.50571 2639 341
T1153TS439_4o 0.66317 0.52075 4562 598
T1179TS288_3o 0.65983 0.53201 4146 522
T1179TS073_3o 0.65983 0.53201 4146 522
H1144TS239_2 0.6772 0.50385 2591 341
T1113TS248_3o 0.66513 0.51605 3088 386
H1142TS185_3 0.66855 0.50701 2687 347
T1121TS188_2o 0.66749 0.50824 6059 762
T1179TS367_2o 0.66047 0.52877 4148 522
T1179TS158_1o 0.66047 0.52877 4148 522
T1179TS086_2o 0.66047 0.52877 4148 522
T1179TS003_1o 0.66047 0.52877 4148 522
H1157TS494_4 0.66458 0.51634 11080 1421
T1153TS131_1o 0.66025 0.52943 4642 598
T1153TS119_1o 0.66025 0.52943 4642 598
T1178TS398_4o 0.65798 0.56094 4886 612
T1124TS447_4o 0.67176 0.50498 5924 768
T1153TS239_5o 0.66256 0.52106 4562 598
T1127TS398_4o 0.66363 0.51855 3398 422
H1144TS439_1 0.68005 0.50297 2591 341
T1113TS374_2o 0.66949 0.50596 3090 386
H1157TS494_5 0.66462 0.5161 11080 1421
H1144TS397_4 0.67447 0.50428 2619 338
T1113TS180_1o 0.66494 0.51534 3090 386
T1121TS098_5o 0.67735 0.50349 6060 762
H1142TS257_3 0.66595 0.51161 2687 347
T1121TS493_4o 0.66992 0.50561 6058 762
T1153TS278_4o 0.65777 0.54243 4642 598
T1124TS239_1o 0.68152 0.50211 5764 768
T1124TS229_1o 0.68152 0.50211 5764 768
H1144TS097_3 0.67674 0.50341 2641 341
T1121TS188_3o 0.66714 0.50773 6059 762
H1140TS097_3 0.67412 0.50382 2702 351
T1113TS399_5o 0.66487 0.51384 3090 386
T1113TS054_5o 0.66487 0.51384 3090 386
T1113TS423_5o 0.66524 0.5128 3088 386
T1113TS187_5o 0.66524 0.5128 3088 386
T1153TS150_1o 0.65975 0.52696 4642 598
T1127TS091_3o 0.65773 0.53927 3398 422
T1127TS091_5o 0.65885 0.53124 3398 422
T1153TS350_4o 0.66541 0.51115 4640 598
T1123TS071_3o 0.65725 0.56813 4178 532
T1127TS447_5o 0.6605 0.52321 3400 422
T1153TS288_4o 0.65915 0.5281 4640 598
T1153TS074_4o 0.65915 0.5281 4640 598
T1179TS367_3o 0.66003 0.52371 4148 522
T1179TS003_2o 0.66003 0.52371 4148 522
T1121TS314_1o 0.66592 0.50926 6060 762
T1153TS398_4o 0.65926 0.52762 4640 598
H1142TS073_1 0.67822 0.50285 2687 347
T1161TS399_1o 0.67835 0.50263 720 96
T1161TS125_1o 0.67835 0.50263 720 96
T1161TS054_1o 0.67835 0.50263 720 96
T1113TS125_1o 0.66395 0.51397 3090 386
H1144TS350_3 0.67568 0.50334 2639 341
H1144TS215_5 0.67026 0.50491 2641 341
T1160TS494_3o 0.70416 0.4987 656 86
T1153TS205_5o 0.66125 0.51975 4642 598
H1143TS257_5 0.66246 0.51678 2716 350
T1113TS239_3o 0.66526 0.50974 3072 386
T1187TS150_1o 0.66038 0.52223 2702 332
T1123TS071_4o 0.65698 0.56341 4178 532
T1124TS091_5o 0.66443 0.51154 5922 768
T1121TS493_5o 0.66699 0.50674 6058 762
T1178TS234_2o 0.65914 0.52446 4890 612
H1144TS073_5 0.67816 0.50219 2639 341
T1113TS131_3o 0.66165 0.51819 3090 386
H1144TS097_5 0.67335 0.50317 2641 341
H1144TS165_1 0.67253 0.50339 2641 341
H1144TS180_5 0.67064 0.50442 2641 341
T1123TS119_2o 0.65657 0.55462 4180 532
T1113TS125_2o 0.66448 0.50946 3090 386
T1153TS147_5o 0.66387 0.50999 4642 598
H1144TS215_1 0.66884 0.50528 2641 341
T1153TS147_1o 0.66344 0.51098 4642 598
T1113TS298_3o 0.66327 0.51126 3090 386
T1124TS350_5o 0.69178 0.49797 5922 768
T1124TS350_2o 0.69178 0.49797 5922 768
H1143TS165_4 0.67261 0.50304 2718 350
H1140TS131_4 0.67095 0.50365 2702 351
T1124TS350_3o 0.69105 0.49816 5922 768
H1144TS239_3 0.67448 0.50228 2591 341
T1121TS439_3o 0.67314 0.50273 5910 762
H1142TS067_1 0.66994 0.50438 2687 347
T1113TS180_2o 0.66324 0.5099 3090 386
T1178TS447_5o 0.65671 0.5354 4890 612
T1179TS439_5o 0.65932 0.51949 4040 522
T1179TS239_1o 0.65932 0.51949 4040 522
T1179TS229_1o 0.65932 0.51949 4040 522
H1140TS493_1 0.67174 0.50313 2700 351
H1141TS067_2 0.665 0.50718 2676 346
T1178TS312_5o 0.65609 0.5363 4460 558
T1179TS119_3o 0.65689 0.5339 4148 522
T1153TS439_1o 0.66065 0.51569 4562 598
T1113TS312_4o 0.66249 0.50994 3088 386
T1179TS278_3o 0.65708 0.53136 4148 522
T1153TS350_3o 0.66202 0.51169 4640 598
T1113TS399_2o 0.66455 0.50715 3090 386
T1113TS054_2o 0.66455 0.50715 3090 386
T1113TS071_3o 0.66133 0.51342 3088 386
H1142TS073_5 0.67244 0.50206 2687 347
H1141TS314_4 0.66387 0.50731 2674 345
T1121TS439_5o 0.672 0.50223 5910 762
T1187TS278_4o 0.66122 0.51302 2704 332
T1124TS239_5o 0.68089 0.49917 5764 768
T1124TS229_5o 0.68089 0.49917 5764 768
T1178TS234_4o 0.65787 0.52255 4890 612
H1142TS119_4 0.67316 0.50161 2687 347
T1113TS125_4o 0.66225 0.50908 3090 386
T1127TS304_5o 0.65756 0.52321 3396 422
T1127TS248_5o 0.65756 0.52321 3396 422
H1142TS234_3 0.6716 0.50242 2689 347
T1113TS447_5o 0.66555 0.50613 3090 386
T1161TS494_1o 0.69706 0.49677 720 96
T1161TS185_4o 0.68182 0.49894 718 96
T1153TS147_3o 0.66141 0.511 4642 598
H1143TS257_4 0.6607 0.51365 2716 350
T1179TS390_2o 0.65608 0.53291 4148 522
H1140TS494_2 0.66851 0.50447 2702 351
H1142TS205_2 0.66813 0.50476 2689 347
H1141TS205_4 0.67006 0.50336 2678 346
T1153TS444_4o 0.66132 0.51035 4640 598
T1160TS494_4o 0.71686 0.49638 638 84
T1123TS367_5o 0.65437 0.56383 4180 532
H1141TS493_4 0.67136 0.50209 2676 346
T1179TS150_2o 0.65579 0.53276 4148 522
T1161TS461_1o 0.69162 0.49661 720 96
T1161TS446_1o 0.69162 0.49661 720 96
T1161TS119_5o 0.69162 0.49661 720 96
T1121TS314_3o 0.66628 0.50557 6060 762
T1179TS119_1o 0.65549 0.53494 4148 522
H1143TS147_3 0.67071 0.50237 2716 350
H1142TS119_2 0.67187 0.50161 2687 347
H1140TS493_4 0.67553 0.50049 2700 351
H1144TS205_3 0.66687 0.50509 2641 341
T1124TS350_4o 0.69171 0.4964 5922 768
T1124TS350_1o 0.69171 0.4964 5922 768
H1142TS439_3 0.67198 0.50157 2640 347
H1157TS073_1 0.66226 0.50751 11826 1524
T1178TS447_4o 0.65442 0.53974 4890 612
T1187TS150_2o 0.65722 0.52275 2702 332
T1153TS035_5o 0.65582 0.53029 4640 598
T1121TS098_4o 0.66994 0.50292 6056 762
H1144TS493_4 0.67571 0.50029 2639 341
T1153TS147_4o 0.66032 0.51038 4642 598
T1179TS439_4o 0.65712 0.52301 4040 522
H1143TS350_5 0.67745 0.49966 2716 350
T1178TS441_4o 0.65442 0.53564 4890 612
T1178TS433_4o 0.65442 0.53564 4890 612
T1113TS399_4o 0.66053 0.50804 3090 386
T1113TS054_4o 0.66053 0.50804 3090 386
T1153TS348_5o 0.65687 0.52329 4640 598
H1141TS493_2 0.66888 0.50348 2676 346
T1153TS439_3o 0.65897 0.51302 4562 598
H1141TS165_5 0.67023 0.50197 2677 346
T1153TS350_1o 0.65947 0.50902 4640 598
T1153TS239_1o 0.65789 0.51619 4562 598
H1144TS399_3 0.67086 0.50119 2641 341
H1144TS125_3 0.67086 0.50119 2641 341
H1144TS054_3 0.67086 0.50119 2641 341
H1144TS185_4 0.66577 0.50536 2639 341
T1113TS278_5o 0.65846 0.51332 3090 386
T1179TS185_2o 0.65323 0.54224 4148 522
T1121TS439_4o 0.67054 0.50139 5910 762
T1153TS239_3o 0.6574 0.51681 4562 598
H1140TS257_1 0.65819 0.51388 2700 351
T1153TS165_2o 0.65643 0.52092 4640 598
T1124TS239_2o 0.68091 0.49752 5764 768
T1124TS229_2o 0.68091 0.49752 5764 768
T1153TS278_1o 0.65401 0.53358 4642 598
H1144TS165_5 0.67023 0.50132 2641 341
T1161TS185_5o 0.68412 0.49632 718 96
H1140TS314_2 0.66944 0.50164 2702 351
T1124TS239_4o 0.68612 0.49608 5764 768
T1124TS229_4o 0.68612 0.49608 5764 768
H1143TS091_3 0.66049 0.50687 2716 350
T1123TS398_2o 0.65449 0.52598 4180 532
H1142TS097_5 0.67413 0.49877 2689 347
H1143TS165_5 0.66982 0.5014 2718 350
T1153TS350_2o 0.66036 0.50665 4640 598
T1161TS462_1o 0.69228 0.49439 720 96
T1161TS180_1o 0.69228 0.49439 720 96
T1124TS398_2o 0.67629 0.4982 5919 768
H1144TS441_5 0.66697 0.50372 2641 341
H1144TS433_5 0.66697 0.50372 2641 341
T1178TS441_5o 0.6526 0.54379 4890 612
T1178TS433_5o 0.6526 0.54379 4890 612
T1113TS312_3o 0.65836 0.50782 3088 386
T1123TS390_5o 0.65319 0.53385 4180 532
T1123TS360_5o 0.65319 0.53385 4180 532
H1142TS447_2 0.67962 0.4969 2689 347
T1179TS444_4o 0.65297 0.53239 4146 522
H1143TS234_1 0.66334 0.505 2718 350
T1153TS073_4o 0.65802 0.50787 4640 598
T1179TS441_5o 0.65271 0.53508 4148 522
T1179TS433_5o 0.65271 0.53508 4148 522
T1187TS350_4o 0.66139 0.50572 2702 332
T1178TS444_3o 0.65216 0.55395 4888 612
T1121TS239_3o 0.66912 0.50073 5910 762
T1123TS119_4o 0.65215 0.5455 4180 532
T1113TS125_3o 0.66129 0.50567 3090 386
T1113TS131_5o 0.65719 0.51057 3090 386
T1153TS239_2o 0.65731 0.50961 4562 598
H1144TS350_5 0.67646 0.49723 2639 341
T1153TS147_2o 0.65976 0.50592 4642 598
T1124TS165_2o 0.67753 0.49711 5921 768
T1123TS398_3o 0.65361 0.52423 4178 532
T1153TS165_4o 0.65438 0.5192 4642 598
T1127TS493_3o 0.65221 0.53568 3398 422
H1143TS493_3 0.67433 0.49759 2716 350
T1161TS447_5o 0.68898 0.4931 720 96
T1161TS447_4o 0.68898 0.4931 720 96
T1161TS447_3o 0.68898 0.4931 720 96
T1161TS447_2o 0.68898 0.4931 720 96
H1140TS447_5 0.67168 0.49798 2702 351
H1144TS314_3 0.66245 0.5049 2641 341
H1144TS439_3 0.67228 0.49774 2591 341
H1141TS165_1 0.67139 0.4979 2678 346
T1113TS360_3o 0.65852 0.50611 3090 386
T1179TS399_5o 0.65425 0.51834 4148 522
T1179TS125_5o 0.65425 0.51834 4148 522
T1179TS054_5o 0.65425 0.51834 4148 522
T1179TS441_2o 0.65343 0.52197 4148 522
T1179TS433_2o 0.65343 0.52197 4148 522
H1142TS239_2 0.66955 0.49913 2640 347
T1161TS037_1o 0.66767 0.50164 720 96
H1157TS239_3 0.66025 0.50547 10772 1406
T1124TS439_5o 0.66987 0.49876 5764 768
H1144TS248_3 0.65718 0.50737 2641 341
H1144TS035_3 0.65718 0.50737 2641 341
T1178TS234_1o 0.65404 0.51847 4890 612
T1121TS131_4o 0.65802 0.50634 6060 762
T1161TS037_4o 0.68192 0.49434 720 96
T1161TS185_1o 0.68275 0.49401 718 96
H1144TS147_4 0.67147 0.49772 2640 341
H1144TS169_5 0.66891 0.49941 2641 341
T1127TS091_2o 0.6519 0.53011 3398 422
T1153TS131_5o 0.6541 0.51801 4642 598
T1153TS119_5o 0.6541 0.51801 4642 598
T1178TS447_3o 0.6511 0.54002 4890 612
H1142TS205_5 0.66788 0.50082 2689 347
T1153TS035_2o 0.65358 0.5183 4642 598
T1153TS399_3o 0.65335 0.51857 4642 598
T1153TS125_3o 0.65335 0.51857 4642 598
T1153TS054_3o 0.65335 0.51857 4642 598
T1110TS494_4o 0.67208 0.4968 3266 430
T1124TS091_3o 0.662 0.50462 5922 768
H1144TS239_4 0.67176 0.49666 2591 341
T1113TS312_1o 0.65731 0.50647 3088 386
T1121TS147_4o 0.67071 0.49719 6060 762
H1142TS225_3 0.67762 0.49483 2689 347
H1141TS091_4 0.6557 0.50789 2676 346
H1142TS257_1 0.6596 0.50485 2687 347
T1123TS398_1o 0.65181 0.52515 4180 532
H1140TS493_2 0.66474 0.5028 2700 351
T1179TS298_2o 0.65074 0.53351 4148 522
H1140TS350_1 0.66782 0.50002 2700 351
H1140TS291_1 0.66782 0.50002 2700 351
H1144TS397_3 0.66498 0.50253 2619 338
T1121TS314_4o 0.66057 0.50454 6060 762
T1123TS165_2o 0.65121 0.52888 4180 532
T1161TS444_5o 0.67216 0.4962 718 96
H1142TS493_1 0.66632 0.5013 2687 347
T1113TS125_5o 0.65705 0.50608 3090 386
T1123TS147_2o 0.65096 0.52942 4180 532
H1144TS348_3 0.66586 0.50163 2639 341
H1143TS234_5 0.66055 0.50439 2718 350
T1121TS239_2o 0.66748 0.49991 5910 762
H1140TS257_3 0.65722 0.50594 2700 351
H1140TS147_1 0.6655 0.50165 2702 351
T1127TS091_4o 0.65288 0.51562 3398 422
H1143TS147_5 0.66611 0.50126 2716 350
T1123TS314_5o 0.65072 0.52877 4180 532
H1157TS439_2 0.65748 0.5056 10772 1406
T1153TS073_2o 0.65364 0.51372 4640 598
T1179TS374_2o 0.65002 0.53535 4148 522
T1161TS461_2o 0.69041 0.48901 720 96
T1161TS446_2o 0.69041 0.48901 720 96
H1143TS091_2 0.65417 0.50816 2716 350
T1178TS398_3o 0.64973 0.54188 4888 612
H1142TS447_3 0.67485 0.49463 2689 347
H1142TS239_3 0.67435 0.49464 2640 347
T1179TS037_2o 0.64982 0.53423 4148 522
T1161TS225_1o 0.67639 0.49382 720 96
T1113TS239_5o 0.65935 0.50431 3072 386
T1187TS493_4o 0.65186 0.51876 2702 332
H1140TS257_2 0.65283 0.51446 2700 351
T1178TS398_2o 0.64946 0.53981 4884 612
H1142TS097_3 0.66483 0.50144 2689 347
H1134TS477_1 0.68943 0.48841 4168 543
H1141TS350_1 0.67311 0.49436 2676 346
T1113TS188_5o 0.65287 0.51232 3089 386
T1113TS169_4o 0.65287 0.51232 3089 386
T1113TS098_4o 0.65287 0.51232 3089 386
T1110TS147_3o 0.67034 0.49582 3444 454
H1143TS234_4 0.65885 0.5042 2718 350
H1144TS493_3 0.6682 0.49768 2639 341
T1121TS350_5o 0.67113 0.49477 6058 762
H1144TS091_4 0.66234 0.50286 2639 341
H1142TS234_5 0.66662 0.49854 2689 347
T1127TS493_5o 0.64927 0.53534 3398 422
H1144TS434_5 0.66745 0.49822 2641 341
H1144TS011_5 0.66745 0.49822 2641 341
T1113TS360_1o 0.657 0.50533 3090 386
H1144TS399_1 0.66912 0.49627 2641 341
H1144TS125_1 0.66912 0.49627 2641 341
H1144TS054_1 0.66912 0.49627 2641 341
T1113TS312_5o 0.65501 0.50604 3088 386
H1144TS439_2 0.66986 0.49563 2591 341
H1144TS239_5 0.66986 0.49563 2591 341
T1160TS374_5o 0.71574 0.48717 716 96
T1153TS035_1o 0.65092 0.51999 4642 598
T1187TS234_5o 0.65229 0.51132 2704 332
T1178TS441_2o 0.64939 0.52764 4890 612
T1178TS433_2o 0.64939 0.52764 4890 612
T1153TS248_1o 0.65112 0.51725 4642 598
H1142TS239_5 0.66955 0.49529 2640 347
H1144TS147_2 0.66813 0.49657 2640 341
H1144TS185_1 0.6641 0.50019 2639 341
T1123TS165_4o 0.65405 0.50653 4180 532
T1179TS350_1o 0.64953 0.52528 4146 522
T1179TS291_1o 0.64953 0.52528 4146 522
T1113TS493_1o 0.65823 0.50372 3088 386
H1142TS447_4 0.67265 0.49241 2689 347
H1144TS147_5 0.67034 0.49399 2640 341
T1161TS278_2o 0.68904 0.48705 720 96
H1143TS234_3 0.66105 0.50178 2718 350
T1153TS205_4o 0.6501 0.51967 4642 598
T1124TS091_2o 0.65987 0.5023 5922 768
H1140TS350_5 0.67208 0.49236 2700 351
H1140TS291_5 0.67208 0.49236 2700 351
H1142TS348_3 0.66668 0.49744 2687 347
H1141TS165_3 0.66488 0.4988 2678 346
T1161TS185_2o 0.66597 0.49818 718 96
H1157TS439_1 0.65853 0.50332 10772 1406
H1157TS229_1 0.65853 0.50332 10772 1406
H1140TS245_5 0.6696 0.49403 2702 351
H1140TS097_4 0.6687 0.49503 2702 351
T1113TS288_5o 0.65569 0.50515 3088 386
T1113TS037_5o 0.65832 0.50338 3090 386
H1157TS461_5 0.65441 0.50558 11828 1524
H1157TS446_5 0.65441 0.50558 11828 1524
H1144TS397_5 0.66726 0.49649 2618 338
H1144TS165_2 0.66909 0.49403 2641 341
H1157TS439_3 0.65817 0.503 10772 1406
H1140TS350_4 0.67585 0.48984 2700 351
H1140TS291_4 0.67585 0.48984 2700 351
H1144TS185_3 0.6645 0.49819 2639 341
H1141TS091_2 0.65095 0.50917 2676 346
H1144TS439_5 0.66838 0.49428 2591 341
H1141TS119_4 0.66997 0.49249 2676 346
H1144TS234_1 0.66606 0.49733 2641 341
T1113TS312_2o 0.65653 0.50424 3088 386
H1157TS073_5 0.65726 0.50354 11826 1524
T1121TS350_1o 0.67063 0.49202 6058 762
T1127TS278_4o 0.64843 0.52726 3400 422
H1142TS439_4 0.66544 0.49762 2640 347
H1144TS234_4 0.66367 0.49823 2641 341
T1161TS073_3o 0.69006 0.48484 718 96
H1141TS350_3 0.67069 0.49106 2676 346
H1142TS234_1 0.66513 0.49734 2688 347
H1157TS239_1 0.65834 0.50169 10772 1406
H1157TS229_2 0.65834 0.50169 10772 1406
T1124TS046_1o 0.6691 0.49238 5924 768
T1124TS035_2o 0.6691 0.49238 5924 768
H1144TS119_5 0.66598 0.49647 2639 341
T1153TS288_2o 0.64895 0.51772 4640 598
T1153TS074_1o 0.64895 0.51772 4640 598
T1127TS278_5o 0.65039 0.5079 3400 422
T1161TS225_2o 0.6682 0.49301 720 96
T1187TS304_2o 0.64901 0.51615 2704 332
T1187TS248_2o 0.64901 0.51615 2704 332
T1187TS046_2o 0.64901 0.51615 2704 332
T1187TS035_2o 0.64901 0.51615 2704 332
T1123TS239_4o 0.64806 0.52718 3482 446
H1142TS439_2 0.66523 0.49659 2640 347
H1144TS397_1 0.66178 0.49903 2618 338
H1142TS234_2 0.66582 0.49627 2689 347
H1144TS350_1 0.66865 0.49234 2639 341
H1143TS091_5 0.65321 0.50508 2716 350
H1157TS494_2 0.65122 0.50666 11514 1478
T1153TS288_5o 0.6491 0.51482 4639 598
T1153TS074_5o 0.6491 0.51482 4639 598
T1153TS314_3o 0.64979 0.50873 4642 598
T1123TS150_3o 0.64766 0.52589 4180 532
T1178TS180_5o 0.64844 0.52071 4890 612
H1142TS234_4 0.66383 0.49678 2687 347
H1142TS257_2 0.65594 0.50343 2687 347
H1143TS067_2 0.66383 0.49645 2716 350
H1142TS239_4 0.6662 0.49486 2640 347
T1179TS131_5o 0.64878 0.5161 4148 522
T1187TS304_5o 0.64884 0.51544 2704 332
T1187TS248_5o 0.64884 0.51544 2704 332
T1187TS046_5o 0.64884 0.51544 2704 332
T1187TS035_5o 0.64884 0.51544 2704 332
T1113TS350_1o 0.66751 0.4932 3088 386
T1109TS147_4o 0.6674 0.49319 3438 454
T1113TS037_4o 0.65681 0.50222 3090 386
T1161TS205_2o 0.68455 0.4844 720 96
H1143TS350_4 0.66627 0.49448 2716 350
T1161TS374_3o 0.66768 0.49267 720 96
H1143TS234_2 0.65858 0.50015 2716 350
T1127TS493_1o 0.64749 0.52673 3398 422
H1144TS234_3 0.66617 0.49413 2641 341
H1140TS165_2 0.66286 0.49717 2701 351
H1140TS147_3 0.66559 0.49463 2701 351
H1144TS439_4 0.6654 0.49468 2591 341
H1157TS374_4 0.65055 0.50608 11828 1524
H1157TS003_4 0.65014 0.50664 11828 1524
T1123TS390_3o 0.64699 0.53706 4180 532
T1123TS360_4o 0.64699 0.53706 4180 532
T1178TS398_5o 0.64682 0.55168 4890 612
T1109TS147_5o 0.6666 0.49237 3438 454
H1144TS119_2 0.66609 0.49343 2639 341
H1142TS439_1 0.66523 0.49403 2640 347
H1142TS067_2 0.65511 0.50307 2687 347
H1142TS239_1 0.66587 0.49343 2640 347
T1123TS165_3o 0.64977 0.50692 4179 532
H1157TS205_3 0.64853 0.50873 11828 1524
T1121TS350_2o 0.66766 0.49135 6058 762
H1141TS493_3 0.66704 0.4912 2676 346
T1113TS360_4o 0.65486 0.50288 3090 386
H1157TS133_3 0.64875 0.50746 11828 1524
T1121TS350_4o 0.66498 0.49275 6058 762
T1179TS367_1o 0.64708 0.52341 4148 522
T1179TS003_4o 0.64708 0.52341 4148 522
H1144TS234_5 0.6633 0.49364 2641 341
T1113TS423_4o 0.64951 0.50603 3088 386
T1113TS187_4o 0.64951 0.50603 3088 386
H1157TS461_2 0.64834 0.50745 11828 1524
H1157TS446_2 0.64834 0.50745 11828 1524
T1124TS091_1o 0.65951 0.49757 5922 768
H1157TS278_1 0.65139 0.50486 11828 1524
H1157TS239_2 0.65739 0.49908 10772 1406
H1144TS248_2 0.65712 0.49921 2641 341
H1144TS035_2 0.65712 0.49921 2641 341
H1144TS434_4 0.65858 0.4978 2641 341
H1144TS011_4 0.65858 0.4978 2641 341
T1179TS374_5o 0.647 0.52297 4148 522
T1161TS278_5o 0.67878 0.48425 720 96
H1157TS158_5 0.64858 0.50696 11828 1524
H1140TS350_3 0.66879 0.488 2700 351
H1140TS291_3 0.66879 0.488 2700 351
H1140TS234_4 0.66449 0.49114 2701 351
H1144TS234_2 0.66166 0.49525 2641 341
H1143TS257_2 0.65237 0.50373 2716 350
T1178TS312_4o 0.64657 0.53127 4730 589
H1157TS374_2 0.64886 0.50594 11828 1524
H1142TS493_3 0.6611 0.49474 2687 347
H1157TS298_3 0.64827 0.50664 11828 1524
H1142TS257_4 0.65205 0.50372 2687 347
T1127TS091_1o 0.64678 0.52136 3398 422
T1121TS350_3o 0.6664 0.48916 6058 762
T1161TS278_1o 0.66675 0.4886 720 96
H1157TS461_3 0.64749 0.50799 11828 1524
H1157TS446_3 0.64749 0.50799 11828 1524
T1153TS248_3o 0.64691 0.51836 4642 598
H1157TS227_5 0.64807 0.50643 11828 1524
H1157TS461_4 0.64976 0.50511 11828 1524
H1157TS446_4 0.64976 0.50511 11828 1524
H1141TS119_2 0.66936 0.48629 2676 346
H1140TS350_2 0.66833 0.48715 2700 351
H1140TS291_2 0.66833 0.48715 2700 351
H1157TS073_2 0.65489 0.50013 11826 1524
T1161TS071_2o 0.67706 0.48319 718 96
H1144TS073_4 0.66768 0.48802 2639 341
H1157TS434_3 0.64712 0.50802 11828 1524
H1157TS011_3 0.64712 0.50802 11828 1524
H1144TS165_3 0.66178 0.49208 2641 341
H1157TS385_1 0.65376 0.50043 11828 1524
H1157TS245_1 0.65376 0.50043 11828 1524
H1140TS234_2 0.66448 0.48862 2702 351
H1144TS493_2 0.66177 0.49169 2639 341
H1140TS234_3 0.66308 0.48953 2702 351
T1113TS494_2o 0.64978 0.50472 3090 386
H1157TS374_3 0.64868 0.5052 11828 1524
T1113TS147_2o 0.65803 0.49506 3090 386
T1123TS037_4o 0.64531 0.54781 4180 532
H1157TS461_1 0.64703 0.5072 11828 1524
H1157TS446_1 0.64703 0.5072 11828 1524
H1157TS374_5 0.64703 0.50704 11828 1524
T1123TS314_1o 0.64538 0.53868 4180 532
T1178TS423_4o 0.646 0.52151 4888 612
T1161TS314_1o 0.67578 0.48226 718 96
T1179TS399_2o 0.64739 0.50599 4148 522
T1179TS125_2o 0.64739 0.50599 4148 522
T1179TS054_2o 0.64739 0.50599 4148 522
T1113TS147_3o 0.66198 0.48984 3090 386
T1160TS147_5o 0.72428 0.47506 716 96
H1141TS091_5 0.65126 0.50285 2676 346
H1157TS092_1 0.64888 0.50476 11826 1524
H1140TS165_5 0.66269 0.48889 2700 351
H1157TS374_1 0.64835 0.50489 11828 1524
H1157TS225_5 0.654 0.49902 11828 1524
T1179TS205_5o 0.64649 0.51543 4148 522
H1157TS298_2 0.64929 0.50418 11828 1524
H1140TS165_1 0.65962 0.49083 2702 351
H1157TS169_5 0.64702 0.50647 11828 1524
T1113TS147_5o 0.6555 0.49775 3090 386
H1141TS350_5 0.66935 0.48431 2676 346
T1161TS037_2o 0.66371 0.48787 720 96
H1157TS098_3 0.64691 0.50649 11828 1524
H1157TS399_3 0.64738 0.50577 11828 1524
H1157TS125_3 0.64738 0.50577 11828 1524
H1157TS054_3 0.64738 0.50577 11828 1524
H1157TS288_4 0.64719 0.50585 11826 1524
H1157TS074_4 0.64719 0.50585 11826 1524
T1153TS248_5o 0.64599 0.51644 4642 598
H1157TS462_2 0.6476 0.50542 11826 1524
H1157TS180_2 0.6476 0.50542 11826 1524
T1161TS248_4o 0.66932 0.48387 720 96
T1161TS035_2o 0.66932 0.48387 720 96
H1157TS360_4 0.64689 0.50646 11828 1524
H1157TS298_1 0.64689 0.50646 11828 1524
T1161TS462_3o 0.67921 0.47962 720 96
T1161TS180_3o 0.67921 0.47962 720 96
H1157TS399_2 0.64657 0.50774 11828 1524
H1157TS125_2 0.64657 0.50774 11828 1524
H1157TS054_2 0.64657 0.50774 11828 1524
H1144TS205_1 0.65736 0.49333 2641 341
T1160TS374_4o 0.69761 0.47331 716 96
H1157TS367_4 0.64685 0.50578 11828 1524
H1157TS367_5 0.64752 0.50497 11828 1524
H1157TS086_2 0.64752 0.50497 11828 1524
H1157TS158_4 0.64658 0.50699 11828 1524
H1157TS086_1 0.64658 0.50699 11828 1524
H1157TS003_3 0.64658 0.50699 11828 1524
H1157TS423_2 0.64671 0.50602 11826 1524
H1157TS187_2 0.64671 0.50602 11826 1524
H1140TS147_2 0.65755 0.49229 2702 351
T1179TS119_4o 0.64489 0.53185 4148 522
H1157TS158_2 0.64616 0.50834 11828 1524
H1157TS086_3 0.64616 0.50834 11828 1524
T1113TS147_1o 0.65953 0.48904 3090 386
H1142TS147_2 0.65872 0.48955 2689 347
H1140TS165_4 0.65967 0.48861 2702 351
T1161TS350_3o 0.67634 0.4798 718 96
T1161TS291_3o 0.67634 0.4798 718 96
T1161TS374_2o 0.66467 0.48595 720 96
H1157TS131_4 0.64764 0.50451 11828 1524
T1160TS180_2o 0.68902 0.47293 716 96
T1161TS374_1o 0.66995 0.48227 720 96
T1161TS374_5o 0.66795 0.48426 720 96
T1179TS439_3o 0.64609 0.50691 4040 522
H1157TS227_2 0.64618 0.50647 11828 1524
T1179TS037_1o 0.64521 0.52085 4148 522
H1157TS434_1 0.64675 0.50501 11828 1524
H1157TS011_1 0.64675 0.50501 11828 1524
T1160TS444_1o 0.69157 0.47168 714 96
T1153TS248_2o 0.64553 0.51507 4642 598
T1160TS278_5o 0.68893 0.47198 716 96
H1157TS367_2 0.64726 0.50435 11828 1524
H1157TS423_3 0.64583 0.50584 11826 1524
H1157TS187_3 0.64583 0.50584 11826 1524
T1160TS462_5o 0.69737 0.47007 716 96
H1157TS399_5 0.65218 0.49824 11828 1524
H1157TS125_5 0.65218 0.49824 11828 1524
H1157TS054_5 0.65218 0.49824 11828 1524
H1157TS003_5 0.64623 0.50545 11828 1524
T1179TS147_2o 0.64506 0.51638 4148 522
T1178TS461_4o 0.64463 0.52214 4890 612
T1178TS446_4o 0.64463 0.52214 4890 612
T1179TS398_3o 0.64493 0.5164 4148 522
H1157TS131_3 0.64626 0.50481 11828 1524
H1144TS067_2 0.65967 0.48694 2639 341
T1160TS150_3o 0.69378 0.46921 716 96
H1157TS367_1 0.64579 0.50555 11828 1524
H1157TS158_1 0.64579 0.50555 11828 1524
H1157TS086_4 0.64579 0.50555 11828 1524
H1157TS003_2 0.64579 0.50555 11828 1524
H1157TS367_3 0.64584 0.50546 11828 1524
H1157TS348_4 0.6458 0.5055 11826 1524
H1157TS003_1 0.64584 0.50546 11828 1524
H1140TS147_5 0.66019 0.4864 2701 351
H1157TS423_1 0.64628 0.50475 11826 1524
H1157TS187_1 0.64628 0.50475 11826 1524
H1141TS091_1 0.64965 0.50078 2676 346
H1157TS131_2 0.64685 0.50396 11828 1524
T1179TS441_1o 0.64516 0.50976 4148 522
T1179TS433_1o 0.64516 0.50976 4148 522
H1157TS205_1 0.64706 0.50364 11828 1524
T1113TS350_5o 0.65583 0.4907 3088 386
H1140TS234_1 0.6607 0.48575 2702 351
H1157TS444_2 0.64887 0.50135 11826 1524
T1153TS248_4o 0.64459 0.51754 4642 598
T1109TS494_5o 0.66932 0.47979 3312 436
H1157TS227_3 0.645 0.508 11828 1524
T1160TS461_4o 0.68267 0.47204 716 96
T1160TS446_4o 0.68267 0.47204 716 96
H1157TS288_3 0.64658 0.50393 11826 1524
H1157TS074_3 0.64658 0.50393 11826 1524
H1157TS288_2 0.6456 0.50493 11826 1524
H1157TS074_2 0.6456 0.50493 11826 1524
H1157TS131_1 0.64616 0.50403 11828 1524
T1123TS390_1o 0.64334 0.54027 4180 532
T1123TS320_1o 0.64334 0.54027 4180 532
T1160TS461_5o 0.68671 0.46796 716 96
T1160TS446_5o 0.68671 0.46796 716 96
H1157TS225_3 0.65096 0.4978 11828 1524
H1157TS399_4 0.64551 0.50464 11828 1524
H1157TS125_4 0.64551 0.50464 11828 1524
H1157TS054_4 0.64551 0.50464 11828 1524
H1142TS147_3 0.65933 0.48517 2689 347
H1144TS350_2 0.66078 0.48491 2639 341
T1160TS147_3o 0.707 0.46654 716 96
T1179TS374_1o 0.64375 0.52341 4148 522
T1153TS314_2o 0.64527 0.50477 4642 598
H1157TS434_2 0.64479 0.50568 11828 1524
H1157TS011_2 0.64479 0.50568 11828 1524
H1157TS227_1 0.64559 0.50429 11828 1524
H1157TS133_1 0.64559 0.50429 11828 1524
H1157TS169_2 0.64489 0.50539 11828 1524
H1141TS350_4 0.66044 0.48484 2676 346
T1179TS119_5o 0.64384 0.5204 4148 522
T1161TS494_2o 0.67931 0.47187 720 96
H1142TS147_4 0.66233 0.48347 2689 347
T1160TS360_1o 0.6917 0.46586 716 96
H1144TS493_1 0.657 0.48722 2639 341
T1160TS477_1o 0.69474 0.46576 716 96
H1157TS227_4 0.64454 0.50564 11828 1524
H1157TS097_3 0.65144 0.49587 11828 1524
T1123TS150_2o 0.64308 0.53249 4176 532
H1157TS348_1 0.64455 0.5053 11826 1524
H1157TS399_1 0.64462 0.50481 11828 1524
H1157TS125_1 0.64462 0.50481 11828 1524
H1157TS054_1 0.64462 0.50481 11828 1524
T1160TS278_3o 0.67999 0.47021 716 96
T1179TS350_5o 0.64282 0.53587 4146 522
T1179TS291_5o 0.64282 0.53587 4146 522
T1160TS180_1o 0.6854 0.46614 716 96
H1157TS494_1 0.64447 0.50431 11828 1524
H1157TS444_4 0.64689 0.50137 11826 1524
H1157TS360_1 0.64479 0.5037 11828 1524
T1160TS248_5o 0.68228 0.46721 716 96
T1160TS035_5o 0.68228 0.46721 716 96
H1157TS119_3 0.64535 0.50313 11826 1524
T1160TS180_3o 0.68423 0.46609 716 96
H1157TS158_3 0.64408 0.50583 11828 1524
H1157TS073_3 0.64891 0.49719 11826 1524
H1157TS169_4 0.64487 0.50314 11828 1524
H1157TS098_1 0.64487 0.50314 11828 1524
T1113TS350_2o 0.65457 0.48783 3088 386
T1160TS147_1o 0.702 0.46307 716 96
H1157TS131_5 0.64534 0.50251 11828 1524
H1157TS073_4 0.65074 0.49432 11826 1524
H1157TS169_3 0.64501 0.50283 11828 1524
H1157TS119_4 0.6449 0.50275 11826 1524
T1179TS444_1o 0.64228 0.5339 4146 522
H1157TS133_2 0.64415 0.50369 11828 1524
H1157TS288_1 0.64477 0.50274 11826 1524
H1157TS074_1 0.64477 0.50274 11826 1524
T1160TS494_1o 0.69098 0.46211 716 96
T1113TS147_4o 0.65931 0.48198 3090 386
H1141TS493_1 0.65815 0.48257 2676 346
H1157TS086_5 0.64444 0.50338 11828 1524
T1109TS147_3o 0.65575 0.48529 3438 454
T1179TS298_1o 0.64226 0.5285 4148 522
H1141TS423_5 0.65891 0.48185 2676 346
H1157TS169_1 0.64434 0.503 11828 1524
H1157TS348_3 0.64354 0.50565 11826 1524
T1179TS185_5o 0.6429 0.51362 4148 522
H1157TS360_2 0.64421 0.50288 11828 1524
T1127TS493_2o 0.64218 0.52669 3398 422
T1161TS225_4o 0.6688 0.47285 720 96
T1160TS180_4o 0.68486 0.46191 716 96
H1157TS348_5 0.64363 0.50357 11826 1524
T1113TS188_3o 0.64571 0.50017 3089 386
T1123TS165_1o 0.64133 0.53267 4179 532
H1157TS119_5 0.64391 0.5016 11826 1524
T1123TS390_4o 0.64204 0.52109 4180 532
T1109TS234_1o 0.65469 0.48499 3440 454
T1161TS131_3o 0.65302 0.48639 720 96
T1161TS119_3o 0.65302 0.48639 720 96
T1160TS494_5o 0.68952 0.4605 716 96
H1144TS119_4 0.65896 0.47976 2639 341
T1113TS037_3o 0.64739 0.49629 3090 386
H1157TS071_3 0.64444 0.50067 11826 1524
H1157TS298_4 0.64319 0.50366 11828 1524
H1157TS288_5 0.64371 0.50197 11826 1524
H1157TS074_5 0.64371 0.50197 11826 1524
H1157TS097_2 0.64937 0.49212 11828 1524
H1141TS147_2 0.65916 0.47952 2677 346
T1179TS180_1o 0.64285 0.50474 4148 522
T1160TS462_4o 0.68159 0.46175 716 96
T1123TS444_2o 0.64149 0.52502 4178 532
H1157TS098_2 0.64351 0.50323 11828 1524
H1144TS350_4 0.65777 0.48025 2639 341
T1123TS423_1o 0.64168 0.51554 4178 532
T1123TS187_1o 0.64168 0.51554 4178 532
T1179TS350_4o 0.64094 0.52748 4146 522
T1179TS291_4o 0.64094 0.52748 4146 522
T1161TS248_5o 0.66299 0.47656 720 96
T1160TS360_4o 0.68886 0.45989 716 96
T1123TS444_4o 0.64088 0.52742 4178 532
T1160TS298_4o 0.6861 0.46005 716 96
T1179TS374_4o 0.64076 0.53009 4148 522
T1123TS314_4o 0.64087 0.5249 4180 532
T1161TS350_4o 0.67264 0.46506 718 96
T1161TS291_4o 0.67264 0.46506 718 96
T1160TS248_2o 0.67488 0.46363 716 96
T1160TS035_2o 0.67488 0.46363 716 96
H1157TS494_3 0.64214 0.50614 11828 1524
H1142TS188_5 0.65123 0.4876 2689 347
H1142TS188_4 0.65123 0.4876 2689 347
H1142TS188_3 0.65123 0.4876 2689 347
H1142TS188_2 0.65123 0.4876 2689 347
H1142TS188_1 0.65123 0.4876 2689 347
T1160TS360_5o 0.68599 0.45979 716 96
H1157TS071_4 0.64271 0.50255 11826 1524
H1157TS119_1 0.64357 0.50041 11825 1524
T1161TS185_3o 0.66598 0.47281 718 96
T1123TS312_5o 0.64009 0.54242 4178 532
H1157TS298_5 0.64242 0.50386 11828 1524
T1153TS165_3o 0.64363 0.49994 4642 598
T1161TS225_5o 0.65597 0.48065 720 96
T1160TS298_3o 0.6864 0.45877 716 96
H1157TS119_2 0.64324 0.50024 11825 1524
T1153TS165_5o 0.6415 0.50696 4642 598
H1157TS434_4 0.64243 0.50341 11828 1524
H1157TS011_4 0.64243 0.50341 11828 1524
T1160TS298_1o 0.6896 0.45817 716 96
T1153TS493_5o 0.64107 0.50739 4640 598
H1157TS462_1 0.64367 0.49893 11826 1524
H1157TS180_1 0.64367 0.49893 11826 1524
T1161TS147_1o 0.671 0.46338 720 96
T1161TS205_4o 0.66993 0.46499 720 96
H1157TS423_5 0.64247 0.50158 11826 1524
H1157TS187_5 0.64247 0.50158 11826 1524
T1179TS423_4o 0.63996 0.52312 4146 522
T1179TS187_4o 0.63996 0.52312 4146 522
T1160TS461_3o 0.67909 0.46021 716 96
T1160TS446_3o 0.67909 0.46021 716 96
T1160TS288_1o 0.67833 0.46046 714 96
T1160TS074_1o 0.67833 0.46046 714 96
T1160TS462_1o 0.68505 0.45742 716 96
T1161TS350_5o 0.66332 0.47147 718 96
T1161TS291_5o 0.66332 0.47147 718 96
T1160TS348_5o 0.68637 0.45703 714 96
H1157TS477_1 0.64215 0.50168 11826 1524
H1157TS423_4 0.64266 0.50072 11826 1524
H1157TS187_4 0.64266 0.50072 11826 1524
T1113TS188_2o 0.64359 0.49827 3089 386
T1113TS169_5o 0.64359 0.49827 3089 386
T1160TS185_1o 0.66708 0.46743 714 96
T1113TS398_5o 0.64413 0.49766 3088 386
T1161TS147_3o 0.66872 0.4643 720 96
T1179TS374_3o 0.63965 0.51996 4148 522
H1144TS091_5 0.64633 0.4928 2639 341
H1157TS360_5 0.64182 0.50109 11828 1524
H1157TS444_1 0.64321 0.49803 11826 1524
T1160TS360_3o 0.68951 0.45541 716 96
H1157TS444_5 0.64378 0.49695 11826 1524
T1160TS205_3o 0.68058 0.45846 716 96
T1178TS423_3o 0.64133 0.50157 4888 612
T1178TS187_5o 0.64133 0.50157 4888 612
T1123TS423_3o 0.63875 0.53044 4178 532
T1123TS187_3o 0.63875 0.53044 4178 532
T1179TS423_2o 0.64021 0.50549 4146 522
T1179TS187_2o 0.64021 0.50549 4146 522
H1141TS091_3 0.64265 0.49848 2676 346
T1161TS494_4o 0.65884 0.47254 720 96
H1157TS097_1 0.65065 0.48351 11828 1524
H1157TS360_3 0.64252 0.49823 11828 1524
T1187TS091_1o 0.63872 0.5239 2702 332
T1160TS288_2o 0.67404 0.45957 714 96
T1160TS074_2o 0.67404 0.45957 714 96
T1178TS312_2o 0.63883 0.5186 4722 588
H1144TS423_4 0.65255 0.48137 2639 341
H1144TS187_4 0.65255 0.48137 2639 341
T1160TS314_3o 0.68157 0.4553 714 96
T1113TS188_4o 0.64147 0.5001 3089 386
H1134TS037_2 0.67236 0.45956 4170 543
H1157TS071_5 0.64079 0.50098 11825 1524
H1144TS091_2 0.64433 0.49375 2639 341
T1160TS360_2o 0.68438 0.45449 716 96
T1160TS298_2o 0.68438 0.45449 716 96
H1157TS444_3 0.64296 0.49602 11826 1524
T1160TS037_2o 0.69175 0.4529 716 96
T1113TS493_3o 0.64249 0.49703 3088 386
T1160TS185_2o 0.6673 0.4618 714 96
H1157TS071_2 0.64099 0.49961 11826 1524
H1157TS185_4 0.64229 0.49721 11828 1524
T1160TS367_1o 0.6787 0.45498 716 96
T1123TS398_5o 0.63787 0.53499 4179 532
T1179TS158_5o 0.63946 0.50335 4148 522
T1160TS086_5o 0.67752 0.45585 716 96
T1160TS439_3o 0.67195 0.45794 696 96
T1160TS239_3o 0.67195 0.45794 696 96
T1160TS229_3o 0.67195 0.45794 696 96
T1160TS248_1o 0.68351 0.45329 716 96
T1160TS035_1o 0.68351 0.45329 716 96
T1123TS165_5o 0.64131 0.49779 4178 532
T1160TS073_3o 0.68061 0.45425 714 96
T1153TS165_1o 0.64166 0.49626 4642 598
T1160TS185_4o 0.67468 0.45624 714 96
T1179TS239_2o 0.63912 0.50305 4040 522
T1179TS229_2o 0.63912 0.50305 4040 522
H1157TS071_1 0.63977 0.50032 11826 1524
T1160TS150_4o 0.67184 0.45675 716 96
T1160TS180_5o 0.68033 0.45363 716 96
H1157TS185_3 0.64276 0.49324 11828 1524
T1160TS367_2o 0.67891 0.45345 716 96
T1160TS158_5o 0.67891 0.45345 716 96
T1160TS158_2o 0.67845 0.45269 716 96
T1160TS086_4o 0.67845 0.45269 716 96
H1144TS091_3 0.64277 0.49215 2639 341
T1160TS073_1o 0.67201 0.45461 714 96
T1123TS314_2o 0.63793 0.50521 4180 532
H1157TS225_2 0.64577 0.48694 11828 1524
T1160TS131_1o 0.68615 0.45101 716 96
T1160TS119_1o 0.68615 0.45101 716 96
H1134TS494_2 0.6705 0.4545 4075 532
H1134TS385_4 0.668 0.45828 4170 543
H1134TS245_4 0.668 0.45828 4170 543
T1160TS367_4o 0.67967 0.45144 716 96
H1157TS133_5 0.63901 0.49893 11828 1524
H1157TS278_3 0.64 0.49745 11828 1524
T1160TS462_3o 0.68105 0.45117 716 96
T1160TS367_3o 0.67593 0.45211 716 96
T1160TS073_2o 0.66847 0.4558 714 96
T1160TS423_3o 0.67126 0.45268 714 96
T1160TS187_3o 0.67126 0.45268 714 96
T1160TS423_4o 0.68315 0.45083 714 96
T1160TS187_4o 0.68315 0.45083 714 96
H1134TS278_3 0.67281 0.45223 4170 543
H1157TS133_4 0.63899 0.49843 11828 1524
T1187TS234_2o 0.64124 0.49313 2704 332
T1123TS493_3o 0.63671 0.53729 4178 532
H1134TS037_1 0.67483 0.45195 4170 543
H1141TS147_3 0.65372 0.47256 2677 346
T1123TS390_2o 0.63691 0.53119 4180 532
T1160TS150_5o 0.66802 0.45633 716 96
H1134TS374_2 0.6725 0.45183 4170 543
T1160TS158_1o 0.67827 0.45112 716 96
T1160TS086_1o 0.67827 0.45112 716 96
T1160TS003_1o 0.67827 0.45112 716 96
T1160TS348_4o 0.66865 0.45449 714 96
T1179TS188_4o 0.63784 0.50175 4148 522
T1160TS439_1o 0.67797 0.45054 696 96
T1160TS239_2o 0.67797 0.45054 696 96
T1160TS229_2o 0.67797 0.45054 696 96
T1179TS147_3o 0.63949 0.49602 4148 522
T1160TS131_2o 0.68802 0.44866 716 96
T1160TS119_2o 0.68802 0.44866 716 96
T1160TS298_5o 0.68211 0.44942 716 96
T1160TS288_3o 0.68381 0.44919 714 96
T1160TS074_3o 0.68381 0.44919 714 96
T1179TS367_4o 0.63784 0.50018 4148 522
T1179TS158_2o 0.63784 0.50018 4148 522
T1179TS086_1o 0.63784 0.50018 4148 522
T1179TS003_3o 0.63784 0.50018 4148 522
T1161TS131_5o 0.6475 0.48119 720 96
H1157TS185_5 0.63981 0.49341 11828 1524
T1187TS234_3o 0.6384 0.49717 2704 332
T1187TS234_4o 0.63858 0.49626 2704 332
H1157TS441_3 0.63898 0.49555 11826 1524
H1157TS433_3 0.63898 0.49555 11826 1524
H1157TS147_3 0.64203 0.48839 11597 1493
T1161TS314_2o 0.65282 0.46981 718 96
H1157TS441_5 0.63917 0.49457 11826 1524
H1157TS433_5 0.63917 0.49457 11826 1524
H1157TS439_5 0.64029 0.49139 11620 1524
H1157TS229_5 0.64029 0.49139 11620 1524
H1157TS248_2 0.63826 0.4965 11826 1524
H1157TS035_2 0.63826 0.4965 11826 1524
T1179TS493_2o 0.63581 0.52678 4146 522
T1123TS447_4o 0.63568 0.52444 4180 532
H1141TS147_1 0.64686 0.4809 2677 346
H1157TS225_4 0.64543 0.48229 11828 1524
T1113TS350_3o 0.64524 0.48238 3088 386
H1157TS439_4 0.63953 0.49089 11620 1524
H1157TS229_4 0.63953 0.49089 11620 1524
T1179TS248_5o 0.63643 0.50398 4148 522
T1179TS035_5o 0.63643 0.50398 4148 522
T1124TS444_4o 0.65242 0.46949 5916 768
H1157TS248_4 0.63794 0.49571 11826 1524
H1157TS035_4 0.63794 0.49571 11826 1524
H1157TS147_2 0.64205 0.48708 11597 1493
T1187TS234_1o 0.63873 0.49176 2704 332
H1157TS239_4 0.63939 0.49037 11620 1524
H1157TS229_3 0.63939 0.49037 11620 1524
T1179TS444_3o 0.63535 0.51881 4146 522
T1161TS461_4o 0.65711 0.46101 720 96
T1161TS446_4o 0.65711 0.46101 720 96
T1123TS169_3o 0.63441 0.53978 4180 532
T1160TS073_4o 0.66927 0.4487 714 96
T1161TS288_5o 0.65153 0.4704 718 96
T1161TS074_5o 0.65153 0.4704 718 96
T1161TS390_3o 0.64702 0.47919 720 96
T1161TS320_3o 0.64702 0.47919 720 96
T1113TS398_2o 0.63941 0.48974 3088 386
T1123TS447_2o 0.63478 0.5225 4180 532
T1179TS439_2o 0.63603 0.5044 4040 522
T1160TS447_4o 0.67066 0.44757 716 96
T1160TS447_3o 0.67066 0.44757 716 96
T1161TS477_1o 0.65177 0.46887 720 96
H1142TS147_1 0.64891 0.47421 2689 347
T1160TS003_3o 0.67665 0.44671 716 96
H1157TS248_3 0.63718 0.49785 11826 1524
H1157TS035_3 0.63718 0.49785 11826 1524
T1161TS188_3o 0.64663 0.47866 720 96
T1161TS169_2o 0.64663 0.47866 720 96
T1161TS098_3o 0.64663 0.47866 720 96
T1121TS234_1o 0.64698 0.47817 6060 762
H1157TS097_4 0.64287 0.48465 11828 1524
T1123TS312_1o 0.63342 0.53614 4178 532
T1160TS399_4o 0.66639 0.44945 716 96
T1160TS125_4o 0.66639 0.44945 716 96
T1160TS054_4o 0.66639 0.44945 716 96
T1123TS447_5o 0.63396 0.51961 4180 532
T1123TS150_1o 0.63358 0.52744 4180 532
T1123TS447_1o 0.63381 0.52264 4180 532
H1157TS462_5 0.6382 0.48954 11826 1524
H1157TS180_5 0.6382 0.48954 11826 1524
T1179TS399_1o 0.63601 0.50103 4148 522
T1179TS125_1o 0.63601 0.50103 4148 522
T1179TS054_1o 0.63601 0.50103 4148 522
H1141TS234_4 0.64738 0.47661 2678 346
T1160TS248_3o 0.68474 0.44529 716 96
T1160TS035_3o 0.68474 0.44529 716 96
H1157TS248_5 0.63706 0.49627 11826 1524
H1157TS035_5 0.63706 0.49627 11826 1524
H1157TS147_5 0.63956 0.48798 11597 1493
H1157TS278_4 0.63961 0.4877 11828 1524
T1178TS461_1o 0.63382 0.51267 4890 612
T1178TS446_1o 0.63382 0.51267 4890 612
H1157TS434_5 0.63641 0.49781 11828 1524
H1157TS011_5 0.63641 0.49781 11828 1524
T1161TS462_4o 0.65596 0.45988 720 96
T1161TS180_4o 0.65596 0.45988 720 96
T1123TS312_2o 0.63287 0.5339 4178 532
T1161TS003_3o 0.64757 0.47472 720 96
T1160TS073_5o 0.67613 0.44551 714 96
H1140TS147_4 0.64755 0.47463 2701 351
T1179TS158_4o 0.6341 0.50478 4148 522
T1179TS086_5o 0.6341 0.50478 4148 522
H1157TS462_3 0.63732 0.49209 11826 1524
H1157TS180_3 0.63732 0.49209 11826 1524
T1160TS288_5o 0.66803 0.44661 714 96
T1160TS074_5o 0.66803 0.44661 714 96
H1134TS037_3 0.66912 0.44616 4170 543
H1134TS494_1 0.66456 0.44787 4170 543
T1179TS239_3o 0.63581 0.49772 4040 522
T1179TS229_3o 0.63581 0.49772 4040 522
H1141TS234_5 0.64642 0.47497 2678 346
H1140TS091_5 0.63717 0.49027 2700 351
T1123TS312_3o 0.6324 0.532 4178 532
H1157TS147_4 0.63816 0.48743 11597 1493
H1157TS248_1 0.63567 0.49622 11826 1524
H1157TS035_1 0.63567 0.49622 11826 1524
H1157TS225_1 0.64045 0.48355 11828 1524
T1123TS447_3o 0.63163 0.52266 4180 532
H1141TS234_2 0.64576 0.4746 2678 346
T1160TS447_5o 0.67507 0.44349 716 96
T1161TS147_2o 0.65943 0.44949 720 96
T1160TS131_4o 0.68393 0.44255 716 96
T1160TS119_3o 0.68393 0.44255 716 96
H1157TS097_5 0.64051 0.48263 11828 1524
T1160TS462_2o 0.67723 0.44314 716 96
T1161TS086_1o 0.64831 0.46721 720 96
T1161TS003_5o 0.64831 0.46721 720 96
T1160TS131_3o 0.66985 0.4442 716 96
T1160TS119_5o 0.66985 0.4442 716 96
H1134TS312_2 0.6643 0.44641 4045 529
T1160TS423_5o 0.68497 0.44134 714 96
T1160TS187_5o 0.68497 0.44134 714 96
T1179TS169_4o 0.63258 0.50021 4148 522
T1179TS098_1o 0.63258 0.50021 4148 522
T1160TS461_2o 0.67015 0.4425 716 96
T1160TS446_2o 0.67015 0.4425 716 96
T1160TS158_3o 0.67085 0.44224 716 96
T1160TS086_3o 0.67085 0.44224 716 96
T1160TS003_2o 0.67085 0.44224 716 96
H1141TS147_4 0.64595 0.46863 2677 346
H1157TS239_5 0.63624 0.48825 11620 1524
T1161TS073_2o 0.65448 0.45404 718 96
T1161TS348_2o 0.64393 0.47384 718 96
T1161TS423_1o 0.66657 0.44314 718 96
T1161TS187_1o 0.66657 0.44314 718 96
H1134TS374_1 0.66251 0.44567 4170 543
H1134TS073_2 0.66084 0.44643 4168 543
T1160TS119_4o 0.67999 0.4406 716 96
H1157TS185_2 0.63329 0.49201 11828 1524
H1157TS278_2 0.63438 0.48888 11828 1524
T1113TS493_4o 0.63301 0.49122 3088 386
H1141TS234_3 0.64253 0.47511 2677 346
T1160TS131_5o 0.6708 0.44013 716 96
T1161TS288_2o 0.64785 0.46231 718 96
T1161TS074_2o 0.64785 0.46231 718 96
T1160TS188_2o 0.66811 0.44086 716 96
T1160TS169_5o 0.66811 0.44086 716 96
T1160TS098_2o 0.66811 0.44086 716 96
T1179TS298_3o 0.62922 0.51606 4148 522
T1160TS390_2o 0.66801 0.44065 716 96
T1160TS320_2o 0.66801 0.44065 716 96
T1160TS314_2o 0.66801 0.44065 716 96
T1161TS147_5o 0.65223 0.45474 720 96
H1157TS205_4 0.63545 0.48602 11828 1524
H1134TS494_4 0.66262 0.44363 4075 532
T1153TS091_5o 0.62936 0.50703 4640 598
H1134TS441_3 0.65731 0.44646 4170 543
H1134TS433_3 0.65731 0.44646 4170 543
T1113TS091_1o 0.63508 0.48528 3088 386
H1134TS147_2 0.66381 0.44178 4170 543
T1178TS091_2o 0.62843 0.51494 4888 612
H1140TS091_1 0.63764 0.4801 2700 351
H1143TS091_1 0.63662 0.48347 2716 350
H1157TS350_1 0.64027 0.47699 11826 1524
H1157TS291_1 0.64027 0.47699 11826 1524
H1134TS385_1 0.66999 0.43937 4170 543
H1134TS245_2 0.66999 0.43937 4170 543
T1113TS350_4o 0.64223 0.47147 3088 386
T1179TS278_5o 0.62805 0.51808 4148 522
T1179TS360_5o 0.62827 0.5118 4148 522
T1160TS205_5o 0.65523 0.44712 716 96
T1179TS169_2o 0.62842 0.50444 4148 522
T1179TS098_2o 0.62842 0.50444 4148 522
H1157TS150_3 0.63246 0.48817 11597 1493
H1134TS434_1 0.662 0.44186 4170 543
H1134TS011_1 0.662 0.44186 4170 543
T1160TS248_4o 0.65862 0.44295 716 96
T1160TS035_4o 0.65862 0.44295 716 96
H1134TS131_4 0.66089 0.44234 4170 543
H1134TS119_4 0.66089 0.44234 4170 543
T1179TS390_3o 0.63106 0.49252 4148 522
T1161TS035_3o 0.64362 0.46644 720 96
T1160TS158_4o 0.6659 0.43959 716 96
T1160TS086_2o 0.6659 0.43959 716 96
T1113TS385_1o 0.63986 0.47482 3088 386
H1157TS390_3 0.6324 0.48815 11597 1493
H1157TS320_3 0.6324 0.48815 11597 1493
T1161TS288_1o 0.64846 0.45808 718 96
T1161TS074_1o 0.64846 0.45808 718 96
H1157TS257_4 0.63272 0.48699 11826 1524
T1179TS073_5o 0.62751 0.51622 4146 522
H1157TS188_3 0.63235 0.48809 11597 1493
T1121TS091_3o 0.63779 0.47793 6058 762
T1160TS150_1o 0.6654 0.43939 716 96
T1160TS288_4o 0.66647 0.43913 714 96
T1160TS074_4o 0.66647 0.43913 714 96
T1179TS493_3o 0.6297 0.49797 4146 522
T1161TS367_4o 0.64248 0.46753 720 96
T1160TS348_2o 0.65257 0.44856 714 96
H1157TS390_1 0.63104 0.48953 11597 1493
H1157TS320_1 0.63104 0.48953 11597 1493
H1157TS314_1 0.63104 0.48953 11597 1493
H1157TS188_1 0.63107 0.48952 11597 1493
H1157TS150_1 0.63104 0.48953 11597 1493
H1134TS304_1 0.66303 0.43963 4170 543
H1134TS248_1 0.66303 0.43963 4170 543
H1134TS035_1 0.66303 0.43963 4170 543
H1134TS147_4 0.66245 0.4399 4170 543
T1113TS398_4o 0.63093 0.48989 3088 386
T1179TS169_3o 0.629 0.49779 4148 522
T1179TS098_3o 0.629 0.49779 4148 522
H1142TS447_5 0.64441 0.46176 2689 347
T1161TS086_3o 0.64375 0.46335 720 96
T1124TS304_5o 0.64029 0.47199 5924 768
T1124TS248_5o 0.64029 0.47199 5924 768
T1161TS205_1o 0.64775 0.45701 720 96
H1157TS165_2 0.63098 0.48845 11597 1493
H1141TS234_1 0.64013 0.4714 2677 346
T1179TS298_4o 0.62674 0.51395 4148 522
H1134TS441_4 0.65638 0.44442 4170 543
H1134TS433_4 0.65638 0.44442 4170 543
T1121TS091_4o 0.63234 0.48567 6058 762
H1157TS257_5 0.63209 0.48578 11826 1524
T1161TS367_3o 0.63881 0.47231 720 96
H1140TS091_2 0.63344 0.48337 2700 351
T1179TS131_1o 0.62787 0.49919 4148 522
H1157TS188_4 0.63062 0.48826 11597 1493
H1157TS098_4 0.63062 0.48826 11597 1493
T1113TS493_5o 0.63316 0.48476 3088 386
H1134TS494_5 0.66129 0.43936 4075 532
T1113TS398_3o 0.631 0.48783 3087 386
T1161TS119_4o 0.63963 0.47 720 96
T1179TS350_3o 0.62721 0.50365 4146 522
T1179TS291_3o 0.62721 0.50365 4146 522
T1123TS493_2o 0.62562 0.53076 4178 532
H1157TS390_4 0.63058 0.48822 11597 1493
H1157TS320_4 0.63058 0.48822 11597 1493
T1160TS003_5o 0.66868 0.43786 716 96
T1160TS150_2o 0.68229 0.43685 716 96
H1157TS350_3 0.63787 0.47401 11826 1524
H1157TS291_3 0.63787 0.47401 11826 1524
T1160TS423_1o 0.6624 0.43887 714 96
T1160TS187_1o 0.6624 0.43887 714 96
T1179TS367_5o 0.6293 0.49275 4148 522
H1157TS165_1 0.6308 0.48668 11597 1493
T1179TS086_4o 0.62634 0.50371 4148 522
H1134TS444_5 0.6513 0.44821 4168 543
H1157TS350_4 0.63723 0.47737 11826 1524
H1157TS291_4 0.63723 0.47737 11826 1524
H1157TS278_5 0.6369 0.47835 11828 1524
H1157TS350_2 0.63763 0.47419 11826 1524
H1157TS291_2 0.63763 0.47419 11826 1524
T1161TS158_2o 0.63469 0.48034 720 96
T1179TS494_2o 0.62402 0.51989 4148 522
T1161TS399_2o 0.6404 0.46673 720 96
T1161TS125_2o 0.6404 0.46673 720 96
T1161TS054_2o 0.6404 0.46673 720 96
T1161TS288_3o 0.64118 0.46431 718 96
T1161TS074_3o 0.64118 0.46431 718 96
H1134TS461_3 0.65795 0.43893 4170 543
H1134TS446_3 0.65795 0.43893 4170 543
T1161TS423_4o 0.63872 0.467 718 96
T1161TS187_4o 0.63872 0.467 718 96
T1179TS205_2o 0.62553 0.50288 4148 522
T1123TS398_4o 0.62384 0.51413 4179 532
T1161TS288_4o 0.64674 0.45424 718 96
T1161TS074_4o 0.64674 0.45424 718 96
T1179TS348_2o 0.62792 0.49233 4146 522
H1157TS390_2 0.63003 0.48519 11597 1493
H1157TS320_2 0.63003 0.48519 11597 1493
T1121TS091_2o 0.63209 0.48286 6058 762
H1134TS073_4 0.65569 0.44093 4168 543
H1140TS091_4 0.63627 0.47716 2700 351
H1157TS150_2 0.6299 0.48518 11597 1493
H1157TS165_3 0.62966 0.48564 11597 1493
H1157TS165_4 0.62971 0.48523 11597 1493
H1157TS257_3 0.63056 0.48485 11826 1524
H1157TS205_2 0.6344 0.47928 11828 1524
T1121TS091_5o 0.63378 0.47978 6058 762
T1160TS188_5o 0.66813 0.43652 716 96
T1160TS169_1o 0.66813 0.43652 716 96
T1160TS098_5o 0.66813 0.43652 716 96
H1157TS314_2 0.62882 0.48634 11597 1493
H1157TS188_2 0.62994 0.48507 11597 1493
T1179TS320_4o 0.62293 0.50674 4148 522
T1179TS180_4o 0.62745 0.49265 4148 522
H1140TS245_4 0.6375 0.46838 2702 351
H1134TS131_1 0.65835 0.43823 4170 543
H1134TS119_1 0.65835 0.43823 4170 543
T1179TS150_3o 0.62751 0.49003 4148 522
H1157TS188_5 0.62871 0.48509 11597 1493
H1157TS098_5 0.62871 0.48509 11597 1493
T1160TS439_2o 0.6707 0.436 696 96
T1160TS390_5o 0.66793 0.43614 716 96
T1160TS320_5o 0.66793 0.43614 716 96
T1187TS091_2o 0.62255 0.50417 2702 332
T1113TS091_2o 0.63266 0.48095 3088 386
H1157TS390_5 0.62865 0.48507 11597 1493
H1157TS320_5 0.62865 0.48507 11597 1493
H1157TS314_5 0.62865 0.48507 11597 1493
H1157TS150_4 0.62863 0.48506 11597 1493
T1161TS390_5o 0.63776 0.46585 720 96
T1161TS320_5o 0.63776 0.46585 720 96
H1134TS461_2 0.65746 0.43831 4170 543
H1134TS446_2 0.65746 0.43831 4170 543
T1161TS239_5o 0.64099 0.46109 704 96
T1161TS229_5o 0.64099 0.46109 704 96
T1179TS003_5o 0.6258 0.49556 4148 522
T1160TS147_4o 0.66663 0.43597 716 96
T1179TS150_1o 0.62743 0.48846 4146 522
H1157TS205_5 0.62974 0.48359 11828 1524
T1123TS493_1o 0.62152 0.53622 4178 532
T1179TS239_4o 0.62557 0.49554 4040 522
T1179TS229_4o 0.62557 0.49554 4040 522
H1157TS257_1 0.62777 0.48608 11826 1524
T1161TS188_5o 0.63751 0.46566 720 96
T1161TS169_1o 0.63751 0.46566 720 96
T1161TS098_5o 0.63751 0.46566 720 96
H1134TS180_3 0.65702 0.43827 4170 543
T1161TS367_5o 0.63858 0.46257 720 96
H1134TS278_2 0.65536 0.43919 4170 543
T1179TS037_4o 0.62258 0.4999 4148 522
T1161TS367_2o 0.64206 0.46003 720 96
H1134TS312_3 0.65784 0.4372 4066 531
H1157TS185_1 0.62639 0.48867 11828 1524
T1179TS073_2o 0.62567 0.49282 4146 522
T1113TS091_3o 0.6332 0.47804 3088 386
T1160TS188_1o 0.66636 0.43551 716 96
T1160TS169_3o 0.66636 0.43551 716 96
T1160TS098_1o 0.66636 0.43551 716 96
H1134TS304_5 0.65933 0.43683 4170 543
H1134TS248_5 0.65933 0.43683 4170 543
H1134TS035_5 0.65933 0.43683 4170 543
H1134TS086_3 0.65627 0.43831 4170 543
H1157TS441_1 0.63123 0.48123 11826 1524
H1157TS433_1 0.63123 0.48123 11826 1524
H1134TS444_2 0.6528 0.44093 4168 543
T1179TS071_5o 0.6259 0.48936 4143 522
T1161TS147_4o 0.64862 0.44677 720 96
T1179TS188_5o 0.62098 0.5078 4148 522
T1160TS444_5o 0.66174 0.43629 714 96
T1123TS399_2o 0.62171 0.50146 4180 532
T1123TS125_2o 0.62171 0.50146 4180 532
T1123TS054_2o 0.62171 0.50146 4180 532
H1106TS477_1 0.64492 0.45133 1556 192
T1187TS091_4o 0.62174 0.49975 2702 332
H1157TS165_5 0.62752 0.48377 11597 1493
T1160TS390_1o 0.66612 0.43516 716 96
T1160TS320_1o 0.66612 0.43516 716 96
T1160TS314_1o 0.66612 0.43516 716 96
T1113TS248_5o 0.63584 0.46967 3088 386
T1113TS035_5o 0.63584 0.46967 3088 386
H1134TS385_3 0.66273 0.43566 4170 543
H1134TS245_3 0.66273 0.43566 4170 543
H1157TS348_2 0.62682 0.48383 11595 1493
T1161TS158_1o 0.63128 0.47876 720 96
T1161TS086_2o 0.63128 0.47876 720 96
T1161TS003_2o 0.63128 0.47876 720 96
H1134TS434_5 0.65777 0.43617 4170 543
H1134TS011_5 0.65777 0.43617 4170 543
T1178TS462_3o 0.6263 0.48482 4890 612
T1160TS367_5o 0.66898 0.43496 716 96
T1160TS003_4o 0.66898 0.43496 716 96
T1123TS150_5o 0.62093 0.50029 4180 532
T1179TS180_2o 0.62529 0.48545 4148 522
T1113TS398_1o 0.62596 0.48379 3086 386
T1161TS399_3o 0.63662 0.46382 720 96
T1161TS125_3o 0.63662 0.46382 720 96
T1161TS054_3o 0.63662 0.46382 720 96
H1134TS312_4 0.65337 0.43866 4045 529
T1179TS494_1o 0.61945 0.5182 4148 522
T1179TS494_5o 0.62023 0.50348 4148 522
T1123TS348_5o 0.62042 0.50203 4178 532
H1134TS494_3 0.65079 0.44195 4170 543
T1160TS399_3o 0.66307 0.43497 716 96
T1160TS125_3o 0.66307 0.43497 716 96
T1160TS054_3o 0.66307 0.43497 716 96
T1179TS180_3o 0.62302 0.48787 4148 522
H1134TS180_2 0.65735 0.43594 4170 543
H1157TS493_1 0.62766 0.48152 11595 1493
H1157TS257_2 0.62763 0.48163 11826 1524
T1161TS188_4o 0.63732 0.46104 720 96
T1161TS169_3o 0.63732 0.46104 720 96
T1161TS098_4o 0.63732 0.46104 720 96
T1123TS188_2o 0.6193 0.5072 4178 532
T1123TS169_2o 0.6193 0.5072 4178 532
T1123TS098_1o 0.6193 0.5072 4178 532
T1179TS037_3o 0.62036 0.49861 4148 522
H1157TS493_3 0.62776 0.48051 11595 1493
H1157TS350_5 0.63335 0.46984 11826 1524
H1157TS291_5 0.63335 0.46984 11826 1524
H1157TS441_2 0.63006 0.47792 11826 1524
H1157TS433_2 0.63006 0.47792 11826 1524
T1160TS439_5o 0.65963 0.43495 696 96
T1179TS423_5o 0.61983 0.49907 4146 522
T1179TS187_5o 0.61983 0.49907 4146 522
T1161TS439_1o 0.6416 0.45447 704 96
T1161TS399_5o 0.637 0.46107 720 96
T1161TS125_5o 0.637 0.46107 720 96
T1161TS054_5o 0.637 0.46107 720 96
T1161TS390_4o 0.63716 0.46087 720 96
T1161TS320_4o 0.63716 0.46087 720 96
T1187TS091_3o 0.62252 0.48662 2702 332
T1161TS131_4o 0.63598 0.46313 720 96
T1161TS119_2o 0.63598 0.46313 720 96
H1157TS441_4 0.62897 0.47821 11825 1524
H1157TS433_4 0.62897 0.47821 11825 1524
T1161TS158_3o 0.63077 0.47561 720 96
T1161TS086_5o 0.63077 0.47561 720 96
H1157TS150_5 0.62509 0.4821 11597 1493
H1134TS225_5 0.66353 0.43463 4170 543
H1157TS314_3 0.62499 0.48205 11597 1493
T1178TS462_4o 0.62517 0.48193 4890 612
T1113TS091_4o 0.62892 0.47673 3088 386
H1142TS147_5 0.63437 0.46508 2689 347
T1179TS398_1o 0.62262 0.48308 4148 522
T1160TS188_4o 0.66411 0.43425 716 96
T1160TS169_4o 0.66411 0.43425 716 96
T1160TS098_4o 0.66411 0.43425 716 96
T1161TS158_5o 0.62794 0.47641 720 96
T1113TS493_2o 0.62706 0.47927 3088 386
H1134TS158_3 0.65322 0.43697 4170 543
H1134TS086_4 0.65322 0.43697 4170 543
H1134TS434_4 0.65371 0.43681 4170 543
H1134TS011_4 0.65371 0.43681 4170 543
T1153TS091_3o 0.6214 0.48485 4640 598
T1160TS205_1o 0.66473 0.43395 716 96
T1160TS461_1o 0.67312 0.4337 716 96
T1160TS446_1o 0.67312 0.4337 716 96
H1134TS225_3 0.65798 0.43435 4170 543
T1123TS312_4o 0.61795 0.52089 4178 532
T1123TS150_4o 0.61847 0.50654 4180 532
T1179TS298_5o 0.61905 0.49845 4148 522
H1134TS003_4 0.65321 0.43663 4170 543
T1179TS390_1o 0.62206 0.48227 4148 522
T1179TS314_5o 0.62206 0.48227 4148 522
T1161TS239_1o 0.63328 0.46342 704 96
T1161TS229_1o 0.63328 0.46342 704 96
T1161TS239_4o 0.63601 0.45991 704 96
T1161TS229_4o 0.63601 0.45991 704 96
T1121TS091_1o 0.62771 0.47457 6058 762
T1161TS158_4o 0.63426 0.4615 720 96
T1161TS003_4o 0.63426 0.4615 720 96
T1113TS165_3o 0.62759 0.47505 3090 386
H1134TS444_4 0.65182 0.43791 4168 543
H1134TS444_1 0.65021 0.43922 4168 543
T1178TS461_3o 0.6191 0.49502 4890 612
T1178TS446_3o 0.6191 0.49502 4890 612
T1153TS091_2o 0.62137 0.48222 4640 598
H1134TS092_1 0.66071 0.43366 4168 543
H1134TS314_3 0.65458 0.4351 4170 543
H1134TS147_1 0.65458 0.4351 4170 543
H1134TS071_1 0.65589 0.4347 4166 543
T1161TS444_3o 0.62826 0.47281 718 96
H1134TS348_2 0.65462 0.43498 4168 543
T1160TS390_4o 0.66363 0.43333 716 96
T1160TS320_4o 0.66363 0.43333 716 96
H1141TS147_5 0.63635 0.45886 2677 346
H1134TS131_2 0.65668 0.43429 4170 543
H1134TS119_2 0.65668 0.43429 4170 543
T1161TS003_1o 0.63809 0.45447 720 96
T1178TS423_5o 0.61905 0.49101 4888 612
T1161TS150_4o 0.63639 0.45686 720 96
T1160TS374_2o 0.65995 0.43337 716 96
H1134TS180_1 0.65812 0.43331 4170 543
T1179TS180_5o 0.61875 0.49248 4148 522
T1113TS494_3o 0.62904 0.46861 3090 386
T1179TS037_5o 0.61854 0.49321 4148 522
H1157TS314_4 0.6209 0.48187 11597 1493
H1157TS493_2 0.62462 0.47612 11595 1493
T1161TS399_4o 0.63272 0.46054 720 96
T1161TS125_4o 0.63272 0.46054 720 96
T1161TS054_4o 0.63272 0.46054 720 96
H1134TS147_5 0.66096 0.43315 4170 543
T1179TS398_2o 0.62103 0.48058 4147 522
T1161TS367_1o 0.62969 0.46752 720 96
T1113TS091_5o 0.62623 0.47342 3088 386
T1161TS439_4o 0.63727 0.45484 704 96
T1160TS350_4o 0.65765 0.43316 714 96
T1160TS291_4o 0.65765 0.43316 714 96
T1179TS288_2o 0.61579 0.49609 4146 522
T1179TS074_5o 0.61579 0.49609 4146 522
T1161TS374_4o 0.63124 0.46207 720 96
H1134TS278_1 0.65274 0.43478 4170 543
T1178TS462_1o 0.61972 0.48178 4890 612
H1134TS314_4 0.65472 0.43397 4170 543
H1134TS073_1 0.65298 0.43459 4168 543
T1123TS239_5o 0.61849 0.48482 4180 532
T1153TS091_4o 0.61848 0.48463 4640 598
H1134TS348_3 0.65479 0.43385 4168 543
T1179TS147_1o 0.61554 0.49324 4148 522
H1134TS461_1 0.65243 0.43472 4170 543
H1134TS446_1 0.65243 0.43472 4170 543
H1157TS493_5 0.6215 0.47455 11595 1493
T1179TS444_5o 0.61646 0.48618 4146 522
T1179TS147_5o 0.61895 0.48218 4148 522
T1161TS494_5o 0.63708 0.45143 720 96
H1141TS098_4 0.62547 0.46685 2669 346
T1123TS360_2o 0.61333 0.49916 4180 532
T1123TS298_5o 0.61333 0.49916 4180 532
H1134TS225_4 0.66189 0.43175 4170 543
H1144TS091_1 0.62042 0.47639 2639 341
H1134TS434_3 0.65225 0.43452 4170 543
H1134TS011_3 0.65225 0.43452 4170 543
T1161TS494_3o 0.6462 0.43942 720 96
H1134TS037_4 0.65662 0.43213 4170 543
H1134TS312_1 0.65288 0.4334 4045 529
T1178TS461_2o 0.61391 0.48943 4890 612
T1178TS446_2o 0.61391 0.48943 4890 612
H1134TS348_1 0.65001 0.43552 4168 543
H1134TS314_5 0.64996 0.43564 4170 543
T1179TS312_4o 0.61332 0.49069 4062 512
T1179TS165_1o 0.61748 0.48101 4148 522
H1134TS073_5 0.65004 0.43541 4168 543
T1161TS239_2o 0.63107 0.45707 704 96
T1161TS229_2o 0.63107 0.45707 704 96
T1160TS188_3o 0.68084 0.43071 716 96
T1160TS169_2o 0.68084 0.43071 716 96
T1160TS098_3o 0.68084 0.43071 716 96
T1160TS399_5o 0.65769 0.4314 716 96
T1160TS125_5o 0.65769 0.4314 716 96
T1160TS054_5o 0.65769 0.4314 716 96
T1160TS278_1o 0.65741 0.43143 716 96
H1134TS205_5 0.65153 0.43426 4170 543
T1153TS091_1o 0.6162 0.48189 4640 598
H1134TS444_3 0.65212 0.43384 4168 543
H1134TS131_3 0.65416 0.43258 4170 543
H1134TS119_3 0.65416 0.43258 4170 543
T1179TS165_4o 0.61692 0.47971 4148 522
T1160TS390_3o 0.68073 0.43051 716 96
T1160TS320_3o 0.68073 0.43051 716 96
T1178TS091_1o 0.6122 0.49414 4888 612
H1134TS188_4 0.65256 0.433 4170 543
T1161TS298_5o 0.63147 0.45397 720 96
H1134TS098_4 0.6535 0.43243 4170 543
T1179TS320_1o 0.61254 0.48744 4148 522
T1179TS360_1o 0.61214 0.4883 4148 522
T1161TS360_3o 0.63556 0.44923 720 96
H1134TS225_1 0.65416 0.43182 4170 543
T1179TS312_5o 0.6117 0.49568 4112 518
T1178TS091_5o 0.61199 0.49339 4888 612
T1179TS131_3o 0.61226 0.48748 4148 522
T1124TS398_3o 0.63059 0.45461 5921 768
T1161TS150_1o 0.62766 0.45649 720 96
T1160TS185_3o 0.65693 0.43053 714 96
H1134TS360_4 0.65506 0.43151 4170 543
H1134TS462_2 0.65526 0.43122 4170 543
T1179TS248_4o 0.60997 0.5035 4148 522
T1179TS035_4o 0.60997 0.5035 4148 522
H1134TS239_1 0.6568 0.43052 4112 543
H1134TS229_1 0.6568 0.43052 4112 543
H1134TS374_5 0.65613 0.43068 4170 543
T1179TS248_2o 0.60957 0.51101 4148 522
T1179TS035_2o 0.60957 0.51101 4148 522
H1157TS147_1 0.62098 0.46352 11597 1493
H1134TS385_2 0.65278 0.43118 4170 543
H1134TS245_1 0.65278 0.43118 4170 543
T1179TS312_2o 0.61073 0.48823 4062 512
H1134TS390_3 0.6503 0.43282 4170 543
H1134TS320_3 0.6503 0.43282 4170 543
H1134TS314_2 0.6503 0.43282 4170 543
H1134TS150_3 0.6503 0.43282 4170 543
H1134TS215_5 0.64777 0.43548 4170 543
H1134TS434_2 0.65182 0.43173 4170 543
H1134TS011_2 0.65182 0.43173 4170 543
T1160TS447_2o 0.65659 0.43024 716 96
T1161TS423_3o 0.63527 0.44765 718 96
T1161TS187_3o 0.63527 0.44765 718 96
T1113TS248_4o 0.61911 0.46835 3088 386
T1113TS035_4o 0.61911 0.46835 3088 386
H1134TS229_5 0.6539 0.43077 4112 543
T1179TS165_2o 0.61462 0.47627 4148 522
T1123TS493_4o 0.60927 0.49578 4178 532
H1157TS493_4 0.61555 0.47281 11595 1493
T1113TS035_2o 0.61919 0.46491 3090 386
H1134TS423_3 0.65018 0.43255 4168 543
H1134TS187_3 0.65018 0.43255 4168 543
T1187TS091_5o 0.61242 0.47951 2702 332
T1123TS205_1o 0.60793 0.5021 4180 532
T1161TS348_4o 0.64162 0.44161 718 96
H1134TS423_1 0.65578 0.43002 4168 543
H1134TS187_1 0.65578 0.43002 4168 543
T1160TS348_1o 0.64537 0.43722 714 96
T1123TS348_2o 0.60779 0.49983 4178 532
T1178TS091_3o 0.60782 0.49875 4888 612
T1178TS091_4o 0.60815 0.49762 4888 612
T1124TS444_2o 0.63395 0.44757 5919 768
T1160TS374_1o 0.64906 0.43275 716 96
T1179TS248_1o 0.60986 0.4829 4148 522
T1179TS035_1o 0.60986 0.4829 4148 522
T1161TS205_5o 0.63829 0.44479 720 96
T1113TS494_4o 0.62101 0.45937 3090 386
T1179TS423_3o 0.60817 0.48677 4146 522
T1179TS187_3o 0.60817 0.48677 4146 522
H1134TS180_4 0.65487 0.42963 4170 543
T1179TS493_5o 0.60783 0.48501 4146 522
T1161TS205_3o 0.62743 0.45073 720 96
H1134TS374_3 0.65102 0.43038 4170 543
H1134TS399_4 0.65413 0.42934 4170 543
H1134TS125_4 0.65413 0.42934 4170 543
H1134TS054_4 0.65413 0.42934 4170 543
T1179TS444_2o 0.60948 0.47981 4146 522
H1134TS312_5 0.64902 0.43105 4045 529
T1179TS398_5o 0.61105 0.47581 4147 522
T1161TS248_2o 0.61684 0.46106 720 96
T1161TS035_1o 0.61684 0.46106 720 96
T1161TS086_4o 0.62836 0.4485 720 96
H1134TS399_2 0.65268 0.42888 4170 543
H1134TS125_2 0.65268 0.42888 4170 543
H1134TS054_2 0.65268 0.42888 4170 543
T1160TS239_1o 0.64413 0.43661 696 96
T1160TS229_1o 0.64413 0.43661 696 96
H1129TS037_1 0.6101 0.47546 10646 1387
T1179TS091_5o 0.60835 0.47842 4146 522
H1134TS360_3 0.64831 0.43104 4170 543
T1161TS444_4o 0.61914 0.4573 718 96
T1179TS205_4o 0.60644 0.47954 4148 522
H1134TS165_1 0.64917 0.4302 4170 543
T1179TS348_5o 0.60505 0.48209 4146 522
T1179TS248_3o 0.60222 0.50221 4148 522
T1179TS035_3o 0.60222 0.50221 4148 522
H1134TS278_4 0.648 0.43135 4170 543
T1179TS360_4o 0.60483 0.48196 4148 522
T1161TS298_1o 0.62653 0.44826 720 96
T1161TS188_1o 0.61921 0.45492 720 96
T1161TS169_4o 0.61921 0.45492 720 96
T1161TS098_1o 0.61921 0.45492 720 96
T1179TS188_2o 0.60428 0.48146 4148 522
T1161TS390_1o 0.61904 0.45494 720 96
T1161TS320_1o 0.61904 0.45494 720 96
T1161TS314_4o 0.61904 0.45494 720 96
T1123TS350_5o 0.60218 0.48378 4178 532
T1123TS291_5o 0.60218 0.48378 4178 532
H1106TS225_2 0.63009 0.44645 1890 236
T1161TS150_2o 0.63892 0.4388 720 96
T1161TS348_5o 0.62664 0.44705 718 96
T1179TS205_1o 0.6006 0.49808 4148 522
H1134TS367_5 0.65092 0.42855 4170 543
T1161TS390_2o 0.61127 0.46036 720 96
T1161TS320_2o 0.61127 0.46036 720 96
T1161TS314_5o 0.61127 0.46036 720 96
H1134TS131_5 0.65171 0.42839 4170 543
T1179TS071_4o 0.60452 0.47224 4142 522
T1123TS169_4o 0.60267 0.47636 4180 532
T1161TS188_2o 0.61103 0.46007 720 96
T1161TS169_5o 0.61103 0.46007 720 96
T1161TS098_2o 0.61103 0.46007 720 96
T1179TS348_3o 0.60029 0.4787 4146 522
T1179TS360_2o 0.60008 0.47857 4148 522
H1157TS234_1 0.61347 0.45282 11828 1524
H1134TS227_1 0.64748 0.4292 4170 543
H1134TS133_1 0.64748 0.4292 4170 543
T1179TS314_2o 0.59873 0.48196 4148 522
T1179TS150_5o 0.59967 0.47935 4148 522
H1140TS091_3 0.60763 0.46175 2700 351
H1157TS234_3 0.6134 0.45242 11828 1524
T1161TS348_3o 0.6387 0.43702 718 96
T1161TS298_3o 0.62401 0.44575 720 96
H1157TS234_2 0.61317 0.45204 11828 1524
T1160TS205_2o 0.6758 0.42696 716 96
T1123TS205_5o 0.59674 0.49456 4180 532
H1134TS215_4 0.6466 0.42915 4170 543
T1179TS390_5o 0.59823 0.47913 4148 522
T1179TS493_1o 0.59831 0.47774 4146 522
H1129TS494_2 0.60186 0.46899 10294 1338
H1134TS225_2 0.65533 0.42735 4170 543
T1161TS423_5o 0.62385 0.44527 718 96
T1161TS187_5o 0.62385 0.44527 718 96
H1157TS234_4 0.61227 0.45195 11828 1524
H1134TS071_2 0.65673 0.42709 4168 543
T1160TS147_2o 0.66245 0.42693 716 96
H1134TS298_4 0.64592 0.42911 4170 543
T1160TS439_4o 0.65336 0.42721 696 96
H1141TS397_2 0.61945 0.44728 2657 343
H1157TS234_5 0.61208 0.45163 11827 1524
H1134TS390_4 0.64979 0.42798 4170 543
H1134TS320_4 0.64979 0.42798 4170 543
H1134TS150_4 0.64979 0.42798 4170 543
H1134TS298_5 0.64846 0.42836 4170 543
T1179TS239_5o 0.59758 0.47726 4040 522
T1179TS229_5o 0.59758 0.47726 4040 522
T1161TS439_5o 0.62736 0.44345 704 96
T1161TS239_3o 0.62736 0.44345 704 96
T1161TS229_3o 0.62736 0.44345 704 96
H1134TS073_3 0.64813 0.42837 4168 543
T1161TS360_5o 0.63462 0.43856 720 96
T1161TS298_2o 0.62198 0.44536 720 96
H1134TS298_1 0.64895 0.42784 4170 543
T1179TS423_1o 0.59787 0.47088 4146 522
T1179TS187_1o 0.59787 0.47088 4146 522
H1134TS071_4 0.65592 0.42666 4168 543
T1160TS348_3o 0.6795 0.42635 714 96
H1106TS447_5 0.62323 0.44411 1890 236
T1161TS073_4o 0.64259 0.43308 718 96
T1124TS494_5o 0.62211 0.44473 5228 676
T1161TS071_3o 0.62194 0.44473 717 96
T1179TS147_4o 0.60159 0.46033 4148 522
T1179TS399_3o 0.59554 0.4799 4148 522
T1179TS125_3o 0.59554 0.4799 4148 522
T1179TS054_3o 0.59554 0.4799 4148 522
T1161TS444_2o 0.62368 0.44241 718 96
H1134TS188_1 0.64827 0.42753 4170 543
H1134TS098_1 0.64827 0.42753 4170 543
H1129TS494_3 0.59671 0.46704 10294 1338
T1123TS385_1o 0.59496 0.49628 4178 532
H1134TS374_4 0.65062 0.42664 4170 543
T1179TS165_5o 0.59508 0.48324 4148 522
T1179TS312_3o 0.59539 0.47322 4040 506
T1179TS348_1o 0.59656 0.46763 4146 522
H1106TS180_2 0.61575 0.44619 1890 236
H1134TS003_2 0.64832 0.42714 4170 543
H1134TS441_5 0.64385 0.42886 4170 543
H1134TS433_5 0.64385 0.42886 4170 543
T1161TS091_4o 0.63655 0.43574 718 96
H1134TS239_3 0.65022 0.4265 4109 543
H1134TS390_2 0.64444 0.42875 4170 543
H1134TS320_2 0.64444 0.42875 4170 543
H1134TS314_1 0.64444 0.42875 4170 543
H1134TS150_2 0.64444 0.42875 4170 543
H1134TS158_2 0.64888 0.42692 4170 543
H1134TS086_1 0.64888 0.42692 4170 543
H1134TS003_3 0.64888 0.42692 4170 543
T1123TS298_1o 0.59457 0.4904 4180 532
H1134TS071_5 0.65121 0.42633 4168 543
H1134TS348_4 0.64441 0.42859 4168 543
T1179TS091_1o 0.59501 0.47677 4146 522
T1179TS234_1o 0.59518 0.4723 4148 522
T1161TS150_5o 0.63539 0.43576 720 96
H1134TS215_2 0.64102 0.43167 4170 543
H1134TS304_4 0.65177 0.42566 4170 543
H1134TS248_4 0.65177 0.42566 4170 543
H1134TS035_4 0.65177 0.42566 4170 543
T1161TS439_2o 0.634 0.43662 704 96
H1134TS158_1 0.64879 0.42636 4170 543
H1134TS086_2 0.64879 0.42636 4170 543
H1134TS003_1 0.64879 0.42636 4170 543
H1134TS298_3 0.64433 0.42845 4170 543
T1123TS320_3o 0.59998 0.45489 4180 532
H1134TS003_5 0.65121 0.42562 4170 543
T1179TS188_1o 0.60069 0.4526 4148 522
H1134TS071_3 0.65454 0.42542 4168 543
H1106TS035_1 0.61933 0.44207 1890 236
H1129TS494_4 0.5953 0.46568 10294 1338
T1161TS298_4o 0.62185 0.43979 720 96
T1161TS071_4o 0.62386 0.43905 718 96
T1179TS234_3o 0.59449 0.46978 4148 522
T1179TS390_4o 0.59986 0.45157 4143 522
H1134TS441_1 0.64519 0.42777 4170 543
H1134TS433_1 0.64519 0.42777 4170 543
T1161TS360_2o 0.63506 0.43452 720 96
T1179TS234_2o 0.59407 0.46687 4148 522
H1134TS390_1 0.6498 0.42532 4170 543
H1134TS320_1 0.6498 0.42532 4170 543
H1134TS150_1 0.6498 0.42532 4170 543
T1123TS461_1o 0.59646 0.45825 4180 532
T1123TS446_1o 0.59646 0.45825 4180 532
H1106TS180_5 0.61578 0.4424 1890 236
T1179TS360_3o 0.59252 0.47355 4148 522
H1134TS067_1 0.64236 0.42878 4168 543
T1113TS035_3o 0.61567 0.44133 3090 386
H1134TS158_5 0.64789 0.42514 4170 543
H1134TS086_5 0.64789 0.42514 4170 543
T1179TS131_2o 0.59266 0.46995 4148 522
H1106TS180_3 0.61651 0.44093 1890 236
H1129TS314_1 0.59192 0.47029 10646 1387
T1178TS461_5o 0.59512 0.45912 4890 612
T1178TS446_5o 0.59512 0.45912 4890 612
H1134TS165_2 0.64446 0.42677 4170 543
H1134TS367_1 0.64723 0.42509 4170 543
H1129TS477_1 0.59174 0.46658 10348 1347
T1160TS350_1o 0.67027 0.42435 714 96
T1160TS291_1o 0.67027 0.42435 714 96
H1134TS399_1 0.64373 0.42708 4170 543
H1134TS125_1 0.64373 0.42708 4170 543
H1134TS054_1 0.64373 0.42708 4170 543
H1129TS494_1 0.59232 0.46412 10646 1387
T1179TS071_1o 0.59346 0.45959 4142 522
H1106TS447_4 0.61917 0.4393 1890 236
H1106TS447_3 0.61917 0.4393 1890 236
H1106TS447_2 0.61917 0.4393 1890 236
T1179TS234_4o 0.59069 0.47358 4148 522
H1134TS037_5 0.65805 0.42433 4170 543
T1179TS131_4o 0.59011 0.48809 4148 522
H1134TS165_5 0.64344 0.42716 4170 543
T1179TS398_4o 0.59064 0.47047 4146 522
H1134TS423_2 0.65259 0.4245 4168 543
H1134TS187_2 0.65259 0.4245 4168 543
H1134TS205_2 0.64763 0.42486 4170 543
T1123TS360_1o 0.59159 0.46242 4180 532
T1123TS298_4o 0.59159 0.46242 4180 532
T1123TS320_2o 0.59391 0.45637 4180 532
H1134TS188_2 0.64444 0.42598 4170 543
H1134TS098_2 0.64444 0.42598 4170 543
T1161TS131_2o 0.63326 0.43332 720 96
T1161TS350_2o 0.62012 0.43828 718 96
T1161TS291_2o 0.62012 0.43828 718 96
T1124TS444_5o 0.62271 0.43689 5916 768
T1124TS444_1o 0.62271 0.43689 5916 768
T1179TS493_4o 0.58966 0.48763 4146 522
T1179TS312_1o 0.59006 0.4736 4051 509
H1134TS165_4 0.6427 0.4274 4170 543
H1134TS227_3 0.64513 0.42554 4170 543
H1134TS133_3 0.64513 0.42554 4170 543
T1161TS348_1o 0.62936 0.43471 718 96
H1134TS180_5 0.64823 0.42428 4170 543
T1179TS150_4o 0.59634 0.44887 4144 522
H1106TS035_5 0.61204 0.44016 1890 236
H1134TS423_5 0.64587 0.42469 4168 543
H1134TS187_5 0.64587 0.42469 4168 543
H1134TS227_2 0.64753 0.4237 4170 543
H1134TS133_2 0.64753 0.4237 4170 543
H1134TS205_4 0.6433 0.42507 4170 543
H1134TS304_2 0.64292 0.42508 4170 543
H1134TS248_2 0.64292 0.42508 4170 543
H1134TS035_2 0.64292 0.42508 4170 543
H1134TS227_4 0.64267 0.42562 4170 543
H1134TS133_4 0.64267 0.42562 4170 543
H1134TS367_2 0.64581 0.42368 4170 543
H1134TS158_4 0.64581 0.42368 4170 543
H1134TS169_4 0.64727 0.42296 4170 543
H1134TS185_5 0.64438 0.42424 4168 543
H1129TS314_3 0.58833 0.47029 10646 1387
H1141TS098_5 0.60973 0.43832 2671 346
H1134TS461_4 0.64572 0.42324 4170 543
H1134TS446_4 0.64572 0.42324 4170 543
H1134TS298_2 0.64083 0.42551 4170 543
H1134TS257_3 0.63565 0.42844 4168 543
H1134TS439_1 0.64953 0.4224 4112 543
H1134TS439_4 0.64758 0.42253 4112 543
T1161TS035_5o 0.62144 0.4326 720 96
T1160TS423_2o 0.65558 0.42216 714 96
T1160TS187_2o 0.65558 0.42216 714 96
T1160TS037_1o 0.65256 0.42218 716 96
T1179TS320_3o 0.58864 0.45945 4148 522
T1161TS398_1o 0.60629 0.43838 720 96
H1134TS227_5 0.64159 0.42408 4170 543
H1134TS133_5 0.64159 0.42408 4170 543
T1179TS165_3o 0.58726 0.47782 4146 522
T1179TS188_3o 0.59537 0.4454 4148 522
H1134TS169_3 0.64728 0.42207 4170 543
T1179TS314_3o 0.5874 0.46579 4148 522
T1123TS188_3o 0.58682 0.48298 4178 532
T1123TS169_1o 0.58682 0.48298 4178 532
T1123TS098_2o 0.58682 0.48298 4178 532
T1179TS091_3o 0.58677 0.46897 4146 522
H1134TS067_2 0.63852 0.42498 4168 543
H1129TS314_2 0.58693 0.46591 10646 1387
T1123TS188_4o 0.58868 0.45185 4180 532
H1134TS229_2 0.64371 0.42243 4112 543
H1134TS462_5 0.647 0.42193 4170 543
H1134TS215_1 0.64062 0.42405 4170 543
T1161TS439_3o 0.61292 0.43396 704 96
H1134TS390_5 0.64354 0.42205 4170 543
H1134TS320_5 0.64354 0.42205 4170 543
H1134TS150_5 0.64354 0.42205 4170 543
H1134TS367_4 0.64043 0.42319 4170 543
H1134TS304_3 0.64308 0.42232 4170 543
H1134TS248_3 0.64308 0.42232 4170 543
H1134TS035_3 0.64308 0.42232 4170 543
H1134TS462_3 0.64677 0.42148 4170 543
H1134TS278_5 0.63827 0.42464 4170 543
H1134TS423_4 0.64656 0.42145 4168 543
H1134TS187_4 0.64656 0.42145 4168 543
H1134TS462_1 0.64444 0.42168 4170 543
H1106TS385_2 0.62042 0.43015 1890 236
H1106TS245_2 0.62042 0.43015 1890 236
H1134TS229_4 0.64331 0.42165 4112 543
H1129TS444_5 0.58582 0.46352 10358 1348
H1134TS398_3 0.63727 0.42476 4170 543
H1134TS165_3 0.63727 0.42476 4170 543
T1123TS298_2o 0.58651 0.4557 4180 532
T1161TS360_4o 0.62505 0.42871 720 96
T1160TS444_3o 0.64009 0.4227 714 96
T1161TS091_2o 0.62218 0.42871 718 96
T1109TS165_4o 0.62211 0.42852 3440 454
T1161TS461_5o 0.61542 0.43034 720 96
T1161TS446_5o 0.61542 0.43034 720 96
T1161TS131_1o 0.62744 0.42815 720 96
T1161TS119_1o 0.62744 0.42815 720 96
T1153TS494_4o 0.5914 0.44268 4484 576
T1161TS462_5o 0.6145 0.43045 720 96
T1161TS180_5o 0.6145 0.43045 720 96
T1160TS239_5o 0.64153 0.42108 696 96
T1160TS229_5o 0.64153 0.42108 696 96
H1134TS367_3 0.63981 0.42186 4170 543
H1134TS169_2 0.6472 0.42045 4170 543
H1134TS205_3 0.63856 0.42196 4170 543
H1134TS399_5 0.63739 0.42293 4170 543
H1134TS399_3 0.63739 0.42293 4170 543
H1134TS125_5 0.63739 0.42293 4170 543
H1134TS125_3 0.63739 0.42293 4170 543
H1134TS054_5 0.63739 0.42293 4170 543
H1134TS054_3 0.63739 0.42293 4170 543
H1134TS215_3 0.63638 0.42338 4170 543
T1179TS091_4o 0.5843 0.4752 4146 522
H1134TS257_5 0.63138 0.42578 4168 543
T1179TS447_1o 0.58425 0.46809 4148 522
T1161TS360_1o 0.62528 0.4273 720 96
H1134TS360_1 0.6406 0.42053 4170 543
T1161TS398_3o 0.61323 0.42888 720 96
H1134TS188_3 0.64268 0.4202 4170 543
H1134TS169_5 0.64268 0.4202 4170 543
H1134TS098_3 0.63829 0.42107 4170 543
H1134TS360_2 0.63715 0.42123 4170 543
H1134TS462_4 0.6424 0.42003 4170 543
H1129TS180_3 0.58462 0.45323 10643 1387
H1134TS185_1 0.64155 0.42018 4168 543
T1161TS423_2o 0.62633 0.42563 717 96
T1161TS187_2o 0.62633 0.42563 717 96
T1161TS091_1o 0.6208 0.4267 718 96
H1134TS461_5 0.64156 0.41992 4170 543
H1134TS446_5 0.64156 0.41992 4170 543
T1160TS399_1o 0.64593 0.41843 716 96
T1160TS125_1o 0.64593 0.41843 716 96
T1160TS054_1o 0.64593 0.41843 716 96
H1134TS119_5 0.64049 0.41919 4170 543
H1106TS462_4 0.60094 0.4325 1890 236
H1134TS398_4 0.63851 0.41999 4170 543
H1134TS398_1 0.63851 0.41999 4170 543
H1134TS169_1 0.64561 0.4181 4170 543
H1140TS098_4 0.58941 0.44024 2694 351
T1160TS350_2o 0.66792 0.41746 714 96
T1160TS291_2o 0.66792 0.41746 714 96
H1134TS493_3 0.64332 0.41826 4168 543
H1134TS205_1 0.6388 0.4188 4170 543
H1106TS180_1 0.60125 0.43198 1890 236
H1106TS462_2 0.60346 0.43086 1890 236
H1134TS257_1 0.63726 0.42031 4168 543
H1134TS257_2 0.63204 0.42192 4168 543
H1134TS188_5 0.63338 0.42052 4170 543
H1134TS257_4 0.63023 0.42257 4168 543
H1134TS441_2 0.63636 0.41957 4170 543
H1134TS433_2 0.63636 0.41957 4170 543
H1134TS185_2 0.6393 0.41795 4168 543
T1161TS071_5o 0.6186 0.42493 718 96
H1134TS348_5 0.63293 0.42052 4168 543
H1129TS119_5 0.58272 0.46163 10646 1387
H1134TS185_3 0.64101 0.41747 4168 543
T1160TS374_3o 0.6429 0.41718 716 96
H1129TS314_4 0.58267 0.46357 10646 1387
H1129TS374_2 0.5827 0.45934 10646 1387
T1161TS073_5o 0.63279 0.4187 718 96
T1113TS165_4o 0.59897 0.42984 3090 386
H1134TS493_1 0.64518 0.41673 4168 543
T1123TS091_5o 0.58216 0.48108 4178 532
H1129TS119_4 0.58218 0.46119 10646 1387
H1134TS360_5 0.63738 0.41719 4170 543
H1134TS239_2 0.63675 0.41709 4112 543
H1134TS493_4 0.64035 0.4167 4168 543
H1134TS398_5 0.63505 0.4172 4169 543
H1134TS398_2 0.63505 0.4172 4169 543
H1106TS462_1 0.60006 0.42885 1890 236
H1106TS180_4 0.60994 0.425 1890 236
H1106TS348_5 0.60911 0.4247 1890 236
H1106TS205_3 0.59698 0.429 1890 236
T1160TS444_4o 0.63241 0.4174 714 96
H1106TS035_2 0.59485 0.43117 1890 236
T1160TS071_5o 0.64889 0.41487 714 96
T1161TS350_1o 0.6203 0.42051 718 96
T1161TS291_1o 0.6203 0.42051 718 96
H1129TS180_5 0.58232 0.45103 10644 1387
T1160TS205_4o 0.65856 0.41361 716 96
H1129TS278_1 0.58195 0.45592 10646 1387
T1161TS150_3o 0.61218 0.42239 720 96
H1134TS185_4 0.63852 0.4148 4168 543
H1129TS180_2 0.58217 0.4506 10644 1387
H1129TS180_4 0.58198 0.45154 10643 1387
H1106TS225_5 0.61621 0.42053 1890 236
H1134TS493_2 0.63297 0.41569 4168 543
T1161TS248_3o 0.61288 0.42158 720 96
T1161TS035_4o 0.61288 0.42158 720 96
T1160TS239_4o 0.65065 0.41332 696 96
T1160TS229_4o 0.65065 0.41332 696 96
T1160TS091_3o 0.64073 0.41336 714 96
H1157TS091_4 0.58876 0.43509 11595 1493
H1157TS091_3 0.58876 0.43509 11595 1493
T1161TS398_4o 0.60374 0.42435 720 96
H1134TS147_3 0.64119 0.41147 4170 543
H1129TS086_2 0.58191 0.44947 10646 1387
T1160TS399_2o 0.63454 0.41286 716 96
T1160TS125_2o 0.63454 0.41286 716 96
T1160TS054_2o 0.63454 0.41286 716 96
T1160TS444_2o 0.63793 0.41117 714 96
T1179TS320_5o 0.58171 0.44993 4148 522
H1106TS462_3 0.59508 0.42781 1890 236
H1129TS086_5 0.58175 0.44904 10646 1387
T1123TS131_3o 0.58056 0.45685 4180 532
H1151TS494_4 0.61451 0.41649 1786 228
T1160TS493_5o 0.60245 0.42124 714 96
H1106TS205_5 0.60767 0.41785 1890 236
H1134TS439_5 0.63465 0.40908 4112 543
H1106TS462_5 0.58955 0.42879 1890 236
T1110TS165_2o 0.61252 0.41604 3446 454
T1113TS165_5o 0.59273 0.42654 3090 386
T1160TS398_2o 0.65021 0.40668 716 96
H1106TS225_1 0.6051 0.41798 1890 236
T1113TS165_2o 0.59669 0.42164 3090 386
T1161TS073_1o 0.62286 0.41108 718 96
T1109TS165_1o 0.61446 0.41446 3440 454
T1179TS348_4o 0.57964 0.46055 4146 522
H1129TS312_2 0.58034 0.44975 9290 1197
T1161TS278_3o 0.6121 0.41441 720 96
T1161TS091_3o 0.60308 0.41756 718 96
H1129TS180_1 0.58006 0.45104 10644 1387
T1160TS071_1o 0.63583 0.40555 714 96
H1134TS439_2 0.6299 0.40739 4112 543
H1106TS205_1 0.61313 0.41205 1890 236
T1161TS071_1o 0.60949 0.41294 716 96
H1157TS091_5 0.58585 0.43228 11595 1493
H1134TS439_3 0.63137 0.40587 4112 543
H1134TS239_5 0.63137 0.40587 4112 543
T1123TS360_3o 0.57902 0.45348 4180 532
H1129TS314_5 0.57856 0.45685 10646 1387
H1134TS493_5 0.63059 0.40489 4168 543
H1134TS229_3 0.63022 0.40499 4112 543
T1160TS314_4o 0.62116 0.40615 714 96
T1160TS398_3o 0.6284 0.40439 716 96
H1134TS239_4 0.62828 0.40481 4112 543
T1160TS071_3o 0.62786 0.40407 714 96
T1123TS298_3o 0.58004 0.44609 4180 532
T1160TS350_3o 0.65691 0.40177 714 96
T1160TS291_3o 0.65691 0.40177 714 96
H1151TS312_3 0.61769 0.40556 1298 165
T1161TS278_4o 0.6213 0.40435 720 96
T1124TS444_3o 0.59561 0.41526 5914 768
H1106TS385_3 0.60651 0.40756 1890 236
H1106TS245_3 0.60651 0.40756 1890 236
H1129TS367_3 0.57789 0.4512 10646 1387
H1129TS003_5 0.57789 0.4512 10646 1387
T1113TS165_1o 0.59491 0.41534 3090 386
T1160TS037_4o 0.62247 0.40299 716 96
T1160TS071_2o 0.63035 0.40222 714 96
H1134TS091_2 0.61799 0.40362 4168 543
T1179TS071_3o 0.57866 0.44738 4139 522
H1106TS439_5 0.59792 0.41112 1848 236
H1129TS312_4 0.57781 0.44845 9290 1197
T1123TS169_5o 0.57834 0.44731 4180 532
T1160TS091_5o 0.62158 0.40146 714 96
H1106TS225_3 0.59815 0.40987 1890 236
H1134TS350_3 0.63829 0.39655 4168 543
H1134TS291_3 0.63829 0.39655 4168 543
H1106TS385_5 0.60388 0.40542 1890 236
H1106TS245_5 0.60388 0.40542 1890 236
H1106TS201_1 0.59617 0.40991 1890 236
T1160TS071_4o 0.62474 0.39764 714 96
H1106TS434_4 0.58979 0.41658 1890 236
H1106TS092_1 0.60068 0.40565 1889 236
H1106TS494_1 0.59005 0.41508 1890 236
T1113TS098_3o 0.58273 0.43097 3083 386
H1106TS188_4 0.5981 0.40599 1889 236
H1134TS091_3 0.61791 0.39741 4168 543
H1134TS091_4 0.61017 0.40055 4168 543
T1179TS320_2o 0.57663 0.44845 4148 522
T1160TS091_1o 0.61563 0.39681 714 96
H1106TS434_5 0.58616 0.42262 1890 236
H1134TS350_5 0.63257 0.39372 4168 543
H1134TS291_5 0.63257 0.39372 4168 543
H1134TS350_4 0.63245 0.3939 4168 543
H1134TS291_4 0.63245 0.3939 4168 543
H1134TS091_1 0.60617 0.39986 4168 543
H1151TS312_1 0.61446 0.39612 1241 158
H1151TS312_4 0.61092 0.3969 1298 165
H1134TS350_2 0.63326 0.39313 4168 543
H1134TS291_2 0.63326 0.39313 4168 543
H1134TS350_1 0.6316 0.39308 4168 543
H1134TS291_1 0.6316 0.39308 4168 543
H1106TS461_5 0.59305 0.40634 1888 236
H1106TS446_5 0.59305 0.40634 1888 236
H1151TS312_5 0.61538 0.3939 1298 165
H1129TS494_5 0.57828 0.44198 9816 1272
H1129TS367_4 0.57645 0.44603 10646 1387
T1179TS091_2o 0.57389 0.46684 4146 522
T1110TS165_4o 0.59783 0.39693 3446 454
T1160TS278_4o 0.63436 0.3881 716 96
T1160TS091_2o 0.62331 0.38855 714 96
T1109TS165_3o 0.59626 0.39706 3440 454
H1134TS234_2 0.60863 0.39054 4170 543
T1110TS165_1o 0.59298 0.40073 3446 454
H1151TS239_1 0.62589 0.38777 1387 185
H1129TS461_2 0.5753 0.44658 10646 1387
H1129TS446_2 0.5753 0.44658 10646 1387
T1160TS165_2o 0.61977 0.38684 716 96
H1134TS234_4 0.60731 0.38925 4170 543
T1161TS398_5o 0.59723 0.39454 720 96
T1110TS165_3o 0.59262 0.39957 3446 454
H1151TS147_2 0.63136 0.3848 1786 228
H1151TS494_3 0.61526 0.38781 1544 197
T1160TS091_4o 0.60891 0.38898 714 96
T1160TS165_3o 0.62638 0.38467 716 96
H1129TS165_5 0.57388 0.44936 10646 1387
H1134TS234_3 0.6055 0.38852 4170 543
H1129TS444_3 0.57337 0.4515 10358 1348
H1129TS493_1 0.57469 0.44653 10564 1387
H1106TS278_2 0.60911 0.3854 1614 199
H1134TS234_5 0.60452 0.38909 4170 543
H1129TS215_1 0.57607 0.44246 10646 1387
H1134TS234_1 0.60418 0.38821 4170 543
T1161TS091_5o 0.59537 0.39305 718 96
H1151TS439_1 0.61911 0.38253 1387 185
T1160TS398_1o 0.61943 0.38165 716 96
T1123TS399_3o 0.57289 0.45014 4180 532
T1123TS125_3o 0.57289 0.45014 4180 532
T1123TS054_3o 0.57289 0.45014 4180 532
H1151TS314_3 0.59845 0.38411 1786 228
H1151TS447_2 0.61068 0.38191 1786 228
H1129TS439_5 0.57369 0.44636 10440 1387
H1134TS091_5 0.60185 0.38281 4168 543
H1129TS493_4 0.57311 0.44777 10564 1387
H1134TS385_5 0.60545 0.38146 4170 543
H1134TS245_5 0.60545 0.38146 4170 543
H1129TS439_2 0.5735 0.44608 10440 1387
H1106TS350_3 0.59063 0.39227 1888 236
H1106TS291_3 0.59063 0.39227 1888 236
T1161TS165_5o 0.59242 0.38904 720 96
H1129TS147_1 0.57479 0.44053 10646 1387
H1151TS312_2 0.5953 0.38307 1221 156
H1151TS447_3 0.60649 0.37936 1786 228
T1160TS398_5o 0.60535 0.37989 716 96
T1160TS398_4o 0.61543 0.37757 716 96
H1129TS278_2 0.57239 0.44802 10646 1387
H1106TS278_3 0.58782 0.39939 1890 236
H1129TS444_1 0.57236 0.44711 10358 1348
T1123TS477_1o 0.57607 0.43743 4178 532
H1106TS201_4 0.58622 0.40412 1890 236
H1129TS439_1 0.57269 0.44586 10440 1387
H1129TS317_1 0.57271 0.44586 10440 1387
H1151TS314_4 0.60629 0.37605 1786 228
T1160TS314_5o 0.59121 0.38255 714 96
H1129TS493_2 0.57298 0.44447 10564 1387
H1129TS434_3 0.57175 0.4513 10646 1387
H1129TS133_4 0.57175 0.4513 10646 1387
H1129TS011_4 0.57175 0.4513 10646 1387
H1151TS444_4 0.60144 0.37566 1784 228
T1179TS399_4o 0.57122 0.45948 4148 522
T1179TS125_4o 0.57122 0.45948 4148 522
T1179TS054_4o 0.57122 0.45948 4148 522
H1151TS147_5 0.59933 0.37605 1786 228
H1106TS350_4 0.59111 0.38205 1888 236
H1106TS291_4 0.59111 0.38205 1888 236
H1106TS439_1 0.60722 0.37472 1553 196
H1151TS444_1 0.59457 0.379 1784 228
T1161TS165_3o 0.58634 0.39974 720 96
H1129TS439_4 0.57194 0.4461 10440 1387
H1151TS444_5 0.59519 0.37557 1784 228
H1129TS439_3 0.57162 0.44645 10440 1387
H1140TS098_5 0.57956 0.42666 2692 351
H1151TS147_1 0.60358 0.37317 1786 228
H1106TS461_1 0.58501 0.40268 1888 236
H1106TS446_1 0.58501 0.40268 1888 236
H1129TS367_5 0.57108 0.44675 10646 1387
H1129TS158_4 0.57108 0.44675 10646 1387
H1129TS086_1 0.57108 0.44675 10646 1387
H1129TS003_4 0.57108 0.44675 10646 1387
H1129TS444_2 0.57063 0.44854 10358 1348
H1129TS312_1 0.57278 0.43979 9290 1197
H1157TS091_2 0.57941 0.42626 11595 1493
H1151TS314_2 0.60197 0.37258 1786 228
H1129TS239_3 0.57138 0.44338 10440 1387
T1109TS165_2o 0.5873 0.38616 3440 454
H1129TS037_3 0.57044 0.44478 10646 1387
H1106TS350_1 0.58749 0.3822 1888 236
H1106TS291_1 0.58749 0.3822 1888 236
H1129TS374_3 0.56972 0.44822 10646 1387
H1129TS493_3 0.56989 0.44592 10564 1387
T1113TS447_4o 0.5865 0.38664 3090 386
T1123TS188_5o 0.57186 0.43951 4180 532
H1129TS071_1 0.57268 0.43741 10644 1387
H1106TS201_2 0.58331 0.40207 1890 236
H1129TS239_5 0.57014 0.44388 10440 1387
H1129TS239_4 0.56977 0.44411 10440 1387
H1129TS434_1 0.56867 0.44817 10646 1387
H1129TS133_2 0.56867 0.44817 10646 1387
H1129TS011_2 0.56867 0.44817 10646 1387
H1129TS444_4 0.56866 0.44708 10358 1348
H1106TS350_2 0.58983 0.37059 1888 236
H1106TS291_2 0.58983 0.37059 1888 236
T1160TS350_5o 0.59491 0.36884 714 96
T1160TS291_5o 0.59491 0.36884 714 96
H1151TS205_2 0.59657 0.36821 1786 228
H1129TS071_2 0.56982 0.43961 10642 1387
H1129TS312_3 0.57123 0.43683 9290 1197
H1151TS131_1 0.58796 0.37291 1786 228
H1151TS119_3 0.58796 0.37291 1786 228
H1129TS035_4 0.56964 0.43937 10644 1387
T1110TS234_1o 0.5824 0.40187 3438 454
H1129TS398_1 0.5689 0.441 10645 1387
H1106TS434_3 0.58239 0.4007 1890 236
H1106TS434_2 0.58135 0.40757 1890 236
H1129TS227_1 0.56812 0.44482 10646 1387
H1129TS133_1 0.56812 0.44482 10646 1387
H1129TS011_1 0.56812 0.44482 10646 1387
H1106TS169_2 0.58323 0.39076 1889 236
H1106TS098_5 0.58323 0.39076 1889 236
H1106TS188_5 0.58323 0.39076 1889 236
H1151TS257_1 0.58882 0.36945 1784 228
H1129TS374_4 0.5676 0.44536 10646 1387
H1106TS434_1 0.58165 0.40421 1890 236
H1151TS314_1 0.5916 0.3667 1786 228
H1129TS398_4 0.56785 0.43994 10645 1387
H1129TS165_1 0.56739 0.44389 10645 1387
H1129TS398_5 0.5678 0.4397 10646 1387
H1151TS147_4 0.61099 0.36396 1786 228
T1123TS350_4o 0.56858 0.4378 4178 532
T1123TS291_4o 0.56858 0.4378 4178 532
H1151TS444_3 0.59932 0.36352 1784 228
H1151TS131_2 0.58606 0.37012 1786 228
T1179TS350_2o 0.56624 0.45221 4146 522
T1179TS291_2o 0.56624 0.45221 4146 522
H1129TS227_2 0.56641 0.44434 10646 1387
H1129TS133_5 0.56641 0.44434 10646 1387
H1129TS011_5 0.56641 0.44434 10646 1387
H1129TS367_2 0.56682 0.44024 10646 1387
H1151TS185_5 0.59949 0.36246 1784 228
H1151TS444_2 0.58871 0.36534 1784 228
T1161TS314_3o 0.5823 0.38039 718 96
H1157TS091_1 0.5752 0.42256 11595 1493
H1129TS239_2 0.56622 0.44105 10440 1387
H1129TS398_2 0.56693 0.43836 10645 1387
H1129TS312_5 0.56626 0.43863 9376 1210
H1151TS278_4 0.58703 0.36521 1786 228
H1129TS037_4 0.56575 0.44001 10646 1387
H1151TS439_3 0.59662 0.36177 1513 200
H1151TS239_3 0.59662 0.36177 1513 200
H1129TS035_3 0.56547 0.44074 10644 1387
H1129TS278_4 0.56597 0.43841 10646 1387
H1129TS073_5 0.56727 0.43496 10643 1387
H1129TS398_3 0.56569 0.43803 10645 1387
H1151TS091_4 0.58424 0.36798 1784 228
H1129TS147_3 0.56654 0.43496 10646 1387
H1151TS205_1 0.59358 0.36109 1786 228
H1129TS434_2 0.56473 0.44291 10646 1387
H1129TS133_3 0.56473 0.44291 10646 1387
H1129TS011_3 0.56473 0.44291 10646 1387
H1151TS185_1 0.60078 0.36063 1784 228
T1161TS493_1o 0.57985 0.3913 718 96
H1129TS239_1 0.56512 0.43698 10438 1387
H1106TS278_4 0.57864 0.39857 1890 236
H1151TS441_2 0.58944 0.36129 1786 228
H1151TS433_2 0.58944 0.36129 1786 228
H1129TS390_4 0.56468 0.43811 10646 1387
H1129TS320_4 0.56468 0.43811 10646 1387
H1129TS225_5 0.56468 0.43811 10646 1387
H1129TS150_4 0.56468 0.43811 10646 1387
H1151TS447_5 0.59035 0.36072 1786 228
H1151TS447_4 0.59035 0.36072 1786 228
H1151TS447_1 0.59035 0.36072 1786 228
H1151TS165_3 0.58178 0.37201 1784 228
H1106TS205_4 0.58201 0.36987 1890 236
H1106TS278_5 0.57917 0.39314 1890 236
H1106TS461_2 0.57855 0.39529 1888 236
H1106TS446_2 0.57855 0.39529 1888 236
H1129TS390_3 0.56492 0.43607 10646 1387
H1129TS320_3 0.56492 0.43607 10646 1387
H1129TS150_3 0.56492 0.43607 10646 1387
H1129TS390_2 0.56528 0.43468 10646 1387
H1129TS320_2 0.56528 0.43468 10646 1387
H1129TS150_2 0.56528 0.43468 10646 1387
H1129TS073_1 0.56434 0.43517 10642 1387
H1129TS158_5 0.56601 0.43191 10646 1387
H1151TS441_4 0.58858 0.36034 1786 228
H1151TS433_4 0.58858 0.36034 1786 228
H1129TS461_1 0.56559 0.43235 10646 1387
H1129TS446_1 0.56559 0.43235 10646 1387
H1129TS165_4 0.56387 0.43783 10646 1387
H1151TS227_3 0.59576 0.35811 1786 228
H1151TS133_3 0.59576 0.35811 1786 228
H1129TS071_4 0.5661 0.43048 10643 1387
H1151TS180_4 0.59476 0.35808 1786 228
T1113TS494_5o 0.57418 0.41063 3090 386
H1129TS147_2 0.56456 0.43356 10646 1387
H1151TS441_5 0.58728 0.35927 1786 228
H1151TS433_5 0.58728 0.35927 1786 228
H1106TS288_2 0.57976 0.37518 1888 236
T1160TS165_1o 0.58529 0.36142 716 96
T1123TS131_2o 0.56764 0.42569 4177 532
H1129TS423_5 0.56296 0.43866 10644 1387
H1129TS187_5 0.56296 0.43866 10644 1387
H1106TS348_3 0.57837 0.37764 1890 236
T1113TS098_2o 0.57192 0.41613 3083 386
H1129TS158_3 0.56341 0.43522 10646 1387
H1129TS086_4 0.56341 0.43522 10646 1387
H1129TS003_3 0.56341 0.43522 10646 1387
H1129TS348_1 0.56268 0.43953 10644 1387
H1106TS035_3 0.57741 0.38122 1890 236
T1179TS447_4o 0.56209 0.45429 4148 522
H1129TS374_1 0.56248 0.44032 10646 1387
H1151TS278_2 0.58385 0.36074 1786 228
H1151TS131_4 0.58364 0.36093 1786 228
H1151TS298_2 0.58997 0.35502 1786 228
H1151TS205_5 0.59017 0.35485 1786 228
H1106TS444_1 0.57668 0.38068 1888 236
H1151TS169_5 0.58931 0.35555 1786 228
H1151TS180_2 0.59279 0.35414 1786 228
H1106TS097_1 0.57764 0.37332 1890 236
H1129TS374_5 0.5632 0.43083 10646 1387
H1151TS462_2 0.58882 0.35524 1786 228
H1106TS444_4 0.576 0.38384 1888 236
H1129TS367_1 0.56203 0.4342 10646 1387
H1129TS158_1 0.56203 0.4342 10646 1387
H1129TS086_3 0.56203 0.4342 10646 1387
H1129TS003_1 0.56203 0.4342 10646 1387
H1129TS131_3 0.56353 0.43033 10646 1387
H1151TS423_5 0.58551 0.35722 1784 228
H1151TS187_5 0.58551 0.35722 1784 228
H1106TS073_2 0.57562 0.38731 1888 236
T1123TS091_3o 0.56256 0.4332 4178 532
H1129TS131_2 0.56302 0.43008 10646 1387
H1151TS227_4 0.58932 0.35428 1786 228
H1151TS133_4 0.58932 0.35428 1786 228
H1129TS147_5 0.5626 0.43152 10646 1387
H1151TS098_5 0.58774 0.35579 1786 228
H1106TS439_4 0.57434 0.3929 1848 236
H1106TS239_5 0.57474 0.38962 1848 236
H1106TS229_5 0.57474 0.38962 1848 236
H1106TS201_3 0.57161 0.4091 1890 236
H1106TS399_5 0.57586 0.37686 1888 236
H1106TS054_5 0.57586 0.37686 1888 236
H1106TS150_5 0.57616 0.37403 1890 236
H1106TS390_5 0.57616 0.37403 1890 236
H1106TS320_5 0.57616 0.37403 1890 236
H1151TS180_1 0.58872 0.35351 1786 228
H1106TS239_1 0.5737 0.39313 1848 236
H1106TS229_1 0.5737 0.39313 1848 236
H1129TS423_1 0.56071 0.43642 10644 1387
H1129TS187_1 0.56071 0.43642 10644 1387
H1151TS097_1 0.58692 0.35383 1786 228
H1129TS461_5 0.56101 0.43056 10646 1387
H1129TS446_5 0.56101 0.43056 10646 1387
T1123TS350_3o 0.5636 0.42694 4178 532
T1123TS291_3o 0.5636 0.42694 4178 532
H1151TS257_4 0.57564 0.37289 1784 228
H1151TS227_5 0.58878 0.35258 1786 228
H1151TS133_5 0.58878 0.35258 1786 228
H1106TS360_2 0.57691 0.36948 1890 236
H1106TS398_1 0.57681 0.36928 1890 236
H1151TS423_1 0.57762 0.36732 1784 228
H1151TS187_1 0.57762 0.36732 1784 228
H1129TS035_5 0.56074 0.43195 10644 1387
H1129TS278_3 0.56101 0.42945 10646 1387
T1161TS165_1o 0.57206 0.3972 720 96
T1113TS447_3o 0.57393 0.37606 3090 386
T1161TS398_2o 0.57179 0.39826 720 96
H1129TS423_3 0.55968 0.43471 10644 1387
H1129TS187_3 0.55968 0.43471 10644 1387
H1151TS298_1 0.58669 0.35285 1786 228
H1129TS461_3 0.56082 0.42962 10646 1387
H1129TS446_3 0.56082 0.42962 10646 1387
H1151TS180_3 0.58938 0.35209 1786 228
H1151TS227_1 0.58539 0.3535 1786 228
H1151TS133_1 0.58539 0.3535 1786 228
H1106TS298_1 0.57432 0.3728 1890 236
H1129TS073_2 0.56221 0.42661 10644 1387
T1123TS188_1o 0.55996 0.42938 4179 532
H1129TS390_5 0.55918 0.43392 10646 1387
H1129TS320_5 0.55918 0.43392 10646 1387
H1129TS150_5 0.55918 0.43392 10646 1387
T1179TS447_2o 0.55858 0.44955 4148 522
H1129TS071_5 0.56084 0.42837 10643 1387
T1179TS071_2o 0.56166 0.42791 4141 522
H1151TS434_2 0.58819 0.3519 1786 228
H1151TS011_2 0.58819 0.3519 1786 228
H1129TS071_3 0.56152 0.42816 10642 1387
H1151TS374_3 0.58651 0.35187 1786 228
H1151TS257_5 0.57408 0.37007 1784 228
T1123TS091_1o 0.55884 0.4297 4178 532
H1129TS073_3 0.56258 0.42335 10642 1387
H1151TS227_2 0.58539 0.35211 1786 228
H1151TS133_2 0.58539 0.35211 1786 228
H1129TS131_4 0.55987 0.42823 10646 1387
H1129TS119_1 0.55987 0.42823 10646 1387
H1106TS385_4 0.57735 0.36449 1890 236
H1106TS245_4 0.57735 0.36449 1890 236
H1106TS187_4 0.57315 0.37178 1888 236
H1106TS423_4 0.57315 0.37178 1888 236
H1151TS434_4 0.58776 0.35158 1786 228
H1151TS011_4 0.58776 0.35158 1786 228
H1151TS360_3 0.58425 0.35254 1786 228
H1129TS227_3 0.55971 0.42801 10646 1387
H1129TS169_3 0.55852 0.42854 10646 1387
H1151TS348_3 0.58433 0.35221 1784 228
H1106TS131_5 0.57234 0.37326 1890 236
H1151TS248_3 0.58729 0.35127 1786 228
H1129TS390_1 0.55848 0.42845 10646 1387
H1129TS320_1 0.55848 0.42845 10646 1387
H1129TS150_1 0.55848 0.42845 10646 1387
H1129TS119_2 0.55848 0.42845 10646 1387
H1129TS119_3 0.55772 0.43363 10646 1387
H1106TS125_4 0.57409 0.36758 1890 236
H1106TS385_1 0.57883 0.36206 1890 236
H1106TS245_1 0.57883 0.36206 1890 236
H1151TS097_2 0.58346 0.35289 1786 228
H1106TS158_1 0.57222 0.37181 1890 236
H1151TS215_1 0.57964 0.3612 1786 228
H1151TS147_3 0.58269 0.35395 1786 228
H1129TS360_5 0.55762 0.43275 10646 1387
H1129TS423_2 0.55779 0.42823 10644 1387
H1129TS187_2 0.55779 0.42823 10644 1387
T1123TS091_2o 0.55749 0.4305 4178 532
H1151TS441_3 0.5912 0.35083 1786 228
H1151TS433_3 0.5912 0.35083 1786 228
T1179TS447_5o 0.55661 0.4489 4148 522
H1129TS169_2 0.55772 0.42788 10646 1387
H1129TS169_1 0.55772 0.42788 10646 1387
H1129TS098_1 0.55772 0.42788 10646 1387
H1106TS131_2 0.5732 0.3674 1890 236
H1106TS073_3 0.5734 0.36721 1888 236
H1106TS086_2 0.57287 0.36839 1890 236
H1129TS348_2 0.55771 0.42725 10644 1387
H1129TS447_2 0.55654 0.43859 10646 1387
H1151TS399_3 0.58522 0.35119 1786 228
H1151TS125_3 0.58522 0.35119 1786 228
H1151TS054_3 0.58522 0.35119 1786 228
T1161TS493_2o 0.56898 0.38406 718 96
H1129TS073_4 0.5591 0.42429 10640 1387
T1179TS205_3o 0.55653 0.43737 4148 522
H1129TS035_1 0.55678 0.42996 10644 1387
T1113TS447_1o 0.57005 0.37581 3090 386
H1129TS131_5 0.55682 0.42876 10646 1387
T1123TS098_4o 0.56179 0.4199 4180 532
T1123TS205_4o 0.55929 0.42302 4180 532
H1151TS215_2 0.57878 0.36098 1786 228
H1151TS461_3 0.58268 0.3524 1786 228
H1151TS446_3 0.58268 0.3524 1786 228
H1129TS147_4 0.55656 0.42966 10646 1387
H1129TS158_2 0.55674 0.42635 10646 1387
H1129TS003_2 0.55674 0.42635 10646 1387
T1123TS098_5o 0.55554 0.42829 4180 532
H1129TS131_1 0.5581 0.42279 10646 1387
H1106TS158_2 0.5741 0.36322 1890 236
H1106TS003_3 0.5741 0.36322 1890 236
H1129TS225_3 0.55477 0.43677 10646 1387
H1129TS298_1 0.55572 0.42498 10646 1387
H1151TS385_1 0.59047 0.34998 1786 228
H1151TS245_1 0.59047 0.34998 1786 228
H1151TS169_3 0.58883 0.35015 1786 228
H1106TS461_3 0.56522 0.40381 1888 236
H1106TS446_3 0.56522 0.40381 1888 236
H1151TS205_3 0.58175 0.35318 1786 228
H1129TS360_2 0.5542 0.42553 10646 1387
H1151TS288_5 0.58418 0.35057 1784 228
H1151TS074_5 0.58418 0.35057 1784 228
H1151TS462_1 0.58208 0.35172 1786 228
H1129TS169_4 0.55486 0.42468 10646 1387
H1151TS185_2 0.5821 0.3516 1784 228
H1151TS215_4 0.57581 0.36159 1786 228
H1151TS248_4 0.58362 0.35073 1786 228
H1129TS215_4 0.55912 0.41832 10646 1387
H1151TS360_5 0.58234 0.35145 1786 228
H1106TS165_1 0.56825 0.3739 1890 236
H1106TS150_3 0.56825 0.3739 1890 236
H1106TS390_3 0.56825 0.3739 1890 236
H1106TS320_3 0.56825 0.3739 1890 236
H1106TS367_2 0.56943 0.36969 1890 236
H1151TS086_4 0.58464 0.35019 1786 228
H1151TS367_2 0.58195 0.35174 1786 228
H1151TS003_5 0.58195 0.35174 1786 228
H1151TS131_3 0.57304 0.36304 1786 228
H1106TS158_5 0.56988 0.3688 1890 236
H1129TS298_2 0.55395 0.42438 10646 1387
H1151TS399_1 0.58057 0.35407 1786 228
H1151TS125_1 0.58057 0.35407 1786 228
H1151TS054_1 0.58057 0.35407 1786 228
H1129TS447_1 0.55367 0.43772 10646 1387
H1151TS462_5 0.58327 0.35077 1786 228
H1151TS215_3 0.57539 0.36125 1786 228
H1151TS390_2 0.58306 0.35078 1786 228
H1151TS320_2 0.58306 0.35078 1786 228
H1151TS119_4 0.58306 0.35078 1786 228
H1106TS367_3 0.5689 0.36896 1890 236
H1106TS399_2 0.57047 0.3647 1888 236
H1106TS054_2 0.57047 0.3647 1888 236
H1106TS185_2 0.57636 0.35872 1888 236
H1106TS169_3 0.56735 0.37534 1889 236
H1106TS188_1 0.56735 0.37534 1889 236
H1106TS360_1 0.57022 0.36554 1890 236
H1151TS434_1 0.58671 0.34943 1786 228
H1151TS011_1 0.58671 0.34943 1786 228
H1106TS131_3 0.56946 0.36623 1890 236
H1129TS205_1 0.5563 0.41848 10646 1387
H1129TS215_2 0.55327 0.425 10646 1387
H1129TS188_2 0.55499 0.42033 10646 1387
H1151TS298_4 0.58562 0.34947 1786 228
H1106TS037_5 0.56707 0.37135 1890 236
H1151TS180_5 0.58756 0.3494 1786 228
H1129TS399_2 0.55417 0.42036 10644 1387
H1129TS125_2 0.55417 0.42036 10644 1387
H1129TS054_2 0.55417 0.42036 10644 1387
H1151TS360_2 0.58027 0.35211 1786 228
H1151TS399_4 0.58068 0.35176 1786 228
H1151TS125_4 0.58068 0.35176 1786 228
H1151TS054_4 0.58068 0.35176 1786 228
H1151TS441_1 0.58616 0.34939 1786 228
H1151TS433_1 0.58616 0.34939 1786 228
H1151TS461_4 0.58288 0.3499 1786 228
H1151TS446_4 0.58288 0.3499 1786 228
H1129TS447_3 0.55309 0.43351 10646 1387
H1106TS125_3 0.57273 0.36073 1890 236
H1129TS035_2 0.55302 0.42746 10644 1387
H1151TS348_1 0.58001 0.35227 1784 228
H1151TS462_3 0.58123 0.35098 1786 228
H1106TS288_3 0.56858 0.36391 1888 236
H1151TS003_1 0.58381 0.34927 1786 228
H1106TS187_2 0.56642 0.36883 1888 236
H1106TS423_2 0.56642 0.36883 1888 236
H1129TS205_5 0.55256 0.4249 10646 1387
H1142TS098_3 0.55302 0.42295 2678 347
H1151TS158_4 0.57917 0.35333 1786 228
H1151TS035_2 0.58147 0.34997 1786 228
H1106TS185_3 0.5725 0.35852 1888 236
H1151TS188_5 0.58544 0.34876 1786 228
H1151TS169_4 0.58544 0.34876 1786 228
H1151TS098_2 0.58544 0.34876 1786 228
H1129TS185_4 0.55185 0.43315 10404 1354
H1151TS367_4 0.58186 0.34961 1786 228
H1106TS360_4 0.56982 0.362 1890 236
H1151TS423_3 0.57084 0.3606 1784 228
H1151TS187_3 0.57084 0.3606 1784 228
H1129TS423_4 0.55198 0.42352 10644 1387
H1129TS187_4 0.55198 0.42352 10644 1387
H1129TS399_3 0.55326 0.41765 10643 1387
H1129TS125_3 0.55326 0.41765 10643 1387
H1129TS054_3 0.55326 0.41765 10643 1387
H1129TS461_4 0.55274 0.42074 10646 1387
H1129TS446_4 0.55274 0.42074 10646 1387
H1151TS434_3 0.58018 0.35036 1786 228
H1151TS011_3 0.58018 0.35036 1786 228
H1129TS248_3 0.55166 0.42303 10646 1387
H1151TS390_1 0.58198 0.34941 1786 228
H1151TS320_1 0.58198 0.34941 1786 228
H1151TS314_5 0.58198 0.34941 1786 228
H1151TS150_1 0.58198 0.34941 1786 228
H1151TS119_1 0.58198 0.34941 1786 228
H1106TS086_5 0.56459 0.36884 1890 236
H1129TS188_4 0.55139 0.42427 10646 1387
T1179TS447_3o 0.55064 0.44092 4148 522
H1151TS360_4 0.57999 0.35083 1786 228
H1151TS399_5 0.57937 0.35118 1786 228
H1151TS125_5 0.57937 0.35118 1786 228
H1151TS054_5 0.57937 0.35118 1786 228
T1123TS091_4o 0.55122 0.42436 4178 532
H1151TS390_3 0.58017 0.35024 1786 228
H1151TS360_1 0.58017 0.35024 1786 228
H1151TS320_3 0.58017 0.35024 1786 228
H1129TS188_5 0.55196 0.421 10646 1387
H1151TS150_5 0.57947 0.35099 1786 228
H1106TS037_1 0.56677 0.3637 1890 236
H1129TS188_3 0.55076 0.42221 10646 1387
H1129TS169_5 0.55133 0.42172 10646 1387
H1151TS348_2 0.58028 0.34989 1784 228
H1151TS150_2 0.57996 0.35017 1786 228
H1151TS035_4 0.58049 0.34962 1786 228
H1106TS367_4 0.56411 0.36825 1890 236
H1129TS447_4 0.54951 0.43358 10646 1387
H1151TS462_4 0.58075 0.34925 1786 228
H1151TS248_2 0.58101 0.34889 1786 228
H1151TS035_5 0.58101 0.34889 1786 228
H1151TS188_4 0.57758 0.35102 1786 228
H1151TS098_1 0.57758 0.35102 1786 228
H1106TS298_4 0.56378 0.36794 1890 236
H1129TS434_5 0.54982 0.42199 10646 1387
H1129TS098_3 0.55027 0.42107 10646 1387
H1129TS098_2 0.55027 0.42107 10646 1387
H1151TS037_2 0.57582 0.35201 1786 228
T1113TS447_2o 0.56316 0.37095 3090 386
H1106TS360_5 0.56757 0.359 1890 236
H1151TS398_1 0.57286 0.35515 1785 228
H1151TS185_3 0.58386 0.34767 1784 228
H1151TS158_2 0.57809 0.34963 1786 228
H1151TS086_1 0.57809 0.34963 1786 228
H1151TS003_2 0.57809 0.34963 1786 228
H1129TS205_4 0.54942 0.41829 10646 1387
H1151TS348_4 0.58188 0.34804 1784 228
H1106TS185_1 0.5736 0.35362 1888 236
H1106TS188_2 0.56186 0.37099 1889 236
H1129TS298_4 0.54934 0.41728 10646 1387
H1151TS071_2 0.58011 0.34856 1784 228
H1106TS248_3 0.57165 0.35618 1890 236
H1151TS158_3 0.58297 0.3478 1786 228
H1151TS150_3 0.57856 0.34937 1786 228
H1151TS091_3 0.56899 0.35807 1784 228
H1151TS461_2 0.58146 0.34805 1786 228
H1151TS446_2 0.58146 0.34805 1786 228
H1106TS147_4 0.56217 0.36909 1888 236
H1106TS493_5 0.56456 0.36226 1888 236
H1151TS434_5 0.57919 0.34864 1786 228
H1151TS011_5 0.57919 0.34864 1786 228
H1106TS086_1 0.56198 0.36896 1890 236
H1151TS169_1 0.58439 0.34738 1786 228
H1106TS185_4 0.56948 0.35723 1888 236
H1129TS447_5 0.54745 0.43489 10646 1387
H1151TS461_5 0.57749 0.34882 1786 228
H1151TS446_5 0.57749 0.34882 1786 228
H1129TS037_5 0.54788 0.42031 10646 1387
H1151TS119_2 0.58148 0.34786 1786 228
T1160TS315_2o 0.57706 0.34958 716 96
T1160TS052_2o 0.57706 0.34958 716 96
H1106TS131_4 0.5629 0.36566 1890 236
H1129TS298_3 0.54748 0.41876 10646 1387
H1106TS086_4 0.56416 0.36284 1890 236
H1129TS399_5 0.55027 0.41481 10642 1387
H1129TS125_5 0.55027 0.41481 10642 1387
H1129TS054_5 0.55027 0.41481 10642 1387
H1129TS227_4 0.54715 0.41723 10646 1387
H1151TS158_1 0.57573 0.34978 1786 228
H1151TS003_3 0.57573 0.34978 1786 228
H1129TS227_5 0.54745 0.41685 10646 1387
T1123TS205_3o 0.55031 0.41299 4180 532
H1151TS248_1 0.58178 0.34763 1786 228
H1151TS035_3 0.58178 0.34763 1786 228
H1151TS461_1 0.58129 0.34764 1786 228
H1151TS446_1 0.58129 0.34764 1786 228
H1129TS234_3 0.54703 0.41682 10646 1387
H1151TS494_1 0.57695 0.34865 1786 228
H1106TS360_3 0.56514 0.35894 1890 236
H1151TS119_5 0.58115 0.34764 1786 228
H1129TS234_4 0.54687 0.41691 10646 1387
H1129TS188_1 0.54688 0.4168 10645 1387
H1129TS462_5 0.55323 0.40583 10644 1387
H1151TS288_4 0.5753 0.34948 1784 228
H1151TS074_4 0.5753 0.34948 1784 228
H1151TS248_5 0.58407 0.347 1786 228
H1106TS278_1 0.57309 0.35126 1890 236
H1151TS367_3 0.58326 0.3472 1786 228
H1129TS215_3 0.54949 0.41277 10646 1387
H1151TS390_4 0.57746 0.34837 1786 228
H1151TS320_4 0.57746 0.34837 1786 228
H1151TS037_1 0.58095 0.34753 1786 228
H1151TS288_3 0.58034 0.34761 1784 228
H1151TS074_3 0.58034 0.34761 1784 228
H1151TS278_1 0.58005 0.34762 1786 228
H1151TS037_5 0.57335 0.35079 1786 228
H1106TS248_2 0.56813 0.35633 1890 236
H1129TS234_1 0.54667 0.41675 10646 1387
H1151TS035_1 0.57944 0.34753 1786 228
H1151TS037_3 0.57313 0.35025 1786 228
T1127TS494_5o 0.55269 0.40532 3280 406
H1151TS298_3 0.5764 0.34823 1786 228
H1151TS215_5 0.56819 0.35459 1786 228
H1129TS348_5 0.54689 0.41385 10644 1387
H1151TS225_4 0.57614 0.34798 1786 228
H1151TS298_5 0.58322 0.34632 1786 228
H1129TS248_4 0.54564 0.42412 10646 1387
H1129TS434_4 0.5462 0.41441 10646 1387
H1129TS462_1 0.55228 0.40325 10644 1387
H1151TS165_2 0.56746 0.35481 1786 228
H1106TS288_1 0.56268 0.36181 1888 236
H1151TS278_3 0.5711 0.35012 1786 228
H1151TS374_5 0.58947 0.34592 1786 228
H1151TS390_5 0.58268 0.34631 1786 228
H1151TS320_5 0.58268 0.34631 1786 228
H1151TS150_4 0.58253 0.34635 1786 228
H1106TS201_5 0.5591 0.36437 1890 236
H1129TS234_5 0.54572 0.41604 10646 1387
H1129TS185_5 0.54393 0.42507 10404 1354
H1106TS185_5 0.56657 0.35637 1888 236
H1129TS234_2 0.54557 0.41594 10645 1387
T1160TS037_3o 0.57218 0.34855 716 96
H1151TS423_4 0.5812 0.34609 1784 228
H1151TS187_4 0.5812 0.34609 1784 228
H1151TS169_2 0.58469 0.3457 1786 228
H1151TS098_3 0.58469 0.3457 1786 228
H1129TS462_2 0.55054 0.4031 10644 1387
H1106TS399_4 0.56292 0.35986 1888 236
H1106TS054_4 0.56292 0.35986 1888 236
H1129TS098_4 0.54535 0.41506 10646 1387
H1129TS462_4 0.55149 0.40136 10644 1387
H1106TS205_2 0.56345 0.35887 1890 236
H1106TS298_2 0.55908 0.36388 1890 236
H1106TS086_3 0.55871 0.36348 1890 236
H1129TS298_5 0.5437 0.41568 10646 1387
H1129TS462_3 0.55105 0.40203 10643 1387
H1151TS399_2 0.57887 0.34605 1786 228
H1151TS125_2 0.57887 0.34605 1786 228
H1151TS054_2 0.57887 0.34605 1786 228
H1106TS037_2 0.55513 0.36698 1890 236
H1129TS399_1 0.54598 0.41058 10644 1387
H1129TS125_1 0.54598 0.41058 10644 1387
H1129TS054_1 0.54598 0.41058 10644 1387
H1151TS098_4 0.57831 0.34589 1786 228
H1129TS493_5 0.54262 0.41842 10644 1387
H1151TS367_5 0.58352 0.34548 1786 228
H1151TS158_5 0.58352 0.34548 1786 228
H1151TS086_5 0.58352 0.34548 1786 228
H1151TS003_4 0.58352 0.34548 1786 228
H1151TS398_4 0.57503 0.34643 1786 228
H1106TS248_1 0.564 0.35731 1890 236
H1106TS239_3 0.56096 0.36156 1848 236
H1106TS229_3 0.56096 0.36156 1848 236
H1106TS187_3 0.55692 0.36407 1888 236
H1106TS423_3 0.55692 0.36407 1888 236
H1106TS461_4 0.55488 0.36667 1888 236
H1106TS446_4 0.55488 0.36667 1888 236
H1106TS444_3 0.56536 0.35358 1888 236
H1106TS374_1 0.56736 0.35166 1890 236
H1129TS248_2 0.5417 0.41603 10646 1387
H1129TS205_2 0.54321 0.41142 10646 1387
H1106TS131_1 0.56366 0.35763 1890 236
H1129TS248_5 0.54065 0.41506 10646 1387
T1161TS165_2o 0.5618 0.35821 720 96
H1129TS348_4 0.54374 0.41022 10644 1387
H1106TS035_4 0.56227 0.35811 1890 236
H1106TS248_4 0.57062 0.3479 1890 236
H1129TS257_2 0.53968 0.42049 10644 1387
H1129TS360_4 0.54275 0.41096 10646 1387
H1106TS147_3 0.55465 0.36394 1888 236
H1129TS185_1 0.53915 0.42068 10404 1354
H1129TS348_3 0.5427 0.41086 10644 1387
T1123TS461_2o 0.54655 0.40436 4180 532
T1123TS446_2o 0.54655 0.40436 4180 532
H1151TS288_2 0.57398 0.34602 1784 228
H1151TS074_2 0.57398 0.34602 1784 228
H1151TS257_3 0.56666 0.35123 1784 228
H1106TS071_3 0.5675 0.34958 1888 236
H1151TS493_2 0.57391 0.34572 1784 228
H1151TS091_1 0.56573 0.35155 1784 228
H1151TS288_1 0.58347 0.34395 1784 228
H1151TS074_1 0.58347 0.34395 1784 228
H1151TS205_4 0.57918 0.34445 1786 228
H1106TS348_2 0.56493 0.352 1890 236
H1106TS298_5 0.55571 0.3628 1890 236
H1151TS367_1 0.57715 0.34488 1786 228
H1151TS477_1 0.57669 0.34493 1784 228
H1129TS037_2 0.5393 0.40842 10646 1387
H1106TS150_4 0.55388 0.36314 1890 236
H1106TS390_4 0.55388 0.36314 1890 236
H1106TS348_4 0.55388 0.36314 1890 236
H1106TS320_4 0.55388 0.36314 1890 236
H1129TS248_1 0.53836 0.41262 10646 1387
H1129TS165_2 0.53802 0.41294 10645 1387
H1129TS360_1 0.54007 0.4069 10646 1387
H1151TS086_3 0.57265 0.34509 1786 228
T1161TS315_2o 0.56755 0.34799 720 96
T1161TS052_2o 0.56755 0.34799 720 96
H1106TS147_2 0.56426 0.35267 1888 236
H1106TS374_5 0.56968 0.34713 1890 236
H1151TS188_3 0.57229 0.3455 1785 228
H1106TS071_1 0.56453 0.35035 1888 236
H1129TS257_1 0.53677 0.41434 10644 1387
H1129TS360_3 0.53845 0.40773 10646 1387
T1161TS165_4o 0.55261 0.36693 720 96
H1106TS147_1 0.55277 0.36599 1888 236
H1151TS493_5 0.57101 0.34557 1784 228
H1151TS086_2 0.58292 0.34278 1786 228
H1106TS374_2 0.56579 0.34837 1890 236
H1151TS165_1 0.56961 0.34647 1786 228
H1151TS071_3 0.57571 0.34284 1784 228
H1106TS439_3 0.56 0.35591 1848 236
H1106TS071_5 0.56373 0.35145 1888 236
H1106TS248_5 0.55798 0.35727 1890 236
T1127TS234_2o 0.54048 0.39563 3400 422
T1127TS234_1o 0.5401 0.396 3400 422
H1106TS494_5 0.55355 0.36168 1888 236
H1106TS169_1 0.55314 0.36205 1890 236
H1106TS098_2 0.55314 0.36205 1890 236
H1106TS098_1 0.55314 0.36205 1890 236
H1106TS188_3 0.55314 0.36205 1890 236
H1106TS169_4 0.5539 0.35846 1890 236
H1106TS150_1 0.5539 0.35846 1890 236
H1106TS390_1 0.5539 0.35846 1890 236
H1106TS320_1 0.5539 0.35846 1890 236
H1106TS225_4 0.5539 0.35846 1890 236
H1151TS348_5 0.57746 0.34182 1784 228
H1129TS205_3 0.53688 0.40543 10646 1387
H1151TS067_2 0.56371 0.34995 1784 228
H1106TS125_1 0.5536 0.35845 1890 236
H1151TS225_2 0.56726 0.34701 1786 228
H1129TS098_5 0.53398 0.40676 10646 1387
H1151TS374_1 0.58086 0.34087 1786 228
H1151TS374_4 0.57972 0.34097 1786 228
T1123TS462_5o 0.53364 0.40996 4180 532
H1151TS165_4 0.56957 0.34491 1786 228
H1151TS073_5 0.57464 0.34118 1784 228
T1160TS185_5o 0.55965 0.35408 714 96
H1106TS003_1 0.56863 0.34495 1890 236
H1106TS288_4 0.55139 0.35945 1888 236
H1151TS494_2 0.57676 0.34017 1784 228
H1151TS131_5 0.56373 0.34829 1786 228
T1123TS462_3o 0.53252 0.40778 4180 532
H1129TS441_1 0.5373 0.39453 10644 1387
H1129TS433_1 0.5373 0.39453 10644 1387
H1106TS071_4 0.56634 0.34574 1888 236
T1123TS131_5o 0.53823 0.38405 4180 532
H1151TS071_5 0.56768 0.3439 1784 228
H1129TS257_3 0.53107 0.41419 10644 1387
H1106TS003_4 0.55813 0.35309 1890 236
H1106TS071_2 0.56384 0.34734 1888 236
H1106TS374_3 0.56411 0.3473 1890 236
H1106TS374_4 0.56039 0.34899 1890 236
H1129TS165_3 0.53007 0.41285 10645 1387
T1123TS462_1o 0.53201 0.40597 4180 532
H1151TS225_3 0.57439 0.33879 1786 228
H1106TS169_5 0.54829 0.36245 1890 236
H1129TS399_4 0.53335 0.39455 10641 1387
H1129TS125_4 0.53335 0.39455 10641 1387
H1129TS054_4 0.53335 0.39455 10641 1387
H1106TS348_1 0.54829 0.3618 1890 236
H1106TS367_5 0.56267 0.34732 1890 236
H1129TS185_3 0.53035 0.40649 10404 1354
H1151TS071_4 0.57161 0.34031 1784 228
H1151TS037_4 0.56428 0.34638 1786 228
H1106TS367_1 0.56599 0.34381 1890 236
H1151TS493_3 0.57205 0.33974 1784 228
H1106TS187_1 0.55363 0.35401 1888 236
H1106TS423_1 0.55363 0.35401 1888 236
H1106TS037_3 0.54896 0.35817 1890 236
H1106TS441_4 0.56432 0.3456 1888 236
H1106TS433_4 0.56432 0.3456 1888 236
H1151TS257_2 0.56505 0.34319 1784 228
T1161TS315_1o 0.56433 0.34422 720 96
T1161TS052_1o 0.56433 0.34422 720 96
H1129TS092_1 0.53208 0.39325 10639 1387
T1179TS494_3o 0.53578 0.38017 4148 522
H1106TS288_5 0.55222 0.355 1888 236
H1106TS494_4 0.55248 0.35453 1890 236
H1151TS423_2 0.56353 0.34612 1784 228
H1151TS187_2 0.56353 0.34612 1784 228
H1129TS185_2 0.52865 0.41237 10404 1354
H1106TS444_2 0.55644 0.35193 1888 236
H1106TS441_2 0.56717 0.34278 1888 236
H1106TS433_2 0.56717 0.34278 1888 236
H1106TS073_5 0.54823 0.35759 1888 236
H1106TS073_4 0.54681 0.35786 1888 236
T1123TS462_4o 0.52836 0.41037 4180 532
H1151TS165_5 0.56546 0.34275 1783 228
H1151TS398_5 0.56429 0.34316 1786 228
H1106TS493_3 0.54855 0.35675 1888 236
T1123TS462_2o 0.52801 0.40623 4180 532
H1106TS298_3 0.54572 0.36142 1890 236
H1106TS150_2 0.54619 0.35821 1890 236
H1106TS390_2 0.54619 0.35821 1890 236
H1106TS320_2 0.54619 0.35821 1890 236
H1106TS003_2 0.55031 0.35333 1890 236
H1151TS494_5 0.56423 0.34282 1435 184
H1106TS494_2 0.55757 0.34822 1888 236
H1151TS097_3 0.56889 0.33954 1786 228
H1151TS092_1 0.56722 0.34069 1784 228
H1151TS374_2 0.57733 0.33509 1786 228
T1124TS098_4o 0.53219 0.37995 5902 768
T1123TS131_4o 0.53198 0.38018 4180 532
H1157TS447_3 0.53453 0.37117 11828 1524
H1151TS493_4 0.56179 0.34225 1784 228
H1151TS398_2 0.56779 0.33811 1786 228
H1106TS147_5 0.5491 0.35269 1888 236
H1106TS119_5 0.56156 0.34382 1890 236
H1129TS441_3 0.53006 0.38281 10642 1387
H1129TS433_3 0.53006 0.38281 10642 1387
H1151TS278_5 0.56935 0.33719 1786 228
H1106TS158_3 0.54947 0.35121 1890 236
T1161TS315_5o 0.55725 0.34736 720 96
T1161TS052_5o 0.55725 0.34736 720 96
H1157TS447_1 0.53232 0.37292 11828 1524
H1151TS091_5 0.5599 0.3442 1784 228
H1151TS071_1 0.5702 0.33711 1784 228
H1106TS441_1 0.56502 0.3372 1888 236
H1106TS433_1 0.56502 0.3372 1888 236
H1129TS257_4 0.5249 0.40225 10644 1387
H1106TS423_5 0.54675 0.35196 1888 236
H1106TS187_5 0.54675 0.35196 1888 236
H1129TS441_2 0.52905 0.37925 10644 1387
H1129TS433_2 0.52905 0.37925 10644 1387
H1106TS493_4 0.54581 0.3534 1888 236
H1106TS158_4 0.54837 0.35103 1890 236
T1123TS350_2o 0.5262 0.38394 4178 532
T1123TS291_2o 0.5262 0.38394 4178 532
H1106TS441_5 0.55665 0.34699 1888 236
H1106TS433_5 0.55665 0.34699 1888 236
H1151TS398_3 0.56751 0.3369 1786 228
H1106TS037_4 0.54323 0.35447 1890 236
H1106TS091_2 0.54854 0.34876 1888 236
H1151TS073_2 0.55994 0.34037 1784 228
H1106TS444_5 0.5515 0.34717 1888 236
H1106TS441_3 0.56157 0.33718 1888 236
H1106TS433_3 0.56157 0.33718 1888 236
H1151TS225_1 0.5599 0.33946 1786 228
H1151TS225_5 0.55803 0.34188 1786 228
H1151TS091_2 0.55734 0.34248 1784 228
H1106TS215_1 0.55259 0.34552 1890 236
H1151TS097_4 0.57021 0.33458 1786 228
H1129TS350_3 0.52062 0.39881 10593 1380
H1151TS185_4 0.56168 0.33708 1784 228
H1151TS188_1 0.56736 0.33487 1785 228
H1106TS399_1 0.54672 0.34773 1888 236
H1106TS054_1 0.54672 0.34773 1888 236
H1106TS399_3 0.54305 0.34839 1888 236
H1106TS054_3 0.54305 0.34839 1888 236
H1151TS493_1 0.57014 0.33341 1784 228
H1151TS439_2 0.57228 0.33182 1727 228
H1151TS239_2 0.57228 0.33182 1727 228
H1157TS447_4 0.52616 0.36491 11828 1524
T1161TS493_4o 0.53881 0.34911 718 96
H1129TS257_5 0.51583 0.40812 10613 1387
H1129TS225_4 0.51702 0.40356 10646 1387
H1129TS350_2 0.5192 0.39855 10593 1380
H1106TS494_3 0.55309 0.33939 1890 236
H1106TS439_2 0.55134 0.34015 1848 236
H1106TS073_1 0.53808 0.34837 1888 236
H1106TS067_1 0.54296 0.34371 1888 236
H1129TS350_5 0.51555 0.40239 10644 1387
H1129TS350_1 0.51555 0.40239 10644 1387
H1151TS073_1 0.571 0.33017 1784 228
H1151TS097_5 0.56916 0.33234 1786 228
H1106TS493_1 0.53912 0.34502 1888 236
T1179TS461_2o 0.52516 0.3628 4148 522
T1179TS446_2o 0.52516 0.3628 4148 522
H1134TS098_5 0.54227 0.34168 4153 543
H1106TS003_5 0.54251 0.34102 1890 236
H1157TS447_2 0.52271 0.36622 11828 1524
H1106TS119_1 0.55547 0.33448 1890 236
H1106TS119_3 0.55343 0.33583 1890 236
H1106TS493_2 0.53658 0.34709 1888 236
T1113TS234_1o 0.52408 0.36141 3089 386
T1161TS493_5o 0.53156 0.35616 718 96
H1106TS239_4 0.55029 0.33613 1848 236
H1106TS229_4 0.55029 0.33613 1848 236
H1151TS073_4 0.56418 0.33024 1784 228
H1151TS188_2 0.56088 0.33231 1785 228
H1106TS091_3 0.53888 0.3362 1888 236
H1106TS239_2 0.53784 0.33711 1848 236
H1106TS229_2 0.53784 0.33711 1848 236
H1151TS350_2 0.5738 0.32273 1784 228
H1151TS291_2 0.5738 0.32273 1784 228
T1127TS165_5o 0.52081 0.36182 3400 422
T1160TS315_1o 0.54437 0.33431 716 96
T1160TS052_1o 0.54437 0.33431 716 96
H1106TS227_4 0.5338 0.34048 1888 236
H1151TS350_5 0.57494 0.32213 1784 228
H1151TS291_5 0.57494 0.32213 1784 228
H1151TS073_3 0.56455 0.32756 1784 228
H1157TS447_5 0.52002 0.35721 11828 1524
H1106TS119_2 0.55354 0.33267 1890 236
T1123TS098_3o 0.51955 0.36299 4180 532
H1106TS350_5 0.55977 0.32955 1888 236
H1106TS291_5 0.55977 0.32955 1888 236
H1106TS119_4 0.55053 0.3312 1890 236
T1123TS348_4o 0.51502 0.35706 4178 532
H1106TS257_1 0.54907 0.32398 1888 236
H1106TS091_1 0.53374 0.3273 1888 236
H1151TS439_4 0.56174 0.32178 1725 228
H1151TS239_4 0.56174 0.32178 1725 228
H1151TS234_4 0.53372 0.32648 1785 228
T1160TS493_1o 0.52877 0.33427 714 96
T1123TS461_3o 0.50996 0.37024 4180 532
T1123TS446_3o 0.50996 0.37024 4180 532
T1160TS037_5o 0.56175 0.3207 716 96
H1151TS234_2 0.5339 0.3224 1784 228
T1123TS348_3o 0.51425 0.35672 4178 532
H1151TS350_4 0.57026 0.31822 1784 228
H1151TS291_4 0.57026 0.31822 1784 228
H1129TS385_1 0.50844 0.39065 10646 1387
H1129TS245_1 0.50844 0.39065 10646 1387
H1151TS350_1 0.5723 0.31602 1784 228
H1151TS291_1 0.5723 0.31602 1784 228
H1151TS350_3 0.57076 0.31793 1784 228
H1151TS291_3 0.57076 0.31793 1784 228
H1151TS439_5 0.55869 0.31818 1725 228
H1151TS239_5 0.55869 0.31818 1725 228
H1151TS234_3 0.53225 0.32088 1785 228
H1106TS227_3 0.52293 0.33337 1887 236
H1106TS227_5 0.52408 0.33145 1888 236
H1151TS234_5 0.53065 0.32033 1785 228
H1129TS215_5 0.50885 0.36923 10646 1387
T1179TS462_5o 0.51564 0.34787 4148 522
H1129TS091_2 0.50318 0.38891 10644 1387
T1179TS462_3o 0.51309 0.34841 4148 522
T1123TS350_1o 0.50872 0.36413 4178 532
T1123TS291_1o 0.50872 0.36413 4178 532
T1179TS461_1o 0.50909 0.35676 4148 522
T1179TS446_1o 0.50909 0.35676 4148 522
H1151TS234_1 0.52803 0.31923 1785 228
H1106TS091_5 0.52362 0.32237 1888 236
H1106TS227_2 0.52033 0.32905 1887 236
H1129TS091_4 0.50153 0.37989 10644 1387
T1179TS462_1o 0.51055 0.34981 4148 522
T1179TS462_4o 0.51132 0.34711 4148 522
H1129TS091_1 0.49969 0.38369 10644 1387
H1129TS091_3 0.50032 0.3762 10644 1387
H1129TS441_4 0.50864 0.35654 10641 1387
H1129TS433_4 0.50864 0.35654 10641 1387
H1106TS227_1 0.5185 0.32297 1888 236
T1153TS494_3o 0.50895 0.34297 4642 598
H1106TS398_3 0.53009 0.30643 1888 236
T1123TS205_2o 0.50501 0.3512 4180 532
H1129TS091_5 0.498 0.37079 10644 1387
H1106TS125_5 0.53606 0.29404 1502 186
T1160TS493_3o 0.51992 0.3124 714 96
H1106TS067_2 0.5195 0.31311 1888 236
T1179TS462_2o 0.5033 0.33531 4148 522
H1129TS245_5 0.49292 0.36735 10646 1387
H1151TS067_1 0.53276 0.29246 1784 228
T1160TS165_4o 0.5232 0.29602 716 96
H1106TS091_4 0.51329 0.31134 1888 236
T1124TS098_5o 0.48892 0.35709 5890 768
T1127TS165_2o 0.49384 0.33618 3400 422
H1106TS312_4 0.52648 0.29012 1598 197
T1123TS461_5o 0.48658 0.33277 4180 532
T1123TS446_5o 0.48658 0.33277 4180 532
H1106TS398_2 0.51811 0.28926 1890 236
H1129TS350_4 0.48119 0.35317 10644 1387
T1161TS493_3o 0.48143 0.32209 718 96
T1160TS493_2o 0.49802 0.29336 714 96
T1123TS494_5o 0.46515 0.34297 3456 446
H1129TS441_5 0.48366 0.31473 10644 1387
H1129TS433_5 0.48366 0.31473 10644 1387
H1106TS312_2 0.5297 0.27918 1640 203
H1134TS447_1 0.49421 0.28778 4170 543
H1106TS398_5 0.51495 0.27769 1889 236
T1124TS205_5o 0.46301 0.29007 5682 748
T1123TS320_5o 0.45592 0.32998 4180 532
H1134TS447_3 0.4909 0.2857 4170 543
H1140TS052_1 0.46206 0.28984 2701 351
H1140TS315_1 0.46206 0.28984 2701 351
H1106TS312_1 0.52937 0.26985 1640 203
H1106TS312_3 0.52155 0.26788 1640 203
T1124TS205_2o 0.4613 0.28939 5682 748
T1124TS205_3o 0.46196 0.28922 5682 748
H1134TS447_4 0.48794 0.28501 4170 543
H1106TS234_1 0.45172 0.29698 1889 236
H1106TS370_5 0.51195 0.26625 1889 236
H1106TS370_2 0.50938 0.27102 1889 236
H1106TS234_2 0.45627 0.29281 1888 236
H1106TS370_4 0.51165 0.26426 1889 236
H1106TS398_4 0.50553 0.27697 1890 236
H1106TS370_3 0.50226 0.27743 1889 236
T1123TS493_5o 0.46398 0.28664 4178 532
T1124TS205_1o 0.4599 0.2873 5682 748
H1106TS447_1 0.49826 0.27346 1890 236
T1124TS205_4o 0.45867 0.28633 5682 748
H1134TS447_5 0.47814 0.27874 4170 543
H1134TS447_2 0.47571 0.27883 4170 543
H1142TS315_1 0.44878 0.28771 2688 347
H1142TS052_1 0.44878 0.28771 2688 347
H1106TS234_3 0.44117 0.28561 1889 236
H1106TS234_4 0.44455 0.28105 1888 236
H1106TS125_2 0.48578 0.25768 1890 236
H1106TS370_1 0.50776 0.25644 1889 236
H1129TS225_2 0.42622 0.31075 10646 1387
T1123TS320_4o 0.45731 0.25999 4180 532
H1106TS312_5 0.50922 0.25187 1640 203
H1106TS098_3 0.49033 0.24951 1888 236
T1160TS493_4o 0.44897 0.24826 714 96
H1106TS098_4 0.48126 0.24046 1888 236
H1106TS234_5 0.4183 0.26674 1883 236
T1161TS447_1o 0.4305 0.25023 720 96
T1123TS461_4o 0.42509 0.25219 4180 532
T1123TS446_4o 0.42509 0.25219 4180 532
H1143TS315_1 0.41993 0.25712 2717 350
H1143TS052_1 0.41993 0.25712 2717 350
T1109TS165_5o 0.42545 0.24353 3440 454
T1179TS169_5o 0.4011 0.37531 4126 522
T1179TS098_5o 0.4011 0.37531 4126 522
T1110TS165_5o 0.42377 0.23917 3446 454
T1160TS312_2o 0.44809 0.20709 662 88
H1129TS245_4 0.39891 0.29448 10646 1387
H1141TS315_1 0.41573 0.24519 2677 346
H1141TS052_1 0.41573 0.24519 2677 346
H1151TS368_2 0.43996 0.20178 1785 228
H1151TS333_2 0.43996 0.20178 1785 228
T1160TS312_4o 0.4565 0.19249 662 88
H1151TS368_3 0.42394 0.20324 1785 228
H1151TS333_3 0.42394 0.20324 1785 228
T1161TS312_2o 0.43012 0.19806 658 86
T1161TS312_4o 0.42246 0.20013 658 86
H1144TS315_1 0.40933 0.23854 2640 341
H1144TS052_1 0.40933 0.23854 2640 341
T1121TS494_3o 0.4104 0.21473 3656 468
H1134TS368_2 0.4066 0.21016 4169 543
H1134TS333_2 0.4066 0.21016 4169 543
T1160TS447_1o 0.41345 0.18959 716 96
T1121TS165_4o 0.39474 0.22415 6060 762
H1151TS368_5 0.41655 0.18449 1785 228
H1151TS333_5 0.41655 0.18449 1785 228
T1179TS461_3o 0.4021 0.18677 4148 522
T1179TS446_3o 0.4021 0.18677 4148 522
T1160TS312_3o 0.41671 0.18038 658 87
T1179TS169_1o 0.35355 0.31552 4113 522
T1179TS098_4o 0.35355 0.31552 4113 522
H1151TS368_4 0.43955 0.17557 1785 228
H1151TS333_4 0.43955 0.17557 1785 228
T1160TS312_5o 0.39879 0.16902 662 88
H1129TS225_1 0.35758 0.2542 10646 1387
T1161TS312_1o 0.39742 0.16877 658 86
T1160TS312_1o 0.39331 0.1631 662 88
T1161TS312_3o 0.39101 0.15868 658 86
T1161TS312_5o 0.38213 0.15243 658 86
H1129TS245_2 0.35228 0.24381 10646 1387
H1106TS368_5 0.41519 0.14949 1889 236
H1106TS333_5 0.41519 0.14949 1889 236
T1161TS315_3o 0.36938 0.16128 720 96
T1161TS052_3o 0.36938 0.16128 720 96
H1134TS368_4 0.35629 0.18232 4169 543
H1134TS333_4 0.35629 0.18232 4169 543
T1178TS169_4o 0.34078 0.29193 4845 612
T1178TS098_4o 0.34078 0.29193 4845 612
H1134TS368_5 0.35105 0.18555 4169 543
H1134TS333_5 0.35105 0.18555 4169 543
H1134TS368_3 0.35118 0.17606 4169 543
H1134TS333_3 0.35118 0.17606 4169 543
T1179TS461_4o 0.36963 0.12247 4148 522
T1179TS446_4o 0.36963 0.12247 4148 522
T1178TS169_5o 0.33125 0.28383 4852 612
T1160TS165_5o 0.3896 0.1075 716 96
T1187TS169_3o 0.33116 0.26404 2672 332
T1187TS098_5o 0.33116 0.26404 2672 332
H1106TS315_3 0.34279 0.12454 1889 236
T1160TS315_5o 0.36033 0.09653 716 96
T1160TS052_5o 0.36033 0.09653 716 96
T1160TS315_3o 0.35318 0.11041 716 96
T1160TS052_3o 0.35318 0.11041 716 96
T1161TS315_4o 0.34087 0.14962 720 96
T1161TS052_4o 0.34087 0.14962 720 96
T1110TS098_2o 0.32497 0.24637 3412 454
T1187TS169_1o 0.32197 0.26199 2663 332
T1187TS098_4o 0.32197 0.26199 2663 332
H1151TS368_1 0.36662 0.05711 1306 228
H1151TS333_1 0.36662 0.05711 1306 228
T1110TS098_3o 0.31797 0.25248 3392 454
H1106TS315_2 0.33726 0.14194 1889 236
T1109TS098_3o 0.30503 0.23888 3397 454
H1106TS315_5 0.33361 0.1374 1889 236
H1106TS315_4 0.33817 0.12437 1889 236
H1106TS315_1 0.34038 0.11646 1889 236
T1109TS098_2o 0.2847 0.22022 3390 454
H1129TS245_3 0.2946 0.21346 10646 1387
H1106TS368_4 0.34219 0.05226 1366 236
H1106TS368_1 0.34219 0.05226 1366 236
H1106TS333_4 0.34219 0.05226 1366 236
H1106TS333_1 0.34219 0.05226 1366 236
T1160TS315_4o 0.32443 0.07053 716 96
T1160TS052_4o 0.32443 0.07053 716 96
