ID            pgoodness         area             pgoodness_average   pcadscore          num_of_residues  residue_pcadscore
H1106TS035_2  7556.40290481822  1981.37631983    3.81371414869163    0.990892642396368  104              0.914933253671488
H1106TS035_5  7497.65491527789  2037.03079346    3.68067823979369    0.988657565450988  101              0.946117469612047
H1106TS035_1  7395.38857767948  2102.322306061   3.51772349860845    0.985170639499197  106              0.884064836713957
H1106TS037_5  6760.21581043027  1847.1950754     3.65971948521267    0.988259092699437  94               0.948682920644657
H1106TS035_3  6715.98140136893  1807.9743693     3.71464414286425    0.989275127509616  93               0.949764385165013
H1106TS037_1  6524.13839578643  1824.835914912   3.57519179805328    0.986506826175427  91               0.929261206954639
H1106TS003_1  6377.68146684545  1523.6432062     4.18581032678348    0.995080828653973  80               0.979590543873551
H1106TS037_4  6281.4517430447   1803.167351      3.48356559337719    0.984315538237463  90               0.932663819160769
H1106TS003_3  6110.25846197109  1751.5540565     3.48847838255176    0.984441448057401  96               0.903410926864408
H1106TS037_2  6094.65841528089  1755.4320894     3.47188504305172    0.984012137718116  94               0.919407191811147
H1106TS037_3  6075.60449396142  1770.0267        3.43249313355636    0.98294576226576   91               0.923815250003136
H1106TS054_2  5836.78583705155  1836.4719416535  3.1782602852055     0.974179675585438  99               0.873291450820471
H1106TS003_2  5765.29621025487  1558.38271929    3.69953807809261    0.989004688636591  87               0.927029417322521
H1106TS035_4  5572.71092035308  1703.5810443378  3.27117452901646    0.977801693538777  91               0.909319040290515
H1106TS003_4  5508.22259605419  1566.84850625    3.51547872948945    0.985115882097149  87               0.906388975419147
H1106TS003_5  5284.57249955176  1386.0424073     3.81270621426805    0.990877469859362  75               0.972843531830878
H1106TS054_5  5132.3017458326   1802.8733611     2.84673447207695    0.955971493156571  93               0.830947907024374
H1106TS054_3  5007.28755062419  1677.5480957     2.98488464411792    0.9647070438949    88               0.89245390416685
H1106TS071_1  4544.03810073847  1539.29910049    2.9520176418553     0.962793760028008  82               0.881603169290306
H1106TS054_1  4214.03821614335  1546.0971258     2.72559734173419    0.946646975278481  85               0.824484205217193
H1106TS054_4  4164.98952139006  1800.38684017    2.31338589488734    0.89925521928908   95               0.771515284196501
H1106TS071_2  4006.68419183232  1553.82437948    2.57859526774396    0.932829740335927  81               0.826233599642562
H1106TS067_1  1688.46505289994  1241.93248403    1.35954657327342    0.645483392385285  73               0.594679730848517
H1106TS067_2  45.0570165793227  1053.56047453    0.0427664264829438  0.168627012148784  69               0.291864447181961
H1106TS073_2  9464.14989034822   2170.808944571    4.35973415072626   0.996314133336245    113              0.978963709119328
H1106TS073_5  8323.18937797974   1856.39281281     4.48352811998934   0.996999227381424    95               0.988033224457884
H1106TS073_3  8019.78699236243   2081.58442046     3.85273204081253   0.991461149792834    110              0.957468157395637
H1106TS073_1  7203.24344366336   2121.2094787      3.39581899665936   0.981890296018731    111              0.867853114103709
H1106TS073_4  7078.97835120783   1887.7656076088   3.74992441999971   0.989881375390756    93               0.918098361679045
H1106TS092_1  6510.8910646992    1823.465278762    3.57061422585442   0.986404894064571    94               0.916617769730926
H1106TS086_2  6396.48939204349   1748.280088       3.65873262296372   0.988239992998094    90               0.967058573508075
H1106TS086_4  6279.45528907493   1726.45400089     3.6371981447741    0.987815487410878    89               0.954563898425943
H1106TS086_3  6136.42237014306   1745.3261934      3.51591719264176   0.985126593301884    88               0.943539783847121
H1106TS098_1  5847.07172958227   1751.5091099      3.33830506306422   0.98010468489463     89               0.90510384713741
H1106TS098_2  5847.07172958227   1751.5091099      3.33830506306422   0.98010468489463     89               0.90510384713741
H1106TS086_1  5782.17818853582   1748.7826108883   3.3064019235637    0.97904095553799     92               0.892461911406045
H1106TS086_5  5634.34457824637   1735.05824846     3.24735182997302   0.976923338109486    90               0.88651264648163
H1106TS097_1  5467.97631998741   1951.8740537      2.80139812792851   0.952679287122883    97               0.827672157397727
H1106TS091_5  5295.58001212323   1703.52625168     3.10859900568059   0.971092809540726    91               0.903669565393777
H1106TS091_3  5162.73280268216   1677.881084       3.07693605459477   0.969574023519315    87               0.841657524627556
H1106TS091_2  5123.42109549841   1784.3728643      2.87127270202481   0.957661106664259    91               0.82952103082049
H1106TS091_4  4920.85654458909   1695.7804593      2.90182406431335   0.959678239452274    90               0.795164505529395
H1106TS091_1  4438.6319949616    1635.6733694      2.71364202535729   0.945631604162581    86               0.818509220249959
H1106TS071_3  4261.30549547694   1550.6834933      2.74801757669354   0.948503060035893    82               0.843878625731068
H1106TS071_4  4133.09365401904   1576.4404678      2.62178860441649   0.937202317374401    84               0.83102456212522
H1106TS071_5  4053.28672315385   1560.9908393      2.59661147337128   0.934686908797342    81               0.840430323780392
H1106TS098_3  -3524.54063125306  1545.66990953564  -2.2802673517219   0.00420564852638028  78               0.0137481375370337
H1106TS098_4  -5348.20713307582  2119.10637760663  -2.52380304716755  0.00280650447602232  104              0.00808694976200243
H1106TS147_4  10099.2580831617   2219.00211       4.55126114466008    0.99731869986125    106              0.976667059694859
H1106TS147_2  9684.20793682603   2136.8640159     4.53197202291193    0.997231341953879   98               0.994820080114067
H1106TS147_5  9590.35421151014   2706.54686274    3.54339115407049    0.985782823960753   134              0.87518349733336
H1106TS147_3  9564.45379213826   3069.540914218   3.11592321439212    0.971433516029796   156              0.770296451218308
H1106TS147_1  9032.21888824348   2901.3582346047  3.11310019580332    0.971302659336975   149              0.839809996351746
H1106TS131_4  7107.35461368506   1807.6532083     3.93181312712583    0.992507672245585   94               0.940462546500935
H1106TS131_5  6691.2521395253    1770.0826814     3.78019185761031    0.990374364331994   93               0.94452026502093
H1106TS125_4  6571.81200884996   1882.4024673     3.4911832740403     0.984510346513557   98               0.939112377503143
H1106TS119_5  6456.99221492326   1558.10169858    4.1441404118922     0.994728914951414   79               0.981397325477208
H1106TS150_2  6415.98287931863   1778.8496214     3.60681577696775    0.987190715157774   90               0.937534763463288
H1106TS150_3  6209.10005537345   1792.5547348     3.46382731574789    0.983799481661862   93               0.929292444761249
H1106TS131_2  6198.47755760254   1783.170729      3.47609875868624    0.984122248366491   95               0.906861710630363
H1106TS131_3  6182.33146684917   1749.39287164    3.53398688600659    0.985561474344856   91               0.923550199179578
H1106TS098_5  6093.40045822615   1746.6875819     3.48854627545809    0.984443181096688   96               0.900527746699065
H1106TS119_4  5936.45701547768   1544.8610308     3.84271264348193    0.991318610634376   78               0.96793981975694
H1106TS119_1  5866.4533294989    1536.578376053   3.81786794668296    0.990954906531678   80               0.955344041963568
H1106TS125_3  5700.69922194611   1730.74071803    3.29379159024749    0.978605317101473   90               0.900109921322372
H1106TS119_2  5661.4728995767    1506.428054      3.75820994872199    0.990018760196263   76               0.968397563945697
H1106TS131_1  5531.94067737063   1675.1212477     3.30241209999944    0.978904069605427   91               0.889142373674408
H1106TS150_1  5520.81437762779   1726.84762716    3.19704778278985    0.974955712875369   89               0.879266668789546
H1106TS119_3  5283.7846480685    1454.9712934     3.63153876096158    0.987701435765988   75               0.965175815456663
H1106TS125_1  5233.57346538986   1720.05016132    3.04268653500984    0.967844177380901   87               0.885029400124583
H1106TS125_2  -383.187906957928  875.0659898      -0.437896011757361  0.0834404870089488  54               0.253583051879405
H1106TS125_5  -383.187906957928  875.0659898      -0.437896011757361  0.0834404870089488  54               0.253583051879405
H1106TS180_3  9062.99098870197  2430.760592547  3.72845890972981   0.989516683287697  126              0.93588342541737
H1106TS180_5  8647.93267578454  2268.2040592    3.81267842313741   0.99087705116212   115              0.960559355033447
H1106TS180_2  8544.45883049399  2325.8035359    3.67376637734262   0.988527655377035  118              0.942143229716306
H1106TS180_4  8140.94838941842  2290.61853793   3.55403933680519   0.98602941622647   116              0.934482299435567
H1106TS180_1  8031.25204440137  2277.8117979    3.52586287058733   0.985367526892097  116              0.938383979532768
H1106TS169_5  6627.68396867931  1726.6673995    3.83842537977987   0.991256900436123  90               0.958001566449717
H1106TS150_5  6481.40198509627  1798.373361872  3.60403580397205   0.987131993821168  94               0.955810392140063
H1106TS158_1  6319.40225875965  1791.211145     3.52800521390216   0.985418919580889  93               0.912536276080221
H1106TS165_1  6209.10005537345  1792.5547348    3.46382731574789   0.983799481661862  93               0.929292444761249
H1106TS158_5  6142.87099877704  1771.41631342   3.46777375382597   0.983903979712525  92               0.912042721317816
H1106TS158_2  6110.25846197109  1751.5540565    3.48847838255176   0.984441448057401  96               0.903410926864408
H1106TS169_2  6093.40045822615  1746.6875819    3.48854627545809   0.984443181096688  96               0.900527746699065
H1106TS158_4  5870.71925947002  1577.7427318    3.72096105476733   0.989386256513039  89               0.918669240035266
H1106TS169_1  5847.07172958227  1751.5091099    3.33830506306422   0.98010468489463   89               0.90510384713741
H1106TS150_4  5827.79193270908  1751.2678343    3.32775593690871   0.979758937639191  91               0.896846975278035
H1106TS169_3  5790.30394591389  1658.893593205  3.49046133497144   0.984491986859772  92               0.927519543967724
H1106TS185_2  5690.60630747643  1624.031659987  3.50399961261961   0.984832740380233  84               0.923769673429015
H1106TS158_3  5628.55684549936  1575.5190054    3.57250964679436   0.986447192574245  88               0.913782491937193
H1106TS185_3  5583.87203163555  1650.380712865  3.38338420226818   0.981518071408181  86               0.892156038246694
H1106TS185_4  5537.74579369945  1678.3355797    3.2995462055862    0.978805204848253  85               0.878689055121876
H1106TS169_4  5520.81437762779  1726.84762716   3.19704778278985   0.974955712875369  89               0.879266668789546
H1106TS185_1  5486.57269815304  1616.0900564    3.3949671779894    0.981865034039723  85               0.914841856775442
H1106TS185_5  5183.35318778007  1637.35862474   3.16567983913918   0.973646992407924  83               0.886416012382976
H1106TS187_1  4620.79458543029  1406.478623079  3.28536424913068   0.978309260419344  75               0.944693325000055
H1106TS205_1  9898.09873744566  2436.64493313332  4.06218345679013   0.99396207771579   122              0.92411536222003
H1106TS205_2  9337.33689245194  2056.854013       4.53962062131628   0.997266316001651  99               0.989130087353811
H1106TS205_5  9074.12162324626  2256.97238413332  4.0204841171465    0.993530334549982  111              0.973615486194047
H1106TS205_4  8691.60590598091  1998.88835126     4.34821979952115   0.996242984636909  99               0.992680676502685
H1106TS201_1  8323.26447503083  2055.5297046      4.04920661394699   0.99383088106709   102              0.96423763886932
H1106TS225_1  7884.09555590869  1998.5599742155   3.94488814827959   0.992667992547211  98               0.945891750585035
H1106TS205_3  7607.39861575057  2003.0832365      3.79784448151192   0.990650826054362  98               0.95457242697734
H1106TS201_2  7584.34237901535  2008.397031497    3.77631626619275   0.990312592307597  98               0.909242903915153
H1106TS225_3  7474.95073112972  2013.59070341     3.71224932577954   0.989232696955936  99               0.885761300030708
H1106TS225_2  7323.09392848186  2247.1280926      3.25886804254616   0.977352105030065  113              0.848048539139562
H1106TS201_4  7022.28385411088  2000.3431654053   3.51053957918668   0.984994697687778  97               0.853015871037379
H1106TS201_5  6541.29190000753  1835.2428988      3.56426492879207   0.986262251441313  92               0.918251141718332
H1106TS201_3  6539.3145994096   1859.4786361      3.51674629245803   0.985146826612931  96               0.892108313484942
H1106TS187_2  6445.1096352297   1732.7208686      3.71964680060511   0.989363229999029  93               0.958897740085405
H1106TS187_4  6368.15774987917  1804.1066983      3.52981215350503   0.985462127986473  95               0.932776216096778
H1106TS188_4  6204.33384082245  2047.47305624     3.03023955402673   0.967192252270847  102              0.86462945426899
H1106TS188_5  6093.40045822615  1746.6875819      3.48854627545809   0.984443181096688  96               0.900527746699065
H1106TS188_2  5937.87061657524  1588.647236       3.73768982944634   0.989675080876785  90               0.946800027958928
H1106TS188_3  5847.07172958227  1751.5091099      3.33830506306422   0.98010468489463   89               0.90510384713741
H1106TS187_3  5823.77299008647  1773.90635538     3.28302166144443   0.9782262550154    93               0.890535589747864
H1106TS188_1  5790.30394591389  1658.893593205    3.49046133497144   0.984491986859772  92               0.927519543967724
H1106TS215_1  5530.68890628664  1501.4957836      3.68345283862617   0.98870930469493   81               0.956157060548045
H1106TS225_4  5520.81437762779  1726.84762716     3.19704778278985   0.974955712875369  89               0.879266668789546
H1106TS187_5  5134.91449572126  1532.8012572      3.35001975735675   0.980481855033017  82               0.907422136464584
H1106TS229_1  8148.12117907339   1970.25320007     4.13557058492985   0.994653492984576    100              0.979827329129372
H1106TS239_1  8148.12117907339   1970.25320007     4.13557058492985   0.994653492984576    100              0.979827329129372
H1106TS229_5  7965.08256910199   1954.14296        4.07599788354379   0.994098695936653    97               0.954108821507273
H1106TS239_5  7965.08256910199   1954.14296        4.07599788354379   0.994098695936653    97               0.954108821507273
H1106TS245_2  7921.70803685603   2111.76700743     3.75122255863665   0.989903023214008    106              0.93572264117913
H1106TS225_5  7649.07625929214   2246.1575972192   3.40540497637472   0.982172211929086    113              0.9449814327243
H1106TS245_3  7030.08611974994   2070.4213768      3.39548567191452   0.981880414882347    100              0.93964528336274
H1106TS245_1  5962.50546339419   2028.36711894     2.93955931730451   0.962042768267932    100              0.883865115276175
H1106TS229_4  5952.19368043733   1634.6268506429   3.64131647421326   0.987897825427966    94               0.928279836959333
H1106TS239_4  5952.19368043733   1634.6268506429   3.64131647421326   0.987897825427966    94               0.928279836959333
H1106TS229_3  5482.62546463113   1962.73157468     2.79336488766937   0.952072032035028    104              0.857254144507231
H1106TS239_3  5482.62546463113   1962.73157468     2.79336488766937   0.952072032035028    104              0.857254144507231
H1106TS229_2  5146.61186448163   1633.1299965      3.15137917710865   0.973028482736544    90               0.892351049501705
H1106TS239_2  5146.61186448163   1633.1299965      3.15137917710865   0.973028482736544    90               0.892351049501705
H1106TS234_3  -1614.03292088171  550.2266256       -2.93339661475246  0.00142002321772283  28               0.00179807964153842
H1106TS234_1  -1929.26920662     678.91732234      -2.8416850522689   0.00165415670011237  34               0.00210798143442319
H1106TS234_4  -2493.58398677098  1025.24244795332  -2.43218956818351  0.00326796027213122  47               0.0040080465702785
H1106TS234_2  -3259.44382277907  1222.92327289995  -2.66528889833771  0.00221825251816155  56               0.00294217179757668
H1106TS227_4  -3656.26005152519  2463.49390526664  -1.48417661748973  0.0156687473961644   135              0.0743313251702572
H1106TS227_2  -3958.49536290511  2411.61625466332  -1.64142838034476  0.01209994491248     131              0.0653182382397932
H1106TS227_3  -4041.26810781791  2430.17335481332  -1.66295466116176  0.0116785085016366   131              0.0608095845865025
H1106TS227_1  -4144.08819188649  2429.85325684132  -1.70548907849423  0.0108879767531666   133              0.0607499583621054
H1106TS227_5  -4343.73342057524  2438.54281402332  -1.78128240996867  0.00960832407442841  133              0.0518246798879654
H1106TS234_5  -6728.79759579151  2737.62601841559  -2.45789510712125  0.00313133839633278  95               0.00450852347340319
H1106TS291_1  8168.09826268708  2050.095134      3.98425328035878   0.99313039572223   101              0.953029353082613
H1106TS291_3  7838.68588384023  2140.53684126    3.66201867342124   0.988303472302673  102              0.92535028633597
H1106TS245_4  7676.71880164251  2183.85884396    3.51520833082888   0.985109272748552  106              0.950201852011015
H1106TS291_4  7654.16438811144  2080.68150576    3.67868141612363   0.988620184779734  101              0.9202666085086
H1106TS278_4  7534.35195483966  1791.91767789    4.20463062996925   0.995232009983569  91               0.97398711665705
H1106TS278_5  7360.81460742116  1741.72383668    4.22616631431768   0.995399338283998  88               0.979379192006138
H1106TS291_2  7208.26601050625  1971.36526347    3.65648423662404   0.988196363070585  95               0.914818013967698
H1106TS291_5  7076.31498182526  1886.1977824     3.7516293613819    0.98990979763819   94               0.939858208835747
H1106TS278_3  7061.29339032818  1887.0657213086  3.7419435426083    0.989747272924767  96               0.909089884718259
H1106TS278_1  6755.32583591406  1576.7014303     4.28446737352722   0.995823565843092  82               0.983449745534055
H1106TS278_2  6703.10146480513  1555.34755126    4.30971293803426   0.995994958407241  79               0.987145522854569
H1106TS248_4  6503.74291720316  1544.02401262    4.21220321966832   0.995291526991645  79               0.981839432411701
H1106TS288_1  6499.24328351602  1812.24487431    3.58629420099233   0.986750930513089  91               0.920120421883951
H1106TS248_2  6485.13357163645  1523.584387751   4.25649778494338   0.995625140027254  81               0.973819243829526
H1106TS288_2  6481.82153589468  1809.4604038     3.58218478961042   0.986661090492406  95               0.929160855471817
H1106TS248_3  6452.21528543755  1516.8134055     4.25379632197452   0.995605484836424  78               0.980801737150707
H1106TS288_3  6380.38598536807  1812.4668636     3.52027731568845   0.985232694365696  92               0.94096696668248
H1106TS298_1  6330.708552504    1813.5191943     3.49084176908731   0.984501664358972  92               0.945408325274813
H1106TS248_5  6276.63686557956  1548.571039      4.0531798073873    0.993871348403529  83               0.952230660036573
H1106TS257_1  6273.78756589214  1572.41535327    3.98990480018218   0.993194359811698  79               0.963448165106306
H1106TS248_1  6084.79400609718  1504.1332577     4.04538226579842   0.993791678953488  81               0.977543086570721
H1106TS288_5  6061.31203259279  1763.3111563     3.43746026385462   0.983083985424083  89               0.932321747214347
H1106TS288_4  5738.34575621495  1734.9894195     3.30742406363992   0.979075883812058  90               0.920729044666972
H1106TS245_5  5423.11275485976  2121.982697      2.55568189247104   0.930396964201436  105              0.815615547158499
H1106TS298_4  6645.96849654688   1813.1658593    3.66539468105398    0.988368336746998   96               0.969295222639004
H1106TS320_5  6481.40198509627   1798.373361872  3.60403580397205    0.987131993821168   94               0.955810392140063
H1106TS320_2  6415.98287931863   1778.8496214    3.60681577696775    0.987190715157774   90               0.937534763463288
H1106TS320_3  6209.10005537345   1792.5547348    3.46382731574789    0.983799481661862   93               0.929292444761249
H1106TS348_2  6205.23923858261   1808.41208958   3.43131926309106    0.982912934509857   96               0.930909600639996
H1106TS298_2  5939.19512499028   1750.8647248    3.39214962804663    0.981781228650797   91               0.915783500271398
H1106TS348_1  5931.62323983767   1768.279465     3.35446028596937    0.980622984577675   88               0.9116574708902
H1106TS320_4  5827.79193270908   1751.2678343    3.32775593690871    0.979758937639191   91               0.896846975278035
H1106TS298_5  5780.64432636346   1735.35856285   3.33109505442486    0.97986900888246    90               0.891564959402344
H1106TS320_1  5520.81437762779   1726.84762716   3.19704778278985    0.974955712875369   89               0.879266668789546
H1106TS298_3  5340.54948761638   1736.26267704   3.07588797377192    0.969522450175799   90               0.86337883655028
H1106TS315_5  3701.24216698931   1858.47589866   1.99154703575009    0.839239223165623   108              0.669132935465512
H1106TS315_1  1338.78194113255   1033.285826     1.29565499443186    0.620756007389615   60               0.506178038813313
H1106TS315_3  1228.25931213328   1001.929817     1.22589356189734    0.593026079227628   60               0.482295487118744
H1106TS312_2  1195.19148463986   751.195078      1.59105340229594    0.728116818063336   44               0.589742946612031
H1106TS315_2  943.225668553777   1768.687693206  0.533291248747282   0.314783894080575   100              0.419768847589302
H1106TS333_5  155.544196046579   177.982606      0.873929197590122   0.447662912474538   15               0.527582327869195
H1106TS312_3  -73.3959931704986  643.00142176    -0.114145926722217  0.135063637585574   44               0.311011444908222
H1106TS312_4  -146.146833687469  1054.249958     -0.138626359506546  0.130367808840568   64               0.341347728567656
H1106TS315_4  -272.674030784023  1176.90296255   -0.231687776699295  0.113768455639146   73               0.282984464789046
H1106TS312_1  -554.118795868997  747.7986168     -0.741000027841983  0.0520712329758174  48               0.144721083133872
H1106TS312_5  -593.462202183773  656.3434413     -0.904194610383124  0.0401691538158875  44               0.187736308993761
H1106TS350_1  8168.09826268708   2050.095134    3.98425328035878   0.99313039572223     101              0.953029353082613
H1106TS350_3  7838.68588384023   2140.53684126  3.66201867342124   0.988303472302673    102              0.92535028633597
H1106TS350_4  7654.16438811144   2080.68150576  3.67868141612363   0.988620184779734    101              0.9202666085086
H1106TS348_5  7466.20015248678   2023.2520544   3.69019773697988   0.988834108984253    100              0.952266394120027
H1106TS350_2  7208.26601050625   1971.36526347  3.65648423662404   0.988196363070585    95               0.914818013967698
H1106TS350_5  7076.31498182526   1886.1977824   3.7516293613819    0.98990979763819     94               0.939858208835747
H1106TS360_2  6951.00695052025   1850.0103473   3.75728003936027   0.99000343354947     95               0.950044347306176
H1106TS360_1  6793.96145321775   1831.119638    3.71027720539238   0.989197630965828    94               0.959785785734566
H1106TS367_4  6290.40058508755   1739.2781762   3.61667309528997   0.987396807347959    93               0.940812509241664
H1106TS367_2  6227.22847686669   1755.162637    3.5479495435879    0.985888908675475    91               0.937616117202861
H1106TS367_1  6192.92599185887   1553.9171426   3.98536435571907   0.993143017883674    78               0.976889334730152
H1106TS367_3  6151.85658859448   1759.8992451   3.49557317313636   0.98462152647716     93               0.918670827161434
H1106TS348_3  6091.05954866587   1798.903583    3.3859844442068    0.981596523059332    93               0.893158953833851
H1106TS348_4  5827.79193270908   1751.2678343   3.32775593690871   0.979758937639191    91               0.896846975278035
H1106TS367_5  5765.62719357994   1434.97025472  4.01794195706514   0.993503043324779    76               0.976398416389971
H1106TS360_5  5051.49083198289   1808.73654715  2.79282841934191   0.952031216338682    92               0.831094591907767
H1106TS360_3  4942.15205421435   1823.7001685   2.70995865415711   0.945315120642817    92               0.816973327247041
H1106TS360_4  4807.75225087099   1765.4392482   2.7232612256541    0.946449984622876    91               0.815672841085209
H1106TS368_5  155.544196046579   177.982606     0.873929197590122  0.447662912474538    15               0.527582327869195
H1106TS370_1  -452.511822906045  179.111424     -2.52642635963882  0.00279429491064564  9                0.00315045706393395
H1106TS370_2  -545.983340657672  200.366963     -2.72491698473102  0.00200882396755481  11               0.0118773534705758
H1106TS370_3  -602.005723911779  277.336173     -2.1706714901261   0.00504423393759784  18               0.0230369387396752
H1106TS385_2  7921.70803685603   2111.76700743    3.75122255863665    0.989903023214008    106              0.93572264117913
H1106TS385_4  7676.71880164251   2183.85884396    3.51520833082888    0.985109272748552    106              0.950201852011015
H1106TS385_3  7030.08611974994   2070.4213768     3.39548567191452    0.981880414882347    100              0.93964528336274
H1106TS390_5  6481.40198509627   1798.373361872   3.60403580397205    0.987131993821168    94               0.955810392140063
H1106TS390_2  6415.98287931863   1778.8496214     3.60681577696775    0.987190715157774    90               0.937534763463288
H1106TS374_4  6357.266374402     1552.69384274    4.09434635432281    0.994275413496557    82               0.978557832749472
H1106TS390_3  6209.10005537345   1792.5547348     3.46382731574789    0.983799481661862    93               0.929292444761249
H1106TS374_3  6083.52327396066   1556.46645756    3.90854762363303    0.992213751332237    81               0.972699711729859
H1106TS374_2  6048.79484136274   1550.981547291   3.89997859866726    0.992102637031941    77               0.975550920905193
H1106TS385_1  5962.50546339419   2028.36711894    2.93955931730451    0.962042768267932    100              0.883865115276175
H1106TS374_1  5925.69899607487   1548.1325159     3.82764326387783    0.991099776059006    81               0.970125683283283
H1106TS399_2  5836.78583705155   1836.4719416535  3.1782602852055     0.974179675585438    99               0.873291450820471
H1106TS390_4  5827.79193270908   1751.2678343     3.32775593690871    0.979758937639191    91               0.896846975278035
H1106TS374_5  5818.31927169386   1551.454782      3.7502345148554     0.989886550720155    79               0.975720718808095
H1106TS390_1  5520.81437762779   1726.84762716    3.19704778278985    0.974955712875369    89               0.879266668789546
H1106TS385_5  5423.11275485976   2121.982697      2.55568189247104    0.930396964201436    105              0.815615547158499
H1106TS399_1  4214.03821614335   1546.0971258     2.72559734173419    0.946646975278481    85               0.824484205217193
H1106TS398_1  3532.28430490918   2019.5371214     1.7490563889514     0.777027503138076    102              0.670359008819708
H1106TS370_5  -524.288212168785  209.710019       -2.50006277558339   0.00291944521850163  13               0.00372492361175404
H1106TS370_4  -549.906477574651  217.46830887     -2.52867408787999   0.00278387555510451  13               0.00321657393152143
H1106TS398_3  -628.328381162418  1492.7025737     -0.420933407788642  0.0856282201728745   76               0.297108886557591
H1106TS398_4  -2027.65302201638  1537.43054404    -1.31885829241313   0.0205372515273919   88               0.0458796693401996
H1106TS398_5  -2287.13777913143  1684.484553      -1.35776714310507   0.0192725666958263   85               0.104063405324251
H1106TS398_2  -2540.56599051404  1871.32408164    -1.35763014832125   0.0192768827643563   104              0.0550544291659659
H1106TS439_5  8762.09350637285  2216.5957063    3.95295068084327   0.992765149747578  111              0.936599702900325
H1106TS439_4  8340.89368270735  2017.23105156   4.13482316577321   0.994646864373146  100              0.976348222418721
H1106TS434_2  7519.7214383586   1972.16801755   3.81292129851099   0.990880709644331  98               0.947681763699455
H1106TS434_3  7402.6463767261   1864.94566811   3.96936302397924   0.992958994439481  93               0.925567603039444
H1106TS434_5  6806.55226759547  2053.7513729    3.31420460987168   0.979306148522539  107              0.865249709501441
H1106TS434_4  6631.79341501022  1874.664533     3.53758941841048   0.985646666107504  100              0.882794162957373
H1106TS423_2  6445.1096352297   1732.7208686    3.71964680060511   0.989363229999029  93               0.958897740085405
H1106TS423_4  6368.15774987917  1804.1066983    3.52981215350503   0.985462127986473  95               0.932776216096778
H1106TS434_1  6339.90819148764  1965.7380342    3.22520502792622   0.976076390751407  100              0.887574098133226
H1106TS439_1  6097.70896317837  1465.602215648  4.16054840670552   0.994870378994096  77               0.966576543229641
H1106TS439_3  5984.62201419562  1754.4450409    3.41111968439069   0.982338222109025  93               0.905556957731528
H1106TS423_3  5823.77299008647  1773.90635538   3.28302166144443   0.9782262550154    93               0.890535589747864
H1106TS433_2  5662.331217423    1485.18954031   3.81253103643668   0.990874830336672  81               0.968290113617399
H1106TS433_1  5548.79312392129  1483.63707317   3.73999357677515   0.989714241228616  81               0.969181142270688
H1106TS441_1  5548.79312392129  1483.63707317   3.73999357677515   0.989714241228616  81               0.969181142270688
H1106TS433_4  5534.61701046791  1474.63962027   3.75319972038629   0.989935906410091  81               0.967309965131126
H1106TS433_3  5396.59041212431  1469.535551883  3.67231021067122   0.988500099397786  80               0.963745137432098
H1106TS433_5  5370.61165385108  1459.066235668  3.68085527754829   0.988660873745778  79               0.965102364773356
H1106TS439_2  5203.3595479271   1669.598677     3.1165331043965    0.971461710376434  86               0.85482529905778
H1106TS423_5  5134.91449572126  1532.8012572    3.35001975735675   0.980481855033017  82               0.907422136464584
H1106TS399_5  5132.3017458326   1802.8733611    2.84673447207695   0.955971493156571  93               0.830947907024374
H1106TS399_3  5007.28755062419  1677.5480957    2.98488464411792   0.9647070438949    88               0.89245390416685
H1106TS423_1  4620.79458543029  1406.478623079  3.28536424913068   0.978309260419344  75               0.944693325000055
H1106TS399_4  4164.98952139006  1800.38684017   2.31338589488734   0.89925521928908   95               0.771515284196501
H1106TS447_5  8454.05274208787  2157.723351     3.91804294010621   0.992335065874475  107              0.982070083098365
H1106TS447_2  7466.41702186135  2141.558109348  3.48644147887937   0.984389365450161  108              0.934865329037451
H1106TS447_4  7466.41702186135  2141.558109348  3.48644147887937   0.984389365450161  108              0.934865329037451
H1106TS447_3  7466.41702186135  2141.558109348  3.48644147887937   0.984389365450161  108              0.934865329037451
H1106TS444_2  6902.20083990683  1657.344442     4.16461458764576   0.994904848218182  80               0.971319852641237
H1106TS446_1  6884.64437324773  1999.4599803    3.4432518985525    0.983243762616403  100              0.903419784878256
H1106TS461_1  6884.64437324773  1999.4599803    3.4432518985525    0.983243762616403  100              0.903419784878256
H1106TS444_1  6658.26208319124  1842.6220722    3.61347135891062   0.987330228451691  94               0.913311501529148
H1106TS444_4  6639.47918479074  1911.99506484   3.47253991753705   0.984029299732547  96               0.871637487509082
H1106TS446_5  6190.37872072414  2007.5633011    3.08352853298935   0.969896489321777  99               0.823843171203
H1106TS461_5  6190.37872072414  2007.5633011    3.08352853298935   0.969896489321777  99               0.823843171203
H1106TS446_2  6157.65320360852  1940.532515851  3.1731770291456    0.973965713367859  97               0.845625778047812
H1106TS461_2  6157.65320360852  1940.532515851  3.1731770291456    0.973965713367859  97               0.845625778047812
H1106TS444_5  5711.90383655912  1547.715248     3.69053922802673   0.988840391362347  80               0.958365744170399
H1106TS446_4  5664.72767120864  1807.37703192   3.13422577091783   0.972267958099263  91               0.857286207681127
H1106TS461_4  5664.72767120864  1807.37703192   3.13422577091783   0.972267958099263  91               0.857286207681127
H1106TS441_2  5662.331217423    1485.18954031   3.81253103643668   0.990874830336672  81               0.968290113617399
H1106TS446_3  5613.19410498287  1817.38268534   3.08861427494713   0.97014298918065   96               0.835402754460667
H1106TS461_3  5613.19410498287  1817.38268534   3.08861427494713   0.97014298918065   96               0.835402754460667
H1106TS441_4  5534.61701046791  1474.63962027   3.75319972038629   0.989935906410091  81               0.967309965131126
H1106TS441_3  5396.59041212431  1469.535551883  3.67231021067122   0.988500099397786  80               0.963745137432098
H1106TS444_3  5383.49030698757  1790.21656747   3.00717265430948   0.965950188026475  93               0.906035108530839
H1106TS441_5  5370.61165385108  1459.066235668  3.68085527754829   0.988660873745778  79               0.965102364773356
H1106TS447_1  1646.36015983931  1563.19301264   1.05320337701539   0.522153559951836  78               0.537845102293527
H1106TS494_1  9148.4181985423    2093.2212313      4.37049751920424     0.996379427108586   103              0.974615464584129
H1106TS477_1  8123.12081108832   1985.3889059      4.09145069107053     0.994247878565299   97               0.974652799315028
H1106TS462_5  7715.5580268763    2144.9693723      3.59704811011035     0.98698321708289    110              0.936951092121385
H1106TS462_4  7574.6261648212    2096.2153126      3.61347716491306     0.987330349498999   107              0.935807573088345
H1106TS462_2  7372.75355612223   2240.733338074    3.29033063901276     0.978484213497116   116              0.878578054549388
H1106TS462_1  7244.94688887906   2125.51533669     3.40856015659778     0.982264057292899   109              0.892545908937028
H1106TS493_3  7145.21629007127   1823.9498677      3.91744116250377     0.992327433388716   96               0.964685934252545
H1106TS462_3  7013.59258675275   2148.05799595     3.2650853002928      0.977580338726884   109              0.846864683962629
H1106TS493_5  6886.51258635072   1824.0329644      3.77543208963659     0.990298444750582   92               0.971171522233976
H1106TS493_2  6442.20826617613   1806.148234       3.56682145180788     0.98631986263727    92               0.931171350740621
H1106TS493_4  6404.49006718259   1764.35630138     3.62993011228701     0.987668825222698   91               0.928628385396013
H1106TS493_1  6161.69163433602   1752.817195       3.5153076155988      0.985111699899784   91               0.901072440517307
H1106TS494_5  5408.24787632547   1753.479479955    3.0842949336734      0.969933761649482   89               0.857884156169779
H1106TS494_4  5313.90606455354   1623.03743        3.27405022603425     0.977905486587436   87               0.907654541841589
H1106TS494_2  5066.46822296577   1461.72511479     3.46608823485505     0.983859430081603   78               0.945508300165233
H1106TS494_3  4961.72172964857   1509.8503053      3.2862342129094      0.978340007173967   81               0.92709026387963
H1129TS003_4  -38.1738207276871  460.26137484      -0.0829394400973954  0.141255750454132   34               0.249080560529409
H1129TS003_2  -341.938215648623  605.370428        -0.564841293583344   0.0686209265404497  42               0.115425239565272
H1129TS003_3  -455.84692517921   575.80852         -0.791664085101086   0.0480574823715194  45               0.153286262659027
H1129TS003_1  -540.741944174057  521.7862543       -1.03632845771203    0.0324872542617697  37               0.051543191712168
H1129TS011_2  -683.310878784371  914.140619        -0.747489898799007   0.0515399142946646  58               0.0857479184789788
H1129TS011_3  -816.398124012324  1534.3568719      -0.532078383434602   0.0721941170085914  89               0.153074656902846
H1129TS011_1  -905.742096165936  1497.3749282      -0.604886644692744   0.0644761606951742  97               0.176056015997067
H1129TS003_5  -1201.02738103599  888.457856203318  -1.35181131288364    0.0194610846510035  64               0.0461340236628741
H1129TS037_4  8514.36669784523   4658.76161736932  1.82760299777971    0.798884712065736    218              0.745688090621079
H1129TS037_1  4318.37579406074   1899.6012412445   2.27330647101052    0.89304009664392     121              0.727421568499428
H1129TS035_4  169.95582738201    530.9177699       0.320117044517124   0.243582411396133    39               0.350792388570009
H1129TS035_1  -175.908389767981  676.005131        -0.260217536378406  0.109061587216103    61               0.216410863716327
H1129TS037_5  -223.81549572658   1037.283552       -0.215770794104504  0.116470706040045    68               0.254159214459141
H1129TS035_3  -416.647356864543  366.273831571     -1.13752968667591   0.0275839550489407   33               0.032101986705651
H1129TS035_2  -494.86180592668   753.2133155       -0.657000873116774  0.0594310510729046   58               0.119264977019723
H1129TS035_5  -762.627309811764  834.36514273      -0.914021057155488  0.0395424466521268   56               0.0748345848919126
H1129TS037_3  -854.629998471891  1073.2564402      -0.796296175322864  0.0477055309644485   73               0.0884568807790095
H1129TS011_5  -997.330667309837  1328.0719184      -0.750961339888411  0.0512578197419279   89               0.155823513556911
H1129TS071_5  -1092.06431415909  836.375697263     -1.30571024209912   0.0209827127627406   56               0.0472703918353518
H1129TS054_2  -1177.01592964085  659.218407        -1.78547188176565   0.00954210603119793  46               0.0391491582868067
H1129TS011_4  -1202.34677055708  1541.97131558     -0.779746522136067  0.0489743564538055   92               0.114048100066094
H1129TS054_3  -1235.10133856984  720.330015333318  -1.71463261599382   0.0107250763229024   54               0.0355774637669071
H1129TS073_2  -1426.37944076075  1066.476902       -1.33746866724053   0.0199225154606283   67               0.062570579236143
H1129TS037_2  -1532.40733861634  1001.78587005     -1.52967553688879   0.0145411344424616   63               0.0471936053170244
H1129TS073_1  -1964.77353302883  1184.83861703332  -1.65826257245764   0.0117691151357767   76               0.129042563460171
H1129TS071_1  -2001.87366447026  1140.14304793332  -1.75580921016793   0.0100208560477232   81               0.0337103521337084
H1129TS071_3  -2010.22786794302  993.91296701      -2.02253913035305   0.00644768723553518  67               0.0137139172571082
H1129TS071_4  -2055.53051634998  1005.8637868      -2.04354758897259   0.00622721547464944  69               0.0109032709011371
H1129TS071_2  -2376.49154155668  982.817165866     -2.41804032743227   0.00334568049755901  70               0.00496996050200276
H1129TS054_1  -2572.65200092245  909.133218999953  -2.82978550025085   0.00168723447927277  57               0.00356645441558492
H1129TS054_4  -2605.48864164889  1391.62952385695  -1.87225737668146   0.00826771006471888  90               0.0493845419849642
H1129TS054_5  -3078.73751564269  1283.40472243332  -2.39888280121445   0.00345385423738676  76               0.00595554454153128
H1129TS091_1  6677.1762349862    2048.86950494     3.25895632634824      0.97735536173318     107              0.887866103240334
H1129TS091_2  3927.71594645161   1831.23098533     2.14485009150487      0.870803684327112    103              0.77883203827662
H1129TS091_4  2193.6473206023    1515.3349049      1.44763201422266      0.678318137999185    88               0.591768309633895
H1129TS091_5  2078.04844836253   845.30535385      2.45834057349562      0.919128734829892    52               0.763088079207292
H1129TS091_3  906.66785296252    1588.6875378      0.570702439208446     0.328385578827975    91               0.40492594557422
H1129TS119_2  -6.10635710265171  695.960876473318  -0.00877399478774554  0.156924728323006    55               0.316669247602006
H1129TS086_1  -38.1738207276871  460.26137484      -0.0829394400973954   0.141255750454132    34               0.249080560529409
H1129TS086_4  -455.84692517921   575.80852         -0.791664085101086    0.0480574823715194   45               0.153286262659027
H1129TS086_3  -540.741944174057  521.7862543       -1.03632845771203     0.0324872542617697   37               0.051543191712168
H1129TS086_2  -639.776010773095  621.376642333318  -1.02961065348496     0.0328410238450889   48               0.0602126803833198
H1129TS119_3  -643.276752652096  960.87473292      -0.669469942972945    0.0582799508351491   67               0.137114948100748
H1129TS119_1  -743.128601918576  948.410762733318  -0.78355142214633     0.0486798389404455   64               0.0707618325116773
H1129TS098_3  -824.708572643965  977.25779748      -0.843900734044379    0.0442277221954753   64               0.236555396809294
H1129TS098_2  -824.708572643965  977.25779748      -0.843900734044379    0.0442277221954753   64               0.236555396809294
H1129TS098_5  -1035.65851760634  801.90354062      -1.29150011833793     0.021474789947931    58               0.0462740277591288
H1129TS073_5  -1076.53025108718  624.598752466635  -1.72355491719412     0.0105684420872006   42               0.0150973119065916
H1129TS086_5  -1089.4078908086   668.668803853318  -1.62921895642611     0.0123456185415926   52               0.0166750353561294
H1129TS119_5  -1292.01167312464  627.57046634      -2.05875155448228     0.00607234686004932  54               0.0217442708973229
H1129TS073_4  -1470.17270639572  823.3163835       -1.78567162740752     0.00953896020004513  53               0.0182701162059865
H1129TS098_4  -1473.05818427254  902.084295933318  -1.63294959341741     0.0122700339340481   56               0.0327018036016575
H1129TS098_1  -1745.65359317091  846.561829350318  -2.06205091305686     0.006039248190019    53               0.0101142829013147
H1129TS073_3  -1759.35052830965  1021.78903863332  -1.72183343311536     0.0105984861372886   71               0.0414418393189263
H1129TS119_4  -1984.57679011013  822.398652        -2.41315666712709     0.00337293134392663  63               0.00496542060256651
H1129TS092_1  -3786.18811440654  1403.00934074327  -2.69861932095244     0.00209863870774107  84               0.00412117787397942
H1129TS147_5  4686.58916909062   1288.0862239      3.63841261720882      0.987839825789652    74               0.956728625593396
H1129TS147_2  2124.90131797967   1617.77998042     1.31346743296206      0.627719479752928    94               0.614125608461506
H1129TS147_3  1868.75532847313   1460.2636434      1.27973831089982      0.614491183438484    94               0.510613386849093
H1129TS147_4  1239.39628796436   1555.04857095     0.797014518464332     0.416220266551907    95               0.429884724788689
H1129TS147_1  659.15232712423    1734.156374585    0.380099705415535     0.262470545493009    108              0.357596641680438
H1129TS150_1  -6.10635710265171  695.960876473318  -0.00877399478774554  0.156924728323006    55               0.316669247602006
H1129TS131_1  -147.437904585388  140.307906        -1.05081679848738     0.0317367712004296   15               0.0546991669161531
H1129TS131_3  -210.539146989332  317.223638        -0.663693122986416    0.0588106228139017   17               0.0662983031622172
H1129TS131_5  -217.58953035678   167.194137        -1.30141842447968     0.0211301580101357   13               0.0263567534242185
H1129TS150_3  -485.395630455184  669.453543        -0.725062456582119    0.0533980679301935   47               0.128177372912976
H1129TS133_2  -683.310878784371  914.140619        -0.747489898799007    0.0515399142946646   58               0.0857479184789788
H1129TS131_4  -743.128601918576  948.410762733318  -0.78355142214633     0.0486798389404455   64               0.0707618325116773
H1129TS150_4  -779.024323261206  729.635496        -1.06768972662647     0.0308838958714108   44               0.0471144018796307
H1129TS133_3  -816.398124012324  1534.3568719      -0.532078383434602    0.0721941170085914   89               0.153074656902846
H1129TS133_1  -905.742096165936  1497.3749282      -0.604886644692744    0.0644761606951742   97               0.176056015997067
H1129TS133_5  -997.330667309837  1328.0719184      -0.750961339888411    0.0512578197419279   89               0.155823513556911
H1129TS131_2  -1067.17457229322  442.80544777      -2.41003035908341     0.00339049217174969  31               0.00625403292995749
H1129TS125_2  -1177.01592964085  659.218407        -1.78547188176565     0.00954210603119793  46               0.0391491582868067
H1129TS133_4  -1202.34677055708  1541.97131558     -0.779746522136067    0.0489743564538055   92               0.114048100066094
H1129TS125_3  -1235.10133856984  720.330015333318  -1.71463261599382     0.0107250763229024   54               0.0355774637669071
H1129TS150_2  -1288.37405962242  656.76348905      -1.96170171013319     0.00713084238305556  51               0.0135886203027836
H1129TS125_1  -2572.65200092245  909.133218999953  -2.82978550025085     0.00168723447927277  57               0.00356645441558492
H1129TS125_4  -2605.48864164889  1391.62952385695  -1.87225737668146     0.00826771006471888  90               0.0493845419849642
H1129TS125_5  -3078.73751564269  1283.40472243332  -2.39888280121445     0.00345385423738676  76               0.00595554454153128
H1129TS185_3  202.09869500383    2376.50486634     0.0850403034583631   0.178736283661937    149              0.296156424848376
H1129TS169_3  7.9090414763527    695.942577963318  0.0113645029443357   0.16141654729158     55               0.322792088563552
H1129TS158_4  -38.1738207276871  460.26137484      -0.0829394400973954  0.141255750454132    34               0.249080560529409
H1129TS158_2  -341.938215648623  605.370428        -0.564841293583344   0.0686209265404497   42               0.115425239565272
H1129TS158_3  -455.84692517921   575.80852         -0.791664085101086   0.0480574823715194   45               0.153286262659027
H1129TS158_1  -540.741944174057  521.7862543       -1.03632845771203    0.0324872542617697   37               0.051543191712168
H1129TS185_2  -701.194935288614  1974.07912333     -0.355201028672951   0.0946043663835499   132              0.244642393077032
H1129TS150_5  -769.105364765571  523.6775482       -1.46866209446856    0.0160725894187769   36               0.0235945020109396
H1129TS180_2  -866.835359748708  649.4163967       -1.33479130516802    0.0200098309068959   52               0.0326704844839213
H1129TS169_4  -907.868564478873  695.3024622       -1.30571745942952    0.0209824656615544   43               0.0308293443845029
H1129TS185_1  -959.976853998412  1385.0851701      -0.693081461502547   0.0561573213832003   94               0.178897373396556
H1129TS180_4  -981.361839101615  778.4997759       -1.26058075992006    0.02258479608569     64               0.037054950796744
H1129TS180_5  -1478.24483359538  1018.854706813    -1.45088875156632    0.016547820933202    74               0.0375741555834196
H1129TS158_5  -1640.90318669415  637.593217533318  -2.57358946358051    0.00258360546631042  42               0.00786183635458394
H1129TS180_3  -1648.660071959    816.52227762      -2.01912442213397    0.00648424818616067  64               0.0102393731942745
H1129TS180_1  -1658.0829549209   929.6344895       -1.78358588633334    0.00957185961877072  68               0.0158769943896781
H1129TS169_1  -1745.65359317091  846.561829350318  -2.06205091305686    0.006039248190019    53               0.0101142829013147
H1129TS169_2  -1745.65359317091  846.561829350318  -2.06205091305686    0.006039248190019    53               0.0101142829013147
H1129TS169_5  -1842.12798897615  1057.6171112      -1.74177211154046    0.0102556268399585   60               0.0293953487543919
H1129TS165_5  -2134.32682521408  1854.33470464     -1.15099330227357    0.0269884005994097   111              0.158179965658529
H1129TS165_2  -2372.9088953219   1779.312926307    -1.33360965361327    0.0200484866397338   108              0.0623485159146485
H1129TS165_1  -2529.05880179433  1604.487613       -1.57624077699522    0.0134699218209059   108              0.037674979620089
H1129TS165_4  -2567.10592765224  1221.6723059      -2.10130483866626    0.00565895279120943  79               0.0100261987998022
H1129TS165_3  -4409.36295271656  2280.51179492     -1.93349710470199    0.00747148594096553  136              0.0314062073249915
H1129TS225_2  20998.1357621912   21499.1398032185  0.976696554112726   0.490291451273953    848              0.500318496888848
H1129TS225_1  11144.2549135745   29573.8542383531  0.37682795160064    0.261416338025296    1095             0.333473327591155
H1129TS185_4  1956.61304166444   3320.183018774    0.589308791292757   0.335260955786195    188              0.427259311888818
H1129TS185_5  1666.79547450479   3309.98448957     0.503565947138721   0.304197204961423    192              0.387716095045743
H1129TS205_3  792.04272182123    1543.73222233     0.513070019764034   0.307560305497747    92               0.39515674949783
H1129TS205_4  736.044455516873   1262.7593486      0.58288577022448    0.332879443078568    78               0.406162631992124
H1129TS205_5  158.018402489935   1129.724081026    0.139873447989552   0.192547049121116    71               0.315295045862036
H1129TS215_4  45.3033234026201   125.153305        0.36198263723535    0.256667444767873    13               0.294124505481031
H1129TS205_1  15.6315016833735   1348.420268       0.011592455300719   0.161467980431865    86               0.303446703757872
H1129TS215_3  -39.5276075192539  70.071879         -0.564100864474519  0.0686998391648787   10               0.100913424010621
H1129TS215_1  -192.116530635257  188.51491         -1.01910522958241   0.0334017265113299   16               0.0442835390489855
H1129TS187_2  -224.735480891357  1096.86160977     -0.204889549319245  0.118349954822345    69               0.235803888122946
H1129TS188_4  -323.3091693129    740.00559832      -0.436900977569486  0.0835674053171827   49               0.139272701797576
H1129TS187_1  -425.777065823219  1766.95506874     -0.240966549379684  0.112218520744482    97               0.287075612286793
H1129TS205_2  -462.974500904901  1567.39093459     -0.295379085515769  0.103496431234678    96               0.279147550117918
H1129TS188_2  -482.807504223816  622.291836933318  -0.775853828652346  0.0492774181708881   40               0.108093698707041
H1129TS215_5  -594.706374428037  453.7073327       -1.31077091236096   0.0208101468153105   47               0.0571137440196561
H1129TS215_2  -727.850691446511  1770.728561       -0.41104588669167   0.086927317731834    114              0.278254489522958
H1129TS187_3  -794.964131976224  670.83800528      -1.18503144681616   0.0255379727948912   50               0.0710116305115207
H1129TS188_3  -834.208975254635  624.606266        -1.3355757389322    0.0199842098137737   39               0.0263534947978014
H1129TS188_1  -882.994014762899  695.08043308      -1.27034796656587   0.0222282277941897   53               0.0519298202497296
H1129TS188_5  -1087.21875097802  821.640815109     -1.32322875274129   0.0203912389885675   53               0.0881482110511451
H1129TS187_4  -1630.37137573491  1301.8546297      -1.25234518397082   0.0228897866590476   74               0.0539291645919821
H1129TS187_5  -2396.0344462777   1236.2248131      -1.93818666385551   0.00741374818448098  71               0.0130388846504705
H1129TS225_4  7760.59393705078   7428.49074917522  1.04470668391321     0.518619171430551    350              0.51693860223079
H1129TS245_5  7109.61365923022   10888.1411423431  0.652968543141079    0.359304114459313    481              0.413590363212269
H1129TS245_1  3794.50646485805   9129.674101036    0.415623430022268    0.274091705255369    446              0.347026341016954
H1129TS239_3  2516.42796624824   1697.09278359     1.48278750023616     0.690967391891364    113              0.628692291089484
H1129TS239_5  2271.13580000696   1571.0910391      1.4455787369954      0.677570965257832    101              0.599764373945558
H1129TS239_2  1723.59108674725   1384.5854164      1.24484272788939     0.600625301895646    95               0.56701714667577
H1129TS239_4  996.764232596929   1586.293827       0.628360405639358    0.349918078143424    106              0.419488348315345
H1129TS227_4  353.643316376743   769.165927        0.459775067983144    0.288973464136861    47               0.351364160633743
H1129TS227_3  -49.0219000088974  565.7035529       -0.0866565178132495  0.140505934201956    46               0.24004164410575
H1129TS239_1  -128.805120820757  1639.60348065332  -0.0785587017474694  0.14214373035839     108              0.296975849529103
H1129TS227_5  -283.361443253234  620.698816        -0.456520031855891   0.0810970903021993   46               0.196293241239137
H1129TS225_3  -433.736560488139  5257.86441880452  -0.0824929146017724  0.141346049036699    259              0.262112250151991
H1129TS248_1  -542.464658583758  788.371881        -0.688082200364218   0.056600590124363    58               0.102142816519599
H1129TS225_5  -779.024323261206  729.635496        -1.06768972662647    0.0308838958714108   44               0.0471144018796307
H1129TS234_3  -890.11528429209   579.00606909      -1.53731598304496    0.0143597826136911   46               0.0242702201151284
H1129TS227_1  -905.742096165936  1497.3749282      -0.604886644692744   0.0644761606951742   97               0.176056015997067
H1129TS227_2  -997.330667309837  1328.0719184      -0.750961339888411   0.0512578197419279   89               0.155823513556911
H1129TS234_1  -1124.64345045119  620.8351663       -1.81150088058597    0.00914070703293784  49               0.0147278527237018
H1129TS234_4  -1151.60851224054  632.7650244       -1.8199623364653     0.00901385935832533  50               0.0172793973202719
H1129TS234_5  -1154.85553708946  590.08372876      -1.95710452737999    0.00718529445316063  40               0.0675776756415249
H1129TS234_2  -1279.64126585837  606.350842        -2.11039744191263    0.00557431607065512  41               0.0595514496845966
H1129TS245_2  -6002.26854710024  23346.7771106314  -0.257091954005377   0.109568792258205    917              0.168217118327029
H1129TS245_3  -8559.85566606858  30709.8065827743  -0.278733623508719   0.106098971967918    1120             0.17544398373249
H1129TS245_4  -9660.6986385365   21156.7573180093  -0.456624731915462   0.0810840874438572   773              0.150407030892898
H1129TS257_2  13968.6502214897   6306.80657604664  2.21485311988842     0.883371812408679    314              0.759126034068375
H1129TS257_3  11122.8980257728   9768.14268579959  1.1386911906951      0.557532056529161    381              0.53617365803666
H1129TS257_1  10446.1274574871   6088.47436651664  1.71572167814901     0.767253872650546    308              0.642152322132059
H1129TS257_4  10417.2012932223   7778.81513894332  1.33917583939877     0.637676366773965    353              0.604091773179677
H1129TS314_1  1368.73532866119   2110.500678252    0.64853583927527     0.357605172930774    139              0.418328102715332
H1129TS312_1  -15.3293344730908  840.2236342       -0.0182443504909099  0.154847814785068    54               0.268934020700445
H1129TS248_2  -111.339877241617  717.284452        -0.155224160974309   0.127263537287337    58               0.213935488280821
H1129TS248_3  -187.451042834973  549.1536407       -0.341345352087681   0.0966009682641894   41               0.184921954254075
H1129TS312_5  -331.198632089161  631.691548        -0.524304358888083   0.07306680992381     42               0.173880197553887
H1129TS298_5  -363.801735544526  1353.421104       -0.268801583239185   0.107679196861235    82               0.265613133350473
H1129TS248_4  -434.19147192695   407.581505        -1.06528747404019    0.0310039538972978   33               0.0381530687100715
H1129TS298_4  -662.493476710574  485.966405        -1.36324953719913    0.0191006174064716   36               0.0240232283272273
H1129TS298_3  -664.152946331081  655.78396023      -1.01276180359481    0.0337447557911275   45               0.190768036647102
H1129TS278_4  -693.797899299395  699.01601968      -0.992535048934939   0.0348613922552009   55               0.086737224596672
H1129TS278_3  -740.302690523514  475.5022547       -1.55688576280375    0.0139053831062666   35               0.0213742888794612
H1129TS248_5  -783.850733070443  860.9463235       -0.910452500550626   0.0397689490303753   55               0.0800604763498205
H1129TS298_1  -881.964858880714  773.7134518       -1.13991149672902    0.0274776753614078   54               0.136046665366871
H1129TS312_3  -946.612592438669  630.3033397       -1.50183654887378    0.0152212040923813   42               0.0194209848188086
H1129TS298_2  -950.724648157008  693.1602026       -1.37157996750376    0.0188422182758899   43               0.0307267746151689
H1129TS278_1  -1164.1621775466   602.501685        -1.93221397803493    0.00748736138099337  44               0.0119485106401429
H1129TS278_2  -1319.59288657596  609.1435149       -2.16630868473185    0.00508085892683474  43               0.0112764933175813
H1129TS312_4  -1393.30420306055  1327.96598561     -1.04920172516357    0.0318195930013352   89               0.0901776565632392
H1129TS312_2  -1832.84801013537  1282.7285505      -1.4288666214071     0.0171558551142678   90               0.0280104010582383
H1129TS257_5  -17754.6237489675  8857.36659046077  -2.00450366004823    0.00664313427046337  369              0.0249415982880268
H1129TS350_4  4714.61427585651   2605.38272043     1.80956687817381      0.794011586277871    142              0.697350965221384
H1129TS317_1  4236.78140606203   1890.177171224    2.24147316482426      0.887865571432002    117              0.731091145632209
H1129TS314_4  3065.83750650375   1953.2173119      1.56963461660159      0.720992692278564    127              0.576106045284602
H1129TS314_2  1938.38461654833   1974.076787962    0.981919562789388     0.492467054518554    129              0.500383265857071
H1129TS350_2  1218.01077205263   2901.359889562    0.419806855548867     0.275481150016158    164              0.356690633402925
H1129TS350_3  1177.97588954541   2920.1431234142   0.403396628096823     0.270055905537215    169              0.384923376774079
H1129TS348_3  167.215537496608   1329.10024213332  0.125811080455612     0.1889294261224      79               0.304980405766195
H1129TS360_4  167.215537496608   1329.10024213332  0.125811080455612     0.1889294261224      79               0.304980405766195
H1129TS320_1  -6.10635710265171  695.960876473318  -0.00877399478774554  0.156924728323006    55               0.316669247602006
H1129TS348_1  -170.834694880455  1219.99120413832  -0.140029448000091    0.1301029195767      74               0.228154850102078
H1129TS314_3  -330.6374865411    1889.587088693    -0.174978696943679    0.123651379688598    123              0.282068907817154
H1129TS320_3  -485.395630455184  669.453543        -0.725062456582119    0.0533980679301935   47               0.128177372912976
H1129TS350_1  -609.198534323349  2257.49602424     -0.269855861442077    0.10751048041864     135              0.231555044244817
H1129TS350_5  -609.198534323349  2257.49602424     -0.269855861442077    0.10751048041864     135              0.231555044244817
H1129TS320_5  -769.105364765571  523.6775482       -1.46866209446856     0.0160725894187769   36               0.0235945020109396
H1129TS320_4  -779.024323261206  729.635496        -1.06768972662647     0.0308838958714108   44               0.0471144018796307
H1129TS360_3  -864.729078567509  1329.0924575022   -0.650616195800718    0.0600286756633033   79               0.147844808859725
H1129TS360_2  -1118.90761878221  919.2281779       -1.21722510871934     0.024236152335716    61               0.0412355699086332
H1129TS314_5  -1252.93828928585  1761.184141721    -0.711418107627006    0.0545592727510191   129              0.180279291176647
H1129TS320_2  -1288.37405962242  656.76348905      -1.96170171013319     0.00713084238305556  51               0.0135886203027836
H1129TS360_1  -1423.23728883106  1686.5596         -0.84387014181477     0.0442298775512869   97               0.129283025449584
H1129TS348_4  -1694.69532166726  1380.6877103      -1.2274284105122      0.023837230388379    75               0.0660090696445294
H1129TS348_2  -1958.71732387263  1383.06984531     -1.41620998427133     0.017515185494436    78               0.0457007422824626
H1129TS348_5  -2561.97313230084  1623.5254652      -1.57803076527983     0.013430335593665    91               0.0410329711264316
H1129TS385_1  3794.50646485805   9129.674101036    0.415623430022268     0.274091705255369    446              0.347026341016954
H1129TS390_1  -6.10635710265171  695.960876473318  -0.00877399478774554  0.156924728323006    55               0.316669247602006
H1129TS367_5  -38.1738207276871  460.26137484      -0.0829394400973954   0.141255750454132    34               0.249080560529409
H1129TS374_4  -85.8946191155454  640.3891843       -0.134128778594903    0.131219999287336    49               0.226719196973634
H1129TS374_1  -248.744369118261  704.3428628       -0.353158074363696    0.0948964158713977   57               0.238801618542367
H1129TS374_3  -403.275060077714  1586.50497163332  -0.254190858073732    0.110041418546321    103              0.206014609410021
H1129TS390_3  -485.395630455184  669.453543        -0.725062456582119    0.0533980679301935   47               0.128177372912976
H1129TS367_1  -540.741944174057  521.7862543       -1.03632845771203     0.0324872542617697   37               0.051543191712168
H1129TS367_4  -542.001896655042  1050.841499794    -0.515778922664638    0.0740350190685121   69               0.14187364407011
H1129TS374_5  -599.211060445108  687.1030929       -0.872083194846448    0.0422841563595175   39               0.0587094266645606
H1129TS390_5  -769.105364765571  523.6775482       -1.46866209446856     0.0160725894187769   36               0.0235945020109396
H1129TS390_4  -779.024323261206  729.635496        -1.06768972662647     0.0308838958714108   44               0.0471144018796307
H1129TS367_2  -871.101498697588  777.206986528318  -1.12081017514869     0.0283413242636422   53               0.180397193509413
H1129TS374_2  -1062.3894300066   969.375326513318  -1.09595262118733     0.0295047749757532   68               0.0853912276389421
H1129TS360_5  -1062.3958267983   1336.23511603     -0.795066537358122    0.0477987208126615   82               0.154605497661498
H1129TS399_2  -1177.01592964085  659.218407        -1.78547188176565     0.00954210603119793  46               0.0391491582868067
H1129TS367_3  -1201.02738103599  888.457856203318  -1.35181131288364     0.0194610846510035   64               0.0461340236628741
H1129TS390_2  -1288.37405962242  656.76348905      -1.96170171013319     0.00713084238305556  51               0.0135886203027836
H1129TS399_1  -2572.65200092245  909.133218999953  -2.82978550025085     0.00168723447927277  57               0.00356645441558492
H1129TS398_5  -2979.55649494857  1476.10565014202  -2.01852522863922     0.00649068490123711  88               0.0127847271199831
H1129TS398_2  -3213.37377818962  1533.80647323     -2.09503208799391     0.00571808506080418  96               0.00854302314987702
H1129TS398_4  -3225.44666552232  1577.69744195     -2.04440127730431     0.00621841666324008  90               0.0233906433358518
H1129TS398_3  -3353.9091337897   1626.906332611    -2.06152564936363     0.00604450552999375  101              0.0275415057989939
H1129TS398_1  -3903.6634828704   2013.19388560972  -1.93904000542309     0.00740328958539893  112              0.0141989476874296
H1129TS439_2  4244.50880581578   1868.27063289     2.27189184002214    0.892814679826506    112              0.761772961150998
H1129TS439_1  4236.78140606203   1890.177171224    2.24147316482426    0.887865571432002    117              0.731091145632209
H1129TS439_3  3837.49945184251   1962.2433301      1.9556695099822     0.831007223596374    122              0.708289451632591
H1129TS439_5  3508.84019616176   1942.7752002      1.80609686380624    0.793064068134803    118              0.671152003866242
H1129TS439_4  2788.87629898259   1824.611981745    1.52847637025566    0.706986720107852    112              0.597744140668042
H1129TS433_4  -141.938537649525  135.2202295       -1.04968419425382   0.031794829864192    17               0.0473149307327665
H1129TS433_5  -210.783103308517  99.6112           -2.11605826762971   0.00552226039594345  19               0.0140909431896805
H1129TS423_2  -224.735480891357  1096.86160977     -0.204889549319245  0.118349954822345    69               0.235803888122946
H1129TS433_1  -306.637665458     162.94661         -1.88182905712491   0.00813792821467557  27               0.0271369039204411
H1129TS441_1  -306.637665458     162.94661         -1.88182905712491   0.00813792821467557  27               0.0271369039204411
H1129TS433_2  -416.407337736108  230.1574869       -1.80922786108205   0.00917508273005435  25               0.0293220109302639
H1129TS423_1  -425.777065823219  1766.95506874     -0.240966549379684  0.112218520744482    97               0.287075612286793
H1129TS434_5  -476.494691265144  714.637852863318  -0.666763857184429  0.058527976509573    49               0.130591305068728
H1129TS434_4  -600.369781311014  603.755440933318  -0.994392332734808  0.034757391562416    40               0.124260743146923
H1129TS434_1  -683.310878784371  914.140619        -0.747489898799007  0.0515399142946646   58               0.0857479184789788
H1129TS423_3  -794.964131976224  670.83800528      -1.18503144681616   0.0255379727948912   50               0.0710116305115207
H1129TS434_2  -816.398124012324  1534.3568719      -0.532078383434602  0.0721941170085914   89               0.153074656902846
H1129TS433_3  -1051.73458766974  411.649936        -2.5549246961859    0.00266502171587557  35               0.00495206870153171
H1129TS434_3  -1202.34677055708  1541.97131558     -0.779746522136067  0.0489743564538055   92               0.114048100066094
H1129TS399_3  -1235.10133856984  720.330015333318  -1.71463261599382   0.0107250763229024   54               0.0355774637669071
H1129TS423_4  -1630.37137573491  1301.8546297      -1.25234518397082   0.0228897866590476   74               0.0539291645919821
H1129TS423_5  -2396.0344462777   1236.2248131      -1.93818666385551   0.00741374818448098  71               0.0130388846504705
H1129TS399_4  -2605.48864164889  1391.62952385695  -1.87225737668146   0.00826771006471888  90               0.0493845419849642
H1129TS399_5  -3078.73751564269  1283.40472243332  -2.39888280121445   0.00345385423738676  76               0.00595554454153128
H1129TS444_1  2329.33206437773   1715.50413077     1.35781198226099    0.644821557134403    106              0.541937458026053
H1129TS447_2  2142.43333848552   1902.0288252843   1.12639372758469    0.552470161684642    128              0.561532853731982
H1129TS447_4  1969.94558190516   1838.67495011     1.07139414815398    0.529712512507266    122              0.518664736153245
H1129TS447_1  1556.6352006711    1740.615319681    0.894301677728758   0.456072576246626    115              0.538481463172793
H1129TS447_5  1309.48379050269   2091.85169522     0.625992652105757   0.349020934448552    147              0.457749750996687
H1129TS446_2  1029.4306252175    1185.53099416     0.868328732263043   0.445356096647129    86               0.455511864968355
H1129TS461_2  1029.4306252175    1185.53099416     0.868328732263043   0.445356096647129    86               0.455511864968355
H1129TS446_4  870.649717959631   1168.20722147332  0.745287053491748   0.395435284217828    69               0.454610837066496
H1129TS461_4  870.649717959631   1168.20722147332  0.745287053491748   0.395435284217828    69               0.454610837066496
H1129TS447_3  457.026522917985   1553.08544859     0.294270043758961   0.235733144525203    110              0.400882156062181
H1129TS444_4  32.9017994927971   1745.06747662     0.0188541703593744  0.163113381380575    114              0.319316277221956
H1129TS441_4  -141.938537649525  135.2202295       -1.04968419425382   0.031794829864192    17               0.0473149307327665
H1129TS444_3  -188.525505154623  1426.3669505      -0.132171812511877  0.131592274568183    97               0.259936343509897
H1129TS441_5  -210.783103308517  99.6112           -2.11605826762971   0.00552226039594345  19               0.0140909431896805
H1129TS446_3  -247.356090704849  580.245964        -0.426295236936537  0.084931122942978    41               0.220580175144007
H1129TS461_3  -247.356090704849  580.245964        -0.426295236936537  0.084931122942978    41               0.220580175144007
H1129TS446_1  -367.989648375261  721.496485153318  -0.510036647367815  0.0746937912995866   49               0.164198054175048
H1129TS461_1  -367.989648375261  721.496485153318  -0.510036647367815  0.0746937912995866   49               0.164198054175048
H1129TS441_2  -416.407337736108  230.1574869       -1.80922786108205   0.00917508273005435  25               0.0293220109302639
H1129TS441_3  -1051.73458766974  411.649936        -2.5549246961859    0.00266502171587557  35               0.00495206870153171
H1129TS444_5  -1219.70495531463  1568.06567398     -0.777840479231219  0.0491225279685599   93               0.180335647281957
H1129TS446_5  -1843.66235601286  1017.69934927     -1.81159824592138   0.00913923739519357  72               0.0158968001267559
H1129TS461_5  -1843.66235601286  1017.69934927     -1.81159824592138   0.00913923739519357  72               0.0158968001267559
H1129TS444_2  -2808.21954600616  1646.412733       -1.70565951642586   0.0108849179795774   98               0.0187166801638727
H1134TS035_1  8065.67927322874   2121.88345085    3.80118864209895    0.99070230653086    114              0.912965266238879
H1134TS037_1  8012.2280524229    2018.0999642     3.97018393268692    0.992968553533462   111              0.977833241704694
H1134TS011_4  6988.31540933183   2008.99951984    3.47850526608807    0.984184798890976   110              0.885413657295999
H1134TS011_5  6562.39982047793   2104.25959066    3.11862654665133    0.971558281906665   113              0.810634145496917
H1134TS035_5  6559.644432794     2047.2474622294  3.20412874057283    0.975242263776836   112              0.852839378740702
H1134TS054_4  4587.85489523636   1363.0941968     3.36576511440428    0.980977776602643   82               0.868162622567614
H1134TS054_1  4058.67094053612   1181.319545106   3.43570963280044    0.983035395713473   72               0.931525811385498
H1134TS035_2  3794.94664689728   1145.176901      3.31385189797613    0.979294231958869   68               0.848497943903634
H1134TS035_4  3700.7108083685    1211.92290247    3.0535860002531     0.968404749894253   75               0.868674479826945
H1134TS054_2  3698.71340754766   1245.921036493   2.96865796403819    0.963774589076748   80               0.793968552006734
H1134TS035_3  3654.89867504002   1172.6977077     3.1166588380294     0.971467519504299   73               0.786042775304967
H1134TS071_1  3553.47609560086   2023.17077329    1.75638959524031    0.779137865279524   108              0.637993922456951
H1134TS054_3  2910.65794396349   1199.9870502     2.42557446222305    0.914975468751965   77               0.770633408205851
H1134TS054_5  2910.65794396349   1199.9870502     2.42557446222305    0.914975468751965   77               0.770633408205851
H1134TS071_2  2768.47361732711   1136.994263549   2.43490552774262    0.916177542820021   71               0.764850012738399
H1134TS071_3  2576.43927403194   1143.01388119    2.25407522728385    0.889939706719007   72               0.742128671201669
H1134TS037_3  2433.22850999765   1467.8697604     1.65765967502089    0.749528548397363   82               0.670502191421245
H1134TS071_4  2139.6861081674    1172.10246764    1.82551113681691    0.798323970036216   75               0.654139650240675
H1134TS071_5  2114.99416184036   1091.29341151    1.93806188100585    0.826845910923451   75               0.681486613546215
H1134TS037_2  1528.92435382886   1485.818680068   1.02901139576391    0.512085727010481   87               0.522273488211271
H1134TS037_5  503.168298796137   2456.065171718   0.204867649519322   0.209951035589722   131              0.353120222920859
H1134TS067_1  -258.184387837759  303.4147428      -0.850928947799826  0.0437352005278394  22               0.0580049185521834
H1134TS037_4  -281.52304670803   1227.06639634    -0.229427720902255  0.11414879279386    78               0.251478054320312
H1134TS067_2  -672.169555179752  400.16243127     -1.67974178147229   0.0113599499725799  35               0.0257697505663788
H1134TS086_3  8015.34283817983   2074.49913017     3.86374846902105     0.991615196084735    112              0.873014364294219
H1134TS092_1  7083.31670596495   1987.1391461      3.56458012508425     0.986269367293023    108              0.91010762558312
H1134TS073_2  5838.93597295479   1324.3296759      4.40897465277044     0.996603557249925    77               0.961015307323636
H1134TS073_5  5183.61174816233   1314.2709229      3.94409680518872     0.992658386986823    78               0.921685708268652
H1134TS119_1  4929.54905284169   1219.60285086     4.04192975554758     0.993756075855073    76               0.975038418308325
H1134TS098_4  4761.89893139918   1961.7758437337   2.42734099648012     0.915204236031729    107              0.708774333016999
H1134TS073_4  4532.13299822433   1233.97775871     3.67278337574108     0.988509060572282    77               0.88904702149474
H1134TS086_2  4060.5012500357    1163.448044682    3.49005808088795     0.984481722371754    69               0.930943048655911
H1134TS098_1  3900.47537346898   1223.1245579      3.18894371654655     0.974623792681122    75               0.90476937067668
H1134TS073_1  3894.40912621693   1152.284382       3.37972915979081     0.981407240421583    72               0.894562364247767
H1134TS119_2  3867.75625498824   1232.6249161      3.1378209254651      0.972429061835037    76               0.880499743646331
H1134TS098_2  3837.92017328502   1187.55828103     3.2317741660277      0.976330725393278    73               0.857751611373815
H1134TS098_3  3829.74226147515   1184.17895002     3.23409081153694     0.976419787241031    71               0.912820091935596
H1134TS119_3  3452.26090228012   1202.80608869     2.87017245318408     0.957586692513864    74               0.830691251959685
H1134TS086_1  3340.20533761474   1178.9269967      2.83325884212041     0.955016437346285    75               0.806763085656314
H1134TS086_5  3337.63785716027   1108.9598868812   3.00970115929705     0.966088522184024    71               0.809195368898562
H1134TS086_4  3136.78129084229   1130.5615822      2.77453377173698     0.950619406975832    74               0.796496487419466
H1134TS091_2  1162.61545331384   2018.30231008     0.576036328902462    0.330349197166514    110              0.416193978439166
H1134TS091_5  606.37502142498    671.76816379      0.90265519283307     0.459528400070225    48               0.504539804490378
H1134TS091_4  402.747729173061   1329.6226121      0.302903790525165    0.238335465387743    88               0.409270758339605
H1134TS073_3  360.898130613231   892.3931988       0.404416047879489    0.270390959442902    60               0.38121172028551
H1134TS091_3  119.37736480634    2144.826516766    0.0556582846552734   0.17166071991248     115              0.294380220821876
H1134TS091_1  -119.484211033603  1670.3013053      -0.0715345253305317  0.14357725339644     98               0.258235880294289
H1134TS098_5  -13755.8817900081  5067.35938831495  -2.71460552447264    0.00204357434839847  180              0.00253427512711101
H1134TS147_2  7161.28770910181  2243.8605312     3.19150304108786   0.97472907582001   120              0.850532604106261
H1134TS147_3  6599.3957077766   2084.68521947    3.16565572880801   0.973645961329011  114              0.840486416528146
H1134TS147_4  6301.63627005512  2061.1465690675  3.05734505475081   0.968595881298371  114              0.797904112650983
H1134TS119_4  6271.61486832186  2015.379385866   3.11187804753048   0.971245828264359  107              0.880894056172918
H1134TS131_4  6271.61398434844  2015.379385866   3.11187760891657   0.971245807848798  107              0.880894046513952
H1134TS150_2  6040.80397868328  1998.5090271545  3.02265533785666   0.966788778617155  109              0.803927832460757
H1134TS147_5  5214.09731916371  1355.6536932     3.8461867845142    0.991368300031801  76               0.956665424496741
H1134TS147_1  5093.99890567519  1918.219691      2.6555868076923    0.940437070647796  110              0.727497607634047
H1134TS131_1  4929.5494948284   1219.60285086    4.04193011794975   0.993756079602876  76               0.9750384241841
H1134TS131_5  4603.52789007856  1240.78823429    3.71016404158021   0.989195615393129  72               0.956001871373803
H1134TS125_4  4587.85489523636  1363.0941968     3.36576511440428   0.980977776602643  82               0.868162622567614
H1134TS133_4  4375.1085479958   1187.42314467    3.68454039963294   0.988729521244017  74               0.949372640364061
H1134TS133_3  4319.72247766102  1190.22125096    3.62934410234807   0.987656924416057  73               0.959000821308941
H1134TS119_5  4073.43066692303  1263.68043832    3.22346579356602   0.976008608372515  81               0.874949766250737
H1134TS125_1  4058.67094053612  1181.319545106   3.43570963280044   0.983035395713473  72               0.931525811385498
H1134TS131_2  3867.75625498824  1232.6249161     3.1378209254651    0.972429061835037  76               0.880499743646331
H1134TS125_2  3698.71340754766  1245.921036493   2.96865796403819   0.963774589076748  80               0.793968552006734
H1134TS150_1  3566.07054390999  1237.26268632    2.88222588730658   0.958395139062197  77               0.886038599062998
H1134TS131_3  3452.26134426683  1202.80608869    2.87017282064706   0.957586717387682  74               0.830691258636821
H1134TS133_2  3264.5432527069   1102.04002516    2.96227285595452   0.963401209630199  68               0.828327008282251
H1134TS133_5  2963.3599547628   1172.1588647264  2.52812143809064   0.927362893750855  73               0.766820250753822
H1134TS133_1  2919.9821991682   1111.565414889   2.6269099056665    0.937702796258823  70               0.749913074966023
H1134TS125_5  2910.65794396349  1199.9870502     2.42557446222305   0.914975468751965  77               0.770633408205851
H1134TS125_3  2910.65794396349  1199.9870502     2.42557446222305   0.914975468751965  77               0.770633408205851
H1134TS180_2  7581.60484093113   2034.86583415    3.72584998661502    0.989471481401135  108              0.896549644905458
H1134TS150_3  6357.85723109738   2011.3439666362  3.16099947923395    0.973446099282208  111              0.857266881207907
H1134TS180_3  6021.8143359129    2098.9746986809  2.86893135953345    0.957502602455929  111              0.80695277305313
H1134TS180_4  6013.62169059829   2036.277842734   2.95324221694822    0.962866802094979  107              0.810163958004985
H1134TS180_1  5311.99336057931   2084.4574792262  2.54838173170663    0.929604914449846  110              0.719757950785184
H1134TS150_4  4087.69618744716   1203.9503604     3.3952364830798     0.981873024428752  76               0.928945861457917
H1134TS158_1  4060.5012500357    1163.448044682   3.49005808088795    0.984481722371754  69               0.930943048655911
H1134TS180_5  3820.65415292895   1343.160773      2.84452481767717    0.955816225354666  79               0.77978337884825
H1134TS150_5  3613.08079779922   1190.72564972    3.03435203453359    0.967409048466947  75               0.824016644700972
H1134TS158_4  3437.52733817476   1173.9778212     2.928102453129      0.961339309379216  72               0.836733159514419
H1134TS158_2  3340.20533761474   1178.9269967     2.83325884212041    0.955016437346285  75               0.806763085656314
H1134TS158_5  3337.63785716027   1108.9598868812  3.00970115929705    0.966088522184024  71               0.809195368898562
H1134TS158_3  3136.78129084229   1130.5615822     2.77453377173698    0.950619406975832  74               0.796496487419466
H1134TS165_2  3059.68717636629   2151.07628037    1.42239826838684    0.669073387245371  114              0.580663439198978
H1134TS165_1  2955.23658297913   2180.199352      1.35548915757091    0.64393441267071   117              0.541536697763824
H1134TS169_5  2054.62391094246   988.9192131      2.07764586199286    0.857670650840874  60               0.71353075146453
H1134TS165_5  1893.45037055032   1828.64669475    1.03543805153088    0.514761563759806  104              0.507053664956052
H1134TS169_4  1284.81719464715   1036.3394947     1.23976476938099    0.598593461995834  62               0.590250778714792
H1134TS185_1  1141.25902537231   796.7738976      1.43234991609282    0.672735427320004  53               0.603488615983041
H1134TS165_4  1112.81760590212   1373.14938381    0.810412631737448   0.421656020609207  79               0.428950299994396
H1134TS165_3  683.09272222633    1343.45317268    0.508460388584781   0.305926563693357  79               0.383392301380655
H1134TS169_3  216.943121993504   938.23942034     0.231223627243127   0.217330044378858  56               0.429128090405331
H1134TS169_2  -139.300039748468  900.23267672     -0.154737817622893  0.127353592748289  53               0.288806979796166
H1134TS169_1  -172.240761859113  906.54307195     -0.18999732852033   0.120964424364457  58               0.358685616177383
H1134TS188_4  6128.81696056449   1977.79211        3.09881758025847    0.970631644844796   108              0.866991536905812
H1134TS205_1  5716.58647493226   1423.48708457     4.0159032961364     0.993481074777287   77               0.976627544677285
H1134TS205_4  4864.81115399487   1235.2167269      3.9384271990908     0.992589201311308   71               0.975679905356078
H1134TS187_3  4696.45095038526   1923.508108684    2.44160704557592    0.917031317713803   110              0.750352938811555
H1134TS205_5  4679.41092580865   1279.59607894     3.65694378313898    0.988205293553422   72               0.91502987969268
H1134TS187_5  4547.61248795313   1223.8264432      3.715896574405      0.989297251756427   74               0.916739129429926
H1134TS187_4  4462.47229393263   1265.901355325    3.5251343046291     0.985350008687761   75               0.864954664034011
H1134TS205_3  3930.5043925436    1230.4256473      3.19442658007703    0.974848821099188   72               0.89259422421751
H1134TS188_1  3900.47537346898   1223.1245579      3.18894371654655    0.974623792681122   75               0.90476937067668
H1134TS188_2  3837.92017328502   1187.55828103     3.2317741660277     0.976330725393278   73               0.857751611373815
H1134TS205_2  3488.30062438142   1133.2386866      3.07816937916865    0.96963460396822    68               0.822254517002108
H1134TS188_5  3086.55507877233   1148.7694352      2.68683600398452    0.943288402514026   74               0.819688558436536
H1134TS188_3  2054.62391094246   988.9192131       2.07764586199286    0.857670650840874   60               0.71353075146453
H1134TS185_5  1252.44242450327   858.83997486      1.45829544637513    0.682183767308981   56               0.575406628319737
H1134TS185_3  1069.08425814042   782.7304682       1.36583958536702    0.647879811757923   49               0.57788024029336
H1134TS185_2  990.415590997178   779.7883331       1.27010824470769    0.61068212667482    52               0.574637879765229
H1134TS185_4  899.401077367301   834.838163        1.07733584451302    0.532178730967672   53               0.540770713998617
H1134TS215_2  -240.245637834462  722.518633363     -0.332511338449815  0.0978935176836351  53               0.25299858275758
H1134TS215_3  -336.579801783657  259.366924        -1.29769747272654   0.0212588112571935  32               0.0402493973453798
H1134TS215_5  -415.925590723676  508.43442309      -0.818051594925255  0.0460850465970439  44               0.111939904994485
H1134TS215_4  -769.741169134171  916.5765515       -0.83980019767522   0.0445175176697095  61               0.166044692923925
H1134TS215_1  -784.070084233973  867.911965        -0.903398173838949  0.0402203635375386  56               0.06654871748417
H1134TS187_2  -1440.44795175152  2162.493087931    -0.666105228169627  0.0585884926202156  120              0.135030724053098
H1134TS187_1  -2331.56577099908  2072.97631773332  -1.12474308126613   0.0281613733583055  119              0.0964585720176583
H1134TS229_1  7040.69784339488   2033.47130475     3.4624033429675    0.983761612588854    110              0.949124979270788
H1134TS239_1  7040.69784339488   2033.47130475     3.4624033429675    0.983761612588854    110              0.949124979270788
H1134TS229_4  6347.54586978241   1945.4595332      3.26274885776812   0.977494833388469    105              0.891790432755355
H1134TS225_1  6183.26525716925   1412.0516137      4.37892297786994   0.996429733199194    84               0.956010369859271
H1134TS229_5  5730.88220218235   1903.707621018    3.01037939802845   0.966125536197126    107              0.861551493533271
H1134TS225_2  5130.15070008157   1384.90990455     3.70432089714061   0.989091035524127    84               0.939541221203499
H1134TS239_3  4525.11593767781   1854.69364027332  2.43981854437748   0.916804239101562    107              0.76393319549164
H1134TS225_3  4523.52225566992   1310.35149839     3.45214414699252   0.983486195134644    79               0.835902956131508
H1134TS227_4  4375.1085479958    1187.42314467     3.68454039963294   0.988729521244017    74               0.949372640364061
H1134TS227_3  4319.72247766102   1190.22125096     3.62934410234807   0.987656924416057    73               0.959000821308941
H1134TS225_4  3941.46667452733   1449.96291305     2.71832240607896   0.946031262754447    83               0.731311671871993
H1134TS225_5  3914.9891444241    1387.99237179     2.82061286790446   0.954102251318093    81               0.743159533317385
H1134TS229_2  3834.19841770612   1732.1808363      2.21350931574564   0.88314086948215     100              0.721621629839096
H1134TS239_2  3671.0147791043    1906.4092817      1.92561734478692   0.82385624083897     108              0.703449923794946
H1134TS227_2  3264.5432527069    1102.04002516     2.96227285595452   0.963401209630199    68               0.828327008282251
H1134TS227_5  2963.3599547628    1172.1588647264   2.52812143809064   0.927362893750855    73               0.766820250753822
H1134TS227_1  2919.9821991682    1111.565414889    2.6269099056665    0.937702796258823    70               0.749913074966023
H1134TS239_4  1421.84243973848   874.0564517       1.62671694370891   0.739722787487785    54               0.639294305109798
H1134TS229_3  983.994703958648   899.55348629      1.09387014664009   0.539032977089437    54               0.514130105197537
H1134TS234_5  -762.670374841957  441.4393949       -1.72768987918427  0.0104966208484042   38               0.0250688605775793
H1134TS234_1  -893.427196121751  441.59528371      -2.02318101909004  0.0064408374982694   41               0.0134738509402325
H1134TS234_3  -1016.69971033838  433.238198        -2.34674531246754  0.00376622468576115  38               0.00685773945559714
H1134TS234_4  -1178.84465982652  615.098348        -1.91651410487371  0.00768433945968827  44               0.0122273552240303
H1134TS234_2  -1376.78466125466  585.41666931      -2.35180296946003  0.00373472906316846  44               0.00869388218791128
H1134TS278_1  8789.3378834182    2127.980441764    4.13036591451575   0.994607164435241   115              0.975227612014549
H1134TS248_1  8065.67927322874   2121.88345085     3.80118864209895   0.99070230653086    114              0.912965266238879
H1134TS257_5  7609.35095611497   1924.119585775    3.95471830980301   0.992786279071513   110              0.970717770502632
H1134TS248_5  6559.644432794     2047.2474622294   3.20412874057283   0.975242263776836   112              0.852839378740702
H1134TS257_3  6462.45921326199   1798.392138186    3.59346500467942   0.986906271211536   101              0.925493194702949
H1134TS257_4  6060.97109439433   1862.13153484     3.25485658826733   0.977203642752645   107              0.879703337155809
H1134TS257_2  6055.60061744653   1752.1123025      3.45617150727502   0.983594856684453   100              0.939851429374597
H1134TS257_1  5724.82658295616   1805.0611473      3.17154163531763   0.973896510897314   105              0.867841388426952
H1134TS245_1  5076.93789874544   1357.7176686487   3.73931783903084   0.98970276992886    79               0.887898667295465
H1134TS245_2  4682.25258596671   1376.6094738      3.40129330436888   0.982051822599804   81               0.859748346403903
H1134TS245_3  3803.94450877532   1350.18971965     2.81734074361149   0.953862842239059   80               0.777186534102767
H1134TS248_2  3794.94664689728   1145.176901       3.31385189797613   0.979294231958869   68               0.848497943903634
H1134TS248_4  3700.7108083685    1211.92290247     3.0535860002531    0.968404749894253   75               0.868674479826945
H1134TS248_3  3654.89867504002   1172.6977077      3.1166588380294    0.971467519504299   73               0.786042775304967
H1134TS291_1  3338.48375684586   1108.1991567      3.01253049748496   0.966242671985975   71               0.834934754098429
H1134TS278_2  2951.56593516984   753.974343        3.91467688864028   0.992292276461989   43               0.929393746336565
H1134TS291_2  2874.50168347082   1140.261478813    2.52091448924781   0.926549617113586   69               0.82710250487699
H1134TS291_3  2557.26546890354   1076.6135597102   2.3752863279856    0.908224305180575   68               0.75319246040276
H1134TS278_3  2280.69598736288   879.4076959       2.59344556341274   0.934364051985588   49               0.765340327823451
H1134TS245_4  2241.41532465931   1018.5649365      2.20056203030243   0.880895392196357   59               0.770988627433985
H1134TS239_5  1447.67906692398   837.760317        1.72803490156718   0.770898486175282   51               0.676091116609406
H1134TS278_4  371.677280312478   838.2731546       0.44338444846159   0.283393073189607   54               0.355042983910055
H1134TS245_5  -1012.52403823412  4737.49461325332  -0.21372563367176  0.116821927865585   205              0.204226620813064
H1134TS278_5  -1341.05933780439  780.2425195       -1.71877243842565  0.0106521167146888  55               0.0147910220516164
H1134TS304_1  8065.67927322874   2121.88345085    3.80118864209895    0.99070230653086    114              0.912965266238879
H1134TS304_5  6559.644432794     2047.2474622294  3.20412874057283    0.975242263776836   112              0.852839378740702
H1134TS314_2  6357.85723109738   2011.3439666362  3.16099947923395    0.973446099282208   111              0.857266881207907
H1134TS314_1  6040.80397868328   1998.5090271545  3.02265533785666    0.966788778617155   109              0.803927832460757
H1134TS320_2  6040.80397868328   1998.5090271545  3.02265533785666    0.966788778617155   109              0.803927832460757
H1134TS314_4  5463.56613590384   1971.12844678    2.77179609721986    0.950404778841813   112              0.792934340993643
H1134TS314_3  5098.45324774013   1918.219691      2.65790893069303    0.940653491726331   110              0.727819245575874
H1134TS314_5  4797.15200222206   1911.7664287     2.50927724757889    0.925218685541164   109              0.749511212827324
H1134TS298_4  4212.23318310872   1191.71081713    3.5346101777049     0.985576249349054   76               0.954594429187372
H1134TS298_2  4188.04028231027   1210.11809909    3.46085252791413    0.983720271238657   74               0.922610685283968
H1134TS298_5  3839.52203853309   1179.5542517     3.25506184475999    0.977211262231853   75               0.914014050799183
H1134TS304_2  3794.94664689728   1145.176901      3.31385189797613    0.979294231958869   68               0.848497943903634
H1134TS298_3  3794.75541459508   1150.89898479    3.29720980272434    0.978724270680056   74               0.85953577548925
H1134TS304_4  3700.7108083685    1211.92290247    3.0535860002531     0.968404749894253   75               0.868674479826945
H1134TS304_3  3654.89867504002   1172.6977077     3.1166588380294     0.971467519504299   73               0.786042775304967
H1134TS320_1  3566.07054390999   1237.26268632    2.88222588730658    0.958395139062197   77               0.886038599062998
H1134TS291_4  2958.54290989694   1214.63577146    2.43574491992835    0.916284917243786   74               0.78274866266352
H1134TS298_1  2918.59389856679   1100.9023692     2.65109239494839    0.940016091449162   70               0.779782838025393
H1134TS291_5  2560.8156541028    1171.6644782     2.18562199481964    0.878258033069512   71               0.737722548321518
H1134TS312_3  -189.7720167741    959.900363       -0.19769970310356   0.119606037405182   63               0.342826310120764
H1134TS312_2  -657.498013470744  863.933336       -0.761051791929863  0.0504461256716276  51               0.102444634624344
H1134TS312_1  -1149.81760243582  821.866744       -1.39903166885631   0.0180147377289226  49               0.117351766967979
H1134TS312_4  -1237.38640801815  956.5303937      -1.29361954012957   0.0214006873971978  56               0.0600222834438997
H1134TS312_5  -1380.58886121378  791.1046444      -1.74514063466391   0.010198796542196   53               0.0198486522516571
H1134TS320_3  6357.85723109738   2011.3439666362   3.16099947923395   0.973446099282208    111              0.857266881207907
H1134TS348_4  6040.80397868328   1998.5090271545   3.02265533785666   0.966788778617155    109              0.803927832460757
H1134TS348_3  5463.56613590384   1971.12844678     2.77179609721986   0.950404778841813    112              0.792934340993643
H1134TS348_2  5098.45324774013   1918.219691       2.65790893069303   0.940653491726331    110              0.727819245575874
H1134TS348_1  4797.15200222206   1911.7664287      2.50927724757889   0.925218685541164    109              0.749511212827324
H1134TS360_4  4300.9632153771    1224.5837764      3.51218372990451   0.985035145212539    79               0.948485347009621
H1134TS320_4  4087.69618744716   1203.9503604      3.3952364830798    0.981873024428752    76               0.928945861457917
H1134TS360_1  4061.81123576695   1247.37660583     3.25628299968335   0.977256542239976    75               0.899714531509612
H1134TS360_2  3700.00316730072   1232.14448856     3.00289714530549   0.965715036087804    76               0.882448428089572
H1134TS320_5  3613.08079779922   1190.72564972     3.03435203453359   0.967409048466947    75               0.824016644700972
H1134TS348_5  3550.90282309996   1219.1634252      2.91257328566713   0.960365810320213    74               0.859714734570457
H1134TS367_1  3488.89341362539   1251.077881929    2.78871001079963   0.951716777660676    77               0.859377229426515
H1134TS367_2  3437.52733817476   1173.9778212      2.928102453129     0.961339309379216    72               0.836733159514419
H1134TS350_1  3338.48375684586   1108.1991567      3.01253049748496   0.966242671985975    71               0.834934754098429
H1134TS360_3  3110.52555484509   1192.405722096    2.60861340834346   0.935897485003525    72               0.816587666647414
H1134TS350_4  2958.54290989694   1214.63577146     2.43574491992835   0.916284917243786    74               0.78274866266352
H1134TS350_2  2874.50168347082   1140.261478813    2.52091448924781   0.926549617113586    69               0.82710250487699
H1134TS360_5  2776.7018527443    1116.65630283332  2.48662175254723   0.92256385422379     72               0.683073774161115
H1134TS350_5  2560.8156541028    1171.6644782      2.18562199481964   0.878258033069512    71               0.737722548321518
H1134TS350_3  2557.26546890354   1076.6135597102   2.3752863279856    0.908224305180575    68               0.75319246040276
H1134TS333_4  -220.954121827417  198.317328        -1.11414430627775  0.0286488748746542   15               0.0353997148427396
H1134TS333_2  -1153.34785201393  1125.4352289      -1.02480162553753  0.0330965571153969   63               0.0904356835948409
H1134TS333_5  -1560.98765101036  921.5100358       -1.69394536181606  0.0110971372845164   57               0.0137004045689817
H1134TS333_3  -3045.04200598639  1223.6797672      -2.48843046000017  0.00297642717534163  64               0.00562160691904312
H1134TS374_2  6842.65685817588   1995.503209259    3.42903826284338    0.982848967782074    111              0.884712421867426
H1134TS390_3  6357.85723109738   2011.3439666362   3.16099947923395    0.973446099282208    111              0.857266881207907
H1134TS390_2  6040.80397868328   1998.5090271545   3.02265533785666    0.966788778617155    109              0.803927832460757
H1134TS374_5  5833.86459709766   1481.0552176      3.93899196179278    0.99259612197856     83               0.89590717366133
H1134TS374_1  5262.54165163928   1350.46641484     3.89683267485239    0.992061450362992    77               0.901683995757621
H1134TS385_2  5076.93789874544   1357.7176686487   3.73931783903084    0.98970276992886     79               0.887898667295465
H1134TS385_1  4682.25258596671   1376.6094738      3.40129330436888    0.982051822599804    81               0.859748346403903
H1134TS367_4  4330.16872814505   1191.15425734     3.63527116782915    0.987776771469714    74               0.91331994658614
H1134TS390_4  4087.69618744716   1203.9503604      3.3952364830798     0.981873024428752    76               0.928945861457917
H1134TS385_3  3803.94450877532   1350.18971965     2.81734074361149    0.953862842239059    80               0.777186534102767
H1134TS367_3  3653.61017836945   1150.92283995     3.17450488559961    0.974021770870483    70               0.853238568293863
H1134TS390_5  3613.08079779922   1190.72564972     3.03435203453359    0.967409048466947    75               0.824016644700972
H1134TS367_5  3577.22085887848   1208.36908327     2.96037105583508    0.963289285031113    78               0.851721884702836
H1134TS390_1  3566.07054390999   1237.26268632     2.88222588730658    0.958395139062197    77               0.886038599062998
H1134TS385_4  2241.41532465931   1018.5649365      2.20056203030243    0.880895392196357    59               0.770988627433985
H1134TS374_4  1569.15791953471   1265.1809961      1.24026358629456    0.598793204601086    82               0.549762887568571
H1134TS374_3  1460.49885444874   1255.769352524    1.163031134271      0.567514759487611    80               0.548131048177651
H1134TS368_4  -220.954121827417  198.317328        -1.11414430627775   0.0286488748746542   15               0.0353997148427396
H1134TS398_2  -591.698691868708  1235.537389462    -0.478899867309039  0.0783605767860647   69               0.17761178866744
H1134TS385_5  -1012.52403823412  4737.49461325332  -0.21372563367176   0.116821927865585    205              0.204226620813064
H1134TS368_2  -1153.34785201393  1125.4352289      -1.02480162553753   0.0330965571153969   63               0.0904356835948409
H1134TS368_5  -1560.98765101036  921.5100358       -1.69394536181606   0.0110971372845164   57               0.0137004045689817
H1134TS398_1  -1568.04899345036  1716.9026249      -0.913301063618382  0.0395880460431188   99               0.111709359125789
H1134TS368_3  -3045.04200598639  1223.6797672      -2.48843046000017   0.00297642717534163  64               0.00562160691904312
H1134TS434_1  7857.35043705606   2038.727629702    3.85404618183576    0.991479672242157   110              0.923251416304853
H1134TS439_1  7222.84185007692   1987.95772312     3.63329751235405    0.987736991739879   110              0.948316942024969
H1134TS434_4  6988.31540933183   2008.99951984     3.47850526608807    0.984184798890976   110              0.885413657295999
H1134TS434_3  6734.55189648115   2005.176985967    3.35858228157022    0.980753094944079   109              0.897673572596581
H1134TS434_5  6562.39982047793   2104.25959066     3.11862654665133    0.971558281906665   113              0.810634145496917
H1134TS434_2  6418.40448565711   2029.489401829    3.16257107816023    0.973513721937688   112              0.789075639015191
H1134TS423_3  4696.45095038526   1923.508108684    2.44160704557592    0.917031317713803   110              0.750352938811555
H1134TS399_4  4587.85489523636   1363.0941968      3.36576511440428    0.980977776602643   82               0.868162622567614
H1134TS423_5  4547.61248795313   1223.8264432      3.715896574405      0.989297251756427   74               0.916739129429926
H1134TS423_4  4462.47229393263   1265.901355325    3.5251343046291     0.985350008687761   75               0.864954664034011
H1134TS399_1  4058.67094053612   1181.319545106    3.43570963280044    0.983035395713473   72               0.931525811385498
H1134TS399_2  3698.71340754766   1245.921036493    2.96865796403819    0.963774589076748   80               0.793968552006734
H1134TS399_5  2910.65794396349   1199.9870502      2.42557446222305    0.914975468751965   77               0.770633408205851
H1134TS399_3  2910.65794396349   1199.9870502      2.42557446222305    0.914975468751965   77               0.770633408205851
H1134TS433_4  1547.82797379251   934.1949056       1.65685764770725    0.74927751636759    67               0.619940324954293
H1134TS433_3  1246.13988449258   961.06551991      1.29662323606124    0.621135835782347   67               0.590541113993415
H1134TS398_3  683.09272222633    1343.45317268     0.508460388584781   0.305926563693357   79               0.383392301380655
H1134TS433_5  -338.215507689104  700.8760456       -0.482561088815024  0.0779210188410945  48               0.1940053512785
H1134TS398_5  -591.698691868708  1235.537389462    -0.478899867309039  0.0783605767860647  69               0.17761178866744
H1134TS433_1  -594.777301279423  688.3340415       -0.864082357431138  0.0428274703749294  46               0.2504701894346
H1134TS433_2  -615.623480551758  397.11346263      -1.55024580751962   0.0140579476271531  33               0.038876497291985
H1134TS423_2  -1440.44795175152  2162.493087931    -0.666105228169627  0.0585884926202156  120              0.135030724053098
H1134TS398_4  -1568.04899345036  1716.9026249      -0.913301063618382  0.0395880460431188  99               0.111709359125789
H1134TS423_1  -2331.56577099908  2072.97631773332  -1.12474308126613   0.0281613733583055  119              0.0964585720176583
H1134TS444_1  8603.02876226778   2038.7866184638  4.21968080639555    0.995349571683389   110              0.952299525576015
H1134TS446_2  8228.15000945509   2054.4477884026  4.00504216067362    0.993362785719941   112              0.953467263106547
H1134TS446_1  8066.81532517395   2007.9930869337  4.01735214013727    0.993496695047916   107              0.9432822547194
H1134TS444_4  8003.53507999558   2185.206174087   3.66259951802467    0.988314657681584   116              0.886302933623659
H1134TS446_3  7563.51316721249   2032.17518477    3.72188048741896    0.989402336195937   108              0.908655478819964
H1134TS439_4  5467.82362559464   2043.89521561    2.6751976245332     0.942241769633335   110              0.803261940421161
H1134TS447_1  5300.73884215769   1885.727277108   2.81097850495489    0.95339393543671    103              0.837042119079577
H1134TS444_3  5200.55183752326   1470.09861628    3.53755304571536    0.985645808455587   85               0.911314927799218
H1134TS444_2  4851.16734048381   1298.6535853     3.7355360932247     0.989638337071811   76               0.947974060139296
H1134TS446_4  3903.37122786109   1186.075155124   3.290998223003      0.978507625281672   72               0.914041220944662
H1134TS446_5  3762.6396079737    1231.03341756    3.05648860079813    0.96855243302601    74               0.893548467203603
H1134TS439_2  3439.75147817791   1164.812068413   2.95305274683872    0.962855509818543   68               0.919609696648564
H1134TS447_5  3021.57533550213   2110.4042197     1.43175193988745    0.672515969691822   115              0.605745926139913
H1134TS439_5  2932.1155129249    1073.5498992817  2.73123355969456    0.947119432077832   67               0.803850324073407
H1134TS447_2  2466.97325215326   2062.98458714    1.19582728224515    0.580878024034098   109              0.562012585579649
H1134TS447_3  1591.90409242034   1347.178233549   1.1816581152938     0.575117944205834   82               0.527994270587002
H1134TS441_4  1547.82797379251   934.1949056      1.65685764770725    0.74927751636759    67               0.619940324954293
H1134TS447_4  1498.9220647778    1500.8883827789  0.998689897247748   0.499454124070109   93               0.471874259098765
H1134TS439_3  1447.67906692398   837.760317       1.72803490156718    0.770898486175282   51               0.676091116609406
H1134TS441_3  1246.13988449258   961.06551991     1.29662323606124    0.621135835782347   67               0.590541113993415
H1134TS441_5  -338.215507689104  700.8760456      -0.482561088815024  0.0779210188410945  48               0.1940053512785
H1134TS441_1  -594.777301279423  688.3340415      -0.864082357431138  0.0428274703749294  46               0.2504701894346
H1134TS441_2  -615.623480551758  397.11346263     -1.55024580751962   0.0140579476271531  33               0.038876497291985
H1134TS444_5  -720.50024900843   1188.9989489     -0.605972149660014  0.0643671190459491  68               0.178608602078936
H1134TS494_1  8602.27100841364   2072.670572967   4.15033200191558    0.994782746927858   112              0.959816141149784
H1134TS462_2  8426.15445772044   2135.04257325    3.94659786333628    0.992688703011911   112              0.966960517693114
H1134TS461_2  8228.15000945509   2054.4477884026  4.00504216067362    0.993362785719941   112              0.953467263106547
H1134TS461_1  8066.81532517395   2007.9930869337  4.01735214013727    0.993496695047916   107              0.9432822547194
H1134TS461_3  7563.51316721249   2032.17518477    3.72188048741896    0.989402336195937   108              0.908655478819964
H1134TS493_2  6072.84256338567   1908.362782163   3.18222647189887    0.974345428788344   107              0.840034572913513
H1134TS493_3  5381.44934180174   2047.96091089    2.62771096517808    0.937780742201496   112              0.735973967014541
H1134TS462_3  4404.08864938475   1289.769618051   3.41463203020697    0.982439500248051   80               0.909399876835628
H1134TS462_4  4399.46993079646   1373.68557074    3.20267608869654    0.975183739841727   85               0.846121492890911
H1134TS462_5  4098.79849415236   1240.24223668    3.30483704951415    0.978987370545232   75               0.89515501554979
H1134TS462_1  3946.10204066731   1211.84268028    3.25628244068409    0.977256521532592   73               0.85539546847199
H1134TS493_4  3931.997640001     2008.4493204     1.95772808408126    0.831488500291449   114              0.725464560501243
H1134TS461_4  3903.37122786109   1186.075155124   3.290998223003      0.978507625281672   72               0.914041220944662
H1134TS461_5  3762.6396079737    1231.03341756    3.05648860079813    0.96855243302601    74               0.893548467203603
H1134TS493_1  2556.18954933892   1354.34165008    1.88740377967991    0.814422441192849   82               0.664462343682647
H1134TS494_2  2003.45833469967   1612.37994532    1.24254729197965    0.599707255178402   100              0.540178130392189
H1134TS494_5  1945.36807688895   669.469856       2.90583371223356    0.959936041546873   40               0.904975822955484
H1134TS494_3  1717.56101399823   877.6360579      1.9570310478218     0.831325661773606   52               0.610360526287061
H1134TS494_4  835.551320297299   891.8325651      0.936892588356661   0.473729459115449   60               0.511925990936015
H1140TS003_1  437.261687276539   545.5571117      0.801495714928903   0.418036136678582   40               0.514824493110113
H1140TS003_3  248.741957579685   468.061106       0.531430521338138   0.31411536263789    32               0.480235131913944
H1134TS493_5  116.358943281123   879.478860078    0.132304423179431   0.190593358157618   59               0.32130984572486
H1140TS003_2  -461.923253059944  519.84059861     -0.888586336455982  0.0411842157796838  40               0.0664998703350285
H1140TS052_1  6502.6917155076    5355.009029825    1.21431946786467    0.588362249633447    222              0.578977671732937
H1140TS037_1  3335.50688944413   899.51952102      3.70809839197472    0.989158758456297    49               0.930585809535536
H1140TS037_2  2311.31749979487   769.11190997      3.00517710080061    0.965840627343746    51               0.793758937837074
H1140TS037_5  1409.26947311729   502.85598989      2.80253094613742    0.952764329584493    34               0.835945596871822
H1140TS037_4  1383.19263817041   833.64360328      1.65921340094039    0.750014383392747    52               0.652883597806522
H1140TS037_3  1224.92872960813   686.963565        1.78310581814937    0.786704867545886    42               0.663430325410282
H1140TS035_1  748.847669496495   623.0704972       1.20186667939137    0.583326583429432    40               0.465104001223503
H1140TS054_5  671.463498955426   625.2495308       1.07391283940077    0.530758129265959    37               0.528377605583909
H1140TS035_3  -130.93043514805   487.41844314      -0.268620190702227  0.107708248624744    35               0.321693911632146
H1140TS035_2  -201.958078578968  460.162405293318  -0.438884350950476  0.0833145961284122   30               0.215428741665294
H1140TS054_1  -403.145524654733  545.95976349      -0.738416183049206  0.0522842069876079   36               0.196172077731187
H1140TS035_4  -410.719157409357  398.361173        -1.03102206049925   0.0327663895589039   30               0.0556813834425735
H1140TS003_5  -516.623949950575  483.8628279       -1.0677074579024    0.0308830113861358   34               0.168770122761208
H1140TS003_4  -523.390387373979  513.137735835     -1.01998031098277   0.0333546703375027   37               0.137433479152558
H1140TS054_2  -580.838368244459  386.23787968      -1.50383584521976   0.015171337207131    27               0.0217518993230996
H1140TS035_5  -775.886618916176  502.982881        -1.54257062859397   0.0142363549505133   37               0.0550127544446947
H1140TS011_5  -788.425528529494  633.41646973      -1.24471902169763   0.0231757931394696   42               0.142854464397829
H1140TS067_1  -826.288467998191  558.39036         -1.4797685045963    0.0157824638117325   33               0.050108990529349
H1140TS054_4  -920.712173066789  396.5262673       -2.32194497311878   0.00392453576114798  30               0.00759319939450895
H1140TS011_1  -936.915762782118  601.0982306       -1.55867330011422   0.0138645909553096   40               0.0369814080080005
H1140TS011_2  -971.360439912126  512.3120021       -1.8960329563439    0.00794905353504344  36               0.0135761061586143
H1140TS011_3  -985.124262987401  606.6273303       -1.62393649903676   0.0124534308582684   42               0.0270675871628938
H1140TS011_4  -1035.06150081458  630.159414891     -1.64253913590042   0.0120778357937449   36               0.029312561679555
H1140TS054_3  -1345.38899892742  667.66244408      -2.01507365114911   0.00652788656398429  38               0.0136691399674676
H1140TS073_1  1414.6292573184    667.8064261    2.11832231920836    0.865747452531553    47               0.599553688449309
H1140TS073_5  937.570143494832   560.0367612    1.67412250132632    0.754644297072196    43               0.647049528712811
H1140TS091_1  865.040337022581   928.097403332  0.932057706353842   0.471720922259515    53               0.481643990516074
H1140TS073_2  831.699002978049   510.962471     1.62771054662848    0.740041496453475    31               0.640386696487603
H1140TS091_2  547.443209789228   925.9547848    0.591220239665884   0.335971306966961    51               0.427742702526435
H1140TS073_3  437.427430449663   394.8434808    1.1078502032334     0.544816979207297    26               0.521097495840293
H1140TS073_4  431.192494060814   558.0017646    0.772743961427992   0.406425989257967    38               0.416082743488138
H1140TS086_3  387.714806936898   372.532986     1.04075295747609    0.516973873924604    28               0.490885460168485
H1140TS071_3  346.718078125916   586.751762     0.590911013107304   0.335856338735805    39               0.443767861493142
H1140TS086_2  320.97774116558    617.7599377    0.519583290494074   0.309876974804056    40               0.463845306067027
H1140TS071_2  243.901846182433   645.74668654   0.377705145479403   0.261698714296575    40               0.341685084056104
H1140TS071_5  183.313423981011   619.9026594    0.295713240137475   0.236166771001954    40               0.341858281887774
H1140TS091_4  65.5563805411168   878.6719841    0.0746084793044409  0.176198384060686    51               0.36603768899963
H1140TS091_5  -149.53316941574   827.71866386   -0.180656998500437  0.122629509411501    46               0.206988357528694
H1140TS071_4  -176.121597493579  630.893755     -0.279162055572382  0.106031268771323    38               0.160733035258383
H1140TS071_1  -212.526295206999  639.06532486   -0.332558013930042  0.0978866480164446   44               0.139798281623366
H1140TS091_3  -249.513215172985  729.5342708    -0.342017126761395  0.0965033036308307   50               0.285999296619503
H1140TS086_1  -516.623949950575  483.8628279    -1.0677074579024    0.0308830113861358   34               0.168770122761208
H1140TS086_4  -627.600183069759  466.480724417  -1.34539360410684   0.0196662454916989   33               0.0297271364154801
H1140TS092_1  -848.080959318605  609.7878077    -1.39078044626277   0.0182596334991798   40               0.071387553395557
H1140TS097_1  -1000.53957957758  699.41831342   -1.43053100037539   0.0171091444101698   46               0.0576058377863797
H1140TS086_5  -1068.69494185533  648.295920064  -1.64846778882987   0.0119605016739883   44               0.0209980146569396
H1140TS097_2  -1452.69730825114  876.30903724   -1.65774543741614   0.0117791436758515   56               0.0513245679859083
H1140TS097_3  -2519.44367864469  1378.46706912  -1.82771408551173   0.00889918280411767  79               0.0127721941404025
H1140TS119_2  1359.70243152029   612.969520744     2.21822192703795    0.88394902660901     37               0.802539845034044
H1140TS097_4  1026.37401894774   1991.60194821364  0.515350981589641   0.308370513111372    99               0.366969024678305
H1140TS125_5  671.463498955426   625.2495308       1.07391283940077    0.530758129265959    37               0.528377605583909
H1140TS098_1  572.7385271669     496.2044253       1.15423905544701    0.563914690139281    30               0.577087648947319
H1140TS119_5  87.9136865010984   620.853281        0.141601388269217   0.192995191464029    40               0.317834042177784
H1140TS131_2  -101.267064838023  597.6876173       -0.169431425224246  0.124656723773217    33               0.321784654547393
H1140TS119_1  -164.849947000742  568.6839349       -0.289879732631677  0.104349955489336    36               0.170287908540447
H1140TS131_1  -165.070056382399  568.6839349       -0.290266783097057  0.104289680642047    36               0.17017073819493
H1140TS098_3  -224.560393119673  767.433205933318  -0.292612296918495  0.103925074638714    46               0.274152349915974
H1140TS119_4  -352.193339240929  421.3955056       -0.835778584632653  0.0448034932690408   29               0.118920549885256
H1140TS097_5  -389.463356337629  1211.04975393332  -0.321591540787409  0.0995125404094248   70               0.180284152745994
H1140TS131_4  -398.371559634338  961.399154        -0.414366455365466  0.0864890595340982   49               0.166104684768784
H1140TS125_1  -403.145524654733  545.95976349      -0.738416183049206  0.0522842069876079   36               0.196172077731187
H1140TS098_2  -547.121937269488  597.739309        -0.915318649838851  0.0394603932821601   36               0.0827931340854805
H1140TS133_1  -563.784625421374  646.8420661       -0.871595486701408  0.0423170858254475   39               0.12390841469782
H1140TS125_2  -580.838368244459  386.23787968      -1.50383584521976   0.015171337207131    27               0.0217518993230996
H1140TS119_3  -785.490211564889  412.9618086       -1.90208923732636   0.0078698492208058   30               0.0127444820034332
H1140TS131_5  -805.445469541662  412.9636386       -1.95040287874309   0.00726541350333088  30               0.0118793951010122
H1140TS133_2  -906.876809178932  655.94112644      -1.38255823979332   0.0185069172282117   41               0.0345774983160804
H1140TS125_4  -920.712173066789  396.5262673       -2.32194497311878   0.00392453576114798  30               0.00759319939450895
H1140TS125_3  -1345.38899892742  667.66244408      -2.01507365114911   0.00652788656398429  38               0.0136691399674676
H1140TS131_3  -1586.82404887329  658.9500216       -2.40810986699767   0.0034013249426264   44               0.00579862089174387
H1140TS098_4  -7499.5622360151   3291.69702391354  -2.27832700930014   0.00421921372847633  134              0.00625867635011442
H1140TS098_5  -8412.7948196156   3315.22439350964  -2.53762455298221   0.00274276852411343  132              0.00393928011620373
H1140TS158_4  1499.97308145699   715.22649        2.09720012112106    0.861602836332912    44               0.708197756190303
H1140TS147_2  480.928461489933   885.27096627     0.54325565822663    0.31837698573677     51               0.444704194214371
H1140TS158_1  437.261687276539   545.5571117      0.801495714928903   0.418036136678582    40               0.514824493110113
H1140TS147_1  371.541065183283   891.441180913    0.41678696602591    0.27447771333246     53               0.378016943824669
H1140TS158_2  -237.949182142155  495.46714        -0.480252196224668  0.0781979556305503   37               0.150325277588702
H1140TS147_4  -683.910087008048  914.5682555      -0.747795566809992  0.0515150164202571   55               0.166434619140733
H1140TS150_3  -758.739028810425  450.3858268      -1.68464233033548   0.0112685858128153   34               0.0187786810459931
H1140TS133_3  -789.118922455259  592.158493       -1.33261437906162   0.0200811021088598   36               0.122116411677315
H1140TS158_5  -795.634751570822  731.0986398      -1.08827278325737   0.029873501067002    48               0.0737595175888676
H1140TS147_5  -854.848068051301  1045.9964324     -0.817257154586927  0.0461432891974469   53               0.23884353845588
H1140TS150_2  -914.109522236729  488.3812484      -1.87171298085557   0.00827515287599889  36               0.0168629337445445
H1140TS150_4  -1038.38934451062  594.37660959     -1.74702255734273   0.0101671824737189   41               0.012456403510708
H1140TS158_3  -1043.86903286547  553.6232398      -1.88552242359367   0.00808839209423085  36               0.016456652034765
H1140TS133_4  -1090.90454287483  506.7466874      -2.15276107372701   0.00519628349887929  37               0.00941385218678483
H1140TS133_5  -1152.87821430353  678.269185       -1.69973550295304   0.0109917338061419   40               0.0172303079429009
H1140TS150_1  -1154.86921833266  591.393797       -1.95279224129681   0.00723674715454464  31               0.0112091104364162
H1140TS147_3  -1167.21144017359  1139.85622174    -1.02399883240698   0.0331394010799173   62               0.127214166197886
H1140TS169_1  -1189.99964801588  591.385425       -2.0122234970804    0.0065587656033555   31               0.00936684281402937
H1140TS150_5  -1245.86285317669  534.82371        -2.32948321078863   0.00387572730549923  35               0.00514282763099567
H1140TS165_2  -1414.12807217643  1085.91535412    -1.30224521350691   0.0211016750846751   62               0.0801510912582143
H1140TS165_3  -1530.99455677138  1053.63483416    -1.45305992848267   0.0164890343195805   66               0.0388630263683807
H1140TS165_1  -1914.28185523418  999.3139966      -1.91559596057616   0.00769601678279663  61               0.0154644624226901
H1140TS165_4  -2601.76631464162  1117.3700922304  -2.32847320035942   0.00388223165836088  66               0.00820263403335534
H1140TS165_5  -4074.43858348174  1672.5045005     -2.43613011639949   0.00324663745797593  93               0.00568955788378496
H1140TS187_3  614.830121779766   627.498679        0.979811021689444   0.491588719298834    41               0.495728723590583
H1140TS188_1  572.7385271669     496.2044253       1.15423905544701    0.563914690139281    30               0.577087648947319
H1140TS185_2  521.650714710726   485.6628103       1.07410059746699    0.530836064991323    36               0.494953069103123
H1140TS180_2  126.987710245261   443.372436        0.286413182088887   0.233382120540743    32               0.352222751825317
H1140TS187_2  92.7231972480616   731.5045956       0.126756821222712   0.18917107902499     43               0.319305774979159
H1140TS188_2  -85.0438594193282  428.89618814      -0.198285416776817  0.119503282397472    25               0.149740794931946
H1140TS187_1  -102.368810107961  698.3554695       -0.146585534987295  0.128871255493231    46               0.296119768505367
H1140TS188_4  -103.620455436656  433.083364        -0.239262146852301  0.112501835968372    30               0.199081117463377
H1140TS180_1  -139.312670573307  623.313657        -0.223503318126891  0.115151051103521    40               0.2179517623926
H1140TS169_2  -435.880554657037  635.741762        -0.685625171588204  0.0568196507014167   36               0.200019644559419
H1140TS188_5  -547.121937269488  597.739309        -0.915318649838851  0.0394603932821601   36               0.0827931340854805
H1140TS180_5  -559.801842486529  397.943027        -1.40673866484543   0.0177889083754295   33               0.0430984593728901
H1140TS188_3  -614.607732214176  393.705208        -1.5610861114496    0.0138097169120222   27               0.093398812225989
H1140TS185_5  -626.999144021595  549.404276        -1.1412345542458    0.0274188107087866   38               0.0348119959919552
H1140TS185_1  -642.699919305703  752.2372006       -0.854384652597707  0.0434949558854945   56               0.0737659639868652
H1140TS180_3  -662.909449082476  537.7906016       -1.23265346607068   0.0236354319372413   38               0.041574918507098
H1140TS185_4  -692.761063198203  531.4997651       -1.30340803267874   0.021061679465569    34               0.0776703780573178
H1140TS185_3  -728.242511708572  868.7338383       -0.838280356540098  0.0446253879346141   55               0.0619174921308643
H1140TS187_4  -744.181691647124  477.6932          -1.55786536556753   0.0138830136376344   35               0.0349772724851385
H1140TS169_4  -751.827240637026  450.4089939       -1.66921009753182   0.0115587841105441   34               0.0198344310711415
H1140TS187_5  -877.135460574978  642.824958933318  -1.36450125090113   0.0190615701990921   38               0.0462538558661945
H1140TS169_3  -895.59558292177   488.3821134       -1.83380094878342   0.00881015037492222  36               0.0174023565802207
H1140TS169_5  -1049.24763201899  594.35617315      -1.76535161813519   0.00986430451097448  41               0.012654663218038
H1140TS180_4  -1183.70297774454  550.12192108      -2.15171025255764   0.00520534466732353  35               0.00880706920130385
H1140TS205_5  1740.09943094209   715.41867428      2.43228125501942    0.915841040310929    47               0.794381207419786
H1140TS225_4  454.004506307808   1115.3405752      0.407054595163811   0.271259387893514    66               0.329898223880112
H1140TS205_1  404.709998536482   797.282989238     0.507611480489859   0.305626224002138    46               0.393652416150474
H1140TS205_3  76.0584471059227   754.6814877       0.10078218208018    0.182620037111215    46               0.357903437690045
H1140TS215_1  60.7894022424328   286.658301        0.212062242852799   0.211946917792951    24               0.335443003637328
H1140TS215_3  -64.5573149153125  86.536512         -0.746012445189754  0.0516604192732821   10               0.155595327824382
H1140TS205_4  -155.854465187555  586.277436        -0.265837393045356  0.108154805044148    34               0.229856755545873
H1140TS225_2  -261.046118657981  1231.329766912    -0.212003417502565  0.117118401915308    61               0.155301309999378
H1140TS234_2  -269.538227513863  197.987058        -1.36139316497073   0.0191586713854787   13               0.0305636519289105
H1140TS205_2  -469.77003175826   654.3782621       -0.717887587296522  0.0540057494689163   39               0.114091376468229
H1140TS215_5  -494.26971570956   316.57458         -1.56130576153512   0.0138047321052874   24               0.0162747895309251
H1140TS234_1  -521.750219068605  225.188521        -2.31694855826423   0.00395722336148069  17               0.00895622047669201
H1140TS227_1  -563.784625421374  646.8420661       -0.871595486701408  0.0423170858254475   39               0.12390841469782
H1140TS234_3  -587.835250875157  227.005735        -2.58951718059086   0.00251609319925844  18               0.00299119050844598
H1140TS215_4  -618.917670380187  344.144418        -1.79842426030629   0.00934022856073713  33               0.0187265373643509
H1140TS234_4  -725.797844368249  406.972573013318  -1.78340726745853   0.00957468228026537  26               0.0146362552779036
H1140TS225_5  -754.052852700415  697.4744659       -1.08111893634329   0.0302209883633786   48               0.0597564456336866
H1140TS227_3  -789.118922455259  592.158493        -1.33261437906162   0.0200811021088598   36               0.122116411677315
H1140TS227_2  -906.876809178932  655.94112644      -1.38255823979332   0.0185069172282117   41               0.0345774983160804
H1140TS225_3  -917.882400330708  1265.66676832     -0.725216481387966  0.0533850936712956   64               0.107959841777947
H1140TS227_4  -1090.90454287483  506.7466874       -2.15276107372701   0.00519628349887929  37               0.00941385218678483
H1140TS227_5  -1152.87821430353  678.269185        -1.69973550295304   0.0109917338061419   40               0.0172303079429009
H1140TS225_1  -1372.25019015352  1157.56546068     -1.185462279902     0.0255201095157753   60               0.0424498535617739
H1140TS239_1  -2226.08729587132  830.011307566636  -2.68199634821554   0.00215746711315296  55               0.00336368214325924
H1140TS278_2  2501.21595432881   936.6903722       2.67026973753794    0.941793165175275    56               0.765273275598496
H1140TS257_2  2191.79875651957   663.630255        3.30274085608043    0.978915381814039    44               0.851822006855989
H1140TS257_3  2163.23923784575   701.4713891       3.0838595436105     0.969912592834906    45               0.901161905367571
H1140TS257_5  1830.90654739443   699.69797         2.61670981751516    0.936702290540784    47               0.700015198344201
H1140TS257_1  1752.66197667199   691.650693        2.53402764489385    0.928023190240091    44               0.838299962757501
H1140TS257_4  1596.17397255429   739.356099        2.15887036667874    0.873409893668123    50               0.676009746589749
H1140TS278_4  1464.26590164984   647.08394518      2.26286853901548    0.891366989125207    47               0.772415257781003
H1140TS278_3  1405.49591818447   709.745707        1.98028097151205    0.836689757158105    46               0.652683620478747
H1140TS245_5  1350.89671916497   1666.699997329    0.810521822361479   0.421700400355285    92               0.461008964222139
H1140TS278_5  1167.97619365173   465.2955279       2.51018143011843    0.925322884665692    30               0.793168208148005
H1140TS248_1  748.847669496495   623.0704972       1.20186667939137    0.583326583429432    40               0.465104001223503
H1140TS278_1  524.673273188533   688.7596757       0.761765375789891   0.402019462209436    44               0.47191919385292
H1140TS245_2  296.851036649556   942.132437082     0.315084190890372   0.24204023180327     54               0.359196994402667
H1140TS245_4  66.555619984592    2487.809118513    0.0267527036095009  0.164918373997224    112              0.256890615439241
H1140TS248_3  -130.93043514805   487.41844314      -0.268620190702227  0.107708248624744    35               0.321693911632146
H1140TS248_2  -201.958078578968  460.162405293318  -0.438884350950476  0.0833145961284122   30               0.215428741665294
H1140TS245_3  -216.108828658568  693.978904732     -0.3114054723926    0.101044203208989    42               0.2185063021134
H1140TS248_4  -410.719157409357  398.361173        -1.03102206049925   0.0327663895589039   30               0.0556813834425735
H1140TS245_1  -436.962473402665  778.929647043318  -0.5609780999623    0.0690335792544496   47               0.163461859123825
H1140TS239_3  -603.553853570969  572.7616106       -1.0537610105166    0.0315863266794321   40               0.0831517489417419
H1140TS248_5  -775.886618916176  502.982881        -1.54257062859397   0.0142363549505133   37               0.0550127544446947
H1140TS239_5  -1007.72003463629  628.476132933318  -1.6034340555351    0.0128807518409074   40               0.0600204054764616
H1140TS239_2  -1350.40815747511  660.286948        -2.04518378193826   0.00621036238213352  41               0.0201303504165609
H1140TS239_4  -1800.6285751756   612.78361375      -2.9384411312118    0.00140815112273368  39               0.00234582410537397
H1140TS314_2  1255.52174591291   857.0935345       1.46485966277338    0.68455099491831     54               0.518228942662738
H1140TS314_4  1012.061322385     823.83309192      1.22847859877335    0.594065475526948    55               0.561846552332052
H1140TS314_1  688.948683685268   655.5875577       1.0508873690378     0.521190369876637    40               0.517008336480251
H1140TS312_2  223.33481572116    584.037911        0.382397805886885   0.263212662636734    38               0.366633825743243
H1140TS298_4  187.424322027339   638.060658711     0.293740602039265   0.235574205225292    42               0.365295307035365
H1140TS291_3  163.92121454015    489.497205        0.334876711992972   0.248143399266449    39               0.368343574054666
H1140TS312_4  123.407536513725   781.595823        0.157891755408889   0.197259125791508    48               0.340423630584878
H1140TS291_4  95.4570311504823   595.943037        0.160178113047543   0.197863222084944    37               0.313897388891871
H1140TS312_3  -133.177684215416  591.39351751      -0.225193006470795  0.114864421074751    37               0.220715867875525
H1140TS291_5  -428.951571534768  557.738902        -0.769090285788902  0.0498082198867101   31               0.0982500146128609
H1140TS298_5  -609.556832002638  635.6582673       -0.958937944112283  0.0367952738075081   43               0.0935300637253716
H1140TS314_3  -644.96200544509   1126.8572615      -0.572354660595219  0.0678249118497187   61               0.0992484506075803
H1140TS291_1  -670.757365107982  381.4906654       -1.75825367680932   0.00998051965594138  35               0.0153334008180138
H1140TS312_1  -694.64992392128   632.02135536      -1.09909248798343   0.0293552971716579   38               0.0520161247217146
H1140TS312_5  -774.012954029363  444.911018        -1.73970282306959   0.0102906930450016   24               0.0126316272726835
H1140TS291_2  -783.503629246042  415.84077494      -1.88414334635436   0.00810685345147055  32               0.0118504761300074
H1140TS298_3  -807.679606951022  505.316237        -1.59836464338869   0.0129886230870504   36               0.0246808503789711
H1140TS298_2  -826.312692201598  580.3883166       -1.42372385619728   0.0173009796682713   36               0.0428597432252563
H1140TS288_2  -1115.79668515038  744.0532391       -1.49961941769118   0.0152766929801377   54               0.106851468804121
H1140TS288_1  -1115.79668515038  744.0532391       -1.49961941769118   0.0152766929801377   54               0.106851468804121
H1140TS288_5  -1115.79668515038  744.0532391       -1.49961941769118   0.0152766929801377   54               0.106851468804121
H1140TS288_4  -1115.79668515038  744.0532391       -1.49961941769118   0.0152766929801377   54               0.106851468804121
H1140TS288_3  -1115.79668515038  744.0532391       -1.49961941769118   0.0152766929801377   54               0.106851468804121
H1140TS298_1  -1123.91145758153  641.613739933318  -1.75169480893339   0.010089112893897    42               0.0125707512751776
H1140TS315_1  6502.6917155076    5355.009029825    1.21431946786467     0.588362249633447    222              0.578977671732937
H1140TS350_3  163.92121454015    489.497205        0.334876711992972    0.248143399266449    39               0.368343574054666
H1140TS350_4  95.4570311504823   595.943037        0.160178113047543    0.197863222084944    37               0.313897388891871
H1140TS360_4  -12.2317048185711  546.317676733318  -0.0223893630748141  0.153945872878544    36               0.273701361649542
H1140TS348_1  -133.273719243628  947.2155392       -0.140700520344281   0.129976389629927    50               0.200874408891754
H1140TS348_2  -293.302101630492  832.2903823049    -0.352403569554939   0.0950044796362948   43               0.23478515693799
H1140TS350_5  -428.951571534768  557.738902        -0.769090285788902   0.0498082198867101   31               0.0982500146128609
H1140TS348_3  -512.574088603074  635.726237        -0.806281161246259   0.0469551711033829   36               0.183432028215867
H1140TS320_2  -512.574088603074  635.726237        -0.806281161246259   0.0469551711033829   36               0.183432028215867
H1140TS314_5  -512.574088603074  635.726237        -0.806281161246259   0.0469551711033829   36               0.183432028215867
H1140TS367_1  -516.623949950575  483.8628279       -1.0677074579024     0.0308830113861358   34               0.168770122761208
H1140TS367_2  -523.390387373979  513.137735835     -1.01998031098277    0.0333546703375027   37               0.137433479152558
H1140TS360_2  -628.320074010128  529.30589351      -1.18706419428571    0.0254537973221421   37               0.067201177909447
H1140TS350_1  -670.757365107982  381.4906654       -1.75825367680932    0.00998051965594138  35               0.0153334008180138
H1140TS320_4  -702.138210708018  450.388442        -1.55896143246948    0.0138580267370965   34               0.0249066663544029
H1140TS350_2  -783.503629246042  415.84077494      -1.88414334635436    0.00810685345147055  32               0.0118504761300074
H1140TS348_5  -838.019320494873  689.725209        -1.2150046272919     0.0243238259952806   38               0.0301789627608303
H1140TS320_3  -906.889669326352  488.3810884       -1.85693035800678    0.00847981563555317  36               0.0168256504938859
H1140TS320_5  -1051.25822956349  594.37795807      -1.76866960709145    0.00981043931642817  41               0.0122374579166891
H1140TS360_5  -1052.31704108808  529.21905627      -1.9884337659814     0.00682223223598305  33               0.0187389203728054
H1140TS360_3  -1059.23678502226  521.670952933318  -2.03046916656227    0.00636356930613891  35               0.0104194282969218
H1140TS320_1  -1154.97485315638  591.393797        -1.95297086140453    0.00723460867804859  31               0.0112056685865151
H1140TS360_1  -1195.31630430915  651.79951183      -1.83387112542193    0.00880912906740566  42               0.0166194648010738
H1140TS348_4  -1654.86889228549  717.47524948      -2.30651704499197    0.00402634519343509  43               0.0137526834529153
H1140TS374_2  1745.12111565475   732.1427108       2.38358053684354     0.909370065389788    42               0.74280859084948
H1140TS374_1  1290.69746721833   669.7904608       1.92701679518803     0.824194458928484    41               0.706391835469315
H1140TS374_4  564.776916989596   752.9933428058    0.750042377380293    0.39733157465444     43               0.476561587181752
H1140TS374_3  513.392803306315   607.5153496       0.845069682016006    0.435802011142789    39               0.500985428877542
H1140TS367_4  437.261687276539   545.5571117       0.801495714928903    0.418036136678582    40               0.514824493110113
H1140TS367_3  248.741957579685   468.061106        0.531430521338138    0.31411536263789     32               0.480235131913944
H1140TS367_5  -17.9205157649718  512.979419        -0.0349341807901495  0.151242333780786    36               0.342764205811293
H1140TS385_1  -436.962473402665  778.929647043318  -0.5609780999623     0.0690335792544496   47               0.163461859123825
H1140TS390_2  -512.574088603074  635.726237        -0.806281161246259   0.0469551711033829   36               0.183432028215867
H1140TS390_4  -702.138210708018  450.388442        -1.55896143246948    0.0138580267370965   34               0.0249066663544029
H1140TS390_3  -906.889669326352  488.3810884       -1.85693035800678    0.00847981563555317  36               0.0168256504938859
H1140TS390_5  -1051.25822956349  594.37795807      -1.76866960709145    0.00981043931642817  41               0.0122374579166891
H1140TS390_1  -1154.97485315638  591.393797        -1.95297086140453    0.00723460867804859  31               0.0112056685865151
H1140TS397_5  -1157.99082252318  536.383939833318  -2.15888421805289    0.00514379523106145  31               0.0131213112712496
H1140TS374_5  -1166.68859392666  687.215205        -1.69770486077453    0.0110285863281466   41               0.0158100058224995
H1140TS397_4  -1248.76748258217  621.81423636      -2.00826454198323    0.00660189847203274  45               0.0124243029059237
H1140TS397_3  -1461.44456366453  639.890836        -2.28389669212973    0.00418039178819796  42               0.0164626592011861
H1140TS398_1  -1490.88323275131  1067.166682       -1.39704814430414    0.0180733126074814   61               0.0615455588811113
H1140TS398_3  -1531.53283554988  933.8211218       -1.64007088702144    0.0121270195304864   55               0.0200975068592102
H1140TS398_5  -1563.99616948074  1072.35132433332  -1.45847366808921    0.0163433452249352   62               0.029823210643066
H1140TS397_1  -1594.90085113701  632.6546227       -2.52096609099353    0.00281976827432762  41               0.00628587031059124
H1140TS398_2  -1750.9382377881   968.468377233317  -1.80794569956958    0.00919452979133573  51               0.0168488300185991
H1140TS397_2  -1791.71869084089  670.90349263      -2.67060569891684    0.0021987257052648   42               0.00347468326898994
H1140TS398_4  -2117.08585568674  1247.700182567    -1.69679053130463    0.0110452196387507   75               0.0506382534009292
H1140TS439_2  696.93351018045    634.4598854       1.0984674149116     0.540936253209942    42               0.531875970175461
H1140TS399_5  671.463498955426   625.2495308       1.07391283940077    0.530758129265959    37               0.528377605583909
H1140TS423_2  614.830121779766   627.498679        0.979811021689444   0.491588719298834    41               0.495728723590583
H1140TS439_3  126.712859232376   722.988505        0.175262619469138   0.201883738069549    44               0.283600679320173
H1140TS439_4  66.1114733162454   779.268732051     0.0848378365474039  0.178686755628603    51               0.418274250960143
H1140TS423_1  -102.368810107961  698.3554695       -0.146585534987295  0.128871255493231    46               0.296119768505367
H1140TS433_4  -133.992163998126  75.0241499999999  -1.78598709879588   0.00953399387466181  10               0.0132184137293871
H1140TS433_3  -143.203777312579  84.6049113        -1.69261778201969   0.0111214449839423   10               0.0143565486409912
H1140TS439_1  -149.432396445824  768.18108787      -0.194527564926348  0.12016387050654     49               0.359582249847735
H1140TS433_2  -295.071588938554  158.624377        -1.86019068770592   0.00843424985872104  20               0.0108558627167142
H1140TS433_5  -300.144165000526  172.765119        -1.73729608579453   0.0103316269397074   22               0.0162572010842122
H1140TS433_1  -336.456467146703  201.7978137       -1.6672949075994    0.0115953100053636   22               0.0177667662335718
H1140TS399_1  -403.145524654733  545.95976349      -0.738416183049206  0.0522842069876079   36               0.196172077731187
H1140TS399_2  -580.838368244459  386.23787968      -1.50383584521976   0.015171337207131    27               0.0217518993230996
H1140TS423_3  -744.181691647124  477.6932          -1.55786536556753   0.0138830136376344   35               0.0349772724851385
H1140TS434_5  -788.425528529494  633.41646973      -1.24471902169763   0.0231757931394696   42               0.142854464397829
H1140TS423_4  -877.135460574978  642.824958933318  -1.36450125090113   0.0190615701990921   38               0.0462538558661945
H1140TS399_4  -920.712173066789  396.5262673       -2.32194497311878   0.00392453576114798  30               0.00759319939450895
H1140TS434_1  -936.915762782118  601.0982306       -1.55867330011422   0.0138645909553096   40               0.0369814080080005
H1140TS434_2  -971.360439912126  512.3120021       -1.8960329563439    0.00794905353504344  36               0.0135761061586143
H1140TS434_3  -985.124262987401  606.6273303       -1.62393649903676   0.0124534308582684   42               0.0270675871628938
H1140TS434_4  -1035.06150081458  630.159414891     -1.64253913590042   0.0120778357937449   36               0.029312561679555
H1140TS423_5  -1162.21646882603  427.624329        -2.71784458930079   0.00203259432007513  30               0.00486937111349337
H1140TS399_3  -1345.38899892742  667.66244408      -2.01507365114911   0.00652788656398429  38               0.0136691399674676
H1140TS447_1  4739.90689509473   2038.29416509     2.32542828031176    0.901059009670793    105              0.7890946345827
H1140TS447_2  3216.62554459681   2079.03866528     1.54716965985989    0.713398911363277    100              0.631565158872206
H1140TS447_3  2722.53792556865   2105.65939035     1.29296216569771    0.619698869040256    104              0.570383568235757
H1140TS447_4  2722.53792556865   2105.65939035     1.29296216569771    0.619698869040256    104              0.570383568235757
H1140TS447_5  2067.42903336968   2129.6442154      0.970786114609932   0.487829951951019    104              0.500621167384886
H1140TS444_3  1721.4660738361    1103.477613592    1.5600371522105     0.717763600890505    59               0.66538487125858
H1140TS444_1  1240.06722010401   1156.0904552      1.07263857644208    0.530229161232123    66               0.539608625256374
H1140TS444_2  1028.16363795242   1250.41061994     0.822260801017317   0.426478859876876    72               0.458991751411601
H1140TS446_2  860.413113433141   763.291633403318  1.12724033092933    0.552819002529031    39               0.528086854050847
H1140TS461_2  860.413113433141   763.291633403318  1.12724033092933    0.552819002529031    39               0.528086854050847
H1140TS444_5  803.282778593516   1224.714124833    0.655894108107107   0.360427347318175    66               0.388766782959624
H1140TS444_4  501.10491995636    615.58732011      0.81402735824191    0.423125868634495    37               0.454340501951991
H1140TS441_4  -133.992163998126  75.0241499999999  -1.78598709879588   0.00953399387466181  10               0.0132184137293871
H1140TS441_3  -143.203777312579  84.6049113        -1.69261778201969   0.0111214449839423   10               0.0143565486409912
H1140TS446_5  -178.869576813908  506.428797        -0.353197878701808  0.0948907179614751   32               0.279734109917851
H1140TS441_2  -295.071588938554  158.624377        -1.86019068770592   0.00843424985872104  20               0.0108558627167142
H1140TS441_5  -300.144165000526  172.765119        -1.73729608579453   0.0103316269397074   22               0.0162572010842122
H1140TS439_5  -310.224404269358  762.4407322       -0.406883304062487  0.0874795450212937   53               0.323130686557682
H1140TS441_1  -336.456467146703  201.7978137       -1.6672949075994    0.0115953100053636   22               0.0177667662335718
H1140TS446_4  -987.45917520986   439.619308233318  -2.24616880268095   0.00445048696849354  30               0.0108653075133254
H1140TS446_3  -1077.10344497261  516.39991893      -2.0857932108208    0.00580629906041308  39               0.00874347875940403
H1140TS461_3  -1077.10344497261  516.39991893      -2.0857932108208    0.00580629906041308  39               0.00874347875940403
H1140TS446_1  -1945.07031288732  1087.7872426      -1.78809811028695   0.00950082699948807  59               0.046657168847501
H1140TS461_1  -1945.07031288732  1087.7872426      -1.78809811028695   0.00950082699948807  59               0.046657168847501
H1141TS003_1  1446.68996170112   461.1268476       3.13729284952854    0.972405455140012    39               0.76713903603125
H1141TS003_4  1390.19616726022   438.0534859       3.17357631432608    0.973982582172767    35               0.789313981442914
H1141TS003_2  1355.01838212136   480.967083        2.81727883261682    0.953858301007599    37               0.740676111314116
H1141TS003_3  1345.77334610505   480.982367        2.79796815525475    0.952420905544032    37               0.737348326915013
H1141TS003_5  1220.7360214876    491.341152        2.4844978209511     0.922310586935161    38               0.732891039963894
H1141TS011_1  1062.33267813386   500.71652553      2.12162495937078    0.866385935356339    35               0.71832806393504
H1140TS493_3  571.253074554901   807.791795        0.707178604797417   0.3803564253283      43               0.437040563668071
H1140TS462_5  282.756644518359   517.046655        0.546868724096783   0.31968521684569     29               0.384995393519087
H1140TS493_4  279.992461476236   773.8053292       0.361838373180638   0.256621574062956    43               0.379753996756872
H1140TS494_4  279.944915544479   694.8659998       0.402876116582268   0.269884929315013    36               0.326131224499262
H1140TS494_3  121.603914504877   750.2066965       0.162093880356181   0.198370474137845    46               0.30785269843795
H1140TS494_1  94.5228617213391   665.356243        0.142063537714997   0.193115184622649    40               0.278172056231784
H1140TS494_5  -106.182399041653  552.608137        -0.192147729887033  0.120583847525571    38               0.185261488687875
H1140TS462_2  -122.048775085138  553.0247452       -0.220693153687001  0.115629130742819    37               0.169553757135167
H1140TS461_5  -178.869576813908  506.428797        -0.353197878701808  0.0948907179614751   32               0.279734109917851
H1140TS493_5  -355.155532329202  749.77895419      -0.473680316504593  0.0789911473528193   45               0.261167411746797
H1140TS494_2  -534.849332978265  727.502563796     -0.735185495687467  0.0525516550762702   45               0.165197753649495
H1140TS493_1  -760.652766544564  732.35567201      -1.03863845890194   0.0323664592152622   44               0.0721822996190873
H1140TS462_4  -796.345192502159  656.2801957       -1.21342255597514   0.024386481206794    44               0.0475185988436136
H1140TS462_1  -809.293762761327  566.8464259       -1.42771256161029   0.0171883172789761   36               0.0242910362905915
H1140TS461_4  -987.45917520986   439.619308233318  -2.24616880268095   0.00445048696849354  30               0.0108653075133254
H1140TS462_3  -1196.38940550858  710.33999967      -1.68424895974376   0.0112758927866405   45               0.019451969834237
H1140TS493_2  -1438.29975392642  1583.5537763      -0.908273388281788  0.0399078720658477   80               0.136816064992736
H1140TS477_1  -1628.06458790334  676.9263507       -2.40508378233434   0.00341846397982631  37               0.00557237355128764
H1141TS037_2  3192.92662962429   933.0327485       3.42209492084542   0.982652802128737    59               0.934297311594372
H1141TS037_1  3174.87999601726   955.031526632     3.32437192645749   0.979646785243328    54               0.864218852589638
H1141TS035_1  2864.67656857149   762.6532885534    3.75619775272352   0.989985566101869    46               0.904160324206137
H1141TS037_3  2777.82679214411   823.30522734      3.37399387238064   0.981232015117484    55               0.890730587806173
H1141TS035_2  2482.70245700056   765.28718635      3.24414481423855   0.976802531476995    55               0.907811682026423
H1141TS037_5  2208.88956334867   707.7698889       3.12091485946325   0.971663480018413    47               0.86671441363847
H1141TS037_4  1575.85870622969   736.51136262      2.13962579018994   0.869820920745557    47               0.60047728133822
H1141TS035_5  1555.32604347815   451.6444352       3.44369579753465   0.98325594733048     35               0.915025533292824
H1141TS035_4  1472.07729922334   456.161883        3.22709405166003   0.976149799167332    36               0.755354613926285
H1141TS054_4  1414.58154309852   516.531965        2.73861375277815   0.947732106761229    41               0.705649457385301
H1141TS011_4  1184.31444321354   458.32334462      2.58401510007192   0.933393529062326    31               0.762737095247874
H1141TS011_5  1173.18624976857   518.4054755       2.26306685637731   0.891398990723494    40               0.715701163256947
H1141TS035_3  1172.34079206969   468.4778725       2.50244645667803   0.924427168941236    34               0.776539649646201
H1141TS071_2  964.831125559045   503.312106        1.91696387600708   0.821753511527307    39               0.692283834564694
H1141TS052_1  860.289231329207   3104.04746995     0.277150797356545  0.230631531714888    146              0.339047182707852
H1141TS011_3  823.086934463511   457.2634985       1.80002763650183   0.791399076801876    31               0.65862445303258
H1141TS071_1  763.039062008609   475.862073        1.60348787033635   0.732199970547951    37               0.68064735833264
H1141TS011_2  641.244867582152   463.75181674      1.38273284208321   0.654275900072495    33               0.589552279891948
H1141TS054_3  603.321335244521   572.3654635       1.05408410136284   0.522519796051203    39               0.519134469909432
H1141TS067_1  560.284057360043   540.773739        1.03607852407205   0.515028190489697    37               0.528523881947032
H1141TS054_5  106.365982528769   1060.13938093332  0.100332073727067  0.182508084345747    59               0.333003876607243
H1141TS067_2  -679.631637152114  485.4291752       -1.40006343226507  0.0179843427481401   37               0.0260504357683093
H1141TS054_1  -960.035708481245  507.630192444     -1.89121081206601  0.00801268279210465  37               0.0131354003519007
H1141TS054_2  -1655.17965147555  656.0846316       -2.52281424035044  0.00281112042795456  43               0.00444586664612362
H1141TS073_5  3085.82544009315   848.93960412    3.63491751959419    0.987769652947392   49               0.812967173759119
H1141TS073_1  2242.14072841796   775.982175      2.88942297987445    0.95887081140473    48               0.762202603043863
H1141TS073_4  1803.70679250517   825.509586558   2.18496165504971    0.878140310579803   55               0.789585183148182
H1141TS086_1  1446.68996170112   461.1268476     3.13729284952854    0.972405455140012   39               0.76713903603125
H1141TS073_2  1411.61326392041   329.6267578     4.28245957137042    0.995809625339096   27               0.934879153594173
H1141TS086_4  1355.01838212136   480.967083      2.81727883261682    0.953858301007599   37               0.740676111314116
H1141TS086_3  1345.77334610505   480.982367      2.79796815525475    0.952420905544032   37               0.737348326915013
H1141TS086_2  1317.85437158471   457.1792338     2.88257705983476    0.958418470496933   38               0.734929139367975
H1141TS086_5  1220.7360214876    491.341152      2.4844978209511     0.922310586935161   38               0.732891039963894
H1141TS071_4  1109.94506402244   425.708489      2.60728900809502    0.935764932100794   28               0.789146182349296
H1141TS091_3  1080.92823889009   630.5621875     1.71422939769931    0.76680943658168    39               0.541205312887138
H1141TS071_3  803.090255491277   444.4458051     1.80694754293064    0.793296651268905   32               0.720950541733084
H1141TS071_5  721.450784848137   426.157537      1.69292039260152    0.760398829712362   29               0.69321199091341
H1141TS073_3  498.097348337056   623.01423695    0.799495932509534   0.417225507351305   39               0.42717450419541
H1141TS091_2  73.4666148495709   610.7939744     0.120280516718815   0.187521013677857   38               0.318333095029952
H1141TS097_4  22.7164395503125   740.920808      0.0306597402921264  0.165817129001438   46               0.321081133806227
H1141TS091_5  -109.209480953851  611.5321082     -0.178583396504397  0.123001831246979   36               0.207184552521743
H1141TS097_3  -130.452349784592  755.94408566    -0.172568781553065  0.124087275620797   51               0.336727885978747
H1141TS092_1  -247.231049155517  604.19018505    -0.409194083705708  0.0871725958697921  42               0.254746127645127
H1141TS097_2  -308.204630414423  736.42769557    -0.418513089972629  0.0859445840048608  46               0.265822580068406
H1141TS097_1  -352.769035260132  731.2602663312  -0.482412420724029  0.0779388235418604  47               0.176797690587043
H1141TS091_4  -976.582385294126  761.472801      -1.28249148756415   0.0217925738025126  48               0.0324296245041144
H1141TS097_5  -1128.57763519274  834.53543625    -1.35234237657304   0.0194442019267387  56               0.191457220661744
H1141TS091_1  -1482.71561423425  901.4107204     -1.64488349281701   0.0120313032695798  56               0.0495841965673697
H1141TS098_1  1431.14181608894   442.620119644     3.23334108092514    0.976391000212047    34               0.840918584181052
H1141TS133_1  1426.55460431237   443.811894        3.21432260738908    0.975649183051287    34               0.805856185785688
H1141TS125_4  1414.58154309852   516.531965        2.73861375277815    0.947732106761229    41               0.705649457385301
H1141TS131_3  1379.30658560426   787.93529682      1.75053280538511    0.777453541926007    50               0.698038580679606
H1141TS133_2  1352.27652773733   417.629429        3.23798188977081    0.976568641662537    34               0.793739298075047
H1141TS133_3  1318.31001735006   450.527105        2.92615028645182    0.96121820385777     32               0.804427680090956
H1141TS098_2  1300.64204059834   445.5367853       2.91926970681569    0.960788447795561    33               0.762646483384856
H1141TS133_4  925.034325945302   450.30676         2.05423148865298    0.852840119818324    35               0.712209978485805
H1141TS098_3  846.600925173519   875.801894        0.966658020464979   0.486111082449021    57               0.489873711665142
H1141TS125_3  603.321335244521   572.3654635       1.05408410136284    0.522519796051203    39               0.519134469909432
H1141TS119_4  559.003496105432   565.1053474       0.989202276491203   0.495501069957254    43               0.531223418479803
H1141TS125_5  106.365982528769   1060.13938093332  0.100332073727067   0.182508084345747    59               0.333003876607243
H1141TS119_1  -180.680226234109  609.457605239     -0.296460696660361  0.103329288742778    39               0.149244762987995
H1141TS119_5  -593.82181107772   515.377686        -1.15220706524287   0.0269353289867459   31               0.0753243588317336
H1141TS131_1  -721.100847913067  850.74258669      -0.847613437007624  0.0439668886275466   48               0.109524040924204
H1141TS119_3  -721.377531593624  850.74258669      -0.847938663092324  0.0439441101110002   48               0.109453678309797
H1141TS125_1  -960.035708481245  507.630192444     -1.89121081206601   0.00801268279210465  37               0.0131354003519007
H1141TS131_5  -960.161084763631  682.893983        -1.40601778411574   0.0178099131455158   45               0.038148382511288
H1141TS119_2  -1040.09250978097  534.469247        -1.94602872965855   0.00731818467692935  31               0.00989165927739364
H1141TS131_4  -1467.07494729953  739.48263         -1.98392076809097   0.0068733862044848   49               0.0352151273099342
H1141TS125_2  -1655.17965147555  656.0846316       -2.52281424035044   0.00281112042795456  43               0.00444586664612362
H1141TS131_2  -1671.29635844192  793.16725806      -2.10711718298827   0.00560470358892645  49               0.00805070211490952
H1141TS098_4  -5948.8483367597   2237.22617290332  -2.65902858137928   0.00224146647432094  96               0.00285527730239161
H1141TS098_5  -6304.24572457137  2445.90043724564  -2.57747438471808   0.00256697380415316  110              0.00438688734449446
H1141TS147_5  1595.46624642086   674.499781403     2.36540661748207     0.906842543867076    39               0.769343871681156
H1141TS158_1  1446.68996170112   461.1268476       3.13729284952854     0.972405455140012    39               0.76713903603125
H1141TS147_1  1442.53809017559   1117.644855       1.29069452046607     0.618807765478925    63               0.575697572691814
H1141TS165_2  1384.70580834667   455.9637674       3.03687684712879     0.96754146160654     35               0.793864306359959
H1141TS150_1  1384.68105709091   455.9637674       3.0368225637459      0.967538620205276    35               0.793862925077706
H1141TS158_3  1355.01838212136   480.967083        2.81727883261682     0.953858301007599    37               0.740676111314116
H1141TS158_4  1345.77334610505   480.982367        2.79796815525475     0.952420905544032    37               0.737348326915013
H1141TS158_2  1317.85437158471   457.1792338       2.88257705983476     0.958418470496933    38               0.734929139367975
H1141TS158_5  1220.7360214876    491.341152        2.4844978209511      0.922310586935161    38               0.732891039963894
H1141TS133_5  1092.99434847883   476.36058471      2.29446848366816     0.896362667137292    34               0.745925571046179
H1141TS169_3  924.014559037687   658.410516        1.40340188466505     0.662026137335996    38               0.531744051303647
H1141TS147_3  800.408490955003   640.8148107       1.24904805193355     0.602305360467907    36               0.611875105073783
H1141TS169_2  783.144575122013   504.95437907      1.55092144475382     0.714675692383583    35               0.624698983666288
H1141TS150_2  656.082259717939   892.265465854     0.735299397797486    0.391462771984938    58               0.45226541348964
H1141TS150_4  631.387513527347   697.604224        0.905079831522561    0.460532209933064    42               0.558879081728216
H1141TS150_5  427.651045028468   604.0223414       0.708005343042876    0.380681229067112    42               0.44765964453097
H1141TS150_3  -13.8730529839618  495.7956729       -0.0279813918157369  0.152735880153309    38               0.260021860399915
H1141TS147_2  -211.667703662108  837.7262482       -0.252669298732029   0.110290013939782    44               0.251449173377674
H1141TS147_4  -303.130160650317  795.9407303       -0.380845142245784   0.0910063709906679   44               0.252118580269412
H1141TS165_4  -1006.44790997563  893.047006779     -1.12698200916169    0.0280594268498573   53               0.0668829357122427
H1141TS165_1  -1118.0079428181   1028.4713154      -1.08705797242704    0.029932234492458    57               0.0606482668260307
H1141TS165_5  -1699.55260951175  1029.6283266      -1.65064670969567    0.0119176621732574   61               0.0254866876367401
H1141TS165_3  -2549.16793955344  1222.97586685     -2.08439758187485    0.0058197418204638   66               0.00949585756211887
H1141TS169_1  -2619.17863628512  948.414350083318  -2.76163961042452    0.00188978743206869  50               0.00430911938904525
H1141TS169_5  1431.14181608894   442.620119644  3.23334108092514    0.976391000212047    34               0.840918584181052
H1141TS169_4  1431.14181608894   442.620119644  3.23334108092514    0.976391000212047    34               0.840918584181052
H1141TS188_2  1431.14181608894   442.620119644  3.23334108092514    0.976391000212047    34               0.840918584181052
H1141TS187_1  1428.54360738571   446.3175051    3.20073398659467    0.975105286452156    32               0.768107931265487
H1141TS205_2  1418.22246132866   582.89605624   2.43306237217827    0.91594132861253     42               0.838483048335577
H1141TS188_4  1350.34795108798   537.108147     2.51410811515391    0.92577385390734     37               0.708021266529317
H1141TS180_4  1323.96481750778   580.6817288    2.28001804059481    0.894103884667665    41               0.716924959610515
H1141TS188_1  1300.64204059834   445.5367853    2.91926970681569    0.960788447795561    33               0.762646483384856
H1141TS180_2  1208.45342163335   563.543481     2.14438364097294    0.870716196038947    41               0.680588267259755
H1141TS187_2  1158.10172971371   806.794649575  1.43543556011901    0.673866658278176    53               0.542492101688898
H1141TS180_1  989.880112082231   552.4147698    1.79191463769264    0.789158035442658    40               0.667873083081358
H1141TS187_4  946.521888968535   501.07036031   1.88899995677841    0.814824178016963    38               0.697096456075707
H1141TS205_1  914.23581389646    717.301363     1.27454911011574    0.612440367256351    43               0.550493490120364
H1141TS185_1  910.314402393495   665.216847     1.36844760697033    0.648870793272051    51               0.57628704175778
H1141TS188_3  846.600925173519   875.801894     0.966658020464979   0.486111082449021    57               0.489873711665142
H1141TS188_5  664.48088749793    470.94495435   1.41095234455808    0.664836032273695    36               0.609777608924143
H1141TS180_3  567.520792674241   845.86875257   0.670932447793993   0.366225042451852    54               0.392564058680938
H1141TS185_5  221.404639413093   653.3185341    0.338892328713889   0.24939414718262     45               0.358005919852431
H1141TS187_3  150.404484223856   773.2599934    0.194507003475678   0.207101151823651    49               0.3472571967495
H1141TS185_4  -357.004151916834  708.37555072   -0.503975824058258  0.0753949502291051   47               0.212521570835855
H1141TS185_3  -631.184843232411  380.2419387    -1.65995588332616   0.0117363366113714   32               0.0167293531090377
H1141TS180_5  -728.856538502633  529.4044073    -1.3767481502843    0.0186836345557987   37               0.0265994256977807
H1141TS185_2  -869.262750760878  661.332677     -1.31441070582526   0.0206868915209856   43               0.100519836718442
H1141TS187_5  -1425.26010108806  575.48207838   -2.47663681395641   0.00303533149196922  38               0.00370140445037477
H1141TS205_5  2465.60611516519   770.941726      3.19817443006734    0.975001521051988    51               0.842855304818989
H1141TS227_1  1426.55460431237   443.811894      3.21432260738908    0.975649183051287    34               0.805856185785688
H1141TS227_2  1352.27652773733   417.629429      3.23798188977081    0.976568641662537    34               0.793739298075047
H1141TS227_3  1318.31001735006   450.527105      2.92615028645182    0.96121820385777     32               0.804427680090956
H1141TS239_1  1272.04135428282   444.4521536     2.86204340327629    0.957033007307539    33               0.751392492237109
H1141TS227_5  1173.18624976857   518.4054755     2.26306685637731    0.891398990723494    40               0.715701163256947
H1141TS227_4  925.034325945302   450.30676       2.05423148865298    0.852840119818324    35               0.712209978485805
H1141TS225_5  740.361609727177   645.48240687    1.1469896031981     0.560941182681651    41               0.538698657040146
H1141TS205_3  163.687425758483   637.1155408     0.256919530722712   0.224702861103776    44               0.353993271931384
H1141TS225_3  89.1172014975805   1190.78470502   0.0748390545510775  0.17625417196294     66               0.242615328876156
H1141TS215_5  83.2399692414409   303.14402       0.274588854635631   0.22987474875612     20               0.404530807898409
H1141TS215_4  -200.682170200407  188.292201      -1.06580181831539   0.030978210423422    17               0.0352743289308055
H1141TS215_3  -296.846565033709  289.32931554    -1.02598163784295   0.0330336785735507   23               0.0539528635674096
H1141TS234_3  -307.154556899931  396.49631233    -0.774671913327379  0.0493697863732829   30               0.190513574580842
H1141TS205_4  -310.068910013035  674.1192269     -0.459961528525029  0.0806706801236959   44               0.15853844534637
H1141TS234_5  -403.110567014989  285.442315      -1.41223128398111   0.017629663140818    23               0.0254232513156971
H1141TS215_1  -513.059349321182  298.430972      -1.71918935183839   0.0106447963638074   26               0.0131419012649623
H1141TS215_2  -607.876822015703  270.706114      -2.24552306201589   0.00445525796309637  25               0.00530788256205819
H1141TS225_1  -918.774270320522  547.269218      -1.6788341827048    0.0113769511229925   39               0.0150068060903481
H1141TS234_2  -1026.83511840988  412.7531131     -2.48777074192801   0.00297969188961639  29               0.00441460211335915
H1141TS234_1  -1207.7130643331   507.7785664     -2.37842466037002   0.0035732226434449   38               0.00983654758945673
H1141TS234_4  -1312.95931886419  465.8935770952  -2.81815286454551   0.00172020846091497  32               0.00393941030215026
H1141TS225_2  -1431.43172796688  727.030234      -1.96887510453504   0.00704669326449475  46               0.0270663957441585
H1141TS225_4  -1477.30024511813  805.75600471    -1.83343373984514   0.00881549642130414  56               0.0216894020924194
H1141TS278_2  3791.91526903009   957.1725459       3.96157963919103     0.992867717036706    56               0.9511903451289
H1141TS278_3  2992.20979398437   984.588803244     3.03904511622081     0.967654760805573    62               0.876269888589109
H1141TS248_1  2864.67656857149   762.6532885534    3.75619775272352     0.989985566101869    46               0.904160324206137
H1141TS288_1  2611.77040452803   767.401173333318  3.40339641804746     0.982113500930684    45               0.869651539634703
H1141TS248_2  2482.70245700056   765.28718635      3.24414481423855     0.976802531476995    55               0.907811682026423
H1141TS278_4  2360.17056456685   683.907356882     3.45100917663337     0.983455445077216    50               0.916071128069806
H1141TS278_1  2079.12279229962   911.0555142       2.28210329655411     0.894432495032543    55               0.688860746170645
H1141TS278_5  1934.90505309793   777.8293735       2.48757004944599     0.922676689059854    56               0.73484121020243
H1141TS248_5  1555.32604347815   451.6444352       3.44369579753465     0.98325594733048     35               0.915025533292824
H1141TS248_4  1472.07729922334   456.161883        3.22709405166003     0.976149799167332    36               0.755354613926285
H1141TS248_3  1172.34079206969   468.4778725       2.50244645667803     0.924427168941236    34               0.776539649646201
H1141TS245_2  1055.3760828578    626.2283867       1.68528943317191     0.758073989610567    45               0.665813534655197
H1141TS239_3  965.978186482369   502.670464933318  1.92169274677897     0.822905018515678    40               0.664972668266767
H1141TS239_5  917.583419395987   463.5730998       1.97937158086149     0.836482552885153    35               0.724431372650105
H1141TS288_2  853.470700578264   468.0354669       1.82351714973903     0.797788376995508    36               0.70261971503657
H1141TS239_4  801.150629174178   575.518052        1.39205125953926     0.657780459685052    40               0.62012355722322
H1141TS239_2  614.035871661618   573.274955433318  1.07110186105634     0.529591154530432    43               0.593761228787943
H1141TS245_3  174.582168841214   798.00355102      0.218773674149776    0.213821236863285    54               0.327448681022136
H1141TS245_1  98.6922499567052   679.45315499      0.145252471390993    0.193944710840638    48               0.354731836666489
H1141TS245_4  -128.252641119431  1294.13993276664  -0.0991026069686688  0.138019498904814    78               0.271678233453605
H1141TS245_5  -528.15026432456   935.4914025       -0.564569875162012   0.0686498437160716   59               0.138789439877411
H1141TS288_5  -1334.35871386797  761.0221787       -1.75337690702702    0.0100611518881917   47               0.0217573795165194
H1141TS288_3  -1680.01999624036  962.639436733318  -1.74522249155036    0.0101974194219717   55               0.0230798346572023
H1141TS288_4  -2088.18287449267  945.7545358       -2.20795438504168    0.00474177521794578  59               0.0119375874689099
H1141TS314_3  2557.61568882292   856.71965465    2.9853589502015      0.96473394879578     50               0.87720601319488
H1141TS314_2  1918.35130449769   763.3023212     2.51322608515302     0.925672773783432    47               0.81591744382583
H1141TS312_1  1445.20170922556   655.28401267    2.20545852070614     0.881748956572383    44               0.663867638130203
H1141TS298_2  1407.94210196104   447.0945477     3.14909253356803     0.972928284229128    34               0.795325059057146
H1141TS298_1  1406.60873346698   445.8099174808  3.15517595798563     0.973194058106319    34               0.796674488212038
H1141TS298_4  1392.86322047976   450.616717      3.09101541938525     0.970258688868628    35               0.776683886889085
H1141TS320_1  1384.70580834667   455.9637674     3.03687684712879     0.96754146160654     35               0.793864306359959
H1141TS320_2  1381.87233695835   441.276026      3.13153730440444     0.972146887004249    36               0.786954552088349
H1141TS320_4  1341.22717621488   495.07730352    2.70912677005944     0.945243403399247    38               0.731640591653091
H1141TS314_1  1263.72436644573   814.83771918    1.55089085433779     0.714665295895275    47               0.62593181297999
H1141TS298_5  898.011700473156   473.5470915     1.89635142226009     0.816665770096544    35               0.673438487240579
H1141TS312_3  897.042591905906   514.246369      1.74438293779359     0.775675087839832    31               0.702308924785208
H1141TS348_1  868.47101752198    892.274853769   0.973322305177075    0.488886124721414    58               0.50199170238889
H1141TS320_3  868.47101752198    892.274853769   0.973322305177075    0.488886124721414    58               0.50199170238889
H1141TS315_1  860.289231329207   3104.04746995   0.277150797356545    0.230631531714888    146              0.339047182707852
H1141TS298_3  608.668784507385   464.5715308     1.31017237207637     0.626435223340131    36               0.595428751286584
H1141TS312_5  189.704677565141   483.0695898     0.392706727086014    0.266558236700283    33               0.388324252547011
H1141TS320_5  35.013329079405    495.7917686     0.0706210374937737   0.175235813623374    38               0.285397391808393
H1141TS348_3  -41.6799311680411  626.15287299    -0.0665651040919311  0.144598686315254    39               0.335346454095673
H1141TS312_4  -407.750708099944  854.66506052    -0.477088308549618   0.0785789064463222   48               0.239946231885656
H1141TS312_2  -466.392156655129  992.523782      -0.469905270899725   0.0794500955437969   56               0.18012120086264
H1141TS314_5  -970.262143627033  619.753458674   -1.56556148263048    0.0137085009068648   40               0.0327113571520772
H1141TS314_4  -1093.4439007816   989.03772606    -1.1055633895155     0.0290495536278023   56               0.102558155666358
H1141TS348_2  -1229.56236111818  659.60886277    -1.86407798699775    0.00838023885311562  41               0.0199742060582939
H1141TS374_2  3465.55103951422   838.965501248   4.13074320023773    0.994610536165444   50               0.928276710028754
H1141TS374_1  3192.23961214541   824.16302082    3.87331090027467    0.991746674534942   48               0.905762246328316
H1141TS374_4  1546.9426707257    438.174934      3.53042255658947    0.985476695712844   33               0.839218559827927
H1141TS374_3  1526.28465756615   926.1144032     1.64805196020317    0.746510371297929   57               0.662573671570727
H1141TS367_5  1482.57934544332   458.0387017     3.23679929215755    0.976523498292331   34               0.786088758274155
H1141TS367_2  1430.94441631762   446.123149      3.20750989838822    0.975377962248006   34               0.788056324224082
H1141TS367_3  1422.10804972009   446.4654834     3.18525866521688    0.974471449692336   35               0.778204472792892
H1141TS360_3  1407.94210196104   447.0945477     3.14909253356803    0.972928284229128   34               0.795325059057146
H1141TS360_4  1406.60873346698   445.8099174808  3.15517595798563    0.973194058106319   34               0.796674488212038
H1141TS390_1  1384.70580834667   455.9637674     3.03687684712879    0.96754146160654    35               0.793864306359959
H1141TS367_4  1346.00120042655   452.347704      2.97558976982571    0.964175786734152   35               0.810103853999436
H1141TS350_1  1338.3709730282    438.97362       3.04886424161025    0.968163074281798   31               0.800178975869864
H1141TS367_1  1329.47923233661   483.287554      2.7509072421439     0.948737795417389   36               0.766952097006946
H1141TS350_3  1041.20255660385   539.5802449     1.92965284857087    0.824830150373654   40               0.661717325469692
H1141TS360_5  985.671851204377   484.68266437    2.03364370889058    0.848481366717107   38               0.698068032652518
H1141TS360_1  979.013615459309   428.6413638     2.28399239583445    0.894729416772841   33               0.711114913973249
H1141TS360_2  730.546850998299   471.817835718   1.54836633059149    0.713806525042729   33               0.626874327549893
H1141TS348_4  638.270740852705   694.475841      0.919068314793552   0.466329499874658   42               0.557772324345413
H1141TS374_5  110.972410554826   844.12171941    0.13146493924169    0.190377609735097   60               0.355854322531905
H1141TS385_1  98.6922499567052   679.45315499    0.145252471390993   0.193944710840638   48               0.354731836666489
H1141TS350_2  -159.216088506515  526.7575573     -0.302256866180731  0.102437664489469   37               0.164112648452886
H1141TS350_4  -343.561083594654  720.45413335    -0.476867391956166  0.0786055694213311  53               0.129338864709625
H1141TS350_5  -356.254625678879  764.27599024    -0.466133478256994  0.0799110802905604  56               0.165791534365544
H1141TS348_5  -683.896133909447  635.79943142    -1.07564760223523   0.0304893898160117  44               0.0426083667638853
H1141TS423_1  1428.54360738571   446.3175051       3.20073398659467    0.975105286452156    32               0.768107931265487
H1141TS399_4  1414.58154309852   516.531965        2.73861375277815    0.947732106761229    41               0.705649457385301
H1141TS390_2  1381.87233695835   441.276026        3.13153730440444    0.972146887004249    36               0.786954552088349
H1141TS390_4  1341.22717621488   495.07730352      2.70912677005944    0.945243403399247    38               0.731640591653091
H1141TS423_2  1158.10172971371   806.794649575     1.43543556011901    0.673866658278176    53               0.542492101688898
H1141TS423_3  946.521888968535   501.07036031      1.88899995677841    0.814824178016963    38               0.697096456075707
H1141TS390_3  868.47101752198    892.274853769     0.973322305177075   0.488886124721414    58               0.50199170238889
H1141TS399_3  603.321335244521   572.3654635       1.05408410136284    0.522519796051203    39               0.519134469909432
H1141TS399_5  106.365982528769   1060.13938093332  0.100332073727067   0.182508084345747    59               0.333003876607243
H1141TS390_5  35.013329079405    495.7917686       0.0706210374937737  0.175235813623374    38               0.285397391808393
H1141TS397_2  -698.612103612051  497.046323029     -1.40552715359548   0.0178242228909546   32               0.0267893787665183
H1141TS398_2  -809.628509459481  1191.45531244     -0.679529060810036  0.0573666050822678   74               0.152872038707329
H1141TS399_1  -960.035708481245  507.630192444     -1.89121081206601   0.00801268279210465  37               0.0131354003519007
H1141TS398_5  -1038.95824244106  915.190596        -1.13523701727487   0.0276866343693025   55               0.105649763327915
H1141TS423_4  -1425.26010108806  575.48207838      -2.47663681395641   0.00303533149196922  38               0.00370140445037477
H1141TS398_1  -1477.42271796967  1018.31977064     -1.45084359605542   0.0165490457450283   52               0.0389123696314314
H1141TS399_2  -1655.17965147555  656.0846316       -2.52281424035044   0.00281112042795456  43               0.00444586664612362
H1141TS397_4  -1721.49257645006  1031.81665647     -1.66840936871434   0.0115740415033948   67               0.0264905549510017
H1141TS397_3  -1751.12303260896  735.8415926       -2.37975543951191   0.00356533436732043  40               0.00511239210886358
H1141TS398_4  -1936.6664608029   1105.2639222      -1.7522208242788    0.0100803608451433   63               0.0161688845265449
H1141TS423_5  -2009.72820845324  1326.31870194     -1.51526794089054   0.0148892699556735   86               0.045431083665881
H1141TS397_5  -2154.59185852657  1141.358653689    -1.88774304340068   0.00805875281193064  69               0.018991644910815
H1141TS398_3  -2361.97781313438  1000.2566205      -2.36137183671296   0.00367585682471649  54               0.00906000543035392
H1141TS397_1  -2365.51010988748  801.654903688318  -2.95078355911509   0.00137951990191365  47               0.00179855769930198
H1141TS444_1  1928.76792337051   1142.23319016     1.68859383529236    0.759082587094106   67               0.616800501365382
H1141TS444_3  1621.3403999439    493.2889898       3.28679624615434    0.978359848207618   37               0.811364644488985
H1141TS444_2  1351.23618161682   1244.8930483      1.0854235096437     0.535533128107359   73               0.52488160365929
H1141TS439_2  1237.1171437603    608.628670793318  2.03263040853428    0.84826412117941    39               0.669285883721229
H1141TS434_4  1184.31444321354   458.32334462      2.58401510007192    0.933393529062326   31               0.762737095247874
H1141TS434_5  1173.18624976857   518.4054755       2.26306685637731    0.891398990723494   40               0.715701163256947
H1141TS439_5  1157.10843578951   485.620789636     2.38274073203667    0.909254643476006   32               0.745888752567432
H1141TS434_1  1062.33267813386   500.71652553      2.12162495937078    0.866385935356339   35               0.71832806393504
H1141TS439_3  921.94437650979    543.331996        1.69683431731819    0.761585289361161   39               0.643528886934983
H1141TS439_4  900.318514179105   515.295579        1.74718850863478    0.776487669627976   39               0.666096379589475
H1141TS439_1  894.200406538667   398.82201887      2.24210390658029    0.887970190161142   31               0.710255364117133
H1141TS434_3  823.086934463511   457.2634985       1.80002763650183    0.791399076801876   31               0.65862445303258
H1141TS434_2  641.244867582152   463.75181674      1.38273284208321    0.654275900072495   33               0.589552279891948
H1141TS444_4  285.885407405082   689.13660944      0.414845770038825   0.27383390167192    42               0.339159233287336
H1141TS441_3  -293.357037424212  322.3094716       -0.910171941171747  0.0397868092528604  28               0.0725581556879633
H1141TS433_3  -293.357037424212  322.3094716       -0.910171941171747  0.0397868092528604  28               0.0725581556879633
H1141TS441_4  -307.475082330445  301.0545914       -1.02132666670383   0.0332823970719892  27               0.041656481900804
H1141TS433_4  -307.475082330445  301.0545914       -1.02132666670383   0.0332823970719892  27               0.041656481900804
H1141TS441_2  -382.573695217295  414.8583863       -0.922179008189655  0.0390292847352684  37               0.0915443351886934
H1141TS433_2  -382.573695217295  414.8583863       -0.922179008189655  0.0390292847352684  37               0.0915443351886934
H1141TS441_5  -506.922047619268  379.8195977       -1.3346389988535    0.0200148092487209  35               0.0476355505393044
H1141TS433_5  -506.922047619268  379.8195977       -1.3346389988535    0.0200148092487209  35               0.0476355505393044
H1141TS441_1  -654.880213095334  408.9554039       -1.60134872127883   0.0129250178848975  37               0.0222938448133559
H1141TS433_1  -654.880213095334  408.9554039       -1.60134872127883   0.0129250178848975  37               0.0222938448133559
H1141TS477_1  2557.25666985898   880.819378713318  2.90327021823085     0.95977140327163     54               0.69976402949618
H1141TS447_1  2337.12003665559   1317.72707062     1.77359947197257     0.784034178538862    74               0.737831940087409
H1141TS447_4  2002.77346059032   956.78890178      2.09322396702593     0.860810724268094    53               0.689076095657797
H1141TS444_5  1699.10524864089   811.1663455       2.09464465342626     0.86109418267432     51               0.677036196761708
H1141TS461_2  1239.29077152319   614.785568        2.01580979780448     0.844620424830736    42               0.674552172029718
H1141TS446_2  1239.29077152319   614.785568        2.01580979780448     0.844620424830736    42               0.674552172029718
H1141TS461_1  1183.7158674527    590.3617901       2.00506856524741     0.842256496262223    40               0.675088077843922
H1141TS446_1  1183.7158674527    590.3617901       2.00506856524741     0.842256496262223    40               0.675088077843922
H1141TS462_2  1101.51010642338   512.1170946       2.1508950160778      0.871932926134033    38               0.741458062869914
H1141TS462_1  559.183976469657   860.5099713       0.649828584350836    0.358100281637119    55               0.441326154552703
H1141TS447_2  216.928390331955   957.2788053       0.226609415283118    0.216024776870308    63               0.352810531060604
H1141TS447_5  116.429367111336   839.73997238      0.138649309239562    0.192230047851719    56               0.319508654086296
H1141TS461_5  -31.6087794576312  651.7707057       -0.0484967783626965  0.148363477052829    42               0.208410808757637
H1141TS446_5  -31.6087794576312  651.7707057       -0.0484967783626965  0.148363477052829    42               0.208410808757637
H1141TS493_1  -56.0476967223271  864.12119791      -0.0648609209655849  0.144950358158508    54               0.274120261113104
H1141TS462_5  -160.210412504249  551.0345547       -0.290744765709788   0.104215287507798    37               0.359913975158471
H1141TS493_2  -428.39117123275   722.98576244      -0.592530577347713   0.06572953356482     56               0.219231616359809
H1141TS447_3  -664.294001126083  796.02015209      -0.834519075153987   0.044893416068078    50               0.116947572669462
H1141TS462_3  -872.208044786876  599.933144        -1.45384207142067    0.0164679074282136   45               0.0315548027849063
H1141TS462_4  -1174.12163237463  565.32483313      -2.07689732268428    0.00589251633971155  39               0.0108252976306908
H1141TS461_4  -1546.90357620317  851.07617684      -1.81758533289786    0.00904931635548734  53               0.0145075893663353
H1141TS446_4  -1546.90357620317  851.07617684      -1.81758533289786    0.00904931635548734  53               0.0145075893663353
H1141TS461_3  -1908.54489176756  718.640238        -2.65577237517218    0.00225363651538985  42               0.00416716635097617
H1141TS446_3  -1908.54489176756  718.640238        -2.65577237517218    0.00225363651538985  42               0.00416716635097617
H1141TS494_1  3391.92017942614   896.5038235     3.78349772807873    0.990426747345294   53               0.911896491796275
H1142TS037_1  2322.50917103799   700.175346      3.31703934493858    0.979401678104316   46               0.827293655893051
H1141TS494_2  1797.56494333768   601.563995173   2.98815247880772    0.964892010549893   39               0.700859290825151
H1141TS493_3  1672.97053377981   915.0577059     1.82826779447135    0.799062672293057   60               0.713706753634394
H1142TS003_5  1577.09896347121   758.82110319    2.07835411645941    0.857814686396361   44               0.80262877414678
H1142TS003_3  1432.66231509271   621.6255059     2.30470323610431    0.897936610800684   42               0.794940734142733
H1141TS494_5  1378.82406002888   538.6281486     2.55988117890369    0.930848833363      38               0.702884175148567
H1142TS011_2  1353.44265881002   688.597461      1.96550631604786    0.833297119211162   42               0.657218832124621
H1142TS035_2  1323.52451367882   515.5670864     2.5671237528378     0.931621802767057   34               0.860004329595064
H1141TS494_3  1157.12159182353   779.90978339    1.48366082394032    0.691278108938484   45               0.647360386909599
H1142TS003_2  532.57626926469    622.26197022    0.85587147335454    0.440233562455997   44               0.481041390403778
H1142TS011_3  523.690673854213   685.795541      0.763625078533739   0.402764808291244   44               0.498476702610719
H1142TS035_4  362.65995067437    587.6299886     0.617156982642071   0.345682565219109   38               0.412907813021978
H1141TS494_4  21.3904609182115   1178.426983715  0.0181517066511647  0.162953625244882   67               0.337219555473897
H1142TS003_4  -311.588817243605  784.1099915     -0.397378965478474  0.0887523382813247  47               0.221659542101261
H1141TS493_5  -325.921414337203  908.8473234     -0.35860964316639   0.0941188811887403  57               0.159473294363791
H1142TS003_1  -357.574061419163  776.1206165     -0.460719704923807  0.0805770154722428  49               0.114877964495231
H1142TS011_4  -405.687956123652  784.53772452    -0.517104459663635  0.0738837104450535  46               0.107794063848922
H1142TS011_5  -522.811131429906  671.5150651     -0.778554582914757  0.0490669654083334  40               0.201807001380764
H1142TS035_5  -600.680244614483  655.9309034     -0.915767562560131  0.039432044284417   41               0.122247644416669
H1142TS035_3  -625.502597365832  561.256539      -1.11446825809869   0.0286338537492303  36               0.104905013850753
H1142TS035_1  -648.616839770553  550.330214      -1.17859572901907   0.0258062654230861  34               0.0480244723415118
H1141TS493_4  -742.822959779278  653.0968756     -1.13738556641669   0.0275903986956173  47               0.0493161197302815
H1142TS011_1  -892.466779345406  613.51088       -1.45468777887917   0.0164450935089219  38               0.0249080067154476
H1142TS052_1  5021.96192353089   5589.970782696    0.898387866190033   0.457762512492603    218              0.499529853732055
H1142TS073_2  2108.96179777851   762.05961248      2.76744989924769    0.950062228796699    45               0.722218949347161
H1142TS073_3  2091.41612374702   660.53268017      3.16625685077196    0.973671656618679    37               0.787264212483912
H1142TS037_4  2013.67796438395   624.452421        3.22470999657466    0.976057117164015    35               0.933497446130951
H1142TS037_3  1736.62716115911   503.4581557       3.44939721702299    0.983411675044424    34               0.898197749100514
H1142TS086_1  1577.09896347121   758.82110319      2.07835411645941    0.857814686396361    44               0.80262877414678
H1142TS073_5  810.302533593118   763.41847401      1.06141331547408    0.52556656434073     50               0.499027987489068
H1142TS054_5  541.092509885592   466.680785        1.15944887228556    0.566048778455156    34               0.572595406090313
H1142TS073_1  536.286451809842   494.578721        1.08432981250288    0.535079693230734    35               0.546880436578891
H1142TS073_4  430.155402762667   503.45721619      0.854403093112744   0.439630567677354    30               0.518665011902551
H1142TS086_2  392.912130504791   667.81446852      0.588355222934233   0.334906859830474    41               0.403535753557857
H1142TS037_2  334.650581542578   973.478729546     0.343767738714382   0.25091834374286     60               0.377397272457043
H1142TS037_5  293.099599553877   685.307960559     0.427690347146703   0.278111331556827    50               0.406416317357947
H1142TS067_1  -190.933374744998  188.2185462       -1.01442380997946   0.0336545532504312   19               0.0562135492164374
H1142TS067_2  -375.615269116748  238.59683         -1.57426764268724   0.0135136917488252   21               0.0206510149175734
H1142TS054_1  -476.322233225717  573.7294904       -0.830220933725453  0.045201578912895    36               0.151886716263733
H1142TS054_4  -727.068533971939  586.154863933318  -1.24040348158682   0.0233391829840281   35               0.0907633575272845
H1142TS054_2  -792.759714930101  506.6656999       -1.56466031761488   0.0137288228654981   30               0.0189185201976152
H1142TS054_3  -1274.41814061635  602.525652        -2.11512677740125   0.00553079282008428  37               0.0202065436498382
H1142TS071_2  -1539.02695322951  786.11556         -1.95776172300864   0.00717748497925685  53               0.0142703767506573
H1142TS071_3  -1941.09567618938  718.8885505       -2.70013435996346   0.00209335727246102  48               0.0038390756908662
H1142TS071_5  -2054.01113617177  790.28765042      -2.59906773828512   0.00247645850772354  50               0.00518213968682879
H1142TS071_4  -2074.15312336118  812.5714669       -2.55257932114473   0.0026754316364217   46               0.00685826440523483
H1142TS071_1  -2133.97709718697  781.669820996     -2.73002364920251   0.00199183311397205  51               0.00268622216203154
H1142TS098_5  1683.90500944726   741.350556132     2.27140182943012    0.892736500815581    44               0.691577975900727
H1142TS098_1  1612.00254856165   727.09336146      2.21705029093479    0.88374855951263     48               0.716775902359111
H1142TS097_4  1279.71351491372   1461.06597262332  0.875876612618672   0.448465580543979    79               0.457612868061677
H1142TS119_4  990.998231205267   376.789544        2.63011075276884    0.938013705410743    21               0.919670758119235
H1142TS098_4  853.877308006786   657.9012597       1.29788064001603    0.621628877072021    37               0.613956140568511
H1142TS125_5  541.092509885592   466.680785        1.15944887228556    0.566048778455156    34               0.572595406090313
H1142TS097_2  471.347371316981   1275.80570880332  0.369450746351571   0.259049353272828    76               0.42944804673609
H1142TS086_3  429.554493156165   762.38254844      0.56343694387434    0.32572049301122     45               0.377215093472168
H1142TS092_1  424.747318098045   667.5998681       0.636230380492559   0.352907630101287    38               0.385063488566316
H1142TS097_5  351.973999136503   1064.90566743332  0.330521293951648   0.246791572103725    62               0.401729992417422
H1142TS086_4  315.535475580978   741.566987        0.425498277448235   0.277378440178572    45               0.329119186832728
H1142TS119_2  198.73118351369    578.880104111     0.343302839573121   0.250772735742767    35               0.313138595197323
H1142TS097_1  -283.860882706157  1214.07434444     -0.23380848463369   0.113412573856276    64               0.152186657137999
H1142TS119_3  -422.677420397641  791.6018018       -0.533952069634666  0.071985223773932    52               0.14068555474396
H1142TS125_1  -476.322233225717  573.7294904       -0.830220933725453  0.045201578912895    36               0.151886716263733
H1142TS119_1  -593.76782397825   770.82650146      -0.77030022041745   0.0497128681277863   47               0.101011603307618
H1142TS086_5  -617.372251832537  598.53605045      -1.03147045423308   0.0327427131072557   39               0.0502876654775192
H1142TS125_4  -727.068533971939  586.154863933318  -1.24040348158682   0.0233391829840281   35               0.0907633575272845
H1142TS119_5  -757.245322707863  722.587198        -1.0479639340467    0.0318832090268724   46               0.0611418535911289
H1142TS125_2  -792.759714930101  506.6656999       -1.56466031761488   0.0137288228654981   30               0.0189185201976152
H1142TS097_3  -1179.32065732535  711.2332036       -1.65813498491924   0.0117715885925875   52               0.112729786119437
H1142TS125_3  -1274.41814061635  602.525652        -2.11512677740125   0.00553079282008428  37               0.0202065436498382
H1142TS098_2  -3452.25269692173  1134.7780749117   -3.04222717485122   0.00118474142470654  60               0.00152239345451583
H1142TS098_3  -9523.51718110199  4502.00349043932  -2.1153953348385    0.00552833149743337  153              0.00783435182265744
H1142TS158_1  1577.09896347121   758.82110319      2.07835411645941    0.857814686396361    44               0.80262877414678
H1142TS150_2  1461.73742143634   623.2078183       2.34550558981063    0.904002442718502    39               0.77510326918659
H1142TS147_2  1428.59458564386   722.26955         1.97792442675156    0.836152383417138    45               0.746810255580935
H1142TS158_4  926.847736382604   710.39648543      1.30469076831312    0.624294811211283    42               0.636694122709328
H1142TS150_1  832.946123029171   712.000987378     1.16986652798974    0.570308732028944    44               0.508108445671696
H1142TS158_3  429.554493156165   762.38254844      0.56343694387434    0.32572049301122     45               0.377215093472168
H1142TS147_4  407.534524780136   678.625734        0.600529134635109   0.33944134164855     40               0.387814042359718
H1142TS147_3  387.95085187131    704.8961097       0.55036599937602    0.320954231069195    43               0.393602782870155
H1142TS147_5  359.77219814316    573.7459696092    0.627058344981864   0.349424594410136    34               0.384188712752813
H1142TS147_1  314.192488789763   752.843563511     0.417341004184825   0.274661636607064    46               0.364359358241493
H1142TS158_2  -311.588817243605  784.1099915       -0.397378965478474  0.0887523382813247   47               0.221659542101261
H1142TS133_4  -384.05399193207   616.1407763       -0.623321823039145  0.0626474567850374   41               0.250943915879601
H1142TS131_2  -449.669106800076  791.5640207       -0.568076738003354  0.0682770871512887   52               0.12237978795836
H1142TS131_1  -593.607824789174  770.82650146      -0.77009265206222   0.0497292137409028   47               0.10104681727295
H1142TS131_3  -769.12548349011   722.569208        -1.06443157966691   0.0310468382227123   46               0.0639675518843843
H1142TS150_3  -778.100970490867  773.01895576      -1.00657424335199   0.0340826305372682   43               0.0746239939600919
H1142TS133_5  -1309.6556143059   691.686825433318  -1.89342281239121   0.00798343247976813  42               0.0183684401681091
H1142TS133_1  -1309.6556143059   691.686825433318  -1.89342281239121   0.00798343247976813  42               0.0183684401681091
H1142TS150_4  -1335.58122876344  706.120503        -1.8914352763999    0.00800970975567333  44               0.00958190494274458
H1142TS131_5  -1415.66099118409  721.6612533       -1.96166966802025   0.00713122048959147  46               0.0124189619374397
H1142TS150_5  -1484.33354079037  701.777376        -2.11510600306153   0.00553098326182605  38               0.0116301075624084
H1142TS133_2  -1502.83634537192  746.194824        -2.01399995957613   0.0065395021235517   48               0.00933197357238054
H1142TS133_3  -1523.52490183366  632.0225394       -2.41055469838148   0.00338754055160745  41               0.00828220022826641
H1142TS131_4  -1705.19974979529  748.410467        -2.27842851614646   0.00421850300129289  48               0.00625175263932375
H1142TS180_1  2147.97103995241   818.7681564     2.6234179030566     0.937361946028298    46               0.804782006711972
H1142TS180_3  1508.11771850831   793.0333946     1.90170770711237    0.817998589990364    44               0.66391367123539
H1142TS185_1  1478.68895991891   795.69602693    1.85835910934992    0.806994554297558    49               0.68834636841382
H1142TS185_5  1384.16303200815   977.807421      1.41557836674278    0.666551863602602    59               0.616565513955397
H1142TS180_2  739.036302404368   828.1933314194  0.892347564713869   0.455264763262331    49               0.481816798491563
H1142TS180_4  234.399975197886   781.9755358896  0.299753591307976   0.237383673621964    45               0.379263425682196
H1142TS180_5  -178.121354348079  810.18713771    -0.219852113243294  0.115772547963919    48               0.207947999870855
H1142TS187_1  -248.345380874285  861.5707941     -0.288247213780856  0.104604524233714    48               0.252936393300054
H1142TS169_3  -337.092883633316  532.3754557     -0.633186372557476  0.0616889149086622   35               0.224740028035553
H1142TS185_4  -349.367655325264  395.814347      -0.882655360962103  0.0415763289872929   29               0.222927598462213
H1142TS185_2  -547.205999810069  461.0015122     -1.18699393674151   0.0254567021530907   32               0.056525980376922
H1142TS158_5  -564.82598680014   738.565087006   -0.764761287444327  0.0501507979193186   45               0.110274404697471
H1142TS187_2  -833.038973555209  514.3680145     -1.61953883225997   0.0125438937409137   31               0.0292081321671472
H1142TS185_3  -883.786729943156  425.942612      -2.0748962537309    0.00591208498700135  31               0.0074073164915954
H1142TS169_4  -1129.46689395193  557.39640274    -2.0263261269714    0.00640737970907218  40               0.00844156339786155
H1142TS169_1  -1153.49566973761  610.3414059     -1.88991875462993   0.00802981742612291  43               0.0105242627030747
H1142TS169_2  -1190.41997737724  521.39851576    -2.28312881873486   0.00418572282446328  32               0.00678823810873823
H1142TS165_2  -1445.23884170856  1378.4178596    -1.04847657888585   0.031856846840566    81               0.0791069151469553
H1142TS169_5  -1557.83742493734  608.9856079     -2.55808578187803   0.00265105515847369  40               0.00736945690892736
H1142TS165_3  -1635.37336152174  1024.5423962    -1.5961988177232    0.013034980713801    60               0.0225759770694775
H1142TS187_3  -1853.96845786331  728.27506953    -2.54569809599523   0.00270620849363951  40               0.00852986529045114
H1142TS165_5  -1961.25578299071  876.7560011     -2.23694594679714   0.00451911424589174  51               0.0109767507553269
H1142TS165_4  -2395.08019697047  1199.656701     -1.99647131964836   0.006732062684219    67               0.0100042888496205
H1142TS165_1  -2552.2786420195   1154.9700629    -2.20982233566385   0.00472710551154226  62               0.0252283723933624
H1142TS205_2  2824.92373646299   809.32749239      3.49045814336641    0.984491905646435    48               0.886043982962358
H1142TS205_1  2174.01902185101   903.74213809      2.40557447774391    0.912346165688193    48               0.8211169238813
H1142TS205_3  1981.1734628114    769.0316166       2.57619247381591    0.932578379544169    45               0.74633802526956
H1142TS205_5  1619.68633957439   642.425732        2.52120402234198    0.926582450850536    44               0.697228534016969
H1142TS227_2  1353.44265881002   688.597461        1.96550631604786    0.833297119211162    42               0.657218832124621
H1142TS225_5  769.418679681344   799.2116874003    0.962722006961801   0.484472497434702    54               0.538480535142608
H1142TS225_2  -227.252848559458  877.08224775      -0.25910095563151   0.109242543776081    52               0.207113001390745
H1142TS215_3  -248.777838039307  170.96957         -1.45510009786717   0.0164339820078364   16               0.0195626793283037
H1142TS225_4  -339.816844041631  1074.07226428     -0.316381732722077  0.100293333716128    57               0.23024723721944
H1142TS215_2  -388.011080446448  280.6493451       -1.38254760690139   0.0185072391313278   27               0.0285173238757014
H1142TS215_5  -459.709049428552  284.116305        -1.61803121235352   0.012575055560838    20               0.0151903533375741
H1142TS215_4  -550.280881007794  356.2394267       -1.54469393268815   0.01418677727386     26               0.0181373525494368
H1142TS225_1  -841.80712256971   1010.170135       -0.83333202339199   0.0449783231603659   58               0.072730429526591
H1142TS187_5  -857.059582759159  491.8603161       -1.74248573162977   0.0102435612622541   34               0.012634348519824
H1142TS215_1  -876.591901987139  424.191838        -2.06649874764243   0.00599491182011275  34               0.0088068862986433
H1142TS227_1  -892.466779345406  613.51088         -1.45468777887917   0.0164450935089219   38               0.0249080067154476
H1142TS187_4  -926.006036527252  639.831955        -1.44726444075031   0.016646411882044    39               0.0632908971561766
H1142TS205_4  -1123.0412689717   883.9590488       -1.27046752957194   0.0222238972092406   51               0.0647746803375555
H1142TS188_5  -1550.36067233789  549.278718402     -2.82253912339496   0.00170770024599637  35               0.00242822534230583
H1142TS188_3  -1550.36067233789  549.278718402     -2.82253912339496   0.00170770024599637  35               0.00242822534230583
H1142TS188_1  -1550.36067233789  549.278718402     -2.82253912339496   0.00170770024599637  35               0.00242822534230583
H1142TS188_4  -1550.36067233789  549.278718402     -2.82253912339496   0.00170770024599637  35               0.00242822534230583
H1142TS188_2  -1550.36067233789  549.278718402     -2.82253912339496   0.00170770024599637  35               0.00242822534230583
H1142TS225_3  -1814.1386923497   1376.17432680332  -1.31824773723524   0.0205577308609231   70               0.0407240470387524
H1142TS257_5  2026.06994761974   824.589267111     2.45706563064809    0.918970647580615    49               0.750574495955269
H1142TS257_4  1425.66011011985   827.22933486      1.72341580507554    0.769535989478744    52               0.618251141039551
H1142TS248_2  1323.52451367882   515.5670864       2.5671237528378     0.931621802767057    34               0.860004329595064
H1142TS257_2  1283.55161656468   747.3679325       1.71742934202582    0.76776173052172     46               0.609594892395523
H1142TS257_3  1039.65714174257   819.113721741     1.26924639906265    0.610340566859708    49               0.585571064576618
H1142TS227_3  523.690673854213   685.795541        0.763625078533739   0.402764808291244    44               0.498476702610719
H1142TS248_4  362.65995067437    587.6299886       0.617156982642071   0.345682565219109    38               0.412907813021978
H1142TS245_1  325.796174869214   577.620697833318  0.564031337677633   0.325938105100797    41               0.39529500378339
H1142TS239_3  182.196375621153   499.230306        0.364954557909296   0.257613600826168    33               0.406945498484184
H1142TS257_1  -237.038602610401  775.3676215       -0.305711247204048  0.101909524362659    51               0.173752026116901
H1142TS239_4  -273.12844118444   432.8594794       -0.630986392080478  0.0619014935343037   34               0.128611315927582
H1142TS239_1  -332.923012721598  531.6323422       -0.626227914095476  0.0623636357823555   36               0.126903938462104
H1142TS239_2  -352.855916165909  794.67903208      -0.444023186622077  0.0826628100281964   52               0.198728878993478
H1142TS239_5  -384.463188403206  524.906163        -0.732441749599358  0.0527798066073729   34               0.203720733548163
H1142TS227_4  -405.687956123652  784.53772452      -0.517104459663635  0.0738837104450535   46               0.107794063848922
H1142TS227_5  -522.811131429906  671.5150651       -0.778554582914757  0.0490669654083334   40               0.201807001380764
H1142TS248_5  -600.680244614483  655.9309034       -0.915767562560131  0.039432044284417    41               0.122247644416669
H1142TS248_3  -625.502597365832  561.256539        -1.11446825809869   0.0286338537492303   36               0.104905013850753
H1142TS248_1  -648.616839770553  550.330214        -1.17859572901907   0.0258062654230861   34               0.0480244723415118
H1142TS234_5  -972.337609650631  420.241825        -2.31375734590585   0.00397824271209668  30               0.00554591429934758
H1142TS234_3  -1093.32808360509  402.883026        -2.71376060307164   0.00204644824840949  27               0.00339818980950028
H1142TS234_2  -1163.80896728754  451.93035528      -2.57519538948979   0.00257671737530263  31               0.00399134766487865
H1142TS234_4  -1356.74976244759  479.36108496      -2.83032938011813   0.00168570832779713  35               0.00223659389029483
H1142TS234_1  -1417.60024023531  547.458063        -2.58942252574936   0.00251648916561592  37               0.00344091876938155
H1142TS315_1  5021.96192353089   5589.970782696    0.898387866190033   0.457762512492603    218              0.499529853732055
H1142TS278_3  1573.522366323     952.3856663       1.65219030693322    0.747813334552454    57               0.641753409050263
H1142TS320_3  1456.26783589817   623.2222999       2.33667478864579    0.902717567875747    39               0.777941118911802
H1142TS278_2  1415.75779733272   818.98844477      1.72866638885279    0.771084315678523    52               0.58022500476385
H1142TS348_2  1387.61109424618   757.3535683       1.83218400536607    0.800108614856697    45               0.676029908548712
H1142TS320_2  1374.3369073801    767.3969183       1.79090751422959    0.788878611741858    45               0.670178018135421
H1142TS278_4  1354.7407330881    917.71722622      1.47620715224902    0.68862064828945     59               0.603142217530167
H1142TS278_1  1298.53359938915   927.9011821       1.39943091402292    0.66054372831427     55               0.49485988156927
H1142TS298_1  1223.74650022412   795.3544286       1.53861782397841    0.710475876681046    44               0.649616261755757
H1142TS320_1  833.616174881765   712.000987378     1.17080761074731    0.570693053931945    44               0.508270273494122
H1142TS278_5  693.532823742878   882.9247808       0.78549479958472    0.411562780819694    48               0.472015577972216
H1142TS320_5  445.051009545718   720.94624543      0.61731510825786    0.34574217734478     44               0.412344197865116
H1142TS298_2  369.26083355759    780.49990676      0.473108107200756   0.293560636765527    45               0.321363676868055
H1142TS348_3  -230.836476805392  950.25790814      -0.242919816639277  0.111894604484698    55               0.261156505328363
H1142TS298_5  -233.886691813     766.600505        -0.305095927132216  0.102003423585546    43               0.218803918176583
H1142TS288_1  -710.140209964066  687.062863859     -1.03358840554334   0.0326311025651403   46               0.0443477824349559
H1142TS348_1  -758.903719722009  767.79992974      -0.988413374795433  0.0350932624927299   43               0.0792020536240275
H1142TS320_4  -767.266992251556  773.01232974      -0.992567599160577  0.0348595669890064   43               0.078748117850558
H1142TS298_4  -800.192329892997  645.6389645       -1.23938048025445   0.0233780792001941   43               0.0331694432618364
H1142TS288_2  -1345.23196604684  756.3171518       -1.77866119106945   0.00964998581317578  45               0.0211714845588516
H1142TS298_3  -1640.26824042459  773.440982        -2.12074130877201   0.00547956180237369  42               0.00742059818956287
H1142TS288_3  -1677.63857368923  809.56328031      -2.07227602151968   0.00593780619699558  46               0.0148721165299733
H1142TS288_4  -2444.46095318474  872.776216702318  -2.80078776942485   0.00177063244220055  51               0.00304866275832416
H1142TS288_5  -2683.41809987818  948.8087297       -2.8281971021985    0.00169169949719677  58               0.00293518699326726
H1142TS374_2  1900.33190393539   582.528451347     3.26221302932275    0.977475179140878    37               0.921889768967553
H1142TS390_3  1456.26783589817   623.2222999       2.33667478864579    0.902717567875747    39               0.777941118911802
H1142TS374_1  1395.50140030622   804.06756739      1.73555240492538    0.773103799555297    53               0.662773888394413
H1142TS390_2  1374.3369073801    767.3969183       1.79090751422959    0.788878611741858    45               0.670178018135421
H1142TS367_5  1335.7186976894    745.0189377       1.79286542945202    0.789421581273455    45               0.750011270412808
H1142TS367_3  926.847736382604   710.39648543      1.30469076831312    0.624294811211283    42               0.636694122709328
H1142TS390_1  833.616174881765   712.000987378     1.17080761074731    0.570693053931945    44               0.508270273494122
H1142TS374_3  809.609228419372   1044.887359473    0.774829191950132   0.407264676414554    69               0.447836670476885
H1142TS367_4  762.021967366075   661.876099        1.15130606546661    0.562712206878878    40               0.577887573291245
H1142TS390_5  445.051009545718   720.94624543      0.61731510825786    0.34574217734478     44               0.412344197865116
H1142TS385_1  325.796174869214   577.620697833318  0.564031337677633   0.325938105100797    41               0.39529500378339
H1142TS367_2  212.720800763391   731.364629817     0.290854646356931   0.234709140457424    43               0.306878858938784
H1142TS374_4  -190.788689774744  1103.09355965332  -0.17295784940917   0.124016813400994    68               0.196308904945515
H1142TS360_1  -233.886691813     766.600505        -0.305095927132216  0.102003423585546    43               0.218803918176583
H1142TS367_1  -311.588375256895  784.1099915       -0.397378401798997  0.0887524142609891   47               0.221659702272485
H1142TS374_5  -457.886754881037  829.44763859      -0.552038168026388  0.0699973351168219   49               0.153393893307634
H1142TS390_4  -767.266992251556  773.01232974      -0.992567599160577  0.0348595669890064   43               0.078748117850558
H1142TS348_4  -850.063204992818  823.203626733318  -1.03262810972552   0.032681662038946    50               0.0861573660648165
H1142TS360_4  -901.921402127976  625.2869205       -1.44241207125646   0.0167793138987873   36               0.0345376271268964
H1142TS348_5  -905.634763645751  689.9764836       -1.31255888450073   0.0207495106804314   42               0.038270957120898
H1142TS360_5  -1046.96426579669  609.3107695       -1.71827631843078   0.010660834299131    40               0.0155746493715372
H1142TS360_3  -1372.66071442797  888.683133333318  -1.54460084021099   0.0141889473474512   48               0.0199638581077175
H1142TS360_2  -1501.31157628754  701.782481        -2.13928334909166   0.00531370055401165  38               0.0102573919733936
H1142TS398_1  -2811.24282201245  1250.541636819    -2.24802016921516   0.0044368364970172   63               0.0149844681170965
H1142TS434_2  1353.44265881002   688.597461        1.96550631604786    0.833297119211162    42               0.657218832124621
H1142TS433_1  667.000361532294   807.356284        0.826153675583819   0.42806657210326     52               0.463495381389517
H1142TS399_5  541.092509885592   466.680785        1.15944887228556    0.566048778455156    34               0.572595406090313
H1142TS434_3  523.690673854213   685.795541        0.763625078533739   0.402764808291244    44               0.498476702610719
H1142TS433_5  515.646264218812   776.29437373      0.66424063044692    0.363640260199427    51               0.423356951305891
H1142TS433_4  485.408690294647   760.38358369      0.638373448226025   0.353723723270063    49               0.426275420759045
H1142TS423_1  -248.345380874285  861.5707941       -0.288247213780856  0.104604524233714    48               0.252936393300054
H1142TS434_4  -405.687956123652  784.53772452      -0.517104459663635  0.0738837104450535   46               0.107794063848922
H1142TS399_1  -476.322233225717  573.7294904       -0.830220933725453  0.045201578912895    36               0.151886716263733
H1142TS433_3  -519.56555829641   716.674924265     -0.724966844388005  0.0534061233072199   50               0.145220430077887
H1142TS434_5  -522.811131429906  671.5150651       -0.778554582914757  0.0490669654083334   40               0.201807001380764
H1142TS433_2  -622.160502841403  760.147173        -0.818473744217165  0.0460541261469136   49               0.111658474682635
H1142TS399_4  -727.068533971939  586.154863933318  -1.24040348158682   0.0233391829840281   35               0.0907633575272845
H1142TS399_2  -792.759714930101  506.6656999       -1.56466031761488   0.0137288228654981   30               0.0189185201976152
H1142TS423_2  -833.038973555209  514.3680145       -1.61953883225997   0.0125438937409137   31               0.0292081321671472
H1142TS423_5  -857.059582759159  491.8603161       -1.74248573162977   0.0102435612622541   34               0.012634348519824
H1142TS434_1  -892.466779345406  613.51088         -1.45468777887917   0.0164450935089219   38               0.0249080067154476
H1142TS423_4  -926.006036527252  639.831955        -1.44726444075031   0.016646411882044    39               0.0632908971561766
H1142TS399_3  -1274.41814061635  602.525652        -2.11512677740125   0.00553079282008428  37               0.0202065436498382
H1142TS398_5  -1364.28712641761  1081.18086223332  -1.2618491263335    0.0225381784220659   63               0.0523238591266206
H1142TS398_2  -1633.68044516819  1257.1904215      -1.29946937013646   0.0211974519740606   69               0.042288607711444
H1142TS423_3  -1853.96845786331  728.27506953      -2.54569809599523   0.00270620849363951  40               0.00852986529045114
H1142TS398_4  -2101.43163510731  1042.859886487    -2.01506612953178   0.00652796786406007  59               0.0160313649244582
H1142TS398_3  -2141.38586521234  1174.92717744     -1.82256901221582   0.00897513465989136  62               0.015374460395174
H1142TS447_3  3032.16029956277   1113.357485474    2.72343819404229    0.946464931295642    65               0.821891000560598
H1142TS447_2  2664.74518769152   1148.57900619     2.32003647405228    0.90025496971732     63               0.767797924156146
H1142TS447_4  1995.73023776225   1340.827238       1.4884320523941     0.69297259040595     73               0.645038986534478
H1142TS444_5  1601.48835787955   797.51359955      2.00810162833987    0.842926958590696    47               0.752138424019615
H1142TS444_2  1421.59877746271   767.4786604       1.85229746547192    0.805416126645431    42               0.676248893635835
H1142TS446_1  1315.71547398217   872.9579828       1.50719221303416    0.699584559708947    48               0.640411437136403
H1142TS441_1  667.000361532294   807.356284        0.826153675583819   0.42806657210326     52               0.463495381389517
H1142TS444_1  560.211723169244   1154.61053219     0.485195403602171   0.297755770443158    66               0.453301751677335
H1142TS441_5  515.646264218812   776.29437373      0.66424063044692    0.363640260199427    51               0.423356951305891
H1142TS441_4  485.408690294647   760.38358369      0.638373448226025   0.353723723270063    49               0.426275420759045
H1142TS444_4  158.961811107166   936.4909243       0.169741966507561   0.200405263010991    58               0.339480838833009
H1142TS439_3  -131.910907771287  642.7345598452    -0.205233880379883  0.118290086903893    44               0.180191220138663
H1142TS444_3  -215.019664307906  1205.881583797    -0.178309103644213  0.123051154119833    65               0.235205699513507
H1142TS447_1  -396.908014038539  1125.20441133     -0.352743030548015  0.0949558467966634   62               0.273413965393247
H1142TS439_5  -411.709964015047  570.2039183       -0.722039871705046  0.0536532777903946   36               0.0936200767920966
H1142TS446_3  -426.359315793343  873.4367542       -0.488139883904766  0.0772555806223345   56               0.203884685363054
H1142TS439_1  -477.794134036183  505.719886        -0.944780198016937  0.037640759111932    29               0.0934171854949553
H1142TS441_3  -519.56555829641   716.674924265     -0.724966844388005  0.0534061233072199   50               0.145220430077887
H1142TS439_2  -558.182190516393  762.936810733318  -0.731623094683138  0.0528480614367995   50               0.172107718674718
H1142TS441_2  -622.160502841403  760.147173        -0.818473744217165  0.0460541261469136   49               0.111658474682635
H1142TS439_4  -630.547328265065  669.838799833317  -0.941341899606249  0.0378488911467376   43               0.13808437191732
H1142TS446_2  -782.528142388726  620.82623793      -1.26046242020615   0.0225891503563707   38               0.202273923240549
H1142TS446_4  -1266.38229517338  679.86767117      -1.86268938629488   0.00839949289516195  42               0.0168551641428052
H1142TS446_5  -1487.42277454058  688.5526897       -2.16021634479221   0.0051324461366048   41               0.0282608671830109
H1142TS447_5  5650.44364636417   3611.77181403932  1.56445200231098    0.719251802897579    163              0.65583131498776
H1143TS003_1  2796.9989735826    740.6542721       3.77638944234019    0.990313762270791    45               0.93754195149999
H1143TS003_2  2794.68058499972   740.784151        3.77259770099984    0.990252954130256    45               0.931390211891271
H1142TS494_3  2103.92300318263   1024.808896       2.05299057355434    0.852580364319643    53               0.710351209795117
H1142TS494_4  1858.00325650258   424.727771        4.37457445301494    0.996403856938852    26               0.970844322209928
H1142TS494_5  1758.40652047669   739.2790674       2.37854228263341    0.908675626470173    45               0.787746341315997
H1142TS494_1  1641.08419964028   684.3670182       2.39795921778436    0.911325844142722    46               0.78404889312243
H1142TS461_1  1315.71547398217   872.9579828       1.50719221303416    0.699584559708947    48               0.640411437136403
H1142TS493_2  1203.08124145954   588.6459057       2.04381144897095    0.850647145262843    34               0.73216617591901
H1142TS494_2  766.763854146385   757.244764        1.01257069127306    0.505237596444591    45               0.48431791469672
H1142TS493_3  464.806487686317   547.4737931       0.849002260097986   0.437414245196631    33               0.503070114789226
H1142TS493_4  -178.18483583259   246.029076        -0.724242998955905  0.0534671448705754   19               0.0992393383396784
H1142TS462_1  -245.08928696858   683.156947        -0.358759854591042  0.0940975381846115   41               0.238802910207123
H1142TS493_5  -380.48136897788   874.435961        -0.435116333210683  0.083795479341599    55               0.185494933226531
H1142TS461_3  -426.359315793343  873.4367542       -0.488139883904766  0.0772555806223345   56               0.203884685363054
H1142TS493_1  -531.698200743812  573.0489663246    -0.927840781485041  0.0386769027144019   34               0.0563922676514993
H1142TS461_2  -782.528142388726  620.82623793      -1.26046242020615   0.0225891503563707   38               0.202273923240549
H1142TS462_2  -792.357801067272  495.9379508       -1.5976954370786    0.0130029294741297   38               0.0489988242943385
H1142TS462_5  -853.451454768042  653.478018        -1.3060140222927    0.0209723146415294   40               0.0563550494816713
H1142TS462_4  -863.657454957875  517.160961        -1.66999738976406   0.0115438021241647   40               0.143812860987222
H1142TS462_3  -1055.73919624151  564.249913333318  -1.8710489293737    0.00828424057827565  43               0.0130738450266516
H1142TS477_1  -1254.30016680941  764.0077604       -1.64173746893973   0.0120937886237362   50               0.0258423119274172
H1142TS461_4  -1266.38229517338  679.86767117      -1.86268938629488   0.00839949289516195  42               0.0168551641428052
H1142TS461_5  -1487.42277454058  688.5526897       -2.16021634479221   0.0051324461366048   41               0.0282608671830109
H1143TS052_1  3713.32492590313   4237.89452005  0.876219289634258   0.448606849987284   186              0.50757904272125
H1143TS003_4  2763.3378131344    742.48948331   3.72171980243478    0.989399527763142   45               0.932062409101891
H1143TS035_1  2698.77483561432   726.1862026    3.71636754588805    0.989305559798398   45               0.944453055201392
H1143TS037_1  2679.75574802248   764.94405      3.50320490501558    0.984812943140935   46               0.929843726640387
H1143TS011_1  2645.59139587718   738.48758609   3.58244531893156    0.986666803988242   44               0.91471620370147
H1143TS003_3  2622.23791290698   757.507002282  3.46166821561708    0.983742028582837   47               0.923128966044478
H1143TS003_5  2601.91012301119   754.161555     3.4500699561796     0.983429955961294   47               0.940549744953908
H1143TS054_5  2542.88589177701   769.48198      3.30467243921295    0.978981726112232   48               0.898999304305029
H1143TS011_3  2538.08669466767   745.165859     3.40606948642782    0.982191594148647   43               0.906592439234508
H1143TS011_2  2533.61936670002   741.82388764   3.41539199386036    0.982461338551734   44               0.905712971416868
H1143TS011_4  2406.79841488615   738.8784307    3.25736726758419    0.97729667286398    43               0.910590620361422
H1143TS037_4  2306.90432537162   764.7495972    3.01654859815285    0.96646042707575    49               0.842660776963568
H1143TS037_3  2086.13823468577   663.6072576    3.14363384485953    0.972687624561044   39               0.858628847591686
H1143TS037_5  2028.79786740681   624.1448922    3.25052386514877    0.977042222701402   41               0.859092447451999
H1143TS037_2  1755.15981370237   711.38908753   2.46722903748275    0.920223068972855   53               0.711909945374768
H1143TS035_3  837.797346971823   571.2091763    1.46670848742075    0.685216011074024   37               0.626055184784957
H1143TS035_5  671.952905842044   615.021656     1.09256787836109    0.538493626660316   41               0.452949032597934
H1143TS035_2  -183.545374565455  552.64428275   -0.332122090636891  0.0979508236658547  41               0.2608890650694
H1143TS054_2  -200.007250964449  858.1440653    -0.233069549801674  0.113536466188071   55               0.164518882361815
H1143TS035_4  -399.849313525693  533.09341432   -0.750054873657988  0.0513313393468877  42               0.176540351046758
H1143TS054_1  -429.117377585539  664.98670879   -0.645302187116423  0.060530367623486   41               0.144159913038695
H1143TS011_5  -799.467765731755  704.3488307    -1.13504520897298   0.0276952414950187  48               0.0935759090683626
H1143TS054_4  -917.078282248007  678.63176187   -1.35136363161217   0.0194753277756484  49               0.0386558950006936
H1143TS054_3  -965.24218432839   757.676034636  -1.27395105586533   0.0220980848696176  50               0.0716381583758504
H1143TS073_1  2927.82377759329   691.7863361     4.23226598272976     0.995445660268986   45               0.961183080450196
H1143TS086_1  2763.3378131344    742.48948331    3.72171980243478     0.989399527763142   45               0.932062409101891
H1143TS086_4  2706.52141092791   756.2993789     3.57863762213373     0.986583059196644   47               0.945589404445287
H1143TS086_5  2691.31043829794   762.58725002    3.52918362879441     0.985447112729836   46               0.920776836360078
H1143TS073_2  2673.04297962395   675.65310145    3.95623578710348     0.992804369334991   51               0.938386038978731
H1143TS086_2  2622.23791290698   757.507002282   3.46166821561708     0.983742028582837   47               0.923128966044478
H1143TS086_3  2601.91012301119   754.161555      3.4500699561796      0.983429955961294   47               0.940549744953908
H1143TS073_4  1780.559377066     539.336996      3.30138557204779     0.97886870944516    35               0.80249102020126
H1143TS073_5  1721.01572822491   603.491428      2.8517649934622      0.956323038209166   39               0.854471627556316
H1143TS073_3  1480.37008688821   534.88489009    2.76764237374348     0.950077446196367   38               0.848933203707387
H1143TS071_1  1234.46732986563   765.6883605     1.612232069271       0.735047933086904   45               0.681836331905612
H1143TS091_1  992.136456080755   803.3851925     1.23494491228223     0.596661755733753   50               0.582296408142934
H1143TS067_1  931.064015898888   723.062120105   1.2876680855079      0.617617238306697   44               0.577623231595876
H1143TS097_1  381.654836250808   796.9594941     0.478888624925421    0.29556256936164    54               0.400811054957623
H1143TS071_2  346.021066927186   726.9678921     0.475978472622265    0.294553722949919   43               0.405533310681844
H1143TS091_4  257.361626777131   687.46386347    0.374363861800806    0.260624180098862   45               0.328040989130744
H1143TS091_2  254.481156854228   740.647876      0.343592637068776    0.250863494709234   43               0.322323067253249
H1143TS071_5  114.495231424515   689.483578      0.16605940312115     0.199423562935536   42               0.274424939443788
H1143TS092_1  82.3633431502693   503.0952504     0.16371321948435     0.19880000138728    35               0.324858279704685
H1143TS091_5  -53.5785074488168  717.50182546    -0.0746736879930122  0.14293511845046    45               0.249974796261658
H1143TS071_4  -62.1244887777761  704.39867153    -0.0881950680611559  0.140196550392021   42               0.24526127594888
H1143TS071_3  -106.415261317074  710.2019859     -0.149838022745345   0.128263919642116   43               0.22396474264506
H1143TS067_2  -184.977622327301  483.2039637     -0.38281478676393    0.0907351732005485  31               0.20673309426963
H1143TS091_3  -433.130280337505  742.7102171575  -0.583175335860036   0.0666935373732298  45               0.121864362101076
H1143TS125_5  2542.88589177701   769.48198         3.30467243921295     0.978981726112232    48               0.898999304305029
H1143TS098_2  2477.12329944792   736.83121888      3.36185986149339     0.980855939785982    45               0.906782060254328
H1143TS098_1  2460.26935680583   742.5793245       3.3131401260901      0.979270163899664    45               0.912223945660292
H1143TS098_5  2209.62406019529   754.9002023       2.9270412876604      0.961273523519825    41               0.880348514372984
H1143TS098_3  1980.01975174261   739.89681734      2.67607550855668     0.942321345453669    43               0.876740612083348
H1143TS098_4  1823.03076586136   728.7082896       2.50172914440435     0.924343605604289    43               0.830209701507383
H1143TS097_2  450.404648465708   817.91567034      0.550673699989729    0.321066009789791    55               0.412480262621228
H1143TS119_4  443.971653968332   365.7877951       1.21374102667083     0.588128739934661    23               0.558492866175793
H1143TS119_1  155.283407229135   721.223453        0.215305543078526    0.212851179571493    50               0.279630971401274
H1143TS131_1  154.958988983881   721.223453        0.214855726528739    0.212725598672573    50               0.279538897206781
H1143TS097_3  103.450238734704   1031.60365149332  0.100280993174998    0.18249538275351     58               0.342040414741363
H1143TS119_3  -45.1739618671069  649.3538885       -0.0695675542522095  0.143980831801472    48               0.265883008076963
H1143TS131_2  -127.259291690321  649.3941658       -0.195966176464718   0.119910607103908    48               0.238648746540399
H1143TS125_2  -200.007250964449  858.1440653       -0.233069549801674   0.113536466188071    55               0.164518882361815
H1143TS131_5  -303.591130601003  698.35115127      -0.43472561053118    0.083845488333436    52               0.181945032965138
H1143TS131_4  -384.082131138222  687.55868579      -0.558617233810252   0.0692868885019878   46               0.119710016776988
H1143TS125_1  -429.117377585539  664.98670879      -0.645302187116423   0.060530367623486    41               0.144159913038695
H1143TS131_3  -808.668118557509  714.568746443     -1.13168694066585    0.0278463608766873   51               0.0469728699961596
H1143TS119_5  -855.931083434478  714.613347503     -1.19775412315663    0.0250155585864685   51               0.0466716766091049
H1143TS119_2  -891.529305188347  604.56268639      -1.47466809523409    0.0159150530825047   34               0.0420338752820268
H1143TS125_4  -917.078282248007  678.63176187      -1.35136363161217    0.0194753277756484   49               0.0386558950006936
H1143TS125_3  -965.24218432839   757.676034636     -1.27395105586533    0.0220980848696176   50               0.0716381583758504
H1143TS097_4  -995.140395681623  724.5933201       -1.37337782184396    0.0187869026135538   51               0.0311838872883717
H1143TS097_5  -1836.00615680909  910.6800481       -2.01608255351552    0.00651699059519101  58               0.0171807069648964
H1143TS147_2  2776.26937707764    823.18405108      3.37259859861866       0.981189142142561   50               0.891400126588199
H1143TS158_2  2763.3378131344     742.48948331      3.72171980243478       0.989399527763142   45               0.932062409101891
H1143TS158_5  2706.52141092791    756.2993789       3.57863762213373       0.986583059196644   47               0.945589404445287
H1143TS158_4  2691.31043829794    762.58725002      3.52918362879441       0.985447112729836   46               0.920776836360078
H1143TS158_1  2622.23791290698    757.507002282     3.46166821561708       0.983742028582837   47               0.923128966044478
H1143TS158_3  2601.91012301119    754.161555        3.4500699561796        0.983429955961294   47               0.940549744953908
H1143TS150_1  2462.96812765804    737.601976        3.33915608661281       0.98013232361308    42               0.901672502935313
H1143TS133_4  2430.20630475453    740.360337        3.28246420466273       0.978206456830494   43               0.904851681388274
H1143TS147_1  2050.37637796823    1067.372506       1.92095671046658       0.8227261738602     64               0.721516200043398
H1143TS133_1  1730.4803484137     748.7827787       2.31105788973683       0.898903163932194   43               0.796507142324936
H1143TS147_5  1410.41531533414    823.71064393      1.71227035334267       0.766225091282039   51               0.653472478401262
H1143TS147_4  1259.48893355761    654.752323        1.92361124858141       0.823370517120301   40               0.756966467172241
H1143TS150_2  618.677344236255    772.81829585      0.800546968878099      0.417651498666866   45               0.466075578453185
H1143TS147_3  571.705165924927    930.01416157      0.61472737679586       0.3447672332095     55               0.442175041239675
H1143TS133_3  525.593868628139    660.6697011       0.79554710584281       0.415626133048767   39               0.456614883176601
H1143TS150_4  504.521961745392    555.2890165       0.90857543865248       0.461979966489406   34               0.517496267175329
H1143TS133_5  185.999168240861    669.45572882      0.277836397888039      0.230834349768379   42               0.384136564910175
H1143TS150_5  -0.231806327513782  672.454009933318  -0.000344716997875838  0.158792345871503   41               0.323748019319436
H1143TS165_4  -253.333555976255   1165.44749056     -0.217370201599153     0.116196673901552   66               0.295537137600697
H1143TS150_3  -749.448571730262   749.10571486      -1.00045768823206      0.0344198344629018  47               0.12546641233055
H1143TS133_2  -957.608126992952   707.24843454      -1.35399115816465      0.0193918779298853  48               0.0316170397215622
H1143TS165_1  -1164.44994789818   1198.79309268     -0.97135189968017      0.0360689807092255  70               0.164408815145613
H1143TS165_2  -1348.94427161671   1226.637498063    -1.09970897983051      0.0293260345755437  67               0.177326943858303
H1143TS165_3  -1961.40957033466   1302.12595080332  -1.50631324805762      0.0151097683944929  70               0.0379324842512114
H1143TS187_1  2966.79347212903   744.7628845    3.9835409817996     0.993122291654146    44               0.942933860504323
H1143TS187_2  2901.93263809914   751.0403439    3.86388382683943    0.991617071597458    43               0.927373148450147
H1143TS180_4  2856.49171072954   748.5361389    3.81610394245929    0.990928516353247    43               0.940113886138775
H1143TS180_3  2731.77366880494   760.895648     3.59020803442017    0.986835939674064    43               0.952105475723354
H1143TS180_5  2612.96648344336   750.4924883    3.48166906954951    0.98426666444897     42               0.915922358454522
H1143TS180_2  2601.83991000192   745.715647     3.48905098138825    0.984456058302678    42               0.924847939705665
H1143TS169_3  2477.12329944792   736.83121888   3.36185986149339    0.980855939785982    45               0.906782060254328
H1143TS188_2  2477.12329944792   736.83121888   3.36185986149339    0.980855939785982    45               0.906782060254328
H1143TS188_1  2460.26935680583   742.5793245    3.3131401260901     0.979270163899664    45               0.912223945660292
H1143TS169_2  2460.26935680583   742.5793245    3.3131401260901     0.979270163899664    45               0.912223945660292
H1143TS180_1  2405.54990784044   752.4717471    3.19686409105902    0.974948236431621    44               0.923586921730274
H1143TS169_4  1980.01975174261   739.89681734   2.67607550855668    0.942321345453669    43               0.876740612083348
H1143TS188_3  1980.01975174261   739.89681734   2.67607550855668    0.942321345453669    43               0.876740612083348
H1143TS169_5  1933.54472341455   760.0405934    2.54400191279908    0.929125724387671    43               0.853245531360221
H1143TS169_1  1823.03076586136   728.7082896    2.50172914440435    0.924343605604289    43               0.830209701507383
H1143TS187_4  179.658153198391   670.823015561  0.267817515247513   0.227882931790752    42               0.296601973517964
H1143TS185_1  -116.260180552715  488.5158662    -0.237986498692588  0.112714289770594    34               0.286271762400128
H1143TS187_5  -342.470513747763  634.0792803    -0.540106772745722  0.0713029672177204   38               0.144192196727885
H1143TS185_2  -429.867789640098  242.631976     -1.77168647235556   0.00976171548292099  26               0.0160850626448642
H1143TS185_4  -554.935524431716  669.2661345    -0.829170184811908  0.045277220202351    45               0.124957179693648
H1143TS187_3  -614.883696523063  759.981640831  -0.809077040138391  0.0467470830220117   54               0.145234378513392
H1143TS185_3  -1152.70253475865  623.3988115    -1.84906116837961   0.0085908018865925   39               0.0780546901654819
H1143TS165_5  -1271.36194492938  1206.7482594   -1.0535436326724    0.0315974107112997   66               0.0638374882760941
H1143TS185_5  -1393.69850326839  656.2081423    -2.12386651952153   0.00545124987705625  45               0.0141083521433001
H1143TS225_2  2982.05775686281   756.5698147       3.94155000493283    0.992627388291136    45               0.978074103484359
H1143TS225_1  2883.32238821419   775.8938043       3.71613018719164    0.989301373535756    47               0.921464542406138
H1143TS205_3  2686.61632861515   754.2660291       3.56189490837981    0.986208629415302    43               0.909107895147019
H1143TS205_5  2657.03845037312   586.997521        4.52649007077003    0.997206000957446    39               0.987636114167494
H1143TS227_1  2645.59139587718   738.48758609      3.58244531893156    0.986666803988242    44               0.91471620370147
H1143TS227_3  2538.08669466767   745.165859        3.40606948642782    0.982191594148647    43               0.906592439234508
H1143TS227_2  2533.61936670002   741.82388764      3.41539199386036    0.982461338551734    44               0.905712971416868
H1143TS239_1  2430.97900293436   740.4691211       3.28302549513885    0.978226391108894    44               0.919954694248054
H1143TS227_5  2430.20630475453   740.360337        3.28246420466273    0.978206456830494    43               0.904851681388274
H1143TS227_4  2406.79841488615   738.8784307       3.25736726758419    0.97729667286398     43               0.910590620361422
H1143TS188_5  2209.62406019529   754.9002023       2.9270412876604     0.961273523519825    41               0.880348514372984
H1143TS205_4  2208.05046175185   742.8935135       2.97223009977438    0.963981873531406    50               0.917274817030803
H1143TS205_2  2141.30447118068   886.0447217       2.41670021697357    0.913817759053634    57               0.828459476746845
H1143TS205_1  1879.34730328667   919.1148357       2.04473612032968    0.850842833365266    54               0.730925175167226
H1143TS188_4  1823.03076586136   728.7082896       2.50172914440435    0.924343605604289    43               0.830209701507383
H1143TS225_5  663.448301132537   471.150896        1.40814398691611    0.663792255945953    34               0.607299516371148
H1143TS225_3  484.292903174088   499.0152928       0.970497117346237   0.48770960847125     33               0.556646634140791
H1143TS225_4  441.644995236436   502.60009163      0.878720482927334   0.449638222841722    34               0.508615107591704
H1143TS239_2  -411.226702409545  654.647794805     -0.628164802009357  0.0621751382746185   42               0.196701613071803
H1143TS234_2  -1023.57618210779  496.2940714       -2.0624388665784    0.00603536809948058  33               0.00857664291905964
H1143TS234_3  -1104.35262099412  443.710495733318  -2.48890353420413   0.00297408829220153  31               0.00379399977146317
H1143TS234_1  -1128.96311416801  504.611651        -2.23729101761863   0.00451652770420208  30               0.00560152270013679
H1143TS234_5  -1318.79912097734  570.914690333318  -2.3099758042789    0.00400329434950625  37               0.0144149359164677
H1143TS234_4  -1601.39544638884  642.1298486       -2.49388102714782   0.00294959031608827  45               0.0042515938675209
H1143TS248_1  2698.77483561432   726.1862026     3.71636754588805      0.989305559798398   45               0.944453055201392
H1143TS278_1  2633.76250555332   761.4109392     3.45905524856336      0.983672230184376   44               0.921884291013469
H1143TS245_3  2435.21799206098   741.0604754     3.28612586003393      0.978336180029744   45               0.921464844475591
H1143TS239_3  2311.99794850756   767.66056326    3.01174511126281      0.966199950005813   46               0.910034193155162
H1143TS239_5  2304.86312533365   742.3486519     3.10482563608688      0.970915744890193   44               0.913121117925133
H1143TS288_1  2273.21687688658   720.8144584843  3.15367824567033      0.973128862139686   44               0.889889546152819
H1143TS278_3  1399.30471629192   761.447590472   1.83769012313051      0.801572273503633   49               0.656790231552596
H1143TS278_2  1125.64192983335   635.6862052     1.77075091550745      0.783229210163715   44               0.623740646176889
H1143TS257_1  1116.99393279682   588.234045      1.8988937180554       0.817299318442682   40               0.715866055140044
H1143TS257_5  847.037267780546   456.1434736     1.85695360517934      0.806629436262074   31               0.682192553603135
H1143TS248_3  837.797346971823   571.2091763     1.46670848742075      0.685216011074024   37               0.626055184784957
H1143TS248_5  671.952905842044   615.021656      1.09256787836109      0.538493626660316   41               0.452949032597934
H1143TS257_2  609.826536334219   436.9759473     1.39556087721128      0.659095964555006   33               0.601393643354454
H1143TS257_3  550.617617532837   469.92282       1.17171925707468      0.571065273249835   33               0.472737639661939
H1143TS257_4  538.919703218472   426.2979421     1.26418556130879      0.60833272085431    38               0.520045357574264
H1143TS288_3  328.9005008884     600.7128055     0.547517046210862     0.319920264883263   39               0.378287957638315
H1143TS245_1  316.371314982706   708.46529538    0.446558662853082     0.28446867662365    45               0.414256554066419
H1143TS278_5  283.08470591095    699.710311179   0.404574152171571     0.270442947197202   44               0.389896304665434
H1143TS245_2  220.372075235705   723.8536546     0.304442857800423     0.238801426976409   45               0.402192499875477
H1143TS278_4  -3.55607159705452  753.3095724     -0.00472059791531002  0.157820570883542   52               0.282027670614711
H1143TS288_2  -68.2247893513308  679.357716      -0.100425427936599    0.137757414561248   49               0.316403259818476
H1143TS248_2  -183.545374565455  552.64428275    -0.332122090636891    0.0979508236658547  41               0.2608890650694
H1143TS248_4  -399.849313525693  533.09341432    -0.750054873657988    0.0513313393468877  42               0.176540351046758
H1143TS239_4  -751.344358140588  706.5107754     -1.0634577479943      0.0310957015903814  45               0.0583306725766736
H1143TS315_1  3713.32492590313   4237.89452005  0.876219289634258    0.448606849987284    186              0.50757904272125
H1143TS312_1  2896.1400453415    794.75657452   3.6440592480668      0.987952356734144    50               0.955021550569196
H1143TS348_1  2643.17726446632   741.41209315   3.56505820297102     0.986280153412809    44               0.907789527082445
H1143TS314_1  2579.39018444351   743.72969315   3.4681823358682      0.983914760640602    44               0.907668600277469
H1143TS320_2  2579.39018444351   743.72969315   3.4681823358682      0.983914760640602    44               0.907668600277469
H1143TS298_1  2574.03391579126   733.293025546  3.51023918968092     0.984987296224241    44               0.916286212538151
H1143TS298_5  2563.77689849682   747.6983109    3.42889218969991     0.982844863405249    44               0.940569983712245
H1143TS298_3  2561.19773775495   739.72305171   3.46237383279363     0.983760826876428    45               0.931639072087922
H1143TS298_2  2559.24874465129   736.502812     3.47486622311944     0.984090117811234    43               0.904469089264417
H1143TS320_1  2462.84127747222   737.601976     3.33898411014048     0.980126741362293    42               0.901642976684294
H1143TS320_4  2457.10534223595   733.4171146    3.35021544128547     0.980488095454951    44               0.902802181984622
H1143TS298_4  2448.43648860157   739.095696     3.31274624091651     0.979256833185331    43               0.900460554300478
H1143TS320_3  2435.21799206098   741.0604754    3.28612586003393     0.978336180029744    45               0.921464844475591
H1143TS312_3  2374.91740861834   753.770287     3.15071773135353     0.972999535947128    47               0.907936914022781
H1143TS312_5  2323.76517151295   782.2721752    2.97053282116144     0.963883526336953    48               0.911533101754701
H1143TS320_5  1860.3915658945    727.50706415   2.55721443484282     0.930562190927705    43               0.815551815341069
H1143TS314_2  1305.91370299919   740.5376177    1.76346707012016     0.781161024264832    52               0.667320947167637
H1143TS314_3  1288.39631796033   821.01962009   1.56926373795927     0.720868330669868    52               0.648224593528742
H1143TS312_2  48.5571296818583   816.0335278    0.0595038414815709   0.172573992824578    49               0.296366659907806
H1143TS312_4  -77.811396028934   832.2394477    -0.0934964044830796  0.139134880872416    51               0.327363141593131
H1143TS314_4  -342.895851063046  846.6196064    -0.405017611771489   0.0877280842688095   55               0.237829160681909
H1143TS314_5  -753.280890550715  778.5322678    -0.967565406992518   0.0362890389507998   51               0.0623020479843063
H1143TS288_4  -883.69416424461   600.87260462   -1.47068472992452    0.0160193654866111   35               0.0322727672643205
H1143TS288_5  -1374.35080872996  677.6016149    -2.02825787086234    0.00638691539809372  43               0.0125613752856783
H1143TS350_1  2953.99591522462   727.272731     4.06174436261742   0.99395768411331    43               0.937032435317373
H1143TS374_2  2854.80774136385   745.65836995   3.82857332045409   0.9911134390525     45               0.937220963923185
H1143TS374_4  2835.77402567775   755.242829     3.75478444387554   0.989962186213579   46               0.947772949712454
H1143TS374_3  2785.44588296586   770.722473     3.61407118715982   0.98734272802862    46               0.943310384970656
H1143TS374_1  2635.58574326553   766.771685     3.43724969873598   0.983078148319418   48               0.921458995615111
H1143TS360_5  2563.77689849682   747.6983109    3.42889218969991   0.982844863405249   44               0.940569983712245
H1143TS348_2  2561.847626507     736.3255446    3.4792323114346    0.984203648694958   44               0.90855161189741
H1143TS348_4  2546.47532872782   735.573276     3.46189212117029   0.983747995950537   42               0.902520739635457
H1143TS348_3  2498.50209120763   739.1700754    3.38014507670048   0.981419884975633   45               0.922420412222638
H1143TS348_5  2416.59168271117   729.380636     3.3132106385001    0.979272549448096   42               0.896524492838317
H1143TS360_2  2342.3001782467    738.30990733   3.17251624960218   0.973937773689818   43               0.914636592319536
H1143TS367_2  2329.72929764695   726.87445552   3.20513299092384   0.975282644005074   42               0.917116948008999
H1143TS367_4  2307.36769573198   734.2073257    3.14266504155637   0.972644695763318   43               0.873493963573683
H1143TS367_1  2275.78206234184   729.9379249    3.11777479249845   0.971519028401388   42               0.894233273904202
H1143TS360_3  2068.32852814339   725.29146334   2.85172049126105   0.956319940062452   43               0.876562570885091
H1143TS367_3  1987.81860724329   731.1490047    2.71875991687756   0.94606847998266    43               0.873240450322218
H1143TS367_5  1956.24743365929   728.325438798  2.68595236339377   0.943209566560596   43               0.851945772133577
H1143TS360_1  1932.42009840297   739.468615687  2.61325505560188   0.936360036442584   42               0.856839886687672
H1143TS360_4  1860.3915658945    727.50706415   2.55721443484282   0.930562190927705   43               0.815551815341069
H1143TS374_5  1519.12215751762   830.693569023  1.82873951859806   0.799188877182416   54               0.642385516329195
H1143TS350_3  431.218656342364   613.64631368   0.702715304776089  0.378604767866081   39               0.444989308933242
H1143TS350_4  102.167254882413   810.958171     0.125983384268057  0.188973435039457   51               0.395677345792524
H1143TS350_5  -440.130763582715  381.52661084   -1.15360436487952  0.0268743579057309  23               0.0393538081454875
H1143TS350_2  -1067.67292063815  679.1866753    -1.57198743654173  0.0135644481803892  45               0.0183806251373582
H1143TS423_1  2966.79347212903   744.7628845       3.9835409817996      0.993122291654146    44               0.942933860504323
H1143TS423_2  2901.93263809914   751.0403439       3.86388382683943     0.991617071597458    43               0.927373148450147
H1143TS390_2  2579.39018444351   743.72969315      3.4681823358682      0.983914760640602    44               0.907668600277469
H1143TS399_5  2542.88589177701   769.48198         3.30467243921295     0.978981726112232    48               0.898999304305029
H1143TS390_1  2462.84127747222   737.601976        3.33898411014048     0.980126741362293    42               0.901642976684294
H1143TS390_4  2457.10534223595   733.4171146       3.35021544128547     0.980488095454951    44               0.902802181984622
H1143TS385_3  2435.21799206098   741.0604754       3.28612586003393     0.978336180029744    45               0.921464844475591
H1143TS390_3  2435.21799206098   741.0604754       3.28612586003393     0.978336180029744    45               0.921464844475591
H1143TS390_5  1860.3915658945    727.50706415      2.55721443484282     0.930562190927705    43               0.815551815341069
H1143TS385_1  316.371314982706   708.46529538      0.446558662853082    0.28446867662365     45               0.414256554066419
H1143TS385_2  220.372075235705   723.8536546       0.304442857800423    0.238801426976409    45               0.402192499875477
H1143TS423_4  179.658153198391   670.823015561     0.267817515247513    0.227882931790752    42               0.296601973517964
H1143TS433_1  -47.4440056104613  683.0970494       -0.0694542681045597  0.144004104295049    46               0.360728364716102
H1143TS399_2  -200.007250964449  858.1440653       -0.233069549801674   0.113536466188071    55               0.164518882361815
H1143TS423_5  -342.470513747763  634.0792803       -0.540106772745722   0.0713029672177204   38               0.144192196727885
H1143TS399_1  -429.117377585539  664.98670879      -0.645302187116423   0.060530367623486    41               0.144159913038695
H1143TS423_3  -614.883696523063  759.981640831     -0.809077040138391   0.0467470830220117   54               0.145234378513392
H1143TS399_4  -917.078282248007  678.63176187      -1.35136363161217    0.0194753277756484   49               0.0386558950006936
H1143TS399_3  -965.24218432839   757.676034636     -1.27395105586533    0.0220980848696176   50               0.0716381583758504
H1143TS398_1  -1250.63148479582  1061.443705676    -1.17823628149863    0.0258213307344643   64               0.0645432675356719
H1143TS398_3  -1257.18614770741  1133.80495283332  -1.10882047619017    0.0288968305545929   61               0.0854549176139976
H1143TS398_5  -2233.35909054937  1042.32382329     -2.14267297805779    0.00528392423866503  64               0.00932447110504994
H1143TS398_2  -2313.52403064979  1024.39975663     -2.25841915294929    0.00436093385030073  56               0.00643405153624043
H1143TS398_4  -2887.24818265078  1156.78733383     -2.49591960269085    0.00293961512685786  71               0.00571599430702301
H1143TS446_1  2759.31110338395   734.047872     3.75903426552532     0.990032327029037   43               0.92809040395676
H1143TS434_1  2645.59139587718   738.48758609   3.58244531893156     0.986666803988242   44               0.91471620370147
H1143TS444_2  2560.89384137449   876.6187165    2.92133146734438     0.960917700975389   52               0.865768267267805
H1143TS434_3  2538.08669466767   745.165859     3.40606948642782     0.982191594148647   43               0.906592439234508
H1143TS434_2  2533.61936670002   741.82388764   3.41539199386036     0.982461338551734   44               0.905712971416868
H1143TS434_4  2406.79841488615   738.8784307    3.25736726758419     0.97729667286398    43               0.910590620361422
H1143TS439_2  2311.99794850756   767.66056326   3.01174511126281     0.966199950005813   46               0.910034193155162
H1143TS439_1  2250.30180220002   734.558616     3.06347479041757     0.968905154176658   43               0.880304246607938
H1143TS439_5  2152.8120778559    723.488195     2.97560083596928     0.96417642378517    43               0.889632450670151
H1143TS444_5  1775.35620778995   910.4401317    1.94999774941264     0.829675551290858   53               0.728893598181181
H1143TS441_4  1752.33831664486   624.640005661  2.80535716695014     0.952975865631212   41               0.82400335621972
H1143TS433_4  1752.33831664486   624.640005661  2.80535716695014     0.952975865631212   41               0.82400335621972
H1143TS441_2  1033.92219220383   429.3242845    2.40825462134748     0.912702729666512   26               0.768980123683231
H1143TS433_2  1033.92219220383   429.3242845    2.40825462134748     0.912702729666512   26               0.768980123683231
H1143TS441_5  1030.38463598622   481.615854     2.13943255278764     0.869784448482558   29               0.814876520154075
H1143TS433_5  1030.38463598622   481.615854     2.13943255278764     0.869784448482558   29               0.814876520154075
H1143TS441_3  1027.14918785742   429.17311      2.39332139857834     0.91069920986036    26               0.77477775238695
H1143TS433_3  1027.14918785742   429.17311      2.39332139857834     0.91069920986036    26               0.77477775238695
H1143TS444_3  804.488054164103   1029.17763396  0.781680467606596    0.410024066817224   58               0.499862058575058
H1143TS441_1  -47.4440056104613  683.0970494    -0.0694542681045597  0.144004104295049   46               0.360728364716102
H1143TS444_1  -97.4983458846382  917.36357321   -0.10628103047898    0.136602290244921   57               0.246693314018521
H1143TS444_4  -304.078978518542  825.1891659    -0.368496086817736   0.0927233735651888  54               0.215231763158736
H1143TS439_3  -411.226702409545  654.647794805  -0.628164802009357   0.0621751382746185  42               0.196701613071803
H1143TS434_5  -799.467765731755  704.3488307    -1.13504520897298    0.0276952414950187  48               0.0935759090683626
H1143TS447_2  3858.83397468082   1169.8415061   3.29859554013034     0.97877230972913    75               0.877797795770845
H1143TS447_5  2807.34424396214   1124.47712038  2.49657746972516     0.923740964416497   69               0.808106466244923
H1143TS461_1  2759.31110338395   734.047872     3.75903426552532     0.990032327029037   43               0.92809040395676
H1143TS461_2  2750.74716888799   737.0446251    3.7321311019869      0.989579982081638   43               0.926163198533212
H1143TS446_2  2750.74716888799   737.0446251    3.7321311019869      0.989579982081638   43               0.926163198533212
H1143TS477_1  2606.59619186754   736.281028     3.54021914559986     0.985708540275324   42               0.901305164846771
H1143TS447_1  2505.84703004335   1119.2751281   2.23881239485514     0.887423299679931   69               0.790685699372056
H1143TS447_3  1709.92506480384   1059.7752164   1.61347900794696     0.735452475971974   63               0.621162877322211
H1143TS493_4  1678.96980802968   781.9229882    2.14723167545527     0.871249592798046   48               0.780509303111199
H1143TS462_2  1398.74983249455   717.0689607    1.95064897402489     0.829828875038233   39               0.71202842060447
H1143TS462_4  1262.31720651589   727.07788367   1.73615129117147     0.77327884052585    42               0.738552788674954
H1143TS462_3  1246.22777512707   748.25353006   1.66551539693658     0.751978505794345   43               0.664535920028007
H1143TS462_5  1205.03257209523   740.0230314    1.62837171407423     0.740253432782335   43               0.715490976079496
H1143TS462_1  726.92561319236    739.324619     0.983229280496014    0.49301265511739    41               0.501406288579116
H1143TS493_1  691.395435203849   317.2853088    2.17909690750815     0.877090461726177   24               0.738157794805883
H1143TS447_4  615.967884323724   1104.74130452  0.557567533506278    0.323575701762618   69               0.41302562365648
H1143TS493_2  472.5576086223     467.204874     1.0114569323228      0.504773576759019   35               0.503583008277311
H1143TS493_3  272.755726162038   351.499959     0.775976551855126    0.407726379590443   23               0.495717880967207
H1143TS461_4  167.908546783758   688.7870177    0.243774261809461    0.220909133065235   43               0.325053841450534
H1143TS446_4  167.908546783758   688.7870177    0.243774261809461    0.220909133065235   43               0.325053841450534
H1143TS461_5  -54.1012094388108  666.0853737    -0.0812226353782355  0.141603194887416   40               0.273052826178031
H1143TS446_5  -54.1012094388108  666.0853737    -0.0812226353782355  0.141603194887416   40               0.273052826178031
H1143TS461_3  -451.525325227432  668.1728689    -0.675761238211857   0.0577071297553803  39               0.166049175318081
H1143TS446_3  -451.525325227432  668.1728689    -0.675761238211857   0.0577071297553803  39               0.166049175318081
H1144TS037_1  3792.93910072693   958.1235904       3.95871590964944     0.992833838650438    59               0.906479208240814
H1143TS494_1  2849.51461393351   740.8498983       3.84627793089017     0.991369599863434    49               0.95572179599733
H1143TS494_2  2815.37130886219   753.524731        3.73626928624614     0.989650860211205    43               0.929329205772724
H1144TS003_3  2388.42172446029   916.9925993       2.60462486423939     0.935497517084606    57               0.817265389224599
H1144TS011_2  2090.21400680424   931.667923        2.24351826997938     0.888204475191338    55               0.774691665089465
H1144TS003_4  1860.72141557875   920.139309912     2.02221706597527     0.846016721569161    57               0.712129050233083
H1144TS037_3  1684.62938497556   916.2122172       1.83868906498965     0.801836950321519    55               0.632998951714978
H1144TS037_2  1596.79132442109   804.0490708       1.98593765282552     0.837973886467446    54               0.699630959165208
H1144TS035_1  1566.56509420809   802.38547         1.95238467392498     0.830236990752995    48               0.765201885112566
H1144TS035_5  1512.27727578239   686.0518364       2.20431925919467     0.88155083266048     43               0.742056185969641
H1144TS035_4  1441.96828239737   722.783495        1.99502104346941     0.840018859341786    47               0.718023967624616
H1144TS011_3  1232.58137441659   1016.9596469663   1.21202584398851     0.587436108572231    65               0.55427375517278
H1144TS003_2  1195.30968741078   1016.15165563     1.17631032807766     0.572938548115135    63               0.552939698962021
H1144TS035_2  1185.99780414759   748.32856         1.58486240876279     0.726069373818415    49               0.587795194120544
H1143TS494_4  1158.17587622736   662.306064        1.74870190563038     0.776925125921575    37               0.673386268532066
H1143TS494_3  1144.77279937322   818.90453606      1.3979319309685      0.659983319596981    50               0.54136689197573
H1143TS493_5  594.723114418112   531.744613        1.11843749777323     0.549189338688733    31               0.565223119709517
H1144TS003_5  83.828364492681    978.455798633318  0.0856741455360276   0.178891405361039    61               0.382864493620373
H1144TS035_3  -34.6410819878834  673.3284327       -0.0514475259109067  0.147743164132111    44               0.227554150554123
H1144TS003_1  -364.7867149437    970.6579391       -0.375813868356068   0.09170243440489     61               0.288587456440625
H1144TS011_5  -433.483154020328  826.5410342       -0.524454486932873   0.0730498652674916   44               0.266497530084161
H1144TS011_1  -458.278963537879  952.81064037      -0.480975908665249   0.0781110542050437   65               0.230189115134279
H1143TS494_5  -1115.57535337588  1013.75577617     -1.10043797490413    0.0292914683685241   60               0.111523588862958
H1144TS011_4  -2005.87229973539  886.1339339       -2.26362203612638    0.00432344440807442  61               0.00683940408515975
H1144TS052_1  7976.36599225082   4803.84634912     1.66041238885835    0.750388865526907    211              0.649711125002946
H1144TS073_1  2438.05363269322   814.1417666       2.99463033677164    0.965255914102646    52               0.840413769333875
H1144TS086_2  2293.60054758397   916.5310953       2.5024797951162     0.924431050642872    56               0.78761149942243
H1144TS073_2  2271.38764183655   824.53527918      2.7547488860579     0.949048295596058    55               0.80105464773851
H1144TS073_3  1992.69500592678   763.769826        2.6090255703906     0.935938684324385    51               0.768963741962703
H1144TS086_3  1860.72141557875   920.139309912     2.02221706597527    0.846016721569161    57               0.712129050233083
H1144TS086_1  1195.30968741078   1016.15165563     1.17631032807766    0.572938548115135    63               0.552939698962021
H1144TS037_5  785.152102790725   927.4943894       0.846530299011989   0.436400661886178    59               0.44439059929076
H1144TS073_5  672.456012473494   616.4038868495    1.09093408854133    0.537816845187136    43               0.556672010168517
H1144TS037_4  485.761796986419   878.00484555      0.553256396531762   0.322005036559651    57               0.40917696988804
H1144TS054_2  406.936686892599   832.23736524      0.488967095072987   0.299071856626284    53               0.449370532640819
H1144TS073_4  404.201774854266   463.10607437      0.872806031326914   0.447200099583017    34               0.473421485514752
H1144TS067_2  103.134380995511   366.0813159       0.28172533400662    0.231987156994015    24               0.332923029808763
H1144TS086_4  -364.7867149437    970.6579391       -0.375813868356068  0.09170243440489     61               0.288587456440625
H1144TS067_1  -497.887670975588  421.302036        -1.18178320642055   0.0256730444302953   28               0.0454588788500702
H1144TS054_4  -576.149266515598  725.575218523318  -0.794058633491053  0.0478752351498115   42               0.172332721777361
H1144TS054_1  -639.996329132512  707.16858221      -0.905012390585049  0.0401166367373619   46               0.0815269762704518
H1144TS071_2  -735.201191162889  984.9426581436    -0.746440602490079  0.051625470256264    59               0.140123576665256
H1144TS054_3  -741.111356071794  781.897137        -0.947837408530879  0.037456619676404    42               0.0863965560189079
H1144TS071_1  -904.676786125538  888.4263948485    -1.01829120720778   0.0334455568641971   58               0.0795865983966372
H1144TS071_3  -1073.84035881564  981.58904436      -1.09398160562783   0.0295989847321629   58               0.111293373502473
H1144TS054_5  -1120.30789740081  610.1490958       -1.8361215399851    0.00877644006472328  43               0.0142621584520514
H1144TS071_4  -1468.8138691174   945.956744        -1.55272836568243   0.0140007143590911   56               0.0273365986316823
H1144TS071_5  -2174.94619165616  964.2993957       -2.25546775343288   0.00438234388765951  57               0.00605547095316927
H1144TS091_4  3267.47337124146   972.858829325     3.35863053584921    0.980754613002133    62               0.903503816448569
H1144TS086_5  2388.42172446029   916.9925993       2.60462486423939    0.935497517084606    57               0.817265389224599
H1144TS091_3  2198.31023417523   1099.91378436     1.99862049683681    0.840823416408358    58               0.669699651630359
H1144TS091_1  1755.83369917843   1108.925363296    1.58336508235294    0.72557274856381     66               0.645189103531121
H1144TS091_2  1248.23159861399   1106.28527284     1.12830897170816    0.553259259079866    69               0.539243759799913
H1144TS097_4  1219.83742181622   682.0586093       1.78846422460401    0.788199600913329    47               0.608701288469345
H1144TS098_2  1142.30725140386   978.4573489035    1.16745737837626    0.569324491807953    60               0.579425819397161
H1144TS097_2  786.951155145989   688.0060056258    1.14381436893155    0.55963740476136     48               0.558504700509634
H1144TS097_3  768.744670293179   723.370615        1.06272587571611    0.52611200379466     47               0.517617346821662
H1144TS091_5  655.984517777349   992.71961368      0.660795363300642   0.362312544168324    60               0.487473706505336
H1144TS119_3  412.056892108796   788.1007078       0.522848016796054   0.311041797408485    54               0.430890434028438
H1144TS125_2  406.936686892599   832.23736524      0.488967095072987   0.299071856626284    53               0.449370532640819
H1144TS098_1  383.496069662845   988.08170981      0.388121818120272   0.26506695024194     61               0.423917482627082
H1144TS098_3  167.503646267615   853.5624282       0.196240650635066   0.207576024478914    52               0.314938490102484
H1144TS097_5  26.791325852173    758.3533957       0.0353282862634816  0.16689619894367     51               0.25126710338901
H1144TS098_5  -122.154935118043  613.689873171     -0.199049944374763  0.119369271867708    45               0.259563626485504
H1144TS119_2  -204.813837935744  560.0414829       -0.365711905616669  0.0931144808959649   36               0.213563457759525
H1144TS125_1  -639.996329132512  707.16858221      -0.905012390585049  0.0401166367373619   46               0.0815269762704518
H1144TS092_1  -834.747185625942  869.584626013318  -0.959937837738587  0.0367362566919944   57               0.141608307387789
H1144TS097_1  -930.913686825506  714.56465057      -1.30277041564109   0.021083601358255    51               0.0409830989060522
H1144TS098_4  -935.57167751017   941.1623403       -0.994059831603496  0.0347759883320952   62               0.13900470462583
H1144TS119_4  -941.482328781794  467.5466157       -2.01366515587377   0.00654312834130583  26               0.0172823948840829
H1144TS119_1  -1231.86161667404  816.8430267       -1.50807630892155   0.0150661024327559   54               0.0986435942196551
H1144TS119_5  -1674.38746739263  896.103751        -1.86851965023482   0.00831894508923764  48               0.0423305015785829
H1144TS133_2  2002.42159663621   784.4743532       2.55256476960401    0.930059777584894    54               0.754930575808109
H1144TS147_2  1687.83528102925   697.3195279       2.42046180194066    0.914310218338507    40               0.793411145858701
H1144TS150_1  1114.67883044022   980.54448245      1.13679578070244    0.556752617502591    59               0.546406475010089
H1144TS131_5  1072.15625625212   839.705033399999  1.27682485349757    0.613340255721412    55               0.59238579436868
H1144TS147_1  964.829043223971   679.0487619       1.42085384343291    0.668503210085044    43               0.640284006163664
H1144TS150_2  871.119464766874   901.8047285       0.965973494301625   0.485826087838577    56               0.520081475491321
H1144TS147_3  856.311711615039   1104.62441272     0.775206216479028   0.407416374885257    64               0.439244372301791
H1144TS147_4  493.108794126022   835.345837577     0.590304963458406   0.335631070219584    50               0.457232444494309
H1144TS131_2  461.494431599726   788.1098889       0.585571172370206   0.333874100709597    54               0.440083147974013
H1144TS150_3  431.099110952862   895.61474267      0.481344366515978   0.296415445984711    53               0.463632461780024
H1144TS133_3  411.781619454021   902.6860985       0.456173657862109   0.28774173830907     58               0.379175492494946
H1144TS147_5  313.208058630955   769.36528395      0.407099287120044   0.271274112485325    50               0.321090293424762
H1144TS133_5  74.8724913521054   765.3768479       0.0978243483031092  0.181885328575488    47               0.315175585709702
H1144TS133_1  -274.737332000682  980.43341064      -0.280220287292475  0.10586420432559     60               0.281298953772793
H1144TS158_1  -364.7867149437    970.6579391       -0.375813868356068  0.09170243440489     61               0.288587456440625
H1144TS150_5  -451.253523745508  756.7239973       -0.596325113721232  0.0653422330495424   49               0.188437090331866
H1144TS131_3  -497.715839869442  757.8073341       -0.656784142186414  0.0594512460241158   48               0.117397635434315
H1144TS125_4  -576.149266515598  725.575218523318  -0.794058633491053  0.0478752351498115   42               0.172332721777361
H1144TS125_3  -741.111356071794  781.897137        -0.947837408530879  0.037456619676404    42               0.0863965560189079
H1144TS131_4  -1041.78521162721  702.970985        -1.4819746957653    0.0157254493869302   50               0.0366175949108826
H1144TS133_4  -1067.95126685508  814.3183217       -1.31146658302564   0.0207865337040156   44               0.0758137828032626
H1144TS125_5  -1120.30789740081  610.1490958       -1.8361215399851    0.00877644006472328  43               0.0142621584520514
H1144TS150_4  -1225.48252789685  826.607035363     -1.4825454846978    0.0157107315648196   49               0.0399662042277538
H1144TS131_1  -1231.77896515924  816.8430267       -1.50797512483587   0.015068605107888    54               0.0986643774802169
H1144TS158_3  2388.42172446029   916.9925993       2.60462486423939     0.935497517084606    57               0.817265389224599
H1144TS180_1  2260.74940083219   854.869776        2.64455413479513     0.939398695061563    54               0.820224966156184
H1144TS158_2  1195.30968741078   1016.15165563     1.17631032807766     0.572938548115135    63               0.552939698962021
H1144TS180_2  717.199760356237   890.06632661      0.805782377014351    0.419775260027484    57               0.463305893902734
H1144TS180_3  544.2888135165     892.0397786       0.610162042740658    0.343050399842407    56               0.462715351940853
H1144TS180_4  171.984444657516   904.6724051       0.190106875912177    0.205899494832815    58               0.342662099432062
H1144TS169_2  167.503646267615   853.5624282       0.196240650635066    0.207576024478914    52               0.314938490102484
H1144TS158_4  83.828364492681    978.455798633318  0.0856741455360276   0.178891405361039    61               0.382864493620373
H1144TS185_2  14.7002283123417   390.7306225       0.0376224116202761   0.167428508683348    29               0.259567241082637
H1144TS158_5  -79.714905191093   1010.5303745      -0.0788842247622048  0.142077586676564    62               0.355758582916326
H1144TS165_3  -346.920685613003  967.3980736       -0.358612131944815   0.0941185275317755   59               0.142397212116052
H1144TS169_5  -368.794757685039  863.914249        -0.426888152512737   0.0848543542533624   46               0.186230969908381
H1144TS180_5  -454.498677080299  513.005806        -0.885952306513075   0.0413579200049056   33               0.087321414082811
H1144TS165_1  -856.522376587013  824.1384356       -1.03929429764241    0.0323322431595658   50               0.0710976584291381
H1144TS185_3  -859.417561513013  399.2886933       -2.15237139426661    0.00519964184978394  31               0.00610239020489057
H1144TS169_1  -935.57167751017   941.1623403       -0.994059831603496   0.0347759883320952   62               0.13900470462583
H1144TS165_5  -942.263419179558  989.466614733318  -0.952294301949256   0.0371897259961214   59               0.150374778207254
H1144TS169_3  -997.799914782275  753.765878725     -1.32375309488678    0.0203737896979663   47               0.0281740466240693
H1144TS165_2  -1006.31739814084  840.8674716       -1.19676100233253    0.0250559603389384   50               0.0629361904609227
H1144TS169_4  -1104.59316348855  899.0275815       -1.22865325404763    0.0237897750253621   48               0.0841041253010128
H1144TS185_4  -1270.4441752277   494.546496        -2.56890744450387    0.00260379244929082  40               0.00801798888953596
H1144TS185_5  -1272.44092324088  612.25588852      -2.07828286685285    0.00587900470743585  47               0.00850877673813787
H1144TS165_4  -1448.87372191124  954.20262933      -1.51841304705749    0.0148125799858466   60               0.0247833719905407
H1144TS185_1  -1508.9143154442   692.8891449       -2.17771389052714    0.00498566763829428  45               0.00740433397034427
H1144TS225_2  3590.73361131438   933.4817845       3.84660276283557    0.991374230689668    59               0.905333877794811
H1144TS205_1  3350.0216090935    999.1794561       3.35277270628573    0.980569467894647    63               0.922420981592148
H1144TS205_2  2791.27800486001   1076.8595408      2.59205393006628    0.934221665418374    64               0.817499124333142
H1144TS205_4  2669.03376255214   981.2995255       2.71989712946431    0.946165104756215    61               0.796791250270238
H1144TS205_3  2446.86082816788   923.070049636     2.6507856355352     0.939987256818061    52               0.825420151823523
H1144TS187_1  2398.82712353405   952.408008516     2.51869692619636    0.926297691582773    58               0.801884012341883
H1144TS205_5  1191.06303656679   904.9431422592    1.31617444339463    0.62877319600807     60               0.609546522309809
H1144TS188_2  1142.30725140386   978.4573489035    1.16745737837626    0.569324491807953    60               0.579425819397161
H1144TS187_2  887.835675843514   969.1586113       0.916089137001629   0.465094014055728    58               0.531477431994466
H1144TS188_1  383.496069662845   988.08170981      0.388121818120272   0.26506695024194     61               0.423917482627082
H1144TS225_4  250.70438225914    945.194752751     0.265240979734031   0.22712823591573     54               0.376730255648775
H1144TS188_3  167.503646267615   853.5624282       0.196240650635066   0.207576024478914    52               0.314938490102484
H1144TS187_3  69.2946209131375   986.88673514      0.0702153737057853  0.175138118634294    60               0.385082612384669
H1144TS188_5  -122.154935118043  613.689873171     -0.199049944374763  0.119369271867708    45               0.259563626485504
H1144TS215_4  -203.02375291316   136.00608         -1.49275497766835   0.0154497573999358   15               0.0216235369140302
H1144TS215_1  -291.658251331322  236.10502         -1.23529034381108   0.0235342261507622   26               0.0294447137496759
H1144TS215_5  -333.447042514907  291.911164        -1.14228944842585   0.0273719648376066   20               0.0447814634326508
H1144TS225_1  -535.379019846786  995.1167664       -0.538006229945867  0.0715351413291315   63               0.189214421104824
H1144TS215_2  -580.811743631377  380.9839046       -1.52450467491843   0.0146651472587926   38               0.0232998884326073
H1144TS215_3  -602.754279267478  452.71369417      -1.33142488736189   0.0201201503160814   32               0.0306450667833908
H1144TS188_4  -935.57167751017   941.1623403       -0.994059831603496  0.0347759883320952   62               0.13900470462583
H1144TS225_3  -1622.79685716369  1386.70610386     -1.17025291274518   0.0261581481009989   77               0.0757347695430526
H1144TS187_5  -1981.93362636094  895.161514133318  -2.21405142543446   0.00469405958857005  54               0.0112049733780493
H1144TS187_4  -2947.23352047224  1830.69078875     -1.60990241420541   0.0127443956721651   90               0.0222112238433777
H1144TS239_1  3558.62961257888   934.7311739     3.80711557712484     0.990792857633614    62               0.886095463743772
H1144TS257_1  3062.00271518005   987.8849822     3.09955386543182     0.970666605380078    66               0.867774870941677
H1144TS257_2  2929.90989383075   1000.751478392  2.92770978319064     0.961314978721967    63               0.820863416006973
H1144TS227_2  2002.42159663621   784.4743532     2.55256476960401     0.930059777584894    54               0.754930575808109
H1144TS248_1  1566.56509420809   802.38547       1.95238467392498     0.830236990752995    48               0.765201885112566
H1144TS248_5  1512.27727578239   686.0518364     2.20431925919467     0.88155083266048     43               0.742056185969641
H1144TS248_4  1441.96828239737   722.783495      1.99502104346941     0.840018859341786    47               0.718023967624616
H1144TS248_2  1185.99780414759   748.32856       1.58486240876279     0.726069373818415    49               0.587795194120544
H1144TS239_2  998.193338389426   943.25965285    1.05823813768929     0.524246857211518    61               0.494526902067094
H1144TS239_3  871.765965568537   934.2444466     0.933124054139319    0.472163834705542    60               0.482332021820098
H1144TS245_1  712.154334116523   814.41541115    0.874436220590327    0.447871866582634    50               0.458595905568094
H1144TS239_4  452.693129895595   924.203653      0.489819671699129    0.299369814699308    60               0.422988843374041
H1144TS239_5  427.548337666778   928.18769811    0.460627024617287    0.289265300961694    60               0.380056514558112
H1144TS227_3  411.781619454021   902.6860985     0.456173657862109    0.28774173830907     58               0.379175492494946
H1144TS227_5  74.8724913521054   765.3768479     0.0978243483031092   0.181885328575488    47               0.315175585709702
H1144TS248_3  -34.6410819878834  673.3284327     -0.0514475259109067  0.147743164132111    44               0.227554150554123
H1144TS234_1  -198.630508581511  254.8708722     -0.77933781474112    0.0490060927062662   25               0.13247922754889
H1144TS227_1  -274.737332000682  980.43341064    -0.280220287292475   0.10586420432559     60               0.281298953772793
H1144TS234_4  -388.402595605993  327.5863423     -1.18564953861934    0.0255123491552449   32               0.0544818312567331
H1144TS234_3  -525.38568551492   255.6774698     -2.05487673953398    0.00611144868904623  19               0.00686397758100146
H1144TS234_5  -738.83070649058   306.8023144     -2.40816536190569    0.0034010114333704   25               0.00436586679955256
H1144TS234_2  -743.523615968529  372.9562778     -1.99359458528071    0.00676419859173305  32               0.00864356660194775
H1144TS225_5  -801.577218512841  939.8616646064  -0.852867234295091   0.0436002930647411   62               0.124233081404756
H1144TS227_4  -1067.95126685508  814.3183217     -1.31146658302564    0.0207865337040156   44               0.0758137828032626
H1144TS278_5  4051.32629943018   976.8579221       4.14730352057835     0.994756484864862    61               0.949834772753573
H1144TS257_3  3725.32405702993   979.2267993016    3.80435263790461     0.990750754959924    61               0.909402414518484
H1144TS257_5  3198.52521240417   1008.543647       3.17142963709946     0.973891765094915    61               0.857576945425205
H1144TS257_4  3011.34089284681   942.5879736       3.19475844927841     0.974862379149937    56               0.861744392258072
H1144TS278_1  2534.41273468793   960.730037594599  2.63800717736837     0.938774524738704    60               0.827624404229062
H1144TS278_2  1830.52172675637   909.87166203      2.0118460692273      0.843751471521856    55               0.62252510870265
H1144TS312_1  1811.96653657725   1072.41007685     1.68962095348783     0.759395507376402    61               0.60218820323112
H1144TS312_5  1712.47492866755   1149.50939495     1.4897441779865      0.693437677139595    66               0.61652442443034
H1144TS312_3  1521.84723859468   1093.21744662     1.3920810020915      0.657791618275999    65               0.60908698831593
H1144TS278_4  1312.4826574288    886.804912        1.48001284123334     0.68997905921621     54               0.544859148913198
H1144TS288_2  1305.0776546197    884.150048776     1.4760816406971      0.688575792403919    56               0.576841671277069
H1144TS298_4  1038.88863226408   819.0121213       1.26846551503423     0.6100309995941      51               0.566146499531121
H1144TS312_2  528.595147023029   625.7573587       0.844728615131552    0.43566224782315     40               0.466802922473997
H1144TS288_1  479.18425617637    931.2874106       0.514539604768893    0.30808217297736     57               0.42908029938085
H1144TS298_1  427.132870159232   970.52518226      0.440104881322703    0.282284356603341    61               0.397625244002213
H1144TS298_2  179.348048659165   952.9031517       0.18821225256649     0.205383673983465    61               0.358431056714504
H1144TS312_4  57.6853961410311   703.94132484      0.0819463130029233   0.177980594416198    46               0.304508594397714
H1144TS314_1  -27.9300186585416  686.85207316      -0.0406638048423498  0.150020577195206    42               0.248386100177993
H1144TS288_5  -631.765569393545  702.876378333318  -0.89882885364793    0.040515375138688    44               0.198624848347818
H1144TS298_3  -656.041097675597  953.9846335       -0.68768518342764    0.0566359329904992   60               0.236685038467339
H1144TS278_3  -778.817958000389  510.81786037      -1.52464903524765    0.0146616709673936   41               0.0392920119408439
H1144TS288_3  -836.005712265876  707.1654725       -1.18219249210569    0.0256559868713259   51               0.0525041926779378
H1144TS298_5  -881.187507824841  831.4453221       -1.05982616583759    0.0312785784953011   53               0.0992159685306942
H1144TS288_4  -1531.34655016715  785.8864075       -1.94855965894428    0.00728760450530558  49               0.0136407197529302
H1144TS315_1  7976.36599225082   4803.84634912     1.66041238885835    0.750388865526907   211              0.649711125002946
H1144TS314_5  2020.47908943487   734.251902848     2.75175192818416    0.948806220164809   47               0.723337290303671
H1144TS314_4  1863.96269460044   1080.88917007     1.72447161671509    0.769847922389211   64               0.68907075425472
H1144TS320_1  1114.90822154279   980.54448245      1.13702972327891    0.556848835618793   59               0.546403826895984
H1144TS314_3  911.167059478214   886.8480922       1.02742179578679    0.511423759852602   52               0.521265276703089
H1144TS320_2  909.358828969325   901.8082416       1.00837271941087    0.503488576477469   56               0.532137221608289
H1144TS320_4  712.154334116523   814.41541115      0.874436220590327   0.447871866582634   50               0.458595905568094
H1144TS350_1  711.770985538705   947.54678         0.751172396510814   0.39778265085999    60               0.484683342412417
H1144TS360_1  427.132870159232   970.52518226      0.440104881322703   0.282284356603341   61               0.397625244002213
H1144TS320_3  376.971208493771   895.61595323      0.420907205967291   0.275847334614785   53               0.44549280796014
H1144TS348_1  368.385259727958   987.1623882       0.373175947677337   0.260242844081163   61               0.348185481261363
H1144TS320_5  206.968745027797   893.586402        0.231615817524265   0.217441249360764   58               0.383774749311343
H1144TS348_2  180.137311168208   977.9656679       0.184195945809652   0.204293384624219   62               0.3911782663104
H1144TS360_2  179.348048659165   952.9031517       0.18821225256649    0.205383673983465   61               0.358431056714504
H1144TS314_2  122.299940006082   965.8641044       0.126622305818121   0.189136693593461   59               0.388022810033385
H1144TS350_2  50.9333112701124   581.36439359      0.0876099600039016  0.179365813733374   45               0.242149491003552
H1144TS350_3  -231.388854782613  908.2760952       -0.254756076930178  0.109949197122146   54               0.211433404077663
H1144TS348_3  -235.304119161277  932.59105085      -0.252312220824778  0.110348425271937   53               0.216538373049553
H1144TS350_4  -288.570258475591  355.3992442       -0.811960810792266  0.0465333723413324  26               0.238690956079589
H1144TS350_5  -339.833471248498  838.95632283      -0.405066940913156  0.0877215046529466  56               0.250724849528356
H1144TS348_5  -470.464833023439  903.485549549     -0.520722033969757  0.0734722152492805  56               0.219102185684292
H1144TS360_3  -656.041097675597  953.9846335       -0.68768518342764   0.0566359329904992  60               0.236685038467339
H1144TS360_4  -1223.70626653121  945.5171848       -1.29421895889714   0.0213797749875558  59               0.088866911516931
H1144TS348_4  -1408.55091926595  823.166723493318  -1.71113685607748   0.0107870698428179  45               0.0144413489978813
H1144TS374_1  3876.0417156688    993.6885668       3.90066047368434    0.992111536199245    62               0.911545719970565
H1144TS374_2  3855.04353734418   993.58226916      3.87994397344       0.991836672832338    60               0.90561588537723
H1144TS367_5  2293.60054758397   916.5310953       2.5024797951162     0.924431050642872    56               0.78761149942243
H1144TS374_5  2234.64520339892   917.55549719      2.43543329013067    0.916245068386151    56               0.802577003870693
H1144TS374_3  1359.9279316513    855.3451941       1.58991707796082    0.727741739710523    58               0.634517388446231
H1144TS367_4  1195.30968741078   1016.15165563     1.17631032807766    0.572938548115135    63               0.552939698962021
H1144TS390_1  1114.90822154279   980.54448245      1.13702972327891    0.556848835618793    59               0.546403826895984
H1144TS360_5  1114.90822154279   980.54448245      1.13702972327891    0.556848835618793    59               0.546403826895984
H1144TS390_2  909.358828969325   901.8082416       1.00837271941087    0.503488576477469    56               0.532137221608289
H1144TS374_4  761.893941006613   929.2733828       0.819881377330474   0.42550915340393     60               0.486176044607277
H1144TS385_1  712.154334116523   814.41541115      0.874436220590327   0.447871866582634    50               0.458595905568094
H1144TS390_4  712.154334116523   814.41541115      0.874436220590327   0.447871866582634    50               0.458595905568094
H1144TS367_3  416.761441184508   922.506650248     0.451770663195186   0.286240120597782    57               0.42526589564219
H1144TS390_3  376.971208493771   895.61595323      0.420907205967291   0.275847334614785    53               0.44549280796014
H1144TS390_5  206.968745027797   893.586402        0.231615817524265   0.217441249360764    58               0.383774749311343
H1144TS367_1  -247.52924039839   989.95967954      -0.25003971930797   0.11072079975314     60               0.295339780704286
H1144TS367_2  -524.966487951202  940.5176699       -0.558167597220176  0.0693352297064772   57               0.213062557631614
H1144TS397_4  -547.356401046815  490.0661073       -1.11690319508618   0.0285211940275134   32               0.091034942055991
H1144TS398_1  -755.547964299207  1161.68070865     -0.650392107464053  0.0600497528544438   63               0.229926915815728
H1144TS397_2  -1008.61935183616  545.6610874       -1.84843554932988   0.00859968710091741  31               0.0176123099692994
H1144TS397_3  -1774.84860551147  761.71644996      -2.33006469218916   0.00387198755597884  46               0.00786166450780764
H1144TS397_5  -1842.15812913809  878.4312682       -2.09709990505332   0.00569852449531522  45               0.0544740937159353
H1144TS397_1  -2543.4454765826   988.409606966636  -2.57327069532263   0.00258497490089199  49               0.00367517108567272
H1144TS398_2  -2641.72656427247  1168.59760491     -2.2605955661495    0.00434521245983593  74               0.0121474420897379
H1144TS439_1  3116.55667248291   932.664332843     3.34156304978753    0.980210291131738    61               0.87563124340812
H1144TS423_1  2398.82712353405   952.408008516     2.51869692619636    0.926297691582773    58               0.801884012341883
H1144TS434_2  2090.21400680424   931.667923        2.24351826997938    0.888204475191338    55               0.774691665089465
H1144TS434_3  1232.58137441659   1016.9596469663   1.21202584398851    0.587436108572231    65               0.55427375517278
H1144TS398_5  949.922708534135   1156.91979324     0.821079139698906   0.425997216393711    67               0.522705604400499
H1144TS423_2  887.835675843514   969.1586113       0.916089137001629   0.465094014055728    58               0.531477431994466
H1144TS399_2  406.936686892599   832.23736524      0.488967095072987   0.299071856626284    53               0.449370532640819
H1144TS423_3  69.2946209131375   986.88673514      0.0702153737057853  0.175138118634294    60               0.385082612384669
H1144TS433_2  -404.301700854035  232.625191        -1.73799621234501   0.0103197025660101   18               0.0118016416454092
H1144TS434_5  -433.483154020328  826.5410342       -0.524454486932873  0.0730498652674916   44               0.266497530084161
H1144TS434_1  -458.278963537879  952.81064037      -0.480975908665249  0.0781110542050437   65               0.230189115134279
H1144TS433_1  -538.779630434626  274.5441          -1.96245204480674   0.00712199389709189  17               0.00988177876711639
H1144TS433_3  -555.382334149225  287.0864867       -1.93454711342645   0.00745851960258015  27               0.0115746627667777
H1144TS399_4  -576.149266515598  725.575218523318  -0.794058633491053  0.0478752351498115   42               0.172332721777361
H1144TS399_1  -639.996329132512  707.16858221      -0.905012390585049  0.0401166367373619   46               0.0815269762704518
H1144TS433_4  -641.953154084849  483.143494        -1.32870081467939   0.0202098555898706   37               0.0324134157338586
H1144TS399_3  -741.111356071794  781.897137        -0.947837408530879  0.037456619676404    42               0.0863965560189079
H1144TS433_5  -797.798910823047  381.8881681       -2.08909041301886   0.00577466275153227  31               0.0101517832191612
H1144TS399_5  -1120.30789740081  610.1490958       -1.8361215399851    0.00877644006472328  43               0.0142621584520514
H1144TS423_5  -1981.93362636094  895.161514133318  -2.21405142543446   0.00469405958857005  54               0.0112049733780493
H1144TS434_4  -2005.87229973539  886.1339339       -2.26362203612638   0.00432344440807442  61               0.00683940408515975
H1144TS398_3  -2083.72775386478  889.331888823318  -2.34302601767916   0.00378955461496283  47               0.00929335797539792
H1144TS398_4  -2566.24428289002  1373.55058528332  -1.86832892096266   0.00832156794407857  77               0.052514486479883
H1144TS423_4  -2947.23352047224  1830.69078875     -1.60990241420541   0.0127443956721651   90               0.0222112238433777
H1144TS444_2  2357.99214151416   1024.77454001   2.30098626522391     0.897367464228548    67               0.803473805253725
H1144TS447_2  2160.63225597233   875.106611      2.46899318187453     0.920438653080625    56               0.876258901130979
H1144TS446_1  1951.44127201625   988.71640706    1.97371183291978     0.835188225195805    60               0.739032594914374
H1144TS447_3  1798.72623474456   1023.7427648    1.75700996050112     0.779315736806374    63               0.712848026630499
H1144TS444_4  1647.41547431668   1175.932878296  1.40094345920822     0.661108751874339    68               0.561573457338729
H1144TS444_3  1546.96020778036   1082.9142377    1.42851590082143     0.671327033749692    64               0.632463137159282
H1144TS447_1  1346.82875302081   1107.04361957   1.21659953520526     0.589282296797929    71               0.555327863531596
H1144TS444_1  1284.55412933214   1106.5053095    1.16091094936779     0.566647250245485    60               0.567610050936626
H1144TS444_5  1216.80554277104   974.56002167    1.24856911397404     0.602114141962629    59               0.544417470274504
H1144TS447_5  777.388733825335   1237.6634458    0.628109957083565    0.349823132610128    66               0.372140824868674
H1144TS439_5  660.419138728449   922.138074144   0.716182486382532    0.383899526166499    61               0.453080378855642
H1144TS439_2  427.548337666778   928.18769811    0.460627024617287    0.289265300961694    60               0.380056514558112
H1144TS446_2  170.225611249692   955.079225853   0.178231927406504    0.202682305879626    58               0.418929138843077
H1144TS446_3  2.11632480660786   1003.1140716    0.00210975487885665  0.159339545254255    62               0.37366791249377
H1144TS439_3  -136.499863463515  922.0268885     -0.148043256835579   0.128598753182783    60               0.270620796567156
H1144TS446_5  -225.411446859302  938.9062259     -0.240078764674535   0.112366015374593    58               0.29241566284659
H1144TS441_2  -404.301700854035  232.625191      -1.73799621234501    0.0103197025660101   18               0.0118016416454092
H1144TS441_1  -538.779630434626  274.5441        -1.96245204480674    0.00712199389709189  17               0.00988177876711639
H1144TS447_4  -554.2746673912    1076.13457456   -0.515060737285414   0.0741171181885656   62               0.219249549005257
H1144TS441_3  -555.382334149225  287.0864867     -1.93454711342645    0.00745851960258015  27               0.0115746627667777
H1144TS441_4  -641.953154084849  483.143494      -1.32870081467939    0.0202098555898706   37               0.0324134157338586
H1144TS439_4  -692.812729424097  949.325648695   -0.729794597224334   0.0530008123100735   61               0.201428094354043
H1144TS446_4  -773.749966407269  1043.486049     -0.741504850159496   0.0520297187263121   62               0.181881073452274
H1144TS441_5  -797.798910823047  381.8881681     -2.08909041301886    0.00577466275153227  31               0.0101517832191612
H1144TS494_1  2970.97685783901   1084.413601      2.73970822119835     0.947822392239599   65               0.815599238502096
H1151TS003_1  2751.58563802197   674.79302326     4.07767351347048     0.994115056762133   39               0.964016340832287
H1151TS003_3  2566.27429169732   744.7062471      3.44602224258327     0.983319664306706   46               0.864120953191397
H1151TS003_2  2376.42896063424   757.36430928     3.13776201428534     0.97242642928831    45               0.83632253577928
H1144TS493_4  1967.177470958     867.1518775507   2.26855009126471     0.892280522428309   52               0.797632026151009
H1144TS461_1  1951.44127201625   988.71640706     1.97371183291978     0.835188225195805   60               0.739032594914374
H1144TS494_2  1804.6431108334    1127.92862541    1.59996215201774     0.731046176174307   63               0.618532505880531
H1144TS494_3  1683.88221845764   1102.2827866     1.52763178281282     0.706695032207569   61               0.621477037405776
H1144TS494_4  1599.47273387949   1134.51108262    1.40983438450484     0.664420714814457   70               0.577465340192257
H1144TS494_5  1478.33564609256   954.5003257      1.5488058058109      0.713956133228403   60               0.671363104368977
H1144TS462_4  1351.76043888953   995.697970122    1.35760087843094     0.644740972334025   60               0.6151094377969
H1144TS462_5  1057.4850344609    930.6511218      1.13628513380566     0.556542579033156   59               0.552818340751509
H1144TS462_2  904.685218963324   898.150184       1.00727610490956     0.503031673225847   57               0.557890950924779
H1144TS462_1  874.89796661916    911.734323       0.959597488597739    0.483171978434901   56               0.51886859886213
H1144TS493_1  623.579376305755   763.7789459      0.816439598987583    0.424107511922257   46               0.47905570723329
H1144TS462_3  476.722515956102   878.86891484     0.542427326654158    0.318077462909443   55               0.478292664750726
H1144TS461_2  170.225611249692   955.079225853    0.178231927406504    0.202682305879626   58               0.418929138843077
H1144TS493_5  103.381645728979   799.7738101      0.129263604813531    0.189812751320166   54               0.335022068420366
H1144TS493_2  17.1266761598122   842.4676098341   0.0203291805642056   0.163449242395216   56               0.283656820590489
H1144TS477_1  6.8825615456177    906.3689377201   0.00759355408067077  0.160567622678667   62               0.264629566576994
H1144TS461_3  2.11632480660786   1003.1140716     0.00210975487885665  0.159339545254255   62               0.37366791249377
H1144TS493_3  -58.7806466513275  1041.4477767704  -0.0564412810343792  0.146698251507192   52               0.376483841547873
H1144TS461_5  -225.411446859302  938.9062259      -0.240078764674535   0.112366015374593   58               0.29241566284659
H1144TS461_4  -773.749966407269  1043.486049      -0.741504850159496   0.0520297187263121  62               0.181881073452274
H1151TS011_3  2916.1443416551    720.57082925  4.04699194483121   0.99380820931501    44               0.891610176046562
H1151TS054_3  2899.23868656792   747.420408    3.87899320855568   0.991823832751332   43               0.904953524525749
H1151TS011_1  2867.19930111457   686.38275999  4.17726007738939   0.995010578821375   40               0.968444570336602
H1151TS011_5  2829.11195999559   731.777289    3.86608330501986   0.991647489250836   47               0.890423186793146
H1151TS011_2  2827.95248091156   693.98255819  4.07496189570994   0.994088557955896   41               0.955003697251236
H1151TS035_4  2806.43269539131   717.4521268   3.91166544854866   0.992253794056896   41               0.930004295749913
H1151TS003_4  2795.79712665203   669.1510423   4.17812563967971   0.995017735554873   39               0.976898547301865
H1151TS011_4  2761.28314267418   742.4868083   3.71896592883101   0.989351281294871   44               0.897242740725484
H1151TS003_5  2688.24035607638   752.3881797   3.57294336701071   0.986456853279186   46               0.87321210012181
H1151TS035_3  2647.57968326523   740.847603    3.57371701351813   0.986474068659204   45               0.896136157546514
H1151TS054_2  2641.18796550638   653.7001902   4.04036591254212   0.993739882444153   38               0.965685768901817
H1151TS035_1  2637.78410009619   753.42568324  3.50105413018676   0.984759236746066   46               0.868327026824976
H1151TS035_5  2622.86406013197   749.4946003   3.49951028210492   0.984720570510147   46               0.886858971810151
H1151TS037_1  2552.47797058325   646.5776634   3.94767421621272   0.992701711509316   40               0.960338266506356
H1151TS054_1  2501.05488069019   769.687472    3.24944210692595   0.977001746877865   49               0.866925697699197
H1151TS054_4  2467.56146437091   788.76241346  3.12839636151862   0.972004788935436   47               0.82032046024432
H1151TS037_3  2307.38398636261   739.86444032  3.11865777109742   0.971559719902143   50               0.828678123823177
H1151TS054_5  2299.56271529501   725.89960926  3.16787980866836   0.973740909160288   47               0.85074976168909
H1151TS037_5  2160.56239804093   613.5903622   3.52118046687425   0.985254578638048   37               0.907940451476414
H1151TS035_2  2157.13942179173   702.4153238   3.07103126697437   0.969282356965115   40               0.857903671138841
H1151TS037_2  1826.10309870612   572.4886036   3.18976323235601   0.974657551581543   36               0.890701720916561
H1151TS037_4  1534.92002562104   892.16432065  1.72044542702935   0.768656822158501   52               0.629030316575546
H1151TS067_1  -409.90973364295   233.967556    -1.75199391168128  0.010084135383518   17               0.0450244753860542
H1151TS067_2  -494.410498649154  287.2478729   -1.72119811944186  0.0106095952258869  24               0.0313811457405694
H1151TS086_5  2795.79712665203  669.1510423     4.17812563967971   0.995017735554873  39               0.976898547301865
H1151TS074_3  2653.73761039922  742.1097313     3.57593695173691   0.986523347559723  46               0.858470148843161
H1151TS086_2  2649.34333599404  687.81593311    3.85182024501072   0.991448274834685  39               0.946124807933545
H1151TS074_5  2566.28359376305  661.9958268     3.8765857575993    0.991791230483892  41               0.930037861146577
H1151TS086_4  2559.7805804189   742.27892402    3.44854272105121   0.983388426504368  43               0.877681448493085
H1151TS074_1  2533.66922613262  736.2224789     3.44144507774091   0.98319407665862   43               0.88778158421795
H1151TS071_4  2462.30388451032  727.79220005    3.38325126916881   0.981514051891821  46               0.831192372643388
H1151TS086_3  2436.65284921026  753.4103642     3.23416422841168   0.976422604349809  47               0.844359566344207
H1151TS071_1  2405.0842850137   701.05751943    3.43065186287306   0.982894242718203  47               0.862673970831264
H1151TS071_2  2403.87252574257  745.433192      3.22479942071398   0.97606059993067   44               0.835331772661019
H1151TS074_4  2378.31674875096  745.8694815     3.18865003561747   0.974611684215489  44               0.847316209088717
H1151TS086_1  2376.42896063424  757.36430928    3.13776201428534   0.97242642928831   45               0.83632253577928
H1151TS091_1  2369.66835963327  1598.939352     1.4820251666639    0.690696022422443  93               0.595135671749612
H1151TS074_2  2297.87632517482  749.89900626    3.06424772668403   0.968943942391237  46               0.826967574119584
H1151TS073_5  2185.45243947977  919.3462152     2.37718109167865   0.908487189532355  55               0.6859517135183
H1151TS071_3  2164.86467633276  728.94540674    2.96985845073707   0.963844378875096  45               0.800682156993508
H1151TS073_4  2137.9443606116   828.2297532     2.58134213646794   0.933116029945196  48               0.812278923186601
H1151TS073_1  2054.33729273333  882.4378274     2.32802496555049   0.901444171920056  55               0.753520375111844
H1151TS071_5  1795.26394017979  734.399489      2.44453320988053   0.917401625268177  51               0.724327010437901
H1151TS091_4  1615.42866309383  1019.3649093    1.58474031071283   0.726028897951024  59               0.693563089047783
H1151TS073_3  1530.93317974015  1080.360348161  1.41705791252531   0.667099712574025  65               0.519097633335106
H1151TS091_2  1427.68306294741  823.71372644    1.73322723310403   0.772423299493447  54               0.643358623646557
H1151TS073_2  936.026979256743  691.394123      1.35382547828909   0.643298403937708  46               0.587798289530016
H1151TS091_3  545.924715427623  1340.64875877   0.407209354319241  0.271310378299822  78               0.387188847520614
H1151TS098_3  3118.89747294635   682.676         4.5686350083295     0.997395028084002   39               0.991466926270571
H1151TS119_4  2939.21335347208   681.9753715     4.30985263735742    0.995995887067946   40               0.974571548693612
H1151TS125_3  2899.23868656792   747.420408      3.87899320855568    0.991823832751332   43               0.904953524525749
H1151TS119_1  2762.81308984379   677.3755242     4.07870227243117    0.994125079201138   39               0.969401844063722
H1151TS098_2  2653.72037291752   747.13692321    3.55185280030878    0.985979126493525   45               0.887882664255268
H1151TS125_2  2641.18796550638   653.7001902     4.04036591254212    0.993739882444153   38               0.965685768901817
H1151TS098_1  2507.70539184024   761.6068420826  3.29265081834476    0.978565473716035   52               0.849027746036019
H1151TS125_1  2501.05488069019   769.687472      3.24944210692595    0.977001746877865   49               0.866925697699197
H1151TS119_2  2489.66204077312   651.7531248     3.81994645831136    0.990985904249683   42               0.944757606634406
H1151TS119_5  2473.62173278678   681.81977232    3.6279700783242     0.987628975970504   40               0.945033485447268
H1151TS125_4  2467.56146437091   788.76241346    3.12839636151862    0.972004788935436   47               0.82032046024432
H1151TS098_5  2407.62880250406   738.28008898    3.26113197205469    0.977435474780891   45               0.857508134836112
H1151TS092_1  2359.36042327196   754.71136311    3.12617583171075    0.97190390632414    46               0.846178129186589
H1151TS125_5  2299.56271529501   725.89960926    3.16787980866836    0.973740909160288   47               0.85074976168909
H1151TS097_3  2286.41394908733   1064.93533663   2.14699791662723    0.871205883806673   56               0.746292312112542
H1151TS098_4  2200.903473771     750.881985      2.9310910605626     0.961524009082872   52               0.799832490183545
H1151TS097_2  2068.18374697858   913.333564      2.264434187572      0.891619405692555   51               0.737367140381774
H1151TS097_1  2041.15356519954   900.0466854     2.26783076734782    0.892165237338091   50               0.787940884535531
H1151TS091_5  1413.82920033855   950.783348251   1.48701510490202    0.69246990824678    53               0.647683881639706
H1151TS097_4  1175.04242750628   804.2428491     1.46105424353009    0.683179818280541   47               0.62247826338057
H1151TS097_5  -560.561321754688  570.042496      -0.983367600991433  0.0353791428567556  36               0.0927367426254915
H1151TS119_3  -627.609564671592  1193.408712276  -0.525896583639524  0.0728872829594713  66               0.214212144370521
H1151TS131_1  -627.609564671592  1193.408712276  -0.525896583639524  0.0728872829594713  66               0.214212144370521
H1151TS131_2  -1316.33813528884  1041.986558     -1.26329665693138   0.0224850905972137  63               0.0790812900757815
H1151TS147_1  4501.6734859372    1516.9669494     2.96754882347156   0.963709994434656    82               0.939274778071906
H1151TS147_4  4216.10942874478   1327.803569811   3.17525086134909   0.974053211825926    76               0.912269393027753
H1151TS147_5  3859.32988376962   1336.3087727     2.88805249401445   0.958780635855868    71               0.893127388394457
H1151TS147_3  3161.19880595514   1444.2692565029  2.1887877151173    0.87882104402251     77               0.713809298025908
H1151TS147_2  3022.99720306233   1619.5353125     1.86658307462026   0.809120439454608    86               0.702770182949375
H1151TS133_2  2998.36409831584   699.7608836      4.28484096294496   0.995826154635842    44               0.967361274641104
H1151TS133_4  2980.22849962478   696.594604       4.27828249388044   0.995780474547363    42               0.931602733450047
H1151TS150_4  2807.20436165442   678.97579588     4.13446897325122   0.994643720303759    39               0.96607228949631
H1151TS150_3  2797.03178600962   750.67468925     3.72602383704203   0.989474499500049    49               0.869475666586682
H1151TS158_5  2795.79712665203   669.1510423      4.17812563967971   0.995017735554873    39               0.976898547301865
H1151TS150_1  2763.03364121216   677.3755242      4.07902786932755   0.994128247714949    39               0.969408912102804
H1151TS133_1  2761.73417993949   764.7922376      3.61109075662967   0.987280499787683    46               0.850475184932695
H1151TS158_3  2752.75231464866   674.527216422    4.08100999875219   0.994147499994066    39               0.967291744944302
H1151TS150_2  2660.80518871554   751.1186707      3.54245646195403   0.985760974505619    47               0.856343277544458
H1151TS133_5  2623.09197733111   701.795091       3.73768926424581   0.989675071251119    43               0.91166938157741
H1151TS158_1  2566.27429169732   744.7062471      3.44602224258327   0.983319664306706    46               0.864120953191397
H1151TS150_5  2562.82879447072   725.840244089    3.53084417038258   0.985486749442612    44               0.872314811181076
H1151TS133_3  2440.49207152995   741.333647       3.29202927913233   0.978543734875579    44               0.847908092942143
H1151TS158_2  2376.42896063424   757.36430928     3.13776201428534   0.97242642928831     45               0.83632253577928
H1151TS158_4  2361.22931137061   763.01876822     3.09458876991844   0.970430067286071    46               0.828275360603078
H1151TS131_5  -972.045075482971  753.009181649    -1.29088077432776  0.0214964917685983   47               0.0972941844386978
H1151TS165_1  -1324.02720979728  985.771636517    -1.34313786352732  0.0197388590602531   56               0.128296931756369
H1151TS131_4  -1707.42521391538  1012.860056798   -1.68574641921722  0.0112481020371547   59               0.0339614114252167
H1151TS131_3  -2167.01800049434  1104.2864187     -1.96236951192918  0.00712296665029399  66               0.0182281932954846
H1151TS169_2  3118.89747294635   682.676           4.5686350083295     0.997395028084002    39               0.991466926270571
H1151TS180_4  2689.68156932772   739.5665672       3.63683499040642    0.987808200352543    44               0.883406941389963
H1151TS169_3  2679.00683205936   660.8771155       4.05371402523523    0.993876769302211    39               0.944340831665316
H1151TS169_4  2653.72037291752   747.13692321      3.55185280030878    0.985979126493525    45               0.887882664255268
H1151TS180_5  2639.90481520916   679.2612614       3.88643511006081    0.991923802871896    40               0.948694518615702
H1151TS187_4  2634.20236555239   696.1911439       3.78373437903249    0.990430486340303    41               0.928579288349683
H1151TS187_5  2594.36879781923   788.027959256     3.29222937758281    0.978550735834572    45               0.840361343203423
H1151TS169_5  2588.31595811178   746.0768784       3.46923491807247    0.98394250157815     45               0.880917341146457
H1151TS180_2  2557.95970058353   674.8117394       3.79062715011139    0.990538757242453    40               0.948538646441235
H1151TS185_5  2556.41819888181   802.17928101      3.18684146973118    0.974536992916672    51               0.783843070917329
H1151TS180_1  2500.8623631175    727.48786847      3.43766882103084    0.983089764915669    44               0.881860924156464
H1151TS180_3  2482.02213219998   677.71660861      3.66233039100314    0.988309476392097    41               0.91744814579057
H1151TS169_1  2383.13069970984   722.70945369      3.29749484739972    0.97873416094051     44               0.853181596916057
H1151TS185_3  2361.05788340472   712.6979508       3.31284505694796    0.979260178319564    43               0.825328799319164
H1151TS185_1  2318.85057333945   789.19029099      2.93826545994447    0.96196394456686     47               0.767530288797132
H1151TS185_4  2063.6979813244    844.92253445      2.44247004569212    0.917140687525509    56               0.696825054685427
H1151TS185_2  1961.49629954097   789.14784479      2.48558785592698    0.92244066229177     47               0.693998537217112
H1151TS187_2  -287.187638980575  441.534817        -0.650430335102147  0.0600461567679183   32               0.157110358705097
H1151TS187_1  -805.136078844554  447.557203        -1.79895681143703   0.00933201932043592  32               0.0151556041513539
H1151TS187_3  -825.122949043513  430.9967403       -1.91445287606857   0.00771057959393279  33               0.0103958724117419
H1151TS165_4  -2654.25025954789  1215.7297217      -2.18325686389928   0.00494004718576863  70               0.0107722231485287
H1151TS165_2  -3034.60400346337  1455.579052       -2.08480879090267   0.0058157778248753   86               0.0240872555996115
H1151TS165_3  -3368.81873620417  1528.65779757332  -2.20377558767701   0.00477475711579084  85               0.0076798776677366
H1151TS165_5  -3411.70397066036  1650.803089716    -2.06669347296127   0.00599297819199185  86               0.0153111649945281
H1151TS227_2  2998.36409831584  699.7608836      4.28484096294496    0.995826154635842  44               0.967361274641104
H1151TS227_4  2980.22849962478  696.594604       4.27828249388044    0.995780474547363  42               0.931602733450047
H1151TS205_1  2891.72198687644  768.2005162      3.76428019233924    0.990118239188949  42               0.859311413678076
H1151TS205_5  2869.57617988649  741.682057392    3.86901119055903    0.991687810655814  45               0.900461696378532
H1151TS227_1  2761.73417993949  764.7922376      3.61109075662967    0.987280499787683  46               0.850475184932695
H1151TS205_3  2691.30044089172  784.112082       3.43229048840459    0.98294009964242   47               0.850108905500626
H1151TS188_5  2653.72037291752  747.13692321     3.55185280030878    0.985979126493525  45               0.887882664255268
H1151TS205_4  2619.94231900009  1041.00870024    2.51673431585737    0.926074066697322  66               0.776560311374781
H1151TS188_4  2507.70539184024  761.6068420826   3.29265081834476    0.978565473716035  52               0.849027746036019
H1151TS227_3  2440.49207152995  741.333647       3.29202927913233    0.978543734875579  44               0.847908092942143
H1151TS215_3  2418.15606231134  623.9932809      3.87529182818055    0.991773654552895  40               0.899104267758832
H1151TS225_2  2082.69259320224  947.48747446     2.19812150486657    0.880467969315     60               0.740454198895125
H1151TS225_3  2076.49669590082  851.4069333      2.43890038321916    0.916687444576954  49               0.760082354462932
H1151TS215_2  2021.32176761501  656.0687259      3.08096040524131    0.96977126704397   43               0.823825908394378
H1151TS205_2  1999.728780589    648.51186183     3.08356546470264    0.969898286446328  39               0.820562268000694
H1151TS188_3  1498.96718442551  797.930751       1.87856801175658    0.812186419943645  51               0.713288620122385
H1151TS188_2  1450.46501456856  763.6033141      1.89950068024274    0.817450323772069  46               0.655639582283905
H1151TS225_4  1216.83673519452  1237.8650383     0.983012442831117   0.492922323963875  68               0.510000063673313
H1151TS215_5  1146.62110272944  699.1962026      1.63991322959945    0.743934943310022  43               0.664719431251376
H1151TS188_1  600.807695789409  885.733501       0.678316553580837   0.369086187469945  52               0.455188664865098
H1151TS215_1  594.793980235035  601.6266894      0.988642942067981   0.495268033810371  37               0.553905910688022
H1151TS225_1  435.784595408759  1531.8378305176  0.28448481081154    0.232807589405192  87               0.39638427206568
H1151TS225_5  200.204201306526  941.7868951      0.212579090182889   0.212090831232529  59               0.379637035562306
H1151TS215_4  -152.83030889421  434.142408       -0.352028058254585  0.095058303188025  31               0.195031719588803
H1151TS239_2  2705.80128697859   657.361576        4.11615370561085   0.994478613073633    40               0.940625724513816
H1151TS248_4  2658.7683031342    749.2242082       3.54869513562816   0.985906185996223    45               0.884388601801192
H1151TS248_1  2647.57968326523   740.847603        3.57371701351813   0.986474068659204    45               0.896136157546514
H1151TS227_5  2623.09197733111   701.795091        3.73768926424581   0.989675071251119    43               0.91166938157741
H1151TS248_2  2622.86406013197   749.4946003       3.49951028210492   0.984720570510147    46               0.886858971810151
H1151TS248_3  2577.13563057983   722.80700526      3.56545469513375   0.986289092503736    43               0.900112736359255
H1151TS248_5  2461.5460030577    648.070945707     3.79826625366197   0.99065733440156     39               0.951885107638379
H1151TS278_1  2411.99175873047   787.04447272      3.06461939869129   0.96896257730662     47               0.798365251334138
H1151TS239_3  2390.38182826617   690.22472516      3.46319356744582   0.983782638523983    43               0.880990782306916
H1151TS239_1  2306.99794148852   695.7672153       3.31576120684817   0.979358658858623    43               0.877015787021993
H1151TS257_5  1959.76573293777   1042.7695185      1.87938532740855   0.81239411997652     56               0.631875421532923
H1151TS278_2  1896.03886667483   653.936352        2.89942417312631   0.959523177911264    39               0.853512201935538
H1151TS245_1  1842.73165031403   877.3969379       2.10022575953423   0.862203052882589    48               0.720855783340764
H1151TS239_5  1655.10258671579   653.77125499      2.53162336839221   0.927755070050061    41               0.769994336235181
H1151TS239_4  1363.85538118172   590.237029        2.31069098374329   0.898847578630498    44               0.743444838124387
H1151TS257_4  1220.86512598298   829.63755416      1.47156444384812   0.686959064825611    55               0.594592527702991
H1151TS257_1  1189.73882219516   909.586955        1.30799899410954   0.625587167264019    52               0.559726291112352
H1151TS257_3  1055.91722253433   903.562187633318  1.1686159923315    0.569797903825154    57               0.549896080918486
H1151TS257_2  980.692789535201   974.6243431       1.00622644660803   0.502594329471301    64               0.551482307304279
H1151TS234_4  -1267.6373913301   453.8763213       -2.7929136900099   0.00179398045823315  30               0.00350742349149398
H1151TS234_3  -1317.2619966099   508.96464         -2.58812084982937  0.00252194073086409  30               0.0047879316766849
H1151TS234_1  -1332.0799801769   465.75348641      -2.86005369588211  0.00160436301293648  28               0.00423287752000515
H1151TS234_5  -1537.86288783343  588.0770361       -2.61507046429191  0.00241143857311299  36               0.00312164666957369
H1151TS234_2  -1542.11644217667  562.2208462       -2.74290157079677  0.0019496199796607   32               0.00273832707868216
H1151TS298_2  2843.49389131261   686.13613066  4.1442124445151     0.9947295443952      42               0.970428297038794
H1151TS298_4  2830.05947409169   738.1222633   3.83413374017341    0.991194691824643    46               0.917759727128641
H1151TS298_5  2812.45604774447   679.8538935   4.13685363080806    0.994664852860334    39               0.967238044816021
H1151TS298_1  2730.57386351981   687.41478738  3.97223614279098    0.992992394214639    39               0.951000492491126
H1151TS288_3  2653.73761039922   742.1097313   3.57593695173691    0.986523347559723    46               0.858470148843161
H1151TS291_2  2637.16260390406   752.90894     3.50263154519597    0.984798644176442    46               0.903930821183284
H1151TS291_5  2584.36569171737   755.3470071   3.42142838645712    0.98263385542715     44               0.912785047344317
H1151TS288_5  2566.28359376305   661.9958268   3.8765857575993     0.991791230483892    41               0.930037861146577
H1151TS288_1  2533.66922613262   736.2224789   3.44144507774091    0.98319407665862     43               0.88778158421795
H1151TS291_1  2520.41785428735   674.9941285   3.73398485685843    0.989611792080886    38               0.961473341583047
H1151TS288_4  2378.31674875096   745.8694815   3.18865003561747    0.974611684215489    44               0.847316209088717
H1151TS288_2  2297.87632517482   749.89900626  3.06424772668403    0.968943942391237    46               0.826967574119584
H1151TS291_3  2281.11292693067   731.84377676  3.11693970676303    0.971480492017255    44               0.891626781600916
H1151TS298_3  2157.74292412721   780.07250422  2.76607996366281    0.949953792064099    49               0.775437924687201
H1151TS291_4  1999.1892627592    736.2457776   2.7153829924514     0.94578059045195     47               0.839976006663768
H1151TS278_3  1812.13859147643   608.0813721   2.98009226169556    0.964434085548377    36               0.87177978758487
H1151TS312_3  1546.90661829159   575.6648088   2.68716550785203    0.943317773594169    37               0.77835846323224
H1151TS312_1  1054.42149513116   559.015337    1.88621210428643    0.814122073608312    34               0.587091553280453
H1151TS278_4  840.162210723284   886.4557288   0.947776841445445   0.478254077283092    59               0.50171668590358
H1151TS312_5  758.391508873686   563.5759801   1.34567748742435    0.640176237301541    32               0.564694968731678
H1151TS314_1  -306.274640896113  1090.141697   -0.280949386432022  0.105749235538385    59               0.208220944612197
H1151TS312_2  -438.853251859065  497.5778878   -0.881979007948723  0.0416212707692911   35               0.109756812600593
H1151TS312_4  -639.645835514544  590.4955303   -1.08323569390876   0.0301177641257619   34               0.0556085317080391
H1151TS278_5  -1011.76396152362  382.6463139   -2.64412310995901   0.00229771787182403  29               0.00340790394428887
H1151TS320_2  2939.21335347208   681.9753715    4.30985263735742   0.995995887067946    40               0.974571548693612
H1151TS348_4  2854.97327555922   713.886223122  3.99919928847165   0.993298271273166    43               0.921000308851339
H1151TS320_4  2784.10986255154   750.67233155   3.70882173957692   0.989171679117181    49               0.868171687976549
H1151TS320_5  2765.40258456812   678.97437499   4.07291156549      0.994068442747502    39               0.964710733712065
H1151TS320_1  2762.81308984379   677.3755242    4.07870227243117   0.994125079201138    39               0.969401844063722
H1151TS314_5  2762.81308984379   677.3755242    4.07870227243117   0.994125079201138    39               0.969401844063722
H1151TS348_1  2729.2925865799    773.866058902  3.52682813154043   0.985390704594966    45               0.835203061874985
H1151TS320_3  2681.86673942783   751.1261829    3.5704609964114    0.986401468889806    47               0.856428817097364
H1151TS348_2  2681.86673942783   751.1261829    3.5704609964114    0.986401468889806    47               0.856428817097364
H1151TS350_2  2637.16260390406   752.90894      3.50263154519597   0.984798644176442    46               0.903930821183284
H1151TS350_5  2584.36569171737   755.3470071    3.42142838645712   0.98263385542715     44               0.912785047344317
H1151TS348_3  2562.86579559908   791.734668     3.23702611390395   0.976532163346591    46               0.811002557412223
H1151TS350_1  2520.41785428735   674.9941285    3.73398485685843   0.989611792080886    38               0.961473341583047
H1151TS350_3  2281.11292693067   731.84377676   3.11693970676303   0.971480492017255    44               0.891626781600916
H1151TS350_4  1999.1892627592    736.2457776    2.7153829924514    0.94578059045195     47               0.839976006663768
H1151TS314_4  1674.81035432288   776.3348933    2.15732974103958   0.873125722437171    42               0.74264874850727
H1151TS314_2  1581.11557040498   793.1760963    1.99339790719936   0.839654977023727    48               0.697653690241333
H1151TS314_3  867.534109263741   866.6005539    1.00107726144362   0.500448858814266    54               0.549332794559733
H1151TS333_3  486.17398011087    851.8589896    0.570721194524411  0.328392472959331    57               0.430582427726956
H1151TS348_5  -71.4112823657804  694.233362     -0.10286351286843  0.13727546383454     41               0.288274668113653
H1151TS333_2  -1024.26481590385  850.051281     -1.20494473545044  0.0247249207284627   52               0.040484262827365
H1151TS333_4  -1245.49551968772  629.0820597    -1.97986176919698  0.00691971943871245  43               0.0218376046617827
H1151TS333_5  -1741.37671525614  1348.9740884   -1.29088966958703  0.0214961799268508   77               0.0775164896664357
H1151TS390_2  2939.21335347208   681.9753715   4.30985263735742   0.995995887067946    40               0.974571548693612
H1151TS367_5  2795.79712665203   669.1510423   4.17812563967971   0.995017735554873    39               0.976898547301865
H1151TS390_1  2762.81308984379   677.3755242   4.07870227243117   0.994125079201138    39               0.969401844063722
H1151TS360_2  2756.92012357013   736.463522    3.74345781048763   0.989772851625301    44               0.869413787795935
H1151TS367_2  2688.24035607638   752.3881797   3.57294336701071   0.986456853279186    46               0.87321210012181
H1151TS360_5  2687.57649203772   734.4949177   3.65908112809495   0.988246741459611    48               0.860122905614048
H1151TS390_3  2681.86673942783   751.1261829   3.5704609964114    0.986401468889806    47               0.856428817097364
H1151TS360_1  2681.86673942783   751.1261829   3.5704609964114    0.986401468889806    47               0.856428817097364
H1151TS360_4  2642.39882045927   742.58742291  3.55836732341145   0.986128434941093    47               0.845126534412953
H1151TS374_4  2612.85329231273   738.1098203   3.53992484648254   0.985701628871199    44               0.886311623687967
H1151TS360_3  2562.86579559908   791.734668    3.23702611390395   0.976532163346591    46               0.811002557412223
H1151TS367_4  2550.95831486327   657.041972    3.88248913094287   0.991870946847689    39               0.950746569055384
H1151TS367_3  2532.97917946759   651.199155    3.88971508949147   0.991967478352371    39               0.954252233277492
H1151TS374_5  2427.01503495192   874.84959     2.77420834700502   0.950593940524675    51               0.754376703419822
H1151TS367_1  2386.78786603778   730.9979771   3.26510871549412   0.977581194030005    43               0.864927926084929
H1151TS374_3  2312.20928103266   767.95328816  3.01087229741885   0.966152411089157    46               0.818825092907229
H1151TS385_1  1842.73165031403   877.3969379   2.10022575953423   0.862203052882589    48               0.720855783340764
H1151TS374_1  1668.52995433735   732.96627     2.2764075546578    0.893532784534183    44               0.705055274368142
H1151TS374_2  1410.52463215166   721.5263806   1.95491761642688   0.83083116461716     46               0.689865185824435
H1151TS368_3  486.17398011087    851.8589896   0.570721194524411  0.328392472959331    57               0.430582427726956
H1151TS368_2  -1024.26481590385  850.051281    -1.20494473545044  0.0247249207284627   52               0.040484262827365
H1151TS368_4  -1245.49551968772  629.0820597   -1.97986176919698  0.00691971943871245  43               0.0218376046617827
H1151TS368_5  -1741.37671525614  1348.9740884  -1.29088966958703  0.0214961799268508   77               0.0775164896664357
H1151TS399_3  2899.23868656792   747.420408      3.87899320855568    0.991823832751332    43               0.904953524525749
H1151TS434_1  2867.19930111457   686.38275999    4.17726007738939    0.995010578821375    40               0.968444570336602
H1151TS434_2  2827.95248091156   693.98255819    4.07496189570994    0.994088557955896    41               0.955003697251236
H1151TS390_4  2784.10986255154   750.67233155    3.70882173957692    0.989171679117181    49               0.868171687976549
H1151TS390_5  2765.40258456812   678.97437499    4.07291156549       0.994068442747502    39               0.964710733712065
H1151TS399_2  2641.18796550638   653.7001902     4.04036591254212    0.993739882444153    38               0.965685768901817
H1151TS423_4  2634.20236555239   696.1911439     3.78373437903249    0.990430486340303    41               0.928579288349683
H1151TS423_5  2594.36879781923   788.027959256   3.29222937758281    0.978550735834572    45               0.840361343203423
H1151TS399_1  2501.05488069019   769.687472      3.24944210692595    0.977001746877865    49               0.866925697699197
H1151TS399_4  2467.56146437091   788.76241346    3.12839636151862    0.972004788935436    47               0.82032046024432
H1151TS433_3  2423.58622780984   761.393891      3.18309124417421    0.974381431178385    47               0.84085436598058
H1151TS433_1  2395.71553525138   802.6104698     2.98490441552346    0.9647081658181      48               0.794228758282752
H1151TS399_5  2299.56271529501   725.89960926    3.16787980866836    0.973740909160288    47               0.85074976168909
H1151TS433_4  2201.24597093854   827.534751      2.66000426964371    0.940848144067903    49               0.747448287673404
H1151TS433_2  2127.6000407695    851.5008982     2.49864685435689    0.923983567773147    51               0.754166326508402
H1151TS433_5  2061.29275252538   840.6681541     2.4519695940334     0.918335944124614    50               0.767051211485305
H1151TS423_2  -287.187638980575  441.534817      -0.650430335102147  0.0600461567679183   32               0.157110358705097
H1151TS423_1  -805.136078844554  447.557203      -1.79895681143703   0.00933201932043592  32               0.0151556041513539
H1151TS423_3  -825.122949043513  430.9967403     -1.91445287606857   0.00771057959393279  33               0.0103958724117419
H1151TS398_1  -1633.03872299787  1008.12751803   -1.61987317456528   0.0125369933723748   61               0.0320486005644985
H1151TS398_2  -1936.6834486172   872.7821141     -2.21897701308221   0.00465586100555954  47               0.00662834641234859
H1151TS398_3  -1958.33797720639  762.4500122     -2.56848048510844   0.00260564113517953  45               0.00351442799384854
H1151TS398_4  -2120.14206987535  989.0091561     -2.14370317686016   0.00527490735102881  55               0.0111091862825014
H1151TS398_5  -2292.09190644145  874.4217394756  -2.62126592119729   0.00238672587115163  53               0.00565086564498688
H1151TS447_1  3785.53683306055  1074.5567369    3.52288222954284   0.985295727306472  62               0.911642678495798
H1151TS444_3  2971.06849334494  712.508592757   4.16987040373591   0.994949060825533  42               0.976320925253153
H1151TS434_3  2916.1443416551   720.57082925    4.04699194483121   0.99380820931501   44               0.891610176046562
H1151TS434_5  2829.11195999559  731.777289      3.86608330501986   0.991647489250836  47               0.890423186793146
H1151TS434_4  2761.28314267418  742.4868083     3.71896592883101   0.989351281294871  44               0.897242740725484
H1151TS439_2  2705.80128697859  657.361576      4.11615370561085   0.994478613073633  40               0.940625724513816
H1151TS444_5  2657.17660542364  982.4450128     2.70465682130199   0.944856526907462  59               0.841716535522324
H1151TS446_3  2626.67781551059  684.4449451     3.83767581938505   0.991246066816447  39               0.958519604165789
H1151TS446_5  2542.97371953385  659.1070075     3.85821071631354   0.99153810745085   37               0.948660868255579
H1151TS446_2  2502.11705797716  681.80636572    3.66983528429641   0.988453114616676  40               0.948056934429573
H1151TS446_1  2476.27116941557  651.754138      3.79939462603852   0.990674724209074  42               0.944373992892499
H1151TS446_4  2444.85713227944  674.6648317     3.62380995333485   0.987543975037599  40               0.911422376708715
H1151TS444_2  2436.35968626613  845.2209417554  2.88251221178473   0.958414163021358  49               0.836706775799519
H1151TS441_3  2423.58622780984  761.393891      3.18309124417421   0.974381431178385  47               0.84085436598058
H1151TS441_1  2395.71553525138  802.6104698     2.98490441552346   0.9647081658181    48               0.794228758282752
H1151TS439_3  2390.38182826617  690.22472516    3.46319356744582   0.983782638523983  43               0.880990782306916
H1151TS439_1  2322.84272306086  693.8840503     3.34759492174028   0.980404363777076  42               0.872466803104619
H1151TS441_4  2201.24597093854  827.534751      2.66000426964371   0.940848144067903  49               0.747448287673404
H1151TS441_2  2127.6000407695   851.5008982     2.49864685435689   0.923983567773147  51               0.754166326508402
H1151TS441_5  2061.29275252538  840.6681541     2.4519695940334    0.918335944124614  50               0.767051211485305
H1151TS439_5  1655.10258671579  653.77125499    2.53162336839221   0.927755070050061  41               0.769994336235181
H1151TS444_1  1402.68027605103  1112.4393397    1.26090495543721   0.60702920140997   67               0.608315985314648
H1151TS439_4  1363.85538118172  590.237029      2.31069098374329   0.898847578630498  44               0.743444838124387
H1151TS444_4  1186.57758530084  725.7703562     1.63492153566803   0.742346902265608  45               0.662653022713297
H1151TS447_2  4908.45172339389  1375.634170322  3.56813739385737   0.986349424418558  77               0.966390427761331
H1151TS447_5  3785.53683306055  1074.5567369    3.52288222954284   0.985295727306472  62               0.911642678495798
H1151TS447_4  3785.53683306055  1074.5567369    3.52288222954284   0.985295727306472  62               0.911642678495798
H1151TS447_3  3334.75191510873  1154.2305153    2.88915591028364   0.958853253522248  65               0.904048183895958
H1151TS462_3  2683.94900169701  741.085461      3.62164573850277   0.987499527370028  44               0.892122795817132
H1151TS462_2  2644.36627159428  750.8569051     3.52179790001678   0.985269521283288  44               0.876125023532102
H1151TS493_2  2633.91654809421  731.4893358     3.6007586429317    0.987062429107947  46               0.89286623937112
H1151TS494_1  2628.17210969998  712.289176      3.68975438382905   0.988825947441644  41               0.915554903307606
H1151TS461_3  2626.67781551059  684.4449451     3.83767581938505   0.991246066816447  39               0.958519604165789
H1151TS462_1  2587.47020636949  730.8926767     3.54015067992197   0.985706932701812  44               0.8908977839397
H1151TS462_5  2580.13101704737  744.1694333     3.46712845434386   0.983886938231529  43               0.891979533102013
H1151TS461_5  2542.97371953385  659.1070075     3.85821071631354   0.99153810745085   37               0.948660868255579
H1151TS461_2  2502.11705797716  681.80636572    3.66983528429641   0.988453114616676  40               0.948056934429573
H1151TS462_4  2487.73308501471  743.995687375   3.3437466469625    0.980280763867084  44               0.86890187356493
H1151TS461_1  2476.27116941557  651.754138      3.79939462603852   0.990674724209074  42               0.944373992892499
H1151TS494_3  2455.64649204903  822.659682      2.98500892383472   0.964714095543903  51               0.7801249424001
H1151TS461_4  2444.85713227944  674.6648317     3.62380995333485   0.987543975037599  40               0.911422376708715
H1151TS493_5  2398.94104885161  746.0294967     3.21561152670656   0.975700167532657  46               0.824619775704094
H1151TS494_2  2387.59322870133  657.199926      3.63297854160338   0.98773055078047   40               0.912721034127383
H1151TS477_1  2370.27745247996  717.1650014     3.30506570712857   0.978995208678348  42               0.871216703483816
H1151TS493_3  2342.85032594555  817.680442344   2.86523952955195   0.957251520417814  47               0.804167420426698
H1151TS493_1  2184.9155088494   718.69964775    3.04009542190484   0.967709505215191  42               0.878720539342695
H1151TS493_4  1920.14976876613  787.5339006     2.43818046093409   0.916595762753485  51               0.750646089103396
H1151TS494_4  1537.28639843601  561.525495249   2.73769652748239   0.947656328849492  33               0.869333725148136
H1157TS003_1  5915.41506749667  2317.927685375    2.552027444523     0.93000150141508   148              0.690823941200695
H1157TS054_3  5821.43336948305  2202.5371181      2.64305800871354   0.939256585026465  139              0.705886326091768
H1157TS054_4  5780.43009409388  2128.468269       2.7157699169317    0.945813649876797  143              0.691208225791695
H1157TS003_4  5704.81757641842  2330.48084563     2.44791438089517   0.917827640776788  148              0.671578013085881
H1157TS035_1  5622.70724014248  2033.6865536      2.76478557139951   0.949851130017399  132              0.728847410894766
H1157TS035_3  5607.96178492877  1986.1462701      2.82353916695492   0.95431535557202   131              0.738483022430541
H1157TS035_4  5550.02328387567  2025.757955847    2.73972676146056   0.94782392040281   135              0.730476393403566
H1157TS035_5  5549.71532454917  2065.20870412     2.68724188188716   0.94332457932701   137              0.728004461137829
H1157TS003_2  5489.41827884339  2282.61371763     2.40488271688079   0.912253920913314  146              0.660456460121459
H1157TS003_5  5435.07504379081  2187.31272116     2.48481846752504   0.922348870852837  140              0.679963445228258
H1157TS035_2  5424.87230579606  2054.135213372    2.64095190544481   0.939056007829132  140              0.730323610603782
H1157TS071_3  5400.20435434986  2141.04189719     2.52223198501502   0.926698915105524  139              0.675925845750323
H1157TS011_3  5362.43856873493  2126.75131624     2.52142247557908   0.92660721501821   142              0.677235685516885
H1157TS003_3  5337.40105352138  2212.09297343     2.41282853733104   0.913308210855345  143              0.670623536101081
H1157TS011_1  5275.14419436677  2220.420585781    2.37574098715686   0.908287447591879  143              0.654170663817091
H1157TS011_2  5206.34801608013  2195.634310554    2.37122729912454   0.907658859278791  145              0.663321801194685
H1157TS054_1  5193.29808476423  2188.769329646    2.37270232839207   0.907864700348982  144              0.670688305939892
H1157TS011_5  5136.64273400835  2121.61754419     2.42109740658722   0.914393178160965  143              0.67258898721316
H1157TS011_4  5115.92201792724  2175.41531544     2.35169899817152   0.904894508867529  141              0.65331356004433
H1157TS054_2  5064.29035099663  2158.4139906      2.34630167013921   0.904117523454807  141              0.664760543915395
H1157TS071_1  4968.98844052296  2159.70078876     2.30077632345355   0.897335234001315  147              0.662813688087034
H1157TS071_2  4780.73727045776  2079.6040714      2.29886897039942   0.897042006622692  138              0.668752997467472
H1157TS054_5  4155.04078702628  2504.26386548332  1.65918649559892   0.750005975701781  170              0.567006045411675
H1151TS494_5  2045.48587455647  547.778202159     3.73414981920499   0.989614618135889  34               0.904436094038879
H1157TS073_3  10074.722230237    2845.8041827258  3.54020220062614   0.985708142424085   185              0.849882315309353
H1157TS073_1  8308.85853401772   2581.989398153   3.2180064488109    0.975794624800595   156              0.84648116588107
H1157TS073_4  8219.5264936621    2236.570982151   3.67505729049433   0.988552029577479   136              0.87560018194771
H1157TS073_2  7665.71224145166   2379.484961794   3.22158465572825   0.975935084779188   144              0.867977552388942
H1157TS074_4  6665.94581685589   2173.6277988     3.06673747020349   0.969068566892726   145              0.756578575058853
H1157TS074_3  6324.24151390104   2308.17959426    2.73992610004361   0.947840348021413   147              0.73140706872076
H1157TS074_2  6201.95936614657   2186.19979522    2.83686759998185   0.955274118676565   145              0.734402018501345
H1157TS074_1  5971.43782985984   2198.68867883    2.71590875386572   0.945825507685487   149              0.726763054722228
H1157TS073_5  5643.09787537358   1754.913013      3.2155997668094    0.975699702829116   122              0.790981624651018
H1157TS086_3  5516.25533277492   2254.023424339   2.44729281568695   0.917749476139062   144              0.667806049109644
H1157TS086_4  5489.41827884339   2282.61371763    2.40488271688079   0.912253920913314   146              0.660456460121459
H1157TS086_2  5364.17300965122   2230.9973924585  2.40438336135393   0.912187278444664   146              0.665853741548527
H1157TS086_1  5337.40105352138   2212.09297343    2.41282853733104   0.913308210855345   143              0.670623536101081
H1157TS086_5  5105.30692851993   2213.52186254    2.30641811807615   0.898198251129693   143              0.648917574825947
H1157TS092_1  5074.41736132064   2209.52289898    2.29661225220304   0.896694112206921   145              0.652789195216123
H1157TS071_4  4954.11009340961   2081.90597297    2.37960318944769   0.908822251375091   141              0.667679744984781
H1157TS074_5  4951.4410355479    1384.4799598     3.57639054325003   0.986533394720198   94               0.864759655329755
H1157TS071_5  4581.41060877656   2074.73757401    2.20818799744477   0.882222460715034   140              0.641953768720077
H1157TS097_1  4439.04648598754   2760.1913835     1.60823865784216   0.733749695683213   178              0.536884422390167
H1157TS091_2  -141.026593311182  104.21926        -1.35317208461452  0.0194178539114809  7                0.0207807207905315
H1157TS091_5  -835.748283681258  1145.14502496    -0.72981872641891  0.0529987938698115  76               0.126367887019838
H1157TS091_3  -1585.17385544414  1311.33629757    -1.20882328841319  0.0245695222486726  86               0.17579437674846
H1157TS091_4  -1585.17385544414  1311.33629757    -1.20882328841319  0.0245695222486726  86               0.17579437674846
H1157TS091_1  -2231.69366059432  1456.8323235957  -1.53188093402962  0.0144885572244869  104              0.0636765001396056
H1157TS125_3  5821.43336948305  2202.5371181      2.64305800871354   0.939256585026465  139              0.705886326091768
H1157TS125_4  5780.43009409388  2128.468269       2.7157699169317    0.945813649876797  143              0.691208225791695
H1157TS098_5  5770.88385430702  2110.196368861    2.73476153189569   0.947413151884666  143              0.686082414740838
H1157TS098_1  5678.21999421814  2135.98924623     2.6583560775131    0.940695080979649  142              0.697545105374048
H1157TS098_4  5633.71088024403  2226.0558603      2.5308039122993    0.927663475659965  149              0.702291900178891
H1157TS131_4  5627.72705334101  2197.997212298    2.56038862190241   0.930903253099807  139              0.703248641082289
H1157TS131_1  5555.73562737137  2294.596420131    2.42122561450444   0.914409903174983  146              0.654766606404277
H1157TS119_2  5554.08295399645  2053.58755458     2.70457567860182   0.944849480231254  143              0.700935637285216
H1157TS098_3  5490.38016767998  2192.01432639     2.50471910770858   0.924691362214792  146              0.683628267267282
H1157TS131_5  5456.84162618344  2221.381312907    2.45650829710203   0.918901452222541  143              0.657810441515529
H1157TS119_1  5405.49973424657  2070.95744794     2.61014524447302   0.936050481373218  142              0.702899374132812
H1157TS119_4  5193.69572486007  2200.14964166     2.36061021783112   0.906165017725508  143              0.663679652136601
H1157TS125_1  5193.29808476423  2188.769329646    2.37270232839207   0.907864700348982  144              0.670688305939892
H1157TS098_2  5158.29623068083  2137.947661999    2.41273269798278   0.913295563008414  143              0.676970148512619
H1157TS119_3  5125.54810936534  2220.95591076     2.30781173301698   0.898410437411464  144              0.663794734213765
H1157TS131_3  5107.22449803434  2174.93450673     2.34821990374001   0.904394315282557  144              0.655722027282059
H1157TS125_2  5064.29035099663  2158.4139906      2.34630167013921   0.904117523454807  141              0.664760543915395
H1157TS131_2  5051.72584684376  2130.82808006     2.37078058718914   0.907596438956775  138              0.639358395686826
H1157TS119_5  4874.65662615724  2122.87969168     2.29624723683684   0.896637744015825  141              0.681869797617526
H1157TS097_5  4766.76480002475  3673.69679683     1.2975389814799    0.621494933999063  218              0.460593241464514
H1157TS097_4  4445.42370140742  2929.93441196     1.51724341789399   0.703093448477812  182              0.50327363123245
H1157TS125_5  4155.04078702628  2504.26386548332  1.65918649559892   0.750005975701781  170              0.567006045411675
H1157TS097_3  3967.35563364867  2478.30577121432  1.60083379530071   0.731331714394179  163              0.544807133925479
H1157TS097_2  2051.6620118278   3656.195054234    0.561146760879703  0.324882742605135  227              0.392228472952813
H1157TS147_4  9146.41218355368   3541.60079822    2.5825644121581      0.933243055895729  218              0.781577612147654
H1157TS147_2  7723.85972083938   2529.05039192    3.05405528712127     0.968428672405012  157              0.824637151004899
H1157TS147_5  6938.59508709842   2484.855811      2.79235320471415     0.951995033391673  161              0.776137632392677
H1157TS147_3  6820.54245627354   2344.23630802    2.90949441954269     0.960170028465198  154              0.814458939533537
H1157TS150_5  5986.12439543063   2214.545209935   2.70309423739709     0.944720678274002  147              0.685822847178746
H1157TS150_4  5734.18481378946   2110.125071219   2.71746205568605     0.94595800566953   143              0.688061375589112
H1157TS158_5  5720.03860933225   2263.942416167   2.52658308289336     0.927189995932901  147              0.678711557264851
H1157TS150_3  5712.22224265129   2217.00340208    2.57655095941308     0.932615936704356  146              0.698483054932169
H1157TS133_2  5646.23108031541   2266.6678251008  2.49098302706278     0.923081542735557  153              0.665525736696958
H1157TS133_1  5544.09384352601   2080.7914874236  2.66441586148097     0.941256016718164  138              0.684754512981522
H1157TS158_2  5516.25533277492   2254.023424339   2.44729281568695     0.917749476139062  144              0.667806049109644
H1157TS158_1  5489.41827884339   2282.61371763    2.40488271688079     0.912253920913314  146              0.660456460121459
H1157TS150_1  5444.07216779554   2138.41335615    2.54584650443685     0.929327904850846  145              0.683859460563495
H1157TS133_3  5430.26732317869   2205.5858783     2.46205209083229     0.919587346304447  145              0.675001360446447
H1157TS150_2  5408.65490908225   2135.12875848    2.533175054479       0.92792821623144   136              0.683063286222458
H1157TS133_4  5345.53973392452   2181.8398074     2.45001476084285     0.918091272881654  145              0.669170203677406
H1157TS158_4  5337.40105352138   2212.09297343    2.41282853733104     0.913308210855345  143              0.670623536101081
H1157TS133_5  5322.32979122464   2250.06464008    2.36541195146972     0.906843294882215  146              0.662326730946861
H1157TS158_3  5281.70923379365   2182.74740831    2.41975283703717     0.914217597500259  143              0.665865384650879
H1157TS147_1  4108.77068705889   1881.41181917    2.18387630246285     0.877946605670491  130              0.726780966153992
H1157TS165_1  2743.24151326491   2580.50561069    1.06306357246454     0.526252324950478  169              0.526450824441706
H1157TS165_2  2261.78943065147   2481.638354404   0.911409765503352    0.463154316268196  167              0.52852586370118
H1157TS165_3  1674.48285875931   2724.9967597257  0.614489853165133    0.344677809955236  179              0.443849701047353
H1157TS165_4  -133.737307867467  2537.540810475   -0.0527035101525847  0.147479779429191  159              0.348253206431646
H1157TS187_1  6079.37975949299   2135.5837671     2.84670629789832   0.955969516695743  140              0.71886599287497
H1157TS187_4  6012.379521153     2135.3025047     2.81570386768113   0.953742632657631  140              0.714360699129801
H1157TS187_3  5727.55008840568   2132.5950975     2.68571849157863   0.943188683937761  144              0.69425118606729
H1157TS188_3  5685.37287596952   2216.98996197    2.56445584937044   0.931338004501319  146              0.698236616840099
H1157TS169_4  5678.21999421814   2135.98924623    2.6583560775131    0.940695080979649  142              0.697545105374048
H1157TS187_2  5665.4389165773    2148.4313269     2.63701187263548   0.938679110234169  140              0.689863383655446
H1157TS188_4  5633.71088024403   2226.0558603     2.5308039122993    0.927663475659965  149              0.702291900178891
H1157TS169_5  5590.28120322658   2210.8679384     2.52854596429322   0.927410540160473  147              0.678323660377828
H1157TS187_5  5465.36811756433   2131.5165554     2.5640749088804    0.931297393044553  142              0.691534468017152
H1157TS188_2  5464.67628260764   2135.09190843    2.55945716483277   0.930803330374235  136              0.687711311390552
H1157TS188_1  5402.98817712653   2138.367810182   2.52668794928534   0.927201794042937  145              0.680994789760424
H1157TS185_3  5370.28635900514   2137.1763123     2.51279519059694   0.925623347501905  151              0.738313153588283
H1157TS169_1  5345.08528652083   2134.936434682   2.50362736786446   0.924564554663666  142              0.676567843601361
H1157TS185_4  5341.09077892257   2131.372809057   2.50593925015196   0.924832852237156  147              0.700418314089796
H1157TS169_3  5339.16079124745   2090.0832297419  2.55452065988146   0.9302715270428    139              0.682780867425975
H1157TS185_1  5294.94462939652   2036.709415      2.59975457981399   0.935005978401543  141              0.708999083316232
H1157TS185_5  5278.11684903598   2114.6863734     2.49593363603597   0.923665340104713  145              0.727266346852863
H1157TS185_2  5178.15416651572   2092.80120511    2.47426948812539   0.921080261697285  139              0.700271493379884
H1157TS169_2  5163.46486580221   2144.96159821    2.40725282453131   0.912569605263446  143              0.678640649386413
H1157TS180_1  4924.05070300728   2008.058150286   2.45214547313083   0.918357924861628  134              0.674945558527407
H1157TS180_2  4852.90957440233   2033.19318638    2.38684135226849   0.909816976421565  136              0.673604291470132
H1157TS165_5  2406.08000890831   2180.680011137   1.10336225242593   0.542961410194472  144              0.535660490587416
H1157TS180_3  238.396084298051   931.5252603      0.255920149949852  0.224412821485495  66               0.383105796862616
H1157TS180_5  -207.370187343175  129.83347468     -1.59720124455021  0.013013504372657  12               0.01818145325519
H1157TS205_4  7570.79178769686   2571.4281805     2.94419725392632   0.962324030861746    157              0.786064637281702
H1157TS205_2  7456.72215431414   2754.53817032    2.70706800677512   0.945065534981978    165              0.791348943447812
H1157TS229_4  5939.50268854927   2013.09963812    2.95042658399962   0.962698652078471    136              0.735661621747315
H1157TS188_5  5770.88385430702   2110.196368861   2.73476153189569   0.947413151884666    143              0.686082414740838
H1157TS205_1  5654.88408530587   2232.84666328    2.53258953169627   0.927862925194569    145              0.682701740713618
H1157TS227_2  5654.58717564712   2230.423896704   2.53520740340128   0.928154418629448    144              0.680421913177364
H1157TS229_1  5583.97070561194   2057.474492766   2.7139926765775    0.945661642749483    138              0.691539707648748
H1157TS227_1  5544.09384352601   2080.7914874236  2.66441586148097   0.941256016718164    138              0.684754512981522
H1157TS225_1  5534.5362008367    2639.5784083     2.0967500656293    0.861513368500305    168              0.623814909810652
H1157TS227_4  5518.95145170687   2245.5001719     2.45778268947407   0.919059594331845    146              0.679582318873116
H1157TS227_3  5518.47423181519   2191.93683566    2.51762466054528   0.926175592137866    145              0.677843564169302
H1157TS225_4  5493.33184368242   2686.59029182    2.04472258401597   0.850839970202299    174              0.627325445026812
H1157TS227_5  5476.13666142571   2180.18156292    2.5117800987599    0.925506790666277    143              0.672394985089431
H1157TS205_3  5418.08052903007   2259.7859038187  2.3976078972235    0.911278515106115    143              0.669778080117459
H1157TS229_5  5319.46956762476   2051.256319753   2.59327394455769   0.934346508107874    138              0.674851937433093
H1157TS229_3  5081.31473222072   2143.40726784    2.37067159772271   0.907581203800175    143              0.664134045438309
H1157TS229_2  5045.88391986271   2077.202866478   2.42917242282563   0.91544081710089     143              0.682086577035228
H1157TS225_5  4939.20358858847   2425.01338224    2.03677374515191   0.849150814469534    158              0.592884138159062
H1157TS225_2  4743.61891768029   2846.287528611   1.66659863769814   0.752315072263663    182              0.525852510079363
H1157TS225_3  4666.86850986239   2335.92350528    1.99786872271872   0.840655649794383    155              0.610821717025121
H1157TS205_5  282.992964994546   1059.1051984     0.26720005285789   0.227701909285764    70               0.351184885495652
H1157TS234_1  -358.736133232179  197.755865       -1.81403536745764  0.00910252752143492  25               0.01401794323931
H1157TS234_3  -524.86574085566   237.3078928      -2.21175003773688  0.00471201391278292  29               0.00838791496199058
H1157TS234_2  -1654.23325251864  624.999876       -2.64677372914973  0.0022876128043865   47               0.0057068377184908
H1157TS257_1  7016.24468083135   2649.69017159     2.64794909082563   0.939720013212763    163              0.787407128546111
H1157TS257_5  6557.7564153547    2394.404186931    2.73878422496414   0.947746179143463    150              0.789598039347529
H1157TS278_5  6436.84435608153   3964.84537421     1.62347929075647   0.73868251937749     225              0.576289821895482
H1157TS278_1  6344.80465154757   2448.84930222     2.59093307448347   0.934106775077279    155              0.705446912082174
H1157TS257_4  6062.21106312199   2570.75512348     2.35814411405924   0.905814945888119    164              0.720871098556262
H1157TS288_1  5971.43782985984   2198.68867883     2.71590875386572   0.945825507685487    149              0.726763054722228
H1157TS257_2  5728.86106536401   2473.94446171     2.31567893056265   0.899600921690057    163              0.727862577879558
H1157TS248_1  5622.70724014248   2033.6865536      2.76478557139951   0.949851130017399    132              0.728847410894766
H1157TS248_3  5607.96178492877   1986.1462701      2.82353916695492   0.95431535557202     131              0.738483022430541
H1157TS248_4  5550.02328387567   2025.757955847    2.73972676146056   0.94782392040281     135              0.730476393403566
H1157TS248_5  5549.71532454917   2065.20870412     2.68724188188716   0.94332457932701     137              0.728004461137829
H1157TS239_5  5444.25323440341   2132.6176042      2.55285017983601   0.930090713809791    142              0.694060710085553
H1157TS248_2  5424.87230579606   2054.135213372    2.64095190544481   0.939056007829132    140              0.730323610603782
H1157TS239_3  5162.52223390474   2095.73552098     2.46334624871494   0.919746699345868    141              0.669338907430127
H1157TS239_4  5081.31473222072   2143.40726784     2.37067159772271   0.907581203800175    143              0.664134045438309
H1157TS239_1  5045.88391986271   2077.202866478    2.42917242282563   0.91544081710089     143              0.682086577035228
H1157TS257_3  4915.30837969809   2885.22897786     1.70361119253135   0.76363005706416     171              0.596116430196157
H1157TS278_3  4809.28748890903   2339.67966108     2.05553245981078   0.853112039825276    162              0.663676777825238
H1157TS239_2  4288.00762323613   1917.8846782      2.23580055254447   0.886920835819864    135              0.662361934149915
H1157TS245_1  3882.29318859951   2732.07486571332  1.42100541874642   0.668559191202075    183              0.517637494875485
H1157TS278_4  2094.96826729945   3428.745451474    0.611001398893241  0.343365740743353    214              0.429448710250069
H1157TS278_2  1774.87973683069   2313.088299177    0.767320355847286  0.404247160739268    156              0.396942344606435
H1157TS234_4  -1056.28618715574  437.9602909       -2.41183095614694  0.00338036691658306  39               0.00676590597144794
H1157TS234_5  -1797.92201685073  633.855453736     -2.8364858364058   0.00166852882646551  46               0.00334769191817532
H1157TS288_4  6665.94581685589   2173.6277988    3.06673747020349    0.969068566892726    145              0.756578575058853
H1157TS288_3  6324.24151390104   2308.17959426   2.73992610004361    0.947840348021413    147              0.73140706872076
H1157TS288_2  6201.95936614657   2186.19979522   2.83686759998185    0.955274118676565    145              0.734402018501345
H1157TS314_3  5927.06480525963   2214.585126482  2.67637704885841    0.94234865482636     147              0.681938158834027
H1157TS314_4  5812.23788404066   2884.2804491    2.01514311337314    0.844474546474793    193              0.582971574883369
H1157TS314_5  5787.87868529918   2110.164760959  2.74285628894152    0.948081263430103    143              0.688975101363448
H1157TS291_1  5763.83694579879   2175.78802633   2.64908018430495    0.939826711854058    141              0.712755207820246
H1157TS298_2  5755.52307037031   2210.581705265  2.60362376864978    0.935396763860585    147              0.699905809158635
H1157TS298_1  5701.87859596166   2205.58196746   2.58520366963649    0.933516579093253    144              0.70067499326603
H1157TS291_4  5652.12248946318   2159.28643802   2.61758810222788    0.936789025871585    147              0.699238480174204
H1157TS314_2  5609.88796485481   2162.16240828   2.59457288840642    0.934479185391276    146              0.689053264298856
H1157TS291_3  5582.55538094355   2187.39219025   2.5521510983842     0.930014916404043    145              0.681047757343702
H1157TS291_5  5554.42250520032   2121.30783151   2.61839532325044    0.936868645526475    141              0.708631098347498
H1157TS298_4  5536.92656668932   2176.5396134    2.54391260907952    0.929115922512803    144              0.675459650499262
H1157TS314_1  5445.82950695512   2138.41335615   2.54666830025781    0.929417807864536    145              0.684011414308187
H1157TS298_3  5426.98182514117   2170.5448729    2.50028547803775    0.92417516836731     141              0.688413761730135
H1157TS291_2  5187.2974420214    2257.03095742   2.29828369210805    0.89695188018278     149              0.665396281642408
H1157TS298_5  5037.32347872761   2127.29381094   2.36794910642914    0.907199906062856    142              0.659665373342964
H1157TS288_5  4951.4410355479    1384.4799598    3.57639054325003    0.986533394720198    94               0.864759655329755
H1157TS312_3  -657.817612395012  811.6867528     -0.810432854947798  0.0466464901944605   57               0.20048708487408
H1157TS312_2  -808.479534489203  1213.8246636    -0.66605957082087   0.0585926898800336   87               0.186663350357707
H1157TS312_4  -983.995469619308  840.7973343     -1.17031230889728   0.0261556264666131   66               0.0671674997856768
H1157TS312_5  -1568.47332840967  748.8230414     -2.09458475727089   0.00572232537151018  52               0.0107536397574756
H1157TS312_1  -2076.91961990414  1135.2359046    -1.82950487338219   0.00887289680871367  75               0.0724182920847423
H1157TS367_3  5915.41506749667  2317.927685375   2.552027444523     0.93000150141508   148              0.690823941200695
H1157TS320_5  5787.87868529918  2110.164760959   2.74285628894152   0.948081263430103  143              0.688975101363448
H1157TS350_1  5763.83694579879  2175.78802633    2.64908018430495   0.939826711854058  141              0.712755207820246
H1157TS320_4  5722.12192386298  2226.0314856     2.57054851239925   0.931984518429239  149              0.701059569311822
H1157TS360_2  5709.82818927532  2138.0967668     2.6705190700143    0.941815941171786  140              0.69086019202336
H1157TS360_4  5701.87859596166  2205.58196746    2.58520366963649   0.933516579093253  144              0.70067499326603
H1157TS320_3  5691.02014016517  2216.97514604    2.56702027098976   0.93161081517452   146              0.694499158217984
H1157TS350_4  5652.12248946318  2159.28643802    2.61758810222788   0.936789025871585  147              0.699238480174204
H1157TS367_2  5607.02923734636  2247.97001265    2.49426336018449   0.923468829676929  148              0.664920997884712
H1157TS367_4  5586.39559264714  2244.217754113   2.48923955013229   0.922874971652677  145              0.695669998419689
H1157TS350_3  5582.55538094355  2187.39219025    2.5521510983842    0.930014916404043  145              0.681047757343702
H1157TS350_5  5554.42250520032  2121.30783151    2.61839532325044   0.936868645526475  141              0.708631098347498
H1157TS320_2  5545.71587187463  2135.11250916    2.59738812267857   0.934765884910042  136              0.694785676380213
H1157TS360_1  5519.18871350457  2185.95787731    2.52483763332914   0.926993363303664  142              0.692163634549858
H1157TS348_4  5512.72026018946  2230.221679979   2.4718261461082    0.920783737004452  151              0.671860119410722
H1157TS367_1  5489.41827884339  2282.61371763    2.40488271688079   0.912253920913314  146              0.660456460121459
H1157TS348_3  5463.81754496264  2151.1857766844  2.53990966479146   0.928675275946966  144              0.684852413321764
H1157TS320_1  5445.82950695512  2138.41335615    2.54666830025781   0.929417807864536  145              0.684011414308187
H1157TS360_3  5352.53009032186  2154.13742909    2.48476722888706   0.922342754324583  142              0.677446984161369
H1157TS348_5  5291.25084289246  2193.39050111    2.41236151985465   0.913246563148697  143              0.679903309292682
H1157TS360_5  5283.77585823986  2196.68117445    2.40534489924911   0.912315561628175  143              0.685604912292978
H1157TS348_2  5198.56690292551  2217.2436331     2.34460788400471   0.903872522996875  144              0.671843684576082
H1157TS350_2  5187.2974420214   2257.03095742    2.29828369210805   0.89695188018278   149              0.665396281642408
H1157TS348_1  5151.82398811827  2273.7493478     2.26578360235837   0.891836547140807  147              0.650083161967415
H1157TS374_1  6150.11529224132   2136.04001906     2.87921351536652   0.958194486017009    136              0.753579917773292
H1157TS423_1  6079.37975949299   2135.5837671      2.84670629789832   0.955969516695743    140              0.71886599287497
H1157TS374_2  6052.80349990845   2212.08287146     2.73624626726282   0.947536301644557    149              0.726157227321772
H1157TS423_4  6012.379521153     2135.3025047      2.81570386768113   0.953742632657631    140              0.714360699129801
H1157TS399_3  5821.43336948305   2202.5371181      2.64305800871354   0.939256585026465    139              0.705886326091768
H1157TS390_5  5787.87868529918   2110.164760959    2.74285628894152   0.948081263430103    143              0.688975101363448
H1157TS399_4  5780.43009409388   2128.468269       2.7157699169317    0.945813649876797    143              0.691208225791695
H1157TS423_3  5727.55008840568   2132.5950975      2.68571849157863   0.943188683937761    144              0.69425118606729
H1157TS390_4  5722.12192386298   2226.0314856      2.57054851239925   0.931984518429239    149              0.701059569311822
H1157TS390_3  5691.02014016517   2216.97514604     2.56702027098976   0.93161081517452     146              0.694499158217984
H1157TS423_2  5665.4389165773    2148.4313269      2.63701187263548   0.938679110234169    140              0.689863383655446
H1157TS374_5  5606.46029503992   2182.46123757     2.56887050204029   0.931807024060853    143              0.694356276100353
H1157TS390_2  5545.71587187463   2135.11250916     2.59738812267857   0.934765884910042    136              0.694785676380213
H1157TS423_5  5465.36811756433   2131.5165554      2.5640749088804    0.931297393044553    142              0.691534468017152
H1157TS390_1  5445.82950695512   2138.41335615     2.54666830025781   0.929417807864536    145              0.684011414308187
H1157TS367_5  5364.17300965122   2230.9973924585   2.40438336135393   0.912187278444664    146              0.665853741548527
H1157TS374_4  5321.72972121555   2325.2208783      2.28869857951144   0.895465914820462    150              0.645687307315609
H1157TS399_1  5193.29808476423   2188.769329646    2.37270232839207   0.907864700348982    144              0.670688305939892
H1157TS399_2  5064.29035099663   2158.4139906      2.34630167013921   0.904117523454807    141              0.664760543915395
H1157TS374_3  4891.2601528108    2280.542381965    2.14477932595855   0.87079041466106     147              0.64076299047364
H1157TS399_5  4155.04078702628   2504.26386548332  1.65918649559892   0.750005975701781    170              0.567006045411675
H1157TS385_1  3882.29318859951   2732.07486571332  1.42100541874642   0.668559191202075    183              0.517637494875485
H1157TS433_1  -255.438577761338  198.64171         -1.28592619224501  0.0216708741909644   21               0.0302338249467775
H1157TS433_2  -320.355270404832  165.07495         -1.94066556073367  0.00738340719515285  22               0.0103792319793366
H1157TS444_3  7949.45073630214   3719.7610187839  2.13708641392802   0.869340937048473    231              0.66677669784621
H1157TS444_1  7259.98152355715   3635.6762347     1.99687239866567   0.840433088412927    226              0.636170077144766
H1157TS444_5  6706.11503184927   3554.82002423    1.8864851064582    0.814190918247042    220              0.634341501501302
H1157TS444_2  6341.11873758184   2825.00090045    2.24464308544884   0.888390491632024    177              0.658222172628167
H1157TS439_4  5939.50268854927   2013.09963812    2.95042658399962   0.962698652078471    136              0.735661621747315
H1157TS439_3  5606.42223980683   1951.70761306    2.87257281894636   0.957748877830979    126              0.751564037152606
H1157TS439_1  5583.97070561194   2057.474492766   2.7139926765775    0.945661642749483    138              0.691539707648748
H1157TS444_4  5559.91914067982   2758.279244145   2.01572018224111   0.844600822394403    180              0.608414791849422
H1157TS446_1  5385.24533633268   2277.7648812     2.3642674363719    0.906682024847062    147              0.664281811289981
H1157TS434_3  5362.43856873493   2126.75131624    2.52142247557908   0.92660721501821     142              0.677235685516885
H1157TS439_5  5319.46956762476   2051.256319753   2.59327394455769   0.934346508107874    138              0.674851937433093
H1157TS434_1  5275.14419436677   2220.420585781   2.37574098715686   0.908287447591879    143              0.654170663817091
H1157TS434_2  5206.34801608013   2195.634310554   2.37122729912454   0.907658859278791    145              0.663321801194685
H1157TS434_5  5136.64273400835   2121.61754419    2.42109740658722   0.914393178160965    143              0.67258898721316
H1157TS434_4  5115.92201792724   2175.41531544    2.35169899817152   0.904894508867529    141              0.65331356004433
H1157TS439_2  5056.636635425     2028.42409806    2.49288925341658   0.923306816243652    140              0.672263877918085
H1157TS441_5  4779.15906167109   1991.984394664   2.39919503108217   0.911492148806955    137              0.702619445092113
H1157TS433_5  4779.15906167109   1991.984394664   2.39919503108217   0.911492148806955    137              0.702619445092113
H1157TS441_3  4005.54549165322   1866.07020748    2.14651382118277   0.871115325845776    129              0.664226045012149
H1157TS433_3  4005.54549165322   1866.07020748    2.14651382118277   0.871115325845776    129              0.664226045012149
H1157TS441_1  -255.438577761338  198.64171        -1.28592619224501  0.0216708741909644   21               0.0302338249467775
H1157TS441_4  -311.60957396053   216.7843892      -1.43741703501098  0.0169172127672004   28               0.0415014781194451
H1157TS433_4  -311.60957396053   216.7843892      -1.43741703501098  0.0169172127672004   28               0.0415014781194451
H1157TS441_2  -320.355270404832  165.07495        -1.94066556073367  0.00738340719515285  22               0.0103792319793366
H1157TS461_5  6780.03485696422   2196.1857161     3.08718648302851    0.970073984001169  141              0.790128198059866
H1157TS446_5  6780.03485696422   2196.1857161     3.08718648302851    0.970073984001169  141              0.790128198059866
H1157TS493_3  5932.29681276868   2230.53246325    2.65958774889338    0.940809497919885  142              0.702972578488988
H1157TS493_5  5847.8894105256    2207.5469445     2.64904419137964    0.939823319283554  145              0.704591549617983
H1157TS461_2  5769.92244998997   2261.738389198   2.55110072745237    0.929900887804758  146              0.703121761871465
H1157TS446_2  5769.92244998997   2261.738389198   2.55110072745237    0.929900887804758  146              0.703121761871465
H1157TS461_3  5553.1407862737    2171.31550463    2.5575006370251     0.930593006760468  144              0.682174083600763
H1157TS446_3  5553.1407862737    2171.31550463    2.5575006370251     0.930593006760468  144              0.682174083600763
H1157TS493_2  5471.30408414736   2165.81426203    2.52621112533406    0.927148134224729  139              0.691496325323408
H1157TS493_1  5431.42758082567   2166.66179905    2.5068183614107     0.924934644223071  145              0.68326302605633
H1157TS461_4  5414.26811995639   2328.9713406767  2.32474656316863    0.900957669799178  150              0.668185564591266
H1157TS446_4  5414.26811995639   2328.9713406767  2.32474656316863    0.900957669799178  150              0.668185564591266
H1157TS461_1  5385.24533633268   2277.7648812     2.3642674363719     0.906682024847062  147              0.664281811289981
H1157TS493_4  5287.20319700807   2883.84891058    1.83338425865893    0.800428359948872  190              0.557599066723455
H1157TS462_1  4924.05070300728   2008.058150286   2.45214547313083    0.918357924861628  134              0.674945558527407
H1157TS462_2  4852.90957440233   2033.19318638    2.38684135226849    0.909816976421565  136              0.673604291470132
H1157TS477_1  4729.66949534684   2108.3615252016  2.24329150328931    0.888166940823499  145              0.656585515382934
H1157TS447_5  2741.07960832225   2748.49146355    0.99730330061925    0.498876377149501  152              0.525011626246097
H1157TS447_4  1786.79394540489   1650.00600122    1.08290148283324    0.53448743615747   106              0.525221775282428
H1157TS447_3  1745.76097921322   2372.82324952    0.735731571901268   0.391634372680375  146              0.440747400276453
H1157TS447_1  1263.66273237436   2437.2009424     0.518489349971278   0.309487205487838  148              0.42057140293739
H1157TS462_3  238.396084298051   931.5252603      0.255920149949852   0.224412821485495  66               0.383105796862616
H1157TS462_5  -207.370187343175  129.83347468     -1.59720124455021   0.013013504372657  12               0.01818145325519
H1157TS447_2  -260.219683046092  1877.2630008     -0.138616529988179  0.130369666172785  118              0.237939500105336
T1109TS003_3o  8464.47277109908  2346.92956667    3.60661559311689   0.987186495528186  123              0.957872885340252
T1109TS054_4o  8376.29067659599  2389.26938745    3.50579583892621   0.98487739322968   124              0.970973181638294
T1109TS054_1o  8331.87461099677  2315.03320191    3.59903028782595   0.987025591743982  121              0.962884751773677
T1109TS037_4o  8253.69861109205  2378.3129968608  3.47040049900342   0.983973165701736  129              0.909575303136446
T1109TS003_5o  8038.5785862402   2268.87415632    3.54298124638097   0.985773245989216  121              0.946598709849219
T1109TS003_1o  7587.85920807677  2284.07180334    3.32207560067991   0.979570334410089  122              0.924532500484931
T1109TS035_2o  7536.69053239746  2293.2153424469  3.28651670555966   0.978349982020417  128              0.86516835626595
T1109TS003_4o  7386.19151108001  2232.09587484    3.30908344678943   0.979132466501631  118              0.892724778303231
T1109TS037_3o  7358.28623814768  2365.57223146    3.11057347574893   0.971185043910607  131              0.861992350817936
T1109TS037_1o  7191.01457939799  2290.7209520231  3.13919273888297   0.97249029465138   122              0.9127816895381
T1109TS037_2o  6843.51633553737  2319.76522027    2.95009006762367   0.96267850636981   119              0.894218777345826
H1157TS494_4   6661.03709210809  2119.59013041    3.14260620321893   0.972642086457134  139              0.800799807512631
T1109TS054_3o  6373.58857187168  2275.49752609    2.80096484342194   0.952646721312833  119              0.854421797439855
T1109TS035_1o  6271.31825639289  2243.79100441    2.79496541525797   0.952193607816735  121              0.867947790122433
T1109TS003_2o  6133.81033962607  2358.7922516     2.60040295429384   0.935071616851065  120              0.802076712330091
H1157TS494_1   6012.41441775828  2188.234810141   2.74760934699273   0.948469816589756  144              0.714799642153814
H1157TS494_5   5780.64250106853  2108.245564268   2.74192086493284   0.948004468889402  139              0.766789790520342
T1109TS054_2o  5659.34223696308  2293.67688976    2.46736681274896   0.920239924740788  120              0.832968372871084
H1157TS494_2   5527.64646577962  2139.8672941     2.58317255514879   0.93330617414821   141              0.683491550713451
H1157TS494_3   5508.69289763135  2131.94919097    2.58387625791635   0.933379141246769  142              0.71485083755891
T1109TS037_5o  4525.28572345216  1771.9146084719  2.55389605222272   0.930203970024946  101              0.822352862767144
T1109TS035_5o  3791.24055501572  2255.6329016787  1.68078792971772   0.75669538364853   126              0.596971029748485
T1109TS035_3o  3760.20964266439  2715.8853726     1.38452442824      0.654951013406137  143              0.59078261860204
T1109TS035_4o  2798.42925179258  2034.5877702     1.37542812985526   0.651516888392023  114              0.610292218103797
T1109TS073_3o  8536.6454319647    2071.809507919    4.12038143436228   0.994517168646905    110              0.971117568872842
T1109TS073_2o  7899.89426729588   2043.483424       3.86589593755172   0.991644902325007    108              0.970980706079335
T1109TS071_3o  7739.8832943652    2257.39052834     3.42868599703784   0.982839068141942    120              0.951215492349813
T1109TS073_4o  7595.65014850631   2158.26132123     3.51933756760165   0.985209889349953    114              0.936023965698074
T1109TS073_5o  7434.02314272164   1988.0040855      3.73944057607503   0.989704854449057    108              0.965533855637813
T1109TS054_5o  6996.11647660925   2256.6165041      3.10026823959594   0.970700486951646    118              0.9054903277129
T1109TS071_4o  6915.27940232116   2254.9605993648   3.06669633352757   0.969066511728835    120              0.91618432848926
T1109TS071_1o  6738.70573195919   2196.619716177    3.06776165320379   0.969119691873947    120              0.886774288889911
T1109TS098_1o  6676.10841728247   2253.2234305843   2.9629145191124    0.963438898625258    120              0.887599791751127
T1109TS091_2o  6659.1719914137    2417.7979313      2.75423016340874   0.949006474096798    115              0.783909915346131
T1109TS073_1o  6649.09913279092   1952.386656492    3.40562619124731   0.982178666553452    107              0.892365451908188
T1109TS071_2o  6377.14389262334   2315.3114537085   2.75433522449383   0.949014947165034    122              0.871248781353307
T1109TS071_5o  6355.82937756955   2232.292945626    2.84722011509434   0.956005548441665    120              0.901821149280944
T1109TS091_3o  6124.30724809186   2491.549306194    2.45803172863841   0.919090465275868    124              0.754833118661197
T1109TS086_3o  6030.70018652033   2280.78394739     2.644134791207     0.939358894971114    122              0.82460049281323
T1109TS086_5o  6030.43962518228   2329.054870029    2.58922179240337   0.9339310048195      125              0.813943883933702
T1109TS091_4o  5763.23460113532   2302.4714334514   2.5030645407384    0.924499104696426    114              0.750378083129848
T1109TS091_1o  5429.23124345244   2322.0537484508   2.33811609532064   0.902928319689034    117              0.723216305605559
T1109TS086_4o  5357.01802337677   2262.1424337962   2.3681170307154    0.907223465460309    120              0.792814817799391
T1109TS091_5o  4800.78473721202   2431.921463369    1.97407063078483   0.835270522222342    124              0.68982685409566
T1109TS086_1o  4495.98541839366   2336.1595865085   1.92451981635087   0.823590633262273    122              0.706995552316988
T1109TS086_2o  4392.35517268537   2332.981521637    1.88272180124399   0.813240167560814    122              0.69819760603365
T1109TS098_3o  -38630.0863502603  15890.8967803563  -2.43095697393324  0.00327465861420806  408              0.00553801773388704
T1109TS098_2o  -41818.5432182601  15999.2023400353  -2.61378925833173  0.00241658086698426  418              0.00361101740176508
T1109TS119_1o  8552.36957335317  2341.788725      3.65206710667427   0.988110182426341  119              0.958980630548476
T1109TS125_4o  8432.46670293711  2297.980272563   3.66951222498188   0.988446967574832  120              0.951910962554162
T1109TS125_2o  8415.26270682058  2300.31168052    3.65831412242286   0.988231884084281  119              0.934213745869858
T1109TS131_2o  8350.85699334685  2290.0026745     3.64665818356312   0.988003804286768  124              0.945043060084261
T1109TS119_3o  8281.06508187988  2290.03167445    3.61613560819797   0.987385654681493  124              0.946916887001225
T1109TS125_3o  8225.72800919227  2320.9372638667  3.544140609595     0.985800319434288  122              0.919066455198164
T1109TS125_5o  8209.87276603901  2306.846792      3.55891548346875   0.986140926660257  118              0.938268727923125
T1109TS119_5o  8104.98820458012  2346.8285323     3.45359198298005   0.983525340192138  114              0.909303803370727
T1109TS147_2o  7821.54419303456  2624.23803625    2.98050103877445   0.964457447246245  130              0.847374324085546
T1109TS119_2o  7697.93038001204  2512.8648453     3.06340804377524   0.968901802435276  134              0.849242698575311
T1109TS147_1o  7359.42521755493  2364.53187211    3.11242377586889   0.971271218641223  117              0.894876625898603
T1109TS125_1o  6996.11647660925  2256.6165041     3.10026823959594   0.970700486951646  118              0.9054903277129
T1109TS147_3o  6923.32694470999  2071.75103135    3.34177555118609   0.980217160160648  102              0.942062959932953
T1109TS098_4o  6741.66759031441  2245.16665883    3.00274706280719   0.965706753194196  120              0.888175957041059
T1109TS131_3o  6671.51087152344  2344.2810871     2.84586643992272   0.955910560520282  128              0.790414585274004
T1109TS098_5o  6664.90289650804  2259.05354194    2.9503076278504    0.96269153190825   120              0.888400835986382
T1109TS131_4o  6604.81673949747  2380.0752592     2.7750453326915    0.950659414554362  130              0.811874290459238
T1109TS147_5o  6543.37692145063  2267.00931752    2.88634760822632   0.958668193273383  104              0.846827655924358
T1109TS131_5o  6414.40553969011  2293.93596755    2.79624437230517   0.952290546555312  121              0.839205573469496
T1109TS131_1o  6337.40040511341  2348.48311163    2.69850797467087   0.944320134011037  128              0.786180407224505
T1109TS119_4o  6249.35311655692  2348.48065617    2.66101962566242   0.940942253039122  128              0.777878146110551
T1109TS158_1o  6030.70018652033  2280.78394739    2.644134791207     0.939358894971114  122              0.82460049281323
T1109TS147_4o  6016.51272566941  2166.7132534     2.77679232183969   0.950795809542097  105              0.801332845385665
T1109TS158_2o  5357.01802337677  2262.1424337962  2.3681170307154    0.907223465460309  120              0.792814817799391
T1109TS180_1o  8551.12952693259   2311.000121539   3.70018566733697    0.989016419367192   120              0.947316463887165
T1109TS180_5o  8201.07559015857   2305.7008469054  3.55686888052527    0.98609423107146    120              0.943510002944319
T1109TS180_2o  8070.98023250775   2319.4962996     3.47962625933036    0.984213853183099   122              0.95695043674409
T1109TS158_5o  8025.75377410306   2303.123275592   3.48472609310941    0.984345370829287   122              0.935476125755183
T1109TS180_3o  8002.24959400951   2292.43511829    3.49072020846489    0.984498572741076   120              0.943050807139007
T1109TS180_4o  7943.74038270313   2287.2851362     3.47299960856674    0.984041335830751   120              0.951168737214438
T1109TS158_4o  6897.9683400103    2262.674994357   3.04858999070282    0.96814898238679    122              0.88906371998685
T1109TS169_1o  6806.88201371243   2250.3556928863  3.02480271684604    0.966903501089811   119              0.894778045012682
T1109TS169_4o  6741.66759031441   2245.16665883    3.00274706280719    0.965706753194196   120              0.888175957041059
T1109TS169_2o  6664.90289650804   2259.05354194    2.9503076278504     0.96269153190825    120              0.888400835986382
T1109TS165_2o  4528.66614875145   2557.029016721   1.77106560744421    0.783318244900938   130              0.690173067566284
T1109TS165_4o  4503.66660186215   2564.8763088045  1.75590011354634    0.778997448287356   134              0.665406921141586
T1109TS158_3o  4495.98541839366   2336.1595865085  1.92451981635087    0.823590633262273   122              0.706995552316988
T1109TS169_3o  4161.49233574956   2003.7156749     2.07688764822247    0.857516320359554   103              0.711586944871894
T1109TS165_3o  3883.88459226666   2604.126863254   1.4914344792763     0.694036229565798   136              0.597420176202311
T1109TS185_2o  3759.24612276515   1640.92306785    2.290933802089      0.89581412114041    99               0.750215643681554
T1109TS185_5o  3702.17641964092   1696.67562317    2.18201780533861    0.877614300589066   102              0.785412818043438
T1109TS185_1o  3553.39365306382   1587.106398279   2.23891331855066    0.88744010291623    96               0.748429453689836
T1109TS185_4o  3438.48144322505   1591.46300283    2.16057893718586    0.873724406001961   89               0.770270498746109
T1109TS185_3o  2884.86989462647   1552.09601432    1.85869293394866    0.807081197215151   89               0.747327744245413
T1109TS165_1o  2863.98790514489   2688.92969645    1.06510330445828    0.527099793911975   136              0.498707852421345
T1109TS169_5o  1915.78945333108   1906.27864675    1.00498920060679    0.502078821607872   105              0.471137250621284
T1109TS187_1o  -446.739450597052  845.239206       -0.528536120219975  0.0725905643560665  46               0.183494456399918
T1109TS165_5o  -1196.13152572133  2038.3955899     -0.586800487426491  0.0663184381815365  126              0.136388362190605
T1109TS205_2o  8582.9371430617   2332.1877977      3.68020840839926   0.988648781110749   124              0.932016029550229
T1109TS205_1o  8581.58432715239  2348.21673759     3.65451118279642   0.988157944238373   124              0.92695887401951
T1109TS205_3o  8315.89809703999  2345.9939086447   3.54472280017306   0.985813895588037   124              0.910433558869928
T1109TS239_1o  8265.09027114911  2227.758131183    3.71004830167991   0.989193553552682   131              0.957371840701532
T1109TS188_5o  8236.86508490428  2385.263321788    3.45323093247831   0.983515587038173   123              0.953077881669039
T1109TS188_4o  7932.93555524187  2421.18197226     3.27647225451503   0.977992537175884   127              0.936750254104067
T1109TS201_3o  7835.65535294318  2292.9648284      3.41725928627122   0.982514883813292   120              0.951256888498068
T1109TS201_5o  7668.80402355485  2326.9841835206   3.29559782909756   0.978668254929075   124              0.925170742914543
T1109TS201_4o  7373.29442394335  2307.9131223      3.19478855278371   0.974863608634141   122              0.908577585652404
T1109TS201_1o  7027.3562877591   2285.0222351      3.07539952120053   0.969498385773521   122              0.912499451798135
T1109TS239_3o  6855.25714290744  2328.8064442      2.94367836364451   0.962292663087779   128              0.840489067724653
T1109TS201_2o  6834.11605677533  2347.9048265391   2.91072959156061   0.960248682854469   124              0.889831139484188
T1109TS188_3o  6806.88201371243  2250.3556928863   3.02480271684604   0.966903501089811   119              0.894778045012682
T1109TS239_2o  6310.08771060411  2242.69387235     2.81361972242431   0.953589145006381   122              0.866909504297381
T1109TS205_4o  5711.51150399017  2090.866533084    2.73164805769107   0.947154021069379   107              0.860089932373765
T1109TS187_5o  4721.6693472601   2397.594638226    1.96933596362799   0.834181880593625   120              0.670168044716386
T1109TS205_5o  4435.27757102848  1878.24175427     2.36139866497234   0.90627669417634    99               0.772233412353748
T1109TS188_1o  4161.49233574956  2003.7156749      2.07688764822247   0.857516320359554   103              0.711586944871894
T1109TS187_4o  2901.62412393292  2486.22024646     1.16708249322013   0.569171285786854   128              0.531471052863763
T1109TS239_4o  2655.37663577805  2206.106178005    1.20364861050311   0.584048254741528   121              0.507354440321004
T1109TS187_3o  2489.98290462306  1069.82249133332  2.32747294508624   0.901362403524449   63               0.784858363637944
T1109TS188_2o  1915.78945333108  1906.27864675     1.00498920060679   0.502078821607872   105              0.471137250621284
T1109TS187_2o  484.667709747484  828.37717045      0.585080959539478  0.333692418037611   45               0.414472034562999
T1109TS234_1o  -151.9422336814   90.3413631999999  -1.68186784324946  0.0113202228162873  8                0.0131909683629283
T1109TS278_1o  9708.09452417588  2433.4415682     3.98945043556435   0.993189239237133  123              0.969845663353497
T1109TS288_5o  8850.07511088402  2341.774016965   3.7792182536699    0.990358883100667  122              0.969490010779076
T1109TS288_1o  8589.54974876515  2383.819299919   3.60327217296085   0.987115817190328  124              0.966749143609297
T1109TS291_2o  8377.52624027182  2359.92446272    3.54991287755713   0.985934359438053  124              0.933361833659604
T1109TS288_3o  8099.51609472018  2356.23994617    3.43747507883724   0.983084396037738  123              0.950364015920403
T1109TS291_1o  8029.10790583595  2377.06045509    3.37774661500225   0.981346851698225  123              0.91533823759747
T1109TS288_2o  8015.67271005209  2355.5998974     3.40281586822083   0.982096495881985  122              0.952597027875351
T1109TS291_4o  7915.14948297288  2351.3268862     3.36624802337229   0.980992789563575  122              0.923908246841822
T1109TS291_5o  7816.86666618263  2365.7304752     3.30420846674082   0.978965808663386  122              0.916243879232559
T1109TS291_3o  7798.04360986915  2350.56920296    3.31751288158175   0.979417593986492  122              0.925254621195219
T1109TS239_5o  7699.47280637682  2284.191216557   3.37076543792265   0.981132668053195  134              0.922831900585422
T1109TS288_4o  7487.29334129563  2353.62924518    3.18116940322222   0.974301353755779  122              0.932567683554628
T1109TS278_2o  7404.09313051328  2310.522181317   3.20451073371343   0.975257631034109  130              0.88713646182109
T1109TS298_2o  6870.95284920316  2250.564102413   3.05299139972787   0.968374414171063  120              0.901474577309331
T1109TS298_3o  6823.87789696613  2259.70530252    3.01980877300957   0.966636110514756  122              0.889867293858776
T1109TS298_1o  6798.61519969617  2249.5424047761  3.02222140167784   0.966765549233884  119              0.890120708450578
T1109TS248_2o  6271.31825639289  2243.79100441    2.79496541525797   0.952193607816735  121              0.867947790122433
T1109TS278_3o  6225.27910274098  4077.435123541   1.52676349570823   0.706394982362572  207              0.59696946222789
T1109TS278_4o  4661.54455805853  1148.56099236    4.05859557225624   0.993926083894148  62               0.901896090427678
T1109TS248_3o  3950.23622343872  2331.6631498     1.69417105716044   0.760778392952449  114              0.649528580923996
T1109TS248_4o  3760.20964266439  2715.8853726     1.38452442824      0.654951013406137  143              0.59078261860204
T1109TS248_1o  3514.10339609428  2343.9884351     1.49919826543187   0.696777042362945  118              0.616202195546036
T1109TS248_5o  2798.42925179258  2034.5877702     1.37542812985526   0.651516888392023  114              0.610292218103797
T1109TS278_5o  1393.54367656519  1282.60381757    1.08649581224963   0.535977636025764  80               0.542100727680156
T1109TS350_2o  8377.52624027182  2359.92446272    3.54991287755713   0.985934359438053  124              0.933361833659604
T1109TS320_5o  8323.0239325364   2309.717380457   3.60348153542907   0.987120254285581  120              0.942137489398511
T1109TS348_5o  8323.0239325364   2309.717380457   3.60348153542907   0.987120254285581  120              0.942137489398511
T1109TS348_1o  8299.66583922297  2260.19154499    3.67210728560605   0.988496254126354  118              0.952795162315619
T1109TS314_4o  8167.55018250804  2314.51879795    3.52883294347929   0.985438728328763  122              0.916621745803917
T1109TS348_3o  8124.6538983841   2321.0193833     3.50046792234564   0.984744566315647  120              0.938312898671464
T1109TS350_1o  8029.10790583595  2377.06045509    3.37774661500225   0.981346851698225  123              0.91533823759747
T1109TS312_4o  8022.64414424335  2235.85924275    3.58817048535483   0.986791751116853  120              0.934028588728397
T1109TS348_2o  7811.2591807909   2246.945009133   3.47639089921695   0.984129854715517  120              0.917017238561712
T1109TS320_3o  7769.17630015694  2283.685200836   3.40203470132961   0.982073589452759  120              0.928254499929403
T1109TS314_1o  7724.52655118653  2387.2847102948  3.23569556570931   0.97648128910211   120              0.852876408714937
T1109TS320_1o  7708.16371865707  2288.756408937   3.36783927226099   0.981042177076925  122              0.925967335348625
T1109TS298_4o  7564.96160203767  2259.7108417189  3.34775647502015   0.980409535949061  120              0.925872526893004
T1109TS314_5o  7495.95583698477  2343.254094288   3.19895134516448   0.975033061952791  110              0.846853500489271
T1109TS312_1o  7272.02364939397  2176.65903177    3.34091079183888   0.980189192537196  116              0.910392199927207
T1109TS348_4o  7204.69457294163  2279.546058519   3.16058302310525   0.973428151906031  122              0.900034229404344
T1109TS320_4o  7202.56893309721  2282.5183747861  3.15553601349307   0.973209708505189  122              0.914344584117037
T1109TS314_3o  7008.40943263396  2274.57133149    3.0812001081729    0.969782976314684  116              0.876775672812842
T1109TS312_5o  6994.06445806929  2196.149036719   3.18469481858038   0.974448061391483  115              0.894590379420535
T1109TS320_2o  6664.8674950384   2242.19208246    2.97247838272897   0.963996238419892  119              0.893579910691282
T1109TS314_2o  6139.33327980087  2430.93373947    2.52550416332589   0.927068508533393  120              0.72307950253387
T1109TS298_5o  6127.8122008602   2272.377756335   2.69665207898507   0.944157273167328  118              0.871617248143672
T1109TS312_3o  6089.03026561062  2135.1376414     2.85182095408991   0.956326933769028  114              0.851337687083462
T1109TS312_2o  5711.6908470272   2146.435875591   2.66101163886601   0.940941513325258  116              0.816361151943956
T1109TS374_5o  8784.61422718985  2378.9925628     3.69257742313017   0.988877815229534  124              0.950068332448312
T1109TS360_4o  8684.70148916784  2323.19861421    3.73825183780986   0.989684647785682  122              0.941732793788619
T1109TS374_1o  8463.7240659569   2342.594169477   3.61297068704243   0.987319785824451  128              0.910522403259449
T1109TS390_5o  8323.0239325364   2309.717380457   3.60348153542907   0.987120254285581  120              0.942137489398511
T1109TS360_3o  8189.9902897693   2321.2914333769  3.52820424527863   0.985423685108258  122              0.913002030364749
T1109TS360_5o  8183.3769055029   2322.447293959   3.5236006977592    0.985313065909517  122              0.922611215505152
T1109TS374_4o  8150.70937371196  2276.173434664   3.58088239216935   0.986632492242133  122              0.935189700585395
T1109TS360_2o  8130.83390450878  2324.26573297    3.49823765379831   0.984688624468839  122              0.914476749514259
T1109TS360_1o  7967.60335059485  2315.29045275    3.44129754482047   0.983190013246039  122              0.896764856162261
T1109TS374_2o  7964.52303980131  2301.412388558   3.4607109440267    0.98371649176832   122              0.926856544825881
T1109TS374_3o  7933.95774474716  2496.07931168    3.17856796762086   0.974192571334829  138              0.867395379599144
T1109TS350_4o  7915.14948297288  2351.3268862     3.36624802337229   0.980992789563575  122              0.923908246841822
T1109TS350_5o  7816.86666618263  2365.7304752     3.30420846674082   0.978965808663386  122              0.916243879232559
T1109TS350_3o  7798.04360986915  2350.56920296    3.31751288158175   0.979417593986492  122              0.925254621195219
T1109TS390_3o  7769.17630015694  2283.685200836   3.40203470132961   0.982073589452759  120              0.928254499929403
T1109TS390_1o  7708.16371865707  2288.756408937   3.36783927226099   0.981042177076925  122              0.925967335348625
T1109TS390_4o  7202.56893309721  2282.5183747861  3.15553601349307   0.973209708505189  122              0.914344584117037
T1109TS367_5o  6746.61436845211  2255.110975489   2.99169949584817   0.965091722245262  118              0.892115649546874
T1109TS390_2o  6664.8674950384   2242.19208246    2.97247838272897   0.963996238419892  119              0.893579910691282
T1109TS367_4o  6348.69173418726  2243.30737221    2.83005878411251   0.954786756124722  122              0.868093664222245
T1109TS367_3o  6030.92256871318  2282.45229298    2.64229950709687   0.939184419483488  122              0.822530510684125
T1109TS367_1o  5713.07483501517  2278.67111444    2.50719588220137   0.924978318336891  121              0.816480638179717
T1109TS367_2o  4624.96156028389  2336.96015266    1.97905024397597   0.836409285857275  122              0.718488772342041
T1109TS385_1o  1590.12882781132  2272.402837      0.699756575691744  0.377445330842626  120              0.415657250541673
T1109TS444_1o  8446.28916598791   2425.508326146    3.48227589035268    0.984282318620997    127              0.949583725854355
T1109TS399_4o  8376.29067659599   2389.26938745     3.50579583892621    0.98487739322968     124              0.970973181638294
T1109TS444_2o  8341.83088869537   2340.9733000782   3.56340283266653    0.986242770233504    122              0.917926232086663
T1109TS399_1o  8331.87461099677   2315.03320191     3.59903028782595    0.987025591743982    121              0.962884751773677
T1109TS439_2o  8265.09027114911   2227.758131183    3.71004830167991    0.989193553552682    131              0.957371840701532
T1109TS444_4o  8227.01516140108   2538.6467007019   3.24070898054717    0.976672420342137    135              0.917536631731093
T1109TS444_3o  7824.54683807922   2312.148923257    3.38410158592086    0.981539748239646    123              0.911915287878813
T1109TS399_5o  6996.11647660925   2256.6165041      3.10026823959594    0.970700486951646    118              0.9054903277129
T1109TS439_5o  6899.04104175585   2254.0333881      3.06075370408389    0.96876822861466     122              0.92928666622663
T1109TS399_3o  6373.58857187168   2275.49752609     2.80096484342194    0.952646721312833    119              0.854421797439855
T1109TS439_3o  6310.08771060411   2242.69387235     2.81361972242431    0.953589145006381    122              0.866909504297381
T1109TS439_1o  5841.36968675212   2276.860789105    2.56553659964792    0.931453100557127    122              0.828805670721842
T1109TS439_4o  5673.3521005358    2296.4847028501   2.47045063853235    0.920616357344148    122              0.816172689661204
T1109TS399_2o  5659.34223696308   2293.67688976     2.46736681274896    0.920239924740788    120              0.832968372871084
T1109TS423_5o  4721.6693472601    2397.594638226    1.96933596362799    0.834181880593625    120              0.670168044716386
T1109TS423_4o  2901.62412393292   2486.22024646     1.16708249322013    0.569171285786854    128              0.531471052863763
T1109TS423_3o  2489.98290462306   1069.82249133332  2.32747294508624    0.901362403524449    63               0.784858363637944
T1109TS423_2o  484.667709747484   828.37717045      0.585080959539478   0.333692418037611    45               0.414472034562999
T1109TS423_1o  -446.739450597052  845.239206        -0.528536120219975  0.0725905643560665   46               0.183494456399918
T1109TS398_1o  -1955.04312166802  2308.5959844      -0.846853730526667  0.0440201416218667   127              0.146227098211514
T1109TS398_3o  -3551.91589739908  1581.70539268942  -2.24562419387068   0.00445451042369938  98               0.0100020415962289
T1109TS398_5o  -4006.07584621446  1734.43095643     -2.30973497755149   0.00400489506932583  98               0.0068460903850291
T1109TS398_2o  -4007.14436110185  1520.837268722    -2.63482783037607   0.0023335078729364   93               0.00359666048397522
T1109TS398_4o  -4827.62714687241  1712.63297578     -2.81883346586487   0.00171826162455929  95               0.005596045812362
T1109TS462_1o  8551.12952693259  2311.000121539   3.70018566733697   0.989016419367192  120              0.947316463887165
T1109TS462_5o  8201.07559015857  2305.7008469054  3.55686888052527   0.98609423107146   120              0.943510002944319
T1109TS462_2o  8070.98023250775  2319.4962996     3.47962625933036   0.984213853183099  122              0.95695043674409
T1109TS444_5o  8005.36551893682  2514.70428232    3.18342223187821   0.974395197909377  133              0.926404426323553
T1109TS462_3o  8002.24959400951  2292.43511829    3.49072020846489   0.984498572741076  120              0.943050807139007
T1109TS462_4o  7943.74038270313  2287.2851362     3.47299960856674   0.984041335830751  120              0.951168737214438
T1109TS493_1o  7645.16478416093  2284.01692632    3.34724523976221   0.980393164030312  120              0.90583173491693
T1109TS447_2o  7460.31857798666  2425.90020609    3.07527843035679   0.969492417192131  128              0.908568157464707
T1109TS447_1o  7460.31857798666  2425.90020609    3.07527843035679   0.969492417192131  128              0.908568157464707
T1109TS461_4o  7427.7709688511   2251.5724784     3.29892599066115   0.978783749704977  118              0.930593950499223
T1109TS446_4o  7427.7709688511   2251.5724784     3.29892599066115   0.978783749704977  118              0.930593950499223
T1109TS447_5o  7376.18459722905  2383.776951199   3.09432667075624   0.970417529576312  126              0.882022912377918
T1109TS447_3o  7376.18459722905  2383.776951199   3.09432667075624   0.970417529576312  126              0.882022912377918
T1109TS447_4o  7376.18459722905  2383.776951199   3.09432667075624   0.970417529576312  126              0.882022912377918
T1109TS477_1o  7301.78970856405  2317.728832049   3.15040724678256   0.972985937824978  121              0.928068217668544
T1109TS461_5o  7030.89258089422  2297.07376       3.06080401218558   0.96877076541399   120              0.90557977221921
T1109TS446_5o  7030.89258089422  2297.07376       3.06080401218558   0.96877076541399   120              0.90557977221921
T1109TS461_2o  6711.03458622796  2336.6422869     2.87208471054909   0.95771594594071   122              0.882834742209126
T1109TS446_2o  6711.03458622796  2336.6422869     2.87208471054909   0.95771594594071   122              0.882834742209126
T1109TS461_1o  6649.37081036073  2304.37556823    2.88554127288727   0.958614910739653  120              0.895973606725312
T1109TS446_1o  6649.37081036073  2304.37556823    2.88554127288727   0.958614910739653  120              0.895973606725312
T1109TS461_3o  6632.97320882446  2264.086940494   2.92964598231251   0.961434807437549  121              0.889843061883036
T1109TS446_3o  6632.97320882446  2264.086940494   2.92964598231251   0.961434807437549  121              0.889843061883036
T1109TS493_2o  6044.23887007202  2173.673542818   2.78065622597408   0.951096212353176  116              0.854984563955941
T1109TS494_2o  15103.6249060691   4297.322471878   3.51465941988491     0.985095846839254  208              0.895393626839382
T1110TS054_3o  8827.08944407913   2337.5454014     3.77622160356433     0.990311078604208  123              0.979780313003212
T1110TS037_3o  8177.40101401585   2336.360710635   3.50005929169786     0.984734331707482  121              0.948349247433016
T1109TS494_5o  8030.36599048917   2584.964254152   3.10656751929575     0.970997612787074  127              0.898828006674472
T1110TS037_1o  7969.30411545553   2326.275518589   3.42577826735214     0.982757138204891  121              0.938839328903202
T1110TS003_5o  7657.05311152491   2276.045849594   3.36419106534728     0.980928760864072  120              0.920601478656456
T1110TS003_1o  7600.66533101679   2276.54407388    3.3386857817616      0.980117054161058  120              0.917800811308346
T1110TS003_2o  7600.63174002682   2272.58636966    3.3444853148371      0.980304547695371  120              0.912067297982011
T1110TS054_2o  7546.66846744485   2306.15346675    3.27240514399945     0.977846168546375  120              0.940756026259762
T1110TS035_1o  7510.14060153941   2252.5008201     3.33413445825338     0.979968690478004  118              0.926342440441016
T1109TS494_1o  7437.18661173752   2346.2932526962  3.16976004733902     0.973820918412544  126              0.875306638922563
T1110TS003_3o  7377.19064220383   2277.36010272    3.23936062346608     0.976621165185971  122              0.912764923294136
T1110TS003_4o  7232.73109558205   2309.3067939     3.13199229945852     0.972167413063023  124              0.909093631443845
T1109TS493_3o  7200.28800797422   2307.7259998     3.12007925056884     0.971625109338161  122              0.899173211009924
T1109TS493_4o  7024.84887680757   2285.72056127    3.07336294551439     0.969397852123366  124              0.865865789207315
T1110TS054_1o  6836.13568268697   2255.6248841335  3.03070591691627     0.967216907228391  118              0.909299562984752
T1109TS493_5o  6833.97773527987   2191.625218831   3.11822371661021     0.971539723837563  116              0.860070600034846
T1109TS494_3o  6351.43823960416   2279.55198158    2.78626602548535     0.951529256387936  120              0.841607694075228
T1110TS037_2o  6043.36184268378   2243.46206041    2.69376600983363     0.943903120633875  122              0.814314909687293
T1110TS035_3o  4809.58185021481   2251.603520282   2.13606960856609     0.869148322955825  127              0.696966570553577
T1110TS035_2o  2798.50278987458   1980.98107792    1.41268527047869     0.665479302732429  113              0.579505527801571
T1110TS035_5o  1612.83243868794   1688.922704134   0.95494745540467     0.481236921334982  106              0.493669784710441
T1109TS494_4o  1559.84189378937   1599.51804866    0.975194931433334    0.489666026575031  94               0.461639778059973
T1110TS035_4o  -32.9632301857539  1695.072984043   -0.0194464961072836  0.154585788141609  83               0.341008664740394
T1110TS073_3o  8702.34111404928   2069.784471419    4.20446729319751   0.995230718017994    110              0.974266705126441
T1110TS091_2o  8196.21666196572   2475.74221944     3.31060988402083   0.979184383667796    120              0.911691097032784
T1110TS073_2o  8090.98208587885   2043.3060802      3.95975040855695   0.992846095333514    108              0.975383964853787
T1110TS054_5o  8027.53973698832   2289.9142040252   3.50560720697638   0.984872710069238    120              0.941763866118099
T1110TS073_4o  7736.8374992247    2156.93590853     3.58695753018342   0.98676537616331     114              0.938909084767809
T1110TS071_2o  7702.12072841254   2208.3877721068   3.48766680638913   0.984420716988101    120              0.913762213343917
T1110TS086_4o  7672.70209298464   2245.2527444      3.41729995080577   0.982516048094838    120              0.920739133723637
T1110TS086_5o  7657.05311152491   2276.045849594    3.36419106534728   0.980928760864072    120              0.920601478656456
T1110TS071_4o  7611.79211527917   2256.822682911    3.37279139070907   0.981195071834755    122              0.931360667214618
T1110TS086_3o  7600.63174002682   2272.58636966     3.3444853148371    0.980304547695371    120              0.912067297982011
T1110TS073_5o  7547.9000292091    1986.241785       3.80009125082881   0.990685444166221    108              0.967427281185569
T1110TS054_4o  7307.90128997113   2193.002899015    3.33237192401958   0.979910944691708    121              0.911986369229265
T1110TS086_1o  7051.12643844169   2270.70301517     3.10526140641681   0.970936246943849    120              0.898260842870584
T1110TS086_2o  6957.75762989494   2267.183789332    3.06889880857209   0.969176360346645    120              0.899058663693529
T1110TS091_1o  6921.44621172218   2379.22215873     2.90912144808569   0.960146248745993    117              0.806776582298843
T1110TS071_3o  6921.08634947447   2269.45847318     3.04966423984685   0.968204146328464    122              0.927717097193265
T1110TS098_1o  6718.45693192923   2241.355033336    2.99749786714048   0.965415838493323    118              0.885999948296209
T1110TS073_1o  6679.62936479485   1951.046675292    3.42361330940233   0.982695887588871    107              0.892288483936564
T1110TS071_1o  6658.92978269654   2170.83186567     3.06745533267789   0.969104409602509    120              0.880435862100753
T1110TS091_4o  6600.74395771869   2207.73695445     2.98982355865085   0.964986236035597    113              0.821941272357199
T1110TS091_3o  6537.98089986885   2355.994530972    2.77504077956051   0.950659058603842    127              0.852966227516012
T1110TS071_5o  6446.95299903919   2221.0824953      2.90261753567528   0.959729381857402    121              0.898387228300782
T1110TS091_5o  4498.97596335221   2307.0859214701   1.9500686651867    0.829692252963193    113              0.669294749541429
T1110TS098_2o  -34782.6857265744  14091.4251604689  -2.46835826259442  0.00307737222028126  406              0.0040595114263442
T1110TS119_4o  8325.48539905808  2304.26191154     3.61308120286289   0.987322091608599    124              0.942158755585119
T1110TS119_1o  8320.02322188351  2348.50333284     3.54269168177942   0.985766476141692    123              0.947664508649324
T1110TS131_2o  8310.88569404825  2304.26101327     3.60674665161053   0.987189258235241    124              0.946255062921313
T1110TS125_2o  8255.78337918138  2292.8900275      3.60060154659179   0.987059085097963    122              0.938596829826099
T1110TS119_5o  8071.52640232621  2380.3520731819   3.39089603309678   0.981743819571903    123              0.961018551960664
T1110TS131_5o  8049.03009987511  2308.08550181     3.48731885953231   0.984411820637575    124              0.941538824513922
T1110TS119_3o  8031.67246067157  2341.524994266    3.43010323628395   0.982878862359232    125              0.936584417586297
T1110TS125_1o  8027.53973698832  2289.9142040252   3.50560720697638   0.984872710069238    120              0.941763866118099
T1110TS125_5o  7946.36138423917  2304.3532783      3.44841281893264   0.983384889412821    120              0.929774493553655
T1110TS131_4o  7721.48050453544  2324.1637614744   3.32226180982922   0.979576544272979    122              0.931603877263787
T1110TS131_3o  7632.07000320954  2286.24917137     3.33824943439395   0.980102876929512    126              0.934017400110478
T1110TS119_2o  7477.29692787206  2271.82319365     3.29131991819255   0.978518898048337    126              0.928972350678578
T1110TS158_1o  7450.06410535882  2269.67220308     3.28244056355315   0.978205616823007    120              0.915956657223122
T1110TS131_1o  7442.34771274     2271.79557366     3.27597597205893   0.977974727545577    126              0.927471552561891
T1110TS125_3o  7226.32954870511  2209.11482781     3.2711425670294    0.977800537255611    123              0.928658458758166
T1110TS098_5o  7064.02108447904  2238.59234086     3.15556385838667   0.973210918458596    122              0.908790659503366
T1110TS098_4o  6706.25959297721  2243.16389164     2.98964316337769   0.964976076016173    118              0.879487055823742
T1110TS147_4o  6549.09040227352  2269.922051078    2.88516092399002   0.958589754527403    119              0.893159417415108
T1110TS147_5o  5928.13363269208  2125.696109024    2.78879638887514   0.951723392632568    107              0.870067042261112
T1110TS125_4o  5777.48519952177  2212.94012635     2.6107733918003    0.9361131209138      118              0.846752960428954
T1110TS147_2o  5734.7268152514   2160.5104301      2.65433887073897   0.940320458162881    121              0.868210254079266
T1110TS147_1o  5656.48081315835  2119.0216617266   2.66938319476612   0.941712113597441    108              0.871719328890119
T1110TS147_3o  5154.32908188259  2085.112144145    2.47196732144885   0.920800897767187    109              0.817523826811834
T1110TS098_3o  -38623.488315303  15220.9696832921  -2.53751824745434  0.00274325318638313  402              0.00406085999285166
T1110TS180_2o  7878.06677764608   2352.728603335   3.34848089425992   0.980432711981636   122              0.929236484421002
T1110TS158_5o  7600.66533101679   2276.54407388    3.3386857817616    0.980117054161058   120              0.917800811308346
T1110TS158_4o  7568.26753687434   2244.69461464    3.3716245798042    0.981159156268324   120              0.908858093735218
T1110TS180_3o  7443.40612296753   2286.8360894163  3.25489271286925   0.977204983941307   120              0.898210432282472
T1110TS180_4o  7251.69735558962   2367.175865184   3.06343836224688   0.968903324947353   122              0.924659677547004
T1110TS180_1o  7248.38660143197   2327.12666571    3.11473660125007   0.971378583103128   125              0.894576238138506
T1110TS169_1o  7064.02108447904   2238.59234086    3.15556385838667   0.973210918458596   122              0.908790659503366
T1110TS169_5o  7064.02108447904   2238.59234086    3.15556385838667   0.973210918458596   122              0.908790659503366
T1110TS180_5o  6999.20329144815   2323.16726049    3.01278492103573   0.966256500466922   120              0.894324426289732
T1110TS158_3o  6786.16733934515   2267.02825344    2.99341983455556   0.965188189666697   120              0.892607953619271
T1110TS169_2o  6718.45693192923   2241.355033336   2.99749786714048   0.965415838493323   118              0.885999948296209
T1110TS158_2o  6711.88627427361   2267.144721983   2.96050190761661   0.963296996446231   120              0.883041158843924
T1110TS169_3o  6706.25959297721   2243.16389164    2.98964316337769   0.964976076016173   118              0.879487055823742
T1110TS169_4o  6706.25959297721   2243.16389164    2.98964316337769   0.964976076016173   118              0.879487055823742
T1110TS185_1o  6700.30910555358   2361.60834339    2.83718048520084   0.955296393671301   118              0.876505363383877
T1110TS185_3o  6699.42376364031   2286.34775118    2.93018582154998   0.961468153783045   120              0.917900021726676
T1110TS185_4o  6459.17199534      2282.6315637787  2.82970414403952   0.954761233498745   120              0.912116234750572
T1110TS185_5o  6329.32154085944   2331.25766604    2.71498154539509   0.945746270099045   120              0.874544761997839
T1110TS185_2o  6131.19255775229   2261.54806836    2.71106002279157   0.94540993417716    120              0.85195368314091
T1110TS165_4o  5353.54655618793   2441.19598044    2.19300154476864   0.879566973382479   128              0.761057306370398
T1110TS165_2o  4777.75236960233   2623.92384965    1.82084261715127   0.797068320434309   131              0.662802757047782
T1110TS165_1o  4713.17291281869   2657.6352276623  1.77344613126779   0.78399090147884    138              0.681502588702546
T1110TS165_3o  2586.85912178294   2544.3999483589  1.01668730320932   0.506952594847186   135              0.496743659076762
T1110TS165_5o  -2462.88698896292  2036.0054271     -1.20966622003113  0.0245358754247151  119              0.0720303151477493
T1110TS205_3o  8448.68532204377  2316.6633428441  3.64691975989553   0.988008970317219    123              0.927413244942208
T1110TS187_2o  8142.69217677646  2356.5531699     3.45533989251004   0.983572476774056    124              0.939619723222142
T1110TS187_5o  8072.93396170994  2390.29734189    3.37737645448189   0.981335555234906    124              0.943827429598606
T1110TS205_1o  7830.3004527839   2299.66426287    3.40497549107956   0.982159673819682    121              0.904523799423393
T1110TS188_4o  7525.6902007102   2366.938427816   3.17950400072478   0.974231764312611    126              0.897666319151748
T1110TS205_2o  7403.75953595759  2314.039164782   3.19949620932845   0.975055159002099    121              0.90727201771028
T1110TS187_1o  7282.82610047675  2352.81886936    3.0953619912347    0.970467024896165    123              0.933234642882616
T1110TS205_4o  7166.71250603895  2077.30928203    3.44999782556956   0.983427996842862    111              0.905766777829757
T1110TS187_4o  7131.57658572545  2348.5381956     3.03660234229382   0.967527090500565    123              0.9285644378074
T1110TS201_1o  7113.46331753566  2304.214220931   3.08715363915319   0.970072394839501    122              0.903202130068448
T1110TS201_5o  6996.66214156335  2267.89422117    3.08509192194766   0.969972474110387    120              0.913344329557221
T1110TS201_4o  6691.88717454688  2256.2836372     2.96588915693745   0.963613130942464    122              0.907770738194267
T1110TS188_3o  6663.56268739238  2233.57265834    2.98336508665215   0.964620714129614    118              0.88627438102995
T1110TS239_1o  6473.32413610056  2235.64312025    2.89550871401008   0.959268965899175    120              0.903245550144866
T1110TS205_5o  6401.53223292696  2099.765981159   3.04868842069416   0.968154040730648    113              0.895311996681812
T1110TS201_2o  6386.53566822742  2278.123197      2.80341979601353   0.952830955234892    121              0.884179630074448
T1110TS187_3o  6348.69306014739  2238.11219179    2.83662860308617   0.955257096829343    119              0.857118563437075
T1110TS239_3o  6287.44401575759  2224.707596225   2.82618894565131   0.954507509522886    124              0.872587971994283
T1110TS188_5o  6266.5194180478   2377.048552799   2.63626058906912   0.938606996696567    123              0.865816770066467
T1110TS239_2o  6125.35864940967  2274.86722189    2.69262249263085   0.943802119785609    124              0.861350177634191
T1110TS201_3o  5918.3246234768   2256.4450386757  2.62285343628411   0.937306685961354    122              0.771852527178598
T1110TS188_2o  3989.50057516684  2077.68035792    1.92017052091727   0.82253498632399     109              0.629108676299583
T1110TS188_1o  2706.05358922672  2082.12845254    1.29965737028645   0.622325123062621    112              0.508254128918256
T1110TS234_1o  -4866.7671727365  1822.3920076893  -2.67053803583528  0.00219897312823214  86               0.00358067632536473
T1110TS288_5o  9435.23745914511   2387.25135133     3.95234354098846     0.992757878145075  122              0.983389544483771
T1110TS288_3o  8699.14245807108   2326.1561902      3.73970694432309     0.989709376911631  124              0.964532987524997
T1110TS291_5o  8460.44521990803   2382.00523863     3.55181637836112     0.985978287289575  124              0.918973092433092
T1110TS288_1o  8264.0702305429    2397.41222853     3.44707936841138     0.983348538187963  124              0.952242984280882
T1110TS291_1o  7945.30743641157   2398.679402035    3.31236739252061     0.979244003461734  125              0.921630450894476
T1110TS291_3o  7911.45081242701   2377.05341225     3.32825958880681     0.979775577775229  124              0.902603366593719
T1110TS288_2o  7910.36965005633   2351.72509435     3.36364555068997     0.980911744707881  125              0.941634292566124
T1110TS288_4o  7772.11824876538   2357.9570208      3.29612379708621     0.978686548046676  123              0.928673916779846
T1110TS291_2o  7706.14444966649   2369.2776998      3.25252900929131     0.977117064686906  125              0.932999034182824
T1110TS248_1o  7510.14060153941   2252.5008201      3.33413445825338     0.979968690478004  118              0.926342440441016
T1110TS278_1o  6904.68016155777   2253.7647353      3.06362064034988     0.968912476942618  119              0.885836635079721
T1110TS239_4o  6766.53433036972   2255.41041954     3.00013437543211     0.965562252149594  118              0.894009609200345
T1110TS298_2o  6583.86347552917   2233.30087282     2.94804141961208     0.962555637292895  120              0.876030653282004
T1110TS298_1o  6574.0367850023    2232.414874123    2.94480961455917     0.962361016819204  118              0.867032364854867
T1110TS239_5o  5953.47382742279   2254.060270914    2.64122211115886     0.939081775775236  122              0.849376289357816
T1110TS291_4o  5853.97630355456   2273.059128       2.57537352699897     0.932492508764266  118              0.854958182144883
T1110TS278_4o  4954.62113545702   2216.44856412     2.23538737404635     0.886851753068843  128              0.659932300129359
T1110TS248_3o  4809.58185021481   2251.603520282    2.13606960856609     0.869148322955825  127              0.696966570553577
T1110TS278_2o  4474.04151610779   2409.723267562    1.85666195630602     0.806553606759147  144              0.639776704045103
T1110TS248_2o  2798.50278987458   1980.98107792     1.41268527047869     0.665479302732429  113              0.579505527801571
T1110TS278_5o  2755.83179137434   1555.95184965     1.77115493130089     0.783343512180427  96               0.654521372513956
T1110TS278_3o  2150.3884409311    1682.99434523332  1.27771578497668     0.613692342987887  99               0.565001815210857
T1110TS248_5o  1612.83243868794   1688.922704134    0.95494745540467     0.481236921334982  106              0.493669784710441
T1110TS248_4o  -32.9632301857539  1695.072984043    -0.0194464961072836  0.154585788141609  83               0.341008664740394
T1110TS314_3o  8623.03167158678  2287.41679332    3.76976845530244   0.990207335430428  112              0.940686582504159
T1110TS348_5o  8605.6449259812   2313.0629755     3.72045422763337   0.989377382447898  122              0.932713993351984
T1110TS314_1o  8336.16661634061  2306.4792141     3.61423877803877   0.98734621821047   116              0.918350027543448
T1110TS348_2o  8177.21129630672  2292.0985893182  3.56756525849924   0.986336579518764  120              0.939353074982888
T1110TS314_5o  8165.55240257814  2301.0381367     3.5486384481609    0.985904873131835  122              0.931375681850332
T1110TS314_2o  8113.18568956054  2314.9644570827  3.50466965690899   0.984849412343166  116              0.904798232067846
T1110TS350_1o  7945.30743641157  2398.679402035   3.31236739252061   0.979244003461734  125              0.921630450894476
T1110TS298_3o  7911.59767777008  2274.7889991     3.47794792435704   0.984170333938045  120              0.942413431702465
T1110TS348_1o  7756.29089330768  2276.488804142   3.40712894313179   0.982222453265406  120              0.93292149417047
T1110TS312_5o  7739.72390729414  2411.7004466353  3.2092393224425    0.975447089963709  131              0.897125083932796
T1110TS320_4o  7460.61830601061  2271.113485994   3.28500462527319   0.978296537924594  120              0.916392960845206
T1110TS298_5o  7443.93499058346  2282.0726335     3.26191852148314   0.977464369419976  118              0.904492825394282
T1110TS312_4o  7139.95972731214  2357.1987165     3.02900204269313   0.967126742558695  129              0.879886536954924
T1110TS314_4o  7110.18924827495  2298.2849352     3.09369353615687   0.970387221842501  120              0.887424312280668
T1110TS298_4o  6837.60495192199  2244.1231082307  3.04689387442423   0.96806169636297   118              0.887353692748806
T1110TS348_4o  6711.69973369391  2283.9237017     2.93867073085593   0.961988651164286  120              0.886797506404669
T1110TS320_1o  6663.56268739238  2233.57265834    2.98336508665215   0.964620714129614  118              0.88627438102995
T1110TS320_3o  6588.08207038948  2239.40695152    2.94188694284342   0.962184175779978  119              0.874189301812074
T1110TS348_3o  6588.08207038948  2239.40695152    2.94188694284342   0.962184175779978  119              0.874189301812074
T1110TS320_2o  6131.63260822749  2236.870049191   2.74116621591187   0.947942437016697  120              0.856878707867842
T1110TS320_5o  5760.81609239018  2234.94715947    2.57760729061546   0.932726491636565  120              0.828628044207492
T1110TS312_3o  4249.14701435214  2034.208641721   2.0888452281656    0.859934017455174  107              0.681771934660203
T1110TS312_2o  4097.26004935434  2028.8440108     2.01950471674692   0.845426892764135  106              0.676407371243686
T1110TS312_1o  4096.98507258616  2222.1744693785  1.84368290115942   0.803156116817885  123              0.671717279436756
T1110TS360_3o  8793.57529691729  2311.3519957     3.80451584755447   0.990753247300031  122              0.939852538338851
T1110TS360_5o  8782.92783706967  2308.5545364     3.80451390624972   0.990753217658686  122              0.951378150721181
T1110TS360_4o  8498.6824795874   2326.441436319   3.65308249196008   0.98813004801708   122              0.93408436363875
T1110TS350_5o  8460.44521990803  2382.00523863    3.55181637836112   0.985978287289575  124              0.918973092433092
T1110TS360_2o  8295.75682553589  2297.1732554     3.61128913808958   0.987284651148377  122              0.941932702742033
T1110TS360_1o  8165.55240257814  2301.0381367     3.5486384481609    0.985904873131835  122              0.931375681850332
T1110TS374_1o  8078.84279697234  2260.8634358     3.57334400169715   0.986465771000872  120              0.929891659381265
T1110TS350_3o  7911.45081242701  2377.05341225    3.32825958880681   0.979775577775229  124              0.902603366593719
T1110TS374_5o  7732.12480759844  2298.228352482   3.36438491816883   0.980934804103153  124              0.926443907882926
T1110TS374_4o  7728.09418284525  2359.2880609     3.27560432781455   0.97796138146738   123              0.918498703058678
T1110TS350_2o  7706.14444966649  2369.2776998     3.25252900929131   0.977117064686906  125              0.932999034182824
T1110TS374_2o  7619.1130777357   2352.5436535     3.23867022250591   0.976594878409661  124              0.917629860457982
T1110TS367_4o  7509.78137175453  2274.46804041    3.30177484947241   0.978882125459423  120              0.907740465743286
T1110TS390_4o  7460.61830601061  2271.113485994   3.28500462527319   0.978296537924594  120              0.916392960845206
T1110TS367_5o  6914.9284648733   2292.08695339    3.01687004266837   0.966477788599798  122              0.895490911059575
T1110TS390_1o  6663.56268739238  2233.57265834    2.98336508665215   0.964620714129614  118              0.88627438102995
T1110TS390_3o  6588.08207038948  2239.40695152    2.94188694284342   0.962184175779978  119              0.874189301812074
T1110TS367_3o  6514.4446433784   2305.8303285     2.82520555084216   0.954436286686109  122              0.885865170314852
T1110TS367_1o  6466.44614973808  2318.21937075    2.78940217277454   0.951769760369386  125              0.882553740497875
T1110TS367_2o  6317.27740300772  2317.27878517    2.72616201530722   0.94669448809336   125              0.878818083047979
T1110TS390_2o  6131.63260822749  2236.870049191   2.74116621591187   0.947942437016697  120              0.856878707867842
T1110TS374_3o  6020.1667167111   2228.1576442409  2.70185852077001   0.944613023926691  118              0.854876669685782
T1110TS350_4o  5853.97630355456  2273.059128      2.57537352699897   0.932492508764266  118              0.854958182144883
T1110TS385_1o  2907.36115212036  2281.50996864    1.27431446370293   0.612347538163831  120              0.532224310549425
T1110TS444_3o  8997.01841199592   2360.0068929     3.81228480266865    0.990871118886821   120              0.973007851834687
T1110TS399_3o  8827.08944407913   2337.5454014     3.77622160356433    0.990311078604208   123              0.979780313003212
T1110TS444_1o  8535.73620426745   2409.5148648     3.54251236585584    0.985762282250722   124              0.942340635737987
T1110TS423_2o  8142.69217677646   2356.5531699     3.45533989251004    0.983572476774056   124              0.939619723222142
T1110TS423_5o  8072.93396170994   2390.29734189    3.37737645448189    0.981335555234906   124              0.943827429598606
T1110TS399_5o  8027.53973698832   2289.9142040252  3.50560720697638    0.984872710069238   120              0.941763866118099
T1110TS444_2o  7694.01444063771   2406.79497778    3.19678847249988    0.974945158046111   129              0.913713659669085
T1110TS399_2o  7546.66846744485   2306.15346675    3.27240514399945    0.977846168546375   120              0.940756026259762
T1110TS399_4o  7307.90128997113   2193.002899015   3.33237192401958    0.979910944691708   121              0.911986369229265
T1110TS423_1o  7282.82610047675   2352.81886936    3.0953619912347     0.970467024896165   123              0.933234642882616
T1110TS439_3o  7274.38926767719   2322.3533484     3.13233525496408    0.972182875002034   130              0.861730248547518
T1110TS423_4o  7131.57658572545   2348.5381956     3.03660234229382    0.967527090500565   123              0.9285644378074
T1110TS399_1o  6836.13568268697   2255.6248841335  3.03070591691627    0.967216907228391   118              0.909299562984752
T1110TS423_3o  6348.69306014739   2238.11219179    2.83662860308617    0.955257096829343   119              0.857118563437075
T1110TS439_1o  6287.44401575759   2224.707596225   2.82618894565131    0.954507509522886   124              0.872587971994283
T1110TS439_5o  6125.35864940967   2274.86722189    2.69262249263085    0.943802119785609   124              0.861350177634191
T1110TS390_5o  5760.81609239018   2234.94715947    2.57760729061546    0.932726491636565   120              0.828628044207492
T1110TS439_2o  5758.93935394121   2272.5968362     2.53407875176431    0.928028879602854   126              0.833688408130492
T1110TS439_4o  4087.39114076742   2278.7631047     1.79368848492284    0.789649525320528   132              0.672172803311134
T1110TS398_1o  -1124.38786381996  2314.65433861    -0.485769233472321  0.0775377130456095  124              0.204431229962237
T1110TS398_5o  -1461.8108615504   1080.7972619     -1.35253013037857   0.0194382365946461  65               0.065097398153012
T1110TS398_2o  -1590.60049802104  2113.427633671   -0.752616494967552  0.0511238341111018  117              0.156503280926558
T1110TS398_3o  -2489.91039852757  1657.0297449     -1.50263470296234   0.0152012770360427  96               0.0623140674995181
T1110TS398_4o  -4592.25082856134  1744.0443203     -2.63310443152695   0.0023402044081649  98               0.00357070502492761
T1110TS461_1o  9009.9759459014   2376.69553578    3.79096767350322   0.990544074582771  122              0.95507606784438
T1110TS461_2o  8507.75200434695  2393.3639652     3.55472553612881   0.986045161930201  122              0.955610568623813
T1110TS444_5o  8463.50930294859  2314.3652484407  3.65694624418115   0.988205341361496  120              0.943221797379597
T1110TS447_4o  8325.5832057195   2470.3736993     3.37017156881107   0.98111433712123   130              0.914219267015186
T1110TS447_3o  8325.5832057195   2470.3736993     3.37017156881107   0.98111433712123   130              0.914219267015186
T1110TS462_3o  8233.71437246853  2343.15391772    3.51394516177594   0.985078358823471  120              0.965401566940103
T1110TS461_3o  8071.86165941827  2383.0037745527  3.38726348049256   0.981634992751527  122              0.962782790221606
T1110TS462_5o  8036.7760386809   2332.25194278    3.44592961474874   0.983317131965764  120              0.960969238560044
T1110TS447_1o  7843.66080671363  2408.17384562    3.25709907570823   0.977286753063155  126              0.918684602055782
T1110TS447_2o  7843.66080671363  2408.17384562    3.25709907570823   0.977286753063155  126              0.918684602055782
T1110TS462_2o  7830.50420865728  2299.7321950428  3.40496351076719   0.982159323950281  120              0.956815518635505
T1110TS462_4o  7828.47631075344  2334.150816041   3.35388624289131   0.980604796705136  122              0.951341443100697
T1110TS461_4o  7785.74349883461  2389.34723758    3.25852323863996   0.977339381167705  122              0.942809122415355
T1110TS462_1o  7638.07357157121  2338.56444602    3.26613773016623   0.977618750084269  125              0.935934899675773
T1110TS477_1o  7588.4812941989   2279.0303928     3.32969727747937   0.97982300384572   120              0.927535264032675
T1110TS444_4o  7192.60114339933  2274.3690382     3.16246001532441   0.97350894863928   120              0.912096085930647
T1110TS446_5o  6996.85413208367  2230.0512018     3.13753071070123   0.972416090730212  120              0.91848031761385
T1110TS461_5o  6996.85413208367  2230.0512018     3.13753071070123   0.972416090730212  120              0.91848031761385
T1110TS446_4o  6721.78182966161  2244.4834055     2.99480130402845   0.965265469031984  118              0.926899895602269
T1110TS446_1o  6338.4666250016   2287.8924447842  2.77043907350263   0.950298063446137  122              0.884209943290776
T1110TS446_3o  6309.22745652285  2241.0768723     2.81526597079543   0.953710423709848  120              0.869757450917518
T1110TS446_2o  5830.51533459131  2279.429437      2.55788367033856   0.930634228748487  120              0.841331268953697
T1110TS493_1o  4624.87709828943  2205.53666389    2.09693956759365   0.861551046058593  121              0.75661975800945
T1110TS447_5o  1564.00633510527  1684.07440584    0.928703820734785  0.470328163909958  97               0.489811329276586
T1113TS003_2o  13292.8460913493   2832.042437387   4.69373125058609    0.997884230624593   144              0.994023937034743
T1113TS037_2o  12993.8770617575   2868.5691644     4.52974159487464    0.997221059300521   147              0.989721032117208
T1113TS003_1o  12933.7492747737   2854.32012666    4.5312889587855     0.997228196948958   152              0.991336095013713
T1113TS035_1o  12212.0628499746   2830.76152634    4.31405568301757    0.996023727028443   140              0.980694712764977
T1113TS003_3o  11989.5137238655   2858.854118774   4.19381795144102    0.995145727392904   153              0.950272514094198
T1113TS037_1o  11272.410070631    2746.46638621    4.10433207092203    0.99436936655143    144              0.946731274731971
T1113TS037_4o  11271.1252577974   2906.2862933958  3.87818821683527    0.99181294567993    144              0.96152549446716
T1113TS003_5o  11160.2319277036   2760.609589511   4.04266940537597    0.993763720336078   144              0.947687968042049
T1113TS003_4o  10806.1085767564   2812.956142743   3.84154890030352    0.99130190271721    143              0.930469193106349
T1113TS037_5o  9985.36423842073   2634.3738468     3.79041275806395    0.990535407948964   139              0.940821197182205
T1110TS494_1o  9363.67196042076   2352.9019688     3.9796268967365     0.993077590033258   122              0.97105774841604
T1110TS494_2o  9240.00279549218   2466.0178914     3.74693258622162    0.989831308328186   126              0.96544885328384
T1110TS494_4o  8068.5046057529    2864.207841749   2.81701086357823    0.953838640313496   139              0.881242596429682
T1110TS494_3o  7853.12668814171   2287.2982478     3.43336366199516    0.982970066911883   123              0.938804860304099
T1110TS494_5o  7826.22192702107   2600.57276251    3.00942240103577    0.966073297994523   136              0.8706220342697
T1113TS037_3o  7694.26810216288   2917.23133864    2.6375241484105     0.938728236698914   160              0.846099687345906
T1113TS035_4o  7298.86804512509   1741.551380356   4.19101504983051    0.995123108446328   99               0.937213288104821
T1110TS493_5o  6606.33641556228   2153.232398173   3.06810190166547    0.969136658224352   118              0.880909435840662
T1110TS493_3o  5709.42147827951   2262.22100303    2.52381242620962    0.926877641232401   121              0.811593192842445
T1110TS493_2o  5380.26854563151   2280.7215039     2.35902039614716    0.905939470947938   125              0.797885523922991
T1110TS493_4o  5307.44784533997   2174.08775897    2.44122980934975    0.916983468547688   117              0.765931531410759
T1113TS035_5o  4366.71800910462   2668.110705703   1.63663299269063    0.742892103220624   149              0.668299434275104
T1113TS035_2o  -798.944405404554  1441.4802559     -0.554252756591333  0.0697574417312683  83               0.149967948015949
T1113TS086_5o  13715.6773933725  2930.81625609    4.6798148348169    0.997834691386378  149              0.99234443130535
T1113TS086_2o  13190.7343862219  2830.872413396   4.65960045525254   0.99776066411958   146              0.990575230288424
T1113TS073_1o  12562.6108021353  2840.650657378   4.42244130565879   0.996678688957235  141              0.977680372149997
T1113TS071_1o  12536.1649693199  2766.26060712    4.53180909168622   0.99723059209946   139              0.989287183158447
T1113TS073_5o  12494.6911463725  2811.39689731    4.44429996999985   0.996797129885187  141              0.974185310012069
T1113TS073_4o  12415.0667985514  2783.7933988     4.45976587339532   0.996878379305842  136              0.972972536181914
T1113TS071_2o  12365.443310254   2799.881396298   4.4164168262997    0.996645284794377  148              0.980491004636811
T1113TS054_4o  12356.8066791166  2843.60827578    4.34546726578476   0.996225774722875  147              0.977909303537015
T1113TS091_2o  12271.6612644781  2756.49001918    4.45191572582898   0.996837399000926  142              0.986996031439148
T1113TS054_3o  12029.3642350369  2860.3807994668  4.20551146101922   0.995238971203127  146              0.971648776842317
T1113TS091_3o  11996.5069411609  2711.258736364   4.42470015135813   0.996691128035774  141              0.992599145185662
T1113TS071_3o  11993.2550359565  2800.032812438   4.28325517568271   0.99581515488614   147              0.966694684025045
T1113TS054_2o  11623.1974741782  2788.569074201   4.1681583510742    0.994934700894785  146              0.975023666697577
T1113TS073_2o  11575.7923782135  2814.1206925     4.11346692025842   0.994453970427926  144              0.961315397907135
T1113TS086_3o  11418.8918322071  2742.10880873    4.16427378660284   0.994901968099219  143              0.968978248521279
T1113TS071_4o  11334.5707653158  2735.1191299     4.14408668397935   0.994728445411274  146              0.969484952722099
T1113TS073_3o  11254.1814217219  2783.1049537     4.04375027494382   0.993774874692383  139              0.963001020063349
T1113TS054_5o  11186.9497728219  2753.60463271    4.06265650483458   0.993966807509628  148              0.966023721361644
T1113TS086_4o  11160.2319277036  2760.609589511   4.04266940537597   0.993763720336078  144              0.947687968042049
T1113TS054_1o  11050.4290435446  2679.736955676   4.12369916388193   0.994547237707246  142              0.959004490319313
T1113TS071_5o  10908.1970674092  2798.97453213    3.8972119760976    0.992066427477919  144              0.952613579239588
T1113TS086_1o  10806.1085767564  2812.956142743   3.84154890030352   0.99130190271721   143              0.930469193106349
T1113TS091_4o  10584.1078285562  2778.68748317    3.80903138358025   0.990821939862363  143              0.963247544781373
T1113TS091_1o  10169.090979167   2806.93752212    3.62284194038155   0.987524113746343  147              0.955471689109445
T1113TS147_1o  14015.880849313    2994.97072437     4.67980562723574   0.997834658229317    146              0.993330899401877
T1113TS147_2o  13933.4527264357   2915.97826447     4.77831158627246   0.998161905355425    143              0.994608958628872
T1113TS131_3o  13227.0083409347   2821.89090818     4.68728550157369   0.997861427435689    144              0.992141601618072
T1113TS119_1o  13044.590576191    2876.31595384     4.53517304271664   0.997246032934142    153              0.987637976533428
T1113TS131_1o  13044.590576191    2876.31595384     4.53517304271664   0.997246032934142    153              0.987637976533428
T1113TS125_3o  12734.0121128492   2854.21622367     4.46147422442845   0.996887227077395    148              0.984430583006504
T1113TS119_5o  12727.9831607689   2876.0234863      4.4255491032667    0.996695791055105    139              0.987478608105391
T1113TS119_3o  12690.7291754196   2817.946294042    4.50353834004986   0.997097368150978    146              0.984764963463903
T1113TS119_2o  12580.8161293161   2796.6501284      4.49853058184067   0.997073111843408    138              0.991729211923362
T1113TS131_5o  12496.1181753595   2817.704643682    4.43485735929736   0.996746490694784    148              0.982842930617994
T1113TS119_4o  12370.8362638032   2828.401446215    4.37379081401545   0.996399173997168    148              0.986295972407983
T1113TS131_2o  12370.8362638032   2828.401446215    4.37379081401545   0.996399173997168    148              0.986295972407983
T1113TS098_1o  12057.9638062133   2899.188391191    4.15908253594372   0.994857895924645    156              0.962624260147598
T1113TS098_5o  12057.9638062133   2899.188391191    4.15908253594372   0.994857895924645    156              0.962624260147598
T1113TS125_4o  11597.1062626476   2785.12479716     4.16394492428964   0.994899187339228    146              0.965696280245663
T1113TS125_1o  11403.4466288087   2841.653509628    4.0129616753668    0.993449245838451    146              0.953674048871255
T1113TS125_5o  11288.783594064    2607.32931585     4.32963474365869   0.996125247612119    144              0.985928239701947
T1113TS147_3o  10635.4225706708   2960.200301733    3.59280504243055   0.986892049898205    148              0.922214903884161
T1113TS131_4o  9814.15106794516   2687.29216114     3.65205957501168   0.988110034949838    142              0.912687872241106
T1113TS125_2o  9802.66842150346   2724.95310688     3.59737141778827   0.986990138009431    146              0.918315768889811
T1113TS091_5o  9683.29439835852   2786.631591346    3.47491014902379   0.984091263999357    147              0.920246375854858
T1113TS098_4o  9565.30408765976   2527.4977986971   3.78449551670849   0.990442502222699    142              0.895527219853666
T1113TS098_3o  -6101.46897935154  2360.07607084932  -2.58528487904028  0.0025338589212166   106              0.00410753265396061
T1113TS098_2o  -6546.47493772655  2938.12918489     -2.22810997262928  0.00458585054020283  140              0.00973301709563711
T1113TS180_2o  13375.536269813    2883.8045027837  4.63815638574035   0.997679371677685    144              0.987941030432862
T1113TS180_1o  13294.7761215573   2934.12833669    4.53108201005113   0.997227243400152    146              0.98432694107399
T1113TS158_4o  13190.7343862219   2830.872413396   4.65960045525254   0.99776066411958     146              0.990575230288424
T1113TS150_2o  12807.5953863159   2853.53458664    4.48832666906508   0.99702305943608     144              0.987240448667988
T1113TS150_1o  12690.4670773004   2817.946294042   4.5034453297183    0.997096919464548    146              0.984757923817994
T1113TS158_5o  12675.5415652076   2853.352905703   4.44233222601836   0.996786642403294    155              0.978648711084058
T1113TS169_1o  12087.2682389386   2775.530512033   4.35493978053408   0.996284672865666    138              0.984263069135731
T1113TS147_4o  12076.5123665917   2836.74882956    4.25716659887188   0.995629992623492    140              0.970205490958908
T1113TS169_3o  12057.9638062133   2899.188391191   4.15908253594372   0.994857895924645    156              0.962624260147598
T1113TS169_2o  12057.9638062133   2899.188391191   4.15908253594372   0.994857895924645    156              0.962624260147598
T1113TS158_3o  11418.8918322071   2742.10880873    4.16427378660284   0.994901968099219    143              0.968978248521279
T1113TS158_2o  11160.2319277036   2760.609589511   4.04266940537597   0.993763720336078    144              0.947687968042049
T1113TS150_5o  11027.0546189109   2806.320546695   3.92936388963031   0.992477256134207    146              0.952343422665741
T1113TS158_1o  10806.1085767564   2812.956142743   3.84154890030352   0.99130190271721     143              0.930469193106349
T1113TS147_5o  10788.439022534    3054.2551498683  3.53226514916383   0.985520583381998    147              0.943286854276189
T1113TS150_4o  10636.1624138907   2663.755959049   3.99291923787493   0.993228235068637    141              0.948725038516181
T1113TS169_4o  9565.30408765976   2527.4977986971  3.78449551670849   0.990442502222699    142              0.895527219853666
T1113TS150_3o  9234.80920013728   2703.100045822   3.41637713868967   0.982489607962421    143              0.884669508992652
T1113TS169_5o  7517.06430116598   2365.07612329    3.17836040334684   0.974183872478707    137              0.865260883269068
T1113TS165_5o  -2565.40667554145  1510.56110925    -1.69831373244819  0.0110175235902308   98               0.0269563167388403
T1113TS165_4o  -2582.64680915774  1570.9189411     -1.64403569247774  0.0120481105587099   96               0.0319681557267618
T1113TS165_3o  -2607.83862026595  1447.655749444   -1.80142179607793  0.00929411475367908  88               0.020779035046783
T1113TS165_1o  -4069.68151752362  2161.65106014    -1.882672736857    0.00812658617485323  135              0.0174928469630513
T1113TS165_2o  -4424.05623684001  1866.11982172    -2.37072463694339  0.00361920761604839  113              0.010013109874149
T1113TS201_4o  13501.8863781821   2889.293980992    4.67307462203842   0.997810283409495    140              0.993473608097985
T1113TS187_3o  13413.0905120819   2902.3537152      4.62145273397788   0.997614015358542    140              0.991812510527624
T1113TS185_2o  13377.9010651573   2856.5498869      4.68323732993695   0.997846980973279    136              0.995842215341781
T1113TS187_2o  13372.0636005761   2917.19777039     4.58387283039381   0.997460185999517    144              0.994023049924065
T1113TS185_3o  13352.1110777421   2827.73313913     4.72184269900734   0.997980877622509    138              0.996271153959597
T1113TS180_3o  13218.0287281103   2901.1839857      4.55608082536724   0.9973400948762      146              0.984938259176255
T1113TS201_5o  13193.6963277995   2877.15350305     4.5856768899585    0.99746779184799     140              0.993501747408538
T1113TS185_5o  13142.4572930108   2876.18947966     4.56939898638543   0.997398334251518    144              0.994134237766304
T1113TS201_1o  13067.7604442003   2931.07404484     4.45835220956135   0.996871038804377    140              0.99150159817418
T1113TS201_3o  12967.955867167    2904.78799912     4.46433814484763   0.996902003643782    142              0.993508190449378
T1113TS180_4o  12944.9486706118   2909.8158243      4.44871753136676   0.996820550045463    146              0.979417008182108
T1113TS201_2o  12942.0525832108   2862.508560468    4.52122755611771   0.997181456780448    141              0.99191387021378
T1113TS180_5o  12755.4118888053   2918.186480093    4.37100643698368   0.996382485658575    146              0.974148108109779
T1113TS187_5o  12538.6409381805   2829.30824614     4.43169843911029   0.996729372401393    147              0.977691186860006
T1113TS187_4o  12359.2381959525   2975.67920037     4.15341754393945   0.994809369239886    146              0.949710556691911
T1113TS185_1o  12163.0260870193   2775.525492687    4.38224261281931   0.996449362015953    138              0.984643430243755
T1113TS187_1o  12137.2057079316   2904.3221623535   4.1790149403041    0.995025077926118    140              0.966880788005513
T1113TS188_1o  12057.9638062133   2899.188391191    4.15908253594372   0.994857895924645    156              0.962624260147598
T1113TS185_4o  11976.5280674123   2624.819586515    4.56280047929453   0.997369640168605    132              0.987495827076399
T1113TS188_5o  9565.30408765976   2527.4977986971   3.78449551670849   0.990442502222699    142              0.895527219853666
T1113TS188_2o  7517.06430116598   2365.07612329     3.17836040334684   0.974183872478707    137              0.865260883269068
T1113TS188_3o  7428.42679206332   2421.6453164      3.06751229907869   0.969107252199267    136              0.842589947671184
T1113TS188_4o  7040.85344490486   2361.25401538     2.98182804520155   0.964533184123636    136              0.833948238310583
T1113TS234_1o  -2790.49485254179  1001.85868313332  -2.78531782927159  0.00181679467920853  52               0.00300376791079606
T1113TS239_3o  13611.5072081925  2955.45158829    4.60555918497316   0.997550124787401  152              0.981507219834034
T1113TS278_1o  13504.4841448986  2878.071916739   4.69219829649005   0.99787882956526   140              0.994611936644269
T1113TS288_1o  13425.7118845771  2890.86250173    4.644189018517     0.997702533933254  141              0.992982124233381
T1113TS239_2o  13335.5120153316  2907.482762555   4.58661773926145   0.99747174941579   138              0.99355329436691
T1113TS298_2o  13197.3278385535  2988.6880988296  4.41575949116995   0.996641619843245  146              0.980221256832788
T1113TS239_1o  13117.6805277683  2876.840994056   4.55975167027704   0.997356275803664  138              0.992794271671963
T1113TS278_4o  12874.4139884628  2804.43535836    4.59073301514485   0.997488987437127  136              0.992567184555764
T1113TS288_3o  12679.4919555141  2834.8045813     4.47279224788732   0.99694521644636   142              0.98669675015666
T1113TS278_2o  12661.6285170692  2849.6729129     4.44318660564589   0.996791200187026  144              0.988140229304316
T1113TS278_3o  12493.6856894845  2822.85103674    4.42591037460943   0.996697773415039  138              0.988458487345764
T1113TS288_5o  12325.2800407799  2807.39367849    4.39029272424993   0.996496516461874  148              0.978676778807202
T1113TS298_1o  12050.0220410619  2842.29524794    4.23953917165902   0.995500287707433  148              0.960850249285028
T1113TS298_4o  12002.8781185533  2880.40036465    4.16708672372764   0.994925691903409  147              0.970265435607261
T1113TS298_3o  11965.301355307   2891.88187922    4.13754843905805   0.99467099455379   148              0.955937496147197
T1113TS248_2o  11897.0739491955  2864.480866899   4.15330892472495   0.994808434363235  140              0.983127597137865
T1113TS239_4o  11883.2968868637  2753.037585567   4.31643103935913   0.996039375460605  144              0.97741258453394
T1113TS288_2o  11847.2554190036  2993.0829278374  3.95821155131295   0.992827855484673  148              0.933678000854338
T1113TS288_4o  11601.7256340435  2797.1017586     4.14776673689927   0.994760510236961  144              0.965063959791471
T1113TS248_3o  11560.2941160651  2951.49186157    3.91676299927717   0.992318823047909  147              0.938998723981759
T1113TS239_5o  11258.76625712    2851.5665913     3.94827400891495   0.992708950463648  151              0.913954146440255
T1113TS248_1o  9895.88943820091  2775.1546831     3.56588751555522   0.98629884407468   143              0.867120873298867
T1113TS278_5o  8679.31116535091  2308.5643201     3.75961418522441   0.990041860566695  136              0.8496513780932
T1113TS248_4o  7298.86804512509  1741.551380356   4.19101504983051   0.995123108446328  99               0.937213288104821
T1113TS248_5o  4366.71800910462  2668.110705703   1.63663299269063   0.742892103220624  149              0.668299434275104
T1113TS350_5o  13704.4340929068  2926.445148274   4.68296291184188   0.997845998157317  147              0.987889185457997
T1113TS350_1o  13489.8914062657  2970.9817497979  4.5405500747971    0.997270535893975  140              0.989919115273204
T1113TS350_2o  13108.1848224097  2956.338549762   4.4339254797002    0.996741450115767  142              0.981390365414423
T1113TS350_3o  12877.000454001   2814.3050962265  4.57555240590896   0.997424811438836  144              0.984919224196738
T1113TS320_2o  12773.7440661719  2853.57841865    4.47639496524332   0.996963448492315  144              0.986184013447436
T1113TS320_1o  12690.7291754196  2817.946294042   4.50353834004986   0.997097368150978  146              0.984764963463903
T1113TS298_5o  12655.957071203   2969.39802791    4.262128873343     0.99566582954003   148              0.968502730425391
T1113TS348_1o  12533.5558810802  2902.2865824     4.31851077598124   0.996053026029707  146              0.978622142595075
T1113TS348_5o  12457.9281453804  2847.28921974    4.37536449020027   0.9964085719726    146              0.979919083896202
T1113TS350_4o  12444.8616922681  2829.72314225    4.39790787531703   0.996540548544622  145              0.981875313620563
T1113TS360_3o  12204.4209422888  2807.91902488    4.34642909362758   0.996231797353968  148              0.978470219642542
T1113TS360_1o  12085.3988885085  2820.193141763   4.28530894198028   0.99582939524823   148              0.974335104858985
T1113TS360_2o  12002.8781185533  2880.40036465    4.16708672372764   0.994925691903409  147              0.970265435607261
T1113TS348_4o  11586.4426601126  2872.345233054   4.03379180426492   0.993671350621698  146              0.960676459209128
T1113TS320_5o  11046.5329732274  2806.282929677   3.93635754129      0.992563784563197  146              0.95263094264152
T1113TS348_2o  11046.5329732274  2806.282929677   3.93635754129      0.992563784563197  146              0.95263094264152
T1113TS312_4o  10773.7935802289  2731.01267841    3.94498116592464   0.99266912080369   141              0.968854350402243
T1113TS320_4o  10497.8152697718  2663.7781891524  3.94094948014878   0.992620060021338  141              0.944000096901242
T1113TS348_3o  10103.6487217923  2752.36572276    3.6708961451753    0.988473277521039  146              0.92874054430665
T1113TS312_3o  10031.6361636831  2746.2675864     3.65282546149599   0.988125022424996  145              0.940290654554966
T1113TS320_3o  9220.16070830121  2703.063327789   3.41100432739138   0.982334886090632  143              0.881869065880688
T1113TS312_2o  8729.06737910304  2560.6856728     3.40887890763968   0.982273310059958  134              0.898790345808196
T1113TS312_5o  6901.96606911401  2495.54602781    2.76571379257265   0.949924770172235  136              0.855114624083245
T1113TS312_1o  6530.6070469504   2675.1085277889  2.44124938450562   0.916985952104851  146              0.76701855819579
T1113TS374_4o  13472.1402731348   2866.893092267    4.6992126457292     0.997903431208228    139              0.9949497005348
T1113TS374_5o  13254.7349661705   2891.83406388     4.58350468020509    0.997458631094634    143              0.99338338444932
T1113TS367_4o  13099.4771164776   2818.68632967     4.64736958440184    0.997714652688804    145              0.990949232681393
T1113TS367_3o  12797.7351047991   2796.33382627     4.57661205703392    0.997429343746513    147              0.987890562489675
T1113TS374_1o  12774.2660728214   2896.76690505     4.40983568631349    0.996608411320493    142              0.989645674050496
T1113TS390_2o  12773.7440661719   2853.57841865     4.47639496524332    0.996963448492315    144              0.986184013447436
T1113TS374_3o  12720.3355497888   2873.81307006     4.42629191241141    0.996699865693655    148              0.984985355174692
T1113TS390_1o  12690.7291754196   2817.946294042    4.50353834004986    0.997097368150978    146              0.984764963463903
T1113TS374_2o  12573.9978333474   2829.82411898     4.44338492594363    0.996792257227027    147              0.983933205326458
T1113TS360_4o  12511.1822604584   2802.0033887      4.4650846287031     0.996905843669031    148              0.982712511919609
T1113TS360_5o  12457.9281453804   2847.28921974     4.37536449020027    0.9964085719726      146              0.979919083896202
T1113TS367_1o  12153.3411484711   2768.99555853     4.38907932193399    0.996489448965832    145              0.982383686756151
T1113TS399_1o  11050.4290435446   2679.736955676    4.12369916388193    0.994547237707246    142              0.959004490319313
T1113TS390_5o  11046.5329732274   2806.282929677    3.93635754129       0.992563784563197    146              0.95263094264152
T1113TS367_5o  10955.3573027365   2774.95891993     3.94793494925425    0.992704859197006    146              0.945700395951076
T1113TS390_4o  10497.8152697718   2663.7781891524   3.94094948014878    0.992620060021338    141              0.944000096901242
T1113TS367_2o  10473.4817339771   2749.6604972316   3.80900905567139    0.990821601446083    145              0.930382409879149
T1113TS390_3o  9220.16070830121   2703.063327789    3.41100432739138    0.982334886090632    143              0.881869065880688
T1113TS398_5o  -994.827147329865  1739.8933759      -0.571774777184416  0.0678860422961301   94               0.207027092656439
T1113TS398_2o  -1423.545085399    1037.71005333332  -1.3718139097008    0.0188350114053077   54               0.0631786876407186
T1113TS398_3o  -1836.85220259479  1072.49702403     -1.71268745874246   0.0107595279628411   66               0.0194413447524876
T1113TS398_4o  -2009.90839477405  974.6166961       -2.06225524641312   0.00603720425503868  64               0.0159039231782694
T1113TS398_1o  -2844.53281534822  1570.61067250332  -1.8110998894554    0.00914676208345061  94               0.0202977325466619
T1113TS385_1o  -2892.96975611864  2455.92565884     -1.17795493756316   0.0258331285094918   135              0.125056401853796
T1113TS439_1o  13637.8770599834  2873.97140202    4.74530715594382   0.998058165851524  139              0.995254570752785
T1113TS439_4o  13438.1159253661  2862.12537938    4.69515277778541   0.997889226829227  138              0.995235935852219
T1113TS423_3o  13413.0905120819  2902.3537152     4.62145273397788   0.997614015358542  140              0.991812510527624
T1113TS423_2o  13372.0636005761  2917.19777039    4.58387283039381   0.997460185999517  144              0.994023049924065
T1113TS439_3o  12875.7570177869  2789.12405625    4.61641603532632   0.997593950306756  138              0.993010209495107
T1113TS446_3o  12840.6519292894  2830.3057305     4.53684271310895   0.997253664958456  142              0.990921548524633
T1113TS439_5o  12808.4600380763  2896.47054891    4.42209227464658   0.996676762750161  138              0.992629043365407
T1113TS446_1o  12736.3751199018  2796.6394409     4.55417131491326   0.997331638821362  138              0.992635660714151
T1113TS446_2o  12677.1233080447  2876.0297398     4.407855430913     0.996597237294241  139              0.987093846722094
T1113TS423_5o  12538.6409381805  2829.30824614    4.43169843911029   0.996729372401393  147              0.977691186860006
T1113TS446_4o  12450.978324162   2838.544651      4.38639509150422   0.996473764074207  140              0.987366123954641
T1113TS423_4o  12359.2381959525  2975.67920037    4.15341754393945   0.994809369239886  146              0.949710556691911
T1113TS399_4o  12356.8066791166  2843.60827578    4.34546726578476   0.996225774722875  147              0.977909303537015
T1113TS439_2o  12287.5746168681  2832.435871      4.33816516118685   0.996179737647934  140              0.986096541826108
T1113TS423_1o  12137.2057079316  2904.3221623535  4.1790149403041    0.995025077926118  140              0.966880788005513
T1113TS399_3o  12029.3642350369  2860.3807994668  4.20551146101922   0.995238971203127  146              0.971648776842317
T1113TS446_5o  11632.9201091952  2837.208947638   4.10012809203908   0.994330000719542  145              0.957411458599801
T1113TS399_2o  11623.1974741782  2788.569074201   4.1681583510742    0.994934700894785  146              0.975023666697577
T1113TS399_5o  11186.9497728219  2753.60463271    4.06265650483458   0.993966807509628  148              0.966023721361644
T1113TS444_2o  10927.8908356985  2681.738053041   4.07492850515607   0.994088230914426  140              0.965905926722127
T1113TS444_5o  9924.54916025946  2740.903339886   3.62090447183455   0.987484267594629  139              0.940545557687716
T1113TS444_1o  9831.09708992308  2782.488375931   3.53320329204742   0.985542878246919  141              0.886931975068587
T1113TS444_3o  9422.02028856464  2744.372395247   3.43321493281404   0.982965916892115  141              0.865959203994168
T1113TS444_4o  9353.86217079935  2676.398398214   3.49494386823775   0.984605636869205  141              0.921595354784189
T1113TS462_5o  14029.2104934956   2960.61087267    4.73862020267578    0.99803644594711    139              0.995974884695025
T1113TS462_4o  13925.1053432397   2907.9946936     4.78855940620747    0.998192976631084   137              0.996549809175926
T1113TS462_3o  13896.5150963171   2947.6685266     4.71440902222004    0.997955757632114   139              0.996016252724325
T1113TS462_1o  13734.8344843852   2951.898855      4.65288113145232    0.997735502241243   138              0.995373131444161
T1113TS462_2o  13613.9958023485   2930.518771      4.64559242447809    0.997707889146484   143              0.99475665351094
T1113TS494_1o  13453.6599876874   2847.4234153     4.72485402606342    0.997990965656754   140              0.994211668203045
T1113TS494_2o  13435.4079578587   2808.07132017    4.78456792081951    0.99818093731819    145              0.98845747348029
T1113TS461_3o  12840.6519292894   2830.3057305     4.53684271310895    0.997253664958456   142              0.990921548524633
T1113TS461_1o  12736.3751199018   2796.6394409     4.55417131491326    0.997331638821362   138              0.992635660714151
T1113TS461_2o  12677.1233080447   2876.0297398     4.407855430913      0.996597237294241   139              0.987093846722094
T1113TS461_4o  12450.978324162    2838.544651      4.38639509150422    0.996473764074207   140              0.987366123954641
T1113TS447_5o  12226.1739710367   2845.3969378     4.29682544766136    0.995908358784848   146              0.967503077819334
T1113TS461_5o  11632.9201091952   2837.208947638   4.10012809203908    0.994330000719542   145              0.957411458599801
T1113TS493_3o  11500.7340268069   2836.93577102    4.05392823633503    0.993878941639756   140              0.972163762857739
T1113TS493_1o  10984.7756422778   2746.6066193756  3.99939895461804    0.993300486144072   141              0.974610671710895
T1113TS477_1o  8581.82053300218   1866.46942135    4.59788970279247    0.997518686532501   100              0.981061692809565
T1113TS493_5o  7565.79381863689   2083.16686761    3.63187123234014    0.987708165001864   113              0.860953702771577
T1113TS493_2o  7255.9315660849    2426.40680967    2.99040191330147    0.965018790327592   133              0.819416091255165
T1113TS493_4o  6707.34313541275   2580.5220098     2.59921950285268    0.934951763174329   139              0.81519918944207
T1113TS494_3o  1300.64029668268   848.48624264     1.53289497380163    0.708509962040343   45               0.649885272142373
T1113TS447_4o  603.069783771981   937.813834       0.643059167937142   0.355511040524664   51               0.401464668678801
T1113TS447_2o  -878.470277098098  1008.60153378    -0.870978525886035  0.0423587773926637  65               0.110596941483519
T1113TS447_1o  -1255.45875823366  1057.7325976745  -1.18693397650207   0.0254591814925029  65               0.0417686752908376
T1113TS447_3o  -1411.7920891908   1083.67578592    -1.30278087554779   0.0210832415564525  57               0.062478730520421
T1121TS003_1o  5237.72005894924  1634.9165028     3.20366211361803   0.975223479151345  92               0.919928908114304
T1121TS035_1o  4983.69027962292  1485.0575438     3.35589034945443   0.980668221765598  87               0.961741982888566
T1121TS003_2o  4919.26911880234  1659.98149121    2.96344817388088   0.96347021515174   95               0.893610953368705
T1121TS003_5o  4734.15818109032  1652.8555795     2.86422978498971   0.957182601058526  94               0.880048919231438
T1121TS035_2o  4576.79622130336  1628.96567145    2.80963331610874   0.953294214045694  91               0.839114511127931
T1121TS003_3o  4425.72057561727  1633.91195637    2.70866527315812   0.945203579262073  93               0.834005480026446
T1121TS003_4o  4402.67096868271  1625.73767089    2.70810663215578   0.945155335725773  93               0.815892745400848
T1121TS035_3o  3969.27989031184  1661.0961632     2.38955454732089   0.910187319106192  99               0.771356249796733
T1121TS037_1o  3829.48820602564  1516.6801362784  2.52491485477114   0.927002072974793  93               0.810051533527837
T1121TS037_3o  3706.59750360575  1429.4116762627  2.59309306420172   0.93432801274665   78               0.802200588225508
T1121TS035_5o  3362.32147046064  1635.843974      2.05540474758055   0.853085364719435  91               0.72100595870872
T1121TS037_2o  3173.55574648554  1699.4315936     1.86742188296195   0.809336261784412  97               0.638996762188951
T1121TS054_4o  2924.18684461628  1701.104360578   1.71899320957751   0.768226144976692  99               0.598835088733271
T1121TS054_2o  2716.9074106488   1684.0783689     1.61329036749247   0.735391300962371  94               0.620019257598801
T1121TS054_1o  2716.4184679369   1678.5205875     1.61834087002933   0.737026022283152  94               0.622474035075335
T1121TS035_4o  2612.81511869709  1466.88103169    1.78120451642002   0.786172652735435  87               0.649080537362311
T1113TS494_5o  2067.786532211    1456.912882712   1.419293189557     0.667926538817051  90               0.595186915854
T1121TS071_1o  2026.85288174428  1686.76455441    1.20162169429345   0.5832273379464    98               0.534442775012593
T1121TS037_5o  2020.42845696888  1627.83347675    1.2411763769613    0.599158630843533  94               0.516389307048993
T1121TS037_4o  1996.92635552404  953.2452856      2.09487147294635   0.861139393348333  68               0.688018554545073
T1113TS494_4o  1968.40356427998  940.7545102      2.09236686397762   0.860639478810203  54               0.759201007186152
T1121TS071_2o  1928.50726030836  1669.5992603     1.15507194221075   0.564256025259469  98               0.523577430362612
T1121TS054_3o  1698.05004326037  1653.93896312    1.02667031923425   0.511110803634583  94               0.484626619264413
T1121TS054_5o  566.300115975997  1783.07999859    0.317596583677574  0.242809253739263  101              0.38642270380317
T1121TS098_3o  4987.59426501125   1535.9257812      3.24728859041255   0.976920961855298    98               0.952437348683681
T1121TS086_5o  4967.45202631126   1692.65472728     2.93471075125503   0.961746576364779    94               0.874718971037262
T1121TS086_2o  4727.00938262981   1628.71231671     2.90229854231002   0.959708828932345    92               0.880128721061001
T1121TS086_1o  4627.54170488011   1645.21914271     2.81272055785689   0.953522776195905    94               0.853756934089983
T1121TS086_3o  4365.67518679451   1627.88349226     2.68181058875019   0.942838674440024    94               0.826046707008355
T1121TS119_1o  4354.49557310468   1478.7345175782   2.94474465926193   0.962357095240212    88               0.839233409741652
T1121TS098_2o  3463.02544975948   1671.36716238     2.07197169341785   0.856512315711208    94               0.709461488542013
T1121TS086_4o  3354.27539828887   1645.954573582    2.0378906271934    0.849389102134416    93               0.657326247658393
T1121TS098_1o  3164.06631216334   1665.5371596      1.89972724050374   0.817506664553013    93               0.667142884319967
T1121TS119_3o  2844.12345604872   1657.3132728      1.71610491675097   0.767367914802971    96               0.630973607837765
T1121TS125_1o  2716.4184679369    1678.5205875      1.61834087002933   0.737026022283152    94               0.622474035075335
T1121TS119_5o  2526.6532345061    663.473657        3.80821937366851   0.990809624559263    38               0.984289916075356
T1121TS091_3o  2464.34963017068   748.28698         3.29332154111606   0.978588908624392    39               0.946137163223004
T1121TS119_4o  2419.83222385955   662.71504915      3.65139169083791   0.988096950008599    40               0.972206696746699
T1121TS091_5o  2387.14095054155   731.8139577       3.26195056192155   0.977465545689315    42               0.948329799147649
T1121TS071_3o  2362.02670530129   1667.1653177      1.41679213226431   0.667001332184612    98               0.566800259699412
T1121TS091_2o  2308.41053101417   672.78466882      3.43112832083838   0.982907588865403    39               0.949274301897928
T1121TS119_2o  2288.46197308844   1659.4099874      1.37908171607069   0.652898142786826    92               0.554981279068074
T1121TS071_4o  1996.49536113354   1645.08638287     1.21361126195117   0.588076350037086    99               0.53089630186352
T1121TS071_5o  1988.96390759251   1689.97011977     1.17692252917655   0.573188185090732    101              0.529619022846365
T1121TS091_4o  1971.5539382963    734.298214        2.68494993002435   0.94312000755773     47               0.85650230813902
T1121TS091_1o  1825.44519684519   1421.21886182     1.28442229827118   0.616338852712608    87               0.56336295125328
T1121TS098_4o  -5109.49290894166  2158.56805955664  -2.36707519428002  0.00364120778398047  126              0.00869924886143713
T1121TS098_5o  -6936.80773920135  2437.15106678     -2.84627729226747  0.00164156525608106  131              0.00381868640497494
T1121TS147_2o  6984.64647580766  1907.33837258    3.66198603049114   0.988302843380803  105              0.864844849356232
T1121TS147_3o  5505.61895775514  1609.7416836     3.4201878561301    0.98259853835426   91               0.889079653552028
T1121TS147_5o  5313.6368336126   1820.062841614   2.91947987295898   0.960801642000206  103              0.820966708977472
T1121TS158_5o  4967.45202631126  1692.65472728    2.93471075125503   0.961746576364779  94               0.874718971037262
T1121TS158_2o  4727.00938262981  1628.71231671    2.90229854231002   0.959708828932345  92               0.880128721061001
T1121TS158_1o  4627.54170488011  1645.21914271    2.81272055785689   0.953522776195905  94               0.853756934089983
T1121TS131_3o  4468.9021076142   1674.9389063     2.6680985741063    0.941594480138891  86               0.812443096488017
T1121TS131_1o  4438.04272126649  1478.6639261559  3.00138702430114   0.965631606074589  88               0.849812795439501
T1121TS158_4o  4365.67518679451  1627.88349226    2.68181058875019   0.942838674440024  94               0.826046707008355
T1121TS147_1o  4322.48847855554  1958.60607624    2.20692079484077   0.882002833598535  115              0.694306627733991
T1121TS131_5o  4136.33893310913  1755.763189669   2.35586379612442   0.905490206148946  101              0.77377034871559
T1121TS150_4o  3713.35381786765  1409.67265654    2.63419581889456   0.938408396939967  84               0.823993522626703
T1121TS147_4o  3505.6277628156   835.511598       4.19578587682945   0.995161545812993  43               0.991635626146408
T1121TS158_3o  3354.27539828887  1645.954573582   2.0378906271934    0.849389102134416  93               0.657326247658393
T1121TS125_4o  2924.18684461628  1701.104360578   1.71899320957751   0.768226144976692  99               0.598835088733271
T1121TS131_2o  2922.14246560569  1694.84712722    1.7241333561445    0.769748017663481  92               0.635419369448277
T1121TS125_2o  2716.9074106488   1684.0783689     1.61329036749247   0.735391300962371  94               0.620019257598801
T1121TS150_1o  2618.2745403841   1665.101857441   1.57244106640298   0.721932638466681  96               0.594796902031804
T1121TS131_4o  2468.40795398651  938.6507267      2.629740630644     0.937977828420406  58               0.747325595859626
T1121TS150_3o  2325.67337977036  1531.8434309     1.51821872448411   0.703432666794308  84               0.577920002016986
T1121TS150_2o  2121.55903666548  1699.1554643     1.24859618865982   0.602124952505527  100              0.534456797917474
T1121TS125_3o  1698.05004326037  1653.93896312    1.02667031923425   0.511110803634583  94               0.484626619264413
T1121TS150_5o  1664.24591212703  1816.2260884     0.916320893503486  0.465190109928321  110              0.45851407258479
T1121TS125_5o  566.300115975997  1783.07999859    0.317596583677574  0.242809253739263  101              0.38642270380317
T1121TS169_4o  4987.59426501125   1535.9257812     3.24728859041255   0.976920961855298   98               0.952437348683681
T1121TS169_1o  4987.59426501125   1535.9257812     3.24728859041255   0.976920961855298   98               0.952437348683681
T1121TS185_2o  4571.95987512237   1427.7971306     3.20210748231515   0.975160795328575   96               0.899748973728039
T1121TS187_3o  4513.47952055062   1642.1918966     2.74844829638689   0.948538112924636   94               0.859775345934331
T1121TS180_3o  3818.07983369607   1501.8423323     2.5422640922958    0.928934758145187   88               0.796061539175556
T1121TS187_2o  3762.41484940236   1553.3993286     2.42205257858147   0.914517711370921   91               0.778872009918148
T1121TS180_5o  3526.23653419012   1484.5447973     2.3752981658778    0.9082259497054     76               0.780314759452864
T1121TS180_4o  3376.8345664201    1509.404004      2.2371973026912    0.887154097674976   80               0.736785133458696
T1121TS185_3o  3309.67178422444   1698.5702192     1.94850454035585   0.829323577041325   106              0.65442036691752
T1121TS187_4o  3271.45674779268   1479.55297391    2.21111160295074   0.88272781872307    84               0.733591106530653
T1121TS185_1o  3253.76140855457   1300.8113831     2.50133220759526   0.924297327972587   78               0.714611714951539
T1121TS180_2o  3013.99435357519   1553.8492784     1.93969543601983   0.827235362340728   84               0.676879637583222
T1121TS187_1o  2900.38188055087   1583.14604178    1.83203684562787   0.800069385359121   94               0.690316070582523
T1121TS180_1o  2839.04490115057   1574.63971276    1.80298062988285   0.792210410863575   87               0.635061293261566
T1121TS165_1o  2759.35810929126   1837.4286712742  1.50174978350464   0.697674759242605   100              0.612358227120462
T1121TS165_2o  2506.72868996282   1581.0048341     1.5855287952929    0.726290217304162   86               0.670596740696057
T1121TS169_3o  2462.78150385588   677.5623525      3.63476733140347   0.987766628597586   40               0.976788382449459
T1121TS187_5o  2401.97417800719   1613.44741104    1.48872170333641   0.693075291823093   94               0.561508149169569
T1121TS169_5o  2269.18392381727   1740.96890506    1.30340290238502   0.623791227079855   102              0.532586379798443
T1121TS169_2o  2046.21101567563   1676.7375141     1.22035261838461   0.590795369746932   101              0.540622588066854
T1121TS185_5o  1773.01761726007   1401.2488689     1.26531243422299   0.608780118481643   90               0.525183580618922
T1121TS165_3o  1621.5752076702    1619.6399594     1.00119486325277   0.500497859524119   90               0.555212012893743
T1121TS185_4o  1395.03426472959   1230.79059662    1.13344566375518   0.555374286017163   78               0.526745530768517
T1121TS165_4o  -2223.67763798929  1867.14849516    -1.19094846700917  0.0252937015688214  114              0.120627010354874
T1121TS205_4o  6132.21882317571   1672.9500641      3.66551217204124   0.988370587731037    89               0.901519661580567
T1121TS205_2o  5823.51289292314   2144.7541871      2.71523558641344   0.945767990851679    119              0.741043496807608
T1121TS248_1o  4983.69027962292   1485.0575438      3.35589034945443   0.980668221765598    87               0.961741982888566
T1121TS205_3o  4682.54766664416   1658.02115776     2.82417847608791   0.954361786952475    95               0.836209775481606
T1121TS248_2o  4576.79622130336   1628.96567145     2.80963331610874   0.953294214045694    91               0.839114511127931
T1121TS278_2o  4451.35535913316   1196.24748746     3.72109902490559   0.98938867096983     72               0.959287317778948
T1121TS248_3o  3969.27989031184   1661.0961632      2.38955454732089   0.910187319106192    99               0.771356249796733
T1121TS239_4o  3735.92553175807   1404.3950381      2.66016713987568   0.940863249265182    82               0.813509047631061
T1121TS248_5o  3362.32147046064   1635.843974       2.05540474758055   0.853085364719435    91               0.72100595870872
T1121TS188_5o  3348.06158851009   1232.46116381     2.71656558991277   0.945881573695279    75               0.842143888612753
T1121TS188_4o  3164.06631216334   1665.5371596      1.89972724050374   0.817506664553013    93               0.667142884319967
T1121TS239_3o  2687.23323665205   690.52289571      3.89159179709606   0.99199236271781     43               0.971873568659085
T1121TS248_4o  2612.81511869709   1466.88103169     1.78120451642002   0.786172652735435    87               0.649080537362311
T1121TS239_5o  2569.26942481109   667.98572818      3.84629388985801   0.991369827433116    40               0.984364083508389
T1121TS239_2o  2469.25684032541   652.8817844       3.78208873233409   0.990404455779768    38               0.98360273114001
T1121TS239_1o  2431.23401445085   1530.520059       1.58850189525732   0.727274163121699    94               0.562507566387707
T1121TS205_5o  2392.71619677781   1450.3183625      1.64978687345125   0.747057151525099    86               0.619260386874501
T1121TS188_3o  2267.4132788372    1210.4699937      1.87316768745872   0.81080962144572     72               0.691267354965846
T1121TS188_2o  2118.10892909566   1532.8449029026   1.38181555425784   0.653930002657045    94               0.569530298965916
T1121TS278_3o  1946.93318139035   1799.17463595     1.08212573837354   0.534165732762071    96               0.472260046889004
T1121TS278_1o  1862.60522581508   942.566639        1.97609924725447   0.835735203035199    56               0.692860502242624
T1121TS205_1o  1788.53678406868   1803.10539761162  0.991920265136893  0.496633494680169    107              0.469201857784785
T1121TS188_1o  1500.74109160067   1401.679434334    1.07067354691819   0.529413311636131    87               0.485505841070782
T1121TS234_1o  -1178.28470519758  415.94675558      -2.83277772789589  0.00167885520089367  33               0.00219714055498918
T1121TS298_3o  4973.36315657287   1640.113776      3.03232814049168    0.967302529103422    94               0.914831111509587
T1121TS298_1o  4686.73565901099   1636.0355854     2.86469053658458    0.957214062470343    94               0.880785873808978
T1121TS298_2o  4587.34257160483   1644.5892069     2.78935466216018    0.951766125353995    94               0.870556201849339
T1121TS312_2o  4444.87057449778   1586.706991797   2.80131782205347    0.952673252913399    92               0.847305621814327
T1121TS288_3o  4439.67026427658   1560.5757779     2.84489246030132    0.95584209500314     88               0.862093855631989
T1121TS312_3o  4408.28148326058   1573.565734      2.80146001403751    0.952683936766338    91               0.85108857235937
T1121TS288_1o  4347.28203560672   1659.71861642    2.61928859060686    0.936956643277078    91               0.828780655368416
T1121TS298_5o  4185.49195891401   1646.78135098    2.54161972166082    0.92886382862758     99               0.814438477182731
T1121TS312_1o  3988.23989778463   1604.2084557     2.48611075674972    0.922502989936915    89               0.81263652621403
T1121TS298_4o  3971.38601986337   1669.7224012     2.3784708266531     0.908665743123039    96               0.785008958321669
T1121TS312_4o  3236.36681259867   1626.99994778    1.98916221049338    0.838702245037416    89               0.70704367836603
T1121TS320_2o  2961.69219464846   1677.5777803     1.7654574526606     0.781727583428751    95               0.634681955288865
T1121TS314_2o  2960.60065576249   1657.3664356     1.78632835332561    0.787604717123481    96               0.640589908051473
T1121TS320_1o  2960.60065576249   1657.3664356     1.78632835332561    0.787604717123481    96               0.640589908051473
T1121TS288_4o  2403.93305757704   822.196745       2.92379296341905    0.96107147860027     50               0.834126598728409
T1121TS288_5o  2103.78617777861   926.9423673      2.26959760605886    0.892448212412674    78               0.720810519284146
T1121TS278_4o  1816.91716499686   944.2722627      1.92414543640377    0.823499959413372    56               0.686718453131031
T1121TS278_5o  1654.61716692548   1590.8115348208  1.04010885683694    0.516705803088355    92               0.470958543573956
T1121TS288_2o  1552.31900628394   1673.35346323    0.927669521350004   0.469898745596483    96               0.439704800994555
T1121TS312_5o  1343.31447599873   1665.6284419     0.806491077005382   0.42006297692158     92               0.434958001670595
T1121TS314_3o  -353.802193053897  361.9248278      -0.977557122025926  0.0357111288218004   28               0.0661626343518947
T1121TS314_5o  -378.828593878856  626.9479         -0.604242543724696  0.0645409435053627   54               0.0964778751533344
T1121TS314_1o  -493.921513404425  431.803299       -1.1438576651644    0.0273024670163862   44               0.0535176325981528
T1121TS314_4o  -848.945906965556  449.1612802      -1.89006921208244   0.00802782026471305  48               0.0181513118094096
T1121TS367_3o  4507.72870570951   1683.77898614   2.67714987704135    0.94241859155682   96               0.861809886679377
T1121TS350_3o  4499.23668744883   1604.4773875    2.80417581606386    0.952887554033784  96               0.871268850321964
T1121TS350_5o  3789.6204351845    1392.86350995   2.72074069577754    0.946236673989647  86               0.827183211784936
T1121TS374_1o  3775.00570262653   1479.17063126   2.55210969096302    0.930010424450856  85               0.808185790787871
T1121TS360_1o  3441.05923547397   1655.6822404    2.07833311942915    0.857810418043848  94               0.690738002735192
T1121TS320_4o  3343.39419034922   1656.0036933    2.01895334163578    0.845306764900293  94               0.721189455445382
T1121TS350_4o  3303.03061582976   1509.52437602   2.18812671613724    0.878703673663491  90               0.720944744431794
T1121TS367_1o  3164.39426630227   1660.15598176   1.90608250132471    0.819081583773674  96               0.659348215990551
T1121TS367_4o  3079.77298502431   1661.8362531    1.85323492569095    0.805660875958489  92               0.651389980944366
T1121TS360_4o  2960.60065576249   1657.3664356    1.78632835332561    0.787604717123481  96               0.640589908051473
T1121TS348_1o  2806.83181676332   1669.079487     1.68166455739523    0.756964272276713  96               0.621954236591254
T1121TS350_2o  2795.61034009131   1444.5622288    1.93526473581801    0.826177439946034  84               0.653276538034912
T1121TS360_3o  2688.79389909835   1684.94847853   1.59577217544606    0.72967092383088   100              0.592252172026182
T1121TS367_5o  2673.79217481522   1660.42005243   1.61031069873082    0.734423811088255  94               0.612777445644706
T1121TS350_1o  2454.57301542691   1438.9314686    1.70583038107789    0.764297008879     84               0.597253903266323
T1121TS360_5o  2410.2547583323    1717.3469325    1.4034757408182     0.662053678673171  100              0.553675241078228
T1121TS320_3o  2305.64685836596   1659.3849158    1.38945873040818    0.656807144113071  92               0.55677954962754
T1121TS360_2o  2276.0226362402    1686.0262485    1.34993309758083    0.641808411790432  96               0.547470468502406
T1121TS367_2o  2261.9408342442    1652.280598103  1.36898105372729    0.649073331732022  91               0.557489441740763
T1121TS348_4o  2122.56697718558   1754.0320917    1.21010726498647    0.586660930712236  104              0.528285429134409
T1121TS320_5o  2012.10330070688   1626.7471784    1.2368875307876     0.597440684245342  95               0.545922563873076
T1121TS348_3o  1899.55201742883   1799.8013142    1.05542317501483    0.523076583358876  108              0.481228039739858
T1121TS348_2o  1677.61419962954   1772.56014042   0.946435701319584   0.4776963532477    102              0.477136864088303
T1121TS348_5o  -751.484096261176  2413.71169609   -0.311339625804736  0.101054172190262  146              0.289317631279731
T1121TS423_3o  4513.47952055062   1642.1918966    2.74844829638689    0.948538112924636    94               0.859775345934331
T1121TS374_5o  4261.19373756011   1695.635803264  2.51303595345036    0.925650968221378    94               0.79807117614744
T1121TS374_3o  4037.05183560457   1458.415193348  2.76810873475402    0.950114299367308    84               0.818364030971624
T1121TS423_2o  3762.41484940236   1553.3993286    2.42205257858147    0.914517711370921    91               0.778872009918148
T1121TS374_2o  3611.77430727201   1479.221776     2.44167194255259    0.917039546807083    88               0.80297655038954
T1121TS390_4o  3343.39419034922   1656.0036933    2.01895334163578    0.845306764900293    94               0.721189455445382
T1121TS374_4o  3144.26962200504   1644.5257313    1.91196134068361    0.820528992428679    92               0.669801566068926
T1121TS390_2o  2961.69219464846   1677.5777803    1.7654574526606     0.781727583428751    95               0.634681955288865
T1121TS390_1o  2960.60065576249   1657.3664356    1.78632835332561    0.787604717123481    96               0.640589908051473
T1121TS399_4o  2924.18684461628   1701.104360578  1.71899320957751    0.768226144976692    99               0.598835088733271
T1121TS423_1o  2900.38188055087   1583.14604178   1.83203684562787    0.800069385359121    94               0.690316070582523
T1121TS399_2o  2716.9074106488    1684.0783689    1.61329036749247    0.735391300962371    94               0.620019257598801
T1121TS399_1o  2716.4184679369    1678.5205875    1.61834087002933    0.737026022283152    94               0.622474035075335
T1121TS423_4o  2401.97417800719   1613.44741104   1.48872170333641    0.693075291823093    94               0.561508149169569
T1121TS398_5o  2362.23237337845   1397.8482411    1.68990617430655    0.759482353046524    81               0.668804840673069
T1121TS390_3o  2305.64685836596   1659.3849158    1.38945873040818    0.656807144113071    92               0.55677954962754
T1121TS390_5o  2012.10330070688   1626.7471784    1.2368875307876     0.597440684245342    95               0.545922563873076
T1121TS399_3o  1698.05004326037   1653.93896312   1.02667031923425    0.511110803634583    94               0.484626619264413
T1121TS398_2o  790.577765199648   1146.78994304   0.689383238837902   0.373391470684883    72               0.535721736457923
T1121TS399_5o  566.300115975997   1783.07999859   0.317596583677574   0.242809253739263    101              0.38642270380317
T1121TS385_1o  -183.093029841659  939.64078425    -0.194854281455865  0.120106312501859    60               0.215675394481007
T1121TS398_3o  -774.831356257352  1686.05642385   -0.45955244753202   0.080721258984818    93               0.253688541289907
T1121TS398_1o  -1757.88447505052  1594.65343149   -1.10236145380379   0.0292004537947215   89               0.130285952676999
T1121TS398_4o  -2409.07075922806  1133.11005307   -2.12606953111132   0.00543137981051367  74               0.0100755689422545
T1121TS444_3o  5530.50550398993   1630.4595399    3.39199187017492    0.981776525069953   89               0.893924288535301
T1121TS446_4o  4314.07934113224   1528.84147494   2.8217963810156     0.954188552978535   89               0.840493896683581
T1121TS446_1o  3922.94621266538   1653.64661955   2.37230020385668    0.907808624582227   95               0.759720831483343
T1121TS461_1o  3922.94621266538   1653.64661955   2.37230020385668    0.907808624582227   95               0.759720831483343
T1121TS439_1o  3735.92553175807   1404.3950381    2.66016713987568    0.940863249265182   82               0.813509047631061
T1121TS423_5o  3354.84756025758   1616.797077     2.07499605731757    0.857130688502983   91               0.702848536303055
T1121TS439_2o  3158.15871595223   1421.6183653    2.22152357695926    0.884512324453258   88               0.699775468066016
T1121TS447_3o  3128.71306014374   1908.86029071   1.63904769530305    0.743660045625155   113              0.670044541536178
T1121TS447_1o  3102.18082909892   1823.2285107    1.70147669965291    0.76298733121788    111              0.577814108621137
T1121TS444_2o  2809.3175648365    956.793905      2.93617836626634    0.961836464299729   60               0.780420358351981
T1121TS439_5o  2684.51506829016   1647.1815673    1.62976269379369    0.74069894310797    102              0.570470908410746
T1121TS439_4o  2684.32132279508   698.14454698    3.84493631642156    0.991350447593307   39               0.983790333807628
T1121TS446_5o  2482.45854137102   663.45072       3.74173765516604    0.989743790230864   38               0.982228857044765
T1121TS439_3o  2438.56617267524   1479.6388475    1.64808201460475    0.746519849970316   88               0.557199803047982
T1121TS446_3o  2399.89595096649   813.4924786     2.9501144928797     0.962679968951007   48               0.824404968410495
T1121TS461_3o  2399.89595096649   813.4924786     2.9501144928797     0.962679968951007   48               0.824404968410495
T1121TS446_2o  2306.96296350396   938.251431      2.45878970953997    0.919184358672138   66               0.747426769484572
T1121TS461_2o  2306.96296350396   938.251431      2.45878970953997    0.919184358672138   66               0.747426769484572
T1121TS444_4o  2171.18650468649   1726.3472535    1.25767657711079    0.605744943755959   111              0.540544364564336
T1121TS444_1o  2133.25415295947   1685.085620793  1.26596187554883    0.609037880470093   106              0.510454837868192
T1121TS447_5o  1819.41578611975   1902.15861053   0.956500565225107   0.481883170158079   109              0.514044874211305
T1121TS447_4o  322.592496121814   1697.808831939  0.190005193784623   0.205871787004923   109              0.324894135746121
T1121TS444_5o  -557.38298794923   1588.517275     -0.350882547342288  0.0952226625293983  103              0.297937125637049
T1121TS447_2o  -624.663708433143  402.65155       -1.55137539749479   0.0140318773513322  31               0.0669095218183265
T1123TS003_2o  6440.9676797311    2605.058024937   2.47248530285112   0.920863832608459   151              0.812549012708586
T1123TS003_5o  5696.99773487823   2180.93835671    2.61217733062034   0.93625291660502    122              0.832611745727936
T1123TS003_3o  5555.33049200309   2203.58777522    2.52103889596522   0.926563726785503   128              0.832862636259188
T1123TS003_1o  5240.25065105856   2396.413156121   2.18670584313633   0.878451044458472   149              0.737195699685162
T1123TS003_4o  5186.56187072523   2424.5460163     2.13918887736362   0.869738443995376   144              0.760637961634749
T1121TS462_3o  4649.76833071718   1490.4753058     3.11965472532365   0.971605596064954   82               0.873384976141435
T1121TS461_4o  4314.07934113224   1528.84147494    2.8217963810156    0.954188552978535   89               0.840493896683581
T1121TS493_1o  3953.73782710313   1724.0760278614  2.2932502762117    0.89617390300229    101              0.70851216964212
T1121TS462_4o  3951.65598278947   1402.8752703     2.81682631838283   0.953825095731063   76               0.865138755476331
T1121TS494_2o  3733.56338833407   1521.356156866   2.45410213215637   0.918602097739428   93               0.816004166450547
T1121TS462_2o  3499.46245319238   1499.277737      2.33409885762372   0.90233989121282    84               0.77108848354183
T1121TS494_1o  3484.93557242244   1656.0355212     2.10438455444312   0.863024490752282   92               0.69817665420921
T1121TS462_5o  3470.75219670557   1572.7633053     2.20678609744366   0.881979467470303   87               0.747436506270718
T1121TS462_1o  3337.68308959119   1561.20023049    2.13789559110148   0.869494047806683   88               0.724212465997748
T1123TS035_1o  3279.07363605362   2005.310858266   1.63519467445015   0.74243396383052    128              0.637007176439122
T1123TS035_2o  3268.65312436607   1755.8023285     1.86162933680496   0.807842054349316   110              0.690106051693421
T1121TS493_5o  3047.79566450014   1310.6182181     2.32546413777044   0.901064337463678   75               0.730807056212032
T1121TS461_5o  2482.45854137102   663.45072        3.74173765516604   0.989743790230864   38               0.982228857044765
T1121TS494_5o  1986.57155375618   933.399597807    2.12831841627485   0.867672071148824   65               0.657794590042297
T1121TS493_3o  1974.50710301743   657.53713        3.00288305090457   0.965714258314895   34               0.902207368892263
T1121TS494_4o  1958.6402664856    794.6344843      2.46483169958448   0.919929251466323   58               0.771731262035036
T1121TS493_4o  1290.62917562876   1469.9832644     0.877989026735994  0.449336559984546   87               0.525956452631348
T1121TS493_2o  1288.48131253671   1820.09019234    0.707921683199762  0.380648356450437   111              0.436758614285779
T1121TS494_3o  -2359.86231126673  1796.003010237   -1.31395231400827  0.0207023747469624  110              0.0794688994056285
T1123TS073_1o  9251.5536373289    2913.6833886      3.17520897209569    0.974051447283796   165              0.829412836547182
T1123TS073_2o  8760.65797975747   2634.076380915    3.32589367690024    0.979697293977728   145              0.881975750695329
T1123TS073_3o  7908.78321733984   3076.853359341    2.57041278659888    0.931970177738323   175              0.834431829887092
T1123TS073_5o  6218.42615246176   2714.017813353    2.29122525352156    0.895859448268832   163              0.720040549839454
T1123TS037_3o  5724.85623299922   3486.467440174    1.64202199826467    0.744603888201049   186              0.632576135649465
T1123TS037_1o  5519.27113201042   2082.32807698     2.65052908474202    0.939963131710305   122              0.844662748547914
T1123TS073_4o  5031.30960225785   2748.78361352     1.83037674464849    0.799626439494753   169              0.687371177166171
T1123TS086_1o  4892.73775691567   2333.4317085      2.09679920740465    0.861523139896113   134              0.75403667209918
T1123TS035_3o  4072.0542648027    2146.4391661      1.89712074263044    0.816857666808432   134              0.71534948510998
T1123TS037_2o  3842.55843172694   2092.53273754     1.83631938597257    0.801208654054801   129              0.693138533929038
T1123TS071_1o  3820.50826031133   1879.0107799758   2.03325510477408    0.848398082536535   117              0.724020365591379
T1123TS035_4o  2759.14067770423   2240.03609299     1.23173938417275    0.595375375828839   140              0.57298420623922
T1123TS037_4o  1688.91754556703   1498.86700836     1.12679613077546    0.552635977400455   100              0.545683631762934
T1123TS054_1o  1591.21450993003   1517.27446269     1.04873215035132    0.520293907755094   105              0.552819991349349
T1123TS037_5o  1339.44115966789   1787.00022447332  0.749547281149704   0.397133999162926   97               0.477483046777267
T1123TS035_5o  1299.77872401403   1654.31582853     0.785689589374838   0.411641406358051   104              0.484153427421695
T1123TS054_4o  1246.81147865581   1695.9101071      0.735187244557348   0.391418244375327   102              0.481323846955566
T1123TS071_3o  991.828946113696   1570.755825526    0.631434198744137   0.351084326229292   105              0.437220918505558
T1123TS054_5o  990.901824440726   1757.8618454      0.563697213767813   0.325815770555488   94               0.383139294215986
T1123TS071_4o  562.879118494579   1662.37197172     0.338599981273859   0.249302947523945   110              0.387703846256017
T1123TS071_2o  -456.970804944746  1495.22234197832  -0.305620637222509  0.101923346836154   99               0.195588085254256
T1123TS071_5o  -679.553669987088  1777.62919390212  -0.382280889804348  0.0908086128205285  108              0.2318492402593
T1123TS054_2o  -820.635348878473  1030.903978223    -0.796034709549794  0.0477253320587535  65               0.0871891949663511
T1123TS054_3o  -1762.3643099309   1104.73692443     -1.59527962807997   0.0130547044894736  67               0.0190561652435805
T1123TS086_3o  5696.99773487823   2180.93835671     2.61217733062034     0.93625291660502     122              0.832611745727936
T1123TS086_4o  4193.12978883845   2136.0777863      1.96300425749081     0.832717032906873    128              0.719698097461182
T1123TS086_2o  3531.89094963943   3226.19336433     1.09475488626607     0.539399350837157    185              0.553925596844823
T1123TS086_5o  3079.84183507018   2407.845956831    1.27908590926788     0.614233570432467    135              0.583272174162839
T1123TS091_5o  2086.21256054665   1815.69594338     1.14898784025649     0.561761245745742    102              0.547054598844011
T1123TS119_3o  1905.03271366921   1495.29468793332  1.27401824472619     0.612230338536735    91               0.573655494931943
T1123TS125_1o  1591.21450993003   1517.27446269     1.04873215035132     0.520293907755094    105              0.552819991349349
T1123TS125_4o  1246.81147865581   1695.9101071      0.735187244557348    0.391418244375327    102              0.481323846955566
T1123TS091_1o  1125.12014137752   1772.89656202     0.634622552426626    0.352295921943689    97               0.459601799105886
T1123TS125_5o  990.901824440726   1757.8618454      0.563697213767813    0.325815770555488    94               0.383139294215986
T1123TS091_2o  103.57791370266    1599.78116065     0.0647450515422846   0.173824902643022    92               0.328507228609999
T1123TS119_4o  -131.799229390548  875.70983599      -0.150505594403364   0.128139566564932    60               0.212530605303807
T1123TS091_3o  -136.330240447736  1736.72832869     -0.0784983109883217  0.142156004104054    99               0.240457194161629
T1123TS125_2o  -820.635348878473  1030.903978223    -0.796034709549794   0.0477253320587535   65               0.0871891949663511
T1123TS098_4o  -1010.43162310309  553.01474         -1.8271332570685     0.00890772503037002  40               0.0243818559789221
T1123TS119_2o  -1283.74595021638  1114.715625       -1.15163537805113    0.0269603132741473   64               0.109054673938769
T1123TS119_1o  -1477.90222733099  1376.340964322    -1.07379077252055    0.0305810020068024   82               0.0641353216435411
T1123TS098_5o  -1686.82141349151  1286.451446       -1.31122042634131    0.0207948859873784   71               0.0391444204428846
T1123TS119_5o  -1701.57013090031  1006.980659       -1.68977439208225    0.0111736841059402   62               0.0202731973324091
T1123TS098_3o  -1701.72760023805  1729.3909894      -0.98400397057027    0.0353429645602784   95               0.109154955952515
T1123TS125_3o  -1762.3643099309   1104.73692443     -1.59527962807997    0.0130547044894736   67               0.0190561652435805
T1123TS091_4o  -1768.98539107476  1648.0790219792   -1.07336199750323    0.0306021947489575   101              0.0754772027190441
T1123TS098_1o  -3680.62543439425  1527.62588855664  -2.40937618429068    0.00339417825802657  98               0.00530993344641344
T1123TS098_2o  -6975.53425598086  2448.93761957     -2.84839197219146    0.00163579924543578  137              0.00233040133523817
T1123TS147_2o  6334.61494383155   2463.1479191405   2.57175579858881     0.932111956145502    133              0.824292703584895
T1123TS158_3o  5696.99773487823   2180.93835671     2.61217733062034     0.93625291660502     122              0.832611745727936
T1123TS147_1o  5639.50997889021   2489.6738804      2.26516011726971     0.891736266417132    142              0.774428195724504
T1123TS147_4o  4929.45632438458   1808.12935943     2.72627414552826     0.946703918211642    101              0.825457471106192
T1123TS158_1o  4892.73775691567   2333.4317085      2.09679920740465     0.861523139896113    134              0.75403667209918
T1123TS147_3o  4177.71385828707   1868.92261598     2.23535946462739     0.886847085333561    109              0.768168878594249
T1123TS158_2o  3531.89094963943   3226.19336433     1.09475488626607     0.539399350837157    185              0.553925596844823
T1123TS158_5o  3166.73976770414   1892.134517252    1.67363352807669     0.754493371645133    117              0.691419539454868
T1123TS147_5o  3140.08001332103   2188.623761688    1.4347281009593      0.673607474220603    116              0.590014961621198
T1123TS158_4o  3079.84183507018   2407.845956831    1.27908590926788     0.614233570432467    135              0.583272174162839
T1123TS131_1o  1823.63157927331   1495.32089723332  1.21955867977733     0.590475432052944    91               0.565665367463843
T1123TS150_1o  1620.54342021258   1313.23947513     1.23400449872416     0.596284504255913    82               0.516447943611826
T1123TS165_1o  -113.22858264866   1938.81614856332  -0.0584008869188364  0.146289890906334    108              0.289482075127091
T1123TS131_5o  -805.91412155454   727.043496933318  -1.10848130126175    0.0289126978802651   49               0.120763526180205
T1123TS150_5o  -1201.7359504532   712.536925        -1.6865595427959     0.0112330399813725   58               0.0247357536547094
T1123TS165_4o  -1255.38654058223  1705.2025668      -0.736209624020271   0.0524667344079411   100              0.132656877514468
T1123TS131_2o  -1555.4394140258   826.23697896      -1.88255845917676    0.00812812155261844  59               0.0157505735169134
T1123TS150_4o  -1718.93372859522  917.590902282     -1.87331165154354    0.00825331521624423  56               0.0407558704734093
T1123TS150_2o  -2140.71648651222  1249.087988       -1.71382361136934    0.0107393917293361   78               0.0298442769370885
T1123TS131_4o  -2259.66685153671  1874.48328833332  -1.20548786196215    0.0247031022252626   92               0.096747624898345
T1123TS165_3o  -2370.02284970307  1678.9204423      -1.41163499472096    0.0176468831429374   103              0.116722338242039
T1123TS131_3o  -2602.70690489366  1466.46822143332  -1.77481302823581    0.00971147291932933  86               0.0161739174910196
T1123TS165_2o  -2839.86937287974  1717.67385962     -1.65332281036634    0.0118652550544538   88               0.0227576425965864
T1123TS150_3o  -3121.39040750308  1560.9520435      -1.99967091910411    0.00669649815840961  100              0.012220993279183
T1123TS185_5o  12468.7973697036   4191.49533452     2.97478498115314     0.964129427751109    218              0.865644425906042
T1123TS187_2o  11743.1350137201   3260.798337618    3.60130673468707     0.987074089312449    184              0.91777733951144
T1123TS180_5o  9164.99639875555   3926.14177107322  2.33435187345522     0.902377045601731    183              0.704290858998883
T1123TS185_4o  5118.93022385256   2378.75855267     2.1519335025015      0.872126074280132    142              0.806025944619651
T1123TS187_4o  4992.13734468082   1908.5022832      2.61573558943323     0.936605950476159    129              0.789197240703769
T1123TS187_5o  4582.65578890636   1808.1892723      2.53438943539205     0.928063456866218    112              0.82402793961471
T1123TS185_3o  4340.31584790788   2179.2700566      1.99163744519091     0.839259551706237    134              0.727663877887916
T1123TS185_1o  3536.66704881345   2139.49254228     1.65304013868845     0.748080355016288    134              0.667751638811515
T1123TS185_2o  2944.78818543919   2074.0896115      1.41979795333409     0.668113107362069    136              0.655682595157103
T1123TS187_3o  1380.83266399032   1298.30315274     1.06356721161475     0.52646159147213     81               0.513658291974513
T1123TS187_1o  390.861389792791   2357.822883811    0.165772158916803    0.199347141216723    107              0.317471131012746
T1123TS180_3o  384.640715361225   1623.354490395    0.236941911108789    0.21895552259811     96               0.421305751840877
T1123TS180_4o  -38.6000364868383  1311.5250389      -0.0294314140728971  0.152423402638483    78               0.39316535436406
T1123TS188_1o  -715.973299054101  624.6668847       -1.14616816833175    0.0272003860746649   51               0.138413251447646
T1123TS180_1o  -907.58059259206   1429.0317259      -0.635101779857595   0.0615043894726425   91               0.251777042983528
T1123TS180_2o  -924.716038235693  1618.4739718      -0.571350577363479   0.0679307931589521   86               0.281961230890531
T1123TS169_3o  -1162.84265674066  606.282186        -1.91798915355343    0.00766561600621685  43               0.0166884146358728
T1123TS169_5o  -1540.04299745368  624.8843099       -2.46452498975392    0.00309703475239104  55               0.00506601956951481
T1123TS169_4o  -2321.98643764407  822.4281923       -2.82333030334285    0.00170545373755526  45               0.00403036213206502
T1123TS165_5o  -2755.1716870922   1843.70295928     -1.4943685332957     0.0154089041674275   116              0.0413722947394892
T1123TS188_2o  -3680.62543439425  1527.62588855664  -2.40937618429068    0.00339417825802657  98               0.00530993344641344
T1123TS169_2o  -3680.62543439425  1527.62588855664  -2.40937618429068    0.00339417825802657  98               0.00530993344641344
T1123TS169_1o  -6975.53425598086  2448.93761957     -2.84839197219146    0.00163579924543578  137              0.00233040133523817
T1123TS188_3o  -6975.53425598086  2448.93761957     -2.84839197219146    0.00163579924543578  137              0.00233040133523817
T1123TS288_1o  8821.89869296379   2891.80176202     3.05065817748222    0.968255103874001    161              0.75611799570122
T1123TS248_2o  7475.17181323681   2121.52310046     3.52349300915743    0.985310468372741    142              0.891465587387099
T1123TS278_4o  7360.28205965462   2035.84005635     3.61535378808228    0.987369414796227    114              0.960917955006526
T1123TS288_2o  6261.42880559636   2590.48658588     2.4170859790302     0.913868379979834    147              0.765892960679452
T1123TS278_1o  5350.97231833433   2104.67905803332  2.54241723834819    0.928951606188112    130              0.830031097587423
T1123TS248_1o  4072.0542648027    2146.4391661      1.89712074263044    0.816857666808432    134              0.71534948510998
T1123TS239_1o  3860.15505629902   1689.1923052931   2.28520757773001    0.894920024973014    99               0.811338432700197
T1123TS248_3o  3759.00016917654   2085.1121413071   1.80278081677666    0.792155585778933    121              0.676803110793422
T1123TS278_2o  3486.91735392194   1391.199612       2.50641052789622    0.924887437082257    88               0.705393576537679
T1123TS248_5o  2967.8863850375    1545.7652566      1.92001105754281    0.822496187902799    103              0.624173608840313
T1123TS239_2o  2012.97772055087   1743.27271412     1.15471188428886    0.564108473140847    96               0.533812400523173
T1123TS248_4o  1299.77872401403   1654.31582853     0.785689589374838   0.411641406358051    104              0.484153427421695
T1123TS239_3o  683.34328984453    1588.296876181    0.430236500551209   0.278964099171146    98               0.360729617450056
T1123TS239_4o  434.174116062696   650.903722        0.667032775183142   0.364717807197417    52               0.454370769221
T1123TS278_3o  71.487903225855    603.37531639      0.118479992939665   0.187064238691407    50               0.435003959421049
T1123TS188_4o  -280.717391844253  1001.584217       -0.280273377994188  0.105855828942349    67               0.241917770170316
T1123TS205_4o  -702.830990672587  880.0382801       -0.798636839516484  0.047528617172197    58               0.181713538929644
T1123TS278_5o  -767.676105500224  489.6750067       -1.56772572623978   0.0136598166489359   38               0.0174116373744428
T1123TS188_5o  -775.770017647163  545.1094794       -1.42314534412619   0.0173173800717653   44               0.0276582960019255
T1123TS205_5o  -958.763522786122  736.53511645      -1.3017213997986    0.0211197161305411   42               0.0694847918310134
T1123TS205_2o  -1267.70257051107  1134.8539573      -1.11706229894738   0.0285138475998553   59               0.0889561098807635
T1123TS205_3o  -1272.16352018866  1003.69364393     -1.26748189338676   0.0223322844386408   65               0.104692195370718
T1123TS239_5o  -1287.84619989202  722.8502864       -1.78162231394534   0.00960293469235779  62               0.0136777865110039
T1123TS205_1o  -3442.47605261722  1592.177617954    -2.16211810403472   0.00511628719472912  95               0.0140349840530581
T1123TS314_1o  7451.99523773388   3228.4040401      2.3082597918887     0.898478573703858    188              0.805420594597171
T1123TS288_3o  6221.82397984449   2984.90788741764  2.08442746460335    0.859044817288242    177              0.76669762538086
T1123TS314_2o  4473.39994188077   2927.6438634      1.52798637764828    0.706817516261537    150              0.648772141141505
T1123TS288_5o  3081.92260862066   2902.1128536615   1.06195822286246    0.525793010181998    171              0.56510071355197
T1123TS314_3o  3076.46815235475   2612.8965074      1.17741676474436    0.573389692121041    142              0.545367442211479
T1123TS288_4o  2538.69524373375   2970.269262218    0.854702055475609   0.439753323087076    175              0.484297039215629
T1123TS314_4o  2297.8895995216    2417.98184357     0.950333686595804   0.479317511209496    140              0.471952959523172
T1123TS314_5o  1826.44362632179   2142.0609735      0.852657160051562   0.438913826979235    114              0.486549587323007
T1123TS312_4o  1132.64319901425   2014.89750586     0.56213439925363    0.325243884327436    112              0.354840122421328
T1123TS312_5o  805.948929338005   1736.24328348     0.464191243823054   0.290488113110038    92               0.377849224543529
T1123TS291_1o  -249.090065603249  737.424422        -0.337783857127597  0.0971202249218555   58               0.183829085258297
T1123TS298_2o  -336.435329477531  1074.620716       -0.313073556528694  0.100791951143477    70               0.210373246984164
T1123TS320_1o  -620.091897784223  1144.719593685    -0.541697636001903  0.071127591427418    66               0.154195543244829
T1123TS312_3o  -802.235775024604  1577.074661409    -0.508685983394005  0.0748495247332411   87               0.188704320689863
T1123TS291_5o  -828.825092605415  622.987905        -1.33040318432091   0.0201537497848306   43               0.0352562764344808
T1123TS291_4o  -894.676457699225  947.6299046       -0.944120118367173  0.0376806305230796   73               0.124300948718938
T1123TS298_1o  -896.891395517556  1645.90512446     -0.544922901198096  0.0707732619850915   89               0.168984356812878
T1123TS312_2o  -940.700509796441  1505.088175       -0.625013554303183  0.0624820889542205   85               0.190488238961417
T1123TS312_1o  -1062.62311153461  1554.79144857     -0.68345057628915   0.0570141948439671   86               0.187716679449094
T1123TS298_3o  -1190.42687719011  1099.69359528     -1.08250778425877   0.0301532222328555   68               0.0539004024637051
T1123TS298_5o  -1216.59004564559  1405.16376309     -0.865799473059471  0.0427103067498745   83               0.122652571570584
T1123TS298_4o  -1219.66576644072  1741.323155316    -0.700424710208018  0.0555121355038748   92               0.153179332839273
T1123TS291_3o  -1570.44641996144  978.6257927       -1.60474660659477   0.0128529666699674   63               0.0352247390356775
T1123TS291_2o  -2155.4576494573   1074.938902       -2.00519084893748   0.00663558060353464  75               0.0219681573639958
T1123TS367_2o  6419.1274076268    1967.125623748    3.26320156177739     0.97751142556411     117              0.884517266232576
T1123TS367_3o  5186.21402534116   2170.24878860332  2.38968640488392     0.910205282280591    115              0.787896052578813
T1123TS367_4o  4979.48785332432   1958.5368445      2.54245298846831     0.928955538631774    119              0.80427461112655
T1123TS367_1o  2740.53477927919   1688.7304573      1.62283730208837     0.738475927481448    101              0.655652070328862
T1123TS367_5o  2617.82405235917   1857.05941828564  1.40966090076743     0.664356243507822    109              0.661407293751857
T1123TS348_1o  -65.5551360300671  2152.37575737332  -0.0304571057379257  0.152202684457568    118              0.287195624300622
T1123TS360_5o  -91.410248964481   1447.3318725      -0.063157766854527   0.145302527015132    89               0.280525395214651
T1123TS350_1o  -249.090065603249  737.424422        -0.337783857127597   0.0971202249218555   58               0.183829085258297
T1123TS320_5o  -347.566557917388  11902.2521984497  -0.0292017470410063  0.152472860552569    402              0.284858542687436
T1123TS320_4o  -591.462696839859  616.236123        -0.959798808872907   0.0367444571944681   41               0.122999803319177
T1123TS360_4o  -685.29901638593   1297.694791824    -0.528089517430131   0.0726406900076939   83               0.163258772976431
T1123TS350_5o  -828.825092605415  622.987905        -1.33040318432091    0.0201537497848306   43               0.0352562764344808
T1123TS348_5o  -893.556668667086  1673.75737623332  -0.533862721894602   0.0719951722887851   91               0.154715050663978
T1123TS350_4o  -894.676457699225  947.6299046       -0.944120118367173   0.0376806305230796   73               0.124300948718938
T1123TS320_2o  -1003.07193041782  1046.87315445     -0.958159951044694   0.0368412566678365   64               0.0885408253653098
T1123TS320_3o  -1114.66761624051  1291.48288159     -0.863091282222954   0.0428952339008867   77               0.0885042790633342
T1123TS360_2o  -1216.59004564559  1405.16376309     -0.865799473059471   0.0427103067498745   83               0.122652571570584
T1123TS360_1o  -1219.66576644072  1741.323155316    -0.700424710208018   0.0555121355038748   92               0.153179332839273
T1123TS348_4o  -1519.24637804098  1731.920804575    -0.87720314579499    0.0419399385776124   86               0.168124257192721
T1123TS350_3o  -1570.44641996144  978.6257927       -1.60474660659477    0.0128529666699674   63               0.0352247390356775
T1123TS348_2o  -1697.41004473068  1528.8728879041   -1.11023621267666    0.0288306905738732   89               0.056685489326808
T1123TS360_3o  -1804.59468837076  890.897925733318  -2.02559085193217    0.00641518609667963  49               0.0282327806168773
T1123TS350_2o  -2155.4576494573   1074.938902       -2.00519084893748    0.00663558060353464  75               0.0219681573639958
T1123TS348_3o  -2674.91930387355  1597.09664464032  -1.67486376785669    0.0114516211296274   69               0.0207923963128822
T1123TS423_2o  11743.1350137201   3260.798337618    3.60130673468707    0.987074089312449    184              0.91777733951144
T1123TS374_3o  5847.37493799498   2267.44153790664  2.57884264720379    0.932855569734625    129              0.833310187629701
T1123TS374_2o  5377.31605221968   2289.04386685     2.34915377992275    0.904528810311357    131              0.803815728428365
T1123TS374_1o  4228.07534047835   2036.143743049    2.07651122614117    0.857439649776725    117              0.762487823894276
T1123TS374_4o  3036.4023899691    1968.92643858     1.54216141876736    0.711689226731091    121              0.684223451108297
T1123TS399_1o  1591.21450993003   1517.27446269     1.04873215035132    0.520293907755094    105              0.552819991349349
T1123TS423_3o  1380.83266399032   1298.30315274     1.06356721161475    0.52646159147213     81               0.513658291974513
T1123TS390_2o  1358.4801348185    1406.7919931      0.965658136726353   0.485694795422114    87               0.482127487069441
T1123TS399_4o  1246.81147865581   1695.9101071      0.735187244557348   0.391418244375327    102              0.481323846955566
T1123TS399_5o  990.901824440726   1757.8618454      0.563697213767813   0.325815770555488    94               0.383139294215986
T1123TS423_1o  390.861389792791   2357.822883811    0.165772158916803   0.199347141216723    107              0.317471131012746
T1123TS374_5o  275.00984909811    1768.7463538566   0.155482920713009   0.196624174931263    113              0.307295121261501
T1123TS390_5o  -91.410248964481   1447.3318725      -0.063157766854527  0.145302527015132    89               0.280525395214651
T1123TS390_4o  -250.122269173211  1147.2108674      -0.218026411953436  0.116084405160541    85               0.244072265889881
T1123TS390_1o  -620.091897784223  1144.719593685    -0.541697636001903  0.071127591427418    66               0.154195543244829
T1123TS390_3o  -685.29901638593   1297.694791824    -0.528089517430131  0.0726406900076939   83               0.163258772976431
T1123TS399_2o  -820.635348878473  1030.903978223    -0.796034709549794  0.0477253320587535   65               0.0871891949663511
T1123TS398_1o  -1166.65873859221  1886.12111385     -0.618549217240244  0.0631161858714985   113              0.159473260443032
T1123TS398_3o  -1177.83195364716  1652.0493065263   -0.712952058388466  0.0544275476573775   100              0.172250866962056
T1123TS398_2o  -1491.23191404643  1406.60917672     -1.06016080282069   0.0312616836170055   91               0.134128963892975
T1123TS399_3o  -1762.3643099309   1104.73692443     -1.59527962807997   0.0130547044894736   67               0.0190561652435805
T1123TS398_4o  -1892.55176173281  1807.3229674826   -1.04715747864862   0.0319247227951774   102              0.110208053747146
T1123TS398_5o  -3024.83316970692  1752.87876061     -1.72563741296875   0.0105322101087594   93               0.0210762152809475
T1123TS385_1o  -4138.60335500715  1418.11384723332  -2.91838582852949   0.00145594507440594  70               0.00201617151054435
T1123TS439_1o  8283.79401692521   2770.26427165     2.99025407131692    0.965010471408707   135              0.931214775709256
T1123TS444_5o  7479.01225235      4529.85285872     1.65104971079863    0.747454660071037   190              0.658462947100476
T1123TS444_1o  7160.96236243733   4537.2200045753   1.5782709137349     0.723878956090903   190              0.662674183945117
T1123TS444_4o  7124.05280864726   4154.2445511      1.71488527481149    0.767004844859027   196              0.66204978388969
T1123TS444_3o  7070.36727385057   4709.141140676    1.50141332838362    0.697556468313492   199              0.652989732407961
T1123TS444_2o  5599.87849705153   4159.265664217    1.3463623026604     0.640439107909172   193              0.570964721188863
T1123TS447_5o  5476.86494635741   3932.87236631132  1.39258649562895    0.657981238903376   214              0.613061049279783
T1123TS447_2o  5328.68500712014   3839.20965435532  1.38796405689257    0.656245397256765   210              0.598451064386095
T1123TS447_1o  5211.16107746625   3845.31490410122  1.35519748250222    0.643822944704831   210              0.592708097680107
T1123TS423_4o  4992.13734468082   1908.5022832      2.61573558943323    0.936605950476159   129              0.789197240703769
T1123TS439_3o  4859.77175096735   1480.2202384169   3.28314099810234    0.978230490994021   94               0.935230721766167
T1123TS423_5o  4582.65578890636   1808.1892723      2.53438943539205    0.928063456866218   112              0.82402793961471
T1123TS447_4o  4492.03348386353   3894.76412574332  1.15335186903166    0.563551035221576   211              0.540805919676302
T1123TS439_2o  4310.13532542942   1503.2089109      2.86728963231655    0.957391122759903   93               0.881010576632682
T1123TS447_3o  4014.13303816477   3888.49155304332  1.03231111175312    0.513459710599534   211              0.51907557374915
T1123TS439_4o  3560.05805443482   1461.750169672    2.43547640923733    0.916250583158018   93               0.842846114953747
T1123TS439_5o  3428.91988184663   1665.17980562     2.05918896582458    0.85387407041524    96               0.717809134959131
T1123TS446_5o  -230.386536177638  856.990897266635  -0.268831952489174  0.107674333606505   42               0.242261883292206
T1123TS446_2o  -325.60670314112   293.051772        -1.11108935093257   0.0287909048533297  31               0.0366655904621992
T1123TS461_2o  -325.60670314112   293.051772        -1.11108935093257   0.0287909048533297  31               0.0366655904621992
T1123TS446_4o  -414.603042574784  276.207192        -1.50105809907652   0.0152406639758993  36               0.0236704847324668
T1123TS446_1o  -1547.46881248462  1049.1977463      -1.47490672558322   0.0159088253278576  66               0.0380232656777623
T1123TS461_1o  -1547.46881248462  1049.1977463      -1.47490672558322   0.0159088253278576  66               0.0380232656777623
T1123TS446_3o  -1593.45464290382  1471.87730647     -1.08260018406385   0.0301487189913676  89               0.120333460779977
T1124TS003_4o  21480.8489351712   5104.57704758432  4.20815451210336    0.995259798618386    258              0.943529597593831
T1124TS003_5o  21477.3570922177   4973.7596913      4.31813324833233    0.996050551573371    254              0.957680642663557
T1124TS003_3o  21450.0421248972   5094.61974443332  4.21033231152036    0.99527689166223     259              0.943149846795332
T1124TS003_2o  20535.5577942439   5299.401300398    3.87507128261859    0.991770655078977    269              0.912198701404224
T1124TS003_1o  20480.9196504883   5370.6226305      3.81350935628512    0.990889561661237    277              0.915502176895295
T1123TS494_1o  5718.20995868268   1879.43435664     3.04251645633718    0.967835354279525    104              0.896933041462175
T1123TS494_3o  3431.13507854829   1755.507622565    1.95449739690392    0.830732704865894    105              0.723355925819223
T1123TS494_2o  3379.41533050706   1813.035307593    1.86395450565913    0.808442909398454    106              0.762828557395749
T1123TS494_4o  3103.38558314669   2026.82780965332  1.53115403704546    0.707910358833721    126              0.630281939418506
T1123TS494_5o  2461.45382199777   1274.2550122      1.93168070631959    0.825317940695997    80               0.708167568945005
T1123TS493_2o  1477.13003578892   1391.5157028      1.06152595534254    0.52561337468284     83               0.500756558802866
T1123TS493_1o  269.540614951453   1154.1348921224   0.233543424422236   0.217988416683468    66               0.316983075320137
T1123TS462_4o  -28.8860192541532  134.9661417       -0.214024190736374  0.116770598494689    16               0.140525287579756
T1123TS461_5o  -230.386536177638  856.990897266635  -0.268831952489174  0.107674333606505    42               0.242261883292206
T1123TS461_4o  -414.603042574784  276.207192        -1.50105809907652   0.0152406639758993   36               0.0236704847324668
T1123TS462_2o  -470.899936579171  1012.74025720664  -0.464976022458136  0.0800530324237325   65               0.294474550395299
T1123TS493_5o  -495.968459269624  403.98027658      -1.22770463812831   0.0238265201613333   33               0.0365506446163331
T1123TS462_1o  -538.094023981525  305.007207        -1.76420101437644   0.00988305203793782  27               0.0160302161457449
T1123TS477_1o  -616.916796543317  367.023616        -1.68086403612599   0.0113389626079269   38               0.0250073203172283
T1123TS493_3o  -637.968111310891  1328.2148597      -0.480319962280039  0.0781898147134472   84               0.207049830195554
T1123TS462_3o  -1085.76884777896  528.489149549     -2.05447708568005   0.00611549591537602  30               0.0068835848328803
T1123TS462_5o  -1161.9024677857   607.098368        -1.91386195224576   0.00771811863682803  48               0.0134960499308009
T1123TS493_4o  -1317.11708600343  751.1404729       -1.75348970468641   0.0100592796335772   60               0.014984996116006
T1123TS461_3o  -1593.45464290382  1471.87730647     -1.08260018406385   0.0301487189913676   89               0.120333460779977
T1124TS054_5o  21252.6474518469  5410.7859783     3.92782999310651   0.992458144908472  270              0.916704486569065
T1124TS037_5o  20845.1883643805  5345.88110539    3.89929890946569   0.992093756480257  279              0.910409021237646
T1124TS054_2o  20764.6172403366  5290.2339306305  3.92508488520882   0.992423822528124  275              0.916463436509345
T1124TS054_3o  20763.3706898707  5396.3398965796  3.8476765896513    0.991389521714205  268              0.922406707079213
T1124TS054_1o  20699.2496361831  5336.85855831    3.87854566689844   0.991817781769443  272              0.929435729306577
T1124TS046_5o  20616.4723216167  5138.67962986    4.01201744545775   0.993438996383271  264              0.944150158311022
T1124TS035_5o  20616.4723216167  5138.67962986    4.01201744545775   0.993438996383271  264              0.944150158311022
T1124TS037_3o  20309.3753690892  5379.690205929   3.77519421967943   0.990294635143176  274              0.901009247309743
T1124TS037_1o  20206.08808288    5165.6818932     3.91160131433546   0.992252972432777  266              0.918952948519774
T1124TS037_2o  19992.9785298173  5326.5448917921  3.75346100257699   0.989940243991585  269              0.906068048664293
T1124TS046_1o  19874.7413427101  5610.5587889868  3.54238180013782   0.985759227776983  276              0.88896329675204
T1124TS035_2o  19874.7413427101  5610.5587889868  3.54238180013782   0.985759227776983  276              0.88896329675204
T1124TS046_2o  19747.3404174237  5478.5102520433  3.60450916561826   0.987142011368619  268              0.88914738606385
T1124TS035_1o  19747.3404174237  5478.5102520433  3.60450916561826   0.987142011368619  268              0.88914738606385
T1124TS046_4o  19375.6598157248  5288.412917475   3.66379481293906   0.988337642341241  264              0.89899904172147
T1124TS035_4o  19375.6598157248  5288.412917475   3.66379481293906   0.988337642341241  264              0.89899904172147
T1124TS037_4o  19349.3280783583  5331.853453056   3.62900598238837   0.987650052649251  270              0.890778222631461
T1124TS054_4o  18749.5134083241  5388.60553648    3.47947410167488   0.984209912590851  267              0.874934717683964
T1124TS046_3o  18727.1455538743  5053.0185784891  3.70613035811832   0.989123527590361  259              0.905986636523526
T1124TS035_3o  18727.1455538743  5053.0185784891  3.70613035811832   0.989123527590361  259              0.905986636523526
T1124TS071_4o  18607.6864603032  5076.96474653    3.66512028136914   0.988363077906438  266              0.906241563787614
T1124TS071_3o  18561.4523776099  5171.498241343   3.58918276897443   0.986813722888502  262              0.894142548435748
T1124TS071_1o  18237.3100356308  5016.6947508032  3.63532384199993   0.987777831388526  260              0.915194550574779
T1124TS071_2o  18206.306877847   5015.76795398    3.62981442620373   0.987666476744663  259              0.906285737678842
T1124TS119_2o  23369.6911634104   5969.0755790055   3.91512736839964   0.992298016691543    294              0.970389074701898
T1124TS073_2o  21913.3454342839   5106.93458828     4.29089996268471   0.99586791812745     261              0.962019519316702
T1124TS086_5o  21593.4826813311   5094.93666325832  4.23822396793479   0.99549045802013     260              0.938633850871514
T1124TS086_4o  21527.799814898    4974.1376971      4.3279460935408    0.996114369516545    254              0.957749184059113
T1124TS073_3o  21496.2325544735   5045.44164071     4.26052545747979   0.995654281988631    241              0.970492635969643
T1124TS086_2o  21480.8489351712   5104.57704758432  4.20815451210336   0.995259798618386    258              0.943529597593831
T1124TS086_3o  21477.3570922177   4973.7596913      4.31813324833233   0.996050551573371    254              0.957680642663557
T1124TS086_1o  21450.0421248972   5094.61974443332  4.21033231152036   0.99527689166223     259              0.943149846795332
T1124TS098_3o  21297.6529187397   5419.84891583     3.92956579592739   0.992479768156452    272              0.919977312085872
T1124TS073_5o  20646.5393718932   5012.149803373    4.11929814188691   0.994507314944062    258              0.943683398300614
T1124TS073_4o  20532.9669513714   5024.520108072    4.08655284678526   0.994201004808563    254              0.924400306156864
T1124TS073_1o  20489.8238925631   5019.94411094     4.08168366813277   0.994154028997115    259              0.938010482248113
T1124TS091_4o  20209.1508824932   5140.566785314    3.93130791340528   0.992501408203872    261              0.897074574980503
T1124TS098_2o  20155.6029313187   5277.31226059     3.81929321898139   0.990976173576408    273              0.90900154672781
T1124TS098_1o  19549.171971744    5278.51801456     3.70353419611728   0.989076878994907    270              0.902655689999511
T1124TS091_2o  19443.8725512092   5284.87270842     3.67915626808395   0.988629085061071    258              0.900450413719092
T1124TS119_1o  18720.6847844646   5471.892128364    3.42124521925869   0.982628645212962    260              0.878627388413772
T1124TS119_3o  18498.1450658317   5341.2768275      3.46324402633327   0.983783980201376    262              0.883024879859867
T1124TS091_5o  18229.3327876305   5177.98731808     3.52054411643286   0.985239162546655    256              0.890251039005456
T1124TS091_1o  18077.2323430517   5301.94735751     3.40954579970433   0.982292653401933    261              0.87089431750499
T1124TS071_5o  17630.6287229452   5205.894475204    3.38666655786455   0.981617048884587    266              0.87559988654326
T1124TS091_3o  17341.0696126005   5281.274224505    3.2835010786106    0.978243267542679    257              0.8680308456634
T1124TS098_4o  -31117.4893158879  12224.9329073898  -2.54541186864738  0.00270749629024719  428              0.00584792783146663
T1124TS098_5o  -40526.874543481   16342.8861342095  -2.47978687550474  0.00301948544128527  572              0.00648519145294066
T1124TS131_2o  23551.7413006217  5825.842973439   4.04263235517986   0.993763337633645  288              0.972572895853107
T1124TS119_4o  23367.5152628363  5969.0748790055  3.91476329858497   0.99229337786796   294              0.970379840033591
T1124TS119_5o  23340.74610657    5996.378764547   3.89247361166874   0.992004028792425  294              0.966856098714597
T1124TS131_1o  23331.8270662696  5840.3831245     3.99491378714425   0.993250557040592  291              0.968328780144507
T1124TS131_5o  22532.3539079453  5897.287270596   3.82079978031461   0.990998599700014  293              0.959533204374072
T1124TS147_2o  22231.1070212631  5247.74927972    4.23631271927862   0.995476135444719  255              0.964074950756197
T1124TS125_5o  21252.6474518469  5410.7859783     3.92782999310651   0.992458144908472  270              0.916704486569065
T1124TS147_1o  21121.0121274323  5249.313227243   4.02357626857128   0.993563376699738  254              0.958815708621018
T1124TS122_2o  21028.9266152828  5008.681239313   4.19849569388193   0.99518324373096   253              0.940960341001457
T1124TS122_5o  20980.0676363955  5016.35825259    4.18233040384691   0.995052356764182  253              0.936832353127397
T1124TS122_4o  20971.2840345046  5009.87409569    4.18599023327677   0.995082296165189  253              0.937820628602188
T1124TS122_3o  20829.3201131365  5004.10998369    4.16244250846323   0.99488646415983   253              0.934051958849811
T1124TS125_2o  20764.6172403366  5290.2339306305  3.92508488520882   0.992423822528124  275              0.916463436509345
T1124TS125_3o  20763.3706898707  5396.3398965796  3.8476765896513    0.991389521714205  268              0.922406707079213
T1124TS122_1o  20729.7041590179  5011.22190869    4.13665659528475   0.994663109902     253              0.931950790688894
T1124TS125_1o  20699.2496361831  5336.85855831    3.87854566689844   0.991817781769443  272              0.929435729306577
T1124TS150_4o  20352.3717918771  5217.8998401     3.9004910817696    0.992109326390426  266              0.916887229462469
T1124TS150_2o  20179.26115211    5354.66229028    3.76854039679406   0.990187468506103  268              0.904217333035202
T1124TS150_1o  20178.4815726189  5378.7327019     3.75153083280956   0.989908157269852  272              0.912184541288956
T1124TS150_3o  19963.6459338546  5187.514959541   3.84840257609995   0.991399844351534  266              0.912248971161702
T1124TS147_3o  19636.5597735961  5464.43186964    3.59352266476145   0.986907512986599  274              0.902216490323812
T1124TS131_3o  18750.2663872332  5328.3696384     3.51895000904321   0.985200474305247  262              0.884637261580249
T1124TS125_4o  18749.5134083241  5388.60553648    3.47947410167488   0.984209912590851  267              0.874934717683964
T1124TS131_4o  17465.9748035365  5090.784568487   3.4309003982715    0.982901205763674  250              0.863964856699653
T1124TS158_4o  21527.799814898   4974.1376971      4.3279460935408    0.996114369516545  254              0.957749184059113
T1124TS158_2o  21480.8489351712  5104.57704758432  4.20815451210336   0.995259798618386  258              0.943529597593831
T1124TS158_3o  21477.3570922177  4973.7596913      4.31813324833233   0.996050551573371  254              0.957680642663557
T1124TS180_3o  21470.2259103479  5192.845114774    4.1345785279179    0.994644692986477  258              0.927974012589218
T1124TS158_1o  21450.0421248972  5094.61974443332  4.21033231152036   0.99527689166223   259              0.943149846795332
T1124TS158_5o  21443.2842738542  5095.31298363332  4.20843319001841   0.995261989327222  258              0.938685348079027
T1124TS180_5o  21319.825409534   5182.768176484    4.11359811659518   0.994455176269829  255              0.92512614585942
T1124TS180_2o  21244.8252949627  5146.365895823    4.12812180964549   0.994587065904749  253              0.933005454757553
T1124TS180_4o  21011.5223788418  5246.928603395    4.00453750509324   0.993357237958436  257              0.911044636018864
T1124TS180_1o  20787.7219661683  5232.034731718    3.97316207404884   0.993003124535534  256              0.915732522788979
T1124TS169_5o  20147.5119854803  5439.0276990752   3.70424882905192   0.989089739428454  272              0.892703712226683
T1124TS150_5o  19847.1893392281  5176.567903913    3.8340440437815    0.991193386978993  266              0.909603554608166
T1124TS169_2o  19582.1820654234  5484.74572116     3.57029898211613   0.986397846419481  274              0.879062665491066
T1124TS169_3o  19549.171971744   5278.51801456     3.70353419611728   0.989076878994907  270              0.902655689999511
T1124TS169_4o  19549.171971744   5278.51801456     3.70353419611728   0.989076878994907  270              0.902655689999511
T1124TS185_1o  19168.1238186445  5150.09074308     3.72190021008854   0.989402680855658  255              0.905050636239855
T1124TS169_1o  19155.8799897087  5542.45983789     3.45620546652463   0.983595769937701  274              0.871638221396203
T1124TS185_3o  19150.0215372448  5150.5157885      3.71807840682728   0.989335686123452  254              0.904110451077803
T1124TS185_2o  18647.5546472567  4969.869148364    3.752121854837     0.989917993036773  254              0.879236190295257
T1124TS165_1o  12115.76691132    5349.216462283    2.26496104555639   0.891704230719969  267              0.739011724353342
T1124TS165_4o  7017.59252940658  5332.98833491     1.31588372010287   0.628660089130434  272              0.6105217880526
T1124TS165_3o  6075.19671766219  5486.676711309    1.10726347428857   0.544574462339877  276              0.562092535903091
T1124TS165_5o  5075.61013728143  5077.75097666582  0.999578388267912  0.499824328452192  261              0.522124242251271
T1124TS165_2o  4685.43091785918  5058.06061479     0.926329531156422  0.469342477552021  258              0.532905755390147
T1124TS187_4o  22089.5120977635   5199.68332129    4.24824181259624      0.995564794924773  258              0.967646940178253
T1124TS187_1o  21552.0098681125   5159.9840034706  4.17675904685298      0.995006431474685  253              0.948630424283629
T1124TS187_5o  21391.2303431705   5325.17290749    4.01700202317997      0.993492923778922  258              0.942374231418602
T1124TS188_4o  21297.6529187397   5419.84891583    3.92956579592739      0.992479768156452  272              0.919977312085872
T1124TS187_3o  20277.5603224085   5299.13511129    3.82657922407119      0.991084119251131  270              0.905858183333726
T1124TS187_2o  20196.6741450628   5269.95257972    3.83242047049612      0.991169735118143  269              0.907216877079369
T1124TS188_3o  20155.6029313187   5277.31226059    3.81929321898139      0.990976173576408  273              0.90900154672781
T1124TS188_2o  19549.171971744    5278.51801456    3.70353419611728      0.989076878994907  270              0.902655689999511
T1124TS188_5o  19150.0191201767   5521.209463273   3.46844640609315      0.983921724671607  268              0.876136847804798
T1124TS188_1o  18504.8151261211   5070.29076685    3.64965560695398      0.988062870701688  263              0.882952730717091
T1124TS185_4o  18500.797380017    4967.97318795    3.72401312971884      0.989439540618481  254              0.876971803303753
T1124TS229_3o  18412.636500876    4810.16480243    3.8278598046317       0.991102959008406  246              0.912130727366574
T1124TS185_5o  18273.9726852948   5083.46444       3.59478715765243      0.986934716071969  262              0.862979919565556
T1124TS239_2o  18199.1462308109   5076.7668913434  3.58479060006538      0.986718128227575  254              0.904994125288289
T1124TS229_2o  18199.1462308109   5076.7668913434  3.58479060006538      0.986718128227575  254              0.904994125288289
T1124TS229_1o  17914.5275184707   4814.602139242   3.72087391654986      0.989384731327253  246              0.908202617234298
T1124TS239_1o  17914.5275184707   4814.602139242   3.72087391654986      0.989384731327253  246              0.908202617234298
T1124TS229_5o  17215.1027695868   5235.14210679    3.28837353760822      0.97841543525193   263              0.860956280497632
T1124TS229_4o  16934.4304937039   5175.00504498    3.27235052845622      0.977844196562845  254              0.862490344608089
T1124TS205_5o  454.163286720613   3740.045048138   0.121432571232456     0.187813728271296  238              0.338113786277554
T1124TS205_4o  295.457898155719   3748.927127304   0.0788113207119592    0.177217446264801  239              0.333622555270011
T1124TS205_2o  123.639100476775   3753.477501354   0.0329398805326992    0.166343451987739  238              0.323219716446527
T1124TS205_3o  -11.7192240976185  3753.36022475    -0.00312232863244538  0.158174945593589  239              0.302487099374145
T1124TS205_1o  -610.616605263362  3703.730917324   -0.164865272044261    0.125489510034888  236              0.274725001986171
T1124TS278_4o  21688.2451423822  5779.0038688511  3.75293833237975   0.989931565219546  294              0.936435925275654
T1124TS288_2o  21623.8413818019  5216.7734662453  4.14506045196655   0.994736948933082  270              0.935057333429683
T1124TS288_3o  21561.0345413933  5216.2684716     4.1334211723922    0.994634408506901  253              0.939069600403186
T1124TS288_4o  21363.90914366    5151.940119781   4.14676969199094   0.994751842053184  259              0.933745988577885
T1124TS288_5o  21316.9139173189  5157.358896685   4.13330046334779   0.994633334732951  261              0.927909821043281
T1124TS298_4o  20993.5861401882  5387.549085966   3.89668582229242   0.992059522561488  268              0.924655650467574
T1124TS288_1o  20944.5166036523  5013.09301729    4.17796289265237   0.995016390692863  252              0.926748391238845
T1124TS298_1o  20876.1864069567  5448.31561909    3.83167713959337   0.991158885436476  268              0.902575787440204
T1124TS298_2o  20511.1597062015  5178.1227591     3.96111885724518   0.992862276665263  260              0.926964035988465
T1124TS248_1o  20409.9741943975  5152.85505762    3.96090593780925   0.992859761371365  265              0.938201811624578
T1124TS304_1o  20409.9741943975  5152.85505762    3.96090593780925   0.992859761371365  265              0.938201811624578
T1124TS278_2o  20333.085117379   5778.88362792    3.51851437518867   0.985189884309538  290              0.912791362337917
T1124TS278_1o  19989.224736688   5166.205999538   3.86922719273594   0.991690777675366  261              0.895114402644441
T1124TS248_4o  19864.6858269795  5481.6948722771  3.62382188170347   0.98754421958413   269              0.902898520359481
T1124TS248_2o  19774.6409452829  5215.94557006    3.79119004975648   0.990547545434363  267              0.925449678144488
T1124TS298_3o  19688.4554730377  5370.80574046    3.66582900675744   0.988376655752336  275              0.888672853963506
T1124TS248_3o  18890.3478206388  5056.97013113    3.73550709828252   0.989637841522081  256              0.909806835141634
T1124TS298_5o  18673.7845852662  5490.0383587     3.4013941916588    0.982054786098659  274              0.863578461442464
T1124TS239_3o  18412.636500876   4810.16480243    3.8278598046317    0.991102959008406  246              0.912130727366574
T1124TS239_5o  17215.1027695868  5235.14210679    3.28837353760822   0.97841543525193   263              0.860956280497632
T1124TS239_4o  16934.4304937039  5175.00504498    3.27235052845622   0.977844196562845  254              0.862490344608089
T1124TS278_5o  11038.1857138738  4865.3334303062  2.26874188007688   0.892311241862557  245              0.727583527559359
T1124TS278_3o  6148.05553613426  3304.27455806    1.86063701066775   0.807585186910274  179              0.706811074313835
T1124TS248_5o  1959.42442661955  5105.4681565898  0.383789373769859  0.263662691587382  260              0.392037732059431
T1124TS320_5o  20528.3801612367  5329.3424264341  3.85195367807739   0.991450160169769  267              0.894789071343517
T1124TS320_4o  20438.4753708256  5223.26906445    3.912966213043     0.99227043951833   265              0.916801959835314
T1124TS338_4o  20366.3368039711  5217.8886536     3.90317581612625   0.992144278042318  266              0.916072642517956
T1124TS325_1o  20263.9748104535  5284.4672247539  3.83462967005103   0.991201902837001  274              0.90843656421557
T1124TS325_2o  20263.9748104535  5284.4672247539  3.83462967005103   0.991201902837001  274              0.90843656421557
T1124TS325_3o  20263.9748104535  5284.4672247539  3.83462967005103   0.991201902837001  274              0.90843656421557
T1124TS325_4o  20263.9748104535  5284.4672247539  3.83462967005103   0.991201902837001  274              0.90843656421557
T1124TS325_5o  20263.9748104535  5284.4672247539  3.83462967005103   0.991201902837001  274              0.90843656421557
T1124TS347_1o  20263.9748104535  5284.4672247539  3.83462967005103   0.991201902837001  274              0.90843656421557
T1124TS347_3o  20263.9748104535  5284.4672247539  3.83462967005103   0.991201902837001  274              0.90843656421557
T1124TS347_2o  20263.9748104535  5284.4672247539  3.83462967005103   0.991201902837001  274              0.90843656421557
T1124TS347_5o  20263.9748104535  5284.4672247539  3.83462967005103   0.991201902837001  274              0.90843656421557
T1124TS347_4o  20263.9748104535  5284.4672247539  3.83462967005103   0.991201902837001  274              0.90843656421557
T1124TS320_3o  20201.192133214   5174.6321832291  3.90388947811319   0.992153543098316  267              0.915544301951887
T1124TS338_1o  20177.903454002   5378.7327019     3.75142335049933   0.989906367532781  272              0.912179289091849
T1124TS338_3o  20115.6597065054  5354.630147989   3.75668517723117   0.989993616892214  268              0.904421643313578
T1124TS320_1o  20087.3383354459  5379.310140307   3.73418483253682   0.98961521786945   271              0.912140381818317
T1124TS320_2o  20010.0095186541  5356.39699145    3.73572189488466   0.989641512033299  269              0.900857015516941
T1124TS338_5o  19989.1180699476  5187.529919367   3.85330174103106   0.991469184454361  266              0.912800902190644
T1124TS338_2o  19922.7584589835  5176.564615901   3.84864479384382   0.991403285660855  266              0.910221223048279
T1124TS304_4o  19864.6858269795  5481.6948722771  3.62382188170347   0.98754421958413   269              0.902898520359481
T1124TS304_2o  19774.6409452829  5215.94557006    3.79119004975648   0.990547545434363  267              0.925449678144488
T1124TS304_3o  18890.3478206388  5056.97013113    3.73550709828252   0.989637841522081  256              0.909806835141634
T1124TS304_5o  1959.42442661955  5105.4681565898  0.383789373769859  0.263662691587382  260              0.392037732059431
T1124TS367_4o  21990.103747957   4955.79416449    4.43725122918216   0.996759403648766  243              0.953898998781782
T1124TS367_2o  21804.4794325088  5052.622887627   4.3154773109832    0.996033099848236  245              0.953489840262201
T1124TS360_5o  20560.5401683723  5461.07300803    3.76492680799908   0.990128777887734  273              0.898479569763587
T1124TS360_1o  20528.3801612367  5329.3424264341  3.85195367807739   0.991450160169769  267              0.894789071343517
T1124TS367_3o  20480.9196504883  5370.6226305     3.81350935628512   0.990889561661237  277              0.915502176895295
T1124TS360_2o  20463.2510838066  5320.708293541   3.845963724162     0.991365118166182  263              0.901449457016289
T1124TS348_5o  20438.4753708256  5223.26906445    3.912966213043     0.99227043951833   265              0.916801959835314
T1124TS352_3o  20366.3368039711  5217.8886536     3.90317581612625   0.992144278042318  266              0.916072642517956
T1124TS352_2o  20177.903454002   5378.7327019     3.75142335049933   0.989906367532781  272              0.912179289091849
T1124TS360_4o  20151.6563876077  5343.701090258   3.77110471698086   0.990228907570082  265              0.91419208725753
T1124TS352_4o  20115.6597065054  5354.630147989   3.75668517723117   0.989993616892214  268              0.904421643313578
T1124TS352_5o  19989.1180699476  5187.529919367   3.85330174103106   0.991469184454361  266              0.912800902190644
T1124TS352_1o  19922.7584589835  5176.564615901   3.84864479384382   0.991403285660855  266              0.910221223048279
T1124TS348_1o  19813.4213012185  5228.416700971   3.7895643049145    0.990522141649248  268              0.911087488416992
T1124TS367_1o  19773.455768092   5261.94287935    3.7578241006171    0.990012403522878  265              0.902297743003111
T1124TS348_3o  19608.1499626618  5442.3710494225  3.6028690040791    0.987107268434721  269              0.877185391552405
T1124TS360_3o  19336.7721624291  5261.43482758    3.6751899046753    0.98855453061296   266              0.88559497617758
T1124TS350_5o  19124.1190355379  5350.547236683   3.57423609017488   0.986485607185222  262              0.898353201347247
T1124TS350_2o  19124.1190355379  5350.547236683   3.57423609017488   0.986485607185222  262              0.898353201347247
T1124TS350_3o  18966.6787386927  5371.379065065   3.53106316067887   0.98549196874129   261              0.901181053006203
T1124TS348_2o  18876.9796182019  5401.028648732   3.49507118845475   0.984608852939294  266              0.859624592511135
T1124TS348_4o  18135.5813887241  5537.73232273    3.27491116070839   0.977936468090721  268              0.846914634244635
T1124TS350_4o  17590.809868372   5283.99426107    3.32907437049522   0.979802468952558  266              0.863586760528388
T1124TS350_1o  17590.809868372   5283.99426107    3.32907437049522   0.979802468952558  266              0.863586760528388
T1124TS374_4o  23517.3535732133   5398.359247806   4.35638913486005   0.996293603520182    268              0.953225821054548
T1124TS374_1o  22742.1535667926   5486.270391744   4.14528485526635   0.994738906621021    268              0.932156268770813
T1124TS423_1o  21552.0098681125   5159.9840034706  4.17675904685298   0.995006431474685    253              0.948630424283629
T1124TS399_5o  21252.6474518469   5410.7859783     3.92782999310651   0.992458144908472    270              0.916704486569065
T1124TS399_2o  20764.6172403366   5290.2339306305  3.92508488520882   0.992423822528124    275              0.916463436509345
T1124TS399_3o  20763.3706898707   5396.3398965796  3.8476765896513    0.991389521714205    268              0.922406707079213
T1124TS374_2o  20703.9551524547   5313.583393275   3.89642047938085   0.992056038104603    270              0.91967964195463
T1124TS399_1o  20699.2496361831   5336.85855831    3.87854566689844   0.991817781769443    272              0.929435729306577
T1124TS390_5o  20528.3801612367   5329.3424264341  3.85195367807739   0.991450160169769    267              0.894789071343517
T1124TS390_4o  20438.4753708256   5223.26906445    3.912966213043     0.99227043951833     265              0.916801959835314
T1124TS390_3o  20201.192133214    5174.6321832291  3.90388947811319   0.992153543098316    267              0.915544301951887
T1124TS423_2o  20196.6741450628   5269.95257972    3.83242047049612   0.991169735118143    269              0.907216877079369
T1124TS390_1o  20087.3383354459   5379.310140307   3.73418483253682   0.98961521786945     271              0.912140381818317
T1124TS390_2o  20010.0095186541   5356.39699145    3.73572189488466   0.989641512033299    269              0.900857015516941
T1124TS374_5o  19980.9028851539   5320.947142567   3.7551402691654    0.989968077594659    265              0.893929920845901
T1124TS374_3o  19541.4492637128   5331.977504752   3.66495343356136   0.988359879137468    261              0.890287651918597
T1124TS399_4o  18749.5134083241   5388.60553648    3.47947410167488   0.984209912590851    267              0.874934717683964
T1124TS367_5o  17630.0092905865   5205.0907404     3.38707049883855   0.981629193483408    258              0.871072700963561
T1124TS398_1o  12110.4179881537   5349.213342283   2.2639624208716    0.891543400931187    267              0.738852040728215
T1124TS385_1o  9285.50505169103   4993.64838597    1.85946312875758   0.807280985447869    266              0.718697176457516
T1124TS398_5o  4630.34266703095   5270.77280692    0.878494072245301  0.449544843912163    269              0.518004655013007
T1124TS398_2o  658.093432307375   4839.81055302    0.135975039745457  0.19153890658015     238              0.371310952036758
T1124TS398_4o  490.949359773617   4542.634581145   0.108075908595287  0.184441599617141    242              0.316269060075455
T1124TS398_3o  -4221.45453501586  2253.0308077     -1.87367812308138  0.00824831731402903  133              0.0223747456672935
T1124TS423_4o  22089.5120977635   5199.68332129     4.24824181259624   0.995564794924773    258              0.967646940178253
T1124TS446_4o  21650.9491831106   5164.138952189    4.1925574395966    0.995135568219674    268              0.947759869717222
T1124TS446_5o  21626.9754466859   5300.03087138     4.08053763676565   0.994142917679487    271              0.922280680042976
T1124TS423_5o  21391.2303431705   5325.17290749     4.01700202317997   0.993492923778922    258              0.942374231418602
T1124TS446_1o  21063.0516934886   4998.41039929     4.21395003829227   0.995305150873179    253              0.935571424984468
T1124TS446_2o  20386.1678433375   5297.618371226    3.84817599434208   0.991396623954309    270              0.910405045064352
T1124TS446_3o  20347.1234733926   5114.10046858     3.97863194092513   0.993066181017313    263              0.91560242857691
T1124TS423_3o  20277.5603224085   5299.13511129     3.82657922407119   0.991084119251131    270              0.905858183333726
T1124TS456_1o  20263.9748104535   5284.4672247539   3.83462967005103   0.991201902837001    274              0.90843656421557
T1124TS447_1o  19760.3125979251   4963.5401523771   3.98109252495149   0.993094362235035    240              0.970169861674471
T1124TS447_3o  18793.2918942351   4807.64685486     3.90904167082013   0.992220110125211    237              0.949264967900592
T1124TS439_5o  17934.2468184219   4702.31942232     3.81391505079287   0.990895663605852    249              0.900291834337978
T1124TS439_2o  15182.1800455055   4125.67555065     3.67992583496139   0.988643494655414    215              0.909897626328904
T1124TS447_2o  15114.4089249949   4748.073088562    3.18327217022105   0.9743889573061      238              0.879624698802498
T1124TS439_4o  14845.1947274013   3975.8944671      3.73379999148452   0.989608624152651    202              0.94045819879127
T1124TS447_4o  14668.4287132843   4336.58379976     3.38248478309035   0.981490858811091    228              0.903707917997765
T1124TS439_1o  13983.6638147629   4038.0064858      3.46301172718214   0.98377780257367     209              0.917367968372855
T1124TS439_3o  13632.7758915997   4113.4786656      3.31417201834719   0.979305047681679    216              0.902927821608356
T1124TS447_5o  13318.1538212884   4426.269083325    3.00888933107605   0.966044166382048    233              0.85970126190182
T1124TS444_4o  -7922.50673476823  5657.38217808327  -1.40038386755275  0.0179749132131807   280              0.120828861565002
T1124TS444_2o  -10732.4085191267  5228.90199901844  -2.05251667006599  0.00613538732228591  251              0.0359127896546098
T1124TS444_1o  -11634.0989008629  4354.6973713665   -2.67162053036354  0.00219501811135864  200              0.00416558362067664
T1124TS444_5o  -11634.0989008629  4354.6973713665   -2.67162053036354  0.00219501811135864  200              0.00416558362067664
T1124TS444_3o  -15658.4096947404  5250.45250233059  -2.98229718063156  0.00130902610264882  207              0.00227199960584633
T1124TS494_1o  23345.7264313216  5548.75226914    4.20738308342967   0.99525372909831   280              0.954832968840869
T1124TS461_4o  21650.9491831106  5164.138952189   4.1925574395966    0.995135568219674  268              0.947759869717222
T1124TS461_5o  21626.9754466859  5300.03087138    4.08053763676565   0.994142917679487  271              0.922280680042976
T1124TS462_3o  21470.2259103479  5192.845114774   4.1345785279179    0.994644692986477  258              0.927974012589218
T1124TS462_5o  21319.825409534   5182.768176484   4.11359811659518   0.994455176269829  255              0.92512614585942
T1124TS462_2o  21244.8252949627  5146.365895823   4.12812180964549   0.994587065904749  253              0.933005454757553
T1124TS461_1o  21063.0516934886  4998.41039929    4.21395003829227   0.995305150873179  253              0.935571424984468
T1124TS462_4o  21011.5223788418  5246.928603395   4.00453750509324   0.993357237958436  257              0.911044636018864
T1124TS462_1o  20787.7219661683  5232.034731718   3.97316207404884   0.993003124535534  256              0.915732522788979
T1124TS477_1o  20760.8950964327  4905.6394464899  4.23204667258773   0.995444002862259  245              0.955583967010132
T1124TS461_2o  20386.1678433375  5297.618371226   3.84817599434208   0.991396623954309  270              0.910405045064352
T1124TS460_2o  20366.3368039711  5217.8886536     3.90317581612625   0.992144278042318  266              0.916072642517956
T1124TS461_3o  20347.1234733926  5114.10046858    3.97863194092513   0.993066181017313  263              0.91560242857691
T1124TS456_3o  20263.9748104535  5284.4672247539  3.83462967005103   0.991201902837001  274              0.90843656421557
T1124TS456_2o  20263.9748104535  5284.4672247539  3.83462967005103   0.991201902837001  274              0.90843656421557
T1124TS456_5o  20263.9748104535  5284.4672247539  3.83462967005103   0.991201902837001  274              0.90843656421557
T1124TS456_4o  20263.9748104535  5284.4672247539  3.83462967005103   0.991201902837001  274              0.90843656421557
T1124TS460_3o  20177.903454002   5378.7327019     3.75142335049933   0.989906367532781  272              0.912179289091849
T1124TS460_4o  20115.6597065054  5354.630147989   3.75668517723117   0.989993616892214  268              0.904421643313578
T1124TS460_5o  19989.1180699476  5187.529919367   3.85330174103106   0.991469184454361  266              0.912800902190644
T1124TS460_1o  19922.7584589835  5176.564615901   3.84864479384382   0.991403285660855  266              0.910221223048279
T1124TS494_2o  11906.1703167618  3430.30695611    3.47087606709794   0.98398566040291   186              0.899600833349657
T1124TS494_4o  8680.05838177439  2915.6887181     2.97701820084235   0.964257927933068  156              0.771712184383016
T1124TS494_3o  8038.73171333396  3407.666590974   2.3590135650672    0.905938500780432  178              0.724393408031852
T1127TS003_3o  16724.9126171561  3581.16552321    4.67024283260849   0.997799947079805  169              0.980788105935919
T1127TS035_3o  15982.7182623596  3546.941360005   4.50605652593509   0.997109489760718  164              0.970564055762019
T1127TS046_3o  15982.7182623596  3546.941360005   4.50605652593509   0.997109489760718  164              0.970564055762019
T1127TS054_2o  15843.5297234878  3619.8553401613  4.37684057362963   0.996417364910513  166              0.959533160692828
T1127TS003_5o  15705.6733103725  3624.88810484    4.33273327510498   0.996145129165549  166              0.925936597052041
T1127TS003_4o  15642.9399895443  3595.05509778    4.35123789874711   0.996261765124738  166              0.944030359328726
T1127TS054_5o  15639.6744456296  3686.4016513163  4.24253131506849   0.995522571267156  166              0.967191860529954
T1127TS054_3o  15621.031087431   3556.69481753    4.39200771751322   0.996506481313764  164              0.958084290662032
T1127TS046_1o  15558.0940957951  3571.6127937267  4.35604165242153   0.996291464348412  168              0.957273687195919
T1127TS054_1o  15508.7580856491  3562.93963934    4.35279843486821   0.996271439037926  160              0.933384836990792
T1127TS054_4o  15485.0809426517  3655.2100474     4.23644079050026   0.995477096602793  168              0.928261094055645
T1127TS035_1o  15426.9522597148  3554.40380006    4.34023626112891   0.996192851705187  162              0.957110453534985
T1127TS071_2o  14963.680481171   3522.153963649   4.24844587590612   0.995566296419172  168              0.952873920279749
T1127TS037_1o  14962.2801193299  3584.12968229    4.17459228477751   0.994988456286547  164              0.930695391739677
T1127TS003_1o  14918.2606008754  3542.9824824235  4.2106503983251    0.995279383112393  165              0.92073076404837
T1127TS071_1o  14687.6920457092  3536.93012247    4.15266672994154   0.994802903621803  162              0.931953127498089
T1127TS003_2o  14603.6984280925  3545.685735686   4.11872329267982   0.994502078925941  166              0.915160671686308
T1127TS046_2o  14575.1516845005  3495.1542978     4.17010250267769   0.994951004447266  172              0.979175732765555
T1127TS035_2o  13767.0218373487  3521.035790229   3.90993521723144   0.992231597717729  173              0.977098400649009
T1127TS035_4o  13182.3757720979  3604.69664994    3.65700003419631   0.988206386235637  167              0.901666205278656
T1127TS046_4o  13182.3757720979  3604.69664994    3.65700003419631   0.988206386235637  167              0.901666205278656
T1127TS035_5o  7167.12632022605  3385.66962846    2.11690067453099   0.865471820369246  170              0.721950440711828
T1127TS046_5o  7167.12632022605  3385.66962846    2.11690067453099   0.865471820369246  170              0.721950440711828
T1124TS494_5o  3779.40978949136  2151.9972293     1.75623357597013   0.779093115171281  123              0.676160185712678
T1127TS073_1o  16189.9604621898  3335.32976695    4.85408088358074   0.998379612306255  160              0.98616197764638
T1127TS073_3o  15815.5205189578  3350.07127097    4.72095046335491   0.997977878910006  164              0.982822978903039
T1127TS071_3o  15571.1188764014  3591.2276172879  4.33587634530409   0.996165192679838  168              0.968631935346684
T1127TS071_5o  15422.356820322   3616.8371673     4.26404510541871   0.995679589878759  166              0.954678742584804
T1127TS098_2o  15176.2436757822  3534.536786139   4.29370087059136   0.995887083325375  161              0.92481683607755
T1127TS098_4o  15176.2436757822  3534.536786139   4.29370087059136   0.995887083325375  161              0.92481683607755
T1127TS071_4o  14956.810892556   3544.537383528   4.21967926253579   0.995349559773006  166              0.962480346413572
T1127TS073_5o  14925.9707631474  3332.993173      4.47824822566698   0.996972784874299  165              0.974838174628962
T1127TS086_1o  14918.2606008754  3542.9824824235  4.2106503983251    0.995279383112393  165              0.92073076404837
T1127TS091_1o  14841.2820483789  3684.3279782     4.02821956573739   0.993612679440766  166              0.950765955004762
T1127TS098_1o  14795.8430147115  3568.055155726   4.14675288608337   0.994751695822542  163              0.916200902240692
T1127TS098_3o  14795.8430147115  3568.055155726   4.14675288608337   0.994751695822542  163              0.916200902240692
T1127TS098_5o  14795.8430147115  3568.055155726   4.14675288608337   0.994751695822542  163              0.916200902240692
T1127TS073_2o  14760.4467605393  3251.438664943   4.53966636974776   0.99726652386023   160              0.985017580328082
T1127TS086_2o  14603.6984280925  3545.685735686   4.11872329267982   0.994502078925941  166              0.915160671686308
T1127TS073_4o  14572.0098524886  3237.60825804    4.50085640111081   0.997084402554476  160              0.984694832639696
T1127TS086_5o  14532.788247716   3535.099066635   4.11099886418446   0.994431237559582  166              0.922050621029775
T1127TS086_3o  14463.7602575723  3515.797584985   4.11393429455184   0.994458264933554  166              0.916899596626223
T1127TS119_1o  14245.5129030475  3512.74391917    4.05538041794219   0.993893648184911  170              0.924229472711163
T1127TS086_4o  14220.3189023506  3512.602827106   4.04837085269517   0.993822335017968  164              0.910506606947184
T1127TS091_4o  14090.1707596483  3742.62732506    3.76478060353563   0.990126395985905  169              0.904260383187913
T1127TS091_3o  13822.921054254   3630.407333107   3.80753997718046   0.990799307951949  164              0.946887031173631
T1127TS091_2o  13499.0054533004  3644.790411646   3.70364381177248   0.98907885259576   171              0.93411614454752
T1127TS091_5o  13097.2072890848  3572.435730824   3.66618416003353   0.98838345393162   165              0.942272098970131
T1127TS122_1o  16646.071364375   3640.774315999    4.57212392738148   0.997410092572039  164              0.986098438637426
T1127TS122_3o  16439.2837987383  3608.6061690332   4.55557714771146   0.997337866994177  166              0.966441235323366
T1127TS122_5o  16192.8780183067  3528.640233299    4.5889852599588    0.997481680828416  164              0.966289178106175
T1127TS125_2o  15843.5297234878  3619.8553401613   4.37684057362963   0.996417364910513  166              0.959533160692828
T1127TS122_2o  15819.0337455615  3568.752344       4.43265102779055   0.996734543943503  164              0.956957311882499
T1127TS125_5o  15639.6744456296  3686.4016513163   4.24253131506849   0.995522571267156  166              0.967191860529954
T1127TS125_3o  15621.031087431   3556.69481753     4.39200771751322   0.996506481313764  164              0.958084290662032
T1127TS131_5o  15567.9174187164  3505.96286472     4.4404113846653    0.996776371884047  168              0.945285857565359
T1127TS125_1o  15508.7580856491  3562.93963934     4.35279843486821   0.996271439037926  160              0.933384836990792
T1127TS125_4o  15485.0809426517  3655.2100474      4.23644079050026   0.995477096602793  168              0.928261094055645
T1127TS147_4o  15384.1634449254  3726.0125659042   4.12885441817938   0.99459363543059   169              0.955193995239346
T1127TS131_3o  15138.0373348277  3526.3773332      4.29280133816275   0.995880937948849  168              0.933096603945522
T1127TS131_2o  15134.1352024519  3389.14549796     4.46547225888103   0.996907835824884  161              0.98760640661294
T1127TS147_1o  14794.3185433568  3831.153346428    3.86158349864811   0.991585141731052  178              0.93249866125812
T1127TS147_3o  14789.9436313013  3498.75738564     4.22719897412831   0.995407213336015  171              0.973629277053913
T1127TS147_2o  14428.0342831576  3527.4116938908   4.09026094349741   0.994236527098247  161              0.921873071538944
T1127TS122_4o  14341.0149706233  3533.64187836     4.05842342384709   0.993924351541965  162              0.915156532339488
T1127TS119_5o  14290.3237256566  3514.062467819    4.06661061279478   0.99400619907991   170              0.926159281933174
T1127TS119_3o  14208.5592781849  3519.93460972     4.03659750921201   0.993700689422016  170              0.923606848898343
T1127TS131_1o  14110.2480059571  3519.70634517     4.00892762696531   0.993405345442521  171              0.91798796606971
T1127TS147_5o  13969.706294255   3849.75665944332  3.62872449612828   0.98764432899346   174              0.942498021371589
T1127TS131_4o  13681.8959126582  3599.49549949     3.80105931917314   0.990700320945312  172              0.912077904789917
T1127TS119_4o  4724.88483573656  1505.1313989      3.13918428596312   0.97248991774837   89               0.856652249963354
T1127TS119_2o  4723.80550419037  1504.8406389      3.13907358831255   0.97248498144311   89               0.856208107056778
T1127TS180_1o  16715.152561212    3653.516608988   4.57508596514688   0.997422813867031   168              0.976752740762201
T1127TS180_4o  16701.7152609051   3665.94483685    4.55591014164201   0.997339340111235   168              0.98208824149971
T1127TS180_3o  16618.785041125    3624.1078202578  4.5856210315351    0.997467556692122   168              0.979880877040359
T1127TS180_2o  16473.3383698913   3639.84514999    4.52583494381254   0.997202957122138   168              0.979510456143577
T1127TS150_4o  16364.8477442748   3689.79698394    4.43516210119512   0.996748137370642   166              0.971627069328651
T1127TS150_3o  15890.737440026    3690.590183719   4.3057442438686    0.995968486445891   166              0.96364342369444
T1127TS150_5o  15784.1082719565   3598.55239937    4.38623827590224   0.99647284559018    166              0.957068433238277
T1127TS150_2o  15492.3128346138   3684.0358926     4.20525567238165   0.995236950744905   166              0.967478981111652
T1127TS169_3o  15434.30900275     3645.5086926669  4.23378746395443   0.995457142143909   164              0.924648724361639
T1127TS169_5o  15373.7585914057   3532.314428824   4.35231882698619   0.996268468560322   160              0.931516655563716
T1127TS169_2o  15176.2436757822   3534.536786139   4.29370087059136   0.995887083325375   161              0.92481683607755
T1127TS169_4o  15150.0630775258   3687.45276421    4.10854431128462   0.994408537169673   166              0.95479564895639
T1127TS150_1o  15007.6839401607   3502.8126459     4.28446664360624   0.995823560783531   162              0.923120585421396
T1127TS158_1o  14918.2606008754   3542.9824824235  4.2106503983251    0.995279383112393   165              0.92073076404837
T1127TS169_1o  14795.8430147115   3568.055155726   4.14675288608337   0.994751695822542   163              0.916200902240692
T1127TS158_2o  14603.6984280925   3545.685735686   4.11872329267982   0.994502078925941   166              0.915160671686308
T1127TS158_5o  14532.788247716    3535.099066635   4.11099886418446   0.994431237559582   166              0.922050621029775
T1127TS158_3o  14463.7602575723   3515.797584985   4.11393429455184   0.994458264933554   166              0.916899596626223
T1127TS158_4o  14220.3189023506   3512.602827106   4.04837085269517   0.993822335017968   164              0.910506606947184
T1127TS165_1o  9842.13457989792   3695.92123363    2.66297195144263   0.941122811496239   169              0.81348077812054
T1127TS165_3o  9179.18993648038   3692.32830752    2.48601672765272   0.922491785436411   166              0.726760166773814
T1127TS165_5o  6440.38601040527   3450.04788154    1.86675264562719   0.809164084505553   167              0.701460482327848
T1127TS165_4o  5985.5291132688    3922.800371361   1.52583066856195   0.706072429947481   174              0.572760314400294
T1127TS165_2o  -4513.52081961675  3322.765227034   -1.35836284275963  0.0192538099837533  170              0.0625967390669307
T1127TS185_1o  16992.014384601   3696.0054672     4.59739968877096   0.997516664275241  170              0.992326139475946
T1127TS185_2o  16868.7303158523  3641.26530772    4.63265620335003   0.997658050791895  168              0.99418148192049
T1127TS185_3o  16774.6782383845  3676.21777046    4.56302626388901   0.997370627204808  170              0.985584970949234
T1127TS201_2o  16766.242920178   3600.096339712   4.65716506951013   0.997751576714994  164              0.980794314565187
T1127TS201_5o  16646.0810880826  3551.958681202   4.68645121807822   0.997858458113609  161              0.976937427408327
T1127TS205_1o  16614.2911310771  3646.48402179    4.55624953566131   0.997340840704786  164              0.980456990620288
T1127TS201_1o  16368.5827631413  3682.100649663   4.44544685779826   0.996803226706094  166              0.960538997717892
T1127TS185_5o  16266.1250249526  3665.40574014    4.43774200679113   0.996762044672565  168              0.990540227275713
T1127TS180_5o  16250.9032966983  3634.721906646   4.47101696198103   0.996936192271184  168              0.982513657764449
T1127TS185_4o  16085.6737848376  3635.71897865    4.42434464250328   0.996689173392342  168              0.986377101378354
T1127TS201_3o  16056.9211586611  3558.827458795   4.51185716210527   0.99713722016407   164              0.953718501700814
T1127TS187_3o  15693.9030563378  3546.54712867    4.42512181199272   0.996693444901031  160              0.949588067647531
T1127TS205_3o  15689.8508167686  3499.8443582     4.48301387460499   0.996996662117406  166              0.97905318260377
T1127TS187_4o  15591.6850857669  3553.687990811   4.38746595820548   0.996480029875635  171              0.964894545297086
T1127TS188_4o  15434.30900275    3645.5086926669  4.23378746395443   0.995457142143909  164              0.924648724361639
T1127TS187_2o  15348.4263339341  3539.4557380266  4.33638035617632   0.996168400297296  162              0.974370172865858
T1127TS205_2o  15132.6191251584  3589.67013425    4.21560158989933   0.995317995657486  168              0.964774822227143
T1127TS187_5o  15054.9307420055  3508.104440201   4.29147164761802   0.995871837088813  166              0.945012526962659
T1127TS187_1o  14803.7323942652  3491.377677475   4.24008336015124   0.995504348670854  169              0.937103536204205
T1127TS188_5o  14795.8430147115  3568.055155726   4.14675288608337   0.994751695822542  163              0.916200902240692
T1127TS201_4o  14767.3771343425  3500.42786863    4.21873487715152   0.995342268449797  162              0.924355590996644
T1127TS188_2o  14094.7325877063  3468.9616684     4.06309839514809   0.993971222444571  166              0.929023877563872
T1127TS188_1o  12545.9361229941  3383.336613965   3.70815486440507   0.989159767733014  162              0.916743581147457
T1127TS188_3o  12524.8365614247  3436.3565794863  3.64480119327345   0.987967066191749  165              0.923739985418583
T1127TS245_4o  16991.0068435348   3635.7266481      4.67334552019036   0.997811269673238    168              0.981968587296733
T1127TS245_3o  16533.2364717291   3611.61724909     4.57779308587999   0.997434385832402    162              0.984640435737182
T1127TS245_2o  16221.4206989527   3539.608184039    4.5828294702502    0.997455776835907    163              0.982859665474434
T1127TS245_1o  16121.0999868524   3542.35861522     4.55095086013792   0.997317316613562    165              0.984201021208764
T1127TS229_1o  15589.4291430654   3583.701420854    4.35009151497628   0.996254642653927    167              0.966203259995875
T1127TS229_5o  15547.1102618731   3493.70862244     4.45003059557239   0.996827478423554    164              0.986388080642466
T1127TS239_5o  15547.1102618731   3493.70862244     4.45003059557239   0.996827478423554    164              0.986388080642466
T1127TS205_5o  15397.6250526582   3597.01847929     4.28066331638572   0.995797114377158    166              0.936091060264428
T1127TS248_3o  15240.5903313249   3457.18150264     4.40838594088473   0.9966002344062      161              0.969491069144552
T1127TS239_4o  15210.7057790269   3539.9257690294   4.29689964464917   0.995908862662751    164              0.978269941249992
T1127TS229_4o  15210.7057790269   3539.9257690294   4.29689964464917   0.995908862662751    164              0.978269941249992
T1127TS248_1o  15147.3536971493   3457.17791951     4.38142150904869   0.996444516907377    164              0.980325116170712
T1127TS239_3o  14981.7893701833   3454.3204203      4.33711629127971   0.99617307912318     163              0.966587405034848
T1127TS229_3o  14981.7893701833   3454.3204203      4.33711629127971   0.99617307912318     163              0.966587405034848
T1127TS245_5o  14920.0804284492   3633.79498629     4.10592245427752   0.994384187861238    170              0.957343884399959
T1127TS239_2o  14904.3085950288   3535.97561219     4.21504847025737   0.995313697722716    164              0.941896510700674
T1127TS229_2o  14904.3085950288   3535.97561219     4.21504847025737   0.995313697722716    164              0.941896510700674
T1127TS205_4o  14390.8337967017   3518.62869592     4.08989837813479   0.994233063410431    168              0.944624987567508
T1127TS248_2o  13835.3777339944   3519.878360391    3.93064086807179   0.992493129682858    173              0.977641833801928
T1127TS239_1o  13634.3835396783   3464.5189368      3.93543340024911   0.992552407585193    162              0.916051684547192
T1127TS248_4o  8934.19516626058   3506.2784408793   2.54805638425569   0.929569421828095    165              0.814868053643345
T1127TS248_5o  1224.54350576002   3416.36400204     0.358434729153221  0.255540897697041    172              0.371874572859251
T1127TS234_2o  -2951.02840355036  1041.28421612664  -2.83402778784795  0.00167536691327891  61               0.00263029763726238
T1127TS234_1o  -3040.05298760064  1078.81424445364  -2.81795777468648  0.00172076691460893  65               0.00277565885993054
T1127TS312_3o  16676.7039264747  3491.64318347    4.77617644478248   0.998155364803662  161              0.987654492201225
T1127TS278_1o  16258.7232621506  3627.9490565896  4.48151917475775   0.99698919353036   164              0.955508742908802
T1127TS298_2o  16226.1887258266  3694.723142476   4.39171978524829   0.996504810277928  166              0.969294197598423
T1127TS298_1o  16215.5186192463  3704.93512401    4.37673483515564   0.996416735746832  166              0.971896648165308
T1127TS298_3o  16157.0169217139  3696.124243407   4.37134031696423   0.996384490848528  166              0.966099193285158
T1127TS298_5o  15701.1658448367  3517.14113195    4.46418419272573   0.996901211100164  158              0.93971827723578
T1127TS278_3o  15314.9009262836  3546.73801623    4.31802429618484   0.996049837173295  166              0.918698802587801
T1127TS304_3o  15240.5903313249  3457.18150264    4.40838594088473   0.9966002344062    161              0.969491069144552
T1127TS312_4o  15196.8643974564  3559.10039169    4.26986112359711   0.99572108853155   164              0.958569931866968
T1127TS304_1o  15147.3536971493  3457.17791951    4.38142150904869   0.996444516907377  164              0.980325116170712
T1127TS298_4o  15073.0304972402  3550.23474396    4.24564334031261   0.995545631087577  160              0.925315175277169
T1127TS312_2o  14292.6613083009  3469.80110663    4.11915866906345   0.994506045010662  154              0.960677903450821
T1127TS312_1o  14139.1218825923  3833.30526571    3.68849358517589   0.988802705563502  168              0.919476866558567
T1127TS304_2o  13835.3777339944  3519.878360391   3.93064086807179   0.992493129682858  173              0.977641833801928
T1127TS291_1o  13762.4136839086  3565.58580493    3.85979035054489   0.991560168202299  168              0.973615258687081
T1127TS291_4o  13551.6915100453  3608.48882172    3.7555032534605    0.989974083980303  168              0.961999266399341
T1127TS291_2o  13322.0136431658  3610.9035955     3.68938502256555   0.988819143487852  166              0.925869682341851
T1127TS291_3o  13271.0967316231  3608.935670152   3.67728824910426   0.988594032507358  169              0.947417611495708
T1127TS291_5o  13118.803138852   3568.8339584     3.67593541525633   0.988568580511609  164              0.946287070422599
T1127TS304_4o  8934.19516626058  3506.2784408793  2.54805638425569   0.929569421828095  165              0.814868053643345
T1127TS278_5o  7570.27912564591  2835.10501042    2.67019355467346   0.941786204362898  138              0.755615484163086
T1127TS278_2o  2708.99302648547  1371.566429683   1.97510887395485   0.835508476938129  86               0.709757167643745
T1127TS278_4o  2682.49311966177  802.5022         3.34266139041335   0.98024576942646   60               0.834106110898411
T1127TS304_5o  1224.54350576002  3416.36400204    0.358434729153221  0.255540897697041  172              0.371874572859251
T1127TS325_3o  16477.8937382799  3703.2495794     4.44957688780719   0.996825086139652  170              0.975642073333368
T1127TS347_1o  16477.8937382799  3703.2495794     4.44957688780719   0.996825086139652  170              0.975642073333368
T1127TS347_2o  16477.8937382799  3703.2495794     4.44957688780719   0.996825086139652  170              0.975642073333368
T1127TS325_2o  16477.8937382799  3703.2495794     4.44957688780719   0.996825086139652  170              0.975642073333368
T1127TS325_1o  16477.8937382799  3703.2495794     4.44957688780719   0.996825086139652  170              0.975642073333368
T1127TS325_4o  16477.8937382799  3703.2495794     4.44957688780719   0.996825086139652  170              0.975642073333368
T1127TS325_5o  16477.8937382799  3703.2495794     4.44957688780719   0.996825086139652  170              0.975642073333368
T1127TS347_4o  16477.8937382799  3703.2495794     4.44957688780719   0.996825086139652  170              0.975642073333368
T1127TS347_5o  16477.8937382799  3703.2495794     4.44957688780719   0.996825086139652  170              0.975642073333368
T1127TS347_3o  16477.8937382799  3703.2495794     4.44957688780719   0.996825086139652  170              0.975642073333368
T1127TS320_4o  16361.8722268643  3694.23236839    4.4290316891991    0.996714851333635  166              0.972416295636125
T1127TS314_4o  16361.8722268643  3694.23236839    4.4290316891991    0.996714851333635  166              0.972416295636125
T1127TS320_3o  16083.087236077   3689.273003185   4.35941911108021   0.996312204643472  166              0.970569608152628
T1127TS314_3o  16083.087236077   3689.273003185   4.35941911108021   0.996312204643472  166              0.970569608152628
T1127TS312_5o  16043.9201621147  3622.85922875    4.42852430886485   0.996712081263467  163              0.989430593015889
T1127TS320_5o  15876.5833204977  3617.35285015    4.38900598813283   0.996489021376072  168              0.954448978848411
T1127TS314_5o  15876.5833204977  3617.35285015    4.38900598813283   0.996489021376072  168              0.954448978848411
T1127TS348_1o  15793.3594329091  3612.58745015    4.37175837286745   0.996387000014199  168              0.949771482548545
T1127TS320_2o  15713.9841973045  3684.47340271    4.26491997085568   0.995685857759673  166              0.973555355364057
T1127TS314_2o  15713.9841973045  3684.47340271    4.26491997085568   0.995685857759673  166              0.973555355364057
T1127TS348_2o  15471.2066432437  3631.6796168544  4.26006924494188   0.995650990822858  167              0.954178658652404
T1127TS348_3o  15257.7818260583  3590.09894291    4.24996137117349   0.995577431584545  166              0.933039601237249
T1127TS320_1o  15024.3891015696  3510.309262485   4.28007562243492   0.995793013003601  162              0.921823898546388
T1127TS314_1o  15024.3891015696  3510.309262485   4.28007562243492   0.995793013003601  162              0.921823898546388
T1127TS367_4o  17143.5575671608  3589.03728198    4.77664516142977   0.998156802604613  169              0.988686070664178
T1127TS367_2o  16724.9126171561  3581.16552321    4.67024283260849   0.997799947079805  169              0.980788105935919
T1127TS367_3o  16563.5928975455  3540.88145943    4.6778162690066    0.997827482536627  160              0.980744324102698
T1127TS374_4o  16285.6242783998  3663.78992696    4.4450213039132    0.996800965825531  166              0.963760556337279
T1127TS360_3o  16215.5186192463  3704.93512401    4.37673483515564   0.996416735746832  166              0.971896648165308
T1127TS360_1o  16157.0169217139  3696.124243407   4.37134031696423   0.996384490848528  166              0.966099193285158
T1127TS374_2o  16146.7541160594  3623.4087472     4.45623313365816   0.996860003183912  168              0.95816235047048
T1127TS360_2o  16142.5969998847  3685.3264284423  4.38023532333546   0.996437505915111  166              0.964589988891698
T1127TS360_4o  16083.087236077   3689.273003185   4.35941911108021   0.996312204643472  166              0.970569608152628
T1127TS374_5o  15897.4415776681  3569.354222872   4.4538705281194    0.996847653572227  164              0.93518210336457
T1127TS360_5o  15873.3128925411  3682.451116548   4.31052915304443   0.996000381218605  166              0.957433577163295
T1127TS348_4o  15854.9833670948  3655.446390454   4.33735901817606   0.996174621050012  166              0.973826571158405
T1127TS390_2o  15713.9841973045  3684.47340271    4.26491997085568   0.995685857759673  166              0.973555355364057
T1127TS367_5o  15642.9399895443  3595.05509778    4.35123789874711   0.996261765124738  166              0.944030359328726
T1127TS374_1o  15610.9080549874  3613.48391641    4.32018196735102   0.996063961104032  166              0.931252490490504
T1127TS374_3o  15476.6853200267  3542.8626144     4.36841249703603   0.99636686938807   162              0.933730654375609
T1127TS348_5o  15386.4478412213  3626.47525536    4.24281065160442   0.995524645970942  169              0.946862831601058
T1127TS367_1o  15294.345701865   3524.01180265    4.34003816058842   0.996191599288701  160              0.924167511012972
T1127TS390_1o  15024.3891015696  3510.309262485   4.28007562243492   0.995793013003601  162              0.921823898546388
T1127TS350_2o  14415.5617769613  3639.658081573   3.96069121161268   0.992857223842322  170              0.975667126992791
T1127TS350_5o  14084.4240706309  3649.831796736   3.85892415185446   0.991548078172636  170              0.968768867018517
T1127TS350_1o  14084.4240706309  3649.831796736   3.85892415185446   0.991548078172636  170              0.968768867018517
T1127TS350_3o  13718.2652939677  3525.5573237     3.89109126144363   0.991985733309806  168              0.972151954105861
T1127TS350_4o  13590.883398141   3519.95412063    3.86109674512134   0.991578369872463  168              0.97235414260765
T1127TS390_4o  16361.8722268643   3694.23236839    4.4290316891991     0.996714851333635  166              0.972416295636125
T1127TS390_3o  16083.087236077    3689.273003185   4.35941911108021    0.996312204643472  166              0.970569608152628
T1127TS390_5o  15876.5833204977   3617.35285015    4.38900598813283    0.996489021376072  168              0.954448978848411
T1127TS399_2o  15843.5297234878   3619.8553401613  4.37684057362963    0.996417364910513  166              0.959533160692828
T1127TS444_1o  15823.4169943302   3765.110657873   4.20264327722819    0.995216266676856  171              0.987673449202951
T1127TS423_3o  15693.9030563378   3546.54712867    4.42512181199272    0.996693444901031  160              0.949588067647531
T1127TS399_5o  15639.6744456296   3686.4016513163  4.24253131506849    0.995522571267156  166              0.967191860529954
T1127TS399_3o  15621.031087431    3556.69481753    4.39200771751322    0.996506481313764  164              0.958084290662032
T1127TS423_4o  15591.6850857669   3553.687990811   4.38746595820548    0.996480029875635  171              0.964894545297086
T1127TS399_1o  15508.7580856491   3562.93963934    4.35279843486821    0.996271439037926  160              0.933384836990792
T1127TS399_4o  15485.0809426517   3655.2100474     4.23644079050026    0.995477096602793  168              0.928261094055645
T1127TS423_2o  15348.4263339341   3539.4557380266  4.33638035617632    0.996168400297296  162              0.974370172865858
T1127TS423_5o  15054.9307420055   3508.104440201   4.29147164761802    0.995871837088813  166              0.945012526962659
T1127TS439_1o  15046.9693611508   3494.1280555     4.30635887470288    0.995972597528314  165              0.968459226484732
T1127TS423_1o  14803.7323942652   3491.377677475   4.24008336015124    0.995504348670854  169              0.937103536204205
T1127TS439_2o  14670.1861301368   3417.2899422271  4.29292988834774    0.995881816730682  164              0.961908332313678
T1127TS439_4o  14609.1501436861   3405.57524331    4.28977459017672    0.995860192750288  164              0.957388229976512
T1127TS439_3o  14407.2942657613   3387.482573717   4.25309767717936    0.995600387373515  163              0.951838428032648
T1127TS439_5o  14349.1633950788   3475.81868087    4.12828306437643    0.99458851260659   158              0.926685227983409
T1127TS398_1o  9179.18993648038   3692.32830752    2.48601672765272    0.922491785436411  166              0.726760166773814
T1127TS398_3o  6510.34537195775   3587.8195815     1.81456877194362    0.795371737429052  162              0.696352606041173
T1127TS398_2o  2895.21839941374   3936.16966854    0.735542073441065   0.391559126399749  183              0.44142761043264
T1127TS398_5o  2147.89711716199   2811.271291762   0.764030537876608   0.402927371210709  137              0.45731408551422
T1127TS398_4o  -405.848942923234  3783.78838373    -0.107259947376643  0.136409978442876  178              0.269266473797933
T1127TS446_1o  16646.071364375   3640.774315999   4.57212392738148   0.997410092572039  164              0.986098438637426
T1127TS461_1o  16646.071364375   3640.774315999   4.57212392738148   0.997410092572039  164              0.986098438637426
T1127TS456_1o  16477.8937382799  3703.2495794     4.44957688780719   0.996825086139652  170              0.975642073333368
T1127TS456_4o  16477.8937382799  3703.2495794     4.44957688780719   0.996825086139652  170              0.975642073333368
T1127TS456_3o  16477.8937382799  3703.2495794     4.44957688780719   0.996825086139652  170              0.975642073333368
T1127TS456_2o  16477.8937382799  3703.2495794     4.44957688780719   0.996825086139652  170              0.975642073333368
T1127TS456_5o  16477.8937382799  3703.2495794     4.44957688780719   0.996825086139652  170              0.975642073333368
T1127TS446_3o  16439.2837987383  3608.6061690332  4.55557714771146   0.997337866994177  166              0.966441235323366
T1127TS461_3o  16439.2837987383  3608.6061690332  4.55557714771146   0.997337866994177  166              0.966441235323366
T1127TS446_5o  16192.8780183067  3528.640233299   4.5889852599588    0.997481680828416  164              0.966289178106175
T1127TS461_5o  16192.8780183067  3528.640233299   4.5889852599588    0.997481680828416  164              0.966289178106175
T1127TS461_2o  15819.0337455615  3568.752344      4.43265102779055   0.996734543943503  164              0.956957311882499
T1127TS446_2o  15819.0337455615  3568.752344      4.43265102779055   0.996734543943503  164              0.956957311882499
T1127TS444_3o  15736.6924222107  3555.49962456    4.42601436757517   0.996698343823139  160              0.98163584364525
T1127TS444_4o  15573.398939739   3774.90501443    4.12550749759475   0.994563557781961  168              0.985665285262248
T1127TS444_5o  15435.3344766384  3687.349434508   4.18602433829218   0.995082574313321  165              0.955663416514122
T1127TS444_2o  14458.2408551344  3779.2849175827  3.82565516240097   0.991070500007838  168              0.934492732911301
T1127TS446_4o  14341.0149706233  3533.64187836    4.05842342384709   0.993924351541965  162              0.915156532339488
T1127TS461_4o  14341.0149706233  3533.64187836    4.05842342384709   0.993924351541965  162              0.915156532339488
T1127TS447_1o  10514.1485946022  2815.18169655    3.7348028397198    0.989625797902518  130              0.967333905926288
T1127TS447_4o  10120.4877607984  2394.4236223     4.22669057661442   0.995403337980574  115              0.967986170594829
T1127TS447_2o  9747.8428531948   2623.5590245     3.71550354391305   0.989290313724221  125              0.940510106378008
T1127TS447_3o  9642.03443410122  2611.359940012   3.69234217250683   0.988873502070014  123              0.946629821217138
T1127TS447_5o  8311.87847942172  2347.734217      3.54038307199989   0.985712388541735  116              0.944863737037096
T1127TS494_1o  17771.2248304864   3561.726526693   4.98949728377565   0.998706568362424   167              0.989766367164156
T1127TS472_1o  16732.9259416217   3679.079474281   4.54812842685107   0.997304701487515   168              0.986443598165255
T1127TS462_1o  16715.152561212    3653.516608988   4.57508596514688   0.997422813867031   168              0.976752740762201
T1127TS462_4o  16701.7152609051   3665.94483685    4.55591014164201   0.997339340111235   168              0.98208824149971
T1127TS462_3o  16618.785041125    3624.1078202578  4.5856210315351    0.997467556692122   168              0.979880877040359
T1127TS462_2o  16473.3383698913   3639.84514999    4.52583494381254   0.997202957122138   168              0.979510456143577
T1127TS462_5o  16250.9032966983   3634.721906646   4.47101696198103   0.996936192271184   168              0.982513657764449
T1127TS494_2o  15985.5350640083   3607.31998056    4.43141588496584   0.996727836864059   161              0.957859615337452
T1127TS493_4o  12436.023058389    3554.039556841   3.49912342265619   0.984710866352483   166              0.924792274825911
T1127TS494_5o  11208.9696486898   4251.421018964   2.63652308220963   0.938632201658234   201              0.813452798586978
T1127TS493_2o  10332.7591683312   3381.5003020904  3.05567299874071   0.968511003126329   160              0.810830913562669
T1127TS493_1o  9526.58454094351   3035.269115551   3.13862928731251   0.972465160208164   150              0.802571392494462
T1127TS493_5o  9042.91936983787   3259.61842594    2.77422636277745   0.950595350693208   159              0.766854474282479
T1127TS493_3o  8846.17679363001   3132.4819635969  2.82401523661841   0.954349935562639   152              0.802983890534385
T1127TS494_3o  5117.39736403618   1600.13311457    3.19810728085042   0.974998793131756   89               0.762661680520674
T1127TS494_4o  4530.06660678707   1466.4342483     3.08917130927531   0.970169868807518   82               0.847950296293454
T1153TS003_3o  2529.39435101682   660.104301       3.83181013543619   0.991160827618059   40               0.978509300711545
T1153TS003_1o  2485.59207920272   664.831089       3.7386820807995    0.989691965761291   41               0.973437620038369
T1153TS003_2o  2469.4043159433    666.7481446      3.70365382482581   0.989079032860555   41               0.972851762116668
T1153TS003_5o  2464.66461875172   661.33581294     3.72679744620957   0.98948791922644    40               0.976696359356918
T1153TS003_4o  2165.28624658859   663.78287452     3.2620399376142    0.977468826534865   40               0.966362834872755
T1153TS035_3o  1833.65122198684   688.5513619      2.66305656113588   0.941130624809169   45               0.792082538351311
T1153TS035_2o  -1984.24473049233  1152.62002716    -1.72150811519509  0.0106041732048673  65               0.0220604519213529
T1153TS054_4o  2319.72520031801   565.1516300059    4.10460675888663    0.994371929235584    36               0.985289615953702
T1153TS073_1o  2269.62480836033   716.886794        3.16594590297381    0.973658368028427    46               0.876444331161182
T1153TS073_3o  2257.49335130249   1302.481299959    1.73322515369208    0.772422690275264    81               0.586907321779932
T1153TS035_4o  2251.3138241678    663.094429        3.39516323122026    0.981870851359176    40               0.951942404658983
T1153TS037_2o  2185.51210584245   634.37068927      3.44516564653614    0.983296231515316    39               0.944134171306015
T1153TS035_5o  2138.72303394124   540.1497753       3.95949999748382    0.992843130388166    33               0.977436814213964
T1153TS074_2o  2129.43929357056   656.23351383      3.24494139463015    0.976832595759129    41               0.943783253255111
T1153TS054_2o  1984.09120571807   603.2754038       3.28886474273671    0.978432717814717    40               0.918577290979756
T1153TS071_1o  1802.68836821614   600.874776943318  3.00010657359676    0.9655607113484      38               0.893346108786528
T1153TS071_2o  1740.43321413072   584.714494233318  2.97655219991218    0.964231150738181    36               0.8855270461644
T1153TS071_5o  1675.15630231845   595.393171133318  2.81352958605459    0.953582495961356    40               0.869404001507042
T1153TS071_4o  1570.48191571265   590.190488333318  2.66097462896709    0.940938085462665    36               0.868446894784393
T1153TS071_3o  1551.75405482998   593.491239933318  2.61461998159287    0.936495461666754    36               0.851127226021868
T1153TS054_1o  1517.07803001762   690.61883794      2.19669367048083    0.880217290500494    48               0.662007219173234
T1153TS037_4o  1486.23409285995   701.38841201      2.11898866221753    0.865876480523553    49               0.647545972323933
T1153TS054_5o  1360.85269176105   675.786535933318  2.01373158445899    0.844165318724969    38               0.81304572463253
T1153TS037_5o  1295.13913776879   450.7595082       2.8732375340026     0.957793685663568    37               0.817242857158406
T1153TS037_3o  1256.58255470693   669.136421        1.8779168421725     0.812020815228923    50               0.613336060553584
T1153TS054_3o  636.969195401772   727.92662759      0.875045878608167   0.448123142961999    55               0.542999817448578
T1153TS073_4o  43.6174029867023   1043.2531465      0.0418090308503108  0.168403431826393    69               0.275211108828052
T1153TS073_5o  -467.466502435406  725.9418701       -0.643944813888489  0.0606591439092654   49               0.220843887155154
T1153TS073_2o  -490.814698223545  1284.8988312      -0.381987037660514  0.0908490561593249   84               0.216973179210532
T1153TS074_3o  -1959.46323099444  1175.547646       -1.66685139276306   0.0116037848327836   70               0.0247121388336296
T1153TS074_1o  -3226.39631001587  1085.85021976664  -2.97130879681478   0.00133318818678924  77               0.00301929327606362
T1153TS086_5o  2522.9529421135    641.66417998      3.93188995245479     0.992508624332138    38               0.98324035305171
T1153TS086_1o  2485.59207920272   664.831089        3.7386820807995      0.989691965761291    41               0.973437620038369
T1153TS086_2o  2469.4043159433    666.7481446       3.70365382482581     0.989079032860555    41               0.972851762116668
T1153TS086_4o  2464.66461875172   661.33581294      3.72679744620957     0.98948791922644     40               0.976696359356918
T1153TS098_5o  2433.47976189723   631.4522033       3.85378299288488     0.991475965860399    37               0.984548091919505
T1153TS119_4o  2358.48261547759   664.032083161     3.55176003582609     0.985976988994624    40               0.976445488152067
T1153TS086_3o  2279.29267771495   671.4574516       3.3945452124832      0.981852507202852    41               0.964840738023542
T1153TS098_3o  2086.26278987239   631.711362933318  3.30255700987384     0.9789090565589      38               0.914170927938366
T1153TS119_3o  2041.51456108808   550.8154345       3.70634959229357     0.98912745782052     42               0.859265395338078
T1153TS125_2o  1984.09120571807   603.2754038       3.28886474273671     0.978432717814717    40               0.918577290979756
T1153TS119_1o  1894.85972935461   581.4416413       3.25889925103754     0.977353256333066    37               0.962348480794999
T1153TS098_4o  1839.1366136361    661.958813708718  2.77832483766185     0.950915165214337    40               0.89327871583206
T1153TS098_1o  1739.22598013717   569.5617602       3.05362140099863     0.968406555104808    38               0.919170888797378
T1153TS098_2o  1661.8746016783    666.362885633318  2.49394832381585     0.92343171321228     39               0.837853134483831
T1153TS125_1o  1517.07803001762   690.61883794      2.19669367048083     0.880217290500494    48               0.662007219173234
T1153TS119_2o  1359.64596263186   658.614181933318  2.06440432035749     0.854955298078256    39               0.801501539274913
T1153TS091_3o  481.888602724503   767.816502392     0.627609072250026    0.349633281911013    47               0.460358671490672
T1153TS091_5o  -16.7412305014486  681.1982328       -0.0245761508109547  0.153471768800097    47               0.216056553404678
T1153TS091_4o  -804.962692455696  667.964833646     -1.20509741218248    0.0247187854946576   43               0.0661583064732768
T1153TS091_1o  -884.683961121586  713.85706438      -1.23930126248726    0.0233810938298711   46               0.0656036008692717
T1153TS074_5o  -901.114545216178  552.02564935      -1.63237803583443    0.0122815842675886   40               0.0219469447540767
T1153TS119_5o  -1048.77449541818  611.6416432       -1.71468785207492    0.0107240996043464   52               0.0204932205910917
T1153TS091_2o  -1194.3628760977   687.5524593       -1.73712254234925    0.010334584794729    43               0.0181411015205768
T1153TS074_4o  -2053.32854040318  880.6011998       -2.33173488847111    0.00386126580493612  56               0.0104529127762806
T1153TS158_1o  2485.59207920272   664.831089        3.7386820807995     0.989691965761291   41               0.973437620038369
T1153TS158_2o  2469.4043159433    666.7481446       3.70365382482581    0.989079032860555   41               0.972851762116668
T1153TS158_4o  2464.66461875172   661.33581294      3.72679744620957    0.98948791922644    40               0.976696359356918
T1153TS158_5o  2412.17791835791   685.544695        3.51862969103409    0.985192688294205   40               0.969042574099341
T1153TS147_3o  2331.7195841476    793.7961019       2.93742886689225    0.961912894416029   48               0.782897369785232
T1153TS125_4o  2319.72520031801   565.1516300059    4.10460675888663    0.994371929235584   36               0.985289615953702
T1153TS158_3o  2279.29267771495   671.4574516       3.3945452124832     0.981852507202852   41               0.964840738023542
T1153TS150_1o  2026.32768690622   576.003071        3.51791125590409    0.985175210523385   36               0.908578905604707
T1153TS150_4o  1968.58818528316   655.844102233318  3.00160995361491    0.965643934610512   38               0.864696873028296
T1153TS131_3o  1920.678825015     548.51114         3.50162227336897    0.984773441836143   38               0.964541272034182
T1153TS131_4o  1895.75269045242   612.1517767       3.0968670885382     0.970538835544162   41               0.950775014275577
T1153TS131_1o  1894.85972935461   581.4416413       3.25889925103754    0.977353256333066   37               0.962348480794999
T1153TS150_3o  1809.11201442858   697.942776633318  2.59206352583121    0.934222648202521   40               0.876967810332894
T1153TS150_2o  1744.11639479691   584.796602        2.98243250530535    0.964567631213034   40               0.896858989339933
T1153TS150_5o  1704.68362394422   526.612413        3.23707451982188    0.976534012147398   36               0.943186020004662
T1153TS125_5o  1360.85269176105   675.786535933318  2.01373158445899    0.844165318724969   38               0.81304572463253
T1153TS131_2o  1359.64596263186   658.614181933318  2.06440432035749    0.854955298078256   39               0.801501539274913
T1153TS147_5o  1215.35132142898   918.1303446       1.32372416245372    0.63170546651794    59               0.573072024758932
T1153TS147_2o  1155.63952716191   886.6559213       1.30336864549163    0.62377782821593    58               0.581553570659785
T1153TS147_1o  927.453637284579   905.44393954      1.02430818384599    0.510127024803485   53               0.579550231111598
T1153TS147_4o  713.0838525128     826.256992        0.863029129456129   0.443175369489615   51               0.551656683538123
T1153TS125_3o  636.969195401772   727.92662759      0.875045878608167   0.448123142961999   55               0.542999817448578
T1153TS165_1o  -858.061013704345  1104.29031776     -0.777024845644649  0.0491860633028351  81               0.0724944282074809
T1153TS131_5o  -1048.77449541818  611.6416432       -1.71468785207492   0.0107240996043464  52               0.0204932205910917
T1153TS180_3o  2841.64118843411   716.06126398      3.96843305367441    0.992948149785492    46               0.972473586747823
T1153TS180_2o  2767.50728274905   667.28862         4.14739169798677    0.994757251367771    40               0.990260991940674
T1153TS180_1o  2539.16621484681   710.462647        3.57396159469987    0.98647950665066     44               0.967613160142298
T1153TS205_1o  2514.22852390893   613.2981195       4.09952100612781    0.994324293432859    37               0.990437325781006
T1153TS180_4o  2507.6655483155    664.84771403      3.77178938183481    0.990239942322182    42               0.981330688247235
T1153TS185_3o  2489.67329941864   528.465061        4.7111407795011     0.99794461506575     34               0.997027458765896
T1153TS185_1o  2478.287932586     588.15566         4.21365992224915    0.995302890904597    42               0.890968129196147
T1153TS188_5o  2433.47976189723   631.4522033       3.85378299288488    0.991475965860399    37               0.984548091919505
T1153TS180_5o  2274.72053601935   688.9408178       3.3017647920517     0.978881778946484    44               0.967370400073817
T1153TS185_2o  2147.45138749337   473.3958718       4.53626978057093    0.99725104847722     36               0.983539817900398
T1153TS188_3o  2086.26278987239   631.711362933318  3.30255700987384    0.9789090565589      38               0.914170927938366
T1153TS188_4o  1839.1366136361    661.958813708718  2.77832483766185    0.950915165214337    40               0.89327871583206
T1153TS188_1o  1739.22598013717   569.5617602       3.05362140099863    0.968406555104808    38               0.919170888797378
T1153TS188_2o  1661.8746016783    666.362885633318  2.49394832381585    0.92343171321228     39               0.837853134483831
T1153TS205_3o  1555.16890703028   600.103832        2.59149971072053    0.934164879920943    45               0.695347125670388
T1153TS185_4o  913.972537760505   924.379229        0.98874196767624    0.495309290817052    60               0.497743717971731
T1153TS185_5o  390.598674026105   1340.7926777      0.291319217745236   0.234848246800716    91               0.376475164125459
T1153TS205_2o  -976.888256756006  1080.95408101     -0.903727802982381  0.0401991612765062   82               0.205264368479967
T1153TS205_5o  -984.989976720429  1476.7853707      -0.666982485243297  0.0585079015020943   82               0.137198002489418
T1153TS205_4o  -1395.03374511976  592.15998263      -2.3558392766156    0.00370978208450473  52               0.00541836596911825
T1153TS165_3o  -2394.51436891582  1210.06121834664  -1.97883737831674   0.00693146173283882  72               0.0100000550541253
T1153TS165_4o  -4545.79710066103  1881.3270362      -2.41627160679244   0.00335552452919047  100              0.00428796389203584
T1153TS165_5o  -5641.41717755849  2492.85451709664  -2.26303506236253   0.00432765774522093  130              0.00781868358838712
T1153TS165_2o  -6510.96061575469  2359.64772276664  -2.75929349662446   0.00189717727873978  130              0.00311998863748664
T1153TS278_4o  6420.13301061487   1823.67955477     3.52042824290179    0.985236353710841    109              0.879489108222752
T1153TS278_1o  5906.97482087236   1607.06249674     3.67563478884918    0.988562916956143    100              0.922532109325654
T1153TS278_3o  2577.61703732966   594.21342202      4.33786404313651    0.996177827246735    37               0.985799028619232
T1153TS298_3o  2428.04094714065   620.923496        3.9103705412698     0.992237188223068    39               0.96038799971717
T1153TS278_2o  2386.47174012955   661.5538929       3.60737313428566    0.987202456341097    45               0.96796124472875
T1153TS298_4o  2252.79763643143   597.74164         3.76884842158802    0.990192455325371    40               0.950831446573317
T1153TS239_4o  2213.05335001373   656.493275        3.37102211749805    0.981140585568309    41               0.948867223947736
T1153TS239_2o  2204.0039458219    679.714904        3.24254173750162    0.976741913172931    43               0.95410511153283
T1153TS298_2o  2173.42212712818   618.7559824       3.51256745623374    0.985044569746184    39               0.948438164082277
T1153TS288_1o  2129.43929357056   656.23351383      3.24494139463015    0.976832595759129    41               0.943783253255111
T1153TS298_1o  2084.96395921936   552.627438        3.77282019648717    0.990256532705567    38               0.927528705938592
T1153TS239_3o  1796.95969524335   704.40419465      2.55103491559447    0.929893737532809    43               0.84571467322243
T1153TS239_5o  1480.65893537571   670.4047072       2.20860462266114    0.882294591327889    42               0.824623454643023
T1153TS239_1o  785.12875887437    677.886150933318  1.15820150300076    0.565538040598454    42               0.558038614105364
T1153TS278_5o  620.886310591141   906.3112525       0.685069625780842   0.371710912197556    64               0.428184381827046
T1153TS248_3o  -148.452809639191  311.134708        -0.477133556051842  0.0785734464331768   29               0.25764402883079
T1153TS248_1o  -222.598752532718  441.068432        -0.504680762400874  0.0753130883420993   34               0.284435757664733
T1153TS248_2o  -521.086454910873  801.2954924       -0.650304987177878  0.0600579490417925   59               0.171059259099412
T1153TS248_5o  -884.010689606727  616.5914955       -1.43370561556298   0.0170203952579207   45               0.0634844113272333
T1153TS288_5o  -901.114545216178  552.02564935      -1.63237803583443   0.0122815842675886   40               0.0219469447540767
T1153TS248_4o  -966.747422775058  775.8776394       -1.24600500605052   0.0231273210575834   54               0.0958604530586326
T1153TS288_3o  -1959.46323099444  1175.547646       -1.66685139276306   0.0116037848327836   70               0.0247121388336296
T1153TS288_4o  -2053.32854040318  880.6011998       -2.33173488847111   0.00386126580493612  56               0.0104529127762806
T1153TS288_2o  -3226.39631001587  1085.85021976664  -2.97130879681478   0.00133318818678924  77               0.00301929327606362
T1153TS314_5o  2465.92562718062   585.108617        4.2144749804302     0.995309237358012   36               0.984796157826772
T1153TS320_1o  2465.92562718062   585.108617        4.2144749804302     0.995309237358012   36               0.984796157826772
T1153TS320_3o  2433.13960041853   594.420137        4.09329941730848    0.994265473305335   40               0.969871702135212
T1153TS314_2o  1970.90117198778   1655.13927686     1.19077663103181    0.578827264618719   103              0.524778314854476
T1153TS348_2o  1919.70020356107   657.319067333318  2.92049979829296    0.960865612329169   38               0.867238030540153
T1153TS298_5o  1770.05465858093   677.561636933318  2.61238913494615    0.936273982028658   41               0.837471855013362
T1153TS320_2o  1708.5426524434    584.88596182      2.92115517207303    0.960906664903339   40               0.894175890590961
T1153TS348_3o  1706.15116776523   647.124021373318  2.63651342156092    0.93863127420056    38               0.892550560778031
T1153TS348_4o  1653.90821286966   681.693149033318  2.42617696131316    0.915053555596004   42               0.860946434302739
T1153TS348_1o  1646.0981394131    683.614048333318  2.40793492091973    0.912660266000734   41               0.855020964423145
T1153TS320_5o  1621.00044928615   618.311549633318  2.62165642910514    0.937189351019895   39               0.858414962213663
T1153TS320_4o  1473.48913237405   656.330540841217  2.24504124169733    0.888456271871225   40               0.827581635387234
T1153TS348_5o  1260.97487068915   601.05194         2.09794659458074    0.86175112297777    44               0.664018354310358
T1153TS314_3o  1208.74787537751   1295.421992367    0.933091982766856   0.472150513071124   87               0.460084100893485
T1153TS312_5o  1094.51608837707   635.9040376       1.72119694743242    0.768879477201144   41               0.572755656175834
T1153TS312_3o  867.327888259854   527.1464707       1.64532617871486    0.745649730925614   31               0.616999916927624
T1153TS314_4o  704.274951968945   835.48362476      0.842954824125074   0.434935544213068   48               0.477461348059933
T1153TS312_1o  413.909128969393   527.55614501      0.784578348455305   0.411192922372027   32               0.527033584825448
T1153TS350_2o  -61.3629234881748  914.813918        -0.067076945683477  0.144493202238414   61               0.270680717741391
T1153TS312_4o  -126.443659765151  501.398912        -0.252181759351625  0.110369773110734   35               0.334481087147398
T1153TS312_2o  -160.243121363984  493.421043        -0.324759398970311  0.0990404212565101  29               0.275958398211802
T1153TS350_4o  -184.97145485818   566.06692377      -0.326766053784369  0.098742393431872   38               0.176407584257745
T1153TS350_1o  -538.065143215699  836.132736        -0.643516417967038  0.0606998397290265  60               0.21679511886126
T1153TS350_3o  -789.761632166286  783.0575238       -1.00856145067575   0.0339737638617176  57               0.100114891012132
T1153TS374_1o  2680.31191340397   706.40199542      3.79431532014623   0.990596191421118    41               0.980016199396845
T1153TS390_1o  2465.92562718062   585.108617        4.2144749804302    0.995309237358012    36               0.984796157826772
T1153TS390_3o  2433.13960041853   594.420137        4.09329941730848   0.994265473305335    40               0.969871702135212
T1153TS374_5o  2350.90736271942   589.0122251       3.99127091516699   0.993209732564229    40               0.978361768076715
T1153TS374_4o  2337.98000966553   635.64082922      3.67814637164589   0.988610148042287    41               0.959538949834461
T1153TS374_2o  2337.87519593757   668.658032774     3.4963689679142    0.984641596749551    42               0.971466526960896
T1153TS374_3o  2287.86578852135   627.2848429       3.6472518257325    0.988015525322126    44               0.914663430850957
T1153TS367_5o  2034.89033797487   657.368592703318  3.0955089132061    0.970474042251169    38               0.873058952223713
T1153TS367_1o  2034.16105990312   657.362157213318  3.09442981708334   0.970422464273055    38               0.863386146690653
T1153TS367_3o  2018.30920654342   649.741434083318  3.10632676426267   0.970986310713937    37               0.900420346619212
T1153TS367_4o  1991.21763114449   647.891794333318  3.07337992016623   0.96939869138587     37               0.903077714171022
T1153TS360_1o  1853.80141644762   640.571812733317  2.89397906619939   0.959169238477039    36               0.894517252151601
T1153TS367_2o  1846.26034460943   652.133748833318  2.83110688246457   0.954862105186472    36               0.893770835663033
T1153TS360_3o  1710.65960049693   630.787791933318  2.71194151563061   0.945485707640987    36               0.882869390542737
T1153TS390_2o  1708.5426524434    584.88596182      2.92115517207303   0.960906664903339    40               0.894175890590961
T1153TS360_5o  1654.2022597872    721.546101933318  2.29258013501135   0.896069933477875    40               0.818714102844503
T1153TS390_5o  1621.00044928615   618.311549633318  2.62165642910514   0.937189351019895    39               0.858414962213663
T1153TS360_2o  1510.41150193553   633.658119933318  2.38363788677478   0.909377942682403    36               0.850115097214203
T1153TS390_4o  1473.48913237405   656.330540841217  2.24504124169733   0.888456271871225    40               0.827581635387234
T1153TS360_4o  1319.16599950751   621.257319533318  2.12338101786625   0.866724378353363    36               0.817701040867072
T1153TS350_5o  673.518613245536   741.4243654       0.908411760762908  0.461912162405993    52               0.486755602733258
T1153TS398_2o  -685.255770095534  672.724229933318  -1.01862804936201  0.0334274131502835   38               0.105598205089893
T1153TS398_3o  -1350.48742103953  583.8717112       -2.31298656046197  0.00398333624505659  39               0.00645867698722441
T1153TS398_1o  -1725.47974040555  933.3965808       -1.84860302244376  0.0085973077090134   55               0.013446529832285
T1153TS444_3o  2819.06859057028   750.11278914      3.75819294296038     0.990018480118401    48               0.898175673951699
T1153TS439_5o  2623.62690700569   645.434203161     4.06490219166653     0.9939892109289      40               0.987188725551231
T1153TS444_1o  2590.73284685338   739.0329867       3.50557132560722     0.984871819081795    44               0.911519801534828
T1153TS446_4o  2495.07616715157   677.623946979     3.68209561996028     0.988684025219107    42               0.975593837623396
T1153TS446_5o  2493.52464585563   647.782528789     3.8493237082469      0.991412924065599    37               0.988257306663997
T1153TS446_3o  2395.63608121084   613.57823245      3.90436940965968     0.992159767671418    38               0.978860708942433
T1153TS446_1o  2358.48261547759   664.032083161     3.55176003582609     0.985976988994624    40               0.976445488152067
T1153TS399_4o  2319.72520031801   565.1516300059    4.10460675888663     0.994371929235584    36               0.985289615953702
T1153TS446_2o  2244.34693559893   658.462518        3.40846574291861     0.982261315724035    43               0.97136149126457
T1153TS439_2o  2213.05335001373   656.493275        3.37102211749805     0.981140585568309    41               0.948867223947736
T1153TS439_1o  2189.39070751218   651.379262        3.36116120858662     0.980834062538151    41               0.954546409107827
T1153TS439_3o  2180.72583175819   678.158119        3.21565984489554     0.975702076780988    44               0.929166092346741
T1153TS439_4o  2137.93996108932   686.960892229     3.11217128263633     0.971259473929868    41               0.944965229729592
T1153TS399_2o  1984.09120571807   603.2754038       3.28886474273671     0.978432717814717    40               0.918577290979756
T1153TS399_1o  1517.07803001762   690.61883794      2.19669367048083     0.880217290500494    48               0.662007219173234
T1153TS399_5o  1360.85269176105   675.786535933318  2.01373158445899     0.844165318724969    38               0.81304572463253
T1153TS399_3o  636.969195401772   727.92662759      0.875045878608167    0.448123142961999    55               0.542999817448578
T1153TS444_4o  615.374303544722   1886.5184271      0.326195755474644    0.245453928269472    107              0.343736151864685
T1153TS447_1o  237.255784460225   1753.647600874    0.135292737458757    0.191362875503128    92               0.371280527036418
T1153TS447_2o  -50.7224577349958  62.4966899999999  -0.811602306218072   0.0465598897541928   4                0.050271427082325
T1153TS444_2o  -119.110776639532  1485.5536020414   -0.0801793866447187  0.141814674434201    77               0.329202957488707
T1153TS398_5o  -719.672622407623  743.3112081       -0.968198265497973   0.0362521696219408   39               0.0482689831827188
T1153TS444_5o  -1378.58949828362  1282.817109128    -1.07465786702885    0.0305381882015996   76               0.124039266160781
T1153TS398_4o  -1642.82130176256  927.6803493       -1.77089156087243    0.00977453039049669  50               0.0161135310275236
T1153TS462_3o  2841.64118843411   716.06126398      3.96843305367441   0.992948149785492  46               0.972473586747823
T1153TS462_2o  2767.50728274905   667.28862         4.14739169798677   0.994757251367771  40               0.990260991940674
T1153TS462_1o  2539.16621484681   710.462647        3.57396159469987   0.98647950665066   44               0.967613160142298
T1153TS462_4o  2507.6655483155    664.84771403      3.77178938183481   0.990239942322182  42               0.981330688247235
T1153TS461_4o  2495.07616715157   677.623946979     3.68209561996028   0.988684025219107  42               0.975593837623396
T1153TS461_5o  2493.52464585563   647.782528789     3.8493237082469    0.991412924065599  37               0.988257306663997
T1153TS493_1o  2439.05515054724   590.766595        4.12862739902759   0.994591600528464  37               0.991462788473705
T1153TS481_5o  2433.47976189723   631.4522033       3.85378299288488   0.991475965860399  37               0.984548091919505
T1153TS461_3o  2395.63608121084   613.57823245      3.90436940965968   0.992159767671418  38               0.978860708942433
T1153TS461_1o  2358.48261547759   664.032083161     3.55176003582609   0.985976988994624  40               0.976445488152067
T1153TS462_5o  2274.72053601935   688.9408178       3.3017647920517    0.978881778946484  44               0.967370400073817
T1153TS493_2o  2256.84149859793   506.0760608       4.45949072364802   0.996876951927385  35               0.995557045366299
T1153TS461_2o  2244.34693559893   658.462518        3.40846574291861   0.982261315724035  43               0.97136149126457
T1153TS493_3o  2193.023185462     604.730207        3.62644888592773   0.987597961141939  39               0.976482226369037
T1153TS481_2o  2190.32016303081   604.861393        3.621193530252     0.987490220360932  40               0.953648261574123
T1153TS481_3o  2086.26278987239   631.711362933318  3.30255700987384   0.9789090565589    38               0.914170927938366
T1153TS477_1o  1992.46723298457   680.24987         2.92902258545756   0.961396265199823  40               0.901538513424716
T1153TS481_4o  1839.1366136361    661.958813708718  2.77832483766185   0.950915165214337  40               0.89327871583206
T1153TS481_1o  1739.22598013717   569.5617602       3.05362140099863   0.968406555104808  38               0.919170888797378
T1153TS493_4o  939.735667553646   638.559074        1.47165032307355   0.686989844019193  46               0.577429030067762
T1153TS447_3o  172.473768321667   1161.01539981     0.148554246868639  0.194806438477165  75               0.318185486979256
T1153TS447_5o  172.473768321667   1161.01539981     0.148554246868639  0.194806438477165  75               0.318185486979256
T1153TS447_4o  170.265199577482   759.20504421      0.224267740152666  0.215364540134782  47               0.349279911493739
T1153TS493_5o  -890.121022746586  1423.09752378     -0.6254813938417   0.062436429298601  81               0.151243447404331
T1160TS035_4o  9327.7941719003   2181.81134091    4.27525240015015   0.995759201983269  87               0.991158833110511
T1160TS035_5o  9315.23272096477  2260.8861822     4.12016880562311   0.994515235948905  84               0.985379252953229
T1160TS003_3o  9289.18263454308  2264.25969626    4.10252527565037   0.994352481228233  90               0.984369998514543
T1160TS003_4o  9211.78244706998  2285.30113221    4.03088342154792   0.993640794814729  83               0.986899932976903
T1160TS035_1o  9094.08115499002  2260.2640137     4.02345969314586   0.9935621340433    86               0.984743320344044
T1160TS035_2o  9057.88330705696  2254.473904      4.01773703877699   0.993500838460599  84               0.979431322141527
T1160TS035_3o  8931.79601064912  2185.816081056   4.08625231009099   0.994198116253094  82               0.978866202971094
T1153TS494_3o  8715.74001694756  3871.6010936203  2.25119783939247   0.88946910828893   176              0.718925858743126
T1160TS003_1o  8710.36921455242  2223.63377082    3.9171779673684    0.992324092853396  89               0.971032248918454
T1160TS037_1o  8606.32213284362  2253.84308343    3.81850990253773   0.990964491545752  91               0.975066729551086
T1160TS003_2o  8594.52639152302  2225.758436      3.86139225735951   0.991582481770007  88               0.967802111077091
T1160TS037_2o  8524.97169747773  2072.8981504     4.11258589614386   0.994445866067163  77               0.942606532979831
T1160TS003_5o  8342.68055359722  2211.4733965     3.77245349946366   0.990250634125021  84               0.984221940836834
T1160TS052_1o  6314.0954981485   2435.845462852   2.59215766945891   0.934232289530699  88               0.854452704456943
T1160TS037_4o  5615.99817592575  2054.8166281     2.73308970694802   0.947274157397255  81               0.789007456845487
T1160TS052_2o  4953.64731482244  2492.558233942   1.98737475713384   0.838298824773092  89               0.736021140106073
T1160TS037_5o  4923.87170023285  2488.697497329   1.97849345109938   0.836282270719462  83               0.681177668686005
T1160TS037_3o  4193.45494127064  1926.30567552    2.17694159061159   0.876702688270137  81               0.696320541899597
T1160TS052_3o  4049.34500982296  2626.448469886   1.54175688434455   0.711550864528169  90               0.638994327044157
T1153TS494_1o  2704.93063603723  632.66158142     4.27547794188175   0.995760789055326  39               0.991910517237524
T1153TS494_2o  2581.39440369794  664.006173432    3.88760602985914   0.991939421549448  43               0.981294433772556
T1153TS494_4o  2410.7372358453   1296.6693744     1.85917650516023   0.8072066538056    78               0.664967772330221
T1160TS052_4o  2337.35745192615  2106.846681929   1.10941032015965   0.545461729777014  86               0.520632117190306
T1153TS494_5o  1398.35655307453  1305.13717802    1.07142496330995   0.52972530679498   79               0.530639157300663
T1160TS074_1o  9663.77752647739  2227.1226745997  4.33913121926      0.996185860249022  88               0.991280227363674
T1160TS073_1o  9567.13195421684  2200.66204781    4.34738807975428   0.99623779265942   84               0.992219197442966
T1160TS073_2o  9560.29204158908  2186.31661843    4.37278478377681   0.996393153161131  85               0.992624574919263
T1160TS074_3o  9427.24614894939  2281.046398941   4.13286031942449   0.994629417597665  82               0.992568380659247
T1160TS074_2o  9396.38926842183  2203.0555829     4.26516214177985   0.995687591167135  87               0.989522170826596
T1160TS073_3o  9386.07757053062  2264.79920878    4.14433100035685   0.99473058021076   82               0.991467290798858
T1160TS054_4o  9296.01955867435  2310.838571293   4.02279054632227   0.993554996541893  90               0.989315899943519
T1160TS073_5o  9264.56016519519  2210.78277281    4.19062437030823   0.995119947411163  84               0.991359367097179
T1160TS074_4o  9022.82372100265  2205.608539162   4.09085454685027   0.994242193491683  83               0.987216535608769
T1160TS073_4o  9012.1173715121   2184.9412168     4.12464980852482   0.994555823268293  83               0.985228507854721
T1160TS074_5o  8961.72573065725  2212.8433147     4.04986908522812   0.993837646797023  84               0.99027767538964
T1160TS054_1o  8868.59565781162  2258.52636322    3.92671779361813   0.992444257592145  91               0.97660968180559
T1160TS086_1o  8710.36921455242  2223.63377082    3.9171779673684    0.992324092853396  89               0.971032248918454
T1160TS086_2o  8705.88919472547  2231.5309238     3.90130788772602   0.992119976408411  89               0.96945620350461
T1160TS054_5o  8644.47718299491  2206.0974355     3.91844759161133   0.992340193927166  90               0.959457414413147
T1160TS086_3o  8594.52639152302  2225.758436      3.86139225735951   0.991582481770007  88               0.967802111077091
T1160TS054_2o  8579.81191791184  2229.8059568     3.84778410504596   0.991391051225762  90               0.977519766562764
T1160TS054_3o  8412.62741376652  2234.38353       3.76507761573346   0.990131234188095  90               0.955840577746791
T1160TS071_1o  7804.37197558515  2229.08914582    3.50114843554819   0.9847615955336    92               0.949151638538313
T1160TS071_2o  7712.23454201289  2250.6586319684  3.42665672726559   0.982781930647788  92               0.915511109122999
T1160TS071_4o  7135.46267898125  2227.903466264   3.20277013211295   0.975187532708483  90               0.884923330073507
T1160TS071_3o  7109.40244905323  2263.296733052   3.14117117089918   0.972578372075669  92               0.897968591845632
T1160TS071_5o  6076.70729517926  2130.779362533   2.8518707295698    0.95633039848658   82               0.851056925020372
T1160TS052_5o  1781.42829699399  2710.09906039    0.657329587331628  0.36097904113925   90               0.399373843589269
T1160TS091_3o  9503.86427145611  2295.4278985    4.1403453698836    0.994695646715425  86               0.987091114609993
T1160TS119_4o  9331.8807810224   2255.493033     4.13740173189992   0.99466969833533   84               0.979490082617067
T1160TS125_4o  9296.01955867435  2310.838571293  4.02279054632227   0.993554996541893  90               0.989315899943519
T1160TS091_2o  9139.21740557302  2346.2369426    3.89526617692982   0.992040862258845  83               0.967202538037269
T1160TS119_1o  9082.41596803703  2241.002524     4.05283611721494   0.993867858335969  84               0.981319447571929
T1160TS131_1o  9082.41596803703  2241.002524     4.05283611721494   0.993867858335969  84               0.981319447571929
T1160TS119_3o  9005.77016865569  2243.203076     4.01469232322669   0.99346799045012   84               0.979444111121707
T1160TS119_2o  8991.41488229658  2234.09169      4.02464004612836   0.993574705221825  84               0.981220821898378
T1160TS131_2o  8991.41488229658  2234.09169      4.02464004612836   0.993574705221825  84               0.981220821898378
T1160TS098_3o  8945.72705264413  2271.923422     3.93751257899754   0.992577979829905  84               0.979773586158627
T1160TS098_5o  8892.78864183253  2217.9902394    4.00939034079707   0.993410395711765  88               0.978608549921822
T1160TS125_1o  8868.59565781162  2258.52636322   3.92671779361813   0.992444257592145  91               0.97660968180559
T1160TS086_4o  8850.69370180211  2249.77096      3.93404211324788   0.992535247045688  89               0.974140516983369
T1160TS098_4o  8808.0176324703   2221.4210818    3.96503738288701   0.992908410860861  89               0.97389879560131
T1160TS086_5o  8775.15695248702  2215.34905209   3.96107193320546   0.992861722410283  88               0.972960064799913
T1160TS091_5o  8694.95372783094  2289.85286478   3.79716699774346   0.990640362430593  86               0.965268881190482
T1160TS125_5o  8644.47718299491  2206.0974355    3.91844759161133   0.992340193927166  90               0.959457414413147
T1160TS098_2o  8586.04256203207  2230.99055592   3.84853380004176   0.991401708885558  90               0.963514824136595
T1160TS125_2o  8579.81191791184  2229.8059568    3.84778410504596   0.991391051225762  90               0.977519766562764
T1160TS119_5o  8571.85687281436  2234.05655689   3.83690235879575   0.991234873811529  90               0.951210227469881
T1160TS098_1o  8522.60465151028  2243.3421798    3.79906584392315   0.990669660526444  90               0.959125535002504
T1160TS125_3o  8412.62741376652  2234.38353      3.76507761573346   0.990131234188095  90               0.955840577746791
T1160TS091_1o  7572.78592447942  2335.900431     3.24191297881542   0.97671809526874   85               0.920167887221832
T1160TS091_4o  7331.15766162039  2283.2672381    3.21081892618095   0.975510063789291  85               0.910188093306807
T1160TS147_5o  11108.6395754022   2498.957520837   4.44530948716628   0.996802497058225    90               0.995853976570631
T1160TS147_1o  10842.2175002951   2422.31044407    4.47598181597146   0.996961363212912    90               0.994784435480789
T1160TS147_3o  10464.7849279263   2453.6061531927  4.2650630437608    0.995686881928639    88               0.991253223504719
T1160TS147_2o  9936.76276765411   2301.530419585   4.31745880180278   0.996046127153998    87               0.978623800640187
T1160TS147_4o  9301.32350460667   2348.228082066   3.96099662364282   0.99286083278331     88               0.977138055574208
T1160TS150_3o  9112.52100882579   2225.911013      4.09383886220334   0.994270597230702    82               0.987817182023385
T1160TS158_5o  9048.36341818458   2209.51973144    4.09517203645316   0.994283240888604    89               0.984666328280965
T1160TS131_4o  9005.77016865569   2243.203076      4.01469232322669   0.99346799045012     84               0.979444111121707
T1160TS131_5o  8916.93279833757   2270.66006358    3.9270223409306    0.992448062798717    91               0.969896689123031
T1160TS169_1o  8892.78864183253   2217.9902394     4.00939034079707   0.993410395711765    88               0.978608549921822
T1160TS150_5o  8883.53830197571   2198.975139      4.03985390485841   0.993734571601547    84               0.984493149577357
T1160TS150_4o  8862.25994660968   2179.60943028    4.0659853198888    0.993999986853657    84               0.985673027258515
T1160TS150_2o  8859.60914148793   2253.6034020376  3.93130802583875   0.99250140959849     84               0.980034817817107
T1160TS158_2o  8850.69370180211   2249.77096       3.93404211324788   0.992535247045688    89               0.974140516983369
T1160TS158_1o  8710.36921455242   2223.63377082    3.9171779673684    0.992324092853396    89               0.971032248918454
T1160TS158_4o  8705.88919472547   2231.5309238     3.90130788772602   0.992119976408411    89               0.96945620350461
T1160TS158_3o  8594.52639152302   2225.758436      3.86139225735951   0.991582481770007    88               0.967802111077091
T1160TS131_3o  8571.85687281436   2234.05655689    3.83690235879575   0.991234873811529    90               0.951210227469881
T1160TS150_1o  8224.03345249036   2239.8848041     3.67163232566098   0.988487249037734    90               0.953720674893573
T1160TS165_1o  4681.75704117171   2258.001608486   2.07340731006425   0.85680612462028     87               0.787834619628879
T1160TS165_2o  4309.68576759709   2195.448950359   1.96300887200879   0.832718104236589    82               0.769079561148778
T1160TS165_3o  4271.8956505251    2276.6825157     1.87636862894414   0.811626624860889    83               0.712869401660631
T1160TS165_4o  1394.99093705991   2208.87923689    0.631537892050629  0.351123700303389    88               0.422695442776131
T1160TS165_5o  -2201.55802099845  1035.49502       -2.12609233118132  0.00543117454230407  56               0.0204485503218392
T1160TS187_3o  9448.27768709821  2196.938532       4.30065636770315   0.995934294268457  84               0.990155766033854
T1160TS187_5o  9216.76323783953  2238.68233536     4.11704827087823   0.994486793656926  84               0.982437668618266
T1160TS187_4o  9215.25715795227  2248.585609536    4.09824607916701   0.994312289092804  83               0.992271931111035
T1160TS180_2o  8974.03108265466  2244.4560911      3.99830993274478   0.99328839692649   88               0.978106145441066
T1160TS180_3o  8949.12618379899  2235.9966912      4.00229849132569   0.993332568508723  88               0.986168512819885
T1160TS169_2o  8945.72705264413  2271.923422       3.93751257899754   0.992577979829905  84               0.979773586158627
T1160TS188_3o  8945.72705264413  2271.923422       3.93751257899754   0.992577979829905  84               0.979773586158627
T1160TS188_5o  8892.78864183253  2217.9902394      4.00939034079707   0.993410395711765  88               0.978608549921822
T1160TS169_4o  8808.0176324703   2221.4210818      3.96503738288701   0.992908410860861  89               0.97389879560131
T1160TS188_4o  8808.0176324703   2221.4210818      3.96503738288701   0.992908410860861  89               0.97389879560131
T1160TS180_4o  8795.11275786098  2265.90974169     3.88149298096104   0.991857549361561  90               0.973832587236209
T1160TS187_1o  8703.12107449259  2147.64072418332  4.05241015244862   0.993863530054133  85               0.97757264020877
T1160TS180_5o  8655.06270182547  2254.9034596      3.83832960341495   0.991255516892669  90               0.973985351036158
T1160TS185_2o  8644.37306276425  2142.896994065    4.03396574203326   0.993673173401868  80               0.983478851943953
T1160TS188_2o  8586.04256203207  2230.99055592     3.84853380004176   0.991401708885558  90               0.963514824136595
T1160TS169_5o  8586.04256203207  2230.99055592     3.84853380004176   0.991401708885558  90               0.963514824136595
T1160TS180_1o  8573.3064838132   2235.75170216     3.83464159974937   0.991202076227323  88               0.973736997595273
T1160TS169_3o  8522.60465151028  2243.3421798      3.79906584392315   0.990669660526444  90               0.959125535002504
T1160TS188_1o  8522.60465151028  2243.3421798      3.79906584392315   0.990669660526444  90               0.959125535002504
T1160TS185_1o  8292.45623522939  2105.42582075     3.9386123954134    0.992591471435625  80               0.985644665663813
T1160TS187_2o  8239.03060896309  2141.6181033      3.84710541821982   0.9913813917245    85               0.971531222468141
T1160TS185_3o  8192.72896333753  2107.71024901     3.88702809942006   0.991931716392643  80               0.984622319495184
T1160TS185_4o  8021.34712222681  2102.2239311      3.81564827778818   0.990921687045497  80               0.979813870739119
T1160TS185_5o  3747.79502566799  1812.341947207    2.06792930630101   0.855682316567178  71               0.692979904853388
T1160TS205_2o  10593.3039483046  2397.0867532    4.41924095327922   0.996660985327512  84               0.990648892778762
T1160TS205_4o  10198.7670579948  2343.4614577    4.35200972667347   0.996266552881397  82               0.99316321184188
T1160TS278_3o  10110.7004052455  2244.260124673  4.50513748120829   0.997105071681584  76               0.996367464327813
T1160TS278_4o  10032.6511297713  2304.733341     4.35306373683051   0.996273081187998  84               0.991725845173287
T1160TS205_1o  9766.12916751085  2287.3587122    4.26960979728348   0.995719303491767  90               0.988783745332562
T1160TS205_5o  9383.31382763203  2210.344094449  4.24518239092141   0.995542222969006  84               0.990804979954529
T1160TS248_4o  9327.7941719003   2181.81134091   4.27525240015015   0.995759201983269  87               0.991158833110511
T1160TS248_5o  9315.23272096477  2260.8861822    4.12016880562311   0.994515235948905  84               0.985379252953229
T1160TS205_3o  9257.19965510052  2270.94937116   4.07635668705901   0.994102203088893  88               0.988096988109399
T1160TS248_1o  9094.08115499002  2260.2640137    4.02345969314586   0.9935621340433    86               0.984743320344044
T1160TS248_2o  9057.88330705696  2254.473904     4.01773703877699   0.993500838460599  84               0.979431322141527
T1160TS278_1o  9023.59547233141  2279.069645115  3.95933291976081   0.992841151457215  90               0.984308206982341
T1160TS248_3o  8931.79601064912  2185.816081056  4.08625231009099   0.994198116253094  82               0.978866202971094
T1160TS229_3o  8682.04664328806  2198.5153131    3.94904988450865   0.992718304006717  90               0.979936072021346
T1160TS239_3o  8682.04664328806  2198.5153131    3.94904988450865   0.992718304006717  90               0.979936072021346
T1160TS239_2o  8584.17152687751  2129.2022043    4.0316375351958    0.99364873166846   84               0.98862509639268
T1160TS229_2o  8584.17152687751  2129.2022043    4.0316375351958    0.99364873166846   84               0.98862509639268
T1160TS239_1o  8125.88211657397  2105.3359565    3.85966054086816   0.991558357467411  90               0.965977648993794
T1160TS229_1o  8125.88211657397  2105.3359565    3.85966054086816   0.991558357467411  90               0.965977648993794
T1160TS278_2o  8123.54025831944  2085.6953762    3.89488338087032   0.992035823215085  86               0.984471749127064
T1160TS229_4o  8057.32591488294  2088.839078205  3.85732247110526   0.991525677351465  84               0.97289894326326
T1160TS239_4o  8057.32591488294  2088.839078205  3.85732247110526   0.991525677351465  84               0.97289894326326
T1160TS229_5o  7879.22768625754  2129.64337528   3.69978738117202   0.989009206093683  90               0.967528084615575
T1160TS239_5o  7879.22768625754  2129.64337528   3.69978738117202   0.989009206093683  90               0.967528084615575
T1160TS298_4o  9944.08970710363   2265.7924409     4.38879110354597    0.996487768142719   88               0.993763149253073
T1160TS288_1o  9663.77752647739   2227.1226745997  4.33913121926       0.996185860249022   88               0.991280227363674
T1160TS298_2o  9632.04797370786   2264.5054849     4.25348847151642    0.995603239418207   88               0.993164284440476
T1160TS288_3o  9427.24614894939   2281.046398941   4.13286031942449    0.994629417597665   82               0.992568380659247
T1160TS288_2o  9396.38926842183   2203.0555829     4.26516214177985    0.995687591167135   87               0.989522170826596
T1160TS298_1o  9172.38998207356   2248.517828      4.07930498386671    0.994130943089303   84               0.987597092217876
T1160TS298_3o  9075.68049002816   2165.049073      4.19190521046825    0.995130303235387   82               0.985663751512644
T1160TS288_4o  9022.82372100265   2205.608539162   4.09085454685027    0.994242193491683   83               0.987216535608769
T1160TS291_1o  8972.46301921751   2343.77143704    3.8282158735363     0.991108190440538   86               0.98808818301402
T1160TS288_5o  8961.72573065725   2212.8433147     4.04986908522812    0.993837646797023   84               0.99027767538964
T1160TS298_5o  8945.97378663886   2191.8763484     4.08142265560242    0.994151500201076   84               0.973408300311969
T1160TS291_2o  8788.5695237262    2331.21659631    3.76994979258354    0.990210265638943   86               0.987520453738283
T1160TS278_5o  8737.66551302062   2229.5669757926  3.91899665176662    0.992347146593404   81               0.974616783455213
T1160TS314_2o  8635.74264162883   2231.00423169    3.87078720827311    0.991712174987969   90               0.966120880322394
T1160TS291_3o  8608.31963907493   2342.644823521   3.67461578154925    0.988543699051469   86               0.977013786023953
T1160TS314_1o  8559.46678512389   2243.3042546     3.81556214123532    0.990920395495185   90               0.958848017452286
T1160TS314_3o  8034.79088588947   2218.7350272     3.62133863998587    0.98749320764523    85               0.976166445777098
T1160TS291_4o  7867.14437987674   2217.10727675    3.54838237300316    0.985898941007188   82               0.969675511627611
T1160TS291_5o  4332.42526446288   2098.64117157    2.06439543984634    0.85495346266327    78               0.716601810013288
T1160TS312_3o  1697.16616972098   1043.08995396    1.62705638500096    0.739831695456891   50               0.658624901875904
T1160TS312_1o  266.123593507242   1025.828037      0.259423201461243   0.225430643088259   51               0.338988525631398
T1160TS312_2o  258.322840618061   582.137244       0.443749035610684   0.283516490901691   35               0.369396720085928
T1160TS312_4o  -458.644850840971  283.96676454     -1.61513567119002   0.0126351195861535  12               0.0153349609691947
T1160TS312_5o  -756.407293717405  940.5890074      -0.804184705292575  0.0471117808657944  46               0.0982535227192063
T1160TS360_2o  9632.04797370786  2264.5054849    4.25348847151642   0.995603239418207  88               0.993164284440476
T1160TS360_1o  9588.91935251768  2256.085817     4.25024583739834   0.995579518606533  88               0.993021710476858
T1160TS348_5o  9151.02438703751  2252.8615846    4.06195589182737   0.993959801083735  90               0.987101398667334
T1160TS348_4o  9079.19569539967  2220.71740489   4.08840660023079   0.994218790252638  86               0.98341273466547
T1160TS350_1o  8972.46301921751  2343.77143704   3.8282158735363    0.991108190440538  86               0.98808818301402
T1160TS320_3o  8881.09135813782  2271.908497     3.90908849096039   0.99222071247152   84               0.979079340211554
T1160TS348_3o  8881.09135813782  2271.908497     3.90908849096039   0.99222071247152   84               0.979079340211554
T1160TS320_5o  8879.62362568387  2217.9815245    4.00347051028101   0.99334549314036   88               0.977855517236904
T1160TS348_2o  8808.96729362231  2134.27241013   4.1273865753087    0.994580464850342  84               0.986700787895828
T1160TS350_2o  8788.5695237262   2331.21659631   3.76994979258354   0.990210265638943  86               0.987520453738283
T1160TS320_4o  8788.2745281144   2221.4569405    3.95608592176284   0.992802584755256  89               0.973490281501511
T1160TS320_2o  8635.74264162883  2231.00423169   3.87078720827311   0.991712174987969  90               0.966120880322394
T1160TS350_3o  8608.31963907493  2342.644823521  3.67461578154925   0.988543699051469  86               0.977013786023953
T1160TS320_1o  8559.46678512389  2243.3042546    3.81556214123532   0.990920395495185  90               0.958848017452286
T1160TS348_1o  8548.99260441147  2118.6734038    4.03506863732664   0.993684719054474  84               0.98380935587554
T1160TS350_4o  7867.14437987674  2217.10727675   3.54838237300316   0.985898941007188  82               0.969675511627611
T1160TS315_1o  6314.0954981485   2435.845462852  2.59215766945891   0.934232289530699  88               0.854452704456943
T1160TS315_2o  4953.64731482244  2492.558233942  1.98737475713384   0.838298824773092  89               0.736021140106073
T1160TS350_5o  4332.42526446288  2098.64117157   2.06439543984634   0.85495346266327   78               0.716601810013288
T1160TS315_3o  4049.34500982296  2626.448469886  1.54175688434455   0.711550864528169  90               0.638994327044157
T1160TS315_4o  2337.35745192615  2106.846681929  1.10941032015965   0.545461729777014  86               0.520632117190306
T1160TS314_4o  2221.69850834025  1042.03940052   2.13206766196324   0.868387887693524  58               0.711405936833641
T1160TS315_5o  1781.42829699399  2710.09906039   0.657329587331628  0.36097904113925   90               0.399373843589269
T1160TS314_5o  1196.04075561738  1031.46991184   1.15954982485511   0.566090107567008  59               0.561695104415022
T1160TS374_5o  10325.6279790887  2380.83163738     4.33698368963695   0.996172236507451  86               0.9905651657578
T1160TS374_4o  10222.3943008699  2352.143388748    4.3459911286748    0.996229056158047  86               0.990163988859254
T1160TS360_3o  9698.95133373585  2291.2377372      4.23306197181809   0.995451670808012  88               0.992450766826885
T1160TS360_4o  9419.40048539026  2269.1654457      4.15104174234617   0.994788882630211  88               0.991838829413446
T1160TS367_4o  9412.30091574269  2220.960936184    4.23794077707403   0.995488338687677  88               0.987969414370996
T1160TS374_2o  9324.87303920007  2222.26501955     4.19611205556766   0.995164162716544  84               0.991687614692817
T1160TS360_5o  9323.0232415956   2276.0002914      4.09623112827498   0.9942932654069    88               0.987683276747383
T1160TS367_5o  9211.78244706998  2285.30113221     4.03088342154792   0.993640794814729  83               0.986899932976903
T1160TS367_1o  9170.76578632421  2235.86336799     4.10166646031173   0.99434443756413   88               0.985954068308114
T1160TS367_2o  9048.36341818458  2209.51973144     4.09517203645316   0.994283240888604  89               0.984666328280965
T1160TS367_3o  8884.68856221647  2242.3830272      3.96216366893863   0.992874606657775  88               0.979020719509563
T1160TS390_3o  8881.09135813782  2271.908497       3.90908849096039   0.99222071247152   84               0.979079340211554
T1160TS390_5o  8879.62362568387  2217.9815245      4.00347051028101   0.99334549314036   88               0.977855517236904
T1160TS399_1o  8868.59565781162  2258.52636322     3.92671779361813   0.992444257592145  91               0.97660968180559
T1160TS390_4o  8788.2745281144   2221.4569405      3.95608592176284   0.992802584755256  89               0.973490281501511
T1160TS390_2o  8635.74264162883  2231.00423169     3.87078720827311   0.991712174987969  90               0.966120880322394
T1160TS390_1o  8559.46678512389  2243.3042546      3.81556214123532   0.990920395495185  90               0.958848017452286
T1160TS374_1o  8140.58126859359  2157.43840566     3.77326242419571   0.990263641550287  88               0.969032635429298
T1160TS374_3o  8111.05712409726  2229.36446753332  3.63828222895817   0.987837215073967  90               0.925058422681497
T1160TS398_1o  6813.70835050747  2214.9188239762   3.07627903864918   0.969541703360752  87               0.949951874274906
T1160TS398_2o  6674.11827688194  2275.59331552     2.93291346540839   0.961636219933331  90               0.90739620983402
T1160TS398_4o  5734.23269445427  2145.18163266     2.67307560681651   0.942048993469502  82               0.878947933877435
T1160TS398_5o  5413.20265644314  2100.08575124     2.57761029674474   0.932726806015799  83               0.87308318129905
T1160TS398_3o  5192.86321237426  2234.8319133      2.3236034806333    0.900787538852216  89               0.810628877859302
T1160TS444_1o  10735.8761284515  2400.612726333    4.47213997105266   0.99694190386093   86               0.993555103332017
T1160TS444_5o  9942.47578245909  2356.862332       4.21852207804689   0.99534062392      86               0.986435848073174
T1160TS444_2o  9616.11298431383  2301.2054151      4.17872864422056   0.995022715343238  90               0.990522652421488
T1160TS423_3o  9448.27768709821  2196.938532       4.30065636770315   0.995934294268457  84               0.990155766033854
T1160TS444_4o  9427.55833766687  2185.1002212      4.31447411253727   0.996026488030427  80               0.993971476921682
T1160TS444_3o  9385.8577977252   2326.9999417      4.03345854442451   0.993667856768728  84               0.990761876635803
T1160TS446_5o  9356.07679607263  2170.5863912      4.31039134586123   0.995999466161526  82               0.993813778802507
T1160TS399_4o  9296.01955867435  2310.838571293    4.02279054632227   0.993554996541893  90               0.989315899943519
T1160TS423_5o  9216.76323783953  2238.68233536     4.11704827087823   0.994486793656926  84               0.982437668618266
T1160TS423_4o  9215.25715795227  2248.585609536    4.09824607916701   0.994312289092804  83               0.992271931111035
T1160TS446_1o  9000.60003928607  2175.2203713      4.13778767339649   0.994673107615728  82               0.982493275298523
T1160TS446_4o  8906.24816907346  2163.2220738      4.11712152762402   0.994487463037985  86               0.983265016375326
T1160TS439_5o  8838.6471431959   2144.123604       4.12226567848366   0.994534265997015  86               0.992391674294276
T1160TS446_2o  8756.69744041506  2238.03407669     3.91267386480817   0.992266701527329  90               0.967029582972621
T1160TS423_1o  8703.12107449259  2147.64072418332  4.05241015244862   0.993863530054133  85               0.97757264020877
T1160TS439_3o  8682.04664328806  2198.5153131      3.94904988450865   0.992718304006717  90               0.979936072021346
T1160TS399_5o  8644.47718299491  2206.0974355      3.91844759161133   0.992340193927166  90               0.959457414413147
T1160TS439_1o  8584.17152687751  2129.2022043      4.0316375351958    0.99364873166846   84               0.98862509639268
T1160TS399_2o  8579.81191791184  2229.8059568      3.84778410504596   0.991391051225762  90               0.977519766562764
T1160TS439_4o  8429.31611625666  2058.8669539      4.0941529030273    0.994273578055563  86               0.9877443826909
T1160TS399_3o  8412.62741376652  2234.38353        3.76507761573346   0.990131234188095  90               0.955840577746791
T1160TS423_2o  8239.03060896309  2141.6181033      3.84710541821982   0.9913813917245    85               0.971531222468141
T1160TS439_2o  8184.95176702883  2192.5321044      3.73310463760287   0.989596699723278  88               0.963951650474886
T1160TS446_3o  7960.64698464137  2145.4809289      3.71042542369409   0.989200270335229  90               0.953188830864293
T1160TS447_5o  9824.69465907272  2376.322672003   4.13441102709823   0.99464320575694   87               0.991983802103743
T1160TS494_1o  9573.68695370467  2279.59341932    4.19973442306238   0.995193130147961  86               0.990687399376957
T1160TS447_3o  9359.00373932093  2374.7833257636  3.94099269511739   0.992620587619677  82               0.985979099154288
T1160TS447_4o  9359.00373932093  2374.7833257636  3.94099269511739   0.992620587619677  82               0.985979099154288
T1160TS461_5o  9356.07679607263  2170.5863912     4.31039134586123   0.995999466161526  82               0.993813778802507
T1160TS462_2o  9286.22001796974  2218.24048196    4.18629994966307   0.995084821525319  86               0.991218488096276
T1160TS494_3o  9109.08931859768  2227.069596548   4.09016823395054   0.994235641615009  81               0.989520387216387
T1160TS462_5o  9091.66216172535  2184.6194512     4.16166859483529   0.994879897971685  86               0.992292438049577
T1160TS494_2o  9052.19962981977  2182.8774102     4.14691158904356   0.994753076558485  78               0.989756098176308
T1160TS477_1o  9034.89273586543  2174.8815432     4.15419992142284   0.994816098152869  84               0.990041400097731
T1160TS461_1o  9000.60003928607  2175.2203713     4.13778767339649   0.994673107615728  82               0.982493275298523
T1160TS461_4o  8906.24816907346  2163.2220738     4.11712152762402   0.994487463037985  86               0.983265016375326
T1160TS462_1o  8875.26774124482  2168.1893879     4.09340059995449   0.994266434737218  86               0.990720206426894
T1160TS462_3o  8767.13409294676  2167.1936653     4.04538562165516   0.993791713461543  84               0.990900505508879
T1160TS461_2o  8756.69744041506  2238.03407669    3.91267386480817   0.992266701527329  90               0.967029582972621
T1160TS462_4o  8419.29739267664  2133.0483166     3.94707298805903   0.99269444807041   86               0.988820904978414
T1160TS461_3o  7960.64698464137  2145.4809289     3.71042542369409   0.989200270335229  90               0.953188830864293
T1160TS447_2o  7790.69446567365  2333.5242907012  3.33859582980069   0.980114132368888  82               0.953175014697371
T1160TS493_5o  6951.19056916746  2178.568983659   3.190714005986     0.974696662667687  85               0.929953584355359
T1160TS493_3o  4874.80700704917  2254.6093898     2.16215147027379   0.874013285686987  87               0.783264386058032
T1160TS493_1o  4168.59666184047  1954.306601868   2.13303104940441   0.868571289008028  76               0.79888509074932
T1160TS447_1o  3519.57262102502  2085.8287241     1.68737374280031   0.758710514708366  80               0.643176801075129
T1160TS493_4o  3021.71757015715  1995.8520704     1.5139987652249    0.701963324799051  78               0.635855588705765
T1160TS493_2o  2015.7860005399   2199.5881259     0.916437935268044  0.465238641288218  82               0.519626705861926
T1161TS054_1o  10414.9282370908  2300.62192754     4.52700555115862    0.997208393647972  82               0.983324174241226
T1161TS037_2o  10252.9181767718  2310.1985744      4.43811120411354    0.996764030021706  84               0.979875321423579
T1161TS003_1o  9999.19044449978  2298.40200891     4.3504967389242     0.996257161849721  90               0.958473577706996
T1161TS037_5o  9784.60858932959  2357.4470009318   4.15051052492894    0.994784290934529  86               0.979320567705188
T1161TS054_2o  9738.98823754368  2309.175263971    4.21751799852382    0.995332856506859  88               0.984869219104067
T1161TS003_5o  9708.60053608136  2387.15003556     4.06702569652428    0.994010319366756  90               0.979943021678409
T1161TS003_3o  9642.61330909305  2245.6376678      4.29393105012337    0.995888654385645  90               0.97891308716492
T1161TS035_3o  9589.45769233064  2206.518450724    4.34596759849625    0.996228908827876  84               0.987785297147963
T1161TS035_5o  9288.08442516683  2451.008854639    3.78949443923361    0.990521048418461  90               0.95482128772988
T1160TS494_5o  9129.07509215909  2118.48831621     4.30924023621292    0.995991814498633  81               0.980464388342171
T1161TS037_1o  8889.86433015967  1962.8815781      4.52898658245331    0.99721756994417   74               0.990791456163603
T1161TS003_2o  8868.25139269724  2144.7156446      4.13493108749678    0.994647821999628  88               0.982605376349505
T1161TS035_4o  8777.15525946928  2407.61328564     3.64558349624496    0.987982556549216  90               0.953433960113333
T1161TS035_2o  8516.63835797555  2227.311145       3.82373085910974    0.991042072543714  86               0.966581118635251
T1161TS035_1o  8512.09871247556  2184.23953033332  3.89705368585496    0.992064350801542  87               0.963782362849307
T1161TS037_4o  8387.11705230921  2017.8660116      4.156429120712      0.994835223047214  76               0.911389847472082
T1161TS003_4o  8280.73119328077  2289.25222367     3.61722098930871    0.987408165935358  92               0.937361517500123
T1160TS494_4o  7881.22148646386  2073.2365589      3.80140966192754    0.990705699031087  78               0.975542424051063
T1161TS037_3o  7745.19902230904  1789.11274238     4.32907263966263    0.996121629973379  76               0.995296250936897
T1161TS052_5o  7597.8309127774   2400.6007535      3.16497064399401    0.973616647252007  88               0.939309307887823
T1161TS052_2o  5960.70003643523  2277.19954513     2.61755718737198    0.936785974746392  86               0.871351931423107
T1161TS052_1o  5841.45334799563  2278.08631269     2.56419316311942    0.931310002320659  86               0.864859537191066
T1161TS052_4o  472.172170266875  2525.6010580932   0.186954376168721   0.20504174036572   92               0.283927913542789
T1161TS052_3o  229.535946542927  2361.057489278    0.0972174322672329  0.181734858738781  90               0.254828092047305
T1161TS086_4o  10388.8534419462  2346.7396565      4.4269305345274    0.996703364816089  90               0.989308978463307
T1161TS073_3o  10299.7696945544  2402.11086885     4.28779946343      0.995846599249915  88               0.993732042413129
T1161TS073_5o  10234.346673774   2419.47800596     4.22998128049245   0.995428364458592  88               0.989228291437166
T1161TS086_3o  9797.04003513788  2397.2397557      4.08680025093156   0.994203381616957  90               0.981687370452091
T1161TS054_3o  9721.39192551665  2264.98379614     4.29203597044884   0.995875701951914  86               0.982380848055399
T1161TS086_1o  9708.60053608136  2387.15003556     4.06702569652428   0.994010319366756  90               0.979943021678409
T1161TS054_4o  9679.70306586239  2296.058645376    4.21579086638584   0.995319465501424  89               0.98523741775695
T1161TS073_1o  9627.2829353305   2305.92018035     4.17502870106685   0.994992081911813  84               0.99021777162206
T1161TS054_5o  9569.5465072696   2305.94757305     4.14994105638416   0.994779364136833  90               0.977866496604003
T1161TS074_1o  9293.30959021109  2261.6889379      4.10901315140181   0.994412880231689  82               0.973699586491658
T1161TS073_4o  9274.90191818269  2362.0074704      3.92670304154966   0.992444073222172  84               0.982866533948175
T1161TS074_5o  9200.79855211345  2251.0741289      4.08729256579812   0.994208108398686  82               0.977698677954935
T1161TS086_5o  8945.1950707764   2169.11636473332  4.12388897903879   0.994548953060905  89               0.982962493009545
T1161TS086_2o  8868.25139269724  2144.7156446      4.13493108749678   0.994647821999628  88               0.982605376349505
T1161TS071_5o  8843.90729175428  2385.9148743      3.70671535142216   0.989134011690093  88               0.942295051607738
T1161TS091_1o  8832.95216662356  2392.1283329      3.69250764900029   0.98887653614099   86               0.91227060739347
T1161TS073_2o  8828.60093321738  2285.50915074     3.86285958660847   0.991602869422796  83               0.976329357641341
T1161TS074_4o  8633.37723416656  2239.4792105      3.855082553876     0.991494251516824  84               0.930435370315022
T1161TS074_2o  8605.33006315545  2229.2958677139   3.86011125206994   0.991564642853847  85               0.983135562017565
T1161TS074_3o  8195.21067986859  2306.9913394      3.55233699403483   0.985990278175808  90               0.886602928655371
T1161TS071_3o  7849.55913970546  2318.60748527     3.38546269240194   0.981580807585088  90               0.931321306915067
T1161TS071_1o  7709.23900944523  2385.76849692     3.23134412219701   0.976314156570464  90               0.896912484506238
T1161TS071_2o  7558.46881357913  1982.61102263     3.81238111122401   0.990872570711322  76               0.919101160474318
T1161TS071_4o  7344.15457671909  2318.82042986     3.16719418293313   0.973711674767154  90               0.884049120563137
T1161TS125_1o  10414.9282370908  2300.62192754     4.52700555115862   0.997208393647972  82               0.983324174241226
T1161TS098_3o  10123.5672726841  2282.38367503     4.43552387069675   0.996750091117327  90               0.983279375396804
T1161TS098_5o  10059.081137974   2298.1009407069   4.37712763603839   0.996419072430493  90               0.984801140340633
T1161TS119_1o  9968.63297760793  2379.584136       4.1892332474383    0.995108675103964  87               0.961019761185549
T1161TS131_1o  9968.63297760793  2379.584136       4.1892332474383    0.995108675103964  87               0.961019761185549
T1161TS131_5o  9943.20007292174  2287.5781355      4.3466056606405    0.996232901914575  86               0.989552379937174
T1161TS131_2o  9866.65868781447  2458.25344506     4.01368650886754   0.99345710298997   88               0.97373611836354
T1161TS119_3o  9815.28276290092  2291.44543785     4.28344598600189   0.995816479960501  90               0.988674696203317
T1161TS131_3o  9815.28276290092  2291.44543785     4.28344598600189   0.995816479960501  90               0.988674696203317
T1161TS125_2o  9738.98823754368  2309.175263971    4.21751799852382   0.995332856506859  88               0.984869219104067
T1161TS125_3o  9721.39192551665  2264.98379614     4.29203597044884   0.995875701951914  86               0.982380848055399
T1161TS125_4o  9679.70306586239  2296.058645376    4.21579086638584   0.995319465501424  89               0.98523741775695
T1161TS119_4o  9584.57980124209  2284.7178302299   4.19508250621813   0.995155897935008  87               0.98837002884783
T1161TS125_5o  9569.5465072696   2305.94757305     4.14994105638416   0.994779364136833  90               0.977866496604003
T1161TS091_2o  9537.633025151    2388.920510053    3.99244469835432   0.993222913477628  88               0.954652831954826
T1161TS091_5o  9472.31263035301  2393.1896330608   3.95802844016096   0.992825682023677  86               0.95165344310937
T1161TS119_2o  9326.545413344    2279.1879583516   4.09204751155729   0.994253564497752  87               0.968411648559968
T1161TS131_4o  9326.545413344    2279.1879583516   4.09204751155729   0.994253564497752  87               0.968411648559968
T1161TS098_4o  9278.32870402417  2254.94973129     4.11464990783465   0.994464833995683  86               0.959897461104182
T1161TS091_3o  9204.07030603014  2281.193496962    4.03476089086162   0.993681499519966  86               0.949926161444664
T1161TS091_4o  8889.5705587839   2381.089393287    3.73340479523627   0.989601848702602  88               0.957371812461098
T1161TS098_1o  8862.08620514294  2303.96633136     3.84644779071566   0.991372021703949  90               0.959601066484253
T1161TS098_2o  8390.60715319026  2264.54539043532  3.70520599349847   0.989106940967968  90               0.963530676249912
T1161TS119_5o  6285.43074041846  1982.59023569     3.17031256750387   0.973844384511885  78               0.890257425239704
T1161TS147_2o  11269.8058405588  2496.981259059    4.51337221682067   0.997144419208906  89               0.97606336927034
T1161TS147_1o  10765.6485437237  2431.85578422     4.42692721072547   0.996703346613973  89               0.994733204137287
T1161TS147_3o  10738.1649686456  2474.306398076    4.33986873129195   0.996190527809802  90               0.97997076769407
T1161TS169_2o  10123.5672726841  2282.38367503     4.43552387069675   0.996750091117327  90               0.983279375396804
T1161TS147_5o  10115.1788697898  2454.1165178      4.121719077486     0.994529311688059  89               0.965674680815653
T1161TS169_1o  10059.081137974   2298.1009407069   4.37712763603839   0.996419072430493  90               0.984801140340633
T1161TS147_4o  10037.2307038617  2412.976052985    4.15968931454792   0.994863066794381  89               0.97195804257974
T1161TS150_4o  9327.45556939068  2400.1389109      3.8862148882429    0.991920862022857  88               0.959253676338004
T1161TS169_3o  9278.32870402417  2254.94973129     4.11464990783465   0.994464833995683  86               0.959897461104182
T1161TS158_5o  9115.7805572459   2157.85093351     4.22447186489291   0.995386387300665  90               0.983840792957291
T1161TS158_2o  8988.73480248468  2164.3735305      4.15304228952022   0.994806138745625  90               0.980972842968145
T1161TS150_2o  8984.62847224875  2345.5841127      3.83044394937794   0.991140856604144  88               0.947282521080567
T1161TS158_3o  8945.1950707764   2169.11636473332  4.12388897903879   0.994548953060905  89               0.982962493009545
T1161TS158_1o  8868.25139269724  2144.7156446      4.13493108749678   0.994647821999628  88               0.982605376349505
T1161TS150_5o  8868.05515059793  2294.129594973    3.86554236954617   0.991640018554461  84               0.949193907235117
T1161TS169_4o  8862.08620514294  2303.96633136     3.84644779071566   0.991372021703949  90               0.959601066484253
T1161TS158_4o  8280.73119328077  2289.25222367     3.61722098930871   0.987408165935358  92               0.937361517500123
T1161TS150_1o  8125.99777099192  2312.91859673332  3.51330902110813   0.985062766434743  90               0.940765451098833
T1161TS150_3o  8029.64085858593  2457.194089364    3.2678089587397    0.977679614127713  90               0.89242076610514
T1161TS165_1o  4144.36263961953  2471.210662496    1.67705760683049   0.755548923763583  92               0.685463267950503
T1161TS165_4o  3942.18272071534  2140.70557854332  1.84153428674571   0.802589355247172  83               0.729969704535161
T1161TS165_2o  3380.6161917401   2253.398516678    1.50023005993803   0.697140246536709  88               0.680526507075652
T1161TS165_3o  3329.8729180969   2281.78104088     1.45933060992245   0.682557704433387  91               0.634187610167514
T1161TS165_5o  1443.00016597975  2305.85303707332  0.625798844409989  0.348947547794994  88               0.414106928826355
T1161TS188_3o  10123.5672726841  2282.38367503     4.43552387069675   0.996750091117327  90               0.983279375396804
T1161TS188_5o  10059.081137974   2298.1009407069   4.37712763603839   0.996419072430493  90               0.984801140340633
T1161TS205_3o  10036.5272718401  2314.78330079     4.33583880979908   0.996164953690017  90               0.99051296538802
T1161TS205_2o  9961.85384832523  2403.3868387      4.14492319252011   0.994735751128472  84               0.98259846786948
T1161TS205_1o  9376.20459899767  2417.2387051527   3.87889064452381   0.991822446427613  90               0.96338395282847
T1161TS187_3o  9309.37353431401  2290.7316084      4.06393027457997   0.993979525057705  82               0.974204875142401
T1161TS188_4o  9278.32870402417  2254.94973129     4.11464990783465   0.994464833995683  86               0.959897461104182
T1161TS185_1o  9042.16183977675  2148.6680345      4.20826376834004   0.9952606576103    86               0.986300713787327
T1161TS188_1o  8862.08620514294  2303.96633136     3.84644779071566   0.991372021703949  90               0.959601066484253
T1161TS187_5o  8567.46144258035  2369.66917306     3.61546731500795   0.987371774245918  92               0.948121724098138
T1161TS185_3o  8532.01680103585  2158.586977       3.95259347524353   0.992760872439912  84               0.941797432904994
T1161TS185_4o  8464.38748800884  2120.2183443      3.99222443799928   0.993220442018222  84               0.945726602489451
T1161TS187_4o  8449.14395630561  2205.4262627      3.83107070918876   0.991150024173525  85               0.931181665434929
T1161TS188_2o  8390.60715319026  2264.54539043532  3.70520599349847   0.989106940967968  90               0.963530676249912
T1161TS169_5o  8390.60715319026  2264.54539043532  3.70520599349847   0.989106940967968  90               0.963530676249912
T1161TS187_1o  8294.96773131497  2204.75243495     3.76231253896      0.990086101328617  83               0.959528611947289
T1161TS185_2o  7920.75309589469  2135.493099       3.70909795943794   0.989176609023239  86               0.93719188792324
T1161TS185_5o  7887.90500051706  2107.225212       3.74326624206936   0.989769619183818  84               0.93060909628243
T1161TS180_5o  7838.47215090545  1882.12463998     4.16469344505726   0.994905514413677  78               0.962982628196155
T1161TS187_2o  7595.76043620609  2149.56530809732  3.53362626741006   0.985552919144502  91               0.955598038660429
T1161TS180_2o  7422.33398123265  1981.07512316     3.74661914354531   0.989826048830383  76               0.92083140359842
T1161TS180_3o  6617.94767645027  1933.62287342     3.42256381397945   0.982666118572231  78               0.897076068715802
T1161TS180_4o  6500.1985037055   2107.01674393     3.08502460762668   0.969969206290752  82               0.864805006434063
T1161TS180_1o  6290.33281502078  1975.107835248    3.1848047497776    0.974452622963196  78               0.885402777036368
T1161TS225_2o  10637.6015836535  2334.63066372     4.55643873309858   0.997341676854123  88               0.986634278430022
T1161TS225_1o  10380.7661374119  2327.426039497    4.46019162854059   0.996880586689626  86               0.991897091497127
T1161TS225_3o  10152.1413343866  2354.2232267662   4.31231041260761   0.996012190261814  86               0.973000216318086
T1161TS225_5o  10039.2102365812  2316.88279855     4.33306779387553   0.996147269499598  90               0.984151243428034
T1161TS225_4o  10000.0289968562  2211.1066174      4.52263537097776   0.997188043765084  81               0.995816154020322
T1161TS205_4o  9961.25213612459  2391.24088135     4.16572509018868   0.99491422187889   84               0.983166995936826
T1161TS205_5o  9856.49057272642  2384.59663449     4.13339951510686   0.994634215869058  90               0.980013892999368
T1161TS239_4o  9437.55660594612  2333.93052022     4.04363220078056   0.993773657156029  90               0.961785267054158
T1161TS229_4o  9437.55660594612  2333.93052022     4.04363220078056   0.993773657156029  90               0.961785267054158
T1161TS229_5o  9162.05587045861  2152.13308423     4.25719763224431   0.995630217656762  86               0.948123874500932
T1161TS239_5o  9162.05587045861  2152.13308423     4.25719763224431   0.995630217656762  86               0.948123874500932
T1161TS239_2o  8934.20004108648  2292.29016218     3.89749962220748   0.992070199848563  90               0.964672116339096
T1161TS229_2o  8934.20004108648  2292.29016218     3.89749962220748   0.992070199848563  90               0.964672116339096
T1161TS229_3o  8918.4166106012   2212.300858834    4.03128560701354   0.993645028939738  83               0.967632981145564
T1161TS239_3o  8918.4166106012   2212.300858834    4.03128560701354   0.993645028939738  83               0.967632981145564
T1161TS229_1o  8864.72894909343  2244.17270046     3.95010996581341   0.992731064529899  90               0.966762008934508
T1161TS239_1o  8864.72894909343  2244.17270046     3.95010996581341   0.992731064529899  90               0.966762008934508
T1161TS278_1o  8842.25221981287  2203.35734874     4.0130813210437    0.99345054343599   84               0.929139735450089
T1161TS248_3o  8777.15525946928  2407.61328564     3.64558349624496   0.987982556549216  90               0.953433960113333
T1161TS248_4o  8516.63835797555  2227.311145       3.82373085910974   0.991042072543714  86               0.966581118635251
T1161TS248_2o  8512.09871247556  2184.23953033332  3.89705368585496   0.992064350801542  87               0.963782362849307
T1161TS248_1o  8286.23419599124  1913.5027491052   4.33040098837907   0.996130173664335  74               0.992453763669632
T1161TS278_2o  8097.60041522153  2026.816353629    3.99523143807422   0.993254105274356  76               0.922521658319112
T1161TS248_5o  6432.07485906041  1926.3107329829   3.33906401959372   0.980129335365218  74               0.881554141749251
T1161TS298_5o  10377.6174240888   2348.7576566      4.41834320153367     0.996656002296734   90               0.991041902866299
T1161TS298_3o  10239.6468526469   2335.011866076    4.38526544614725     0.996467142303837   90               0.991258457438568
T1161TS298_2o  9894.5393149015    2291.28226732     4.3183415051148      0.996051916756643   90               0.990235506385392
T1161TS298_4o  9855.74637251699   2319.2416384      4.24955563462386     0.995574453150178   90               0.989563216406329
T1161TS298_1o  9783.59745133523   2329.024612584    4.20072737680541     0.995201040424008   90               0.989236043150466
T1161TS291_1o  9322.33841554863   2436.67730036     3.82584038279149     0.99107323152165    90               0.945751305318753
T1161TS288_1o  9293.30959021109   2261.6889379      4.10901315140181     0.994412880231689   82               0.973699586491658
T1161TS288_5o  9200.79855211345   2251.0741289      4.08729256579812     0.994208108398686   82               0.977698677954935
T1161TS291_2o  9174.37134746072   2480.0346617024   3.69929158214387     0.989000220240442   92               0.965340005188451
T1161TS291_5o  8896.73013321358   2410.9697572      3.69010440991424     0.988832391446839   84               0.967753616096029
T1161TS278_5o  8657.64956313116   2065.31568273     4.1919255421947      0.995130467444626   84               0.937968673366385
T1161TS288_4o  8633.37723416656   2239.4792105      3.855082553876       0.991494251516824   84               0.930435370315022
T1161TS288_2o  8605.33006315545   2229.2958677139   3.86011125206994     0.991564642853847   85               0.983135562017565
T1161TS288_3o  8195.21067986859   2306.9913394      3.55233699403483     0.985990278175808   90               0.886602928655371
T1161TS291_3o  7712.5803827548    1838.8699863      4.19419558762462     0.995148766862873   76               0.993365183758234
T1161TS291_4o  7386.59346194611   1948.7582523767   3.79041035640898     0.990535370422978   76               0.943535478848948
T1161TS278_3o  5959.74881447096   2173.2923745      2.74226739319513     0.948032929973933   84               0.735577690801893
T1161TS278_4o  5706.07734026646   2143.13914489032  2.66248570647917     0.941077890178354   82               0.75475287573913
T1161TS314_1o  4558.91535121427   1142.00664072     3.99202175246548     0.993218166968498   66               0.991589851457892
T1161TS312_2o  410.386095435576   486.9416057       0.842782975682738    0.434865154508222   29               0.478296634450064
T1161TS312_3o  -31.2610413272118  848.97434569      -0.0368221271772406  0.150838856766169   44               0.26057007977602
T1161TS312_4o  -282.517374392132  723.246678933318  -0.390623811517259   0.0896671065811536  38               0.135500338188358
T1161TS312_1o  -436.97969053954   780.9945004       -0.559516988039907   0.0691902480308151  44               0.194445616518071
T1161TS312_5o  -1035.76760510128  826.0983379       -1.25380666874875    0.0228353710233086  44               0.0300497514504305
T1161TS348_2o  10151.0880171786  2282.29193036     4.44776055251505    0.996815491050463  90               0.982688549751834
T1161TS320_3o  10151.0805034046  2282.29193036     4.44775726030954    0.99681547363263   90               0.982690601318459
T1161TS320_5o  10014.5770541418  2298.0828371941   4.35779637359345    0.996302254201641  90               0.983464721435358
T1161TS348_1o  9657.20930992108  2344.899403       4.11838959810639    0.994499037189817  88               0.958050014597538
T1161TS348_5o  9598.10766813497  2330.6780029      4.11816117721637    0.994496954093237  90               0.976009091482904
T1161TS350_1o  9322.33841554863  2436.67730036     3.82584038279149    0.99107323152165   90               0.945751305318753
T1161TS320_4o  9251.80463956108  2254.91386982     4.10295256213028    0.994356478954565  86               0.962819120284838
T1161TS350_2o  9174.37134746072  2480.0346617024   3.69929158214387    0.989000220240442  92               0.965340005188451
T1161TS348_4o  8981.90225568769  2274.007831       3.9498114884406     0.992727473913214  85               0.963157320230826
T1161TS348_3o  8965.02349891218  2290.96952432     3.91320067933822    0.99227343613011   84               0.958331622789342
T1161TS350_5o  8896.73013321358  2410.9697572      3.69010440991424    0.988832391446839  84               0.967753616096029
T1161TS320_1o  8808.58442956402  2303.963519159    3.82323086121579    0.991034671477628  91               0.95822062421433
T1161TS314_4o  8808.58442956402  2303.963519159    3.82323086121579    0.991034671477628  91               0.95822062421433
T1161TS320_2o  8439.1138686696   2264.55432175332  3.72661136348263    0.989484692813668  90               0.964528768998606
T1161TS314_5o  8439.1138686696   2264.55432175332  3.72661136348263    0.989484692813668  90               0.964528768998606
T1161TS350_3o  7712.5803827548   1838.8699863      4.19419558762462    0.995148766862873  76               0.993365183758234
T1161TS315_5o  7597.8309127774   2400.6007535      3.16497064399401    0.973616647252007  88               0.939309307887823
T1161TS350_4o  7386.59346194611  1948.7582523767   3.79041035640898    0.990535370422978  76               0.943535478848948
T1161TS315_2o  5960.70003643523  2277.19954513     2.61755718737198    0.936785974746392  86               0.871351931423107
T1161TS315_1o  5841.45334799563  2278.08631269     2.56419316311942    0.931310002320659  86               0.864859537191066
T1161TS314_2o  4214.26080731396  1090.318413598    3.8651652166518     0.991634805889964  66               0.980416498332127
T1161TS314_3o  1838.2112229067   1011.38591987     1.81751711863161    0.79617034294781   57               0.66831321953571
T1161TS315_4o  472.172170266875  2525.6010580932   0.186954376168721   0.20504174036572   92               0.283927913542789
T1161TS315_3o  229.535946542927  2361.057489278    0.0972174322672329  0.181734858738781  90               0.254828092047305
T1161TS374_5o  10913.6535191014  2404.4976239      4.53884978326568   0.997262811317906  90               0.986362318737482
T1161TS390_3o  10151.0805034046  2282.29193036     4.44775726030954   0.99681547363263   90               0.982690601318459
T1161TS360_2o  10143.7874693332  2397.89918815     4.2302810391121    0.995430637433032  86               0.96601712871878
T1161TS390_5o  10014.5770541418  2298.0828371941   4.35779637359345   0.996302254201641  90               0.983464721435358
T1161TS367_2o  9574.01968647495  2307.7627453      4.14861523610841   0.994767875765113  88               0.976999532266385
T1161TS367_3o  9505.88962469334  2299.015957511    4.13476452550802   0.994646343966499  90               0.978473663962231
T1161TS360_1o  9500.53011419083  2380.03463802     3.99176128045536   0.993215242179425  89               0.956705879908331
T1161TS360_5o  9499.11226335747  2433.51193977     3.90345825229658   0.992147946042868  88               0.962034011624828
T1161TS360_3o  9451.55792382804  2391.55902122     3.95204878489954   0.992754345289858  88               0.964230407308595
T1161TS367_4o  9419.04045669761  2295.047783672    4.10407161180211   0.994366935542715  90               0.981683150189182
T1161TS360_4o  9340.18771226199  2360.9174774      3.95616865124317   0.992803569942988  89               0.958063575351067
T1161TS374_4o  9302.11691328423  2256.265607902    4.12279338066667   0.994539044776634  90               0.974522713169526
T1161TS390_4o  9251.80463956108  2254.91386982     4.10295256213028   0.994356478954565  86               0.962819120284838
T1161TS367_5o  8897.75066018251  2310.0283820828   3.8517927871345    0.991447886819023  90               0.926823540594927
T1161TS367_1o  8862.17725440523  2243.0676373      3.95091842396367   0.992740781266085  90               0.975605555645088
T1161TS390_1o  8808.58442956402  2303.963519159    3.82323086121579   0.991034671477628  91               0.95822062421433
T1161TS390_2o  8439.1138686696   2264.55432175332  3.72661136348263   0.989484692813668  90               0.964528768998606
T1161TS374_1o  7919.07930888179  2024.044321968    3.91250291455178   0.992264514910887  76               0.919394795149413
T1161TS374_2o  7049.45812355743  1930.89259        3.65088050990834   0.9880869255294    75               0.919570282922322
T1161TS374_3o  6932.99319406107  1905.6810053      3.63806595898229   0.987832883559584  77               0.919925860617292
T1161TS398_4o  6628.52901210904  2343.0944794      2.82896360790642   0.954707894567595  89               0.895938706545627
T1161TS398_1o  6409.31896799671  2309.848700847    2.77477869682394   0.950638565635036  92               0.859087626506844
T1161TS398_2o  6087.91926080778  2325.65834998492  2.61771866054498   0.936801909740391  90               0.881678958443309
T1161TS398_3o  5952.17857519627  2354.606271547    2.52788699627714   0.927336568980436  90               0.848079671811006
T1161TS444_5o  11069.0744618903  2395.36199631     4.62104453478928   0.997612395421606  88               0.992644182784552
T1161TS444_1o  10715.593485921   2466.203218746    4.34497587403588   0.996222694098752  89               0.992697415391947
T1161TS399_1o  10414.9282370908  2300.62192754     4.52700555115862   0.997208393647972  82               0.983324174241226
T1161TS399_2o  9738.98823754368  2309.175263971    4.21751799852382   0.995332856506859  88               0.984869219104067
T1161TS399_3o  9721.39192551665  2264.98379614     4.29203597044884   0.995875701951914  86               0.982380848055399
T1161TS439_2o  9695.51772946078  2346.495712622    4.13191367762053   0.994620983161096  92               0.97967993481369
T1161TS399_4o  9679.70306586239  2296.058645376    4.21579086638584   0.995319465501424  89               0.98523741775695
T1161TS399_5o  9569.5465072696   2305.94757305     4.14994105638416   0.994779364136833  90               0.977866496604003
T1161TS439_1o  9355.16064268813  2267.910655       4.12501287123594   0.994559098649219  86               0.976016578878168
T1161TS423_3o  9309.37353431401  2290.7316084      4.06393027457997   0.993979525057705  82               0.974204875142401
T1161TS444_4o  9059.93134771652  2335.503363814    3.87921999517961   0.991826897322841  88               0.944584270188909
T1161TS444_2o  9057.78714443027  2424.70058286     3.73563119853189   0.989639962342741  90               0.964529806536153
T1161TS439_5o  8918.4166106012   2212.300858834    4.03128560701354   0.993645028939738  83               0.967632981145564
T1161TS439_4o  8879.52441168303  2311.84707962     3.84087878906877   0.991292267440934  90               0.943508684832378
T1161TS444_3o  8769.21942877809  2161.705657223    4.0566204744282    0.99390617869402   82               0.968097626281832
T1161TS423_5o  8567.46144258035  2369.66917306     3.61546731500795   0.987371774245918  92               0.948121724098138
T1161TS439_3o  8537.11964301506  2293.8719993      3.7217070724174    0.989399305237959  90               0.938553706663487
T1161TS423_4o  8449.14395630561  2205.4262627      3.83107070918876   0.991150024173525  85               0.931181665434929
T1161TS423_1o  8294.96773131497  2204.75243495     3.76231253896      0.990086101328617  83               0.959528611947289
T1161TS423_2o  7595.76043620609  2149.56530809732  3.53362626741006   0.985552919144502  91               0.955598038660429
T1161TS446_3o  7409.3693533518   1979.094046727    3.74381872635377   0.989778938815556  76               0.921028165087137
T1161TS446_2o  6798.38925573526  1945.077840715    3.49517593251497   0.984611498246638  76               0.908181294079488
T1161TS446_1o  6285.43074041846  1982.59023569     3.17031256750387   0.973844384511885  78               0.890257425239704
T1161TS398_5o  4987.41844489581  2388.93273229     2.08771824232779   0.859707626749372  89               0.734738590648148
T1161TS477_1o  9588.52468057351  2202.68274743   4.35311199116669   0.99627337979232   86               0.980973363096531
T1161TS462_5o  7838.47215090545  1882.12463998   4.16469344505726   0.994905514413677  78               0.962982628196155
T1161TS494_1o  7802.72131982447  1989.601851714  3.92175012960638   0.992381919135114  76               0.97586163083845
T1161TS461_5o  7704.7464198279   1879.918568     4.09844689604018   0.994314181599487  78               0.956431633055763
T1161TS446_5o  7704.7464198279   1879.918568     4.09844689604018   0.994314181599487  78               0.956431633055763
T1161TS493_1o  7481.42070456745  2302.9935135    3.24856351557737   0.976968821616024  86               0.923555204331949
T1161TS462_2o  7422.33398123265  1981.07512316   3.74661914354531   0.989826048830383  76               0.92083140359842
T1161TS461_3o  7409.3693533518   1979.094046727  3.74381872635377   0.989778938815556  76               0.921028165087137
T1161TS447_5o  7353.65349805359  1939.10742219   3.79228784022109   0.990564661281127  74               0.987083964611636
T1161TS447_2o  7353.65349805359  1939.10742219   3.79228784022109   0.990564661281127  74               0.987083964611636
T1161TS447_3o  7353.65349805359  1939.10742219   3.79228784022109   0.990564661281127  74               0.987083964611636
T1161TS447_4o  7353.65349805359  1939.10742219   3.79228784022109   0.990564661281127  74               0.987083964611636
T1161TS461_2o  6798.38925573526  1945.077840715  3.49517593251497   0.984611498246638  76               0.908181294079488
T1161TS493_2o  6730.28514910063  2288.244206387  2.94124426506354   0.962145182584381  88               0.888278887607138
T1161TS461_4o  6674.80314361855  2108.9872979    3.16493283305448   0.973615028437246  82               0.867092491917632
T1161TS446_4o  6674.80314361855  2108.9872979    3.16493283305448   0.973615028437246  82               0.867092491917632
T1161TS462_3o  6617.94767645027  1933.62287342   3.42256381397945   0.982666118572231  78               0.897076068715802
T1161TS462_4o  6500.1985037055   2107.01674393   3.08502460762668   0.969969206290752  82               0.864805006434063
T1161TS462_1o  6290.33281502078  1975.107835248  3.1848047497776    0.974452622963196  78               0.885402777036368
T1161TS461_1o  6285.43074041846  1982.59023569   3.17031256750387   0.973844384511885  78               0.890257425239704
T1161TS493_5o  5429.56212321023  2171.894467346  2.49991986481968   0.924132456491739  86               0.82669776503246
T1161TS493_4o  4652.80945816637  2205.91777025   2.10923975540532   0.86397826530334   82               0.771996445587134
T1161TS447_1o  3358.03576018441  2098.1128073    1.60050296080398   0.731223360197336  78               0.648231581891735
T1161TS493_3o  2832.80908447467  2001.430541203  1.4153921538401    0.666482880423196  76               0.592508086898043
T1178TS003_1o  18482.5350772402  4109.50280793    4.49751124188915   0.997068149718068  214              0.974066999997168
T1178TS003_2o  17798.3123539984  4333.64367667    4.10700871643299   0.994394288794913  240              0.940371701792866
T1178TS003_3o  17709.6154078556  4392.243019163   4.03202084460947   0.993652762128534  230              0.910119440704095
T1178TS035_1o  17708.8817080736  4061.0811836679  4.36063228169185   0.996319626236616  211              0.981277965863344
T1178TS003_5o  17619.8506403228  4035.516510905   4.36619466001673   0.996353464112894  208              0.981303652149098
T1178TS035_4o  17559.4230180614  4175.633713867   4.20521152507887   0.995236601941822  216              0.964577643574532
T1178TS037_1o  17393.1843266293  4481.4714970289  3.88113242227705   0.991852694716099  236              0.901489175686361
T1178TS035_2o  17250.564916782   4343.2265783372  3.97183167989048   0.992987701897445  236              0.927539100067112
T1178TS035_3o  17155.0856198511  4074.788365012   4.21005561102327   0.995274723310574  214              0.979500167652088
T1178TS003_4o  16536.5722600571  4166.097417044   3.96931963050215   0.992958488784039  232              0.908278653953669
T1178TS054_4o  14380.2168616547  3870.7621782977  3.71508664166468   0.989282949429673  209              0.930717062045311
T1178TS054_2o  14306.8832663032  3630.835340769   3.94038338936986   0.992613145333583  195              0.921808132954815
T1178TS071_2o  12866.9173833949  4054.7262751893  3.17331343970789   0.973971477571321  214              0.806541376932481
T1178TS071_1o  11594.1312611607  3860.4126912728  3.00333984689549   0.965739457079421  211              0.769429064365446
T1178TS054_3o  10847.7405365946  3971.3042912941  2.73153093817945   0.947144249856742  212              0.784897433988994
T1161TS494_5o  10812.2078657581  2435.33587429    4.4397193750165    0.996772663775623  90               0.988257285769623
T1178TS054_1o  10525.1124836173  3841.091529245   2.74013581907176   0.947857625822984  199              0.727414827996012
T1178TS054_5o  10388.6639941795  4632.1561746     2.24272749074066   0.888073537831179  242              0.694860720574704
T1178TS035_5o  10117.5481367499  3169.42799665    3.19223157851948   0.974758967845528  181              0.835868556429377
T1161TS494_3o  9921.56115996751  2284.761060157   4.34249398459449   0.996207096364934  82               0.990723543687619
T1178TS037_2o  9899.03361511757  3562.697018657   2.77852244052152   0.950930534956736  203              0.771504678935722
T1161TS494_4o  8814.44885533447  2251.289686142   3.91528860527925   0.992300070218354  86               0.972517660027982
T1178TS071_3o  7098.33974173493  3445.040185318   2.06045194247268   0.85413651743224   200              0.650876170941387
T1161TS494_2o  6449.34953051775  1939.60247232    3.32508832224963   0.979670578594255  76               0.87804027417731
T1178TS073_1o  21493.6187523233   4922.39526365     4.36649590313185   0.996355287805271    248              0.944219102286839
T1178TS073_2o  20704.638101458    4426.490736708    4.67743847959707   0.99782611715704     221              0.981041882001163
T1178TS074_5o  18944.5262741846   4141.1589993      4.57469183805473   0.997421124779975    216              0.983599384069829
T1178TS073_3o  18397.389621912    4176.051201036    4.40545116337366   0.996583621362166    222              0.952198597244953
T1178TS119_1o  18306.5923327346   4068.87954308     4.49917284080549   0.997076234045397    213              0.985438995496991
T1178TS086_3o  18067.3016950527   3962.7551123432   4.55927787179597   0.997354192850705    210              0.984153272300348
T1178TS073_4o  17945.2200428197   4193.0392175514   4.27976441710916   0.995790839563376    226              0.950178263366575
T1178TS086_5o  17798.3123539984   4333.64367667     4.10700871643299   0.994394288794913    240              0.940371701792866
T1178TS073_5o  17738.7253645854   3935.095786401    4.50782555938976   0.997117975032864    208              0.982082916313966
T1178TS086_1o  17619.8506403228   4035.516510905    4.36619466001673   0.996353464112894    208              0.981303652149098
T1178TS086_2o  17394.6888882371   3999.73029114     4.34896546068843   0.996247633328277    213              0.969414890946908
T1178TS086_4o  15933.7234751697   4056.09022794     3.92834542126596   0.992464572134327    221              0.934493021023951
T1178TS098_2o  9346.81329089607   3425.304947265    2.72875362480039   0.946912039788432    178              0.755061270651923
T1178TS098_5o  9346.81329089607   3425.304947265    2.72875362480039   0.946912039788432    178              0.755061270651923
T1178TS071_5o  8771.58693147773   3541.20006251     2.47700970762449   0.921411607960074    194              0.707317233194793
T1178TS098_3o  7992.21077573614   2961.489450202    2.69871323539275   0.944338118827879    166              0.777686140077565
T1178TS098_1o  7650.49422659507   3289.82806584     2.32549971411398   0.901069623235359    173              0.696961411586016
T1178TS071_4o  6799.00956831121   3388.1738316896   2.00668853077137   0.842614880562199    192              0.64204135498364
T1178TS091_2o  6557.66106638125   4083.570883254    1.60586439022598   0.732975915157542    221              0.643108188570257
T1178TS091_1o  3532.14595194      2815.1369515997   1.25469773324273   0.604558654136293    150              0.55443284548173
T1178TS091_4o  2485.28950318304   2708.0347818334   0.91774652225864   0.465781291403242    146              0.455926538327619
T1178TS091_3o  1480.26621072561   2150.301405427    0.688399406236569  0.373007904417692    125              0.459262385823223
T1178TS091_5o  1043.77260199995   2918.81312833     0.357601722381296  0.255276869019411    160              0.389343732263888
T1178TS098_4o  -43887.3801366005  18073.3062532802  -2.42829837117573  0.00328915300451738  468              0.00478926116578383
T1178TS119_2o  19770.0252947272  4208.5802585434  4.69755216253607   0.997897633191945  210              0.988134506070377
T1178TS147_1o  18575.5369572814  4813.2839847035  3.8592231450116    0.991552253330215  249              0.952767775488519
T1178TS147_5o  18379.8417231317  4971.2861286736  3.6972005326991    0.98896224209545   257              0.917735491825738
T1178TS147_2o  17527.4320236668  4307.9657609202  4.0686098721274    0.994026018666558  232              0.969408570790407
T1178TS147_3o  16960.0685245996  4927.587692873   3.44186031415123   0.983205508089329  256              0.915349810998174
T1178TS147_4o  16715.8542418755  5223.9062871     3.19987636132636   0.975070564836982  274              0.841572551193372
T1178TS119_5o  15472.2346284818  4106.0542253     3.76815155853218   0.990181169758554  213              0.938456803034474
T1178TS131_1o  14793.3910259164  3840.09195358    3.85235333026985   0.991455804568131  208              0.947821336314615
T1178TS150_1o  14563.3515528735  4129.139773881   3.52696986548976   0.985394104842815  214              0.910206999396745
T1178TS131_4o  14538.7743733046  3889.441054859   3.73801123818077   0.989680553200788  208              0.904339035391027
T1178TS125_4o  14380.2168616547  3870.7621782977  3.71508664166468   0.989282949429673  209              0.930717062045311
T1178TS150_2o  14355.1810736983  4074.622902025   3.52306984446686   0.985300256911951  222              0.849858584413492
T1178TS125_2o  14306.8832663032  3630.835340769   3.94038338936986   0.992613145333583  195              0.921808132954815
T1178TS119_3o  13788.7804880118  3580.201529358   3.8513978542667    0.99144230397039   196              0.918669325793791
T1178TS131_2o  13489.2548528949  4032.93011236    3.34477773655274   0.980313955400308  213              0.857268613182612
T1178TS131_3o  13462.8357686047  3720.6944077249  3.61836643736533   0.987431879989134  203              0.864000506068063
T1178TS131_5o  11359.2351272066  3701.9868963     3.06841581167122   0.969152303214212  196              0.825870985767841
T1178TS119_4o  11307.5315828871  3467.450177164   3.26105091786365   0.97743249512211   180              0.872704013421117
T1178TS125_3o  10847.7405365946  3971.3042912941  2.73153093817945   0.947144249856742  212              0.784897433988994
T1178TS125_1o  10525.1124836173  3841.091529245   2.74013581907176   0.947857625822984  199              0.727414827996012
T1178TS125_5o  10388.6639941795  4632.1561746     2.24272749074066   0.888073537831179  242              0.694860720574704
T1178TS150_5o  9772.60188162086  3404.1528683     2.87078819891576   0.957628353204955  176              0.822243691671848
T1178TS150_3o  9575.15352104408  3677.65303887    2.60360436937416   0.935394810013761  210              0.762186196505081
T1178TS150_4o  9405.26721501722  3584.2870805     2.62402731806438   0.937421555400939  206              0.737643570348989
T1178TS158_4o  18482.5350772402   4109.50280793     4.49751124188915   0.997068149718068    214              0.974066999997168
T1178TS158_3o  17798.3123539984   4333.64367667     4.10700871643299   0.994394288794913    240              0.940371701792866
T1178TS158_2o  17546.8133480416   4051.9844346605   4.33042466746588   0.9961303257936      214              0.979492696791669
T1178TS158_1o  16536.5722600571   4166.097417044    3.96931963050215   0.992958488784039    232              0.908278653953669
T1178TS180_3o  16333.7244807322   4357.598303558    3.74833184311542   0.989854754743204    232              0.903083952304737
T1178TS180_4o  16221.6756290899   4263.05169245     3.80517920010659   0.990763370371091    227              0.912552528948853
T1178TS158_5o  16083.6982373713   3980.52139418     4.04060087728396   0.993742318137934    220              0.951930208458337
T1178TS180_1o  15836.5712196944   4308.3848889378   3.67575591037754   0.988565199120139    228              0.900928184263371
T1178TS180_2o  15801.1087322365   4275.42751535     3.69579619242896   0.9889366633766      233              0.89756497658028
T1178TS185_1o  12878.7022156183   3454.42537759     3.72817496628143   0.989511773044068    192              0.899089601671316
T1178TS185_2o  10380.2942749527   3668.9485406385   2.82922863593672   0.954726990741248    201              0.770308907270388
T1178TS185_3o  10315.3350239865   3294.2203794266   3.13134333343601   0.972138131978944    183              0.860545219317597
T1178TS169_1o  9346.81329089607   3425.304947265    2.72875362480039   0.946912039788432    178              0.755061270651923
T1178TS185_4o  8060.74846204772   3559.45326924     2.26460297476214   0.891646587067918    190              0.666970589295121
T1178TS169_3o  7992.21077573614   2961.489450202    2.69871323539275   0.944338118827879    166              0.777686140077565
T1178TS169_2o  7650.49422659507   3289.82806584     2.32549971411398   0.901069623235359    173              0.696961411586016
T1178TS165_5o  4439.13127342934   4086.706742203    1.08623680470803   0.535870273312415    213              0.4555314478744
T1178TS165_1o  4439.13127342934   4086.706742203    1.08623680470803   0.535870273312415    213              0.4555314478744
T1178TS165_4o  4348.90848190946   4076.48661016     1.06682761353134   0.527816089196239    212              0.532354079268871
T1178TS165_2o  2623.71771021715   4024.47936899     0.651939659682144  0.358909453482909    216              0.425772029542013
T1178TS165_3o  2122.86916842705   3956.82001588     0.536508903591089  0.315941761450554    203              0.388925902071927
T1178TS180_5o  -254.599960684056  201.641888        -1.26263428303179  0.022509367816972    19               0.0322001481466329
T1178TS169_5o  -40186.5643110558  18225.7180073921  -2.20493723730152  0.00476556574604048  512              0.00708980565478371
T1178TS169_4o  -43887.3801366005  18073.3062532802  -2.42829837117573  0.00328915300451738  468              0.00478926116578383
T1178TS229_1o  17869.3319122269  4050.854362811    4.41125014917269   0.996616370342048  209              0.992374558371886
T1178TS187_2o  17729.567801248   4004.9889230712   4.42687062106834   0.996703036697     206              0.988788009539975
T1178TS187_1o  17463.7898265329  4045.400512572    4.31694952632259   0.996042782997954  206              0.987086812779831
T1178TS225_5o  15361.6076517725  4327.8115075765   3.5495094055921    0.985925030943754  228              0.914897125736429
T1178TS205_1o  15026.999354854   3958.690761432    3.79595180842521   0.990621564961959  192              0.915569632271064
T1178TS185_5o  13724.0513475198  3841.7840180972   3.57231205160701   0.986442789076319  206              0.892222758235692
T1178TS187_3o  13701.9504326982  3969.14085492     3.45211997596754   0.983485540848546  195              0.931443434319997
T1178TS229_2o  13523.4075192232  3462.92246171     3.90520078597004   0.99217053878992   186              0.92659183804878
T1178TS205_5o  13296.4040103595  3756.57224256     3.53950440769333   0.985691749452675  207              0.896826809275001
T1178TS205_3o  13248.4749918552  4038.5582826      3.28049617333389   0.978136420968302  211              0.84819859636163
T1178TS229_3o  13199.5492914763  3432.26527628     3.84572526567129   0.991361715366478  181              0.915941283208842
T1178TS229_5o  13149.5659612759  3186.064497       4.12721273334472   0.994578902898763  179              0.934865023815939
T1178TS229_4o  11159.2036631676  3318.37927822     3.36284756128103   0.980886826325407  185              0.862087364221005
T1178TS225_2o  10410.0514925454  3558.329075845    2.92554490342445   0.961180574135899  193              0.831929745350568
T1178TS225_1o  10015.3799257307  3903.76125182664  2.56557183691608   0.931456850190316  219              0.749751150136977
T1178TS188_2o  9749.43510751846  3495.793594185    2.78890467782078   0.9517316843588    186              0.782260432583926
T1178TS188_5o  9651.1818002705   3627.81851679     2.66032651732815   0.940878027029494  193              0.780401239055044
T1178TS187_4o  9605.93587226256  3429.487824192    2.80098264367676   0.952648059605409  195              0.748484158923578
T1178TS205_2o  8515.85013844233  3534.5529256      2.40931464818758   0.912843392373776  202              0.743203497750177
T1178TS188_4o  8018.62573604584  3164.58552679     2.53386286076444   0.928004843174802  173              0.752161813953818
T1178TS188_1o  6934.31689059626  3065.16294984     2.26229959192161   0.891275134682784  172              0.722512719971658
T1178TS205_4o  6746.63460364623  3358.778571794    2.00865715302057   0.843049506471087  192              0.631355249741016
T1178TS187_5o  5867.1228246686   2764.664791       2.12218235055774   0.866493439348212  155              0.637133779315363
T1178TS188_3o  4661.93541849744  3079.65854279     1.51378321775699   0.701888161243863  172              0.55677858375198
T1178TS278_1o  19405.9685032901   4204.99322849    4.6149821055143    0.997588207137668    216              0.990373815310234
T1178TS239_1o  17869.3319122269   4050.854362811   4.41125014917269   0.996616370342048    209              0.992374558371886
T1178TS248_1o  17708.8817080736   4061.0811836679  4.36063228169185   0.996319626236616    211              0.981277965863344
T1178TS248_4o  17559.4230180614   4175.633713867   4.20521152507887   0.995236601941822    216              0.964577643574532
T1178TS248_2o  17250.564916782    4343.2265783372  3.97183167989048   0.992987701897445    236              0.927539100067112
T1178TS248_3o  17155.0856198511   4074.788365012   4.21005561102327   0.995274723310574    214              0.979500167652088
T1178TS245_1o  14559.8627391061   3851.79338403    3.78002174246237   0.990371661114874    206              0.928332969707798
T1178TS245_2o  14209.3845154352   3824.16909983    3.71567892122417   0.98929341014913     205              0.924531975477784
T1178TS245_3o  13695.3865305985   3789.38706958    3.61414294162261   0.987344222475215    206              0.914460052647304
T1178TS245_4o  13567.4823747685   3770.95833577    3.59788710632842   0.987001169646523    206              0.91600644045945
T1178TS239_2o  13523.4075192232   3462.92246171    3.90520078597004   0.99217053878992     186              0.92659183804878
T1178TS245_5o  13346.0200717917   3755.73636461    3.5535029022671    0.986017094866761    206              0.912919749741452
T1178TS239_3o  13199.5492914763   3432.26527628    3.84572526567129   0.991361715366478    181              0.915941283208842
T1178TS239_5o  13149.5659612759   3186.064497      4.12721273334472   0.994578902898763    179              0.934865023815939
T1178TS239_4o  11159.2036631676   3318.37927822    3.36284756128103   0.980886826325407    185              0.862087364221005
T1178TS248_5o  10117.5481367499   3169.42799665    3.19223157851948   0.974758967845528    181              0.835868556429377
T1178TS278_4o  9241.75376926397   3904.1554829544  2.3671582265649    0.90708887518205     203              0.665583658931675
T1178TS278_2o  9128.05191320011   4026.46191667    2.26701558393213   0.892034457871693    218              0.6760892817611
T1178TS278_3o  9052.65468189894   4128.01602982    2.19297953702318   0.879563087900804    223              0.679298471879294
T1178TS234_2o  -862.384342756506  614.016174       -1.40449776288223  0.0178542828323272   46               0.0220877195325343
T1178TS234_4o  -981.952669922619  715.82278667     -1.37178179880338  0.0188360004599974   56               0.0239436436263482
T1178TS234_3o  -1424.05400073533  939.5709522      -1.51564285528508  0.0148801075887748   60               0.0186514825145981
T1178TS234_1o  -2080.04684600979  977.96771118     -2.12690748603554  0.00542384079920838  60               0.0196020650149951
T1178TS234_5o  -2157.2868881937   779.261526       -2.76837341023006  0.00186873633172097  46               0.00481271124718598
T1178TS288_2o  19098.5064678969   4257.192488663   4.48617404985953   0.997012391854517   217              0.962869538251658
T1178TS288_1o  18944.5262741846   4141.1589993     4.57469183805473   0.997421124779975   216              0.983599384069829
T1178TS288_5o  18944.5262741846   4141.1589993     4.57469183805473   0.997421124779975   216              0.983599384069829
T1178TS288_3o  18397.389621912    4176.051201036   4.40545116337366   0.996583621362166   222              0.952198597244953
T1178TS288_4o  17945.2200428197   4193.0392175514  4.27976441710916   0.995790839563376   226              0.950178263366575
T1178TS314_2o  15858.1434943795   3992.585116118   3.97189866544371   0.992988479236048   209              0.938866939137936
T1178TS314_1o  15472.2346284818   4106.0542253     3.76815155853218   0.990181169758554   213              0.938456803034474
T1178TS314_3o  13897.6898044845   3948.25721363    3.51995552784847   0.98522488939134    211              0.922737396198697
T1178TS278_5o  11929.4642609678   3767.940922754   3.16604333919559   0.973662532741232   191              0.851088000415766
T1178TS298_2o  11689.9833581796   3601.395365898   3.24595946028957   0.976870963896602   188              0.809978759258123
T1178TS298_5o  11387.1974811453   3566.64191288    3.19269434927668   0.974777937524749   193              0.852280807551414
T1178TS291_3o  10969.5855779944   3390.548707229   3.23534227796407   0.976467762876976   187              0.836380260419245
T1178TS291_1o  10625.1227897623   3071.4401567075  3.45932925522212   0.983679563345407   171              0.864099747550082
T1178TS291_4o  10486.0536760543   3552.013637683   2.95214341657044   0.962801268455825   199              0.811969335655442
T1178TS291_2o  10185.4534362738   2973.82005648    3.42504026566083   0.982736282754961   164              0.86248305710781
T1178TS298_4o  10181.6208455979   3340.7374040024  3.04771660095155   0.968104064602476   188              0.806524052273821
T1178TS298_1o  10143.2178242438   3564.577511625   2.84555961854221   0.95588900356308    204              0.775257376299871
T1178TS291_5o  8693.0537619352    3124.0137925     2.78265537201056   0.951250954122402   172              0.776052321434217
T1178TS298_3o  8203.32358631516   3364.721922141   2.43803909390982   0.916577748948601   180              0.717444418933242
T1178TS312_1o  884.157486472796   1179.98066986    0.749298280096146  0.39703464427223    84               0.441590168322092
T1178TS312_3o  -1343.91566305999  1135.034168      -1.18403101946089  0.0255794996705324  83               0.0626949696396183
T1178TS312_4o  -1418.18911079017  1065.8816902     -1.33053144999992  0.0201495286574084  71               0.0931090304867414
T1178TS312_2o  -1733.34670439242  837.9523566      -2.06855042621455  0.0059745697076416  51               0.0147080991067002
T1178TS312_5o  -1876.79077268884  1204.98194987    -1.55752604666926  0.0138907580485177  79               0.0432911618926817
T1178TS367_1o  16536.5722600571  4166.097417044   3.96931963050215   0.992958488784039  232              0.908278653953669
T1178TS320_2o  15858.1434943795  3992.585116118   3.97189866544371   0.992988479236048  209              0.938866939137936
T1178TS320_1o  15472.2346284818  4106.0542253     3.76815155853218   0.990181169758554  213              0.938456803034474
T1178TS367_2o  14230.7158056391  4219.5014042626  3.3726060124694    0.981189370203728  230              0.870768242795334
T1178TS320_3o  13897.6898044845  3948.25721363    3.51995552784847   0.98522488939134   211              0.922737396198697
T1178TS314_4o  13677.4037557419  4065.130674516   3.36456681244825   0.980940472834663  216              0.860054173382533
T1178TS320_4o  13677.4037557419  4065.130674516   3.36456681244825   0.980940472834663  216              0.860054173382533
T1178TS320_5o  11202.6530853301  3691.465422142   3.03474414744204   0.96742964691114   195              0.776012170980664
T1178TS314_5o  11202.6530853301  3691.465422142   3.03474414744204   0.96742964691114   195              0.776012170980664
T1178TS360_5o  11202.6530853301  3691.465422142   3.03474414744204   0.96742964691114   195              0.776012170980664
T1178TS348_4o  11167.8128689409  3397.1087797946  3.28744635301793   0.978382776269327  180              0.857543827270043
T1178TS350_3o  10969.5855779944  3390.548707229   3.23534227796407   0.976467762876976  187              0.836380260419245
T1178TS360_4o  10920.0100128946  3603.92170446    3.0300353083089    0.967181448882062  194              0.821279386498643
T1178TS350_1o  10625.1227897623  3071.4401567075  3.45932925522212   0.983679563345407  171              0.864099747550082
T1178TS350_4o  10486.0536760543  3552.013637683   2.95214341657044   0.962801268455825  199              0.811969335655442
T1178TS350_2o  10185.4534362738  2973.82005648    3.42504026566083   0.982736282754961  164              0.86248305710781
T1178TS360_3o  9505.30875980483  3595.3553616     2.64377448230174   0.939324678360191  208              0.734744615531359
T1178TS360_2o  9040.74452521168  3371.14243449    2.68180437370912   0.942838116182706  184              0.778884700707188
T1178TS348_2o  8782.9223334673   3487.3021913     2.518543519222     0.92628023445211   201              0.704369394172428
T1178TS350_5o  8693.0537619352   3124.0137925     2.78265537201056   0.951250954122402  172              0.776052321434217
T1178TS348_5o  8590.772333911    3151.73672697    2.72572650513546   0.946657846880918  183              0.794520619711919
T1178TS348_1o  8588.51934085959  3830.72792262    2.24200713659286   0.887954144833321  212              0.692936808495774
T1178TS348_3o  7174.94456026433  3138.7068328     2.28595563156297   0.895037209953595  176              0.718805089544459
T1178TS360_1o  7173.02059764458  3774.27187629    1.9005044768252    0.817699844258828  219              0.640241006930082
T1178TS367_4o  18482.5350772402   4109.50280793     4.49751124188915    0.997068149718068   214              0.974066999997168
T1178TS367_5o  17546.8133480416   4051.9844346605   4.33042466746588    0.9961303257936     214              0.979492696791669
T1178TS374_2o  17424.0699547947   4039.6321262887   4.31328136079623    0.996018612632059   210              0.983180351700849
T1178TS374_1o  16394.1334748309   4229.7622009367   3.87589956503946    0.991781914314732   212              0.91380269563261
T1178TS367_3o  16083.6982373713   3980.52139418     4.04060087728396    0.993742318137934   220              0.951930208458337
T1178TS390_2o  15858.1434943795   3992.585116118    3.97189866544371    0.992988479236048   209              0.938866939137936
T1178TS390_1o  15472.2346284818   4106.0542253      3.76815155853218    0.990181169758554   213              0.938456803034474
T1178TS385_1o  14559.8627391061   3851.79338403     3.78002174246237    0.990371661114874   206              0.928332969707798
T1178TS399_4o  14380.2168616547   3870.7621782977   3.71508664166468    0.989282949429673   209              0.930717062045311
T1178TS399_2o  14306.8832663032   3630.835340769    3.94038338936986    0.992613145333583   195              0.921808132954815
T1178TS374_3o  14046.849058673    3803.083385024    3.69354222260482    0.988895486882839   197              0.928215911894448
T1178TS390_3o  13897.6898044845   3948.25721363     3.51995552784847    0.98522488939134    211              0.922737396198697
T1178TS390_4o  13677.4037557419   4065.130674516    3.36456681244825    0.980940472834663   216              0.860054173382533
T1178TS374_5o  13096.5692988138   4239.3380794531   3.08929579414514    0.970175872603152   216              0.851198455353544
T1178TS374_4o  12793.445779093    3552.6943691726   3.60105442508767    0.987068722920588   197              0.875915256396383
T1178TS390_5o  11202.6530853301   3691.465422142    3.03474414744204    0.96742964691114    195              0.776012170980664
T1178TS399_3o  10847.7405365946   3971.3042912941   2.73153093817945    0.947144249856742   212              0.784897433988994
T1178TS399_1o  10525.1124836173   3841.091529245    2.74013581907176    0.947857625822984   199              0.727414827996012
T1178TS399_5o  10388.6639941795   4632.1561746      2.24272749074066    0.888073537831179   242              0.694860720574704
T1178TS398_1o  2623.71771021715   4024.47936899     0.651939659682144   0.358909453482909   216              0.425772029542013
T1178TS398_2o  -3030.46730934227  3048.532714987    -0.994074065350876  0.0347751920429255  166              0.141162030235107
T1178TS398_3o  -4476.07499169033  2977.89142211327  -1.50310214753024   0.0151896185435862  172              0.0768210215038957
T1178TS398_4o  -4565.87736325365  3550.6800407      -1.28591630643056   0.0216712235130475  190              0.0476695100982191
T1178TS398_5o  -5359.91227824975  3346.41999259     -1.60168546988072   0.0129178594656499  198              0.0314039320380654
T1178TS439_1o  17869.3319122269   4050.854362811   4.41125014917269   0.996616370342048   209              0.992374558371886
T1178TS423_1o  17463.7898265329   4045.400512572   4.31694952632259   0.996042782997954   206              0.987086812779831
T1178TS444_2o  16543.602859433    4434.69347005    3.73049523516368   0.98955183094847    234              0.920376229941173
T1178TS444_1o  15139.7845637281   4813.850759873   3.14504651659112   0.972750104356843   241              0.818629097311092
T1178TS423_2o  13701.9504326982   3969.14085492    3.45211997596754   0.983485540848546   195              0.931443434319997
T1178TS439_2o  13523.4075192232   3462.92246171    3.90520078597004   0.99217053878992    186              0.92659183804878
T1178TS439_3o  13199.5492914763   3432.26527628    3.84572526567129   0.991361715366478   181              0.915941283208842
T1178TS439_5o  13149.5659612759   3186.064497      4.12721273334472   0.994578902898763   179              0.934865023815939
T1178TS444_4o  11292.2281166522   4415.012019104   2.55768909977823   0.930613291926082   239              0.76684972361452
T1178TS439_4o  11159.2036631676   3318.37927822    3.36284756128103   0.980886826325407   185              0.862087364221005
T1178TS441_1o  6892.93831858461   1836.59914648    3.75309894475096   0.989934232925274   106              0.952378690874847
T1178TS433_1o  6892.93831858461   1836.59914648    3.75309894475096   0.989934232925274   106              0.952378690874847
T1178TS444_3o  6665.28868242901   3915.9677845701  1.70207954945184   0.76316897978635    221              0.615719405050017
T1178TS433_5o  6564.45045570966   2658.06206068    2.46963776836358   0.920517290773334   150              0.754895637268544
T1178TS441_5o  6564.45045570966   2658.06206068    2.46963776836358   0.920517290773334   150              0.754895637268544
T1178TS423_3o  5867.1228246686    2764.664791      2.12218235055774   0.866493439348212   155              0.637133779315363
T1178TS433_3o  5719.69541866741   2491.72425401    2.29547688090388   0.896518691016745   137              0.731547067706008
T1178TS441_3o  5719.69541866741   2491.72425401    2.29547688090388   0.896518691016745   137              0.731547067706008
T1178TS423_4o  3797.02159508443   2323.04970981    1.63449864161322   0.742212069088131   140              0.634025261978635
T1178TS433_2o  2391.98071607685   2230.217186      1.07253263542775   0.530185180256735   135              0.510432126071359
T1178TS441_2o  2391.98071607685   2230.217186      1.07253263542775   0.530185180256735   135              0.510432126071359
T1178TS433_4o  1459.62267034428   1385.467958169   1.05352322422042   0.522286566422226   96               0.531908151483285
T1178TS441_4o  1459.62267034428   1385.467958169   1.05352322422042   0.522286566422226   96               0.531908151483285
T1178TS423_5o  -398.523166605473  268.384585       -1.48489588776298  0.0156502689997043  25               0.0443468413493483
T1178TS493_2o  17432.2750589596   4234.7288068     4.11650328846736    0.994481811360328    220              0.923378454433484
T1178TS493_1o  16344.6170527278   4140.27525095    3.94771266692414    0.992702175788502    214              0.948063432821052
T1178TS444_5o  14589.3813541257   4739.5641642     3.0782115926029     0.969636675407183    239              0.801504698543367
T1178TS493_3o  13567.684216595    3969.656897695   3.4178480826575     0.982531734434627    214              0.890458987341549
T1178TS493_4o  13088.5527713444   3674.4242546158  3.56206901119342    0.986212575528101    202              0.852875700582728
T1178TS493_5o  10071.3097617879   3440.00125278    2.92770525988874    0.961314698363044    196              0.815633095346289
T1178TS447_4o  9255.46067962093   3480.760125454   2.65903433331641    0.94075811362181     193              0.738891348264035
T1178TS447_2o  6412.48751706008   3440.33547641    1.8639134354861     0.808432308759578    192              0.587937038295047
T1178TS447_1o  4985.90005963105   3244.038617473   1.53694226473632    0.709901101920739    176              0.577285531077173
T1178TS447_3o  4930.6217711759    3169.4313466751  1.55568025675911    0.716290251598582    183              0.56717188594795
T1178TS447_5o  3663.64158452305   2820.4738252341  1.29894542957475    0.622046195778474    163              0.557868669401497
T1178TS462_4o  -68.5194946060835  44.1606          -1.55159790868067   0.014026747544821    5                0.0198900011248468
T1178TS462_3o  -132.473982181571  58.37518         -2.26935458154597   0.00428250993133356  6                0.00483257831309337
T1178TS462_1o  -159.734542603894  298.254493       -0.535564581097171  0.0718058948805886   19               0.0980321084866592
T1178TS461_5o  -164.724677972013  213.787871       -0.770505254584871  0.0496967270759798   21               0.0581958748302456
T1178TS446_5o  -164.724677972013  213.787871       -0.770505254584871  0.0496967270759798   21               0.0581958748302456
T1178TS461_3o  -804.981257740706  453.2036457      -1.77620207908382   0.00968923363126156  37               0.0155132754909792
T1178TS446_3o  -804.981257740706  453.2036457      -1.77620207908382   0.00968923363126156  37               0.0155132754909792
T1178TS461_4o  -1299.50911403382  881.94099        -1.4734649242619    0.0159464898885999   63               0.0320986536036529
T1178TS446_4o  -1299.50911403382  881.94099        -1.4734649242619    0.0159464898885999   63               0.0320986536036529
T1178TS461_1o  -1688.71633627324  1055.6866574     -1.59963785128467   0.0129614471457636   74               0.0259212919706868
T1178TS446_1o  -1688.71633627324  1055.6866574     -1.59963785128467   0.0129614471457636   74               0.0259212919706868
T1178TS461_2o  -2441.7163840028   1123.53918469    -2.17323651660312   0.00502282372611956  62               0.0107974831439305
T1178TS446_2o  -2441.7163840028   1123.53918469    -2.17323651660312   0.00502282372611956  62               0.0107974831439305
T1178TS494_1o  12811.6015390415   3434.001270582    3.73080861931951    0.989557229701733   180              0.915945998085171
T1178TS494_3o  11558.5316672275   3211.8903575922   3.59866943773645    0.987017887700019   175              0.886502565617714
T1178TS494_2o  10233.3982423876   3348.97331752     3.05568222620707    0.968511472146452   174              0.788263708755449
T1178TS494_4o  8025.56953589531   3257.93933878     2.46338826520344    0.919751868111958   177              0.730608553385973
T1178TS494_5o  7043.93504465525   2858.798985277    2.46394905025921    0.919820825437842   155              0.754778976561932
T1179TS035_1o  6525.19181833505   4435.365682769    1.47117335638972    0.686818877890304   237              0.518634933856351
T1179TS003_1o  4961.09019904696   2054.21255864     2.4150812330402     0.913605016872059   120              0.825284065983878
T1179TS003_3o  3104.8046323417    1898.6236306      1.63529231507591    0.742465081609706   113              0.613042953695336
T1179TS035_3o  2558.05010256772   1453.322199999    1.76013970100332    0.780211531759671   86               0.676898433790094
T1179TS037_2o  2215.13323030508   2510.69976889672  0.882277227148701   0.45110559837226    143              0.492249675369233
T1179TS037_5o  1977.26232234345   3078.43539812     0.642294564164303   0.355219113874677   157              0.407132004338525
T1179TS003_2o  1713.95461879387   1513.90817776     1.13213908476923    0.554836490766006   93               0.567098364505571
T1179TS054_4o  808.825532320541   2396.6572867      0.337480680616722   0.248953980455678   130              0.383813521156728
T1179TS035_4o  445.238437785197   1317.45045959     0.337954595973011   0.249101694318992   82               0.37370565399856
T1179TS037_1o  -186.032720454172  1523.64661247     -0.122097026260303  0.133523012397634   97               0.270731240210598
T1179TS054_1o  -410.223951103577  2080.182071009    -0.197205791176056  0.119692746451838   116              0.28685376628086
T1179TS003_5o  -514.823897152314  1527.26784551     -0.33708815298236   0.0972219471397617  100              0.217030236612295
T1179TS035_5o  -674.52445299872   1326.79831166     -0.508385070338837  0.0748842610530885  92               0.21085601937126
T1179TS054_2o  -810.704700879514  1769.79736934     -0.458077695743126  0.0809038378067631  105              0.164900254269652
T1179TS003_4o  -1426.62997697502  1805.756975719    -0.790045391577115  0.0481810528408838  105              0.0917783261966829
T1179TS035_2o  -1590.75789519541  1264.7303523      -1.25778423226936   0.0226879129745258  82               0.0429451654962021
T1179TS037_4o  -1626.050064297    1944.1749960244   -0.836370217507205  0.0447613128659413  114              0.159309453953371
T1179TS054_3o  -2610.99065497546  2001.93058368     -1.30423635877318   0.021033234114807   126              0.0426807312856813
T1179TS037_3o  -2968.20634470879  3176.494229984    -0.934428376003611  0.0382707417541555  176              0.110691820419225
T1179TS073_2o  9208.56142358722   3030.15132613     3.03897740821679    0.967651228628356    187              0.854117411994094
T1179TS091_2o  8832.29658379303   3087.424840757    2.86073250017236    0.956943075168867    167              0.873439239856678
T1179TS073_1o  8649.51684121938   1988.50831686     4.34975140304045    0.996252526942579    119              0.929805207992989
T1179TS074_4o  6748.10946154927   1978.17738628     3.41127621231138    0.982342747763359    127              0.821747496102823
T1179TS086_4o  6392.46863334187   3517.671679542    1.81724425008708    0.796096529738777    195              0.641339283002234
T1179TS091_3o  5516.91526883874   3134.7337168146   1.75993107141644    0.780151899093396    168              0.646233037698257
T1179TS073_4o  5404.05048938472   2908.604533344    1.85795298997617    0.806889107629567    170              0.690168797816906
T1179TS091_1o  5299.34930803453   2675.02304099     1.981048098215      0.836864382293583    151              0.752406690732393
T1179TS086_2o  4961.09019904696   2054.21255864     2.4150812330402     0.913605016872059    120              0.825284065983878
T1179TS074_5o  4512.97373236837   3183.2138532      1.41774129558767    0.667352604631098    188              0.603427181297119
T1179TS091_5o  4431.16049438413   2473.0472494      1.7917815745167     0.789121132965431    142              0.746607361718449
T1179TS091_4o  4116.15949167575   2599.6944876      1.58332431418729    0.725559218969459    145              0.564076504608082
T1179TS073_3o  3656.41770751309   2181.6905162      1.67595618185192    0.755209719052774    122              0.60727870736525
T1179TS086_1o  3104.8046323417    1898.6236306      1.63529231507591    0.742465081609706    113              0.613042953695336
T1179TS073_5o  2732.46394840912   3412.03542499     0.800831060661431   0.417766663890333    202              0.431608930832678
T1179TS086_3o  808.01488063174    1682.78760352     0.480164507357649   0.296005504304793    100              0.437131122928622
T1179TS054_5o  650.919775407233   1543.0470456856   0.421840524711947   0.276158168982058    94               0.374329858745933
T1179TS098_1o  -379.850996048279  253.131631        -1.50060659960856   0.0152519618938917   24               0.025344128440137
T1179TS071_3o  -1199.18438343328  3182.484287532    -0.376807636767074  0.0915645709180353   171              0.225551966701383
T1179TS071_2o  -1478.79090175953  3227.48191973664  -0.458187199350818  0.0808902679883722   172              0.273084849283982
T1179TS071_1o  -1696.11164131889  3139.45811848332  -0.5402561771196    0.0712864800004056   171              0.246797639363277
T1179TS086_5o  -1950.29614739769  1820.2970366      -1.07141642720053   0.0306985358126906   106              0.0820132872463749
T1179TS071_5o  -2715.22777431117  1367.47932407332  -1.98557135490964   0.00685463308763584  86               0.0252614482199811
T1179TS071_4o  -3919.32955386854  2066.2653420521   -1.89681812597025   0.00793874060619321  120              0.0247287921366355
T1179TS119_5o  11486.2832343151   2940.942162848    3.90564744163204    0.992176319493327    163              0.910936269191096
T1179TS131_2o  8815.63349250089   2947.29921955     2.99108873439965    0.965057412064965    165              0.739101684931499
T1179TS147_2o  4070.4430512697    1786.611151397    2.2783038424936     0.893833073390635    106              0.756737040338362
T1179TS147_3o  3939.2614178838    1857.044730867    2.1212528445907     0.866314124861276    118              0.729510147603257
T1179TS147_1o  3525.06411726575   1797.570527254    1.96101575088167    0.832254860817342    115              0.661231457272045
T1179TS147_5o  2372.81896850173   1707.751782446    1.38944019434906    0.656800180343916    103              0.572949958686312
T1179TS119_2o  2130.1102386125    1808.43371771     1.17787575942227    0.573576809111057    107              0.547130093029778
T1179TS119_4o  2046.75344062265   1918.876495       1.06664157175089    0.527738811033492    114              0.491977867135695
T1179TS119_3o  1851.08484958763   1854.0532242      0.998398980906469   0.499332909106846    109              0.50308337915442
T1179TS131_1o  1571.68698223568   3055.79715648     0.514329617364434   0.308007573821988    167              0.414277754605364
T1179TS147_4o  1469.47446720479   1222.51301139     1.20201131072953    0.583385171607255    88               0.528486763234487
T1179TS125_4o  808.825532320541   2396.6572867      0.337480680616722   0.248953980455678    130              0.383813521156728
T1179TS125_5o  650.919775407233   1543.0470456856   0.421840524711947   0.276158168982058    94               0.374329858745933
T1179TS125_1o  -410.223951103577  2080.182071009    -0.197205791176056  0.119692746451838    116              0.28685376628086
T1179TS131_5o  -628.782090692802  1395.9765719      -0.450424529572868  0.0818573843130515   88               0.19730353436525
T1179TS125_2o  -810.704700879514  1769.79736934     -0.458077695743126  0.0809038378067631   105              0.164900254269652
T1179TS098_3o  -1149.27820851813  1139.8226342      -1.00829565410829   0.0339883057352709   62               0.1473539530545
T1179TS119_1o  -1794.24055422582  1728.5643099      -1.037994677982     0.0324000802347943   103              0.132825920262819
T1179TS098_2o  -1931.68581797664  1159.9574103      -1.66530753700435   0.0116333331048328   80               0.0197127929177294
T1179TS131_4o  -2530.48052694078  1715.0686648      -1.47543977618871   0.0158949224766923   101              0.0426302951076058
T1179TS125_3o  -2610.99065497546  2001.93058368     -1.30423635877318   0.021033234114807    126              0.0426807312856813
T1179TS131_3o  -2747.62674462728  1538.5584981      -1.78584483334263   0.00953623317915447  106              0.0153879063256114
T1179TS098_4o  -27191.7146009417  13221.0619389696  -2.05669671063208   0.00609305178960901  382              0.0122977713133756
T1179TS098_5o  -33409.7397050822  13426.0895019492  -2.48841926014509   0.00297648256974253  399              0.00384772286264484
T1179TS158_1o  4961.09019904696   2054.21255864     2.4150812330402     0.913605016872059    120              0.825284065983878
T1179TS158_5o  3656.72351794051   1859.54976144     1.96645639378255    0.833516966766303    107              0.705554204965056
T1179TS158_2o  3104.8046323417    1898.6236306      1.63529231507591    0.742465081609706    113              0.613042953695336
T1179TS150_1o  1051.36744090074   1877.76995954664  0.559902151781456   0.324427932938169    118              0.42242459837945
T1179TS158_3o  808.01488063174    1682.78760352     0.480164507357649   0.296005504304793    100              0.437131122928622
T1179TS169_4o  -379.850996048279  253.131631        -1.50060659960856   0.0152519618938917   24               0.025344128440137
T1179TS180_3o  -456.869599204041  479.9505573       -0.951909717063769  0.0372126839666382   41               0.0574047944389233
T1179TS180_1o  -688.296030229753  392.417492        -1.75398916781659   0.0100509935150703   30               0.0157534294491433
T1179TS180_2o  -711.530239665865  433.9830896       -1.63953448122064   0.0121377343987313   38               0.0269812520085495
T1179TS180_4o  -1049.85563928723  385.3721264       -2.72426459353608   0.0020110049923544   27               0.00488717155609203
T1179TS169_3o  -1149.27820851813  1139.8226342      -1.00829565410829   0.0339883057352709   62               0.1473539530545
T1179TS150_2o  -1241.883278845    1736.30000909664  -0.715246945999343  0.0542310380842402   108              0.194570376024047
T1179TS169_2o  -1931.68581797664  1159.9574103      -1.66530753700435   0.0116333331048328   80               0.0197127929177294
T1179TS158_4o  -1950.29614739769  1820.2970366      -1.07141642720053   0.0306985358126906   106              0.0820132872463749
T1179TS150_3o  -2073.74089401753  1114.3013691      -1.86102337439687   0.0084226513512064   76               0.0142637162446448
T1179TS150_5o  -2604.3655515752   1515.6009664      -1.71837153004814   0.0106591607388335   92               0.037370914599612
T1179TS150_4o  -3470.45553494084  2061.28275329995  -1.68363875813976   0.0112872367295171   116              0.127478264750314
T1179TS165_2o  -4021.06881582904  1824.69006563     -2.20369962634762   0.00477535876202523  93               0.00698688340167685
T1179TS165_4o  -4216.92891286484  1572.7020257      -2.68132732326578   0.00215986892158498  86               0.00273389809938939
T1179TS165_1o  -4632.09140151784  2126.44151282264  -2.17833002863512   0.00498057598605178  122              0.00713808525188605
T1179TS165_3o  -4935.05006019572  1765.98280160064  -2.79450629741283   0.00178923343692483  94               0.00244725440213695
T1179TS165_5o  -5538.34644633561  2041.5872372      -2.71276502194996   0.00204983977622947  108              0.00264785749678984
T1179TS169_1o  -27191.7146009417  13221.0619389696  -2.05669671063208   0.00609305178960901  382              0.0122977713133756
T1179TS169_5o  -33409.7397050822  13426.0895019492  -2.48841926014509   0.00297648256974253  399              0.00384772286264484
T1179TS187_4o  6303.5483322808    2906.79074363     2.16855937982276     0.875184597443298    155              0.738565448517135
T1179TS187_1o  5769.73165407513   4369.72573414     1.32038759526647     0.630410747257106    239              0.521997462736234
T1179TS185_1o  4954.50928878816   1704.8187608      2.90617947356657     0.959958198305322    107              0.857777426984185
T1179TS185_2o  4928.31841942688   1735.764972563    2.83927749282197     0.955445411587519    111              0.782983661120816
T1179TS205_5o  4369.79382978068   1645.62811393     2.65539570744509     0.940419227284816    96               0.730700811546341
T1179TS185_5o  3850.56302186879   2028.82202641     1.89793041072329     0.81705945938426     123              0.69071014820596
T1179TS205_4o  3055.02978858372   1482.02081402     2.06139465767482     0.854332159145684    89               0.650099390756904
T1179TS205_2o  2743.25131466545   1803.73327157     1.52087415467902     0.704355106398023    110              0.619809415108998
T1179TS229_1o  2211.65257390351   1361.8188145      1.62404319161616     0.738863895597885    96               0.615675329051419
T1179TS185_4o  1940.80449010005   1756.03583512     1.10521918248179     0.543729316163938    106              0.511966525074745
T1179TS185_3o  1843.39168810196   1280.4139819      1.43968412885226     0.675420920912579    82               0.550690757060509
T1179TS205_1o  160.578415389523   1652.4978671      0.0971731453253404   0.181723882677385    98               0.330164341574103
T1179TS187_5o  -197.42369814283   2447.99502137     -0.0806470995322302  0.141719830605609    125              0.26430642744193
T1179TS229_2o  -369.2660135558    1561.55284023332  -0.236473594771616   0.112966711448019    100              0.174418965843902
T1179TS188_4o  -404.000053253581  515.9396217       -0.783037464582421   0.048719523334069    41               0.0954836115655712
T1179TS187_2o  -527.777159133991  1634.08632749     -0.322979973735336   0.0993053705108478   102              0.214242743420426
T1179TS188_5o  -588.787327252104  919.912425        -0.640047151501518   0.0610303475056873   61               0.144321427603339
T1179TS188_2o  -779.32143821135   1261.9593134      -0.617548783020337   0.0632148547403471   81               0.20740887335375
T1179TS180_5o  -988.731298027336  385.8325726       -2.5625915701326     0.00263127342437841  20               0.00329302029472145
T1179TS205_3o  -1264.41050370736  1251.80187        -1.01007238765936    0.0338912136701549   81               0.0770853713948621
T1179TS188_3o  -1793.1071171976   912.3080654       -1.96546230950114    0.00708660415430246  55               0.0108403365509241
T1179TS188_1o  -1959.93537636817  1199.4098939      -1.63408304895272    0.0122471601960936   66               0.0211468532599018
T1179TS229_3o  -2020.70370750545  1468.2532233846   -1.37626376385358    0.018698441992601    86               0.0625609032938936
T1179TS187_3o  -2140.45044751598  1835.733417983    -1.16599198257653    0.0263396623129751   113              0.136245110334307
T1179TS239_4o  10761.8370500273   3621.3284681      2.97179257414165     0.963956546214632    183              0.833745433084238
T1179TS229_4o  10761.8370500273   3621.3284681      2.97179257414165     0.963956546214632    183              0.833745433084238
T1179TS278_1o  7923.99159355446   2042.41146316     3.87972342325896     0.991833696084468    122              0.905935075544448
T1179TS248_1o  6525.19181833505   4435.365682769    1.47117335638972     0.686818877890304    237              0.518634933856351
T1179TS278_2o  4518.55862284596   1934.27055308     2.33605304886171     0.902626529404603    109              0.71566930542205
T1179TS278_3o  4380.36546023346   1996.94443492     2.19353397302161     0.87966094096935     117              0.708855774748741
T1179TS248_3o  2558.05010256772   1453.322199999    1.76013970100332     0.780211531759671    86               0.676898433790094
T1179TS239_1o  2211.65257390351   1361.8188145      1.62404319161616     0.738863895597885    96               0.615675329051419
T1179TS248_4o  445.238437785197   1317.45045959     0.337954595973011    0.249101694318992    82               0.37370565399856
T1179TS239_5o  -177.820908865443  3203.843685126    -0.0555023672631051  0.146894245209271    170              0.320121661373744
T1179TS229_5o  -177.820908865443  3203.843685126    -0.0555023672631051  0.146894245209271    170              0.320121661373744
T1179TS234_2o  -191.061656301415  85.8863420000001  -2.22458719107417    0.00461273009076546  14               0.00713612248484444
T1179TS239_2o  -369.2660135558    1561.55284023332  -0.236473594771616   0.112966711448019    100              0.174418965843902
T1179TS248_5o  -674.52445299872   1326.79831166     -0.508385070338837   0.0748842610530885   92               0.21085601937126
T1179TS234_1o  -924.829761948232  463.4724801       -1.99543619450434    0.00674360853141098  44               0.010122122417495
T1179TS245_1o  -1417.27781372993  1589.65584727     -0.891562671356755   0.040988778094492    100              0.168581932894025
T1179TS234_3o  -1493.53113628539  574.71957736      -2.5987128246892     0.00247792019145499  46               0.00483445476529281
T1179TS248_2o  -1590.75789519541  1264.7303523      -1.25778423226936    0.0226879129745258   82               0.0429451654962021
T1179TS234_4o  -1865.89399349023  716.3487367       -2.60472853220323    0.00245326089442327  60               0.00503955131141553
T1179TS245_2o  -1998.89425055874  1526.6022256901   -1.30937464712207    0.0208576194233746   97               0.0523915835846854
T1179TS239_3o  -2020.70370750545  1468.2532233846   -1.37626376385358    0.018698441992601    86               0.0625609032938936
T1179TS245_5o  -2304.2131349273   1469.8486311      -1.56765335298702    0.0136614419129356   97               0.0261568943408312
T1179TS245_4o  -2400.66717899905  1480.577402       -1.62143983540217    0.0125047095242152   97               0.0210222553916321
T1179TS245_3o  -2436.34567220287  1494.2051705      -1.6305295419287     0.0123190131640433   97               0.0221734332232138
T1179TS291_2o  8929.37885189529   2661.997596     3.35439027642732    0.980620767304028    148              0.840243613196903
T1179TS288_5o  6748.10946154927   1978.17738628   3.41127621231138    0.982342747763359    127              0.821747496102823
T1179TS288_1o  6748.10946154927   1978.17738628   3.41127621231138    0.982342747763359    127              0.821747496102823
T1179TS288_4o  5404.05048938472   2908.604533344  1.85795298997617    0.806889107629567    170              0.690168797816906
T1179TS288_2o  4512.97373236837   3183.2138532    1.41774129558767    0.667352604631098    188              0.603427181297119
T1179TS288_3o  3656.41770751309   2181.6905162    1.67595618185192    0.755209719052774    122              0.60727870736525
T1179TS278_4o  3618.14658498834   2157.847808362  1.67673854058078    0.75545069398288     128              0.668129505743982
T1179TS312_3o  2033.04207899467   1066.0892672    1.90700923604108    0.819310354288432    59               0.641508269707115
T1179TS312_4o  1488.22253187766   1147.5872759    1.29682732035393    0.621215876421251    65               0.518515184090893
T1179TS314_2o  1402.71210278052   1594.4070693    0.879770373444446   0.45007127719856     98               0.498376167685643
T1179TS291_4o  611.334156688925   829.40927571    0.737071762509051   0.392166684051072    56               0.515049489665831
T1179TS278_5o  565.63004746495    2037.17220541   0.277654508520605   0.230780530109659    121              0.383563120728038
T1179TS312_2o  -522.363247262854  1294.469232263  -0.403534695335829  0.087926086873876    67               0.170947585432771
T1179TS291_3o  -548.736026515779  1106.6839922    -0.495838044449288  0.076345893888479    74               0.172130194784383
T1179TS312_5o  -630.104622183241  1134.6450897    -0.555331907662722  0.0696408194079389   72               0.199390455182566
T1179TS298_5o  -777.945829469235  1158.99087758   -0.671226878932476  0.058119447527501    77               0.240503277068308
T1179TS291_5o  -1031.74419270601  1454.49133223   -0.709350526774301  0.0547372976891065   92               0.127606107527789
T1179TS314_1o  -1377.47726740156  1547.78036197   -0.889969469342742  0.041093283235494    92               0.161938666104522
T1179TS298_4o  -1719.04560858098  1515.703148139  -1.13415718024446   0.0277351244149263   88               0.0786710415836128
T1179TS298_3o  -1778.97048481835  1253.83607567   -1.41882222033509   0.0174404219730916   81               0.0304497644937208
T1179TS291_1o  -1907.69197579952  1439.859082842  -1.32491574941772   0.0203351505027712   95               0.0597653783199234
T1179TS312_1o  -1992.53981131322  1034.9471443    -1.92525755763199   0.00757401396883717  81               0.0155076519965257
T1179TS298_1o  -2013.12030666719  1648.08362915   -1.22149159852128   0.0240685580271883   98               0.0965682293839343
T1179TS298_2o  -2079.41511755931  1226.1764983    -1.69585301988928   0.0110623004284045   86               0.0252257293316042
T1179TS350_2o  8929.37885189529   2661.997596       3.35439027642732    0.980620767304028    148              0.840243613196903
T1179TS320_1o  2024.35281996507   2209.183246628    0.916335402712723   0.465196126135197    125              0.450251702105681
T1179TS314_5o  1381.27875986571   1823.04772483332  0.757675589645906   0.400381922491088    113              0.467189677163488
T1179TS350_4o  611.334156688925   829.40927571      0.737071762509051   0.392166684051072    56               0.515049489665831
T1179TS350_3o  -548.736026515779  1106.6839922      -0.495838044449288  0.076345893888479    74               0.172130194784383
T1179TS350_5o  -1031.74419270601  1454.49133223     -0.709350526774301  0.0547372976891065   92               0.127606107527789
T1179TS348_4o  -1099.77541590948  1934.46186519     -0.568517496105543  0.0682303703516159   111              0.244758459606647
T1179TS314_3o  -1104.9725656597   2611.9793815      -0.423040309386033  0.0853536832137505   137              0.232019940120539
T1179TS360_1o  -1265.74109452587  1208.7190051014   -1.0471756373349    0.0319237874685737   80               0.0713276037057447
T1179TS367_1o  -1426.62997697502  1805.756975719    -0.790045391577115  0.0481810528408838   105              0.0917783261966829
T1179TS348_2o  -1452.23538223347  1930.44830758132  -0.752278823799739  0.0511511418284319   112              0.126160348293888
T1179TS350_1o  -1907.69197579952  1439.859082842    -1.32491574941772   0.0203351505027712   95               0.0597653783199234
T1179TS320_3o  -1933.48841735449  2982.359479998    -0.648308304321444  0.0602460821821059   134              0.156411947344093
T1179TS360_5o  -2027.83867862265  1260.6056571      -1.60862254361737   0.0127712624217114   77               0.124876760507005
T1179TS314_4o  -2506.87757483311  1304.58209867     -1.92159433843898   0.00762004409644756  94               0.0209985278970221
T1179TS360_3o  -2529.84297312698  1405.3490906      -1.80015270942175   0.00931361066913633  83               0.0359185039842365
T1179TS348_1o  -2563.05235843657  1758.86684287     -1.45721796327365   0.0163770243237714   99               0.0442852527485661
T1179TS320_5o  -2597.47508601755  1424.141066422    -1.8238889020618    0.00895558933333973  82               0.0223212109434772
T1179TS320_4o  -2793.78773306854  1530.4561926      -1.82546076560502   0.00893236772468964  89               0.0223778882946349
T1179TS348_5o  -3754.74757472626  1868.7997354      -2.00917599869126   0.00659194323766188  113              0.01041726311579
T1179TS360_4o  -3754.74757472626  1868.7997354      -2.00917599869126   0.00659194323766188  113              0.01041726311579
T1179TS348_3o  -3860.40336414791  1537.140396694    -2.51141884791439   0.00286486593481317  92               0.00595499572034419
T1179TS360_2o  -3860.40336414791  1537.140396694    -2.51141884791439   0.00286486593481317  92               0.00595499572034419
T1179TS320_2o  -3876.58558687148  2178.0917507      -1.77980821314144   0.00963173303983184  124              0.0451508450150496
T1179TS374_3o  9637.29265641775   2856.6699407      3.37361083235826    0.981220254890953    156              0.823262918247246
T1179TS374_4o  9352.53941551588   2976.57452249     3.14204779515891    0.972617310667448    161              0.775008217308444
T1179TS367_2o  4961.09019904696   2054.21255864     2.4150812330402     0.913605016872059    120              0.825284065983878
T1179TS374_2o  4154.7490277352    1766.7355212      2.35165307873202    0.904887922251736    107              0.727676353521963
T1179TS367_4o  3104.8046323417    1898.6236306      1.63529231507591    0.742465081609706    113              0.613042953695336
T1179TS367_3o  1713.95461879387   1513.90817776     1.13213908476923    0.554836490766006    93               0.567098364505571
T1179TS390_1o  1381.27875986571   1823.04772483332  0.757675589645906   0.400381922491088    113              0.467189677163488
T1179TS374_1o  1305.55961613944   1666.447191555    0.78343893689256    0.410733222208782    103              0.524910021892268
T1179TS399_4o  808.825532320541   2396.6572867      0.337480680616722   0.248953980455678    130              0.383813521156728
T1179TS399_1o  -410.223951103577  2080.182071009    -0.197205791176056  0.119692746451838    116              0.28685376628086
T1179TS399_2o  -810.704700879514  1769.79736934     -0.458077695743126  0.0809038378067631   105              0.164900254269652
T1179TS367_5o  -1064.08652768875  1674.415419601    -0.635497329535051  0.061466347537634    107              0.261261695372048
T1179TS390_2o  -1299.12089438627  1731.11598746664  -0.750452831463615  0.0512990504141211   107              0.202466972796152
T1179TS398_2o  -1406.72588588934  1454.3938147      -0.967224882058171  0.0363088923205904   101              0.198014632156585
T1179TS385_1o  -1417.27781372993  1589.65584727     -0.891562671356755  0.040988778094492    100              0.168581932894025
T1179TS390_5o  -1591.10177935755  1524.41016103332  -1.04374913001041   0.0321007517683643   95               0.087340022386002
T1179TS398_1o  -1798.26585295049  1506.295635644    -1.19383327575112   0.0251754352712836   108              0.205638714520168
T1179TS398_3o  -2030.75894953748  948.46568588      -2.14109901894164   0.00529773004088013  62               0.014892255797828
T1179TS390_3o  -2098.79966712599  1159.9074287      -1.80945445748052   0.00917165009083409  80               0.016779045289487
T1179TS374_5o  -2516.0492558708   2152.09554362     -1.16911596389378   0.0262064623351574   113              0.0475629436684637
T1179TS399_3o  -2610.99065497546  2001.93058368     -1.30423635877318   0.021033234114807    126              0.0426807312856813
T1179TS398_4o  -3427.4218206676   1259.00944996664  -2.72231619926159   0.00201753279465239  62               0.00453485592730278
T1179TS390_4o  -3770.29039430991  2050.94125290125  -1.8383219845895    0.00874459317486692  118              0.109827748787248
T1179TS398_5o  -4122.29113828523  1762.51909122532  -2.33886325476304   0.00381583705337712  99               0.00823878844448514
T1179TS423_4o  6303.5483322808    2906.79074363    2.16855937982276     0.875184597443298    155              0.738565448517135
T1179TS439_4o  6044.81463081205   1861.55784161    3.24718066540661     0.976916905974141    115              0.892250374465283
T1179TS423_1o  5769.73165407513   4369.72573414    1.32038759526647     0.630410747257106    239              0.521997462736234
T1179TS439_2o  5345.3684909052    1577.07648275    3.38941614396805     0.981699560516054    100              0.836785237713488
T1179TS439_3o  4696.76086629155   1748.730798755   2.6858112578765      0.943196967986549    108              0.733106527991674
T1179TS439_1o  4345.20552100795   1735.00599772    2.5044325649122      0.924658098716495    106              0.752229896560124
T1179TS439_5o  2211.65257390351   1361.8188145     1.62404319161616     0.738863895597885    96               0.615675329051419
T1179TS399_5o  650.919775407233   1543.0470456856  0.421840524711947    0.276158168982058    94               0.374329858745933
T1179TS423_5o  -197.42369814283   2447.99502137    -0.0806470995322302  0.141719830605609    125              0.26430642744193
T1179TS433_4o  -371.913439943079  340.602709       -1.0919274278088     0.0296974797816979   30               0.0436235287186822
T1179TS441_4o  -371.913439943079  340.602709       -1.0919274278088     0.0296974797816979   30               0.0436235287186822
T1179TS433_1o  -408.094767922936  205.2212567      -1.98855993031708    0.00682080763313997  18               0.0168583649908726
T1179TS441_1o  -408.094767922936  205.2212567      -1.98855993031708    0.00682080763313997  18               0.0168583649908726
T1179TS423_2o  -527.777159133991  1634.08632749    -0.322979973735336   0.0993053705108478   102              0.214242743420426
T1179TS433_2o  -665.590893700965  1081.850848204   -0.615233509134761   0.0634437529139003   60               0.286666210391177
T1179TS441_2o  -665.590893700965  1081.850848204   -0.615233509134761   0.0634437529139003   60               0.286666210391177
T1179TS433_5o  -731.775672090265  448.902019       -1.63014564675029    0.0123268005112673   37               0.028056854844164
T1179TS441_5o  -731.775672090265  448.902019       -1.63014564675029    0.0123268005112673   37               0.028056854844164
T1179TS433_3o  -800.812796011586  489.296145296    -1.63666279350542    0.0121952564560026   39               0.0406026865720309
T1179TS441_3o  -800.812796011586  489.296145296    -1.63666279350542    0.0121952564560026   39               0.0406026865720309
T1179TS444_1o  -805.814099430016  1380.24037676    -0.58382156687924    0.0666265270213173   86               0.15261580456266
T1179TS444_2o  -1926.21235443901  1810.3083569     -1.06402445036352    0.0310672574581073   104              0.145278128050257
T1179TS423_3o  -2140.45044751598  1835.733417983   -1.16599198257653    0.0263396623129751   113              0.136245110334307
T1179TS444_3o  -3608.109262946    2194.018776      -1.6445206861557     0.0120384929239124   112              0.0296170991298715
T1179TS447_1o  7037.02249642054   2556.698334295    2.75238670203185    0.948857583863873    112              0.857389054348436
T1179TS447_4o  6323.98853290108   2637.5568686      2.39766907329578    0.911286758234447    124              0.805604804149039
T1179TS447_5o  6089.77135525463   2474.70398802     2.46080799349543    0.919433885192194    118              0.841313856718715
T1179TS447_3o  2863.2810833297    2723.32580568582  1.05139130887376    0.521399963923991    112              0.48172735150654
T1179TS444_4o  1527.55577065492   1182.611368747    1.29168026878804    0.619195228032356    64               0.555366098251956
T1179TS447_2o  1343.35912402919   2304.6925522601   0.582879969266105   0.332877296043704    109              0.397509623019568
T1179TS444_5o  1173.65333352665   1557.20624144     0.753691644878929   0.39878889793345     110              0.421948068464578
T1179TS462_4o  -119.817250749582  80.679385         -1.48510366991      0.0156449349707421   7                0.034883746136862
T1179TS461_3o  -182.932089331068  159.543429        -1.14659745297983   0.0271814606488341   16               0.0451694214787422
T1179TS446_3o  -182.932089331068  159.543429        -1.14659745297983   0.0271814606488341   16               0.0451694214787422
T1179TS461_1o  -331.764378764527  160.109383        -2.07211078169308   0.0059394319783902   20               0.0151583637871837
T1179TS446_1o  -331.764378764527  160.109383        -2.07211078169308   0.0059394319783902   20               0.0151583637871837
T1179TS462_3o  -442.802994887489  341.6511929       -1.29606746321853   0.0213154105059762   19               0.0248164138097175
T1179TS461_2o  -476.932426396316  807.129406        -0.590899579238371  0.0658966611328979   39               0.132587974315587
T1179TS446_2o  -476.932426396316  807.129406        -0.590899579238371  0.0658966611328979   39               0.132587974315587
T1179TS462_5o  -534.722233125048  325.8515058       -1.64099973026747   0.0121084876968831   33               0.0226554179231559
T1179TS461_4o  -715.025365159296  567.0903286       -1.26086679510918   0.0225742749011534   39               0.0359290282029841
T1179TS446_4o  -715.025365159296  567.0903286       -1.26086679510918   0.0225742749011534   39               0.0359290282029841
T1179TS493_3o  -812.163656476909  1815.354471712    -0.447385713992808  0.0822388371777398   117              0.222145793583406
T1179TS493_1o  -1012.23102316349  1870.981867677    -0.541015944970259  0.0712026918042656   115              0.263240650671312
T1179TS493_2o  -1588.33269008561  1554.1191533      -1.02201474495244   0.0332455189862085   101              0.11783760455743
T1179TS462_1o  -1695.98559181423  629.20260763      -2.69545226171654   0.00210972208477828  37               0.00306462510101357
T1179TS493_4o  -3690.28191934807  1741.03649902     -2.11958906170276   0.00549003710090062  102              0.0337073914648404
T1179TS494_3o  3983.63253028024   2259.819261823   1.76281023778275     0.780973825850765    131              0.68549461634913
T1187TS003_5o  2373.10105590373   1033.11281518    2.297039607906       0.896760072858245    62               0.834808064645888
T1187TS037_1o  2321.24837527322   1056.85578854    2.19637191795101     0.88016073910892     64               0.789687811242907
T1187TS035_1o  2163.86023470307   1233.0097451     1.75494171339868     0.778722328111934    76               0.697872506025267
T1187TS046_1o  2163.86023470307   1233.0097451     1.75494171339868     0.778722328111934    76               0.697872506025267
T1187TS003_3o  1862.44259873693   1234.677104      1.50844507661408     0.700023225619838    76               0.652838041644476
T1179TS494_1o  1779.02927082419   1767.9838648786  1.00624745856849     0.502603084218326    97               0.506755736945481
T1187TS037_4o  1508.22278743321   1027.21774467    1.46826006001069     0.685773521230129    65               0.633062807295897
T1187TS037_3o  1485.67858397248   1084.8542070928  1.36947303541719     0.649260079199585    68               0.56818216493874
T1187TS037_2o  1380.71709463803   1094.433108      1.26158198664255     0.607298339277004    72               0.581783016842208
T1187TS003_4o  1300.989591939     650.27041        2.00069013126247     0.841284538219941    44               0.775661395900311
T1187TS035_4o  285.052623063867   1004.5561082     0.283759782790664    0.232591832490949    70               0.350929597537155
T1179TS494_2o  -35.7271617172907  1675.97070779    -0.0213172948376896  0.154178738769049    94               0.332644176844136
T1187TS035_3o  -114.881979081617  850.5166976683   -0.135073161287212   0.131040668641536    65               0.296166929398338
T1187TS046_3o  -114.881979081617  850.5166976683   -0.135073161287212   0.131040668641536    65               0.296166929398338
T1187TS035_2o  -116.596530595959  765.4847959      -0.152317238984313   0.127802617475188    59               0.228587819978578
T1187TS046_2o  -116.596530595959  765.4847959      -0.152317238984313   0.127802617475188    59               0.228587819978578
T1179TS494_5o  -580.037399573639  1078.5904494     -0.537773535725542   0.0715609040319082   72               0.171030106224092
T1187TS003_2o  -726.499314280538  1055.079122      -0.688573301406431   0.0565569004755581   64               0.206483956515739
T1187TS035_5o  -831.329533562082  1039.207845993   -0.799964643038002   0.0474285354309689   66               0.174174938187497
T1179TS494_4o  -845.390116509626  1334.40595443    -0.633532931791165   0.0616554899980189   83               0.113963835385959
T1179TS493_5o  -1259.6874503811   1863.3811012231  -0.676022446269448   0.0576834614548202   106              0.219754311211451
T1187TS003_1o  -1791.81716696842  941.30915521     -1.9035373841325     0.00785102657616588  65               0.0159278031277976
T1187TS037_5o  -1820.41236081047  869.6351602      -2.09330584148853    0.00573446564769814  61               0.00782331420862779
T1187TS086_4o  2373.10105590373   1033.11281518     2.297039607906      0.896760072858245    62               0.834808064645888
T1187TS054_3o  2172.32671945866   1034.3308998      2.10022413511837    0.862202731223707    62               0.705785742712689
T1187TS054_1o  2040.293229739     1045.91346698     1.9507285202381     0.829847595807089    62               0.694572611344625
T1187TS054_2o  1703.22364195966   1093.10091403332  1.55815773282552    0.717128616733768    69               0.647942213041756
T1187TS073_5o  1680.58722419189   593.0724488       2.83369633438937    0.955047751432501    33               0.856203606409437
T1187TS073_1o  1443.68018199145   912.95059567      1.58133439951584    0.724898328754319    52               0.595675459737057
T1187TS073_2o  1062.72825992582   953.1579445       1.11495504607402    0.547751954325399    61               0.553166267997507
T1187TS074_4o  1016.69151228293   904.7925442441    1.1236736186109     0.551348999471202    50               0.601069969357434
T1187TS073_4o  851.310818779395   773.6490367       1.10038373783888    0.5417292645239      58               0.497872451890221
T1187TS073_3o  788.03831854086    1069.26251293332  0.736992374659266   0.392135144770077    62               0.437303266600757
T1187TS054_4o  314.61199889853    966.40132322      0.325550049797385   0.245254668277146    58               0.426317791626099
T1187TS046_4o  285.052623063867   1004.5561082      0.283759782790664   0.232591832490949    70               0.350929597537155
T1187TS074_5o  255.07847137577    870.1032151       0.293158865464547   0.23539965242346     51               0.406340310187136
T1187TS054_5o  -340.738451053134  766.458442457     -0.444562199564069  0.0825947136075341   59               0.233908456642583
T1187TS086_1o  -491.436005782729  1221.896525       -0.402191180454277  0.0881058248068685   67               0.227482813730646
T1187TS086_3o  -726.499314280538  1055.079122       -0.688573301406431  0.0565569004755581   64               0.206483956515739
T1187TS046_5o  -831.329533562082  1039.207845993    -0.799964643038002  0.0474285354309689   66               0.174174938187497
T1187TS071_4o  -1345.11734354561  846.357423433318  -1.58930176105626   0.0131836967398424   60               0.0162025678005544
T1187TS071_3o  -1558.174681142    713.272825383318  -2.18454233175732   0.00492952684602688  48               0.0060016804885744
T1187TS086_5o  -1627.87301165217  1488.8429031935   -1.09338131522167   0.029627735047494    80               0.0622627367298663
T1187TS071_1o  -1667.86519526617  821.600833733318  -2.03001886900171   0.00636831650616948  54               0.00911235893577694
T1187TS071_5o  -1723.55970760381  949.60499811      -1.81502804959347   0.00908761685693688  58               0.010625514621899
T1187TS071_2o  -1766.72086936561  786.193910933318  -2.24718208166771   0.00444301070190378  54               0.00760206037578156
T1187TS086_2o  -1791.81716696842  941.30915521      -1.9035373841325    0.00785102657616588  65               0.0159278031277976
T1187TS125_3o  2172.32671945866   1034.3308998      2.10022413511837     0.862202731223707    62               0.705785742712689
T1187TS125_1o  2040.293229739     1045.91346698     1.9507285202381      0.829847595807089    62               0.694572611344625
T1187TS125_2o  1703.22364195966   1093.10091403332  1.55815773282552     0.717128616733768    69               0.647942213041756
T1187TS091_1o  1375.42398939569   1364.3226538      1.00813688431015     0.503390316502287    79               0.520254912854957
T1187TS091_5o  1284.36527525161   1035.9046009      1.23984899201698     0.598627189793137    64               0.520219285414146
T1187TS091_2o  1144.97270680787   1131.7373346036   1.01169473852244     0.504872653455292    72               0.474716959705838
T1187TS091_4o  594.581726733241   1200.97365236     0.495083073275458    0.301213022705806    73               0.412700991238286
T1187TS125_4o  314.61199889853    966.40132322      0.325550049797385    0.245254668277146    58               0.426317791626099
T1187TS091_3o  -49.2308691275972  1297.7206707      -0.0379364143911199  0.150601135741652    75               0.299091848435839
T1187TS098_2o  -580.238547902769  582.5419949       -0.99604586962417    0.0346650516313105   50               0.0510620210599595
T1187TS119_2o  -941.48634366546   1030.7169324      -0.913428618537614   0.0395799639271603   62               0.117296376701127
T1187TS119_4o  -1048.84241527143  563.019412933318  -1.86288854554231    0.00839672870340269  36               0.0354696845367192
T1187TS119_3o  -1176.81067951921  671.662763933318  -1.75208563390905    0.0100826094775536   44               0.0133644512118774
T1187TS119_5o  -1214.726968095    1094.26984347     -1.11007990884864    0.0288379855128925   66               0.0488123600648424
T1187TS122_2o  -1300.04090911178  671.329615867     -1.93651654624655    0.00743425968782535  48               0.0184535033130375
T1187TS122_5o  -1300.67604401428  671.342085867     -1.93742664342952    0.00742307538060416  48               0.0184467133376904
T1187TS119_1o  -1318.32760438008  695.509391633318  -1.89548497869187    0.00795625890318397  47               0.0102671914264696
T1187TS122_3o  -1336.0758118921   689.250655867     -1.93844692133295    0.00741055690190312  48               0.0181705689782962
T1187TS122_1o  -1343.59135391157  693.056375867     -1.9386465527148     0.00740810994182234  48               0.0182023788267718
T1187TS122_4o  -1371.82872715134  698.851225867     -1.96297677728109    0.0071158123527294   48               0.0178457716173495
T1187TS098_1o  -2130.43722378216  1079.46938795     -1.97359670182777    0.00699184433026334  63               0.0112341440032359
T1187TS098_3o  -2296.42543634803  1492.32350344264  -1.53882548324838    0.0143242180336192   73               0.0348050820633876
T1187TS098_5o  -23358.0804078055  10679.1936795865  -2.18725131396905    0.00490742932385319  286              0.00802050165466898
T1187TS098_4o  -24138.0333765487  10222.5125777443  -2.36126228194625    0.00367652559755727  296              0.0053148369298099
T1187TS158_4o  2373.10105590373   1033.11281518     2.297039607906      0.896760072858245    62               0.834808064645888
T1187TS147_1o  238.625118479563   1074.484841       0.222083280632865   0.214749951424166    62               0.331841713399334
T1187TS147_3o  131.348524945318   1096.55600444     0.119782778456807   0.187394656689182    69               0.269020421364527
T1187TS131_1o  -197.058840843475  990.3876133       -0.198971431182251  0.119383028096738    60               0.154509241712751
T1187TS125_5o  -340.738451053134  766.458442457     -0.444562199564069  0.0825947136075341   59               0.233908456642583
T1187TS158_3o  -491.436005782729  1221.896525       -0.402191180454277  0.0881058248068685   67               0.227482813730646
T1187TS131_3o  -651.548996264172  1036.05424698     -0.628875368411814  0.0621061195796215   66               0.13447151134595
T1187TS131_2o  -700.741823060974  980.0223715729    -0.715026353874258  0.0542498981371164   68               0.0823888302797433
T1187TS158_2o  -726.499314280538  1055.079122       -0.688573301406431  0.0565569004755581   64               0.206483956515739
T1187TS147_5o  -822.475444963319  1029.810979       -0.79866641717297   0.0475263856051569   60               0.154609177389472
T1187TS150_4o  -852.589680564161  1147.5684971      -0.742953194270081  0.0519107871642679   76               0.161583395826115
T1187TS165_3o  -1058.06471211666  1434.9436061      -0.737356302797397  0.0523718056931701   78               0.27422417206497
T1187TS147_4o  -1075.373697622    715.444556        -1.5030846046748    0.0151900559193117   49               0.0255575869725575
T1187TS147_2o  -1213.4759367275   946.884351033318  -1.28154608892126   0.0218261885982822   58               0.0524149601541295
T1187TS150_3o  -1399.32580965488  1263.4945721621   -1.1075044091882    0.0289584462229492   84               0.0952657201098168
T1187TS158_5o  -1627.87301165217  1488.8429031935   -1.09338131522167   0.029627735047494    80               0.0622627367298663
T1187TS131_4o  -1639.76273338347  682.644043        -2.4020757966       0.00343558580215991  52               0.00596146539736538
T1187TS158_1o  -1791.81716696842  941.30915521      -1.9035373841325    0.00785102657616588  65               0.0159278031277976
T1187TS150_2o  -2107.11863557405  1253.77153495     -1.68062408248731   0.0113434467741927   74               0.0205624288641599
T1187TS131_5o  -2143.81117388943  1014.22585554     -2.1137413941671    0.0055435071459623   63               0.00619415006565196
T1187TS165_2o  -2455.37606281623  1607.93602730332  -1.52703591506321   0.0146043108707639   80               0.022756195397989
T1187TS150_5o  -2585.74945229574  1376.00858503332  -1.87916665667688   0.00817382333878142  76               0.0211076929616643
T1187TS150_1o  -2860.92654810094  1166.2560195      -2.45308620085621   0.00315645689214122  72               0.00460701133492332
T1187TS165_1o  -3265.02371267546  1608.1379652      -2.0303131841486    0.00636521333109213  92               0.0137004273554002
T1187TS185_3o  1768.57949741856   687.818329        2.57128870059315    0.932062676880095    51               0.780270271520884
T1187TS185_2o  1256.01443349626   624.50409893      2.01121887854421    0.843613612602321    45               0.809206972033048
T1187TS187_4o  1051.98381451255   905.0589771       1.16233730743528    0.567230913895705    49               0.608735830839067
T1187TS180_3o  81.1052418385924   832.56467088      0.0974161463671839  0.181784114325591    63               0.315437565861872
T1187TS180_4o  -116.703493223     481.431877        -0.242409152360719  0.111979210518522    33               0.315997719874561
T1187TS187_1o  -514.716335309547  586.5810646       -0.877485425924108  0.0419210388304641   37               0.0752067358909951
T1187TS169_4o  -580.238547902769  582.5419949       -0.99604586962417   0.0346650516313105   50               0.0510620210599595
T1187TS187_3o  -585.300370183584  661.91370838      -0.884254794504977  0.041470235685129    38               0.158185949192705
T1187TS185_4o  -619.664751832458  624.9608373       -0.991525732251604  0.0349180358051543   52               0.0867058643951539
T1187TS185_1o  -667.811941640322  663.0040903       -1.0072516164088    0.0340454837442905   60               0.0646978636903049
T1187TS165_4o  -742.312988495043  1086.16149047     -0.683427828189556  0.0570162332435206   73               0.14145091119928
T1187TS187_5o  -778.505680530887  1133.7176244      -0.686683935907671  0.0567251572450269   63               0.234252598837878
T1187TS187_2o  -800.869492379411  1069.6684628      -0.74870814671214   0.0514407508152295   62               0.170323277824091
T1187TS185_5o  -872.247276193607  660.4627393       -1.32066084018316   0.0204769066605049   48               0.0521917927605758
T1187TS180_5o  -909.525951764306  526.74418059      -1.72669387774832   0.0105138763841335   35               0.0157424096546298
T1187TS188_1o  -937.934562493846  723.9763809       -1.29553199142749   0.0213340359802506   38               0.0292283191600286
T1187TS188_2o  -940.156910518961  1000.419049       -0.939763103730106  0.0379448310732341   67               0.102153359708812
T1187TS165_5o  -1227.90551938674  907.50898         -1.35305054434474   0.01942171132711     58               0.0511826211174285
T1187TS180_1o  -1257.72890923067  875.47329286      -1.43662738713812   0.0169391144387567   58               0.0298067113317717
T1187TS180_2o  -1945.50666102389  729.601382        -2.6665336840383    0.00221366538391687  44               0.00262503572206016
T1187TS169_2o  -2130.43722378216  1079.46938795     -1.97359670182777   0.00699184433026334  63               0.0112341440032359
T1187TS169_5o  -2296.42543634803  1492.32350344264  -1.53882548324838   0.0143242180336192   73               0.0348050820633876
T1187TS169_3o  -23358.0804078055  10679.1936795865  -2.18725131396905   0.00490742932385319  286              0.00802050165466898
T1187TS169_1o  -24138.0333765487  10222.5125777443  -2.36126228194625   0.00367652559755727  296              0.0053148369298099
T1187TS205_1o  524.874269887998   515.188210353318  1.01880101163037    0.507833113922737    26               0.491352422673058
T1187TS229_5o  198.361897131313   1045.0513751      0.189810665635775   0.205818786836817    68               0.32339671093721
T1187TS239_5o  198.361897131313   1045.0513751      0.189810665635775   0.205818786836817    68               0.32339671093721
T1187TS229_3o  139.732550505421   1146.1112820018   0.121918833449893   0.187937383397188    67               0.33414504537991
T1187TS239_1o  139.732550505421   1146.1112820018   0.121918833449893   0.187937383397188    67               0.33414504537991
T1187TS205_2o  12.2323686853298   884.03821907      0.0138369229083762  0.161975108883228    60               0.240538097058049
T1187TS205_3o  -136.211414429903  1018.3084723      -0.133762428709101  0.131289622241055    58               0.351019043694293
T1187TS234_1o  -254.436573544597  134.65676         -1.88951949790413   0.00803511952059754  10               0.0186883017728773
T1187TS234_2o  -268.162322885152  137.4508          -1.9509695315353    0.00725860491323843  12               0.00845755017943211
T1187TS229_2o  -327.637247435665  1071.2692872      -0.305840232097027  0.101889850696581    68               0.211580285046267
T1187TS239_3o  -327.637247435665  1071.2692872      -0.305840232097027  0.101889850696581    68               0.211580285046267
T1187TS234_4o  -353.390851370041  182.74957         -1.93374381876817   0.007468437311205    20               0.0180017116645045
T1187TS245_1o  -749.252727241654  966.509358737     -0.775215180762192  0.0493273089573742   59               0.108981448001392
T1187TS234_5o  -798.687661031516  537.349122        -1.4863477548057    0.0156130351522492   32               0.0199745881834877
T1187TS229_1o  -955.232298639389  1071.203433       -0.891737525489604  0.040977324146178    62               0.129875323862521
T1187TS239_2o  -955.232298639389  1071.203433       -0.891737525489604  0.040977324146178    62               0.129875323862521
T1187TS188_5o  -982.553309516899  688.1765246       -1.42776347985425   0.017186883744821    45               0.0388843505867853
T1187TS234_3o  -1041.95070697611  360.899929        -2.8870903628693    0.00153378169478291  24               0.00183458670625841
T1187TS205_4o  -1444.82102001054  969.4994927       -1.49027516867161   0.0155127510136081   64               0.0217938335179919
T1187TS188_4o  -1496.20723637371  854.97778624      -1.74999545070486   0.0101174389105905   56               0.0234851513169361
T1187TS205_5o  -1661.56175093725  654.306623166636  -2.53942370764309   0.00273457885807321  34               0.00383000535985974
T1187TS229_4o  -1699.19538068266  921.810041        -1.84332487725924   0.0086726122702076   58               0.0135770466169683
T1187TS239_4o  -1699.19538068266  921.810041        -1.84332487725924   0.0086726122702076   58               0.0135770466169683
T1187TS188_3o  -1818.3885461975   987.276678866636  -1.84182264720864   0.00869416422051916  54               0.0191590663425052
T1187TS278_5o  3996.37714681717   1297.092303078    3.08102757015346     0.969774548432223   88               0.916051475812725
T1187TS278_1o  2223.11791814268   1170.91577773332  1.89861470860546     0.817229871514033   68               0.742802451221533
T1187TS248_1o  2163.86023470307   1233.0097451      1.75494171339868     0.778722328111934   76               0.697872506025267
T1187TS291_1o  1193.70685496682   1003.06793433     1.19005584179516     0.578534372728221   62               0.577143589981867
T1187TS291_3o  1101.33693638502   1012.398454681    1.08784928630896     0.536538617911627   69               0.527542779254242
T1187TS291_2o  1022.34204051685   1013.4020389      1.00882177188686     0.503675672070168   62               0.529986109938924
T1187TS288_5o  1016.69151228293   904.7925442441    1.1236736186109      0.551348999471202   50               0.601069969357434
T1187TS291_5o  985.740007752944   1197.304950293    0.823299032975448    0.426902156913211   79               0.485308019464104
T1187TS278_3o  739.347969599041   1229.86868093332  0.601160092179897    0.339677171243994   71               0.407466432823448
T1187TS248_4o  285.052623063867   1004.5561082      0.283759782790664    0.232591832490949   70               0.350929597537155
T1187TS298_4o  -87.0577561621856  1003.842053366    -0.0867245557906952  0.140492240527796   62               0.232370951386052
T1187TS248_3o  -114.881979081617  850.5166976683    -0.135073161287212   0.131040668641536   65               0.296166929398338
T1187TS248_2o  -116.596530595959  765.4847959       -0.152317238984313   0.127802617475188   59               0.228587819978578
T1187TS278_2o  -301.709378668562  1387.74955381     -0.217409097945831   0.116190016632877   72               0.206029162350314
T1187TS245_3o  -645.012582406172  922.435143        -0.699249792574492   0.055614894184955   57               0.122345420333518
T1187TS245_4o  -689.87749568196   909.945267529     -0.758152737642513   0.0506780765656296  57               0.119632769408565
T1187TS245_2o  -719.256626004532  938.8133199       -0.766133810373659   0.0500419415115506  57               0.102004368033878
T1187TS245_5o  -735.164337977827  899.3263815       -0.817461105446096   0.0461283303209127  57               0.112492263987915
T1187TS291_4o  -771.717626448327  1184.5735824      -0.65147293331056    0.0599481569044354  78               0.20436254301132
T1187TS248_5o  -831.329533562082  1039.207845993    -0.799964643038002   0.0474285354309689  66               0.174174938187497
T1187TS298_3o  -895.435263814909  1029.90249671     -0.869436928908665   0.0424631235755515  64               0.125014949614177
T1187TS298_1o  -972.2987758546    836.818942433318  -1.16189862173451    0.0265151919442165  53               0.0367795006258028
T1187TS298_2o  -973.748176032491  873.509340233318  -1.11475416596278    0.0286206030110912  52               0.0369138047131835
T1187TS278_4o  -1675.62512637561  1714.16850718     -0.977514823867699   0.0357135565225644  84               0.0789651389891938
T1187TS304_1o  2163.86023470307   1233.0097451      1.75494171339868     0.778722328111934    76               0.697872506025267
T1187TS314_5o  509.350842214686   1399.511667442    0.363948978821783    0.257293204676938    82               0.364615642039671
T1187TS312_1o  314.944182428443   970.820135        0.324410435130131    0.244903258141384    59               0.352531275076173
T1187TS304_4o  285.052623063867   1004.5561082      0.283759782790664    0.232591832490949    70               0.350929597537155
T1187TS325_2o  116.914374475673   927.28034849      0.126083093064637    0.188998905717617    63               0.347076582895046
T1187TS325_3o  116.914374475673   927.28034849      0.126083093064637    0.188998905717617    63               0.347076582895046
T1187TS325_1o  116.914374475673   927.28034849      0.126083093064637    0.188998905717617    63               0.347076582895046
T1187TS314_3o  13.27836443851     1307.2395388      0.0101575602974028   0.161144443942092    82               0.228519438023596
T1187TS320_5o  -33.6001367214547  1095.046763       -0.0306837459885306  0.152153949220388    63               0.232706623078386
T1187TS304_3o  -114.881979081617  850.5166976683    -0.135073161287212   0.131040668641536    65               0.296166929398338
T1187TS304_2o  -116.596530595959  765.4847959       -0.152317238984313   0.127802617475188    59               0.228587819978578
T1187TS312_2o  -317.653990046113  817.9311829       -0.388362733549125   0.089975190652287    65               0.29860109603196
T1187TS314_4o  -529.814699366167  1257.7043714      -0.421255353335864   0.0855862177501041   84               0.197251307657844
T1187TS304_5o  -831.329533562082  1039.207845993    -0.799964643038002   0.0474285354309689   66               0.174174938187497
T1187TS312_4o  -1088.37481808048  928.5327704       -1.17214475651907    0.0260779469293818   67               0.125202935275565
T1187TS314_1o  -1130.74042226564  1125.835255846    -1.00435691313997    0.0342045014695539   67               0.0717961310892152
T1187TS320_2o  -1130.74042226564  1125.835255846    -1.00435691313997    0.0342045014695539   67               0.0717961310892152
T1187TS320_3o  -1176.81067951921  671.662763933318  -1.75208563390905    0.0100826094775536   44               0.0133644512118774
T1187TS320_4o  -1318.32760438008  695.509391633318  -1.89548497869187    0.00795625890318397  47               0.0102671914264696
T1187TS320_1o  -1337.01877852262  902.852018133318  -1.48088363504682    0.0157536202069409   58               0.0366397633741282
T1187TS312_5o  -1410.61876241864  957.2763808       -1.47357522938128    0.0159436052621049   70               0.0282899486597716
T1187TS312_3o  -1541.54924562906  695.1811012       -2.21747864400814    0.00466744819627857  47               0.00971511997412354
T1187TS314_2o  -1669.0919747127   1657.01858362     -1.00728621345111    0.0340435875089321   96               0.12197560989972
T1187TS298_5o  -1814.56607499678  1116.45446551     -1.62529340071911    0.0124256487653169   63               0.0193039361160827
T1187TS348_4o  1471.76515856823   1261.039335931  1.16710487661486     0.569180433682573   68               0.563405267929996
T1187TS350_3o  1330.87042155361   1031.466745562  1.29026982913392     0.6186407877877     67               0.570910723547722
T1187TS350_1o  1308.68997131215   1021.244632125  1.28146570385299     0.615172966859431   62               0.596035663333153
T1187TS350_5o  1048.22366896751   1203.559141193  0.870936568957036    0.446429970484897   79               0.502718581698979
T1187TS350_2o  1016.35638278935   1018.955721     0.997449017501858    0.498937092226904   62               0.534543285284076
T1187TS360_3o  558.28958215806    585.2547        0.95392584144657     0.480811861972108   39               0.483321630458797
T1187TS360_2o  363.554343142784   651.35291148    0.558152633902745    0.323789177701809   45               0.40186593941319
T1187TS347_5o  116.914374475673   927.28034849    0.126083093064637    0.188998905717617   63               0.347076582895046
T1187TS325_5o  116.914374475673   927.28034849    0.126083093064637    0.188998905717617   63               0.347076582895046
T1187TS347_3o  116.914374475673   927.28034849    0.126083093064637    0.188998905717617   63               0.347076582895046
T1187TS347_4o  116.914374475673   927.28034849    0.126083093064637    0.188998905717617   63               0.347076582895046
T1187TS347_2o  116.914374475673   927.28034849    0.126083093064637    0.188998905717617   63               0.347076582895046
T1187TS325_4o  116.914374475673   927.28034849    0.126083093064637    0.188998905717617   63               0.347076582895046
T1187TS347_1o  116.914374475673   927.28034849    0.126083093064637    0.188998905717617   63               0.347076582895046
T1187TS348_5o  -33.6001367214547  1095.046763     -0.0306837459885306  0.152153949220388   63               0.232706623078386
T1187TS360_4o  -112.701111243242  709.86962539    -0.158763112566373   0.126609871911897   45               0.245470266096482
T1187TS367_1o  -491.436005782729  1221.896525     -0.402191180454277   0.0881058248068685  67               0.227482813730646
T1187TS360_5o  -567.323842332164  777.58394514    -0.729598194353177   0.0530172443794899  49               0.104592068809122
T1187TS367_2o  -726.499314280538  1055.079122     -0.688573301406431   0.0565569004755581  64               0.206483956515739
T1187TS350_4o  -760.885584443975  1197.6488443    -0.635316092914277   0.0614837752141885  79               0.213363778352171
T1187TS360_1o  -840.19827244311   634.31276845    -1.32458041873603    0.0203462873788435  43               0.0393880455721599
T1187TS348_3o  -941.48634366546   1030.7169324    -0.913428618537614   0.0395799639271603  62               0.117296376701127
T1187TS348_2o  -1130.74042226564  1125.835255846  -1.00435691313997    0.0342045014695539  67               0.0717961310892152
T1187TS348_1o  -1214.726968095    1094.26984347   -1.11007990884864    0.0288379855128925  66               0.0488123600648424
T1187TS374_3o  3846.19492271724   1088.02167932     3.53503518893214     0.985586315610723    70               0.956728066058965
T1187TS374_1o  2552.49853866723   1141.00932971     2.23705317056082     0.88713004658284     75               0.753514954132418
T1187TS367_5o  2373.10105590373   1033.11281518     2.297039607906       0.896760072858245    62               0.834808064645888
T1187TS399_3o  2172.32671945866   1034.3308998      2.10022413511837     0.862202731223707    62               0.705785742712689
T1187TS399_1o  2040.293229739     1045.91346698     1.9507285202381      0.829847595807089    62               0.694572611344625
T1187TS399_2o  1703.22364195966   1093.10091403332  1.55815773282552     0.717128616733768    69               0.647942213041756
T1187TS367_4o  1487.78969744676   677.79164929      2.19505462925848     0.879928971210846    44               0.799865592295561
T1187TS374_2o  812.344915334285   1117.83191247     0.726714728996509    0.388059719780134    69               0.4542598912918
T1187TS399_4o  314.61199889853    966.40132322      0.325550049797385    0.245254668277146    58               0.426317791626099
T1187TS390_5o  -33.6001367214547  1095.046763       -0.0306837459885306  0.152153949220388    63               0.232706623078386
T1187TS399_5o  -340.738451053134  766.458442457     -0.444562199564069   0.0825947136075341   59               0.233908456642583
T1187TS398_2o  -644.098807243342  948.322099        -0.679198352461195   0.0573964178184305   57               0.202571171408494
T1187TS385_1o  -749.252727241654  966.509358737     -0.775215180762192   0.0493273089573742   59               0.108981448001392
T1187TS390_2o  -1130.74042226564  1125.835255846    -1.00435691313997    0.0342045014695539   67               0.0717961310892152
T1187TS390_3o  -1176.81067951921  671.662763933318  -1.75208563390905    0.0100826094775536   44               0.0133644512118774
T1187TS390_4o  -1318.32760438008  695.509391633318  -1.89548497869187    0.00795625890318397  47               0.0102671914264696
T1187TS390_1o  -1337.01877852262  902.852018133318  -1.48088363504682    0.0157536202069409   58               0.0366397633741282
T1187TS374_5o  -1349.86000888887  822.099000333318  -1.64196770503501    0.0120892048946336   56               0.0157228203896007
T1187TS374_4o  -1544.33165369359  1116.6544554      -1.38299869420249    0.0184935876152532   71               0.0332415764323153
T1187TS398_3o  -1741.61953609132  944.359679585318  -1.8442332659269     0.00865960564951002  64               0.0191353783661437
T1187TS367_3o  -1853.81337971933  943.5809894       -1.96465740677769    0.00709604974007505  64               0.0141221074544067
T1187TS398_5o  -2018.4039045524   1117.333337912    -1.80644740120639    0.00921730683508043  70               0.0187189087549889
T1187TS398_4o  -2102.80295342399  816.015777        -2.57691458019933    0.00256936377115879  56               0.00315454847293508
T1187TS398_1o  -2394.30996207797  984.70880598      -2.43149035282071    0.00327175837149779  62               0.0180811350934463
T1187TS444_2o  2952.63464053336   1038.72887686    2.84254602554129    0.955676736630995    61               0.865898216521195
T1187TS441_1o  1565.75844627406   652.058614       2.40125413982194    0.911768619732508    42               0.835937679670578
T1187TS433_1o  1565.75844627406   652.058614       2.40125413982194    0.911768619732508    42               0.835937679670578
T1187TS444_1o  1179.9144266675    969.4235497      1.21712993977982    0.589496235089531    58               0.585913923317932
T1187TS444_4o  991.001498929908   1015.792848      0.975594089760621   0.489832272637315    58               0.513324176958641
T1187TS444_3o  277.592751025055   1113.687214      0.249255578707807   0.222485441236782    70               0.375716790146666
T1187TS433_5o  266.991381707395   832.615853034    0.320665743673382   0.243750947289387    59               0.365429870450659
T1187TS441_5o  266.991381707395   832.615853034    0.320665743673382   0.243750947289387    59               0.365429870450659
T1187TS439_5o  198.361897131313   1045.0513751     0.189810665635775   0.205818786836817    68               0.32339671093721
T1187TS439_3o  139.732550505421   1146.1112820018  0.121918833449893   0.187937383397188    67               0.33414504537991
T1187TS433_3o  -243.475613834626  661.12096        -0.368276954696197  0.0927541025589467   47               0.128783123847342
T1187TS441_3o  -243.475613834626  661.12096        -0.368276954696197  0.0927541025589467   47               0.128783123847342
T1187TS439_1o  -327.637247435665  1071.2692872     -0.305840232097027  0.101889850696581    68               0.211580285046267
T1187TS423_1o  -514.716335309547  586.5810646      -0.877485425924108  0.0419210388304641   37               0.0752067358909951
T1187TS423_3o  -585.300370183584  661.91370838     -0.884254794504977  0.041470235685129    38               0.158185949192705
T1187TS423_2o  -800.869492379411  1069.6684628     -0.74870814671214   0.0514407508152295   62               0.170323277824091
T1187TS439_2o  -955.232298639389  1071.203433      -0.891737525489604  0.040977324146178    62               0.129875323862521
T1187TS433_4o  -1439.39262430207  783.568232387    -1.83697164434196   0.00876412295617351  62               0.0149771421301935
T1187TS441_4o  -1439.39262430207  783.568232387    -1.83697164434196   0.00876412295617351  62               0.0149771421301935
T1187TS423_5o  -1476.05651670376  881.1638158      -1.67512157244413   0.011446758030442    54               0.0169842734502
T1187TS433_2o  -1656.01622506422  820.2662768      -2.01887639648508   0.00648691178202954  63               0.00935983659326392
T1187TS441_2o  -1656.01622506422  820.2662768      -2.01887639648508   0.00648691178202954  63               0.00935983659326392
T1187TS439_4o  -1699.19538068266  921.810041       -1.84332487725924   0.0086726122702076   58               0.0135770466169683
T1187TS423_4o  -2549.63684492008  1325.355042897   -1.92373874350454   0.00759306502525292  67               0.0232871743931821
T1187TS447_4o  2226.12871126743   1255.7200796      1.77279056649038    0.783805811816411    75               0.637246104682017
T1187TS447_2o  1795.90221336526   935.966943252     1.91876671106079    0.822193202251354    59               0.635409135748937
T1187TS444_5o  1405.62834775258   1040.86929221     1.35043694561121    0.642001438480059    58               0.587475541977186
T1187TS447_1o  1349.113064251     890.20855636      1.51550224339275    0.702487299174886    59               0.615085995796075
T1187TS456_3o  116.914374475673   927.28034849      0.126083093064637   0.188998905717617    63               0.347076582895046
T1187TS456_1o  116.914374475673   927.28034849      0.126083093064637   0.188998905717617    63               0.347076582895046
T1187TS456_4o  116.914374475673   927.28034849      0.126083093064637   0.188998905717617    63               0.347076582895046
T1187TS456_5o  116.914374475673   927.28034849      0.126083093064637   0.188998905717617    63               0.347076582895046
T1187TS456_2o  116.914374475673   927.28034849      0.126083093064637   0.188998905717617    63               0.347076582895046
T1187TS462_3o  81.1052418385924   832.56467088      0.0974161463671839  0.181784114325591    63               0.315437565861872
T1187TS447_5o  -389.196734784117  1007.34305805     -0.386359673275079  0.0902489148923101   71               0.225505977432523
T1187TS447_3o  -1071.7995989212   1089.48642441     -0.98376590557484   0.0353564946374388   67               0.0731016021627417
T1187TS462_1o  -1257.72890923067  875.47329286      -1.43662738713812   0.0169391144387567   58               0.0298067113317717
T1187TS461_1o  -1306.84662047475  675.435995867     -1.93481932925008   0.00745516171329635  48               0.0183654854864233
T1187TS446_1o  -1306.84662047475  675.435995867     -1.93481932925008   0.00745516171329635  48               0.0183654854864233
T1187TS461_4o  -1583.0295707786   751.6268751       -2.1061375307635    0.00561381074979861  58               0.00929303542271033
T1187TS446_4o  -1583.0295707786   751.6268751       -2.1061375307635    0.00561381074979861  58               0.00929303542271033
T1187TS461_5o  -1587.62492879209  609.835176        -2.60336725606016   0.00245881945455101  46               0.0193177879110744
T1187TS446_5o  -1587.62492879209  609.835176        -2.60336725606016   0.00245881945455101  46               0.0193177879110744
T1187TS462_2o  -1945.50666102389  729.601382        -2.6665336840383    0.00221366538391687  44               0.00262503572206016
T1187TS461_3o  -2018.56405168477  1168.73533893332  -1.72713529268917   0.0105062254939637   68               0.015403555379062
T1187TS446_3o  -2018.56405168477  1168.73533893332  -1.72713529268917   0.0105062254939637   68               0.015403555379062
T1187TS461_2o  -2573.39561120187  832.58231679      -3.09086027808461   0.00109260157294211  52               0.00127754596300256
T1187TS446_2o  -2573.39561120187  832.58231679      -3.09086027808461   0.00109260157294211  52               0.00127754596300256
T1187TS494_5o  2495.68581661136   944.7783849    2.64155685237815    0.939113683967918    62               0.844406592294458
T1187TS494_3o  1309.93317451734   1004.2139593   1.30443633290106    0.624195342587577    64               0.527716094787826
T1187TS493_1o  179.282255516999   901.013263408  0.198978486552884   0.208327595620336    56               0.287397197353534
T1187TS494_1o  153.397096702214   1316.87384617  0.116485794860574   0.186559330785031    77               0.322843181054773
T1187TS462_4o  -116.703493223     481.431877     -0.242409152360719  0.111979210518522    33               0.315997719874561
T1187TS477_1o  -506.114598934278  690.856609     -0.732589935944693  0.0527674605664903   42               0.161694578075243
T1187TS493_3o  -584.384719820258  653.5776826    -0.894131998962258  0.0408207803592647   41               0.116775719077194
T1187TS462_5o  -909.525951764306  526.74418059   -1.72669387774832   0.0105138763841335   35               0.0157424096546298
T1187TS493_5o  -971.318680497243  780.6079956    -1.24431044259373   0.0231912142958872   49               0.186914394563583
T1187TS493_4o  -990.961918044651  637.4559604    -1.55455745903267   0.0139586931909112   44               0.0455603446648895
T1187TS493_2o  -1333.47743490075  729.66896263   -1.82751014938939   0.00890218116127917  52               0.0188975239772046
T1187TS494_4o  -1424.21421074535  1020.7278403   -1.39529280432555   0.0181253049344792   61               0.0377918915408916
T1187TS494_2o  -2020.20156806989  1606.18481289  -1.25776408284857   0.0226886576140692   84               0.0782937614060872
