input_name input_atoms iface_area iface_pseudoenergy iface_clash_score
T1124TS494_1o 5924 5551.03 -514.039 0
T1124TS054_5o 5924 5414.21 -502.579 0
T1124TS125_5o 5924 5414.21 -502.579 0
T1124TS399_5o 5924 5414.21 -502.579 0
T1124TS119_5o 5922 5998.46 -499.586 0
T1124TS320_2o 5924 5359.97 -496.507 0
T1124TS390_2o 5924 5359.97 -496.507 0
T1124TS338_3o 5924 5358.03 -495.816 0
T1124TS352_4o 5924 5358.03 -495.816 0
T1124TS460_4o 5924 5358.03 -495.816 0
T1124TS150_2o 5924 5358.06 -495.815 0
T1124TS360_2o 5924 5326.62 -494.143 0
T1124TS119_2o 5922 5970.08 -492.744 0
T1124TS119_4o 5922 5970.08 -492.744 0
T1124TS374_4o 5924 5407.14 -492.378 0
T1124TS098_3o 5924 5424.14 -492.228 0
T1124TS188_4o 5924 5424.14 -492.228 0
T1124TS003_2o 5924 5303.87 -491.981 0
T1124TS374_1o 5924 5494.13 -490.852 0
T1124TS037_3o 5924 5384.71 -488.583 0
T1124TS298_3o 5924 5373.77 -488.34 0
T1124TS037_5o 5924 5350.75 -488.271 0
T1124TS278_4o 5924 5780.66 -487.494 0
T1124TS288_5o 5922 5163.53 -486.873 0.00162
T1124TS037_1o 5924 5171.7 -486.794 0
T1124TS446_3o 5924 5121.36 -486.698 0
T1124TS461_3o 5924 5121.36 -486.698 0
T1124TS446_4o 5924 5170.16 -486.526 0
T1124TS461_4o 5924 5170.16 -486.526 0
T1124TS150_1o 5924 5382.1 -486.012 0
T1124TS338_1o 5924 5382.1 -486.012 0
T1124TS352_2o 5924 5382.1 -486.012 0
T1124TS460_3o 5924 5382.1 -486.012 0
T1124TS131_1o 5924 5838.67 -485.874 0
T1124TS374_2o 5924 5318.5 -485.866 0
T1124TS180_3o 5924 5199.66 -484.62 0
T1124TS462_3o 5924 5199.66 -484.62 0
T1124TS446_5o 5924 5306.87 -484.434 0
T1124TS461_5o 5924 5306.87 -484.434 0
T1124TS054_2o 5924 5296.4 -484.192 0
T1124TS125_2o 5924 5296.4 -484.192 0
T1124TS399_2o 5924 5296.4 -484.192 0
T1124TS367_1o 5924 5265.95 -483.456 0
T1124TS122_4o 5924 5018.68 -483.432 0.00339
T1124TS446_1o 5924 5007.38 -483.048 0.00338
T1124TS461_1o 5924 5007.38 -483.048 0.00338
T1124TS446_2o 5924 5302.19 -483.016 0
T1124TS461_2o 5924 5302.19 -483.016 0
T1124TS122_5o 5924 5025.19 -482.804 0.00339
T1124TS147_3o 5924 5469.75 -482.596 0
T1124TS054_3o 5924 5400.43 -482.443 0
T1124TS125_3o 5924 5400.43 -482.443 0
T1124TS399_3o 5924 5400.43 -482.443 0
T1124TS122_2o 5924 5017.72 -482.318 0.00339
T1124TS169_2o 5924 5488.06 -482.152 0
T1124TS288_3o 5922 5223 -482.02 0
T1124TS003_1o 5924 5375.6 -482.016 0
T1124TS367_3o 5924 5375.6 -482.016 0
T1124TS288_4o 5922 5157.43 -481.333 0.00162
T1124TS320_1o 5924 5382.89 -481.151 0
T1124TS390_1o 5924 5382.89 -481.151 0
T1124TS180_5o 5924 5189.38 -481.142 0
T1124TS462_5o 5924 5189.38 -481.142 0
T1124TS298_4o 5924 5390.8 -481.052 0
T1124TS187_3o 5922 5305.83 -480.956 0
T1124TS423_3o 5922 5305.83 -480.956 0
T1124TS037_4o 5924 5334.68 -480.897 0
T1124TS122_3o 5924 5013.01 -480.485 0.00339
T1124TS131_2o 5924 5824 -480.367 0
T1124TS325_1o 5924 5290.6 -478.497 0
T1124TS325_2o 5924 5290.6 -478.497 0
T1124TS325_3o 5924 5290.6 -478.497 0
T1124TS325_4o 5924 5290.6 -478.497 0
T1124TS325_5o 5924 5290.6 -478.497 0
T1124TS347_1o 5924 5290.6 -478.497 0
T1124TS347_2o 5924 5290.6 -478.497 0
T1124TS347_3o 5924 5290.6 -478.497 0
T1124TS347_4o 5924 5290.6 -478.497 0
T1124TS347_5o 5924 5290.6 -478.497 0
T1124TS456_1o 5924 5290.6 -478.497 0
T1124TS456_2o 5924 5290.6 -478.497 0
T1124TS456_3o 5924 5290.6 -478.497 0
T1124TS456_4o 5924 5290.6 -478.497 0
T1124TS456_5o 5924 5290.6 -478.497 0
T1124TS180_4o 5924 5256.08 -477.789 0
T1124TS462_4o 5924 5256.08 -477.789 0
T1124TS131_5o 5924 5894.16 -477.756 0
T1124TS122_1o 5924 5020.51 -477.723 0.00339
T1124TS320_5o 5924 5331.21 -476.865 0
T1124TS360_1o 5924 5331.21 -476.865 0
T1124TS390_5o 5924 5331.21 -476.865 0
T1124TS298_2o 5924 5185.17 -476.33 0
T1124TS348_1o 5922 5232.66 -476.012 0
T1124TS054_1o 5924 5342.99 -475.79 0
T1124TS125_1o 5924 5342.99 -475.79 0
T1124TS399_1o 5924 5342.99 -475.79 0
T1124TS098_2o 5924 5281.44 -475.595 0
T1124TS188_3o 5924 5281.44 -475.595 0
T1124TS360_5o 5924 5468.32 -474.929 0
T1124TS180_1o 5924 5238.43 -474.796 0
T1124TS462_1o 5924 5238.43 -474.796 0
T1124TS248_2o 5922 5223.02 -474.124 0
T1124TS304_2o 5922 5223.02 -474.124 0
T1124TS360_4o 5924 5348.88 -474.026 0
T1124TS187_2o 5922 5276.49 -473.162 0
T1124TS423_2o 5922 5276.49 -473.162 0
T1124TS169_5o 5924 5442.26 -473.116 0
T1124TS298_1o 5924 5448.63 -472.757 0
T1124TS180_2o 5924 5152.75 -472.626 0
T1124TS462_2o 5924 5152.75 -472.626 0
T1124TS320_3o 5924 5181.53 -472.572 0
T1124TS390_3o 5924 5181.53 -472.572 0
T1124TS338_5o 5924 5194.56 -472.227 0
T1124TS352_5o 5924 5194.56 -472.227 0
T1124TS460_5o 5924 5194.56 -472.227 0
T1124TS150_3o 5924 5194.53 -471.334 0
T1124TS288_2o 5922 5223.96 -471.299 0
T1124TS169_1o 5924 5545.42 -470.358 0
T1124TS338_2o 5924 5183.48 -470.343 0
T1124TS352_1o 5924 5183.48 -470.343 0
T1124TS460_1o 5924 5183.48 -470.343 0
T1124TS150_5o 5924 5183.48 -470.302 0
T1124TS320_4o 5924 5226.72 -469.665 0
T1124TS348_5o 5922 5226.72 -469.665 0
T1124TS390_4o 5924 5226.72 -469.665 0
T1124TS360_3o 5924 5266.42 -469.154 0
T1124TS338_4o 5924 5220.88 -468.855 0
T1124TS352_3o 5924 5220.88 -468.855 0
T1124TS460_2o 5924 5220.88 -468.855 0
T1124TS367_2o 5924 5061.48 -468.811 0
T1124TS150_4o 5924 5220.87 -468.295 0
T1124TS248_1o 5922 5160.62 -467.945 0
T1124TS304_1o 5922 5160.62 -467.945 0
T1124TS350_3o 5922 5375.69 -467.854 0
T1124TS187_1o 5922 5165.62 -467.479 0
T1124TS423_1o 5922 5165.62 -467.479 0
T1124TS367_4o 5924 4966.54 -467.084 0.00169
T1124TS187_5o 5922 5330.19 -466.263 0
T1124TS423_5o 5922 5330.19 -466.263 0
T1124TS288_1o 5922 5021.09 -465.931 0
T1124TS054_4o 5924 5391.84 -465.822 0
T1124TS125_4o 5924 5391.84 -465.822 0
T1124TS399_4o 5924 5391.84 -465.822 0
T1124TS348_2o 5922 5405.4 -465.798 0
T1124TS035_5o 5922 5146.82 -464.815 0
T1124TS046_5o 5922 5146.82 -464.815 0
T1124TS071_5o 5922 5211.22 -463.836 0.01273
T1124TS477_1o 5608 4910.67 -463.713 0
T1124TS035_1o 5922 5485.18 -463.634 0
T1124TS046_2o 5922 5485.18 -463.634 0
T1124TS037_2o 5924 5329.15 -463.609 0
T1124TS071_3o 5922 5176.64 -461.192 0.0228
T1124TS098_1o 5924 5281.33 -460.976 0
T1124TS169_3o 5924 5281.33 -460.976 0
T1124TS169_4o 5924 5281.33 -460.976 0
T1124TS188_2o 5924 5281.33 -460.976 0
T1124TS248_3o 5922 5066.5 -460.114 0
T1124TS304_3o 5922 5066.5 -460.114 0
T1124TS350_2o 5922 5356.24 -460.058 0
T1124TS350_5o 5922 5356.24 -460.058 0
T1124TS298_5o 5924 5493.98 -459.751 0
T1124TS071_2o 5922 5021.38 -457.059 0.01794
T1124TS071_1o 5922 5023.5 -456.225 0.01663
T1124TS248_4o 5922 5488.29 -456.085 0
T1124TS304_4o 5922 5488.29 -456.085 0
T1124TS278_1o 5924 5176.88 -455.863 0
T1124TS185_2o 5922 4978.84 -455.7 0
T1124TS185_4o 5922 4976.88 -455.66 0
T1124TS187_4o 5922 5205.86 -455.331 0
T1124TS423_4o 5922 5205.86 -455.331 0
T1124TS188_5o 5924 5526.16 -454.662 0
T1124TS348_4o 5922 5541.32 -452.914 0
T1124TS003_4o 5924 5118.72 -452.851 0
T1124TS086_2o 5924 5118.72 -452.851 0
T1124TS158_2o 5924 5118.72 -452.851 0
T1124TS119_3o 5922 5347 -452.779 0.00313
T1124TS131_3o 5924 5333.64 -452.545 0.00314
T1124TS003_3o 5924 5107.71 -452.152 0
T1124TS086_1o 5924 5107.71 -452.152 0
T1124TS158_1o 5924 5107.71 -452.152 0
T1124TS035_3o 5922 5062.75 -450.423 0
T1124TS046_3o 5922 5062.75 -450.423 0
T1124TS119_1o 5922 5478.19 -450.183 0
T1124TS073_3o 5922 5051.54 -449.862 0.00815
T1124TS086_5o 5924 5110.74 -449.188 0
T1124TS073_2o 5922 5114.2 -448.721 0.01124
T1124TS035_2o 5924 5615.16 -448.631 0
T1124TS046_1o 5924 5615.16 -448.631 0
T1124TS374_5o 5924 5327.37 -448.414 0
T1124TS158_5o 5924 5111 -448.027 0
T1124TS348_3o 5922 5447.34 -447.577 0
T1124TS350_1o 5922 5292.62 -446.77 0
T1124TS350_4o 5922 5292.62 -446.77 0
T1124TS278_2o 5924 5778.71 -444.132 0
T1124TS091_4o 5922 5150.11 -443.509 0
T1124TS185_5o 5922 5093.49 -443.343 0
T1124TS003_5o 5924 4984.06 -443.292 0
T1124TS086_3o 5924 4984.06 -443.292 0
T1124TS158_3o 5924 4984.06 -443.292 0
T1124TS086_4o 5924 4984.35 -443.138 0
T1124TS158_4o 5924 4984.35 -443.138 0
T1124TS073_5o 5922 5020.14 -442.629 0.01126
T1124TS071_4o 5922 5081.91 -442.488 0.01787
T1124TS035_4o 5924 5294.07 -439.851 0
T1124TS046_4o 5924 5294.07 -439.851 0
T1124TS147_2o 5924 5256.21 -437.984 0.0016
T1124TS073_1o 5922 5029.91 -437.095 0.00823
T1124TS229_4o 5764 5187.51 -433.666 0
T1124TS239_4o 5764 5187.51 -433.666 0
T1124TS185_1o 5922 5158.69 -432.699 0
T1124TS185_3o 5922 5159.13 -431.001 0
T1124TS374_3o 5924 5333 -430.887 0
T1124TS091_1o 5922 5312.43 -430.802 0
T1124TS229_1o 5764 4828.38 -427.828 0
T1124TS239_1o 5764 4828.38 -427.828 0
T1124TS073_4o 5922 5034.22 -426.727 0.01459
T1124TS188_1o 5923 5078.31 -425.161 0.00401
T1124TS447_1o 5924 4968.08 -424.725 0
T1124TS091_5o 5922 5183.35 -422.778 0
T1124TS229_3o 5764 4825.91 -421.213 0
T1124TS239_3o 5764 4825.91 -421.213 0
T1124TS091_3o 5922 5290.06 -420.156 0
T1124TS367_5o 5924 5213.42 -419.086 0
T1124TS229_2o 5764 5089.27 -417.019 0
T1124TS239_2o 5764 5089.27 -417.019 0
T1124TS439_5o 5764 4716.28 -414.248 0
T1124TS131_4o 5924 5092.28 -414.125 0
T1124TS091_2o 5922 5293.45 -414.124 0
T1124TS147_1o 5924 5255.49 -409.842 0.0016
T1124TS229_5o 5764 5247.77 -398.916 0
T1124TS239_5o 5764 5247.77 -398.916 0
T1124TS447_3o 5924 4811.44 -393.845 0
T1124TS278_5o 5924 4864.06 -370.753 0
T1178TS288_2o 4888 4241.21 -368.612 0
T1124TS165_1o 5924 5351.4 -366.826 0.0787
T1124TS398_1o 5924 5351.4 -366.825 0.0787
T1124TS447_2o 5924 4748.2 -365.042 0
T1178TS073_1o 4888 4907.63 -361.211 0.02581
T1178TS073_2o 4888 4405.37 -359.926 0.01343
T1178TS147_5o 4890 4950.06 -359.328 0
T1127TS229_2o 3342 3528.78 -354.152 0
T1127TS239_2o 3342 3528.78 -354.152 0
T1124TS439_4o 5234 3986.66 -350.752 0
T1178TS074_5o 4888 4125.06 -348.884 0
T1178TS288_1o 4888 4125.06 -348.884 0
T1178TS288_5o 4888 4125.06 -348.884 0
T1127TS245_2o 3400 3529.23 -347.914 0
T1127TS229_1o 3342 3575.79 -347.305 0
T1127TS374_4o 3400 3653.23 -346.993 0
T1127TS205_5o 3400 3586.25 -346.09 0
T1127TS122_3o 3400 3598.29 -345.949 0
T1127TS446_3o 3400 3598.29 -345.949 0
T1127TS461_3o 3400 3598.29 -345.949 0
T1127TS245_3o 3400 3600.73 -345.455 0
T1178TS278_1o 4890 4191.05 -345.351 0
T1127TS367_4o 3400 3579.82 -344.936 0
T1178TS147_4o 4890 5196.95 -342.943 0
T1127TS201_2o 3400 3590.87 -342.031 0
T1127TS245_1o 3400 3531.51 -341.319 0
T1127TS245_4o 3400 3624.98 -340.612 0
T1127TS003_4o 3400 3585.02 -340.528 0
T1127TS367_5o 3400 3585.02 -340.528 0
T1127TS229_5o 3342 3485.96 -339.819 0
T1127TS239_5o 3342 3485.96 -339.819 0
T1127TS201_1o 3400 3672.78 -339.124 0
T1127TS122_2o 3400 3558.67 -339.121 0
T1127TS446_2o 3400 3558.67 -339.121 0
T1127TS461_2o 3400 3558.67 -339.121 0
T1127TS314_5o 3400 3607.58 -338.613 0
T1127TS320_5o 3400 3607.58 -338.613 0
T1127TS390_5o 3400 3607.58 -338.613 0
T1127TS205_1o 3400 3636.62 -338.466 0
T1127TS003_3o 3400 3571.88 -338.346 0
T1127TS367_2o 3400 3571.88 -338.346 0
T1127TS180_2o 3400 3630 -338.267 0
T1127TS462_2o 3400 3630 -338.267 0
T1127TS201_3o 3400 3549.04 -338.089 0
T1127TS298_2o 3400 3684.94 -337.814 0
T1127TS180_5o 3400 3625.24 -337.695 0
T1127TS462_5o 3400 3625.24 -337.695 0
T1127TS150_5o 3400 3588.88 -337.375 0
T1178TS119_2o 4890 4194.2 -336.915 0
T1127TS122_5o 3400 3519.07 -336.591 0
T1127TS446_5o 3400 3519.07 -336.591 0
T1127TS461_5o 3400 3519.07 -336.591 0
T1127TS054_5o 3400 3677.08 -336.559 0
T1127TS125_5o 3400 3677.08 -336.559 0
T1127TS399_5o 3400 3677.08 -336.559 0
T1127TS180_1o 3400 3643.45 -336.489 0
T1127TS462_1o 3400 3643.45 -336.489 0
T1127TS180_3o 3400 3614.18 -336.276 0
T1127TS462_3o 3400 3614.18 -336.276 0
T1127TS348_1o 3398 3602.98 -335.992 0
T1127TS185_1o 3398 3687.34 -335.845 0.00459
T1127TS169_3o 3400 3635.77 -335.456 0
T1127TS188_4o 3400 3635.77 -335.456 0
T1127TS472_1o 3400 3670.76 -335.224 0
T1127TS150_3o 3400 3680.62 -334.768 0
T1127TS205_2o 3400 3574.6 -334.605 0
T1127TS180_4o 3400 3655.95 -334.072 0
T1127TS462_4o 3400 3655.95 -334.072 0
T1178TS229_1o 4794 4036.36 -333.719 0
T1178TS239_1o 4794 4036.36 -333.719 0
T1178TS439_1o 4794 4036.36 -333.719 0
T1127TS245_5o 3400 3623.33 -333.34 0
T1127TS314_2o 3400 3674.67 -333.243 0
T1127TS320_2o 3400 3674.67 -333.243 0
T1127TS390_2o 3400 3674.67 -333.243 0
T1127TS054_4o 3400 3645.92 -333.089 0
T1127TS125_4o 3400 3645.92 -333.089 0
T1127TS399_4o 3400 3645.92 -333.089 0
T1127TS494_2o 3400 3597.58 -332.905 0
T1127TS201_5o 3400 3543.17 -332.732 0
T1127TS444_1o 3398 3757.01 -332.652 0
T1127TS314_3o 3400 3679.22 -332.299 0
T1127TS320_3o 3400 3679.22 -332.299 0
T1127TS360_4o 3400 3679.22 -332.299 0
T1127TS390_3o 3400 3679.22 -332.299 0
T1127TS314_4o 3400 3684.83 -332.112 0
T1127TS320_4o 3400 3684.83 -332.112 0
T1127TS390_4o 3400 3684.83 -332.112 0
T1127TS278_3o 3400 3535.12 -331.814 0
T1124TS439_1o 5234 4049.18 -331.799 0
T1127TS298_3o 3400 3686.12 -331.691 0
T1127TS360_1o 3400 3686.12 -331.691 0
T1127TS122_1o 3400 3632.35 -331.256 0
T1127TS446_1o 3400 3632.35 -331.256 0
T1127TS461_1o 3400 3632.35 -331.256 0
T1127TS444_4o 3398 3764.73 -331.068 0
T1127TS298_1o 3400 3695.1 -331.006 0
T1127TS360_3o 3400 3695.1 -331.006 0
T1127TS150_4o 3400 3680.06 -330.951 0
T1178TS187_2o 4888 3989.76 -330.879 0
T1124TS447_4o 5924 4341.41 -330.612 0
T1127TS360_5o 3400 3672.36 -330.61 0
T1127TS360_2o 3400 3675.06 -330.551 0
T1127TS348_3o 3398 3581.15 -330.532 0
T1127TS169_4o 3400 3676.92 -330.364 0
T1127TS494_1o 3400 3551.65 -329.283 0
T1127TS150_2o 3400 3674.08 -328.861 0
T1127TS439_4o 3340 3398.03 -328.592 0.0201
T1127TS278_1o 3400 3618.83 -328.545 0
T1127TS439_2o 3340 3409.75 -328.52 0.02013
T1127TS201_4o 3400 3491.2 -328.422 0
T1127TS439_1o 3340 3486.85 -328.422 0.01487
T1109TS494_2o 3440 4297.15 -328.161 0.00397
T1178TS187_1o 4888 4030.14 -328.036 0
T1178TS423_1o 4888 4030.14 -328.036 0
T1127TS054_2o 3400 3609.36 -327.702 0
T1127TS125_2o 3400 3609.36 -327.702 0
T1127TS399_2o 3400 3609.36 -327.702 0
T1124TS439_2o 5234 4137.37 -327.698 0
T1127TS298_5o 3400 3506.69 -327.234 0
T1127TS131_5o 3400 3496.03 -327.108 0
T1127TS367_1o 3400 3515.01 -327.078 0
T1127TS147_1o 3400 3820.06 -326.53 0
T1127TS185_5o 3398 3656.51 -325.597 0
T1127TS229_4o 3342 3531 -325.436 0
T1127TS239_4o 3342 3531 -325.436 0
T1127TS054_3o 3400 3547.81 -325.411 0
T1127TS125_3o 3400 3547.81 -325.411 0
T1127TS399_3o 3400 3547.81 -325.411 0
T1178TS035_4o 4890 4161.17 -325.397 0
T1178TS248_4o 4890 4161.17 -325.397 0
T1124TS447_5o 5924 4431.17 -324.759 0
T1127TS073_4o 3398 3229.89 -324.057 0.00506
T1127TS374_2o 3400 3612.59 -324.03 0
T1127TS348_5o 3398 3617.03 -323.516 0
T1127TS348_4o 3398 3646.99 -323.254 0
T1178TS374_1o 4890 4215.77 -323.164 0
T1127TS098_1o 3400 3558.08 -323.092 0
T1127TS098_3o 3400 3558.08 -323.092 0
T1127TS098_5o 3400 3558.08 -323.092 0
T1127TS169_1o 3400 3558.08 -323.092 0
T1127TS188_5o 3400 3558.08 -323.092 0
T1127TS205_3o 3400 3488.44 -322.93 0
T1127TS147_4o 3400 3713.92 -322.859 0
T1127TS169_5o 3400 3521.8 -322.62 0
T1127TS239_1o 3342 3456.28 -322.41 0
T1127TS348_2o 3398 3623.11 -322.193 0
T1178TS147_2o 4890 4289.55 -322.096 0
T1127TS131_2o 3400 3379.87 -321.698 0
T1127TS248_1o 3400 3448.21 -321.456 0.01726
T1127TS304_1o 3400 3448.21 -321.456 0.01726
T1127TS444_2o 3398 3769.41 -321.269 0
T1127TS325_1o 3400 3692.9 -321.196 0
T1127TS325_2o 3400 3692.9 -321.196 0
T1127TS325_3o 3400 3692.9 -321.196 0
T1127TS325_4o 3400 3692.9 -321.196 0
T1127TS325_5o 3400 3692.9 -321.196 0
T1127TS347_1o 3400 3692.9 -321.196 0
T1127TS347_2o 3400 3692.9 -321.196 0
T1127TS347_3o 3400 3692.9 -321.196 0
T1127TS347_4o 3400 3692.9 -321.196 0
T1127TS347_5o 3400 3692.9 -321.196 0
T1127TS456_1o 3400 3692.9 -321.196 0
T1127TS456_2o 3400 3692.9 -321.196 0
T1127TS456_3o 3400 3692.9 -321.196 0
T1127TS456_4o 3400 3692.9 -321.196 0
T1127TS456_5o 3400 3692.9 -321.196 0
T1127TS205_4o 3400 3510.3 -321.127 0
T1127TS185_3o 3398 3667.83 -320.863 0
T1127TS439_5o 3340 3468.22 -320.796 0.02302
T1127TS003_5o 3400 3614.85 -320.496 0
T1127TS444_5o 3398 3676.73 -320.494 0
T1127TS185_2o 3398 3632.88 -320.396 0
T1127TS131_3o 3400 3517.03 -320.251 0
T1127TS098_2o 3400 3524.6 -320.154 0
T1127TS098_4o 3400 3524.6 -320.154 0
T1127TS169_2o 3400 3524.6 -320.154 0
T1127TS035_3o 3400 3536.77 -320.02 0
T1127TS046_3o 3400 3536.77 -320.02 0
T1124TS439_3o 5234 4125.21 -319.745 0
T1127TS298_4o 3400 3539.96 -319.551 0
T1127TS350_2o 3398 3632.67 -319.094 0
T1178TS073_4o 4888 4181.98 -318.714 0
T1178TS288_4o 4888 4181.98 -318.714 0
T1127TS054_1o 3400 3552.72 -318.509 0
T1127TS125_1o 3400 3552.72 -318.509 0
T1127TS399_1o 3400 3552.72 -318.509 0
T1127TS046_1o 3400 3562.42 -318.204 0
T1127TS350_1o 3398 3642.04 -318.015 0
T1127TS350_5o 3398 3642.04 -318.015 0
T1127TS314_1o 3400 3500.35 -317.898 0
T1127TS320_1o 3400 3500.35 -317.898 0
T1127TS390_1o 3400 3500.35 -317.898 0
T1127TS073_3o 3398 3342.59 -317.678 0.01222
T1127TS150_1o 3400 3492.46 -317.65 0
T1127TS185_4o 3398 3627.17 -317.603 0
T1127TS187_3o 3398 3536.43 -317.113 0
T1127TS423_3o 3398 3536.43 -317.113 0
T1127TS187_2o 3398 3530.57 -316.958 0
T1127TS423_2o 3398 3530.57 -316.958 0
T1127TS071_2o 3398 3511.06 -316.608 0.03249
T1127TS367_3o 3400 3527.86 -316.281 0
T1127TS147_2o 3400 3513.59 -316.127 0
T1127TS037_1o 3400 3573.35 -316.057 0
T1127TS312_2o 3302 3458.83 -316.031 0
T1178TS003_2o 4890 4319.87 -315.465 0
T1178TS086_5o 4890 4319.87 -315.465 0
T1178TS158_3o 4890 4319.87 -315.465 0
T1127TS131_1o 3400 3510.97 -315.442 0
T1127TS374_5o 3400 3557.68 -315.239 0
T1127TS187_4o 3398 3546.4 -315.195 0.00475
T1127TS423_4o 3398 3546.4 -315.195 0.00475
T1127TS312_1o 3276 3825.49 -314.886 0
T1178TS147_3o 4890 4907.98 -314.743 0
T1124TS165_4o 5924 5340.11 -314.158 0.1473
T1178TS119_1o 4890 4053.08 -314.139 0
T1127TS374_1o 3400 3603.3 -313.797 0
T1127TS374_3o 3400 3530.83 -313.417 0
T1178TS086_3o 4890 3947.67 -313.359 0
T1178TS003_3o 4890 4381.44 -312.504 0
T1127TS444_3o 3398 3543.27 -312.341 0
T1127TS131_4o 3400 3590.45 -311.691 0
T1127TS187_5o 3398 3499.96 -311.505 0
T1127TS423_5o 3398 3499.96 -311.505 0
T1127TS229_3o 3342 3445.96 -311.445 0
T1127TS239_3o 3342 3445.96 -311.445 0
T1127TS187_1o 3398 3482.65 -311.134 0
T1127TS423_1o 3398 3482.65 -311.134 0
T1127TS071_3o 3398 3580.31 -310.416 0.02576
T1127TS071_5o 3398 3609.28 -310.34 0.0213
T1178TS073_3o 4888 4161.76 -309.96 0
T1178TS288_3o 4888 4161.76 -309.96 0
T1127TS119_1o 3398 3503.8 -309.896 0
T1127TS119_3o 3398 3511.17 -309.852 0.00244
T1127TS350_4o 3398 3509.82 -308.908 0
T1127TS122_4o 3400 3524.43 -308.825 0
T1127TS446_4o 3400 3524.43 -308.825 0
T1127TS461_4o 3400 3524.43 -308.825 0
T1127TS035_1o 3400 3546.11 -308.736 0
T1127TS071_4o 3398 3533.85 -308.62 0.02518
T1127TS119_5o 3398 3504.65 -307.731 0.00485
T1127TS350_3o 3398 3515.62 -307.315 0
T1178TS035_2o 4890 4328.59 -306.938 0
T1178TS248_2o 4890 4328.59 -306.938 0
T1127TS248_2o 3400 3513.64 -306.916 0
T1127TS304_2o 3400 3513.64 -306.916 0
T1127TS035_2o 3400 3514.79 -306.694 0
T1178TS374_2o 4890 4025.23 -306.548 0
T1178TS003_1o 4890 4099.45 -306.03 0
T1178TS158_4o 4890 4099.45 -306.03 0
T1178TS367_4o 4890 4099.45 -306.03 0
T1127TS073_1o 3398 3324.54 -305.853 0.00624
T1178TS086_2o 4890 3988.34 -305.643 0
T1127TS439_3o 3340 3379.52 -305.612 0.01799
T1127TS147_3o 3400 3492.07 -305.138 0
T1127TS291_1o 3398 3555.82 -304.036 0
T1127TS312_3o 3289 3486.48 -303.137 0
T1127TS073_2o 3398 3243.07 -303.076 0.01043
T1124TS165_3o 5924 5495.08 -302.471 0.15899
T1127TS046_2o 3400 3489.37 -302.191 0
T1178TS037_1o 4890 4468.36 -302.134 0
T1127TS248_3o 3400 3446.96 -301.99 0.00862
T1127TS304_3o 3400 3446.96 -301.99 0.00862
T1124TS385_1o 5922 5005.98 -301.63 0.07012
T1113TS185_1o 3088 2770.65 -301.028 0
T1127TS073_5o 3398 3323.15 -300.623 0.00633
T1127TS071_1o 3398 3526.12 -300.186 0.0293
T1178TS073_5o 4888 3921.85 -300.164 0
T1113TS169_1o 3088 2770.66 -299.543 0
T1127TS312_5o 3276 3616.07 -299.219 0
T1123TS185_5o 3962 4188.84 -297.732 0
T1127TS147_5o 3400 3841.56 -296.416 0
T1127TS091_1o 3398 3674.74 -296.123 0
T1127TS091_5o 3398 3561.09 -295.814 0
T1178TS444_1o 4888 4794.96 -294.76 0
T1127TS291_3o 3398 3599.56 -294.73 0
T1127TS035_4o 3400 3594.73 -294.515 0
T1127TS046_4o 3400 3594.73 -294.515 0
T1127TS188_1o 3399 3376.06 -294.207 0
T1127TS091_3o 3398 3621.74 -293.051 0
T1179TS229_4o 4040 3615.03 -292.79 0
T1179TS239_4o 4040 3615.03 -292.79 0
T1127TS188_2o 3399 3464.09 -292.716 0
T1127TS188_3o 3399 3430.24 -292.632 0.0025
T1127TS086_4o 3400 3501.68 -291.31 0
T1127TS158_4o 3400 3501.68 -291.31 0
T1178TS035_1o 4890 4049.24 -291.274 0
T1178TS248_1o 4890 4049.24 -291.274 0
T1127TS291_2o 3398 3602.69 -291.24 0
T1178TS158_2o 4890 4041.65 -290.822 0
T1178TS367_5o 4890 4041.65 -290.822 0
T1127TS086_3o 3400 3505.41 -290.525 0
T1127TS158_3o 3400 3505.41 -290.525 0
T1127TS003_1o 3400 3532.56 -289.57 0
T1127TS086_1o 3400 3532.56 -289.57 0
T1127TS158_1o 3400 3532.56 -289.57 0
T1127TS291_4o 3398 3598.3 -289.449 0
T1127TS091_4o 3398 3734.09 -288.996 0
T1178TS147_1o 4890 4788.3 -287.764 0
T1127TS086_5o 3400 3525.21 -287.325 0
T1127TS158_5o 3400 3525.21 -287.325 0
T1178TS003_5o 4890 4024.59 -286.272 0
T1178TS086_1o 4890 4024.59 -286.272 0
T1127TS003_2o 3400 3535.12 -286.013 0
T1127TS086_2o 3400 3535.12 -286.013 0
T1127TS158_2o 3400 3535.12 -286.013 0
T1178TS035_3o 4890 4061.85 -285.889 0
T1178TS248_3o 4890 4061.85 -285.889 0
T1178TS225_5o 4890 4319.06 -284.379 0
T1127TS291_5o 3398 3557.98 -284.002 0
T1113TS185_2o 3088 2852 -283.663 0
T1113TS278_2o 3090 2846.11 -283.484 0
T1178TS444_5o 4888 4721.92 -283.426 0
T1127TS091_2o 3398 3634.7 -283.228 0
T1127TS312_4o 3276 3553.12 -283.18 0
T1113TS201_1o 3090 2926.44 -282.534 0
T1127TS494_5o 3280 4245.87 -282.368 0
T1113TS462_4o 3090 2902.75 -281.649 0
T1178TS086_4o 4890 4044.19 -281.408 0
T1178TS158_5o 4890 3970.01 -280.877 0
T1178TS367_3o 4890 3970.01 -280.877 0
T1113TS073_5o 3088 2808.16 -280.509 0
T1113TS462_5o 3090 2954.98 -279.996 0
T1113TS073_1o 3088 2836.55 -279.528 0
T1124TS165_2o 5924 5068.31 -279.286 0.14398
H1129TS225_2 10646 21402.8 -279.187 0.01457
T1113TS278_4o 3090 2799.85 -279.139 0
T1113TS462_1o 3090 2945.98 -278.999 0
T1113TS462_3o 3090 2941.56 -278.105 0
T1178TS003_4o 4890 4153.05 -277.964 0
T1178TS158_1o 4890 4153.05 -277.964 0
T1178TS367_1o 4890 4153.05 -277.964 0
T1113TS439_1o 3072 2869.27 -275.777 0
T1178TS054_4o 4890 3859.72 -275.523 0
T1178TS125_4o 4890 3859.72 -275.523 0
T1178TS399_4o 4890 3859.72 -275.523 0
T1178TS493_2o 4888 4221.85 -275.063 0
T1178TS205_1o 4890 3935.01 -275.053 0
T1113TS278_3o 3090 2819.18 -274.046 0
T1113TS439_3o 3072 2784.43 -273.47 0
T1113TS201_5o 3090 2872.65 -272.768 0
T1113TS187_3o 3088 2897.95 -272.738 0
T1113TS423_3o 3088 2897.95 -272.738 0
T1113TS073_2o 3088 2809.48 -272.41 0
T1113TS278_1o 3090 2874.52 -272.237 0
T1113TS201_3o 3090 2900.09 -271.753 0
T1178TS180_4o 4890 4248.36 -270.89 0
T1113TS439_5o 3072 2892.84 -270.793 0.00301
T1113TS288_1o 3088 2887.08 -270.757 0
T1178TS119_3o 4890 3571.55 -270.474 0
T1113TS462_2o 3090 2924.71 -270.336 0
T1113TS073_4o 3088 2780.06 -270.326 0
T1127TS248_4o 3400 3495.08 -269.059 0.02317
T1127TS304_4o 3400 3495.08 -269.059 0.02317
T1178TS444_2o 4888 4415.18 -268.743 0
T1178TS185_1o 4890 3444.11 -268.693 0
H1129TS257_3 10644 9763.75 -268.462 0.03021
T1113TS494_1o 3088 2842.32 -267.962 0.00604
T1113TS239_1o 3072 2872.75 -267.95 0
T1113TS350_1o 3088 2966.59 -267.49 0
T1113TS374_1o 3090 2893.47 -266.861 0
T1178TS180_3o 4890 4343.07 -266.76 0
T1178TS185_5o 4890 3833.11 -266.727 0
T1113TS239_2o 3072 2901.85 -266.702 0
T1113TS239_3o 3072 2952.35 -266.348 0
T1113TS185_3o 3088 2823.44 -265.9 0
T1113TS439_4o 3072 2858.09 -265.302 0
T1113TS446_4o 3088 2833.3 -264.972 0.00919
T1113TS461_4o 3088 2833.3 -264.972 0.00919
T1113TS187_2o 3088 2912.59 -264.796 0
T1113TS423_2o 3088 2912.59 -264.796 0
T1178TS180_1o 4890 4294.55 -264.775 0
T1113TS288_3o 3088 2831.26 -264.066 0
T1113TS439_2o 3070 2827.15 -264.033 0.00924
T1113TS073_3o 3088 2777.59 -263.326 0
T1113TS201_2o 3090 2858.24 -262.974 0
T1178TS493_1o 4888 4124.86 -262.95 0
T1113TS374_4o 3090 2862.38 -262.113 0
T1178TS054_1o 4890 3834.06 -261.504 0
T1178TS125_1o 4890 3834.06 -261.504 0
T1178TS399_1o 4890 3834.06 -261.504 0
T1178TS131_1o 4890 3824.48 -261.4 0
T1179TS035_1o 4148 4422.31 -261.166 0
T1179TS248_1o 4148 4422.31 -261.166 0
T1178TS180_2o 4890 4261.18 -260.548 0
T1178TS150_2o 4890 4061.66 -260.347 0.00189
T1113TS201_4o 3090 2885.14 -260.18 0
T1127TS165_1o 3400 3685.72 -260.129 0.0576
T1113TS071_1o 3088 2764.25 -259.13 0
T1178TS374_5o 4890 4225.77 -259.079 0
T1178TS314_4o 4890 4051.73 -258.913 0
T1178TS320_4o 4890 4051.73 -258.913 0
T1178TS390_4o 4890 4051.73 -258.913 0
T1113TS298_2o 3090 2984.84 -258.727 0
T1178TS314_2o 4890 3979.11 -258.468 0
T1178TS320_2o 4890 3979.11 -258.468 0
T1178TS390_2o 4890 3979.11 -258.468 0
T1113TS131_3o 3090 2819.1 -257.91 0
T1113TS374_5o 3090 2886.68 -256.489 0
T1113TS248_2o 3088 2858.67 -256.48 0.00611
T1113TS446_2o 3088 2869.46 -256.41 0.0121
T1113TS461_2o 3088 2869.46 -256.41 0.0121
T1113TS119_5o 3088 2869.46 -256.387 0.0121
T1113TS180_5o 3090 2917.2 -256.001 0
T1178TS367_2o 4890 4207.41 -255.734 0
T1124TS494_2o 5924 3431.38 -255.624 0
T1178TS374_4o 4890 3540.07 -255.62 0
T1178TS205_5o 4890 3746.77 -255.492 0
T1113TS180_4o 3090 2908.91 -254.955 0
T1113TS446_3o 3088 2824.84 -254.167 0.00609
T1113TS461_3o 3088 2824.84 -254.167 0.00609
T1113TS298_4o 3090 2878.26 -253.818 0
T1113TS360_2o 3090 2878.26 -253.818 0
T1113TS180_3o 3090 2900.32 -253.785 0
T1127TS493_4o 3398 3547.92 -253.477 0
T1113TS131_5o 3090 2814.3 -253.178 0
T1178TS493_3o 4888 3956.43 -252.072 0
T1113TS158_5o 3090 2850.53 -251.922 0
T1113TS348_4o 3088 2869.91 -251.842 0
T1113TS125_1o 3090 2839.64 -251.542 0
T1113TS180_2o 3090 2883.22 -251.471 0
T1178TS494_1o 4890 3419.97 -251.325 0
T1113TS003_1o 3090 2851.48 -251.308 0
T1113TS187_4o 3088 2970.29 -251.25 0
T1113TS423_4o 3088 2970.29 -251.25 0
T1113TS119_4o 3090 2825.76 -250.879 0
T1113TS131_2o 3090 2825.76 -250.879 0
T1127TS165_3o 3400 3675.96 -250.841 0.0973
T1127TS398_1o 3400 3675.96 -250.841 0.0973
T1113TS367_4o 3090 2816.35 -250.494 0
T1113TS446_1o 3088 2791.19 -250.137 0.00623
T1113TS461_1o 3088 2791.19 -250.137 0.00623
T1113TS119_2o 3088 2791.2 -250.124 0.00623
T1178TS054_2o 4890 3625.01 -250.118 0
T1178TS125_2o 4890 3625.01 -250.118 0
T1178TS399_2o 4890 3625.01 -250.118 0
T1113TS035_1o 3088 2824.82 -250.023 0.02128
T1113TS180_1o 3090 2933.04 -249.959 0
T1178TS187_3o 4888 3954.66 -249.863 0
T1178TS423_2o 4888 3954.66 -249.863 0
T1113TS147_1o 3090 2992.81 -249.789 0
T1113TS071_3o 3088 2797.41 -249.715 0.00596
T1113TS374_3o 3090 2871.11 -249.584 0
T1113TS298_3o 3090 2888.69 -249.529 0
T1123TS180_5o 4180 3946.35 -249.088 0.00854
T1113TS086_2o 3090 2828.47 -248.927 0
T1113TS158_4o 3090 2828.47 -248.927 0
T1113TS494_2o 3090 2805.86 -248.83 0
T1113TS350_5o 3088 2923.95 -248.673 0
T1113TS003_3o 3090 2856.15 -248.426 0
T1113TS348_1o 3088 2899.29 -248.268 0
T1113TS071_4o 3088 2732.95 -247.647 0.0124
T1113TS187_1o 3088 2901.72 -247.239 0
T1113TS423_1o 3088 2901.72 -247.239 0
T1113TS086_5o 3090 2926.29 -247.021 0
T1178TS278_5o 4890 3753.98 -246.857 0
T1113TS119_1o 3090 2872.09 -245.984 0
T1113TS131_1o 3090 2872.09 -245.984 0
T1113TS003_2o 3090 2829.28 -245.975 0
T1178TS119_5o 4890 4088.14 -245.936 0
T1178TS314_1o 4890 4088.14 -245.936 0
T1178TS320_1o 4890 4088.14 -245.936 0
T1178TS390_1o 4890 4088.14 -245.936 0
T1178TS245_1o 4890 3836.62 -245.722 0.00406
T1178TS385_1o 4890 3836.62 -245.722 0.00406
T1113TS367_3o 3090 2793.64 -245.552 0
T1178TS131_2o 4890 4018.21 -245.456 0
T1161TS225_1o 720 2315.97 -245.383 0
T1113TS054_3o 3090 2857.35 -245.312 0
T1113TS399_3o 3090 2857.35 -245.312 0
T1113TS125_4o 3090 2782.66 -245.069 0
T1113TS374_2o 3090 2827.16 -245.04 0
T1161TS225_2o 720 2324.17 -244.883 0
T1113TS147_2o 3090 2913.3 -244.354 0
T1178TS229_2o 4794 3449.97 -244.225 0
T1178TS239_2o 4794 3449.97 -244.225 0
T1178TS439_2o 4794 3449.97 -244.225 0
T1113TS119_3o 3090 2815.44 -244.141 0
T1113TS150_1o 3090 2815.44 -244.141 0
T1113TS320_1o 3090 2815.44 -244.141 0
T1113TS390_1o 3090 2815.44 -244.141 0
T1178TS229_3o 4794 3419.91 -243.664 0
T1178TS239_3o 4794 3419.91 -243.664 0
T1178TS439_3o 4794 3419.91 -243.664 0
T1178TS185_2o 4890 3658.84 -243.472 0.00218
T1178TS245_2o 4890 3808.67 -243.357 0.00817
T1113TS298_5o 3090 2966.97 -243.221 0
T1161TS374_5o 720 2394.02 -243.032 0
T1179TS187_1o 4146 4360.66 -242.518 0
T1179TS423_1o 4146 4360.66 -242.518 0
T1113TS248_3o 3088 2947.71 -242.429 0.01857
T1178TS071_2o 4888 4039.04 -242.171 0.05668
T1161TS147_3o 720 2465.82 -241.715 0
T1113TS350_4o 3088 2827.4 -241.547 0
T1113TS185_5o 3088 2872.8 -241.511 0
T1113TS320_2o 3090 2850.59 -241.511 0
T1113TS390_2o 3090 2850.59 -241.511 0
T1113TS288_5o 3088 2805.17 -241.496 0
T1113TS187_5o 3088 2826.31 -241.015 0
T1113TS423_5o 3088 2826.31 -241.015 0
T1113TS150_2o 3090 2850.54 -240.237 0
T1178TS185_3o 4890 3292.55 -240.232 0.00228
T1178TS374_3o 4890 3789.97 -240.143 0
T1113TS071_2o 3088 2796.87 -240.053 0.00897
T1113TS350_3o 3088 2812.2 -239.813 0
T1113TS054_4o 3090 2841.09 -239.797 0
T1113TS399_4o 3090 2841.09 -239.797 0
T1113TS054_2o 3090 2785.7 -239.477 0
T1113TS399_2o 3090 2785.7 -239.477 0
T1113TS350_2o 3088 2956.37 -239.032 0
T1113TS367_5o 3090 2773.12 -238.885 0
T1113TS239_4o 3072 2750.11 -238.814 0
T1178TS494_2o 4890 3336.07 -238.805 0
T1113TS288_2o 3088 2990.2 -238.729 0
T1113TS037_4o 3090 2902.36 -238.705 0
T1161TS147_1o 720 2423.55 -238.62 0
T1113TS348_5o 3088 2844.51 -238.231 0
T1113TS360_5o 3090 2844.51 -238.231 0
T1113TS125_3o 3090 2851.79 -238.126 0
T1178TS245_3o 4890 3773.61 -237.744 0.00615
T1113TS054_5o 3090 2751.73 -237.427 0
T1113TS399_5o 3090 2751.73 -237.427 0
T1113TS185_4o 3088 2622.28 -237.345 0
T1113TS360_4o 3090 2799.89 -236.813 0
T1113TS367_2o 3090 2747.7 -236.797 0
T1161TS225_5o 720 2307.27 -236.699 0
T1113TS239_5o 3072 2848.97 -236.427 0
T1178TS131_4o 4890 3874.78 -235.985 0
T1113TS446_5o 3088 2835.58 -235.128 0.02118
T1113TS461_5o 3088 2835.58 -235.128 0.02118
T1113TS037_2o 3090 2866.95 -235.114 0
T1113TS367_1o 3090 2765.21 -234.923 0
T1178TS150_1o 4890 4112.83 -234.486 0.00381
T1161TS278_1o 720 2192.6 -234.378 0
T1113TS360_3o 3090 2806.14 -234.344 0
T1113TS147_4o 3090 2834.03 -234.094 0
H1140TS052_1 2701 5332.6 -233.811 0.00159
H1140TS315_1 2701 5332.6 -233.811 0.00159
T1113TS086_3o 3090 2740.01 -233.585 0
T1113TS158_3o 3090 2740.01 -233.585 0
T1161TS037_2o 720 2299.45 -233.372 0
T1113TS444_2o 3088 2681.76 -233.361 0
T1113TS320_5o 3090 2804.78 -233.095 0
T1113TS348_2o 3088 2804.78 -233.095 0
T1113TS390_5o 3090 2804.78 -233.095 0
T1161TS147_2o 720 2488.88 -233.087 0
T1178TS278_2o 4890 4010.82 -233.024 0
T1178TS245_4o 4890 3754.89 -232.775 0.01035
T1178TS314_3o 4890 3935.91 -232.701 0
T1178TS320_3o 4890 3935.91 -232.701 0
T1178TS390_3o 4890 3935.91 -232.701 0
T1161TS225_3o 720 2343.42 -232.548 0
H1129TS257_2 10644 6302.39 -232.466 0.0227
T1178TS131_3o 4890 3703.41 -232.457 0
T1178TS054_5o 4890 4618.18 -232.324 0
T1178TS125_5o 4890 4618.18 -232.324 0
T1178TS399_5o 4890 4618.18 -232.324 0
T1178TS119_4o 4890 3450.65 -231.942 0
T1178TS444_4o 4888 4403.72 -231.654 0
T1109TS278_3o 3440 4069.57 -231.598 0
T1113TS360_1o 3090 2817.86 -231.451 0
T1113TS037_1o 3090 2742.89 -231.447 0
T1161TS035_3o 720 2196.49 -230.975 0
T1113TS288_4o 3088 2790.83 -230.855 0
T1161TS444_1o 718 2454.74 -230.72 0
T1113TS098_1o 3090 2895.24 -230.659 0
T1113TS098_5o 3090 2895.24 -230.659 0
T1113TS169_2o 3090 2895.24 -230.659 0
T1113TS169_3o 3090 2895.24 -230.659 0
T1113TS188_1o 3090 2895.24 -230.659 0
T1113TS003_4o 3090 2811.02 -230.559 0.003
T1113TS086_1o 3090 2811.02 -230.559 0.003
T1113TS158_1o 3090 2811.02 -230.559 0.003
T1178TS205_3o 4890 4033.08 -230.517 0
T1178TS131_5o 4890 3684.65 -230.429 0
T1161TS225_4o 720 2204.48 -230.305 0
T1161TS185_1o 718 2139.21 -230.223 0
T1113TS003_5o 3090 2758.53 -230.193 0
T1113TS086_4o 3090 2758.53 -230.193 0
T1113TS158_2o 3090 2758.53 -230.193 0
T1113TS125_2o 3090 2724.49 -229.717 0
T1161TS477_1o 720 2192.74 -229.712 0
T1113TS071_5o 3088 2795 -229.3 0.01852
T1113TS147_3o 3090 2958.46 -229.101 0
T1161TS494_3o 720 2272.95 -229.072 0
H1106TS147_3 1888 3071.02 -228.866 0
T1113TS150_5o 3090 2804.79 -228.696 0
T1113TS147_5o 3090 3053.02 -228.45 0
T1178TS225_2o 4890 3542.97 -228.37 0
T1123TS187_2o 4178 3253.75 -228.18 0.00253
T1123TS423_2o 4178 3253.75 -228.18 0.00253
T1123TS439_1o 3360 2758.09 -228.098 0.00605
T1178TS245_5o 4890 3739.16 -227.681 0.00826
T1161TS054_1o 720 2290.68 -227.004 0
T1161TS125_1o 720 2290.68 -227.004 0
T1161TS399_1o 720 2290.68 -227.004 0
H1106TS205_1 1890 2438.79 -226.667 0
H1106TS147_1 1888 2899.75 -226.509 0
T1178TS054_3o 4890 3956.99 -226.314 0
T1178TS125_3o 4890 3956.99 -226.314 0
T1178TS399_3o 4890 3956.99 -226.314 0
T1123TS073_3o 4178 3073.16 -225.881 0.008
T1113TS298_1o 3090 2838.69 -225.669 0
T1113TS091_2o 3088 2753.97 -225.56 0
T1113TS125_5o 3090 2605.81 -225.478 0
T1113TS054_1o 3090 2678.86 -225.39 0
T1113TS399_1o 3090 2678.86 -225.39 0
T1113TS444_1o 3088 2780.14 -224.849 0
T1113TS444_4o 3088 2676.9 -224.486 0
T1161TS444_5o 718 2384.09 -224.433 0
T1113TS493_1o 3088 2744.7 -223.855 0
T1161TS003_3o 720 2235.42 -223.74 0
T1160TS444_1o 714 2389.05 -223.587 0
T1161TS367_4o 720 2284.11 -222.824 0
T1113TS348_3o 3088 2750.56 -222.779 0
T1113TS091_1o 3088 2804.68 -222.607 0
T1113TS091_5o 3088 2787.17 -222.537 0
T1113TS320_3o 3090 2701.6 -222.379 0
T1113TS390_3o 3090 2701.6 -222.379 0
T1178TS229_4o 4794 3305.88 -222.3 0
T1178TS239_4o 4794 3305.88 -222.3 0
T1178TS439_4o 4794 3305.88 -222.3 0
T1124TS398_2o 5922 4828.04 -222.081 0.15444
T1161TS054_2o 720 2299.95 -221.835 0
T1161TS125_2o 720 2299.95 -221.835 0
T1161TS399_2o 720 2299.95 -221.835 0
T1161TS187_1o 718 2194.11 -221.407 0
T1161TS423_1o 718 2194.11 -221.407 0
T1179TS291_2o 4146 2654.62 -220.991 0
T1179TS350_2o 4146 2654.62 -220.991 0
T1113TS150_3o 3090 2701.62 -220.991 0
T1178TS037_2o 4890 3548.96 -220.948 0
T1110TS054_3o 3446 2333.22 -220.78 0
T1110TS399_3o 3446 2333.22 -220.78 0
T1113TS098_4o 3089 2526.29 -220.687 0
T1113TS169_4o 3089 2526.29 -220.687 0
T1113TS188_5o 3089 2526.29 -220.687 0
T1178TS348_5o 4888 3141.09 -220.666 0
T1179TS374_4o 4148 2963.78 -220.615 0
T1110TS461_1o 3444 2370.95 -220.608 0.00346
T1161TS054_3o 720 2256.42 -220.372 0
T1161TS125_3o 720 2256.42 -220.372 0
T1161TS399_3o 720 2256.42 -220.372 0
T1161TS205_4o 720 2379.28 -220.298 0
T1178TS071_1o 4888 3843.31 -220.039 0.05341
T1161TS037_5o 720 2347.11 -219.751 0
T1113TS493_3o 3088 2836.4 -219.683 0
T1178TS229_5o 4794 3173.27 -219.67 0
T1178TS239_5o 4794 3173.27 -219.67 0
T1178TS439_5o 4794 3173.27 -219.67 0
T1161TS003_1o 720 2289.68 -219.644 0
T1161TS147_4o 720 2403.41 -219.515 0
T1113TS131_4o 3090 2684.91 -219.429 0
T1161TS439_4o 704 2304.16 -219.115 0
T1161TS147_5o 720 2445.53 -218.782 0
H1106TS180_3 1890 2433.55 -218.334 0
T1123TS288_1o 4178 2883.73 -218.287 0.00292
T1161TS320_5o 720 2287.98 -218.006 0
T1161TS390_5o 720 2287.98 -218.006 0
T1161TS098_5o 720 2288 -218.002 0
T1161TS169_1o 720 2288 -218.002 0
T1161TS188_5o 720 2288 -218.002 0
T1161TS185_5o 718 2097.17 -217.957 0
H1129TS257_1 10644 6094.79 -217.655 0.02384
T1161TS494_5o 720 2426.01 -217.63 0
T1161TS037_1o 720 1957.7 -217.479 0
T1161TS320_3o 720 2272.47 -217.468 0
T1161TS348_2o 718 2272.47 -217.468 0
T1161TS390_3o 720 2272.47 -217.468 0
T1161TS098_3o 720 2272.57 -217.394 0
T1161TS169_2o 720 2272.57 -217.394 0
T1161TS188_3o 720 2272.57 -217.394 0
T1161TS185_4o 718 2111.06 -217.26 0
T1178TS150_5o 4890 3391.7 -217.207 0.00937
T1161TS187_4o 718 2197 -216.992 0
T1161TS423_4o 718 2197 -216.992 0
T1113TS320_4o 3090 2662.73 -216.642 0.00317
T1113TS390_4o 3090 2662.73 -216.642 0.00317
T1161TS098_4o 720 2244.41 -216.611 0
T1161TS169_3o 720 2244.41 -216.611 0
T1161TS188_4o 720 2244.41 -216.611 0
T1161TS320_4o 720 2244.37 -216.575 0
T1161TS390_4o 720 2244.37 -216.575 0
T1161TS229_1o 704 2236.04 -216.175 0
T1161TS239_1o 704 2236.04 -216.175 0
T1113TS150_4o 3090 2662.71 -216.148 0.00317
T1113TS248_1o 3088 2767.36 -215.699 0.04673
T1161TS439_1o 704 2260.99 -215.66 0
T1110TS288_5o 3444 2380.35 -215.443 0
T1161TS229_4o 704 2326.38 -215.404 0
T1161TS239_4o 704 2326.38 -215.404 0
T1161TS205_1o 720 2406.91 -215.372 0
T1178TS278_3o 4890 4105.31 -215.239 0
T1123TS073_1o 4178 2905.06 -214.512 0.0163
T1127TS447_1o 3400 2798.22 -214.314 0
T1161TS054_4o 720 2287.37 -214.259 0
T1161TS125_4o 720 2287.37 -214.259 0
T1161TS399_4o 720 2287.37 -214.259 0
T1179TS073_2o 4146 3030.78 -214.22 0.00776
T1113TS447_5o 3090 2839.69 -213.961 0.00297
T1161TS367_3o 720 2288.6 -213.837 0
H1106TS229_1 1848 1975.47 -213.789 0
H1106TS239_1 1848 1975.47 -213.789 0
H1106TS180_2 1890 2329.03 -213.719 0
T1113TS091_4o 3088 2774.18 -213.697 0
T1161TS367_5o 720 2299.7 -213.58 0
T1113TS444_3o 3088 2743.34 -213.569 0
T1160TS462_5o 716 2174.25 -213.543 0
H1106TS180_1 1890 2279.41 -213.436 0
T1161TS054_5o 720 2297.2 -213.344 0
T1161TS125_5o 720 2297.2 -213.344 0
T1161TS399_5o 720 2297.2 -213.344 0
T1113TS037_5o 3090 2631.09 -213.154 0
T1161TS074_1o 718 2252.17 -213.124 0
T1161TS288_1o 718 2252.17 -213.124 0
T1178TS278_4o 4890 3891.49 -213.02 0
H1106TS180_4 1890 2292.86 -212.741 0
T1161TS298_5o 720 2338.92 -212.727 0
T1161TS185_2o 718 2126.01 -212.677 0
T1161TS185_3o 718 2149.81 -212.614 0
T1160TS462_1o 716 2158.64 -212.613 0
T1161TS205_2o 720 2390.54 -212.604 0
T1160TS374_5o 716 2369.54 -212.441 0
T1161TS348_4o 718 2262.84 -212.035 0
T1161TS367_2o 720 2298.54 -211.933 0
T1160TS147_5o 716 2488.69 -211.667 0
T1160TS147_1o 716 2411.64 -211.66 0
T1161TS086_3o 720 2388.79 -211.621 0
T1161TS360_2o 720 2389.28 -211.546 0
T1161TS150_1o 720 2326.08 -211.476 0.0249
T1123TS288_3o 4178 2985.87 -211.252 0.00265
T1113TS091_3o 3088 2709.1 -211.119 0
T1127TS165_4o 3400 3899.51 -211.054 0.11028
T1160TS462_3o 716 2157.47 -210.989 0
T1161TS086_4o 720 2337.5 -210.795 0
T1160TS278_3o 716 2232.11 -210.76 0
T1161TS131_5o 720 2277.4 -210.61 0
T1160TS298_3o 716 2152.58 -210.519 0
T1161TS348_3o 718 2280.34 -210.363 0
T1160TS494_1o 716 2266.83 -210.321 0
T1113TS444_5o 3088 2738.98 -210.225 0
T1161TS150_5o 720 2283.12 -210.198 0
T1160TS147_3o 716 2443.83 -210.178 0
T1161TS205_5o 720 2374.37 -210.149 0
T1127TS493_2o 3398 3374.69 -210.046 0
T1110TS494_5o 3446 2597.07 -209.751 0.00639
T1110TS461_3o 3444 2377.23 -209.647 0.01736
T1110TS291_1o 3444 2387.08 -209.551 0
T1110TS350_1o 3444 2387.08 -209.551 0
T1110TS187_5o 3444 2380.88 -209.481 0
T1110TS423_5o 3444 2380.88 -209.481 0
T1161TS187_3o 718 2281.25 -209.336 0
T1161TS423_3o 718 2281.25 -209.336 0
T1160TS150_3o 716 2212.25 -209.292 0
T1160TS462_4o 716 2123.24 -209.16 0
T1160TS205_2o 716 2382.66 -209.02 0
T1113TS312_2o 3088 2561.81 -208.994 0
T1124TS165_5o 5924 5084.69 -208.805 0.11975
T1161TS360_4o 720 2351.48 -208.725 0
H1106TS439_4 1848 2022.64 -208.506 0
T1160TS439_4o 696 2047.99 -208.497 0
H1106TS205_5 1890 2264.62 -208.435 0
T1110TS374_2o 3446 2345.98 -208.376 0
T1160TS348_4o 714 2209.71 -208.37 0
T1161TS119_4o 720 2274.61 -208.362 0
T1113TS278_5o 3090 2306.59 -208.331 0
T1161TS298_4o 720 2309.11 -208.304 0
T1161TS229_3o 704 2204.11 -208.253 0
T1161TS239_3o 704 2204.11 -208.253 0
T1161TS439_5o 704 2204.11 -208.253 0
T1110TS494_2o 3446 2459.14 -208.182 0
T1160TS477_1o 716 2164.56 -208.173 0
T1160TS374_4o 716 2340.44 -208.099 0
T1160TS298_1o 716 2237.43 -208.089 0
T1160TS150_5o 716 2187.45 -207.918 0
H1106TS180_5 1890 2270.49 -207.906 0
T1161TS298_2o 720 2282.37 -207.831 0
T1110TS461_2o 3444 2388.91 -207.708 0
T1161TS073_2o 718 2273.84 -207.631 0.01014
T1123TS444_3o 4178 4706.05 -207.581 0
T1110TS205_2o 3446 2307.73 -207.503 0
T1161TS119_3o 720 2281.68 -207.336 0
T1161TS131_3o 720 2281.68 -207.336 0
T1161TS298_3o 720 2325.88 -207.081 0
T1161TS360_3o 720 2384.28 -206.932 0
T1161TS205_3o 720 2304.81 -206.893 0
T1161TS035_1o 720 2182.83 -206.843 0
T1161TS248_2o 720 2182.83 -206.843 0
T1161TS003_5o 720 2378.13 -206.805 0
T1161TS086_1o 720 2378.13 -206.805 0
T1110TS444_3o 3444 2355.34 -206.722 0
T1160TS073_5o 714 2199.25 -206.622 0
T1109TS288_1o 3438 2374.71 -206.521 0.00338
T1161TS360_1o 720 2372.02 -206.518 0
T1160TS447_3o 716 2358.42 -206.419 0
T1160TS447_4o 716 2358.42 -206.419 0
T1161TS119_2o 720 2269.71 -206.321 0
T1161TS131_4o 720 2269.71 -206.321 0
T1178TS360_4o 4890 3595.24 -206.303 0
T1178TS360_3o 4890 3585.47 -206.103 0
T1110TS291_2o 3444 2358.54 -206.1 0
T1110TS350_2o 3444 2358.54 -206.1 0
T1110TS374_4o 3446 2352.02 -206.087 0
T1160TS035_5o 716 2248.58 -206.069 0
T1160TS248_5o 716 2248.58 -206.069 0
T1161TS314_4o 720 2294.18 -205.946 0
T1161TS320_1o 720 2294.18 -205.946 0
T1161TS390_1o 720 2294.18 -205.946 0
T1161TS074_3o 718 2298.52 -205.869 0
T1161TS288_3o 718 2298.52 -205.869 0
T1113TS037_3o 3090 2915.41 -205.852 0
T1109TS037_4o 3440 2377.18 -205.839 0.00697
T1161TS298_1o 720 2318.68 -205.8 0
T1161TS098_1o 720 2294.18 -205.797 0
T1161TS169_4o 720 2294.18 -205.797 0
T1161TS188_1o 720 2294.18 -205.797 0
T1113TS312_1o 3088 2673.89 -205.501 0
T1161TS074_2o 718 2221.62 -205.32 0
T1161TS288_2o 718 2221.62 -205.32 0
T1124TS494_4o 5924 2915.72 -205.193 0
T1109TS374_1o 3440 2339.95 -205.182 0.00704
T1160TS446_5o 716 2160.65 -205.078 0
T1160TS461_5o 716 2160.65 -205.078 0
T1160TS314_3o 714 2206.81 -205.003 0.01319
T1124TS398_5o 5924 5265.05 -204.965 0.13276
T1160TS298_5o 716 2179.3 -204.931 0
T1178TS188_5o 4890 3615.08 -204.926 0.00449
T1109TS444_5o 3438 2510.68 -204.86 0
T1160TS187_5o 714 2227.13 -204.854 0
T1160TS423_5o 714 2227.13 -204.854 0
T1160TS278_4o 716 2294.89 -204.752 0
T1160TS073_3o 714 2253.07 -204.643 0
H1106TS147_4 1888 2221.82 -204.519 0
T1109TS399_1o 3440 2311.7 -204.307 0
T1109TS054_1o 3440 2311.7 -204.307 0
T1160TS074_3o 714 2268.04 -204.298 0
T1160TS288_3o 714 2268.04 -204.298 0
T1178TS348_1o 4888 3816.62 -204.282 0
T1109TS444_1o 3438 2421.99 -204.28 0
T1110TS119_4o 3444 2297.3 -204.263 0
T1178TS348_4o 4888 3390.37 -204.194 0
T1110TS131_2o 3446 2297.3 -204.169 0
T1160TS205_3o 716 2258.19 -204.099 0
T1161TS374_4o 720 2247.65 -204.08 0
T1160TS073_1o 714 2189.97 -203.987 0
T1161TS119_1o 720 2370.32 -203.934 0
T1161TS131_1o 720 2370.32 -203.934 0
T1110TS288_3o 3444 2317.44 -203.884 0
T1161TS360_5o 720 2423.74 -203.768 0
T1160TS035_3o 716 2174.45 -203.762 0
T1160TS248_3o 716 2174.45 -203.762 0
T1124TS278_3o 5924 3307.22 -203.688 0
T1110TS447_3o 3446 2464.36 -203.623 0
T1110TS447_4o 3446 2464.36 -203.623 0
T1109TS350_5o 3438 2356.85 -203.538 0
T1109TS291_5o 3438 2356.85 -203.538 0
T1161TS131_2o 720 2448.88 -203.416 0
H1106TS462_4 1890 2099.36 -203.404 0
T1161TS150_4o 720 2392.78 -203.385 0
T1109TS278_1o 3440 2424.69 -203.381 0
T1178TS298_1o 4890 3556.91 -203.305 0
T1179TS374_3o 4148 2844.07 -203.282 0
T1161TS248_1o 720 1905.79 -203.246 0
T1127TS493_5o 3398 3252.81 -203.195 0
T1160TS494_3o 656 2214.56 -203.147 0
T1160TS073_2o 714 2175.4 -203.098 0
T1110TS461_4o 3444 2383.25 -203.035 0.00701
T1110TS288_1o 3444 2387.91 -203.028 0
T1161TS439_2o 704 2338.23 -202.999 0
T1161TS187_5o 718 2360.06 -202.861 0
T1161TS423_5o 718 2360.06 -202.861 0
T1161TS158_5o 720 2149.03 -202.802 0
T1160TS187_4o 714 2235.22 -202.668 0
T1160TS423_4o 714 2235.22 -202.668 0
T1161TS494_4o 720 2242.55 -202.655 0
H1106TS439_5 1848 2221.86 -202.458 0
T1109TS003_3o 3440 2336.24 -202.338 0
H1106TS462_5 1890 2148.2 -202.29 0
T1178TS071_5o 4888 3531.22 -202.238 0.08063
T1178TS291_4o 4888 3543.06 -202.236 0
T1178TS350_4o 4888 3543.06 -202.236 0
T1160TS462_2o 716 2207.88 -202.032 0
T1161TS003_2o 720 2135.82 -201.797 0
T1161TS086_2o 720 2135.82 -201.797 0
T1161TS158_1o 720 2135.82 -201.797 0
T1109TS350_3o 3438 2342.31 -201.791 0
T1109TS291_3o 3438 2342.31 -201.791 0
T1160TS360_3o 716 2280.54 -201.786 0
H1106TS462_2 1890 2243.33 -201.771 0
T1161TS003_4o 720 2278.84 -201.759 0
T1161TS158_4o 720 2278.84 -201.759 0
T1161TS074_5o 718 2242.79 -201.624 0
T1161TS288_5o 718 2242.79 -201.624 0
T1160TS348_2o 714 2124.03 -201.557 0
T1178TS225_1o 4890 3923.46 -201.512 0.01618
T1160TS205_4o 716 2332.16 -201.505 0
T1109TS462_5o 3440 2297.21 -201.398 0
T1109TS180_5o 3440 2297.21 -201.398 0
T1127TS278_5o 3400 2827.18 -201.38 0
T1160TS444_4o 714 2173.75 -201.369 0
T1160TS187_3o 714 2183.24 -201.329 0
T1160TS423_3o 714 2183.24 -201.329 0
T1127TS447_3o 3400 2594.98 -201.187 0
T1110TS444_1o 3444 2404.91 -201.155 0
T1160TS298_4o 716 2255.62 -201.115 0
T1160TS348_1o 714 2108.54 -201.045 0
T1110TS037_3o 3446 2328.79 -200.957 0
T1160TS360_5o 716 2265.19 -200.876 0
T1161TS314_5o 720 2260.19 -200.874 0
T1161TS320_2o 720 2260.19 -200.874 0
T1161TS390_2o 720 2260.19 -200.874 0
T1161TS098_2o 720 2260.18 -200.834 0
T1161TS169_5o 720 2260.18 -200.834 0
T1161TS188_2o 720 2260.18 -200.834 0
T1113TS312_3o 3088 2744.97 -200.833 0
T1160TS348_5o 714 2243.17 -200.658 0
T1161TS158_2o 720 2155.55 -200.58 0
T1161TS229_2o 704 2284.81 -200.453 0
T1161TS239_2o 704 2284.81 -200.453 0
T1160TS035_2o 716 2242.59 -200.339 0
T1160TS248_2o 716 2242.59 -200.339 0
T1160TS205_5o 716 2198.84 -200.285 0
T1160TS180_3o 716 2226.68 -200.226 0
T1113TS188_3o 3089 2420.24 -200.187 0.00357
T1110TS291_5o 3444 2371.87 -200.159 0
T1110TS350_5o 3444 2371.87 -200.159 0
T1161TS037_4o 720 2008.87 -200.146 0
T1160TS278_5o 716 2218.22 -200.008 0
T1110TS054_4o 3446 2189.49 -199.884 0
T1110TS399_4o 3446 2189.49 -199.884 0
T1178TS444_3o 4888 3907.98 -199.847 0
T1160TS444_5o 714 2345.44 -199.84 0
T1178TS150_4o 4890 3571.47 -199.831 0.01342
T1161TS150_2o 720 2337.29 -199.813 0
T1160TS446_4o 716 2153.33 -199.529 0
T1160TS461_4o 716 2153.33 -199.529 0
T1178TS493_5o 4888 3433.58 -199.445 0
T1160TS446_1o 716 2163.89 -199.417 0
T1160TS461_1o 716 2163.89 -199.417 0
T1113TS169_5o 3089 2364.18 -199.403 0
T1113TS188_2o 3089 2364.18 -199.403 0
T1178TS348_2o 4888 3478.96 -199.379 0
T1160TS205_1o 716 2276.33 -199.373 0
H1106TS073_2 1888 2169.04 -199.354 0.02326
T1161TS291_5o 718 2403.66 -199.186 0
T1161TS350_5o 718 2403.66 -199.186 0
T1113TS312_4o 3088 2729.82 -199.102 0
H1106TS147_5 1888 2705.7 -199.085 0
T1110TS447_1o 3446 2401.3 -198.984 0
T1110TS447_2o 3446 2401.3 -198.984 0
T1109TS205_1o 3440 2341.41 -198.958 0
T1160TS320_3o 716 2259.39 -198.768 0
T1160TS348_3o 714 2259.39 -198.768 0
T1160TS390_3o 716 2259.39 -198.768 0
T1161TS086_5o 720 2166.23 -198.75 0
T1161TS158_3o 720 2166.23 -198.75 0
T1160TS074_1o 714 2215.6 -198.709 0
T1160TS288_1o 714 2215.6 -198.709 0
T1109TS201_3o 3440 2284.55 -198.594 0
T1109TS350_1o 3438 2367.89 -198.582 0
T1109TS291_1o 3438 2367.89 -198.582 0
T1160TS360_1o 716 2245.6 -198.34 0
T1160TS180_4o 716 2256.06 -198.333 0
T1109TS037_3o 3440 2361.9 -198.295 0.00709
T1160TS074_2o 714 2191.48 -198.255 0
T1160TS288_2o 714 2191.48 -198.255 0
T1161TS367_1o 720 2233.78 -198.22 0
T1161TS074_4o 718 2229.16 -198.064 0
T1161TS288_4o 718 2229.16 -198.064 0
T1160TS098_3o 716 2259.41 -198.052 0
T1160TS169_2o 716 2259.41 -198.052 0
T1160TS188_3o 716 2259.41 -198.052 0
T1161TS071_5o 718 2376.96 -198.045 0.02881
T1160TS054_4o 716 2299.06 -198.027 0
T1160TS125_4o 716 2299.06 -198.027 0
T1160TS399_4o 716 2299.06 -198.027 0
T1161TS073_4o 718 2351.89 -198.003 0.02424
T1109TS399_4o 3440 2383.18 -197.936 0
T1109TS054_4o 3440 2383.18 -197.936 0
T1161TS035_5o 720 2440.18 -197.92 0
T1160TS119_4o 716 2243.55 -197.902 0
T1161TS348_5o 718 2322.03 -197.863 0
T1160TS298_2o 716 2253.93 -197.67 0
T1160TS360_2o 716 2253.93 -197.67 0
T1123TS444_5o 4178 4525.81 -197.644 0
T1160TS180_5o 716 2244.99 -197.611 0
T1109TS374_5o 3440 2370.47 -197.559 0
T1160TS229_3o 696 2189.21 -197.522 0
T1160TS239_3o 696 2189.21 -197.522 0
T1160TS439_3o 696 2189.21 -197.522 0
T1178TS298_5o 4890 3556.66 -197.476 0
T1160TS150_2o 716 2242.21 -197.408 0
H1106TS035_1 1890 2104.46 -197.277 0
H1106TS462_1 1890 2127.51 -197.266 0
T1109TS390_1o 3440 2283.06 -197.186 0
T1109TS320_1o 3440 2283.06 -197.186 0
T1110TS494_3o 3446 2283.07 -197.181 0
T1109TS350_4o 3438 2343.52 -197.148 0
T1109TS291_4o 3438 2343.52 -197.148 0
T1113TS477_1o 2951 1866.25 -197.121 0.00939
T1178TS314_5o 4890 3679.34 -197.107 0
T1178TS320_5o 4890 3679.34 -197.107 0
T1178TS360_5o 4890 3679.34 -197.107 0
T1178TS390_5o 4890 3679.34 -197.107 0
T1109TS462_1o 3440 2303.04 -197.034 0
T1109TS180_1o 3440 2303.04 -197.034 0
T1109TS003_1o 3440 2276.35 -196.982 0
T1161TS091_4o 718 2369.87 -196.793 0
T1161TS278_2o 720 2019.77 -196.736 0
T1110TS185_1o 3444 2352.22 -196.725 0.00675
T1161TS278_5o 720 2057.47 -196.706 0
T1160TS180_2o 716 2234.28 -196.694 0
T1123TS444_1o 4178 4534.3 -196.465 0
T1110TS054_2o 3446 2298.24 -196.279 0
T1110TS399_2o 3446 2298.24 -196.279 0
T1178TS185_4o 4890 3551.67 -196.27 0.00223
T1161TS444_3o 718 2151 -196.215 0
T1110TS131_5o 3446 2300.27 -196.104 0
T1113TS312_5o 3088 2496.58 -195.896 0
T1161TS229_5o 704 2143.22 -195.862 0
T1161TS239_5o 704 2143.22 -195.862 0
T1109TS205_3o 3440 2339 -195.796 0
T1109TS462_3o 3440 2283.85 -195.764 0
T1109TS180_3o 3440 2283.85 -195.764 0
T1109TS444_4o 3438 2534.42 -195.637 0
T1161TS348_1o 718 2337.17 -195.556 0
T1160TS147_2o 716 2292.59 -195.356 0
T1109TS125_4o 3440 2290.83 -195.35 0
T1110TS291_3o 3444 2367.67 -195.288 0
T1110TS350_3o 3444 2367.67 -195.288 0
T1110TS348_5o 3444 2305.6 -195.263 0
T1110TS462_3o 3446 2334.04 -195.186 0
T1109TS288_5o 3438 2333.1 -195.147 0.00348
H1106TS205_4 1890 2000.01 -195.073 0
T1161TS073_3o 718 2392.09 -195.053 0.02183
T1160TS360_4o 716 2259.56 -195.029 0
H1106TS035_5 1890 2038.45 -194.868 0
T1178TS493_4o 4888 3666.84 -194.559 0
T1109TS188_5o 3439 2377.17 -194.547 0
T1179TS119_5o 4148 2928.89 -194.267 0
T1110TS494_4o 3266 2857.07 -194.198 0
T1160TS035_1o 716 2248.53 -194.134 0
T1160TS248_1o 716 2248.53 -194.134 0
T1160TS494_2o 638 2168.59 -194.111 0
T1161TS180_2o 720 1973.88 -194.091 0
T1161TS462_2o 720 1973.88 -194.091 0
T1160TS147_4o 716 2338.64 -194.047 0
T1160TS187_1o 714 2137.44 -194.031 0
T1160TS423_1o 714 2137.44 -194.031 0
T1109TS348_5o 3438 2302.74 -193.967 0
T1109TS390_5o 3440 2302.74 -193.967 0
T1109TS320_5o 3440 2302.74 -193.967 0
T1160TS119_2o 716 2222.37 -193.918 0
T1160TS131_2o 716 2222.37 -193.918 0
T1178TS071_4o 4888 3373.52 -193.843 0.07604
T1109TS348_3o 3438 2313.54 -193.613 0
T1160TS119_1o 716 2229.15 -193.601 0
T1160TS131_1o 716 2229.15 -193.601 0
T1110TS125_5o 3446 2297.87 -193.537 0
H1106TS205_3 1890 2003.74 -193.468 0
T1109TS119_2o 3438 2512.69 -193.421 0.00675
T1160TS439_2o 696 2181.99 -193.403 0
T1110TS348_2o 3444 2284.61 -193.315 0
T1109TS003_5o 3440 2261.38 -193.241 0
T1160TS374_2o 716 2213.01 -193.13 0
T1109TS205_2o 3440 2325 -193.054 0
T1161TS444_4o 718 2325.75 -192.965 0
T1110TS086_2o 3446 2260.74 -192.959 0
T1161TS494_1o 720 1982.34 -192.875 0
T1109TS188_4o 3439 2414.52 -192.789 0
T1110TS360_5o 3446 2300.89 -192.767 0
T1113TS188_4o 3089 2360.16 -192.707 0.00883
T1179TS086_4o 4148 3512.43 -192.688 0
T1160TS367_4o 716 2210.19 -192.581 0
T1110TS205_1o 3446 2292.6 -192.577 0
T1109TS494_1o 3440 2347.89 -192.337 0.00716
H1106TS201_1 1890 2058.55 -192.272 0
T1178TS298_2o 4890 3590.42 -192.23 0
T1161TS035_2o 720 2216.68 -192.037 0
T1161TS248_4o 720 2216.68 -192.037 0
T1110TS185_4o 3444 2273.46 -191.96 0
T1109TS374_2o 3440 2294.12 -191.918 0
H1144TS052_1 2640 4787.03 -191.877 0
H1144TS315_1 2640 4787.03 -191.877 0
T1109TS158_5o 3440 2295.2 -191.875 0
T1161TS446_3o 720 1972.34 -191.795 0
T1161TS461_3o 720 1972.34 -191.795 0
T1110TS201_2o 3446 2269.14 -191.779 0
T1160TS158_5o 716 2199.1 -191.767 0
T1160TS367_2o 716 2199.1 -191.767 0
T1109TS201_1o 3440 2276.55 -191.735 0
T1160TS086_5o 716 2204.51 -191.7 0
H1106TS201_2 1890 2011.65 -191.635 0
T1109TS477_1o 3384 2309.87 -191.6 0
T1109TS288_2o 3438 2347.52 -191.538 0.00351
T1161TS037_3o 720 1789.02 -191.528 0
T1178TS205_4o 4890 3346.94 -191.517 0
T1109TS091_2o 3438 2411.18 -191.459 0
T1160TS180_1o 716 2225.57 -191.387 0
T1110TS288_4o 3444 2349.93 -191.313 0
T1178TS188_2o 4890 3485.52 -191.221 0
T1110TS291_4o 3444 2263.22 -191.133 0
T1110TS350_4o 3444 2263.22 -191.133 0
T1110TS314_5o 3446 2292.9 -191.069 0
T1110TS360_1o 3446 2292.9 -191.069 0
T1110TS439_3o 3386 2322.69 -190.914 0.00734
T1160TS447_2o 716 2320.76 -190.899 0
T1160TS003_1o 716 2213.01 -190.851 0
T1160TS086_1o 716 2213.01 -190.851 0
T1160TS158_1o 716 2213.01 -190.851 0
T1161TS091_2o 718 2380.07 -190.82 0
T1161TS035_4o 720 2397.58 -190.799 0
T1161TS248_3o 720 2397.58 -190.799 0
T1110TS360_3o 3446 2303.56 -190.768 0
T1123TS444_4o 4178 4150.82 -190.722 0
T1160TS074_5o 714 2201.58 -190.707 0
T1160TS288_5o 714 2201.58 -190.707 0
T1109TS098_4o 3440 2238.05 -190.689 0
T1109TS169_4o 3440 2238.05 -190.689 0
T1109TS348_4o 3438 2271.85 -190.548 0
T1160TS003_2o 716 2215 -190.535 0
T1160TS086_3o 716 2215 -190.535 0
T1160TS158_3o 716 2215 -190.535 0
T1110TS288_2o 3444 2343.2 -190.415 0
T1160TS119_3o 716 2231.43 -190.389 0
T1160TS131_4o 716 2231.43 -190.389 0
T1160TS003_5o 716 2200.73 -190.385 0
H1106TS245_2 1890 2114.73 -190.371 0
H1106TS385_2 1890 2114.73 -190.371 0
T1110TS119_1o 3444 2341.83 -190.299 0
H1106TS462_3 1890 2150.19 -190.134 0
T1110TS298_3o 3446 2267.32 -190.13 0
H1106TS348_5 1890 2025.25 -190.128 0
T1110TS037_1o 3446 2318.2 -190.086 0
T1110TS205_3o 3446 2309.63 -189.834 0
T1123TS073_2o 4178 2630.03 -189.831 0.01667
T1110TS054_5o 3446 2282.12 -189.804 0
T1110TS125_1o 3446 2282.12 -189.804 0
T1110TS399_5o 3446 2282.12 -189.804 0
T1160TS086_4o 716 2238.81 -189.8 0
T1160TS158_2o 716 2238.81 -189.8 0
T1110TS314_1o 3446 2303.24 -189.751 0
T1160TS086_2o 716 2220.65 -189.556 0
T1160TS158_4o 716 2220.65 -189.556 0
T1109TS399_5o 3440 2249.83 -189.453 0
T1109TS054_5o 3440 2249.83 -189.453 0
T1109TS125_1o 3440 2249.83 -189.453 0
T1109TS037_1o 3440 2285.7 -189.421 0
T1160TS494_4o 638 2062.76 -189.42 0
T1160TS003_4o 716 2273.85 -189.355 0
T1160TS367_5o 716 2273.85 -189.355 0
T1110TS187_2o 3444 2347.4 -189.325 0.00337
T1110TS423_2o 3444 2347.4 -189.325 0.00337
T1109TS035_2o 3440 2291.73 -189.235 0.00721
T1109TS423_5o 3438 2388.24 -189.207 0
T1109TS187_5o 3438 2388.24 -189.207 0
T1110TS314_2o 3446 2310.79 -189.188 0
T1179TS131_2o 4148 2939.25 -189.125 0
H1106TS201_4 1890 2003.67 -189.068 0
T1160TS187_2o 714 2127.45 -189.04 0
T1160TS423_2o 714 2127.45 -189.04 0
H1106TS477_1 1556 1988.55 -189.023 0
T1110TS086_1o 3446 2264.24 -188.906 0
T1110TS312_5o 3350 2406.79 -188.887 0
T1160TS098_2o 716 2219.79 -188.884 0
T1160TS169_5o 716 2219.79 -188.884 0
T1160TS188_2o 716 2219.79 -188.884 0
T1160TS314_2o 716 2219.8 -188.877 0
T1160TS320_2o 716 2219.8 -188.877 0
T1160TS390_2o 716 2219.8 -188.877 0
T1110TS185_3o 3444 2277.29 -188.874 0
H1106TS291_3 1888 2140.24 -188.85 0
H1106TS350_3 1888 2140.24 -188.85 0
T1109TS298_1o 3440 2243.16 -188.749 0
T1161TS150_3o 720 2445.6 -188.723 0.01163
T1161TS439_3o 704 2285.27 -188.69 0
H1106TS494_1 1890 2096.11 -188.679 0
T1110TS188_4o 3445 2358.99 -188.63 0
T1160TS035_4o 716 2170.64 -188.369 0
T1160TS248_4o 716 2170.64 -188.369 0
T1110TS462_5o 3446 2323.71 -188.36 0
H1106TS434_2 1890 1974.46 -188.275 0
T1109TS298_2o 3440 2243.69 -188.254 0
T1160TS229_2o 696 2119.91 -188.154 0
T1160TS239_2o 696 2119.91 -188.154 0
T1160TS439_1o 696 2119.91 -188.154 0
T1178TS205_2o 4890 3526.08 -188.147 0
T1109TS298_3o 3440 2252.71 -188.129 0
T1160TS439_5o 696 2134.26 -188.064 0
T1160TS003_3o 716 2253.45 -188.002 0
T1109TS367_5o 3440 2247.85 -187.982 0
H1106TS446_1 1888 2001.85 -187.94 0.01688
H1106TS461_1 1888 2001.85 -187.94 0.01688
T1161TS073_1o 718 2296.42 -187.917 0.01496
T1161TS187_2o 718 2168.42 -187.681 0.0552
T1161TS423_2o 718 2168.42 -187.681 0.0552
T1109TS360_1o 3440 2308.56 -187.638 0
T1110TS003_3o 3446 2270.97 -187.61 0
T1110TS131_3o 3446 2279.62 -187.571 0
T1178TS150_3o 4890 3669.34 -187.568 0.02708
T1160TS131_5o 716 2260.01 -187.562 0
T1109TS314_4o 3440 2307.64 -187.541 0
T1109TS493_3o 3438 2301.26 -187.533 0
T1127TS447_2o 3400 2607.06 -187.46 0
H1106TS201_3 1890 1861.69 -187.44 0
H1106TS225_2 1890 2251.88 -187.37 0
T1109TS390_3o 3440 2276.51 -187.364 0
T1109TS320_3o 3440 2276.51 -187.364 0
T1110TS119_5o 3444 2373.3 -187.345 0
T1110TS003_4o 3446 2300.99 -187.338 0
T1161TS073_5o 718 2405.39 -187.271 0.0121
T1161TS071_4o 718 2294.55 -187.25 0.0499
H1106TS447_5 1890 2156.89 -187.221 0
T1109TS288_3o 3438 2347.49 -187.217 0
T1109TS360_5o 3440 2315.62 -187.093 0
T1109TS360_4o 3440 2316.33 -187.046 0
T1109TS494_5o 3312 2575.52 -186.932 0
T1109TS098_5o 3440 2252.19 -186.923 0
T1109TS169_2o 3440 2252.19 -186.923 0
T1110TS158_3o 3446 2260.52 -186.878 0
T1160TS367_1o 716 2224.84 -186.793 0
T1110TS158_2o 3446 2260.74 -186.772 0
T1160TS229_1o 696 2095.97 -186.761 0
T1160TS239_1o 696 2095.97 -186.761 0
T1161TS180_1o 720 1967.05 -186.592 0
T1161TS462_1o 720 1967.05 -186.592 0
T1109TS360_2o 3440 2317.4 -186.58 0
T1161TS119_5o 720 1974.26 -186.479 0
T1161TS446_1o 720 1974.26 -186.479 0
T1161TS461_1o 720 1974.26 -186.479 0
T1160TS229_4o 696 2078.5 -186.439 0
T1160TS239_4o 696 2078.5 -186.439 0
T1123TS003_2o 4180 2599.42 -186.43 0.00301
T1110TS003_2o 3446 2264.66 -186.276 0
T1110TS086_3o 3446 2264.66 -186.276 0
T1109TS494_3o 3440 2273.42 -186.252 0
T1110TS374_5o 3446 2290.19 -186.247 0
T1109TS119_4o 3438 2348.87 -186.235 0.00734
T1110TS360_2o 3446 2289.32 -186.231 0
T1109TS131_1o 3440 2348.87 -186.23 0.00734
T1160TS185_4o 714 2091.84 -186.196 0
T1109TS360_3o 3440 2314.37 -186.194 0
T1109TS350_2o 3438 2351.4 -186.12 0
T1109TS291_2o 3438 2351.4 -186.12 0
T1110TS462_2o 3446 2291.33 -186.114 0
T1110TS348_1o 3444 2268.82 -186.113 0
T1109TS003_4o 3440 2223.81 -186.05 0
H1106TS291_4 1888 2081.91 -185.925 0
H1106TS350_4 1888 2081.91 -185.925 0
H1106TS229_5 1848 1958.2 -185.882 0
H1106TS239_5 1848 1958.2 -185.882 0
T1160TS150_4o 716 2168.37 -185.572 0
T1110TS298_4o 3446 2236.85 -185.5 0
T1109TS399_2o 3440 2287.13 -185.455 0
T1109TS054_2o 3440 2287.13 -185.455 0
T1110TS360_4o 3446 2318.71 -185.445 0
T1110TS320_3o 3446 2231.89 -185.411 0
T1110TS348_3o 3444 2231.89 -185.411 0
T1110TS390_3o 3446 2231.89 -185.411 0
T1109TS462_4o 3440 2279.3 -185.378 0
T1109TS180_4o 3440 2279.3 -185.378 0
H1106TS225_3 1890 2016.71 -185.341 0
T1110TS201_4o 3446 2248.24 -185.316 0
T1160TS367_3o 716 2231.04 -185.18 0
T1109TS390_2o 3440 2235.69 -185.164 0
T1109TS320_2o 3440 2235.69 -185.164 0
T1110TS462_4o 3446 2325.64 -185.025 0
H1106TS225_5 1890 2246.13 -184.989 0
T1109TS374_3o 3440 2489.66 -184.886 0.0066
T1110TS098_1o 3446 2233.97 -184.852 0
T1110TS169_2o 3446 2233.97 -184.852 0
T1110TS320_2o 3446 2229.21 -184.826 0
T1110TS390_2o 3446 2229.21 -184.826 0
T1110TS320_4o 3446 2263.31 -184.779 0
T1110TS390_4o 3446 2263.31 -184.779 0
T1178TS447_1o 4890 3234.26 -184.757 0
T1160TS098_1o 716 2232.38 -184.755 0
T1160TS169_3o 716 2232.38 -184.755 0
T1160TS188_1o 716 2232.38 -184.755 0
T1178TS291_5o 4888 3116.86 -184.713 0
T1178TS350_5o 4888 3116.86 -184.713 0
T1110TS494_1o 3446 2346.74 -184.634 0
T1109TS444_3o 3438 2308.37 -184.518 0
T1161TS447_2o 720 1931.57 -184.517 0
T1161TS447_3o 720 1931.57 -184.517 0
T1161TS447_4o 720 1931.57 -184.517 0
T1161TS447_5o 720 1931.57 -184.517 0
T1109TS147_2o 3438 2627.14 -184.484 0
T1110TS188_3o 3446 2226.24 -184.465 0
T1110TS320_1o 3446 2226.24 -184.465 0
T1110TS390_1o 3446 2226.24 -184.465 0
T1109TS439_2o 3380 2224.97 -184.455 0.00748
T1109TS239_1o 3380 2224.97 -184.455 0.00748
T1109TS298_4o 3440 2253.32 -184.448 0
T1123TS073_4o 4178 2744.2 -184.444 0.00569
T1110TS125_2o 3446 2284.84 -184.376 0
T1110TS348_4o 3444 2276.62 -184.376 0
T1160TS098_4o 716 2210.76 -184.29 0
T1160TS169_4o 716 2210.76 -184.29 0
T1160TS188_4o 716 2210.76 -184.29 0
T1160TS320_4o 716 2210.8 -184.279 0
T1160TS390_4o 716 2210.8 -184.279 0
T1161TS444_2o 718 2417.98 -184.237 0
T1110TS054_1o 3446 2252.16 -184.212 0
T1110TS399_1o 3446 2252.16 -184.212 0
T1160TS314_1o 716 2232.34 -184.209 0
T1160TS320_1o 716 2232.34 -184.209 0
T1160TS390_1o 716 2232.34 -184.209 0
T1109TS444_2o 3438 2338.67 -184.196 0
T1160TS074_4o 714 2193.25 -184.081 0
T1160TS288_4o 714 2193.25 -184.081 0
T1110TS098_5o 3446 2232.1 -184.046 0
T1110TS169_1o 3446 2232.1 -184.046 0
T1110TS169_5o 3446 2232.1 -184.046 0
T1178TS188_4o 4890 3151.96 -184.026 0
T1160TS446_3o 716 2135.02 -183.981 0
T1160TS461_3o 716 2135.02 -183.981 0
T1160TS320_5o 716 2206.55 -183.81 0
T1160TS390_5o 716 2206.55 -183.81 0
T1160TS098_5o 716 2206.55 -183.809 0
T1160TS169_1o 716 2206.55 -183.809 0
T1160TS188_5o 716 2206.55 -183.809 0
T1110TS367_4o 3446 2266.53 -183.802 0
T1178TS298_4o 4890 3331.87 -183.744 0
T1110TS298_5o 3446 2274.86 -183.71 0
T1110TS187_3o 3444 2230.56 -183.696 0
T1110TS423_3o 3444 2230.56 -183.696 0
H1106TS035_2 1890 1982.61 -183.592 0
T1161TS291_2o 718 2472.02 -183.474 0
T1161TS350_2o 718 2472.02 -183.474 0
T1110TS086_4o 3446 2237.82 -183.433 0
T1109TS158_4o 3440 2255.29 -183.391 0
T1109TS278_2o 3440 2308.68 -183.355 0.00716
T1161TS446_2o 720 1937.28 -183.337 0
T1161TS461_2o 720 1937.28 -183.337 0
T1109TS125_3o 3440 2314.26 -183.128 0
T1109TS131_4o 3440 2379.35 -183.056 0.00708
T1161TS374_1o 720 2016.31 -183.052 0
T1127TS398_3o 3398 3559.46 -182.963 0.12605
H1106TS188_4 1889 2048.54 -182.955 0
T1109TS086_4o 3440 2255.3 -182.943 0
T1109TS158_2o 3440 2255.3 -182.943 0
T1109TS239_5o 3380 2281.74 -182.927 0.00723
H1106TS291_1 1888 2049.68 -182.869 0
H1106TS350_1 1888 2049.68 -182.869 0
T1109TS314_1o 3440 2381.3 -182.868 0
T1109TS125_5o 3440 2299.51 -182.867 0
T1124TS494_3o 5924 3407.57 -182.856 0
T1110TS298_2o 3446 2225.73 -182.84 0
T1160TS091_5o 714 2277.72 -182.782 0
T1109TS035_1o 3440 2236.67 -182.771 0
T1109TS248_2o 3440 2236.67 -182.771 0
T1110TS098_4o 3446 2235.81 -182.732 0
T1110TS169_3o 3446 2235.81 -182.732 0
T1110TS169_4o 3446 2235.81 -182.732 0
T1110TS374_1o 3446 2254.76 -182.707 0
T1160TS446_2o 716 2227.76 -182.621 0
T1160TS461_2o 716 2227.76 -182.621 0
T1110TS462_1o 3446 2329.96 -182.588 0
T1160TS119_5o 716 2223.26 -182.553 0
T1160TS131_3o 716 2223.26 -182.553 0
H1106TS447_2 1890 2140.74 -182.432 0
H1106TS447_3 1890 2140.74 -182.432 0
H1106TS447_4 1890 2140.74 -182.432 0
T1110TS035_1o 3446 2244.69 -182.287 0
T1110TS248_1o 3446 2244.69 -182.287 0
T1160TS054_5o 716 2195.59 -182.28 0
T1160TS125_5o 716 2195.59 -182.28 0
T1160TS399_5o 716 2195.59 -182.28 0
T1110TS180_5o 3446 2315.52 -182.257 0
T1110TS119_3o 3444 2336.5 -182.225 0.00347
T1110TS444_5o 3444 2309.83 -182.216 0
T1160TS229_5o 696 2119.12 -182.176 0
T1160TS239_5o 696 2119.12 -182.176 0
T1160TS374_1o 716 2145.93 -182.157 0
T1110TS446_5o 3444 2224.04 -181.96 0.02158
T1110TS461_5o 3444 2224.04 -181.96 0.02158
T1109TS367_4o 3440 2236.3 -181.923 0
T1109TS298_5o 3440 2264.79 -181.923 0
T1110TS158_4o 3446 2237.29 -181.918 0
T1110TS119_2o 3444 2265.56 -181.855 0
T1160TS278_1o 716 2266.95 -181.845 0
T1160TS185_3o 714 2097.15 -181.843 0
T1161TS180_3o 720 1925.26 -181.843 0
T1161TS462_3o 720 1925.26 -181.843 0
T1110TS131_1o 3446 2265.53 -181.836 0
T1110TS131_4o 3446 2318.91 -181.814 0
T1160TS091_3o 714 2282.61 -181.81 0
T1160TS054_3o 716 2223.17 -181.722 0
T1160TS125_3o 716 2223.17 -181.722 0
T1160TS399_3o 716 2223.17 -181.722 0
T1161TS291_1o 718 2427.91 -181.545 0
T1161TS350_1o 718 2427.91 -181.545 0
T1110TS188_5o 3445 2363.71 -181.513 0
T1161TS091_1o 718 2384.4 -181.489 0
T1109TS201_2o 3440 2339.77 -181.398 0
T1110TS444_2o 3444 2401.42 -181.329 0
H1106TS278_3 1890 1888.32 -181.157 0
T1178TS298_3o 4890 3354.25 -181.066 0
T1110TS158_1o 3446 2262.03 -180.994 0
T1178TS291_3o 4888 3379.74 -180.933 0
T1178TS350_3o 4888 3379.74 -180.933 0
T1123TS073_5o 4178 2712.8 -180.916 0.01613
T1160TS150_1o 716 2228.83 -180.908 0
H1106TS073_3 1888 2080.16 -180.891 0.01205
T1110TS180_4o 3446 2357.64 -180.845 0
H1106TS225_1 1890 2001.59 -180.767 0
T1178TS494_3o 4890 3202.95 -180.756 0
T1110TS003_1o 3446 2268.7 -180.75 0
T1110TS158_5o 3446 2268.7 -180.75 0
T1161TS071_3o 718 2303.51 -180.682 0.03758
T1160TS185_2o 714 2129.87 -180.674 0
T1178TS494_4o 4890 3245.07 -180.615 0
T1109TS239_3o 3380 2331.4 -180.566 0.00733
T1110TS003_5o 3446 2268.23 -180.423 0
T1110TS086_5o 3446 2268.23 -180.423 0
T1109TS288_4o 3438 2344.84 -180.332 0
T1110TS312_4o 3350 2351.16 -180.164 0
T1110TS298_1o 3446 2224.86 -180.074 0
T1109TS119_5o 3438 2338.67 -180.068 0
T1110TS201_5o 3446 2259.97 -180.022 0
T1110TS185_5o 3444 2322.53 -179.748 0
T1110TS477_1o 3390 2269.58 -179.723 0
T1160TS494_5o 716 2105.88 -179.697 0
T1160TS444_3o 714 2317.72 -179.684 0
T1110TS320_5o 3446 2227.38 -179.593 0
T1110TS390_5o 3446 2227.38 -179.593 0
T1109TS462_2o 3440 2309.96 -179.393 0
T1109TS180_2o 3440 2309.96 -179.393 0
T1110TS367_5o 3446 2282.68 -179.265 0
T1160TS037_1o 716 2241.75 -179.24 0
T1123TS444_2o 4178 4156.41 -179.23 0
T1109TS423_4o 3438 2474.18 -179.18 0
T1109TS187_4o 3438 2474.18 -179.18 0
H1106TS205_2 1890 2058.05 -179.119 0
T1109TS390_4o 3440 2273.38 -178.942 0
T1109TS320_4o 3440 2273.38 -178.942 0
T1113TS035_4o 3088 1743.65 -178.732 0.00489
T1113TS248_4o 3088 1743.65 -178.732 0.00489
T1127TS493_1o 3398 3027.04 -178.575 0
H1157TS147_4 11597 3532.26 -178.497 0.01074
T1110TS180_1o 3446 2318.96 -178.477 0
T1110TS314_3o 3446 2281.95 -178.365 0
H1106TS434_3 1890 1867.57 -178.261 0
H1106TS147_2 1888 2139.62 -178.2 0
T1109TS086_3o 3440 2273.83 -178.12 0
T1109TS158_1o 3440 2273.83 -178.12 0
T1110TS187_4o 3444 2342.09 -177.815 0
T1110TS423_4o 3444 2342.09 -177.815 0
T1109TS003_2o 3440 2352.57 -177.802 0
H1106TS278_5 1890 1744.29 -177.774 0
T1110TS374_3o 3446 2220.59 -177.707 0
H1106TS278_4 1890 1794.6 -177.696 0
H1129TS257_4 10644 7759.21 -177.669 0.02843
T1178TS091_2o 4888 4073.38 -177.616 0
T1160TS091_2o 714 2334.04 -177.562 0
T1109TS447_1o 3440 2417.7 -177.549 0
T1109TS447_2o 3440 2417.7 -177.549 0
T1127TS447_4o 3400 2384.74 -177.469 0
T1109TS367_1o 3440 2271.12 -177.429 0
T1109TS037_2o 3440 2312.39 -177.387 0
T1161TS071_1o 718 2365.52 -177.143 0.04297
T1161TS091_3o 718 2270.47 -176.838 0
T1109TS169_1o 3440 2243.48 -176.822 0
T1109TS188_3o 3440 2243.48 -176.822 0
H1106TS073_4 1888 1886.56 -176.816 0.01402
T1160TS073_4o 714 2172.86 -176.771 0
T1109TS131_2o 3440 2283.25 -176.713 0
T1109TS119_3o 3438 2283.28 -176.694 0
T1109TS314_3o 3440 2267.46 -176.39 0
T1178TS360_2o 4890 3358.46 -176.334 0.00243
T1109TS446_2o 3438 2326.15 -176.3 0.0266
T1109TS461_2o 3438 2326.15 -176.3 0.0266
T1109TS446_5o 3438 2288.24 -176.252 0.0318
T1109TS461_5o 3438 2288.24 -176.252 0.0318
T1160TS291_1o 714 2334.76 -176.209 0
T1160TS350_1o 714 2334.76 -176.209 0
T1161TS374_3o 720 1898.26 -176.178 0
H1106TS245_3 1890 2071.96 -176.041 0
H1106TS385_3 1890 2071.96 -176.041 0
T1161TS091_5o 718 2384.3 -175.916 0
T1160TS185_1o 714 2091.47 -175.873 0
T1109TS367_3o 3440 2275.42 -175.823 0
H1106TS434_5 1890 2055.44 -175.809 0
T1160TS444_2o 714 2289.34 -175.756 0
T1123TS086_2o 4180 3219.48 -175.624 0.0048
T1123TS158_2o 4180 3219.48 -175.624 0.0048
T1161TS180_4o 720 2096.6 -175.602 0
T1161TS462_4o 720 2096.6 -175.602 0
H1106TS291_2 1888 1971.08 -175.589 0
H1106TS350_2 1888 1971.08 -175.589 0
T1160TS447_5o 716 2362.09 -175.529 0
T1110TS444_4o 3444 2271.06 -175.514 0
T1109TS131_3o 3440 2344.38 -175.502 0.00719
T1161TS446_4o 720 2098.34 -175.476 0
T1161TS461_4o 720 2098.34 -175.476 0
T1110TS180_2o 3446 2346.34 -175.293 0
T1110TS446_2o 3444 2268.87 -175.274 0.03203
T1110TS180_3o 3446 2278.31 -175.236 0
T1109TS125_2o 3440 2295.96 -175.223 0
H1106TS446_3 1888 1818.14 -175.043 0.02242
H1106TS461_3 1888 1818.14 -175.043 0.02242
T1110TS201_1o 3446 2295.39 -174.967 0
T1109TS312_1o 3344 2170.66 -174.868 0
T1160TS291_3o 714 2330.29 -174.671 0
T1160TS350_3o 714 2330.29 -174.671 0
T1127TS165_5o 3400 3444.72 -174.641 0
T1110TS446_4o 3444 2235.96 -174.619 0.00738
T1109TS201_5o 3440 2318.02 -174.423 0
T1109TS071_3o 3438 2250.33 -174.412 0.03175
H1106TS446_2 1888 1942.15 -174.245 0.05169
H1106TS461_2 1888 1942.15 -174.245 0.05169
T1113TS493_5o 3088 2085.3 -173.932 0
T1110TS187_1o 3444 2347.57 -173.841 0
T1110TS423_1o 3444 2347.57 -173.841 0
T1110TS205_4o 3446 2072.51 -173.824 0
T1161TS494_2o 720 1931.95 -173.811 0
T1109TS071_2o 3438 2306.81 -173.572 0.01079
T1110TS446_3o 3444 2232.94 -173.529 0.02545
T1109TS091_4o 3438 2298.73 -173.036 0
T1178TS098_1o 4890 3280.05 -172.98 0
T1178TS169_2o 4890 3280.05 -172.98 0
T1123TS147_1o 4180 2485.98 -172.941 0
T1178TS035_5o 4890 3164.84 -172.861 0
T1178TS248_5o 4890 3164.84 -172.861 0
T1109TS119_1o 3438 2334.05 -172.608 0.00364
H1106TS037_5 1890 1850.11 -172.58 0
T1109TS446_1o 3438 2295.93 -172.578 0.00707
T1109TS461_1o 3438 2295.93 -172.578 0.00707
H1106TS446_5 1888 2008.05 -172.466 0.03219
H1106TS461_5 1888 2008.05 -172.466 0.03219
T1110TS091_1o 3444 2372.14 -172.437 0
T1110TS091_2o 3444 2467.9 -172.42 0
T1160TS054_2o 716 2218.81 -172.256 0
T1160TS125_2o 716 2218.81 -172.256 0
T1160TS399_2o 716 2218.81 -172.256 0
T1161TS071_2o 718 1973.33 -172.243 0.04328
H1106TS092_1 1889 1827.09 -172.189 0
T1109TS493_1o 3438 2276.33 -172.084 0
T1110TS071_3o 3444 2261.04 -172.066 0.01818
T1113TS035_5o 3088 2667.26 -171.966 0.03732
T1113TS248_5o 3088 2667.26 -171.966 0.03732
T1161TS446_5o 720 1870.76 -171.919 0
T1161TS461_5o 720 1870.76 -171.919 0
T1109TS374_4o 3440 2270.95 -171.876 0
H1106TS245_4 1890 2181.35 -171.787 0
H1106TS385_4 1890 2181.35 -171.787 0
T1160TS054_1o 716 2247.42 -171.752 0
T1160TS125_1o 716 2247.42 -171.752 0
T1160TS399_1o 716 2247.42 -171.752 0
T1123TS003_3o 4180 2202.71 -171.425 0.00341
T1109TS446_4o 3438 2242.66 -171.423 0.00748
T1109TS461_4o 3438 2242.66 -171.423 0.00748
T1161TS374_2o 720 1922.4 -171.42 0
T1161TS180_5o 720 1872.96 -171.414 0
T1161TS462_5o 720 1872.96 -171.414 0
T1160TS291_2o 714 2321.24 -171.285 0
T1160TS350_2o 714 2321.24 -171.285 0
T1109TS399_3o 3440 2268.46 -171.277 0
T1109TS054_3o 3440 2268.46 -171.277 0
T1161TS248_5o 720 1919.41 -171.204 0
T1123TS086_1o 4180 2323.44 -171.122 0
T1123TS158_1o 4180 2323.44 -171.122 0
T1110TS367_1o 3446 2311.72 -171.089 0
T1110TS125_3o 3446 2204.4 -170.8 0
T1110TS278_1o 3446 2245.27 -170.782 0
T1110TS367_2o 3446 2311.03 -170.769 0
H1106TS444_4 1888 1914.42 -170.754 0
T1109TS201_4o 3440 2299.29 -170.746 0
T1109TS312_3o 3353 2129.56 -170.554 0
T1153TS494_3o 4642 3855.97 -170.49 0
T1123TS037_3o 4180 3479.43 -170.412 0.00343
T1110TS314_4o 3446 2293.09 -170.192 0
T1110TS493_5o 3444 2145.65 -169.993 0
H1106TS073_5 1888 1857.06 -169.913 0.01814
H1106TS493_5 1888 1826.18 -169.823 0
T1178TS291_1o 4888 3063.84 -169.796 0
T1178TS350_1o 4888 3063.84 -169.796 0
T1110TS367_3o 3446 2299.64 -169.601 0
T1123TS314_2o 4180 2925.93 -169.567 0
T1109TS086_5o 3440 2321.57 -169.46 0
T1109TS131_5o 3440 2287.64 -169.382 0
T1110TS073_3o 3444 2065.52 -169.355 0.01584
T1179TS074_5o 4146 3188.6 -169.348 0
T1179TS288_2o 4146 3188.6 -169.348 0
T1109TS086_1o 3440 2328.8 -169.252 0
T1109TS158_3o 3440 2328.8 -169.252 0
T1123TS374_2o 4180 2288.28 -169.205 0.00354
T1109TS086_2o 3440 2325.67 -169.173 0
T1110TS493_2o 3444 2274.2 -169.167 0
T1110TS278_4o 3446 2216.22 -169.122 0.00758
T1160TS091_4o 714 2269.92 -168.857 0
T1109TS312_4o 3344 2229.97 -168.852 0
H1157TS444_3 11826 3714.18 -168.702 0
T1109TS367_2o 3440 2329.65 -168.672 0
T1160TS037_2o 716 2059.51 -168.626 0
H1106TS150_5 1890 1801.43 -168.509 0
H1106TS320_5 1890 1801.43 -168.509 0
H1106TS390_5 1890 1801.43 -168.509 0
T1110TS446_1o 3444 2276.99 -168.508 0.01795
T1110TS091_3o 3444 2350.96 -168.484 0
T1109TS314_5o 3440 2337.85 -168.05 0
T1178TS447_4o 4890 3469.75 -167.948 0
T1109TS098_1o 3440 2246.36 -167.69 0
T1123TS288_4o 4178 2961.59 -167.43 0.00533
T1110TS239_4o 3386 2248.04 -167.291 0
T1109TS348_1o 3438 2255.9 -167.159 0
T1178TS187_4o 4888 3418.32 -167.052 0
T1109TS071_4o 3438 2248.02 -166.85 0.03405
T1110TS205_5o 3446 2095.46 -166.743 0
T1109TS312_5o 3353 2190.83 -166.634 0
H1106TS439_3 1848 1758.83 -166.632 0
H1106TS434_1 1890 1966.37 -166.475 0
T1110TS071_4o 3444 2248.61 -166.427 0.01434
T1110TS201_3o 3446 2248.61 -166.376 0
H1106TS493_1 1888 1755.56 -166.337 0
H1157TS205_2 11828 2753.7 -166.09 0.00578
T1110TS125_4o 3446 2207.17 -165.853 0
T1110TS185_2o 3444 2253.88 -165.787 0.00712
T1161TS291_3o 718 1840.39 -165.554 0
T1161TS350_3o 718 1840.39 -165.554 0
T1109TS073_3o 3438 2067.64 -165.495 0.01603
T1178TS188_1o 4890 3055.21 -165.484 0
T1123TS003_5o 4180 2180.76 -165.413 0.00367
T1123TS086_3o 4180 2180.76 -165.413 0.00367
T1123TS158_3o 4180 2180.76 -165.413 0.00367
T1109TS312_2o 3362 2140.91 -165.162 0
T1178TS098_2o 4890 3416.89 -164.969 0.00234
T1178TS098_5o 4890 3416.89 -164.969 0.00234
T1178TS169_1o 4890 3416.89 -164.969 0.00234
H1142TS315_1 2688 5570.13 -164.945 0
H1142TS052_1 2688 5570.13 -164.945 0
T1109TS248_1o 3440 2334.41 -164.918 0
T1160TS071_2o 714 2241.46 -164.806 0.04711
T1178TS291_2o 4888 2960.53 -164.774 0
T1178TS350_2o 4888 2960.53 -164.774 0
H1106TS360_2 1890 1851.62 -164.649 0
T1160TS374_3o 716 2235.17 -164.567 0.01489
T1123TS374_3o 4180 2274.54 -164.511 0.00355
H1106TS229_4 1848 1639.82 -164.283 0
H1106TS239_4 1848 1639.82 -164.283 0
T1109TS446_3o 3438 2255.43 -164.204 0.02893
T1109TS461_3o 3438 2255.43 -164.204 0.02893
H1106TS493_2 1888 1807.54 -164.107 0
H1106TS291_5 1888 1885.63 -163.786 0
H1106TS350_5 1888 1885.63 -163.786 0
T1127TS493_3o 3398 3126.35 -163.718 0
H1106TS298_4 1890 1816.41 -163.711 0
T1109TS493_4o 3438 2276.79 -163.598 0
H1106TS493_3 1888 1826.04 -163.527 0
T1121TS205_2o 6060 2138.93 -163.454 0
T1109TS091_3o 3438 2484.98 -163.077 0
T1109TS348_2o 3438 2241.69 -162.69 0
T1110TS091_5o 3444 2298.99 -162.68 0
H1106TS348_3 1890 1801.28 -162.616 0
H1106TS493_4 1888 1766.84 -162.601 0
T1110TS312_1o 3350 2215.38 -162.564 0
H1106TS245_1 1890 2032.19 -162.541 0
H1106TS385_1 1890 2032.19 -162.541 0
T1160TS071_1o 714 2218.75 -162.27 0.03493
T1109TS493_5o 3438 2184.65 -162.26 0
H1106TS037_3 1890 1771.65 -162.13 0
T1110TS165_4o 3446 2433.43 -162.118 0
H1106TS073_1 1888 2116.78 -162.062 0.00797
T1110TS493_3o 3444 2254.02 -162.024 0
H1106TS444_1 1888 1844.24 -161.75 0
T1110TS071_2o 3444 2203.91 -161.678 0.01452
H1106TS150_3 1890 1795.16 -161.56 0
H1106TS165_1 1890 1795.16 -161.56 0
H1106TS320_3 1890 1795.16 -161.56 0
H1106TS390_3 1890 1795.16 -161.56 0
H1106TS035_3 1890 1811.21 -161.543 0
H1106TS131_2 1890 1786.23 -161.35 0
H1106TS434_4 1890 1875.68 -161.072 0
H1106TS360_1 1890 1832.15 -160.958 0
H1157TS073_3 11826 2843.91 -160.757 0.02008
T1110TS071_1o 3444 2165.64 -160.631 0.01495
H1106TS298_1 1890 1816.6 -160.616 0
T1110TS165_2o 3446 2615.33 -160.609 0
H1106TS091_2 1888 1787.88 -160.488 0
H1106TS444_2 1888 1661.16 -160.434 0
T1178TS360_1o 4890 3765.26 -160.402 0
T1123TS003_4o 4180 2424 -160.378 0.00328
T1110TS073_2o 3444 2040.61 -160.331 0.02222
T1110TS091_4o 3444 2201.68 -160.248 0
T1160TS091_1o 714 2322.29 -160.231 0
H1106TS150_4 1890 1753.79 -160.164 0
H1106TS320_4 1890 1753.79 -160.164 0
H1106TS348_4 1890 1753.79 -160.164 0
H1106TS390_4 1890 1753.79 -160.164 0
T1160TS291_4o 714 2208.58 -160.132 0
T1160TS350_4o 714 2208.58 -160.132 0
T1109TS091_5o 3438 2424.7 -160.046 0
T1109TS091_1o 3438 2317.7 -160.017 0
T1161TS278_4o 720 2136.4 -159.969 0
T1109TS147_1o 3438 2366.52 -159.96 0
T1178TS494_5o 4644 2849.47 -159.841 0
H1106TS054_5 1888 1805.03 -159.816 0.01405
H1106TS399_5 1888 1805.03 -159.816 0.01405
T1110TS439_4o 3386 2276.68 -159.283 0.00731
H1106TS037_4 1890 1805.67 -159.235 0
H1106TS288_3 1888 1814.61 -159.011 0
H1106TS185_3 1888 1654.23 -159.004 0
H1106TS446_4 1888 1808.09 -158.856 0.03073
H1106TS461_4 1888 1808.09 -158.856 0.03073
H1106TS037_2 1890 1757.23 -158.686 0
T1178TS165_4o 4890 4056.38 -158.668 0.11657
T1160TS071_3o 714 2253.62 -158.642 0.03822
H1106TS374_4 1890 1557.06 -158.612 0
H1106TS288_4 1888 1735.91 -158.56 0
H1157TS444_5 11826 3548.31 -158.531 0
H1106TS086_2 1890 1751.4 -158.507 0
H1106TS125_4 1890 1883.01 -158.507 0
T1109TS248_3o 3440 2322.15 -158.506 0
T1160TS278_2o 716 2081.5 -158.405 0
H1157TS147_2 11597 2526.12 -158.337 0.00917
T1110TS147_1o 3444 2120.95 -158.311 0
H1106TS150_2 1890 1780.36 -158.132 0
H1106TS320_2 1890 1780.36 -158.132 0
H1106TS390_2 1890 1780.36 -158.132 0
T1123TS288_2o 4178 2586.52 -158.072 0
H1106TS131_5 1890 1772.76 -157.948 0
H1106TS248_2 1890 1528.61 -157.665 0
H1106TS003_3 1890 1754.34 -157.606 0
H1106TS158_2 1890 1754.34 -157.606 0
T1109TS447_3o 3440 2375.06 -157.448 0
T1109TS447_4o 3440 2375.06 -157.448 0
T1109TS447_5o 3440 2375.06 -157.448 0
T1109TS071_1o 3438 2191.39 -157.379 0.0298
H1106TS097_1 1890 1953.48 -157.222 0
H1106TS201_5 1890 1837.35 -157.153 0
T1109TS147_5o 3438 2266.56 -157.149 0
T1178TS098_3o 4890 2953.25 -157.107 0
T1178TS169_3o 4890 2953.25 -157.107 0
T1179TS091_2o 4146 3082.57 -156.886 0
H1106TS360_3 1890 1826.13 -156.804 0
T1110TS071_5o 3444 2214.48 -156.741 0.00733
H1143TS052_1 2717 4224.95 -156.717 0
H1143TS315_1 2717 4224.95 -156.717 0
H1106TS494_5 1888 1755.24 -156.656 0.02427
T1109TS314_2o 3440 2424.79 -156.567 0
T1110TS147_5o 3444 2127.58 -156.566 0
T1109TS071_5o 3438 2225.89 -156.505 0.04174
H1106TS131_4 1890 1809.65 -156.489 0
T1110TS239_1o 3386 2226.87 -156.458 0
T1127TS447_5o 3400 2336.32 -156.341 0
H1106TS185_4 1888 1681.72 -156.286 0
H1106TS003_1 1890 1527.75 -156.282 0
H1106TS131_1 1890 1677.99 -156.279 0
H1106TS187_3 1888 1775.91 -156.2 0
H1106TS423_3 1888 1775.91 -156.2 0
H1106TS298_2 1890 1753.07 -156.007 0
T1178TS433_3o 4890 2483.57 -155.859 0
T1178TS441_3o 4890 2483.57 -155.859 0
H1106TS348_2 1890 1810.38 -155.835 0
T1109TS073_2o 3438 2041.24 -155.823 0.02245
T1110TS493_4o 3444 2168.97 -155.721 0
T1110TS239_2o 3386 2268.39 -155.711 0
T1110TS439_5o 3386 2268.39 -155.711 0
T1161TS398_2o 720 2314.31 -155.561 0.06762
H1106TS374_3 1890 1560.96 -155.431 0
H1106TS288_5 1888 1765.37 -155.409 0
H1106TS245_5 1890 2122.82 -155.249 0
H1106TS385_5 1890 2122.82 -155.249 0
H1106TS278_2 1614 1559.12 -155.228 0
H1106TS348_1 1890 1769.13 -155.174 0
T1110TS073_4o 3444 2151.86 -155.088 0.00797
T1123TS147_5o 4180 2185.78 -155.032 0
H1106TS185_5 1888 1639.76 -154.84 0
H1106TS374_1 1890 1552.44 -154.718 0
H1106TS098_5 1889 1749.07 -154.095 0
H1106TS169_2 1889 1749.07 -154.095 0
H1106TS188_5 1889 1749.07 -154.095 0
H1106TS187_4 1888 1806.57 -154.093 0
H1106TS423_4 1888 1806.57 -154.093 0
H1106TS367_1 1890 1557.56 -153.919 0
H1106TS248_4 1890 1548.67 -153.908 0
H1106TS288_2 1888 1812.35 -153.823 0
H1106TS374_5 1890 1555.84 -153.766 0
H1106TS229_2 1848 1638.26 -153.687 0
H1106TS239_2 1848 1638.26 -153.687 0
H1106TS158_1 1890 1793.27 -153.659 0
H1106TS054_2 1888 1837.59 -153.482 0.01124
H1106TS399_2 1888 1837.59 -153.482 0.01124
H1157TS444_1 11826 3630.03 -153.369 0
H1106TS374_2 1890 1555.24 -153.318 0
T1109TS493_2o 3438 2167.73 -153.298 0
T1109TS035_3o 3440 2706.71 -153.279 0.00304
T1109TS248_4o 3440 2706.71 -153.279 0.00304
T1109TS439_5o 3380 2247.24 -153.226 0
H1106TS433_1 1888 1487.18 -153.14 0.0112
H1106TS441_1 1888 1487.18 -153.14 0.0112
T1161TS291_4o 718 1943.39 -153.132 0
T1161TS350_4o 718 1943.39 -153.132 0
H1106TS086_3 1890 1748.57 -153.128 0
H1106TS131_3 1890 1751.49 -153.037 0
T1123TS003_1o 4180 2393.89 -153.023 0.00322
H1106TS288_1 1888 1814.74 -152.955 0
T1110TS037_2o 3446 2235.87 -152.948 0
H1106TS187_2 1888 1735.51 -152.683 0
H1106TS423_2 1888 1735.51 -152.683 0
H1106TS169_5 1890 1728.04 -152.638 0
H1106TS433_2 1888 1488.91 -152.599 0.01114
H1106TS441_2 1888 1488.91 -152.599 0.01114
H1106TS150_1 1890 1728.81 -152.56 0
H1106TS169_4 1890 1728.81 -152.56 0
H1106TS225_4 1890 1728.81 -152.56 0
H1106TS320_1 1890 1728.81 -152.56 0
H1106TS390_1 1890 1728.81 -152.56 0
T1110TS073_1o 3444 1948.81 -152.535 0.01477
T1109TS165_3o 3440 2595.96 -152.498 0
H1106TS433_3 1888 1472.96 -152.451 0.01117
H1106TS441_3 1888 1472.96 -152.451 0.01117
H1106TS367_2 1890 1758.05 -152.369 0
H1106TS444_5 1888 1551.12 -152.324 0
T1161TS052_1o 720 2275.18 -152.273 0
T1161TS315_1o 720 2275.18 -152.273 0
H1106TS298_5 1890 1737.55 -152.223 0
T1161TS493_1o 718 2293.98 -152.141 0
T1161TS052_2o 720 2274.3 -152.132 0
T1161TS315_2o 720 2274.3 -152.132 0
T1110TS239_3o 3386 2217.04 -152.097 0
T1110TS439_1o 3386 2217.04 -152.097 0
T1161TS398_4o 720 2329.53 -151.933 0.08316
T1178TS447_2o 4890 3427.81 -151.863 0
T1121TS147_2o 6060 1898.59 -151.85 0
H1106TS367_3 1890 1762.38 -151.725 0
H1106TS278_1 1890 1579.8 -151.533 0
H1106TS158_5 1890 1774.8 -151.488 0
T1123TS447_2o 4180 3825.17 -151.402 0.00811
H1106TS086_4 1890 1729.91 -151.11 0
H1106TS037_1 1890 1826.43 -151.071 0
T1160TS071_5o 714 2108.06 -151.041 0.10369
T1110TS073_5o 3444 1985.94 -151.002 0.01434
T1109TS147_4o 3438 2168.94 -150.986 0
H1157TS147_5 11597 2483.81 -150.908 0.01227
T1161TS052_5o 720 2393.67 -150.547 0
T1161TS315_5o 720 2393.67 -150.547 0
H1106TS098_1 1890 1753.59 -150.544 0
H1106TS098_2 1890 1753.59 -150.544 0
H1106TS169_1 1890 1753.59 -150.544 0
H1106TS188_3 1890 1753.59 -150.544 0
H1106TS298_3 1890 1737.98 -150.374 0
T1109TS205_4o 3440 2085.85 -150.136 0
H1157TS073_4 11826 2237.62 -150.097 0.02301
H1106TS367_4 1890 1741.39 -150.009 0
T1109TS073_4o 3438 2153.06 -149.953 0.00806
T1110TS385_1o 3444 2272.04 -149.832 0.06338
H1106TS086_1 1890 1750.95 -149.734 0
T1123TS447_1o 4180 3831 -149.732 0.00808
T1123TS367_2o 4180 1964.75 -149.595 0.00388
H1157TS205_4 11828 2569.3 -149.394 0.00617
H1157TS073_1 11826 2583.84 -149.336 0.02736
H1106TS086_5 1890 1737.31 -149.301 0
H1106TS433_4 1888 1478.35 -149.204 0.01117
H1106TS441_4 1888 1478.35 -149.204 0.01117
T1178TS071_3o 4888 3431.27 -149.166 0.06201
T1123TS086_4o 4180 2130.88 -148.904 0
H1106TS360_4 1890 1769.06 -148.772 0
H1106TS119_5 1890 1562.64 -148.708 0
H1106TS433_5 1888 1462.15 -148.514 0.0057
H1106TS441_5 1888 1462.15 -148.514 0.0057
T1109TS073_1o 3438 1950.2 -148.51 0.01496
T1124TS398_4o 5924 4539.88 -148.499 0.18585
H1157TS257_3 11826 2885.3 -148.495 0
T1161TS398_1o 720 2298.89 -148.316 0.10579
H1106TS229_3 1848 1967.9 -148.077 0
H1106TS239_3 1848 1967.9 -148.077 0
T1121TS147_5o 6060 1815.35 -147.909 0
T1123TS288_5o 4178 2894.58 -147.796 0.00267
T1110TS493_1o 3444 2199.18 -147.786 0
T1109TS165_4o 3440 2557.95 -147.697 0
T1178TS447_3o 4890 3157.84 -147.527 0
T1179TS073_4o 4146 2901.5 -147.526 0
T1179TS288_4o 4146 2901.5 -147.526 0
T1113TS493_2o 3088 2424.1 -147.164 0
T1109TS073_5o 3438 1987.58 -147.109 0.01452
T1109TS165_2o 3440 2548.12 -147.055 0
H1157TS444_2 11826 2822.62 -146.955 0
H1106TS185_1 1888 1618.43 -146.763 0
H1106TS119_4 1890 1547.41 -146.756 0
H1106TS248_5 1890 1552.1 -146.523 0
H1106TS125_1 1890 1722.82 -146.49 0
H1157TS147_3 11597 2342.51 -146.472 0.00984
H1106TS439_2 1848 1673.91 -146.144 0
T1110TS239_5o 3386 2246.75 -146.031 0
H1106TS125_3 1890 1732.98 -145.979 0
T1110TS147_4o 3444 2267.99 -145.545 0
H1106TS054_4 1888 1801.45 -145.529 0.02398
H1106TS399_4 1888 1801.45 -145.529 0.02398
T1109TS035_5o 3440 2255.07 -145.413 0.00726
T1109TS147_3o 3438 2075.34 -145.363 0
T1160TS493_5o 714 2170.21 -145.357 0
T1178TS165_1o 4890 4056.53 -145.264 0.13942
T1178TS165_5o 4890 4056.53 -145.264 0.13942
T1123TS035_3o 4180 2148.73 -145.059 0.00397
T1123TS248_1o 4180 2148.73 -145.059 0.00397
T1123TS147_2o 4180 2452.45 -144.808 0
T1123TS185_4o 3962 2379.94 -144.649 0
T1123TS278_4o 4180 2031.05 -144.542 0
T1123TS447_5o 4180 3916.65 -144.504 0.00782
T1109TS439_3o 3380 2235.2 -144.384 0
T1109TS239_2o 3380 2235.2 -144.384 0
T1113TS493_4o 3088 2578.75 -144.246 0
H1134TS147_2 4170 2238.39 -144.076 0
H1106TS360_5 1890 1811.4 -143.789 0
H1106TS248_3 1890 1521.66 -143.674 0
H1106TS091_4 1888 1697.97 -143.636 0
H1106TS119_1 1890 1540.06 -143.262 0
H1106TS003_4 1890 1569.74 -143.107 0
T1121TS205_4o 6060 1667.19 -143.059 0
T1123TS037_1o 4180 2079.82 -142.63 0
H1106TS185_2 1888 1626.49 -142.451 0
T1178TS165_2o 4890 4006.4 -142.257 0.13918
T1178TS398_1o 4890 4006.4 -142.257 0.13918
H1106TS439_1 1553 1470.13 -142.21 0
H1106TS398_1 1890 2023.17 -142.052 0.07273
T1110TS312_3o 3350 2026.53 -141.976 0
H1106TS003_2 1890 1561.22 -141.976 0
H1106TS035_4 1890 1705.66 -141.782 0
H1157TS493_4 11595 2880.3 -141.681 0
H1106TS248_1 1890 1507.88 -141.499 0
T1110TS278_2o 3446 2410.3 -141.497 0.00342
T1123TS374_1o 4180 2036.12 -141.361 0
H1106TS158_3 1890 1578.23 -141.338 0
T1178TS188_3o 4890 3065.67 -141.334 0
H1157TS493_5 11595 2207.18 -141.202 0
H1106TS257_1 1888 1577.11 -141.186 0
T1123TS086_5o 4180 2399.78 -141.172 0.00323
T1123TS158_4o 4180 2399.78 -141.172 0.00323
T1161TS278_3o 720 2162.65 -140.844 0
H1157TS131_1 11828 2293.58 -140.833 0.00661
H1106TS367_5 1890 1438.57 -140.755 0
T1127TS035_5o 3400 3386.91 -140.736 0
T1127TS046_5o 3400 3386.91 -140.736 0
T1109TS439_4o 3380 2289.37 -140.546 0
H1106TS215_1 1890 1506.55 -140.455 0
T1123TS248_2o 4180 2123.07 -140.425 0
T1161TS398_3o 720 2339.84 -140.422 0.06967
T1109TS439_1o 3380 2268.87 -140.289 0
H1106TS158_4 1890 1581.09 -140.239 0
H1157TS314_2 11597 2161.72 -140.234 0.00718
H1157TS225_4 11828 2683.63 -140.172 0.00558
H1106TS494_4 1890 1625.98 -140.165 0
H1157TS073_2 11826 2378.13 -140.132 0.03853
H1157TS444_4 11826 2756.63 -140.056 0
H1106TS169_3 1889 1660.48 -139.939 0
H1106TS188_1 1889 1660.48 -139.939 0
T1121TS147_3o 6060 1603.57 -139.783 0
H1157TS225_1 11828 2633.71 -139.663 0.00589
T1160TS052_2o 716 2480.92 -139.549 0
T1160TS315_2o 716 2480.92 -139.549 0
T1123TS248_3o 4180 2085.05 -139.137 0
H1106TS054_3 1888 1677.31 -139.117 0.04416
H1106TS399_3 1888 1677.31 -139.117 0.04416
T1160TS071_4o 714 2212.4 -139.067 0.03037
H1157TS003_4 11828 2328.52 -139.064 0.00672
H1157TS205_1 11828 2231.08 -139.01 0
H1157TS003_1 11828 2316.95 -138.679 0.0067
H1157TS367_3 11828 2316.95 -138.679 0.0067
T1110TS165_1o 3446 2647.18 -138.642 0
T1123TS367_3o 4180 2171.24 -138.62 0.00365
T1123TS158_5o 4180 1884.81 -138.425 0
H1157TS227_3 11828 2190.24 -138.402 0.00708
T1160TS037_4o 716 2044.81 -138.389 0.00445
T1110TS188_2o 3445 2070.5 -138.287 0.01965
T1123TS447_4o 4180 3881.83 -138.251 0.00792
T1123TS447_3o 4180 3875.39 -138.224 0.00796
T1123TS314_1o 4180 3226.44 -138.217 0
H1157TS446_5 11828 2193.15 -138.167 0.00678
H1157TS461_5 11828 2193.15 -138.167 0.00678
T1160TS398_1o 716 2200.85 -138.11 0.07872
T1109TS205_5o 3440 1873.92 -137.817 0
H1134TS278_1 4170 2125.4 -137.794 0
T1110TS312_2o 3350 2021.73 -137.608 0
H1106TS071_5 1888 1564.35 -137.367 0.01337
H1106TS091_3 1888 1680.62 -137.25 0
H1106TS119_2 1890 1509.29 -137.203 0
T1109TS385_1o 3438 2262.01 -137.183 0.05357
T1110TS165_3o 3446 2534.21 -136.785 0
H1157TS225_5 11828 2423.75 -136.769 0.00628
H1106TS091_5 1888 1706.02 -136.58 0
T1110TS035_3o 3446 2249.69 -136.557 0.00727
T1110TS248_3o 3446 2249.69 -136.557 0.00727
H1157TS205_3 11828 2257.16 -136.479 0
T1123TS278_1o 4180 2144.02 -135.962 0.02612
H1106TS494_3 1890 1514.22 -135.805 0
T1179TS091_3o 4146 3129.89 -135.548 0
T1109TS165_1o 3440 2680.41 -135.519 0
T1178TS433_1o 4890 1827.43 -135.451 0
T1178TS441_1o 4890 1827.43 -135.451 0
H1157TS187_1 11826 2133.9 -135.416 0.00713
H1157TS423_1 11826 2133.9 -135.416 0.00713
T1179TS073_1o 4146 1986.66 -135.338 0.0038
H1106TS187_5 1888 1535.29 -135.335 0
H1106TS423_5 1888 1535.29 -135.335 0
H1157TS374_4 11828 2323.69 -135.06 0.0066
H1157TS314_4 11597 2879.77 -134.677 0.00539
H1106TS071_1 1888 1542.49 -134.634 0.01862
H1157TS493_3 11595 2229.32 -134.457 0
H1157TS097_5 11828 3658.19 -134.442 0.00418
H1157TS245_1 11828 2733.51 -134.34 0.00559
H1157TS385_1 11828 2733.51 -134.34 0.00559
T1109TS239_4o 3380 2201.16 -134.338 0
T1121TS439_5o 5910 1641.71 -134.246 0
H1157TS187_2 11826 2146.62 -134.05 0.00712
H1157TS423_2 11826 2146.62 -134.05 0.00712
H1157TS278_1 11828 2447.42 -133.978 0.00634
H1106TS054_1 1888 1546.74 -133.973 0.03226
H1106TS399_1 1888 1546.74 -133.973 0.03226
T1110TS147_2o 3444 2161.21 -133.775 0
T1124TS494_5o 5228 2154.77 -133.327 0
H1157TS227_5 11828 2179.66 -133.262 0.00701
T1110TS439_2o 3386 2269.76 -133.172 0
H1157TS098_2 11828 2137.46 -133.153 0.00714
H1157TS374_2 11828 2210.68 -133.146 0.00697
H1157TS158_5 11828 2262.85 -132.751 0.00686
H1106TS071_2 1888 1557.15 -132.726 0.01907
T1110TS147_3o 3444 2086.46 -132.721 0
T1179TS091_1o 4146 2674.72 -132.646 0
H1157TS150_3 11597 2215.71 -132.627 0.00688
H1157TS320_3 11597 2215.68 -132.624 0.00688
H1157TS390_3 11597 2215.68 -132.624 0.00688
H1157TS054_3 11828 2201.09 -132.621 0.00708
H1157TS125_3 11828 2201.09 -132.621 0.00708
H1157TS399_3 11828 2201.09 -132.621 0.00708
H1157TS097_2 11828 3644.95 -132.616 0.00412
H1157TS314_5 11597 2108.16 -132.457 0.00717
H1157TS320_5 11597 2108.16 -132.457 0.00717
H1157TS390_5 11597 2108.16 -132.457 0.00717
H1157TS133_5 11828 2249.22 -132.386 0.00347
H1134TS037_1 4170 2013.76 -132.373 0
H1157TS011_2 11828 2194.64 -132.35 0.00698
H1157TS434_2 11828 2194.64 -132.35 0.00698
H1157TS494_1 11828 2187.24 -132.123 0.00705
T1179TS278_1o 4148 2039.23 -132.088 0
H1106TS071_4 1888 1579.11 -132.063 0.01882
H1157TS447_3 11828 2368.59 -131.968 0
H1157TS446_4 11828 2327.84 -131.918 0.00679
H1157TS461_4 11828 2327.84 -131.918 0.00679
H1157TS150_4 11597 2108.13 -131.905 0.00717
H1157TS098_5 11597 2108.17 -131.893 0.00717
H1157TS188_5 11597 2108.17 -131.893 0.00717
H1157TS098_3 11828 2192.31 -131.869 0.00703
H1157TS098_4 11597 2225.2 -131.806 0.0069
H1157TS188_4 11597 2225.2 -131.806 0.0069
H1157TS074_4 11826 2172 -131.801 0.00691
H1157TS288_4 11826 2172 -131.801 0.00691
T1160TS398_3o 716 2221.51 -131.7 0.06329
H1129TS350_4 10644 2597.16 -131.59 0
H1157TS071_3 11826 2141.32 -131.569 0.0106
H1157TS133_3 11828 2204.67 -131.451 0.00708
T1123TS494_1o 3964 1878.83 -131.355 0
H1157TS003_3 11828 2211.35 -131.328 0.00707
H1157TS086_1 11828 2211.35 -131.328 0.00707
H1157TS158_4 11828 2211.35 -131.328 0.00707
H1106TS494_2 1888 1466.41 -131.107 0.01961
T1178TS447_5o 4890 2811.69 -130.984 0
H1157TS131_5 11828 2220.83 -130.832 0.00679
H1157TS011_1 11828 2219.32 -130.826 0.00698
H1157TS434_1 11828 2219.32 -130.826 0.00698
H1157TS320_4 11597 2225.18 -130.785 0.0069
H1157TS390_4 11597 2225.18 -130.785 0.0069
H1157TS188_3 11597 2215.7 -130.697 0.00688
H1157TS073_5 11826 1752.42 -130.693 0.03594
H1157TS187_3 11826 2132.12 -130.556 0.00727
H1157TS423_3 11826 2132.12 -130.556 0.00727
H1157TS131_2 11828 2129.79 -130.506 0.00718
H1157TS097_1 11828 2752.75 -130.503 0.01503
H1157TS133_1 11828 2078.34 -130.466 0.00723
H1157TS227_1 11828 2078.34 -130.466 0.00723
H1157TS133_2 11828 2264.68 -130.44 0.00334
H1157TS367_4 11828 2242.84 -130.399 0.00684
H1157TS257_4 11826 2569.95 -130.244 0
H1157TS298_2 11828 2210.38 -130.234 0.00702
H1134TS494_1 4170 2067.38 -130.139 0
H1106TS003_5 1890 1390.35 -130.05 0
T1110TS188_1o 3445 2073.37 -130.047 0.01942
T1178TS348_3o 4888 3129.53 -130.024 0
H1157TS150_5 11597 2213.95 -129.844 0.00697
H1157TS314_3 11597 2213.99 -129.835 0.00697
H1157TS348_4 11826 2230.38 -129.798 0.0034
H1157TS227_4 11828 2245.36 -129.454 0.00685
H1157TS003_2 11828 2282.05 -129.416 0.00676
H1157TS086_4 11828 2282.05 -129.416 0.00676
H1157TS158_1 11828 2282.05 -129.416 0.00676
H1157TS367_1 11828 2282.05 -129.416 0.00676
H1157TS054_1 11828 2187.55 -129.362 0.0071
H1157TS125_1 11828 2187.55 -129.362 0.0071
H1157TS399_1 11828 2187.55 -129.362 0.0071
H1157TS291_5 11826 2121.65 -129.292 0.00713
H1157TS350_5 11826 2121.65 -129.292 0.00713
H1157TS054_5 11828 2503.01 -129.165 0.00602
H1157TS125_5 11828 2503.01 -129.165 0.00602
H1157TS399_5 11828 2503.01 -129.165 0.00602
H1157TS227_2 11828 2228.54 -129.14 0.00701
H1157TS011_3 11828 2125.66 -129.062 0.00721
H1157TS434_3 11828 2125.66 -129.062 0.00721
H1134TS446_2 4170 2047.98 -128.879 0
H1134TS461_2 4170 2047.98 -128.879 0
H1157TS360_3 11828 2153.06 -128.813 0.00351
H1157TS086_2 11828 2230.95 -128.803 0.00687
H1157TS367_5 11828 2230.95 -128.803 0.00687
H1157TS494_2 11514 2138.98 -128.773 0.00714
H1157TS278_5 11828 3953.42 -128.747 0.00402
T1121TS187_3o 6058 1635.55 -128.736 0
T1121TS423_3o 6058 1635.55 -128.736 0
T1121TS147_1o 6060 1950.7 -128.636 0
T1127TS398_2o 3400 3902.36 -128.531 0.19206
H1157TS348_1 11826 2274.55 -128.358 0.00686
T1121TS003_1o 6060 1631.03 -128.321 0
H1157TS257_1 11826 2648.31 -128.228 0
H1157TS374_5 11828 2180.55 -127.959 0.00704
H1106TS071_3 1888 1553.95 -127.952 0.01882
H1157TS074_2 11826 2185.43 -127.83 0.00707
H1157TS288_2 11826 2185.43 -127.83 0.00707
T1121TS288_1o 6058 1656.14 -127.815 0
H1157TS011_5 11828 2120.66 -127.807 0.00363
H1157TS434_5 11828 2120.66 -127.807 0.00363
H1157TS348_3 11826 2149.43 -127.725 0.00717
H1134TS446_1 4170 2000.74 -127.696 0
H1134TS461_1 4170 2000.74 -127.696 0
H1157TS348_5 11826 2193.5 -127.67 0.00705
H1157TS086_3 11828 2253.41 -127.604 0.00691
H1157TS158_2 11828 2253.41 -127.604 0.00691
T1123TS035_1o 4180 2004.43 -127.557 0.00411
H1134TS035_1 4170 2113.69 -127.389 0
H1134TS248_1 4170 2113.69 -127.389 0
H1134TS304_1 4170 2113.69 -127.389 0
T1121TS205_3o 6060 1650.99 -127.381 0
H1157TS439_3 10772 1953.49 -127.299 0.00823
T1121TS003_3o 6060 1627.76 -127.296 0
H1106TS119_3 1890 1458.43 -127.181 0
T1160TS291_5o 714 2091.22 -127.092 0
T1160TS350_5o 714 2091.22 -127.092 0
T1160TS398_4o 716 2132.64 -127.076 0.07919
T1121TS493_1o 6058 1719.92 -127.066 0
T1121TS003_2o 6060 1652.62 -126.972 0
H1157TS493_1 11595 2164.83 -126.941 0
H1106TS444_3 1888 1792.71 -126.835 0
H1134TS462_2 4170 2129.92 -126.802 0
H1157TS225_2 11828 2841.97 -126.54 0.00529
H1157TS360_2 11828 2138.38 -126.371 0.00719
H1157TS098_1 11828 2136 -126.317 0.00716
H1157TS169_4 11828 2136 -126.317 0.00716
H1157TS131_3 11828 2175.01 -126.203 0.00712
H1134TS147_3 4170 2079.84 -126.201 0
H1157TS097_4 11828 2921.74 -126.139 0.00517
T1121TS003_5o 6060 1646.46 -126.125 0
H1157TS187_4 11826 2133.77 -126.122 0.00733
H1157TS423_4 11826 2133.77 -126.122 0.00733
H1157TS097_3 11828 2477.95 -126.114 0.00623
T1121TS298_1o 6060 1630.32 -126.098 0
T1121TS360_3o 6060 1676.12 -125.944 0
H1106TS188_2 1889 1590.62 -125.885 0
H1157TS291_4 11826 2159.71 -125.64 0
H1157TS350_4 11826 2159.71 -125.64 0
T1121TS288_3o 6058 1557.07 -125.638 0
H1157TS367_2 11828 2247.99 -125.595 0.00679
H1134TS011_1 4170 2032.33 -125.575 0
H1134TS434_1 4170 2032.33 -125.575 0
H1134TS086_3 4170 2067.73 -125.544 0
T1127TS398_4o 3398 3744.02 -125.461 0.20354
H1129TS037_4 10646 4647.15 -125.461 0.01254
H1157TS360_1 11828 2186.1 -125.459 0.00358
T1121TS374_4o 6060 1637.5 -125.443 0
H1157TS446_1 11828 2276.25 -125.407 0.00691
H1157TS461_1 11828 2276.25 -125.407 0.00691
T1121TS350_3o 6058 1599.01 -125.384 0
T1121TS360_1o 6060 1647.92 -125.325 0
H1157TS074_3 11826 2307.77 -125.31 0.00672
H1157TS288_3 11826 2307.77 -125.31 0.00672
H1157TS298_3 11828 2171.26 -125.289 0.0071
H1106TS187_1 1888 1407.67 -125.274 0
H1106TS423_1 1888 1407.67 -125.274 0
T1123TS374_4o 4180 1966.51 -125.252 0
H1157TS169_5 11828 2209.68 -125.084 0.00701
H1157TS291_2 11826 2256.45 -125.015 0.00688
H1157TS350_2 11826 2256.45 -125.015 0.00688
T1121TS494_2o 3826 1516.33 -125.001 0
H1157TS229_1 10772 2056.95 -124.962 0.00775
H1157TS439_1 10772 2056.95 -124.962 0.00775
H1157TS374_3 11828 2280.17 -124.961 0.00663
T1121TS086_3o 6060 1621.57 -124.903 0
T1121TS158_4o 6060 1621.57 -124.903 0
T1121TS423_5o 6058 1610.06 -124.882 0
T1121TS298_3o 6060 1634.15 -124.858 0
T1121TS131_5o 6060 1750.05 -124.757 0
H1157TS348_2 11595 2217.36 -124.732 0.00709
T1121TS054_1o 6060 1671.83 -124.626 0
T1121TS125_1o 6060 1671.83 -124.626 0
T1121TS399_1o 6060 1671.83 -124.626 0
T1121TS035_2o 6060 1622.81 -124.366 0
T1121TS248_2o 6060 1622.81 -124.366 0
H1134TS011_4 4170 2005.63 -124.293 0
H1134TS434_4 4170 2005.63 -124.293 0
T1109TS169_3o 3439 2001.78 -124.235 0.00835
T1109TS188_1o 3439 2001.78 -124.235 0.00835
H1157TS074_1 11826 2198.43 -124.174 0.00694
H1157TS288_1 11826 2198.43 -124.174 0.00694
H1157TS011_4 11828 2175.17 -124.02 0.00712
H1157TS434_4 11828 2175.17 -124.02 0.00712
H1157TS086_5 11828 2213.44 -123.992 0.00702
T1123TS037_2o 4180 2089.33 -123.959 0
H1157TS003_5 11828 2187.73 -123.952 0.00713
T1121TS086_2o 6060 1622.78 -123.938 0
T1121TS158_2o 6060 1622.78 -123.938 0
H1157TS169_2 11828 2143.82 -123.878 0.00722
H1157TS158_3 11828 2183.01 -123.854 0.00713
H1157TS054_2 11828 2158.37 -123.823 0.0071
H1157TS125_2 11828 2158.37 -123.823 0.0071
H1157TS257_5 11826 2392.55 -123.823 0
H1157TS399_2 11828 2158.37 -123.823 0.0071
T1178TS433_5o 4890 2651.21 -123.803 0
T1178TS441_5o 4890 2651.21 -123.803 0
T1127TS119_2o 3398 1500.96 -123.769 0
H1157TS239_3 10772 2097.74 -123.711 0.00756
T1121TS298_2o 6060 1638.92 -123.671 0
T1121TS003_4o 6060 1619.59 -123.66 0
T1127TS119_4o 3398 1501.25 -123.66 0
H1157TS188_1 11597 2136.73 -123.652 0.00712
T1121TS119_3o 6060 1649.19 -123.633 0
H1157TS131_4 11828 2196.02 -123.626 0.00696
H1157TS150_1 11597 2136.78 -123.624 0.00712
H1157TS314_1 11597 2136.78 -123.624 0.00712
H1157TS320_1 11597 2136.78 -123.624 0.00712
H1157TS390_1 11597 2136.78 -123.624 0.00712
T1121TS314_2o 6060 1649.25 -123.47 0
T1121TS320_1o 6060 1649.25 -123.47 0
T1121TS360_4o 6060 1649.25 -123.47 0
T1121TS390_1o 6060 1649.25 -123.47 0
H1134TS444_1 4168 2036.13 -123.441 0
T1121TS086_5o 6060 1686.08 -123.419 0
T1121TS158_5o 6060 1686.08 -123.419 0
H1157TS291_1 11826 2175.89 -123.366 0.00359
H1157TS350_1 11826 2175.89 -123.366 0.00359
T1121TS035_5o 6060 1632.64 -123.356 0
T1121TS248_5o 6060 1632.64 -123.356 0
H1157TS374_1 11828 2134.82 -123.329 0.00723
T1121TS446_1o 6060 1647.91 -123.302 0
T1121TS461_1o 6060 1647.91 -123.302 0
H1157TS494_3 11828 2132.57 -123.268 0.00707
H1157TS054_4 11828 2126.46 -123.091 0.00723
H1157TS125_4 11828 2126.46 -123.091 0.00723
H1157TS399_4 11828 2126.46 -123.091 0.00723
H1129TS350_3 10593 2914.35 -123.072 0.00274
H1157TS298_4 11828 2175.73 -123.06 0.00712
T1179TS073_5o 4146 3403.49 -123.036 0.00236
H1157TS092_1 11826 2210.02 -122.981 0.00697
H1157TS291_3 11826 2187.62 -122.978 0.00363
H1157TS350_3 11826 2187.62 -122.978 0.00363
H1157TS446_3 11828 2171.11 -122.946 0.00718
H1157TS461_3 11828 2171.11 -122.946 0.00718
T1127TS494_4o 3400 1463.48 -122.876 0
T1123TS494_2o 3964 1810.13 -122.846 0
H1134TS011_2 4170 2025.96 -122.771 0
H1134TS434_2 4170 2025.96 -122.771 0
T1161TS493_2o 718 2277.39 -122.673 0
H1134TS446_3 4170 2024.69 -122.667 0
H1134TS461_3 4170 2024.69 -122.667 0
H1157TS493_2 11595 2165.05 -122.433 0
T1121TS086_1o 6060 1639.13 -122.326 0
T1121TS158_1o 6060 1639.13 -122.326 0
T1123TS314_3o 4180 2614.41 -122.243 0
H1157TS119_4 11826 2198.59 -122.219 0.01034
H1157TS150_2 11597 2134.19 -122.102 0.00737
H1157TS225_3 11828 2331.86 -122.011 0.00653
H1157TS446_2 11828 2260.12 -121.993 0.00701
H1157TS461_2 11828 2260.12 -121.993 0.00701
T1179TS278_2o 4148 1929.06 -121.986 0.00402
H1157TS169_1 11828 2134.43 -121.953 0.00716
T1121TS367_1o 6060 1653.88 -121.941 0
H1157TS298_1 11828 2204.43 -121.803 0.00696
H1157TS360_4 11828 2204.43 -121.803 0.00696
T1121TS462_3o 6060 1484.36 -121.686 0
T1121TS150_1o 6060 1656.54 -121.656 0.01064
H1157TS035_3 11826 1986.89 -121.637 0
H1157TS248_3 11826 1986.89 -121.637 0
T1121TS367_3o 6060 1676.72 -121.622 0
T1121TS054_2o 6060 1675.94 -121.534 0
T1121TS125_2o 6060 1675.94 -121.534 0
T1121TS399_2o 6060 1675.94 -121.534 0
H1157TS187_5 11826 2130.77 -121.524 0.00719
H1157TS423_5 11826 2130.77 -121.524 0.00719
T1160TS398_2o 716 2261.67 -121.485 0.09553
T1123TS439_3o 3360 1482.45 -121.464 0.00505
T1121TS131_3o 6060 1671.28 -121.443 0
H1157TS477_1 11826 2110 -121.433 0.00716
H1157TS071_1 11826 2159.5 -121.12 0.00349
T1121TS205_1o 6060 1795.33 -121.108 0
H1157TS119_5 11826 2123.69 -121.08 0.0194
T1124TS248_5o 5924 5099.61 -121.013 0.0094
T1124TS304_5o 5924 5099.61 -121.013 0.0094
H1157TS229_4 11620 2012.28 -120.969 0.00775
H1157TS439_4 11620 2012.28 -120.969 0.00775
H1157TS071_2 11826 2079.17 -120.962 0.01095
H1157TS439_2 10772 2028.21 -120.934 0.0078
T1121TS374_5o 6060 1688.81 -120.887 0
H1157TS360_5 11828 2196.43 -120.882 0.00714
H1157TS035_1 11826 2034.35 -120.849 0
H1157TS248_1 11826 2034.35 -120.849 0
T1121TS348_1o 6058 1661.44 -120.8 0
T1123TS147_4o 4180 1803.28 -120.764 0
H1157TS133_4 11828 2180.76 -120.581 0.00353
H1157TS119_3 11826 2219.34 -120.447 0.01861
T1121TS320_4o 6060 1650.72 -120.434 0
T1121TS390_4o 6060 1650.72 -120.434 0
H1157TS169_3 11828 2089.03 -120.404 0.00733
T1121TS180_2o 6060 1546.11 -120.398 0
T1109TS037_5o 3440 1763.25 -120.381 0
T1121TS035_3o 6060 1654.94 -120.348 0
T1121TS248_3o 6060 1654.94 -120.348 0
T1179TS229_5o 4040 3198.56 -120.256 0.00552
T1179TS239_5o 4040 3198.56 -120.256 0.00552
H1157TS119_1 11826 2071.78 -120.198 0.00901
T1121TS446_4o 6060 1522.9 -120.109 0
T1121TS461_4o 6060 1522.9 -120.109 0
T1121TS086_4o 6060 1638.56 -120.003 0
T1121TS158_3o 6060 1638.56 -120.003 0
H1134TS374_2 4170 1992.77 -119.987 0
T1178TS187_5o 4888 2758.27 -119.977 0
T1178TS423_3o 4888 2758.27 -119.977 0
T1121TS187_2o 6058 1549.05 -119.959 0
T1121TS423_2o 6058 1549.05 -119.959 0
T1123TS367_4o 4180 1954.89 -119.855 0
H1157TS229_2 10772 2077.79 -119.854 0.00748
H1157TS239_1 10772 2077.79 -119.854 0.00748
T1121TS348_3o 6058 1791.22 -119.811 0
T1121TS150_5o 6060 1806.72 -119.728 0.02336
T1179TS439_4o 4040 1859.41 -119.6 0
T1121TS054_4o 6060 1695.97 -119.596 0
T1121TS125_4o 6060 1695.97 -119.596 0
T1121TS399_4o 6060 1695.97 -119.596 0
T1123TS239_1o 3482 1692.75 -119.564 0.00465
T1121TS098_1o 6060 1658.49 -119.376 0
T1121TS188_4o 6060 1658.49 -119.376 0
H1134TS444_4 4168 2181.6 -119.361 0
H1157TS119_2 11826 2054.18 -119.301 0
H1134TS257_4 4168 1860.35 -119.295 0.00442
H1134TS257_3 4168 1796.96 -119.191 0
T1121TS350_4o 6058 1503.51 -118.892 0
T1123TS185_2o 3962 2073.36 -118.87 0
T1121TS320_2o 6060 1669.67 -118.827 0
T1121TS390_2o 6060 1669.67 -118.827 0
T1161TS165_1o 720 2464.61 -118.76 0.14035
H1157TS185_5 11828 2116.23 -118.746 0.00713
T1121TS348_2o 6058 1764.36 -118.676 0
H1157TS257_2 11826 2473.78 -118.657 0
T1121TS180_4o 6060 1501.8 -118.536 0
T1121TS298_5o 6060 1641.69 -118.479 0
T1121TS239_1o 5910 1526.58 -118.473 0
H1157TS035_5 11826 2066.34 -118.449 0
H1157TS248_5 11826 2066.34 -118.449 0
T1121TS180_1o 6060 1566.9 -118.436 0
H1157TS229_3 11620 2144.27 -118.222 0.00738
H1157TS239_4 11620 2144.27 -118.222 0.00738
H1106TS091_1 1888 1638.79 -118.221 0
H1157TS188_2 11597 2134.15 -118.135 0.00737
H1157TS320_2 11597 2134.17 -118.067 0.00737
H1157TS390_2 11597 2134.17 -118.067 0.00737
H1129TS439_3 10440 1964.73 -117.973 0
T1121TS288_2o 6058 1667.26 -117.886 0
H1134TS257_5 4168 1923.68 -117.813 0
H1157TS229_5 11620 2051.35 -117.675 0.00772
H1157TS439_5 11620 2051.35 -117.675 0.00772
T1121TS462_2o 6060 1493.63 -117.619 0
H1157TS071_4 11826 2082.58 -117.304 0.00729
T1179TS187_4o 4146 2900.66 -117.289 0
T1179TS423_4o 4146 2900.66 -117.289 0
T1121TS444_3o 6058 1625.5 -117.268 0
T1121TS298_4o 6060 1662.82 -117.24 0
T1121TS348_4o 6058 1745.98 -117.182 0
T1161TS398_5o 720 2367.19 -117.101 0.17188
H1134TS150_3 4170 2005.05 -116.874 0
H1134TS314_2 4170 2005.05 -116.874 0
H1134TS320_3 4170 2005.05 -116.874 0
H1134TS390_3 4170 2005.05 -116.874 0
H1157TS185_2 11828 2095.16 -116.842 0
T1123TS187_4o 4178 1906.08 -116.797 0
T1123TS423_4o 4178 1906.08 -116.797 0
T1179TS074_4o 4146 1973.86 -116.785 0
T1179TS288_1o 4146 1973.86 -116.785 0
T1179TS288_5o 4146 1973.86 -116.785 0
T1121TS494_1o 6060 1648.75 -116.669 0
T1179TS185_1o 4148 1701.78 -116.632 0.00472
H1134TS011_5 4170 2097.99 -116.564 0
H1134TS434_5 4170 2097.99 -116.564 0
T1121TS037_2o 6060 1693.16 -116.51 0
H1129TS439_2 10440 1868.19 -116.465 0
H1134TS229_1 4112 2029.07 -116.351 0
H1134TS239_1 4112 2029.07 -116.351 0
H1134TS180_3 4170 2094.1 -116.334 0
H1134TS180_2 4170 2029.22 -116.317 0
T1179TS278_4o 4148 2154.75 -116.271 0
T1121TS462_1o 6060 1555.84 -116.178 0
H1134TS439_1 4112 1983.4 -116.125 0
T1160TS037_3o 716 1919.26 -116.111 0
T1121TS180_5o 6060 1478.03 -115.979 0
T1109TS185_2o 3438 1632.51 -115.88 0
H1157TS035_4 11826 2026.89 -115.871 0
H1157TS248_4 11826 2026.89 -115.871 0
H1134TS119_4 4170 2010.32 -115.785 0
H1134TS131_4 4170 2010.32 -115.785 0
H1134TS092_1 4168 1982.38 -115.74 0.02464
H1134TS147_4 4170 2056.86 -115.738 0
H1157TS298_5 11828 2126.94 -115.432 0.00737
H1157TS185_3 11828 2139.83 -115.019 0.00707
T1121TS098_2o 6060 1664.2 -114.962 0
H1157TS239_5 11620 2132.88 -114.957 0.00743
T1121TS131_1o 6060 1473.61 -114.85 0
T1121TS119_1o 6060 1473.69 -114.841 0
H1157TS185_4 11828 2134.29 -114.774 0.01049
T1121TS447_1o 6060 1810.89 -114.717 0
T1121TS367_4o 6060 1654.53 -114.635 0
T1121TS360_2o 6060 1677.2 -114.566 0
T1121TS180_3o 6060 1495.22 -114.547 0
T1109TS185_4o 3438 1585.66 -114.538 0.00525
H1129TS317_1 10440 1890.98 -114.402 0
H1129TS439_1 10440 1890.98 -114.402 0
T1179TS494_3o 4148 2252.96 -114.376 0
T1121TS462_4o 6060 1398.01 -114.272 0
H1134TS229_5 4112 1902.31 -114.264 0
H1134TS257_1 4168 1804.53 -114.257 0
T1121TS169_5o 6060 1731.58 -114.21 0
T1121TS150_2o 6060 1692.48 -114.173 0
T1121TS131_2o 6060 1687.95 -114.02 0
H1134TS477_1 4168 1984.01 -113.97 0.02479
T1123TS494_3o 3964 1754.23 -113.931 0
T1121TS150_3o 6060 1525.56 -113.852 0
T1121TS374_2o 6060 1474.62 -113.832 0
T1121TS312_2o 6024 1584 -113.803 0
T1160TS052_1o 716 2425.5 -113.767 0
T1160TS315_1o 716 2425.5 -113.767 0
T1121TS098_3o 6060 1531.82 -113.707 0
T1121TS169_1o 6060 1531.82 -113.707 0
T1121TS169_4o 6060 1531.82 -113.707 0
H1157TS494_4 11080 2120.34 -113.624 0.00707
T1121TS462_5o 6060 1567.33 -113.622 0
T1110TS278_5o 3446 1551.04 -113.614 0.00538
T1123TS439_4o 3360 1464.65 -113.575 0.00503
H1157TS035_2 11826 2055.43 -113.48 0
H1157TS248_2 11826 2055.43 -113.48 0
T1121TS312_1o 6024 1600.16 -113.392 0
T1121TS360_5o 6060 1710.92 -113.367 0
T1121TS312_3o 6024 1571.04 -113.356 0
T1121TS374_3o 6060 1453.42 -113.087 0
H1157TS071_5 11826 2075.56 -113.042 0.00367
T1110TS035_2o 3446 1978.59 -112.968 0.01324
T1110TS248_2o 3446 1978.59 -112.968 0.01324
H1157TS185_1 11828 2038.97 -112.896 0.00366
T1109TS185_5o 3438 1687.78 -112.884 0
T1121TS374_1o 6060 1473.61 -112.847 0
T1124TS205_5o 5682 3736.22 -112.643 0
T1121TS035_1o 6060 1481.41 -112.29 0
T1121TS248_1o 6060 1481.41 -112.29 0
H1134TS035_5 4170 2040.95 -112.24 0
H1134TS248_5 4170 2040.95 -112.24 0
H1134TS304_5 4170 2040.95 -112.24 0
T1121TS278_3o 6060 1791.18 -112.222 0
T1123TS147_3o 4180 1864.06 -112.067 0
T1121TS312_4o 6028 1622.2 -112.014 0
T1121TS054_3o 6060 1647.57 -111.962 0
T1121TS125_3o 6060 1647.57 -111.962 0
T1121TS399_3o 6060 1647.57 -111.962 0
H1134TS314_4 4170 1967.46 -111.739 0
H1134TS348_3 4168 1967.46 -111.739 0
T1121TS185_2o 6058 1426.65 -111.725 0
T1121TS187_1o 6058 1578.76 -111.671 0
T1121TS423_1o 6058 1578.76 -111.671 0
T1123TS185_3o 3962 2175.64 -111.666 0.00365
T1178TS091_1o 4888 2819.02 -111.658 0
T1124TS205_4o 5682 3743.8 -111.607 0.00206
T1121TS187_4o 6058 1475.69 -111.555 0
H1134TS188_4 4170 1974.2 -111.493 0
T1124TS205_2o 5682 3748.51 -111.382 0.00205
T1121TS312_5o 6020 1660.96 -111.184 0
H1134TS493_3 4168 2044.86 -110.971 0
T1121TS367_2o 6060 1643.33 -110.865 0
H1157TS180_1 11826 2008.07 -110.677 0.00765
H1157TS462_1 11826 2008.07 -110.677 0.00765
H1134TS011_3 4170 2000.77 -110.552 0
H1134TS434_3 4170 2000.77 -110.552 0
T1121TS187_5o 6058 1604.93 -110.507 0
T1121TS423_4o 6058 1604.93 -110.507 0
H1157TS180_2 11826 2033.43 -110.493 0.00936
H1157TS462_2 11826 2033.43 -110.493 0.00936
T1161TS493_4o 718 2197.54 -110.43 0
T1123TS367_1o 4180 1689.51 -110.361 0
T1179TS037_2o 4148 2504.43 -110.123 0
T1121TS367_5o 6060 1652.87 -109.993 0
T1121TS037_1o 6060 1512.2 -109.972 0
T1123TS439_2o 3360 1505.66 -109.967 0.00515
T1123TS239_2o 3482 1736.98 -109.954 0
T1160TS165_1o 716 2246.46 -109.907 0.06695
H1134TS180_1 4170 2078.66 -109.841 0.00395
T1178TS091_4o 4888 2705.57 -109.79 0
T1121TS439_3o 5910 1474.58 -109.491 0
T1123TS187_5o 4178 1806.68 -109.347 0
T1123TS423_5o 4178 1806.68 -109.347 0
T1121TS350_5o 6058 1388 -109.271 0
T1121TS350_1o 6058 1433.4 -108.869 0
T1109TS035_4o 3440 2033.5 -108.821 0.00839
T1109TS248_5o 3440 2033.5 -108.821 0.00839
T1121TS278_5o 6060 1586.09 -108.705 0
H1134TS180_4 4170 2030.79 -108.604 0
T1121TS165_1o 6060 1826.49 -108.597 0.06061
T1121TS119_2o 6060 1652.13 -108.564 0
T1121TS320_3o 6060 1652.1 -108.551 0
T1121TS390_3o 6060 1652.1 -108.551 0
T1121TS398_5o 6060 1386.12 -108.521 0.09145
T1121TS205_5o 6060 1444 -108.389 0
T1161TS165_2o 720 2235.42 -108.338 0.18658
T1160TS185_5o 714 1805.27 -108.112 0
T1178TS165_3o 4890 3942.21 -108.09 0.15
T1123TS367_5o 4180 1861.48 -107.94 0
T1121TS350_2o 6058 1438.78 -107.924 0
T1121TS320_5o 6060 1620.65 -107.742 0
T1121TS390_5o 6060 1620.65 -107.742 0
T1109TS398_1o 3438 2296.29 -107.68 0.14561
T1109TS185_3o 3438 1545.22 -107.549 0
T1121TS493_2o 6058 1812.74 -107.383 0
T1179TS003_1o 4148 2052.97 -107.248 0
T1179TS086_2o 4148 2052.97 -107.248 0
T1179TS158_1o 4148 2052.97 -107.248 0
T1179TS367_2o 4148 2052.97 -107.248 0
T1160TS165_2o 716 2175.21 -107.195 0.14655
T1121TS150_4o 6060 1404.11 -107.093 0
T1123TS054_5o 4178 1757.12 -106.838 0.07442
T1123TS125_5o 4178 1757.12 -106.838 0.07442
T1123TS399_5o 4178 1757.12 -106.838 0.07442
T1121TS035_4o 6060 1462.27 -106.594 0
T1121TS248_4o 6060 1462.27 -106.594 0
H1157TS165_2 11597 2476.45 -106.401 0.12037
H1129TS185_5 10404 3299.53 -106.154 0.00248
T1127TS494_3o 3400 1591.71 -105.987 0
H1157TS433_5 11826 1992.01 -105.833 0.02353
H1157TS441_5 11826 1992.01 -105.833 0.02353
T1109TS169_5o 3439 1903.88 -105.796 0.01293
T1109TS188_2o 3439 1903.88 -105.796 0.01293
T1179TS447_4o 4148 2627.87 -105.743 0
H1157TS278_3 11828 2333.38 -105.721 0.0065
T1121TS071_2o 6058 1656.94 -105.676 0.07254
T1121TS071_1o 6058 1674.67 -105.652 0.07089
T1124TS205_1o 5682 3699.36 -105.416 0
H1134TS150_2 4170 1993.82 -105.411 0
H1134TS314_1 4170 1993.82 -105.411 0
H1134TS320_2 4170 1993.82 -105.411 0
H1134TS348_4 4168 1993.82 -105.411 0
H1134TS390_2 4170 1993.82 -105.411 0
H1134TS147_1 4170 1915.6 -105.346 0
H1134TS314_3 4170 1915.6 -105.346 0
H1134TS348_2 4168 1915.6 -105.346 0
T1121TS037_3o 6060 1423.39 -105.05 0
H1129TS439_5 10440 1943.9 -105.05 0
T1121TS439_2o 5910 1418.7 -104.88 0
H1134TS257_2 4168 1750.17 -104.734 0
T1178TS423_4o 4888 2316.21 -104.36 0
T1161TS165_3o 720 2269.5 -104.215 0.16634
T1109TS278_4o 3440 1150.79 -104.19 0.01413
H1157TS494_5 11080 2108.98 -104.143 0.00721
T1109TS185_1o 3438 1579.1 -104.033 0
T1121TS071_3o 6058 1654.96 -103.948 0.08269
T1124TS205_3o 5682 3749.77 -103.289 0.00204
T1121TS165_2o 6060 1567.34 -103.017 0.13172
T1179TS091_4o 4146 2595.83 -102.986 0
T1121TS037_5o 6060 1620.78 -102.969 0
T1160TS493_3o 714 2246.3 -102.919 0
T1121TS278_2o 6060 1193.13 -102.912 0
T1110TS398_1o 3444 2301.91 -102.885 0.15478
H1134TS239_3 4112 1844.92 -102.807 0.02989
T1121TS169_2o 6060 1669.75 -102.735 0
T1121TS444_4o 6058 1722.17 -102.607 0
H1134TS098_4 4170 1958.71 -102.493 0
T1123TS494_4o 4180 2053.96 -102.299 0.02708
T1160TS398_5o 716 2086.52 -102.147 0.09977
T1179TS119_4o 4148 1915.93 -102.133 0
T1123TS185_1o 3962 2138.79 -101.947 0
T1161TS493_5o 718 2167.69 -101.917 0
H1129TS037_1 10646 1894.13 -101.869 0.0042
H1129TS314_4 10646 1952.66 -101.648 0
T1123TS312_5o 4178 1731.41 -101.233 0
T1121TS188_2o 6059 1532.03 -101.023 0
H1134TS187_3 4168 1921.6 -100.989 0
H1134TS423_3 4168 1921.6 -100.989 0
T1123TS439_5o 3360 1665.63 -100.877 0
T1123TS071_1o 4178 1878.74 -100.625 0.04721
H1134TS314_5 4170 1909.1 -100.625 0
H1134TS348_1 4168 1909.1 -100.625 0
T1121TS185_1o 6058 1298.27 -100.232 0
T1161TS165_4o 720 2138.85 -100.196 0.11308
H1129TS314_2 10646 1973.79 -100.004 0.00394
H1157TS147_1 11597 1878.4 -99.8015 0.00792
T1121TS071_5o 6058 1677.16 -99.4943 0.0796
T1123TS320_5o 4180 11946.5 -99.1318 0.01823
H1157TS447_1 11828 2433.56 -98.7845 0
H1157TS447_5 11828 2740.83 -98.7248 0
T1179TS185_2o 4148 1732.63 -98.4919 0
H1129TS314_1 10646 2108.55 -98.4747 0.00738
T1110TS447_5o 3446 1680.25 -97.9414 0
T1121TS071_4o 6058 1635.18 -97.8741 0.07813
H1129TS350_2 10593 2897.29 -97.7047 0.01532
T1121TS185_3o 6058 1698.2 -97.5371 0
T1121TS444_2o 6058 953.062 -97.481 0
T1179TS003_2o 4148 1514.3 -97.3363 0
T1179TS367_3o 4148 1514.3 -97.3363 0
T1179TS073_3o 4146 2178.73 -97.0958 0
T1179TS288_3o 4146 2178.73 -97.0958 0
T1121TS147_4o 6060 832.428 -96.9531 0
T1161TS314_2o 718 1087.35 -96.8858 0
T1110TS035_5o 3446 1687.16 -96.7002 0
T1110TS248_5o 3446 1687.16 -96.7002 0
H1134TS493_2 4168 1905.02 -96.4702 0
H1141TS052_1 2677 3097.01 -96.3571 0
H1141TS315_1 2677 3097.01 -96.3571 0
T1160TS165_3o 716 2255.88 -96.2925 0.20576
T1179TS091_5o 4146 2469.35 -95.9541 0
T1179TS447_3o 4148 2741.73 -95.8156 0.01276
T1121TS185_5o 6058 1398.47 -95.7235 0
T1179TS185_4o 4148 1754.33 -95.7096 0
H1157TS074_5 11826 1383.55 -95.5446 0.01064
H1157TS288_5 11826 1383.55 -95.5446 0.01064
H1129TS439_4 10440 1824.47 -95.4451 0
T1161TS314_1o 718 1137.59 -95.4374 0.0173
T1127TS398_5o 3400 2793.8 -95.3621 0.1454
H1134TS165_1 4170 2168.98 -94.9575 0.10517
H1106TS315_5 1889 1853.26 -94.7958 0
H1134TS439_4 4112 2040.18 -94.6335 0
T1179TS147_3o 4148 1857.79 -94.5139 0.00868
H1129TS494_1 10646 1907.26 -94.1212 0
H1134TS229_4 4112 1941 -94.0259 0
T1179TS131_1o 4148 3047.08 -93.7358 0.00544
H1157TS165_1 11597 2568.08 -93.6872 0.07715
T1153TS278_4o 4642 1816.68 -93.5389 0
T1121TS447_5o 6060 1889.1 -93.4179 0
T1121TS188_5o 6060 1227.21 -93.0891 0
T1121TS188_1o 6059 1400 -92.642 0.00597
T1179TS185_5o 4148 2019.39 -92.1802 0
T1123TS494_5o 3456 1273.38 -92.0292 0
T1123TS035_2o 4180 1748.57 -91.9321 0
H1129TS185_4 10404 3312.35 -91.7729 0
T1179TS374_2o 4148 1763.98 -91.0087 0
T1123TS314_4o 4180 2419.39 -90.8131 0
T1179TS278_3o 4148 1989.98 -90.6758 0.00379
H1157TS433_3 11826 1865.14 -90.2059 0.03542
H1157TS441_3 11826 1865.14 -90.2059 0.03542
H1134TS493_4 4168 2006.38 -90.0331 0
T1187TS278_1o 2704 1172.08 -89.3766 0
T1187TS278_2o 2704 1387.17 -88.8797 0
H1129TS091_1 10644 2048.37 -88.5353 0
T1121TS239_4o 5910 1402.27 -88.4736 0
T1121TS439_1o 5910 1402.27 -88.4736 0
T1121TS447_3o 6060 1896.33 -88.3637 0
T1127TS278_2o 3400 1370.07 -88.2723 0
T1123TS314_5o 4180 2141.41 -87.8983 0
T1121TS131_4o 6060 936.426 -87.8298 0
T1179TS374_1o 4148 1663.55 -87.8123 0
H1129TS185_3 10404 2376.8 -87.5378 0.0033
T1121TS444_1o 6058 1681.34 -87.3554 0
T1179TS447_5o 4148 2460.57 -87.2764 0
T1121TS444_5o 6058 1583.02 -87.2252 0
T1121TS185_4o 6058 1227.41 -87.0397 0
T1121TS493_5o 6058 1308.09 -87.022 0
H1134TS071_1 4168 1996.5 -86.9148 0.05208
T1113TS385_1o 3090 2446.44 -86.7788 0.18074
H1134TS165_2 4170 2141.73 -86.7033 0.06067
T1121TS165_3o 6060 1603.47 -86.4023 0.13144
T1121TS446_2o 6060 936.074 -86.3476 0
T1121TS461_2o 6060 936.074 -86.3476 0
T1179TS003_3o 4148 1898.66 -86.2935 0
T1179TS086_1o 4148 1898.66 -86.2935 0
T1179TS158_2o 4148 1898.66 -86.2935 0
T1179TS367_4o 4148 1898.66 -86.2935 0
T1179TS119_3o 4148 1849.33 -86.2609 0
H1129TS314_3 10646 1886.76 -86.1503 0.01202
T1110TS278_3o 3446 1702.15 -86.0257 0.0199
H1134TS229_2 4112 1729.36 -85.9467 0
T1179TS147_2o 4148 1786.09 -85.9221 0
T1179TS229_1o 4040 1360.62 -85.4538 0
T1179TS239_1o 4040 1360.62 -85.4538 0
T1179TS439_5o 4040 1360.62 -85.4538 0
H1157TS165_5 11597 2179.01 -85.0704 0.16049
T1123TS278_2o 4180 1391.8 -84.7976 0
H1134TS091_2 4168 2017.11 -84.7371 0
H1129TS493_1 10564 1338.97 -84.4309 0
H1142TS447_5 2689 3610.59 -84.2078 0.00949
T1121TS288_4o 6058 819.906 -83.6536 0
T1178TS091_3o 4888 2148.66 -83.5318 0
T1109TS278_5o 3440 1280.33 -83.4974 0
T1153TS278_1o 4642 1596.32 -83.4047 0
T1123TS035_4o 4180 2238.07 -83.3044 0
H1106TS315_2 1889 1765.46 -83.2928 0
T1179TS147_1o 4148 1797.92 -83.2717 0
T1178TS433_2o 4890 2231.15 -83.0311 0
T1178TS441_2o 4890 2231.15 -83.0311 0
T1161TS493_3o 718 1997.06 -82.9511 0
T1178TS091_5o 4888 2916.42 -82.9268 0
T1123TS054_4o 4178 1694.65 -82.6116 0.0427
T1123TS125_4o 4178 1694.65 -82.6116 0.0427
T1123TS399_4o 4178 1694.65 -82.6116 0.0427
T1127TS165_2o 3400 3300.39 -82.5855 0.14951
T1121TS188_3o 6059 1208.69 -82.425 0.00702
H1140TS037_1 2702 898.56 -82.3744 0
T1123TS374_5o 4180 1770.21 -82.2845 0
T1121TS037_4o 6060 951.281 -82.2407 0
H1129TS447_2 10646 1894.61 -82.1573 0
T1179TS037_3o 4148 3168.63 -81.6466 0
T1160TS493_1o 714 1948.11 -81.6242 0
H1151TS147_2 1786 1613.63 -81.4153 0
T1121TS446_3o 6060 811.276 -81.1957 0
T1121TS461_3o 6060 811.276 -81.1957 0
T1179TS439_3o 4040 1745.89 -81.0411 0.00448
T1121TS288_5o 6058 924.899 -80.6416 0
T1121TS439_4o 5910 695.752 -80.6399 0
T1121TS278_4o 6060 940.77 -80.3916 0
T1179TS054_4o 4148 2387.03 -80.2548 0
T1179TS125_4o 4148 2387.03 -80.2548 0
T1179TS399_4o 4148 2387.03 -80.2548 0
H1134TS037_3 4170 1462.95 -80.173 0
T1179TS447_1o 4148 2543.26 -79.8771 0
H1134TS205_1 4170 1420.56 -79.8636 0
T1121TS239_3o 5910 688.021 -79.7001 0
T1160TS037_5o 716 2483.65 -79.5005 0
H1134TS239_2 4112 1903.95 -79.2401 0
T1179TS205_5o 4148 1647.08 -79.2008 0
T1121TS278_1o 6060 940.021 -78.9976 0
T1123TS248_5o 4180 1546.32 -78.7787 0
T1121TS119_4o 6060 660.593 -78.6785 0
T1121TS348_5o 6058 2402.03 -78.6498 0
T1187TS037_2o 2704 1091.54 -78.4655 0
H1134TS374_5 4170 1474.48 -78.3865 0
T1179TS119_1o 4148 1726.59 -78.2538 0
T1121TS494_5o 6058 930.505 -78.2046 0.0177
T1123TS187_1o 4178 2346.46 -77.8752 0.01488
T1123TS423_1o 4178 2346.46 -77.8752 0.01488
H1134TS037_5 4170 2446.48 -77.8357 0
T1121TS493_4o 6058 1461.72 -77.7655 0
H1157TS165_3 11597 2718.45 -77.7185 0.14546
H1134TS225_1 4170 1407.97 -77.5978 0
T1187TS374_1o 2704 1138.25 -77.5831 0
T1121TS494_4o 6058 793.203 -77.4285 0.0102
T1123TS071_4o 4178 1658.82 -77.2203 0.07674
T1121TS169_3o 6060 675.141 -77.1305 0
H1151TS447_2 1786 1373.94 -77.1217 0
H1144TS257_2 2639 995.998 -76.9159 0
T1123TS239_3o 3482 1586.76 -76.6984 0
T1110TS035_4o 3446 1692.71 -76.6257 0
T1110TS248_4o 3446 1692.71 -76.6257 0
T1179TS147_5o 4148 1703.73 -76.4412 0
T1123TS071_3o 4178 1572.88 -76.3541 0.05721
H1129TS239_3 10440 1697.97 -76.3127 0
H1140TS447_2 2702 2068.48 -76.2878 0
H1129TS147_1 10646 1733.05 -76.1702 0
T1121TS446_5o 6060 661.201 -75.9795 0
T1121TS461_5o 6060 661.201 -75.9795 0
T1121TS119_5o 6060 661.223 -75.9787 0
T1179TS071_3o 4146 3175.29 -75.961 0.12551
T1187TS494_2o 2704 1604.73 -75.9504 0
T1123TS348_1o 4178 2176.82 -75.7566 0.02194
H1129TS091_2 10644 1828.62 -75.6301 0
T1179TS119_2o 4148 1806 -75.6139 0
H1144TS257_1 2639 982.889 -75.2499 0
H1134TS447_1 4170 1874.93 -75.1391 0
H1151TS147_1 1786 1509.31 -74.919 0
T1127TS248_5o 3400 3393.76 -74.7708 0.25272
T1127TS304_5o 3400 3393.76 -74.7708 0.25272
H1140TS447_1 2702 2027.8 -74.6073 0
T1179TS493_1o 4146 1871 -74.4505 0
T1179TS086_5o 4148 1819.04 -74.4035 0
T1179TS158_4o 4148 1819.04 -74.4035 0
T1121TS239_5o 5910 665.926 -74.2169 0
T1179TS086_3o 4148 1681.03 -73.776 0
T1179TS158_3o 4148 1681.03 -73.776 0
H1106TS067_1 1888 1243.56 -73.3521 0.0438
T1123TS035_5o 4180 1651.25 -73.2581 0
T1123TS248_4o 4180 1651.25 -73.2581 0
T1187TS278_5o 2704 1297.76 -73.1629 0
H1151TS147_3 1786 1438.51 -73.0117 0
T1121TS239_2o 5910 650.68 -72.5892 0
T1123TS187_3o 4178 1295.7 -72.5688 0
T1123TS423_3o 4178 1295.7 -72.5688 0
T1121TS493_3o 6058 655.185 -72.378 0
T1179TS314_3o 4148 2605.29 -72.2895 0.00942
T1179TS439_2o 4040 1577.6 -72.1732 0
T1123TS037_4o 4180 1498.18 -72.1592 0
T1121TS398_3o 6060 1678.88 -72.1488 0.17122
T1123TS037_5o 4180 1784.68 -72.1236 0.02059
H1134TS444_3 4168 1468.04 -72.0957 0
H1129TS447_5 10646 2085.11 -72.0919 0
H1157TS239_2 10772 1917.54 -72.0592 0.00803
T1187TS444_5o 2702 1036.06 -71.9852 0
H1129TS350_1 10644 2249.4 -71.9655 0
H1129TS350_5 10644 2249.4 -71.9655 0
H1134TS119_1 4170 1217.08 -71.8067 0
H1134TS131_1 4170 1217.08 -71.8067 0
H1144TS257_3 2639 974.445 -71.7017 0
H1134TS037_2 4170 1482.62 -71.0523 0
H1157TS278_4 11828 3419.23 -71.0039 0.00676
H1134TS054_4 4170 1359.5 -71.0004 0
H1134TS125_4 4170 1359.5 -71.0004 0
H1134TS399_4 4170 1359.5 -71.0004 0
T1161TS165_5o 720 2308.29 -70.6839 0.19836
H1129TS091_3 10644 1585.64 -70.3118 0
H1144TS257_5 2639 1004.66 -70.2171 0
H1129TS147_4 10646 1552.5 -70.121 0
H1129TS493_3 10564 1409.37 -69.9343 0
T1160TS314_4o 714 1038.03 -69.7914 0.00787
H1129TS147_3 10646 1458.18 -69.7437 0
H1144TS278_5 2641 974.535 -69.6967 0
H1151TS147_4 1786 1321.4 -69.6964 0
T1110TS398_2o 3444 2104.41 -69.6876 0.18919
H1157TS447_2 11828 1879.64 -69.4919 0
H1129TS314_5 10646 1759.92 -69.2533 0.00442
T1121TS398_1o 6060 1575.09 -69.2406 0.16398
T1123TS119_3o 4180 1500.38 -68.9942 0.02
T1123TS131_1o 4180 1500.42 -68.9875 0.01995
H1140TS447_5 2702 2119.17 -68.9027 0
T1179TS037_4o 4148 1944.93 -68.7748 0.02004
T1179TS158_5o 4148 1862 -68.7261 0
H1157TS165_4 11597 2530.26 -68.6996 0.09036
H1129TS147_2 10646 1613.96 -68.6284 0
T1153TS073_3o 4640 1298.59 -68.5527 0.01807
T1179TS439_1o 4040 1735.14 -68.4172 0
H1143TS147_1 2717 1066.09 -68.2776 0
H1129TS444_3 10358 1426.3 -68.1388 0
H1134TS205_5 4170 1278.02 -67.9904 0
H1134TS073_2 4168 1320.71 -67.9278 0.02346
H1134TS374_1 4170 1347.55 -67.6954 0
T1187TS494_1o 2704 1314.02 -67.598 0
H1134TS225_2 4170 1377.7 -67.5697 0
H1134TS225_3 4170 1305.58 -67.5048 0
T1121TS091_1o 6058 1418.56 -67.3773 0
H1106TS447_1 1890 1562.46 -67.283 0
H1144TS239_2 2591 940.438 -67.2533 0
H1134TS119_2 4170 1229.51 -66.9586 0
H1134TS131_2 4170 1229.51 -66.9586 0
H1134TS494_2 4075 1606.64 -66.7705 0
T1179TS205_2o 4148 1805.15 -66.7626 0
T1121TS091_3o 6058 746.51 -66.7412 0
T1179TS291_5o 4146 1456.49 -66.7312 0
T1179TS350_5o 4146 1456.49 -66.7312 0
T1187TS444_1o 2702 965.647 -66.7139 0
H1144TS444_2 2639 1024.27 -66.6271 0
H1134TS245_1 4170 1355.06 -66.3239 0
H1134TS385_2 4170 1355.06 -66.3239 0
T1123TS071_2o 4178 1512.98 -66.2746 0.02163
H1134TS245_4 4170 1014.93 -66.2521 0
H1134TS385_4 4170 1014.93 -66.2521 0
T1187TS374_3o 2704 1090.78 -66.1407 0
H1140TS447_3 2702 2095.54 -65.9901 0
H1140TS447_4 2702 2095.54 -65.9901 0
H1129TS239_5 10440 1571.31 -65.9289 0
T1187TS350_1o 2702 1016.11 -65.8952 0
T1123TS054_1o 4178 1516.09 -65.812 0.06763
T1123TS125_1o 4178 1516.09 -65.812 0.06763
T1123TS399_1o 4178 1516.09 -65.812 0.06763
H1134TS119_5 4170 1259.71 -65.8078 0
T1160TS165_4o 716 2190.65 -65.7656 0.14894
T1123TS091_1o 4178 1768.4 -65.7336 0
H1144TS439_5 2591 917.825 -65.5131 0
H1134TS147_5 4170 1353.58 -65.3702 0
T1179TS314_1o 4148 1548.01 -65.3696 0
T1179TS312_2o 4062 1290.78 -65.2729 0
H1144TS257_4 2639 938.462 -65.2424 0
T1121TS398_2o 6060 1137.29 -65.2199 0.11945
T1187TS350_3o 2702 1032.07 -65.031 0
H1141TS278_2 2678 953.093 -65.0172 0
T1160TS493_4o 714 1992.68 -64.9067 0
H1134TS245_2 4170 1373.33 -64.9018 0
H1134TS385_1 4170 1373.33 -64.9018 0
H1134TS462_4 4170 1371.11 -64.7396 0
H1134TS091_3 4168 2143.34 -64.672 0
H1134TS462_3 4170 1288.02 -64.672 0
H1129TS493_4 10564 1161.8 -64.6585 0
H1134TS225_5 4170 1378.73 -64.5192 0
T1113TS035_2o 3090 1441.62 -64.3557 0
H1129TS239_4 10440 1585.96 -64.319 0
T1187TS291_3o 2702 1013.11 -64.3025 0
T1153TS147_1o 4642 904.129 -64.1032 0
T1123TS312_1o 4178 1552.18 -64.0491 0
H1157TS447_4 11828 1645.47 -63.8712 0
H1134TS205_4 4170 1232.48 -63.8577 0
H1134TS187_4 4168 1261.4 -63.7047 0
H1134TS423_4 4168 1261.4 -63.7047 0
H1144TS494_3 2620 1099.14 -63.3491 0
T1123TS390_2o 4180 1404.88 -63.2731 0
T1187TS291_1o 2702 998.296 -63.1885 0
H1129TS444_1 10358 1711.39 -63.0899 0
H1134TS462_5 4170 1237.96 -62.91 0
H1134TS298_2 4170 1206.97 -62.3319 0
T1187TS054_2o 2704 1095.39 -62.2744 0
T1187TS125_2o 2704 1095.39 -62.2744 0
T1187TS399_2o 2704 1095.39 -62.2744 0
H1129TS147_5 10646 1286.13 -62.2095 0
T1121TS054_5o 6060 1776.77 -62.1674 0
T1121TS125_5o 6060 1776.77 -62.1674 0
T1121TS399_5o 6060 1776.77 -62.1674 0
T1179TS444_4o 4146 1181.94 -62.0817 0
H1151TS091_1 1784 1596.08 -62.071 0
H1141TS278_3 2678 980.89 -62.0596 0
T1179TS229_2o 4040 1579.85 -62.024 0.03143
T1179TS239_2o 4040 1579.85 -62.024 0.03143
H1129TS493_2 10564 1370.4 -61.9334 0
H1134TS298_4 4170 1189.25 -61.8391 0
H1142TS205_1 2689 898.793 -61.7934 0
T1160TS447_1o 716 2073.78 -61.7418 0
H1134TS098_1 4170 1221.86 -61.6967 0
H1134TS188_1 4170 1221.86 -61.6967 0
T1123TS298_4o 4180 1731.91 -61.6326 0
T1123TS360_1o 4180 1731.91 -61.6326 0
T1153TS374_4o 4642 636.28 -61.6199 0
T1121TS091_5o 6058 727.998 -61.5821 0
H1134TS054_2 4170 1243.44 -61.4654 0
H1134TS125_2 4170 1243.44 -61.4654 0
H1134TS399_2 4170 1243.44 -61.4654 0
T1123TS493_2o 4178 1390.88 -61.4546 0
T1178TS433_4o 4890 1378.31 -61.327 0
T1178TS441_4o 4890 1378.31 -61.327 0
H1151TS147_5 1786 1329.69 -61.2182 0
H1141TS037_1 2678 952.125 -61.091 0
H1144TS447_5 2641 1238.54 -61.0887 0.00704
T1160TS493_2o 714 2191.95 -61.0531 0
T1113TS494_5o 3090 1455.19 -60.9983 0
T1161TS447_1o 720 2092.33 -60.9908 0
T1179TS444_5o 4146 1556.56 -60.9663 0
H1134TS073_5 4168 1309.52 -60.8997 0.03727
H1134TS131_5 4170 1237.7 -60.8476 0
T1121TS091_2o 6058 669.971 -60.7392 0
H1129TS447_1 10646 1742.9 -60.6184 0
H1144TS239_4 2591 920.733 -60.5447 0.00901
T1179TS131_4o 4148 1711.35 -60.2267 0
H1134TS444_2 4168 1296.54 -60.1872 0
T1179TS054_3o 4148 2002.58 -60.1004 0
T1179TS125_3o 4148 2002.58 -60.1004 0
T1179TS399_3o 4148 2002.58 -60.1004 0
T1153TS180_5o 4642 690.746 -60.0985 0
T1153TS462_5o 4642 690.746 -60.0985 0
T1153TS444_4o 4640 1876.81 -60.0662 0
H1134TS493_1 4168 1352.07 -59.9393 0
H1134TS360_4 4170 1222.81 -59.9076 0
H1134TS245_3 4170 1344.24 -59.8983 0
H1134TS385_3 4170 1344.24 -59.8983 0
H1129TS091_4 10644 1512.29 -59.7632 0
H1141TS444_2 2676 1240.22 -59.7405 0
H1134TS360_1 4170 1244.17 -59.5763 0
H1134TS446_5 4170 1229.26 -59.5455 0
H1134TS461_5 4170 1229.26 -59.5455 0
H1144TS239_1 2591 934.902 -59.5141 0
H1140TS444_3 2700 1100.94 -59.4904 0
T1187TS494_3o 2704 1002.02 -59.397 0
H1144TS374_2 2641 991.868 -59.3234 0
H1129TS447_4 10646 1836.48 -59.3216 0
H1134TS098_2 4170 1183.94 -59.2015 0
H1134TS188_2 4170 1183.94 -59.2015 0
H1141TS494_1 2678 894.571 -59.1813 0
T1179TS312_4o 4062 1145.61 -59.1649 0
T1178TS398_2o 4890 3001.71 -59.1549 0.19144
H1134TS133_4 4170 1184.95 -59.1545 0
H1134TS227_4 4170 1184.95 -59.1545 0
T1153TS374_1o 4642 706.702 -59.14 0
H1134TS462_1 4170 1210.11 -59.0863 0
H1144TS494_2 2641 1126.28 -58.9964 0
T1153TS037_2o 4642 635.395 -58.8992 0
H1134TS054_1 4170 1178.29 -58.8161 0
H1134TS125_1 4170 1178.29 -58.8161 0
H1134TS399_1 4170 1178.29 -58.8161 0
H1134TS091_1 4168 1667.5 -58.766 0
T1123TS091_5o 4178 1814.92 -58.7262 0
H1144TS494_1 2641 1082.68 -58.5019 0
T1153TS119_4o 4642 664.585 -58.4482 0
T1153TS446_1o 4642 664.585 -58.4482 0
T1153TS461_1o 4642 664.585 -58.4482 0
T1153TS035_4o 4640 663.614 -58.3631 0
H1134TS367_1 4170 1247.29 -58.3517 0
T1179TS205_4o 4148 1477.2 -58.2334 0
H1134TS225_4 4170 1442.31 -58.136 0
H1134TS367_4 4170 1188.28 -58.1307 0
H1141TS037_2 2678 929.903 -58.0994 0
H1134TS360_2 4170 1229.43 -58.0667 0
T1187TS091_1o 2702 1362.81 -58.0485 0
T1187TS035_1o 2704 1233.64 -58.0407 0
T1187TS046_1o 2704 1233.64 -58.0407 0
T1187TS248_1o 2704 1233.64 -58.0407 0
T1187TS304_1o 2704 1233.64 -58.0407 0
T1153TS158_5o 4642 686.516 -58.0141 0
T1123TS312_3o 4178 1575.07 -57.9529 0
H1134TS150_4 4170 1201.83 -57.7917 0
H1134TS320_4 4170 1201.83 -57.7917 0
H1134TS390_4 4170 1201.83 -57.7917 0
H1134TS165_4 4170 1367.66 -57.7847 0.14857
H1134TS348_5 4168 1215.85 -57.7675 0
H1134TS205_3 4170 1227.53 -57.737 0
H1144TS239_3 2591 933.195 -57.7276 0
T1179TS147_4o 4148 1222.4 -57.6884 0
H1134TS133_3 4170 1187.86 -57.4841 0
H1134TS227_3 4170 1187.86 -57.4841 0
H1141TS444_1 2676 1138.15 -57.4669 0
H1134TS291_4 4168 1211.19 -57.4256 0
H1134TS350_4 4168 1211.19 -57.4256 0
H1141TS374_1 2678 821.541 -57.3704 0
T1153TS494_5o 4642 1304.46 -57.3533 0
T1109TS165_5o 3440 2037.09 -57.2786 0
H1129TS239_2 10440 1383.52 -57.2756 0.01966
H1151TS447_3 1786 1150.41 -57.2649 0
T1179TS494_2o 4148 1675.27 -57.2396 0
T1153TS003_4o 4642 664.184 -57.1631 0
H1144TS073_1 2639 808.878 -57.1126 0.03125
T1153TS446_4o 4642 678.344 -57.0918 0
T1153TS461_4o 4642 678.344 -57.0918 0
T1123TS312_2o 4178 1502.81 -57.0658 0
H1134TS035_2 4170 1146.44 -56.977 0
H1134TS248_2 4170 1146.44 -56.977 0
H1134TS304_2 4170 1146.44 -56.977 0
H1134TS150_1 4170 1233.88 -56.9487 0
H1134TS320_1 4170 1233.88 -56.9487 0
H1134TS390_1 4170 1233.88 -56.9487 0
T1153TS180_2o 4642 667.884 -56.9399 0
T1153TS462_2o 4642 667.884 -56.9399 0
H1141TS374_2 2678 836.423 -56.8866 0
H1134TS360_3 4170 1190.56 -56.8313 0
H1134TS098_3 4170 1181.22 -56.8085 0
T1123TS493_1o 4178 1151.34 -56.7693 0
H1144TS374_1 2641 991.726 -56.7426 0
H1134TS446_4 4170 1183.75 -56.7116 0
H1134TS461_4 4170 1183.75 -56.7116 0
T1109TS423_3o 3438 1095.19 -56.7019 0.04247
T1109TS187_3o 3438 1095.19 -56.7019 0.04247
H1134TS494_3 4170 875.524 -56.6474 0
H1140TS374_2 2702 730.614 -56.6445 0
H1143TS494_2 2718 751.669 -56.5608 0
H1134TS298_5 4170 1177.91 -56.5404 0
T1179TS278_5o 4148 2030.51 -56.5307 0
H1106TS312_4 1598 1055.39 -56.4053 0
H1144TS037_1 2641 956.875 -56.3649 0
T1121TS385_1o 6060 933.105 -56.3542 0.04184
H1106TS398_3 1890 1481.92 -56.2746 0.22192
H1129TS446_2 10646 1184.6 -56.2378 0
H1129TS461_2 10646 1184.6 -56.2378 0
T1123TS091_2o 4178 1596.34 -56.2315 0
T1187TS073_2o 2702 950.602 -56.1602 0.0166
T1153TS147_3o 4642 793.26 -56.1343 0
T1179TS035_4o 4148 1316.43 -56.0905 0
T1179TS248_4o 4148 1316.43 -56.0905 0
H1144TS447_2 2641 873.229 -56.0259 0
H1144TS314_4 2641 1078.62 -55.9685 0.01471
H1144TS147_3 2640 1103.94 -55.9602 0
H1129TS205_3 10646 1539.92 -55.8873 0
T1179TS320_1o 4148 2202.18 -55.8269 0
H1134TS119_3 4170 1200.74 -55.7987 0
H1134TS131_3 4170 1200.74 -55.7987 0
H1134TS447_5 4170 2105.93 -55.7804 0
T1179TS003_4o 4148 1797.04 -55.7549 0
T1179TS367_1o 4148 1797.04 -55.7549 0
H1134TS035_4 4170 1208.31 -55.7547 0
H1134TS248_4 4170 1208.31 -55.7547 0
H1134TS304_4 4170 1208.31 -55.7547 0
H1140TS444_1 2700 1152.09 -55.747 0
T1153TS446_5o 4642 648.366 -55.7377 0
T1153TS461_5o 4642 648.366 -55.7377 0
T1153TS086_5o 4642 642.907 -55.674 0
H1141TS374_3 2678 919.915 -55.6028 0
T1179TS054_1o 4148 2076.89 -55.6022 0
T1179TS125_1o 4148 2076.89 -55.6022 0
T1179TS399_1o 4148 2076.89 -55.6022 0
H1134TS291_3 4168 1075.41 -55.4427 0
H1134TS350_3 4168 1075.41 -55.4427 0
T1179TS374_5o 4148 2124.49 -55.3346 0
H1144TS147_2 2640 694.248 -55.3328 0
T1153TS086_3o 4642 671.851 -55.2971 0
T1153TS158_3o 4642 671.851 -55.2971 0
T1153TS185_5o 4640 1334.31 -55.2696 0
H1143TS278_1 2718 759.338 -55.2169 0
T1153TS180_3o 4642 715.257 -55.1961 0
T1153TS462_3o 4642 715.257 -55.1961 0
T1161TS314_3o 718 1007.54 -55.1586 0
H1157TS278_2 11828 2312.28 -55.137 0.00331
T1153TS314_3o 4642 1293.48 -55.1004 0
H1134TS133_5 4170 1168.62 -55.0291 0
H1134TS227_5 4170 1168.62 -55.0291 0
T1153TS003_5o 4642 661.888 -55.0072 0
T1153TS086_4o 4642 661.888 -55.0072 0
T1153TS158_4o 4642 661.888 -55.0072 0
H1141TS314_1 2674 812.43 -54.9864 0
H1134TS035_3 4170 1172.57 -54.9522 0
H1134TS248_3 4170 1172.57 -54.9522 0
H1134TS304_3 4170 1172.57 -54.9522 0
H1140TS444_5 2700 1220.27 -54.9099 0
T1153TS086_1o 4642 664.798 -54.9092 0
T1153TS158_1o 4642 664.798 -54.9092 0
T1153TS003_1o 4642 664.798 -54.9092 0
H1141TS073_5 2676 845.252 -54.862 0.01961
T1153TS074_2o 4640 657.009 -54.854 0
T1153TS288_1o 4640 657.009 -54.854 0
H1141TS314_3 2674 856.259 -54.8352 0
H1144TS494_4 2641 1132.62 -54.8083 0
T1179TS314_5o 4148 1850.88 -54.7691 0.01944
T1179TS390_1o 4148 1850.88 -54.7691 0.01944
H1129TS444_4 10358 1740.68 -54.6129 0
H1144TS225_2 2641 932.573 -54.55 0
H1144TS205_2 2641 1068.56 -54.5156 0
H1143TS003_5 2718 752.667 -54.439 0
H1143TS086_3 2718 752.667 -54.439 0
H1143TS158_3 2718 752.667 -54.439 0
H1134TS165_5 4170 1822.92 -54.4113 0.13808
H1143TS147_3 2716 926.595 -54.3863 0
T1187TS074_4o 2702 903.97 -54.343 0
T1187TS288_5o 2702 903.97 -54.343 0
T1153TS477_1o 4640 681.882 -54.1225 0.04678
T1153TS374_2o 4642 669.725 -54.0313 0
T1153TS278_2o 4642 661.173 -54.0232 0
T1153TS180_1o 4642 709.709 -53.9679 0
T1153TS462_1o 4642 709.709 -53.9679 0
T1187TS314_4o 2704 1256.74 -53.8112 0
H1129TS239_1 10438 1639.92 -53.8009 0.09716
T1153TS035_3o 4642 689.429 -53.7962 0
T1123TS493_3o 4178 1325.54 -53.7698 0
H1143TS312_1 2704 793.349 -53.7264 0
H1144TS312_1 2635 1069.81 -53.6993 0
H1134TS150_5 4170 1188.89 -53.5271 0
H1134TS320_5 4170 1188.89 -53.5271 0
H1134TS390_5 4170 1188.89 -53.5271 0
H1142TS444_1 2687 1151.84 -53.4908 0
T1153TS374_3o 4642 628.249 -53.4727 0
H1141TS073_1 2676 774.818 -53.4318 0.00976
H1144TS439_1 2591 932.371 -53.4251 0
T1123TS360_4o 4180 1295.61 -53.4249 0
T1123TS390_3o 4180 1295.61 -53.4249 0
T1123TS150_1o 4180 1310.89 -53.3725 0.0117
H1141TS035_1 2678 760.4 -53.3548 0
H1141TS248_1 2678 760.4 -53.3548 0
T1153TS003_3o 4642 660.335 -53.2305 0
T1153TS446_2o 4642 658.975 -53.2144 0
T1153TS461_2o 4642 658.975 -53.2144 0
H1140TS444_2 2700 1248.18 -53.0936 0
H1143TS225_1 2718 774.17 -53.0499 0
H1143TS180_4 2718 746.459 -53.0468 0
T1153TS073_1o 4640 718.869 -53.0159 0.03125
H1134TS187_5 4168 1221.25 -52.9891 0
H1134TS423_5 4168 1221.25 -52.9891 0
T1127TS278_4o 3400 801.46 -52.9745 0
T1153TS147_4o 4642 825.628 -52.8232 0
H1143TS086_5 2718 760.866 -52.8161 0
H1143TS158_4 2718 760.866 -52.8161 0
H1129TS165_2 10646 1766.4 -52.7938 0.15402
T1123TS188_4o 4180 996.172 -52.7871 0
T1179TS493_3o 4146 1813.35 -52.7108 0
H1143TS374_3 2718 769.164 -52.6952 0
T1153TS086_2o 4642 666.713 -52.6614 0
T1153TS158_2o 4642 666.713 -52.6614 0
T1153TS003_2o 4642 666.713 -52.6614 0
T1178TS398_4o 4890 3542.88 -52.6498 0.23165
T1153TS098_5o 4642 632.158 -52.6319 0
T1153TS188_5o 4642 632.158 -52.6319 0
T1153TS481_5o 4642 632.158 -52.6319 0
H1140TS097_5 2702 1201.33 -52.4789 0
T1153TS494_1o 4642 633.787 -52.4639 0
T1153TS147_2o 4642 886.992 -52.4629 0
H1134TS165_3 4170 1342.15 -52.4222 0.10778
H1134TS398_3 4170 1342.15 -52.4222 0.10778
H1151TS225_1 1786 1530.22 -52.3887 0
H1143TS444_5 2716 909.435 -52.3787 0
T1153TS446_3o 4642 614.929 -52.3132 0
T1153TS461_3o 4642 614.929 -52.3132 0
H1143TS494_1 2718 739.319 -52.2706 0
H1144TS314_5 2641 734.884 -52.2511 0
T1179TS150_5o 4148 1496.11 -52.2437 0.03763
T1179TS071_1o 4146 3114.89 -52.1931 0.15289
H1144TS444_1 2639 1103.57 -52.0315 0
H1134TS205_2 4170 1130.06 -52.0066 0
H1143TS444_3 2716 1027.64 -51.9852 0
H1134TS447_2 4170 2053.35 -51.8792 0
H1134TS180_5 4170 1339.06 -51.8473 0
H1141TS477_1 2676 879.83 -51.8004 0.09211
H1143TS374_1 2718 765.265 -51.7527 0
H1134TS158_4 4170 1170 -51.7521 0
H1134TS367_2 4170 1170 -51.7521 0
T1153TS494_2o 4642 663.882 -51.6993 0
T1179TS298_3o 4148 1256.03 -51.6926 0
H1134TS298_3 4170 1149.61 -51.6693 0
H1134TS447_4 4170 1497.41 -51.6204 0
T1153TS444_2o 4640 1477.31 -51.6018 0
T1179TS185_3o 4148 1279.39 -51.5525 0
H1143TS037_1 2718 763.182 -51.4836 0
H1144TS091_2 2639 1107.32 -51.4557 0
H1141TS037_3 2678 818.85 -51.4232 0
H1129TS444_2 10358 1644.85 -51.3957 0
H1144TS278_1 2641 957.906 -51.39 0
H1134TS133_2 4170 1099.1 -51.3722 0
H1134TS227_2 4170 1099.1 -51.3722 0
T1187TS374_2o 2704 1116.61 -51.3543 0
H1144TS447_1 2641 1104.85 -51.2655 0
T1121TS447_4o 6060 1689.55 -51.2245 0
H1143TS447_5 2718 1119.45 -51.2168 0
H1151TS447_1 1786 1069.18 -51.1811 0
H1151TS447_4 1786 1069.18 -51.1811 0
H1151TS447_5 1786 1069.18 -51.1811 0
T1179TS187_2o 4146 1637.04 -51.1093 0
T1179TS423_2o 4146 1637.04 -51.1093 0
H1151TS150_2 1786 750.96 -51.0922 0
H1151TS320_3 1786 750.967 -51.0889 0
H1151TS348_2 1784 750.967 -51.0889 0
H1151TS360_1 1786 750.967 -51.0889 0
H1151TS390_3 1786 750.967 -51.0889 0
H1143TS187_2 2716 748.933 -51.0848 0
H1143TS423_2 2716 748.933 -51.0848 0
H1151TS073_3 1784 1079.75 -51.0434 0.03008
H1143TS298_5 2718 746.273 -50.9998 0
H1143TS360_5 2718 746.273 -50.9998 0
T1179TS003_5o 4148 1521.66 -50.9991 0
H1134TS439_2 4112 1163.75 -50.9908 0
T1179TS447_2o 4148 2292.06 -50.9741 0
H1143TS011_1 2718 737.376 -50.9402 0
H1143TS227_1 2718 737.376 -50.9402 0
H1143TS434_1 2718 737.376 -50.9402 0
H1143TS180_3 2718 759.012 -50.8988 0
H1134TS433_4 4170 932.681 -50.815 0
H1134TS441_4 4170 932.681 -50.815 0
T1110TS398_3o 3444 1653.86 -50.7639 0.1851
H1142TS439_3 2640 640.84 -50.749 0
T1153TS444_1o 4640 740.255 -50.7375 0
H1143TS003_1 2718 739.321 -50.7144 0
H1129TS185_1 10404 1382.04 -50.7138 0
H1134TS433_3 4170 959.067 -50.6986 0
H1134TS441_3 4170 959.067 -50.6986 0
H1143TS180_5 2718 748.486 -50.6452 0
H1143TS187_1 2716 742.823 -50.6374 0
H1143TS423_1 2716 742.823 -50.6374 0
H1143TS037_3 2718 658.455 -50.5828 0
H1134TS291_5 4168 1170.27 -50.5477 0
H1134TS350_5 4168 1170.27 -50.5477 0
T1187TS165_4o 2704 1084.78 -50.5457 0.0669
H1143TS444_2 2716 875.552 -50.524 0
H1143TS147_2 2717 820.128 -50.4941 0
T1187TS229_4o 2638 924.228 -50.4865 0
T1187TS239_4o 2638 924.228 -50.4865 0
T1187TS439_4o 2638 924.228 -50.4865 0
T1153TS180_4o 4642 664.803 -50.474 0
T1153TS462_4o 4642 664.803 -50.474 0
H1140TS278_2 2702 935.405 -50.4113 0
T1153TS444_3o 4640 750.166 -50.3926 0
H1134TS003_2 4170 1166.38 -50.3411 0
H1143TS180_2 2718 743.777 -50.3257 0
T1153TS278_3o 4642 593.295 -50.2821 0
T1153TS131_4o 4642 612.984 -50.2466 0
T1187TS037_3o 2704 1084.95 -50.2412 0
T1153TS320_3o 4642 593.608 -50.239 0
T1153TS390_3o 4642 593.608 -50.239 0
T1160TS314_5o 714 1027.53 -50.1949 0
H1134TS054_3 4170 1198.09 -50.139 0
H1134TS054_5 4170 1198.09 -50.139 0
H1134TS125_3 4170 1198.09 -50.139 0
H1134TS125_5 4170 1198.09 -50.139 0
H1134TS399_3 4170 1198.09 -50.139 0
H1134TS399_5 4170 1198.09 -50.139 0
H1134TS003_5 4170 1199.71 -50.1383 0
H1144TS091_3 2639 1098.61 -50.1212 0
H1134TS073_1 4168 1151.59 -50.1054 0.04286
H1142TS278_3 2689 948.721 -50.0957 0
H1144TS312_3 2635 1090.34 -50.0747 0
H1151TS239_3 1513 689.972 -50.0553 0
H1151TS439_3 1513 689.972 -50.0553 0
T1153TS185_1o 4640 587.301 -50.0373 0
H1143TS003_3 2718 756.142 -50.0118 0
H1143TS086_2 2718 756.142 -50.0118 0
H1143TS158_1 2718 756.142 -50.0118 0
H1143TS180_1 2718 750.662 -49.981 0
H1143TS374_4 2718 753.57 -49.9691 0
T1121TS091_4o 6058 732.211 -49.9103 0
H1143TS086_4 2718 754.69 -49.8121 0
H1143TS158_5 2718 754.69 -49.8121 0
H1134TS367_5 4170 1205.48 -49.7564 0
H1144TS239_5 2591 924.434 -49.6384 0
H1144TS439_2 2591 924.434 -49.6384 0
H1142TS447_1 2689 1118.14 -49.6343 0
H1129TS165_3 10646 2261.32 -49.6236 0.17657
H1134TS360_5 4170 1116.99 -49.4891 0
T1179TS291_3o 4146 1108.19 -49.4832 0
T1179TS350_3o 4146 1108.19 -49.4832 0
H1144TS205_4 2641 975.055 -49.4707 0
H1151TS225_4 1786 1236.2 -49.412 0
H1143TS205_3 2718 752.607 -49.3828 0
T1153TS314_5o 4642 584.36 -49.3712 0
T1153TS320_1o 4642 584.36 -49.3712 0
T1153TS390_1o 4642 584.36 -49.3712 0
H1142TS147_2 2689 722.196 -49.3666 0
H1134TS444_5 4168 1187.52 -49.3525 0
H1143TS298_4 2718 737.725 -49.2719 0
H1143TS225_2 2718 753.817 -49.2657 0
H1144TS278_4 2641 884.957 -49.2613 0
T1153TS374_5o 4642 588.181 -49.2597 0
H1144TS446_1 2641 986.461 -49.1233 0
H1144TS461_1 2641 986.461 -49.1233 0
T1113TS494_4o 3090 943.591 -49.1181 0
T1187TS444_4o 2702 1014.97 -49.0371 0
T1179TS035_3o 4148 1448.29 -49.0264 0
T1179TS248_3o 4148 1448.29 -49.0264 0
H1151TS003_3 1786 744.537 -48.8929 0
H1151TS158_1 1786 744.537 -48.8929 0
H1143TS446_1 2718 732.042 -48.8719 0
H1143TS461_1 2718 732.042 -48.8719 0
H1143TS314_1 2718 742.234 -48.7938 0
H1143TS320_2 2718 742.234 -48.7938 0
H1143TS390_2 2718 742.234 -48.7938 0
H1143TS205_1 2718 918.039 -48.7578 0
H1134TS291_1 4168 1106.18 -48.7018 0
H1134TS350_1 4168 1106.18 -48.7018 0
H1134TS003_1 4170 1160.05 -48.6968 0
H1134TS086_2 4170 1160.05 -48.6968 0
H1134TS158_1 4170 1160.05 -48.6968 0
H1143TS011_2 2718 740.301 -48.662 0
H1143TS227_2 2718 740.301 -48.662 0
H1143TS434_2 2718 740.301 -48.662 0
H1142TS073_2 2687 758.14 -48.6415 0
H1106TS067_2 1888 1055.57 -48.629 0.0119
H1143TS003_4 2718 741.285 -48.4845 0
H1143TS086_1 2718 741.285 -48.4845 0
H1143TS158_2 2718 741.285 -48.4845 0
H1143TS003_2 2718 739.542 -48.4587 0
T1153TS185_3o 4640 528.434 -48.3116 0
H1143TS374_2 2718 744.008 -48.3043 0
T1179TS433_2o 4148 1079.59 -48.304 0
T1179TS441_2o 4148 1079.59 -48.304 0
H1140TS314_3 2702 1125.35 -48.2495 0
H1142TS447_4 2689 1336.61 -48.227 0
H1143TS350_1 2716 726.53 -48.2267 0
H1129TS312_4 9290 1328.67 -48.1804 0
T1179TS444_2o 4146 1802.05 -48.1722 0
H1142TS494_1 2689 682.405 -48.1412 0
H1143TS150_1 2718 736.091 -48.1359 0
H1143TS320_1 2718 736.091 -48.1359 0
H1143TS390_1 2718 736.091 -48.1359 0
H1143TS054_5 2718 767.281 -48.1314 0
H1143TS125_5 2718 767.281 -48.1314 0
H1143TS399_5 2718 767.281 -48.1314 0
T1187TS314_1o 2704 1123.9 -48.1313 0
T1187TS320_2o 2704 1123.9 -48.1313 0
T1187TS348_2o 2702 1123.9 -48.1313 0
T1187TS390_2o 2704 1123.9 -48.1313 0
H1143TS444_1 2716 915.6 -48.0903 0
T1123TS071_5o 4178 1769.96 -48.078 0.14789
H1143TS245_3 2718 739.847 -48.077 0
H1143TS320_3 2718 739.847 -48.077 0
H1143TS385_3 2718 739.847 -48.077 0
H1143TS390_3 2718 739.847 -48.077 0
T1179TS187_3o 4146 1837.43 -48.029 0
T1179TS423_3o 4146 1837.43 -48.029 0
H1141TS314_2 2674 762.366 -48.0115 0.01015
H1143TS447_1 2718 1111.57 -48.0103 0
T1179TS320_3o 4148 2971.43 -47.992 0.0029
T1153TS298_3o 4642 620.405 -47.9919 0
H1143TS298_3 2718 738.57 -47.9684 0
T1153TS298_2o 4642 618.219 -47.965 0
H1134TS133_1 4170 1109.01 -47.9097 0
H1134TS227_1 4170 1109.01 -47.9097 0
H1144TS091_1 2639 1108.26 -47.9027 0
H1143TS073_1 2716 690.319 -47.8572 0.01087
H1151TS169_5 1786 746.421 -47.7891 0
H1143TS298_2 2718 735.01 -47.7302 0
H1143TS348_3 2716 737.926 -47.6729 0
T1153TS205_1o 4642 612.912 -47.6569 0
H1151TS374_1 1786 732.737 -47.5699 0
H1134TS003_3 4170 1176.17 -47.553 0
H1134TS086_1 4170 1176.17 -47.553 0
H1134TS158_2 4170 1176.17 -47.553 0
H1134TS367_3 4170 1148.34 -47.5087 0
T1187TS098_1o 2704 1075.54 -47.4688 0
T1187TS169_2o 2704 1075.54 -47.4688 0
H1144TS494_5 2641 953.092 -47.459 0
H1143TS098_3 2718 738.116 -47.4438 0
H1143TS169_4 2718 738.116 -47.4438 0
H1143TS188_3 2718 738.116 -47.4438 0
H1151TS446_3 1786 683.865 -47.4407 0
H1151TS461_3 1786 683.865 -47.4407 0
H1134TS494_4 4075 891.813 -47.2972 0
T1153TS447_3o 4642 1158.78 -47.2365 0
T1153TS447_5o 4642 1158.78 -47.2365 0
H1143TS011_3 2718 743.735 -47.234 0
H1143TS227_3 2718 743.735 -47.234 0
H1143TS434_3 2718 743.735 -47.234 0
H1143TS348_1 2716 739.911 -47.2184 0
T1178TS312_1o 4460 1179.66 -47.1847 0
H1151TS074_2 1784 749.575 -47.1658 0
H1151TS288_2 1784 749.575 -47.1658 0
H1141TS447_4 2678 952.41 -47.1525 0
H1143TS133_4 2718 738.829 -47.0999 0
H1143TS227_5 2718 738.829 -47.0999 0
T1179TS494_1o 4148 1763.99 -47.0984 0
H1151TS205_5 1786 742.344 -47.0872 0
H1144TS205_3 2641 920.611 -47.0865 0
H1143TS312_5 2712 780.941 -47.0832 0
H1151TS133_5 1786 702.271 -47.0585 0
H1151TS227_5 1786 702.271 -47.0585 0
T1153TS298_4o 4642 597.32 -47.0021 0
H1143TS446_2 2718 735.164 -46.9936 0
H1143TS461_2 2718 735.164 -46.9936 0
H1134TS071_4 4168 1169.82 -46.9186 0.06333
H1143TS035_1 2718 724.605 -46.8742 0
H1143TS248_1 2718 724.605 -46.8742 0
T1123TS298_1o 4180 1637.14 -46.8509 0
H1141TS447_1 2678 1316.65 -46.7851 0
H1144TS037_2 2641 800.167 -46.7399 0
T1153TS439_5o 4564 645.957 -46.7238 0
T1123TS131_4o 4180 1874.72 -46.6899 0
H1143TS348_4 2716 734.05 -46.6713 0
H1134TS291_2 4168 1136.18 -46.6464 0
H1134TS350_2 4168 1136.18 -46.6464 0
T1187TS054_1o 2704 1042.22 -46.6068 0.00746
T1187TS125_1o 2704 1042.22 -46.6068 0.00746
T1187TS399_1o 2704 1042.22 -46.6068 0.00746
T1153TS185_4o 4640 925.147 -46.5807 0
H1141TS494_3 2678 778.854 -46.5695 0
H1143TS320_4 2718 732.12 -46.4752 0
H1143TS390_4 2718 732.12 -46.4752 0
H1151TS133_2 1786 700.136 -46.4435 0
H1151TS227_2 1786 700.136 -46.4435 0
H1144TS278_2 2641 906.987 -46.3743 0
T1153TS481_2o 4642 604.351 -46.364 0
T1123TS098_3o 4180 1727.11 -46.3592 0
H1143TS367_3 2718 729.83 -46.3482 0
H1143TS298_1 2718 732.095 -46.3266 0
H1151TS158_4 1786 762.271 -46.326 0
T1187TS073_1o 2702 908.951 -46.2946 0.00877
H1144TS073_2 2639 821.184 -46.2913 0.03828
H1143TS011_4 2718 737.291 -46.2761 0
H1143TS227_4 2718 737.291 -46.2761 0
H1143TS434_4 2718 737.291 -46.2761 0
H1143TS037_4 2718 760.817 -46.2494 0
H1151TS205_4 1786 1040.58 -46.2255 0
H1141TS288_1 2676 767.714 -46.1545 0.06061
H1143TS367_5 2718 726.993 -46.1411 0
H1151TS119_3 1786 1190.69 -46.1172 0
H1151TS131_1 1786 1190.69 -46.1172 0
H1151TS097_3 1786 1061.05 -46.081 0
H1143TS494_3 2718 817.195 -46.0807 0
H1143TS367_2 2718 725.34 -46.0731 0
T1153TS314_4o 4642 835.737 -46.072 0
H1143TS098_2 2718 735.567 -46.041 0
H1143TS169_3 2718 735.567 -46.041 0
H1143TS188_2 2718 735.567 -46.041 0
T1109TS494_4o 3440 1594.44 -46.0406 0
H1151TS298_2 1786 686.362 -46.0344 0
H1144TS205_5 2641 901.587 -46.0306 0
T1179TS320_2o 4148 2178.14 -46.0176 0.00749
H1140TS257_2 2700 662.143 -45.8801 0
H1142TS494_3 2689 1015.99 -45.8529 0
T1123TS091_4o 4178 1645.84 -45.8522 0
H1143TS367_4 2718 732.647 -45.8333 0
H1151TS098_3 1786 682.479 -45.8284 0
H1151TS169_2 1786 682.479 -45.8284 0
H1151TS493_3 1784 817.352 -45.8036 0
H1151TS133_3 1786 741.771 -45.791 0
H1151TS227_3 1786 741.771 -45.791 0
T1153TS439_4o 4562 688.31 -45.752 0.01143
H1151TS003_2 1786 756.787 -45.7428 0
H1151TS086_1 1786 756.787 -45.7428 0
H1151TS158_2 1786 756.787 -45.7428 0
H1151TS314_3 1786 868.77 -45.7219 0
H1143TS367_1 2718 728.496 -45.6658 0
H1143TS360_2 2718 737.156 -45.629 0
H1129TS205_2 10646 1560.39 -45.6119 0
H1151TS098_2 1786 747.302 -45.5989 0
H1151TS169_4 1786 747.302 -45.5989 0
H1151TS188_5 1786 747.302 -45.5989 0
H1143TS133_1 2718 747.976 -45.5984 0
H1151TS169_3 1786 661.624 -45.5904 0
H1151TS133_4 1786 696.758 -45.5252 0
H1151TS227_4 1786 696.758 -45.5252 0
T1123TS119_1o 4180 1358.4 -45.5191 0.12707
T1187TS187_5o 2702 1134.32 -45.5109 0
H1143TS447_4 2718 1100.33 -45.5093 0
T1153TS147_5o 4642 916.793 -45.4685 0
H1143TS348_5 2716 728.086 -45.3971 0
H1151TS011_2 1786 694.146 -45.3407 0
H1151TS434_2 1786 694.146 -45.3407 0
H1143TS147_5 2716 824.096 -45.3392 0
T1113TS035_3o 3090 1664.65 -45.3153 0
T1113TS165_4o 3090 1575.18 -45.2505 0.09231
H1134TS071_3 4168 1140.7 -45.2412 0.04498
H1151TS374_3 1786 767.551 -45.1572 0
T1179TS367_5o 4148 1672.29 -45.144 0
H1151TS011_1 1786 686.397 -45.1372 0
H1151TS434_1 1786 686.397 -45.1372 0
H1129TS187_4 10644 1299.92 -45.1235 0
H1129TS423_4 10644 1299.92 -45.1235 0
T1187TS147_1o 2704 1069.66 -45.1044 0
H1143TS098_1 2718 741.033 -45.0754 0
H1143TS169_2 2718 741.033 -45.0754 0
H1143TS188_1 2718 741.033 -45.0754 0
H1151TS097_2 1786 911.343 -45.0684 0
T1153TS119_1o 4642 580.886 -44.99 0
T1153TS131_1o 4642 580.886 -44.99 0
H1142TS097_4 2689 1459.79 -44.9804 0.02394
T1179TS035_2o 4148 1261.48 -44.978 0
T1179TS248_2o 4148 1261.48 -44.978 0
H1142TS278_4 2689 915.912 -44.9759 0
H1143TS360_3 2718 724.305 -44.9745 0
H1134TS188_5 4170 1145.14 -44.9214 0
H1151TS433_1 1786 801.822 -44.9211 0
H1151TS441_1 1786 801.822 -44.9211 0
H1151TS298_3 1786 778.468 -44.901 0
H1151TS119_4 1786 681.883 -44.854 0
H1151TS320_2 1786 681.883 -44.854 0
H1151TS390_2 1786 681.883 -44.854 0
H1151TS374_5 1786 873.37 -44.7814 0
H1134TS278_2 4170 754.153 -44.7675 0
H1151TS035_4 1786 717.531 -44.7393 0
H1151TS073_5 1784 919.605 -44.7391 0.01709
H1151TS187_5 1784 787.853 -44.7316 0
H1151TS423_5 1784 787.853 -44.7316 0
H1151TS446_4 1786 674.558 -44.7233 0
H1151TS461_4 1786 674.558 -44.7233 0
H1134TS086_4 4170 1127.25 -44.6722 0
H1134TS158_3 4170 1127.25 -44.6722 0
T1187TS165_5o 2704 907.144 -44.6618 0.05128
H1151TS444_3 1784 711.647 -44.6518 0
H1151TS433_3 1786 761.002 -44.6498 0
H1151TS441_3 1786 761.002 -44.6498 0
H1151TS462_4 1786 743.285 -44.6454 0
H1151TS098_4 1786 749.808 -44.5766 0
T1179TS298_2o 4148 1225.72 -44.5534 0
H1129TS367_4 10646 1049.85 -44.5442 0
T1187TS086_1o 2704 1220.72 -44.5409 0
T1187TS158_3o 2704 1220.72 -44.5409 0
T1187TS367_1o 2704 1220.72 -44.5409 0
H1144TS350_3 2639 904.134 -44.5379 0
T1113TS165_1o 3090 2160.65 -44.4926 0.11664
H1151TS205_3 1786 784.126 -44.4853 0
H1140TS054_5 2702 624.491 -44.4668 0
H1140TS125_5 2702 624.491 -44.4668 0
H1140TS399_5 2702 624.491 -44.4668 0
H1142TS205_2 2689 807.484 -44.4252 0
H1151TS185_1 1784 789.163 -44.3915 0
H1151TS298_5 1786 679.681 -44.3499 0
H1151TS150_4 1786 678.763 -44.3309 0
H1151TS320_5 1786 678.76 -44.3287 0
H1151TS390_5 1786 678.76 -44.3287 0
H1144TS462_4 2641 992.183 -44.3128 0
H1151TS133_1 1786 765.296 -44.2921 0
H1151TS227_1 1786 765.296 -44.2921 0
H1143TS205_2 2718 882.497 -44.2833 0
H1144TS444_5 2639 972.071 -44.2616 0
H1141TS205_1 2678 716.377 -44.2526 0
T1179TS054_5o 4148 1540.57 -44.2065 0
T1179TS125_5o 4148 1540.57 -44.2065 0
T1179TS399_5o 4148 1540.57 -44.2065 0
H1151TS158_3 1786 674.45 -44.1926 0
H1151TS098_5 1786 739.074 -44.1781 0
H1143TS433_4 2718 623.929 -44.158 0
H1143TS441_4 2718 623.929 -44.158 0
H1151TS446_5 1786 659.075 -44.0896 0
H1151TS461_5 1786 659.075 -44.0896 0
H1143TS360_1 2718 737.901 -44.0555 0
T1153TS054_2o 4642 602.668 -43.9965 0
T1153TS125_2o 4642 602.668 -43.9965 0
T1153TS399_2o 4642 602.668 -43.9965 0
H1151TS462_3 1786 740.658 -43.9744 0
H1144TS035_4 2641 722.827 -43.972 0
H1144TS248_4 2641 722.827 -43.972 0
T1153TS037_4o 4642 700.36 -43.9357 0
H1151TS035_5 1786 749.252 -43.9311 0
H1151TS248_2 1786 749.252 -43.9311 0
H1151TS433_5 1786 839.579 -43.925 0
H1151TS441_5 1786 839.579 -43.925 0
T1187TS003_2o 2704 1057.02 -43.9189 0
T1187TS086_3o 2704 1057.02 -43.9189 0
T1187TS158_2o 2704 1057.02 -43.9189 0
T1187TS367_2o 2704 1057.02 -43.9189 0
T1123TS312_4o 4178 2004.19 -43.9161 0
H1134TS073_4 4168 1230.12 -43.9049 0.04886
H1151TS248_4 1786 749.001 -43.8949 0
H1151TS131_4 1786 1010.22 -43.8866 0
H1151TS374_4 1786 737.721 -43.8676 0
H1151TS054_4 1786 787.926 -43.8664 0
H1151TS125_4 1786 787.926 -43.8664 0
H1151TS399_4 1786 787.926 -43.8664 0
H1151TS462_2 1786 749.962 -43.8425 0
H1151TS180_4 1786 739.213 -43.8417 0
H1151TS003_1 1786 674.58 -43.8238 0
H1134TS071_2 4168 1131.91 -43.7997 0.06316
H1151TS298_1 1786 687.241 -43.7847 0
H1151TS360_5 1786 734.407 -43.7711 0
H1143TS312_4 2704 831.651 -43.7583 0
H1151TS003_4 1786 669.009 -43.729 0
H1151TS086_5 1786 669.009 -43.729 0
H1151TS158_5 1786 669.009 -43.729 0
H1151TS367_5 1786 669.009 -43.729 0
H1142TS447_2 2689 1139.37 -43.7184 0
H1151TS073_1 1784 883.128 -43.7051 0.01762
H1151TS180_5 1786 678.658 -43.6824 0
H1144TS147_1 2640 676.034 -43.681 0
H1140TS314_2 2702 855.38 -43.6174 0.00976
H1151TS119_1 1786 677.019 -43.6087 0
H1151TS150_1 1786 677.019 -43.6087 0
H1151TS314_5 1786 677.019 -43.6087 0
H1151TS320_1 1786 677.019 -43.6087 0
H1151TS390_1 1786 677.019 -43.6087 0
H1151TS278_1 1786 786.841 -43.6086 0
H1151TS446_2 1786 681.029 -43.5934 0
H1151TS461_2 1786 681.029 -43.5934 0
H1134TS003_4 4170 1143.22 -43.5883 0
H1151TS119_5 1786 681.043 -43.5852 0
T1187TS245_2o 2704 934.856 -43.5552 0.10714
T1123TS180_1o 4180 1427.19 -43.553 0
H1144TS367_2 2641 938.352 -43.5378 0
H1143TS348_2 2716 734.598 -43.5224 0
T1187TS073_3o 2702 1107.61 -43.5188 0.07605
T1153TS494_4o 4484 1292.65 -43.5183 0
H1143TS320_5 2718 726.369 -43.4861 0
H1143TS360_4 2718 726.369 -43.4861 0
H1143TS390_5 2718 726.369 -43.4861 0
H1151TS205_1 1786 768.086 -43.4818 0
H1151TS348_4 1784 713.19 -43.4598 0
H1140TS257_5 2700 698.595 -43.4423 0
T1153TS073_4o 4640 1041.17 -43.432 0.03261
H1144TS444_4 2639 1172.15 -43.3636 0
H1143TS312_3 2712 752.374 -43.3593 0
H1144TS037_5 2641 925.412 -43.3571 0
H1151TS462_5 1786 743.129 -43.3398 0
T1187TS350_5o 2702 1199.41 -43.3386 0
H1151TS091_5 1784 951.453 -43.3212 0
T1187TS447_4o 2704 1250.38 -43.3035 0
H1143TS098_5 2718 752.168 -43.2733 0
H1143TS188_5 2718 752.168 -43.2733 0
T1187TS229_1o 2638 1063.54 -43.2728 0
T1187TS239_2o 2638 1063.54 -43.2728 0
T1187TS439_2o 2638 1063.54 -43.2728 0
T1153TS314_2o 4642 1651.29 -43.236 0.00495
T1187TS073_4o 2702 773.023 -43.2184 0.0198
H1151TS433_2 1786 850.217 -43.2137 0
H1151TS441_2 1786 850.217 -43.2137 0
H1141TS205_5 2678 768.911 -43.194 0
H1151TS239_2 1727 657.031 -43.1883 0
H1151TS439_2 1727 657.031 -43.1883 0
T1153TS298_1o 4642 552.494 -43.1825 0
H1134TS086_5 4170 1106.5 -43.181 0
H1134TS158_5 4170 1106.5 -43.181 0
H1134TS298_1 4170 1097.76 -43.1659 0
T1153TS119_2o 4642 683.382 -43.1591 0.05389
T1153TS131_2o 4642 683.382 -43.1591 0.05389
T1153TS054_4o 4642 564.952 -43.1531 0
T1153TS125_4o 4642 564.952 -43.1531 0
T1153TS399_4o 4642 564.952 -43.1531 0
T1179TS493_5o 4146 1857.86 -43.1414 0
H1151TS131_3 1786 1102.8 -43.1336 0.00694
H1151TS086_3 1786 753.162 -43.1247 0
H1143TS098_4 2718 727.322 -43.1158 0
H1143TS169_1 2718 727.322 -43.1158 0
H1143TS188_4 2718 727.322 -43.1158 0
H1129TS185_2 10404 1970.83 -43.087 0.00396
H1151TS245_1 1786 876.454 -43.0834 0
H1151TS385_1 1786 876.454 -43.0834 0
H1144TS439_4 2591 945.146 -43.0752 0
H1151TS180_3 1786 677.397 -43.0671 0
T1153TS054_1o 4642 689.048 -43.0523 0
T1153TS125_1o 4642 689.048 -43.0523 0
T1153TS399_1o 4642 689.048 -43.0523 0
H1144TS374_5 2641 917.941 -43.0307 0
H1151TS225_3 1786 849.457 -42.9707 0
H1151TS180_1 1786 727.502 -42.9503 0
T1123TS165_3o 4180 1665.39 -42.8743 0.11268
H1151TS348_3 1784 791.562 -42.8354 0
H1151TS360_3 1786 791.562 -42.8354 0
H1144TS180_2 2641 888.398 -42.8247 0
H1134TS278_3 4170 878.688 -42.754 0
H1151TS037_4 1786 892.402 -42.7126 0
H1151TS187_4 1784 695.581 -42.7125 0
H1151TS423_4 1784 695.581 -42.7125 0
H1151TS493_5 1784 744.339 -42.7091 0
T1187TS131_2o 2704 976.846 -42.6687 0
H1142TS278_1 2689 921.831 -42.6591 0
T1123TS054_2o 4180 1028.54 -42.6138 0
T1123TS125_2o 4180 1028.54 -42.6138 0
T1123TS399_2o 4180 1028.54 -42.6138 0
H1151TS374_2 1786 721.777 -42.5763 0
H1151TS298_4 1786 738.167 -42.5531 0
H1144TS091_4 2639 968.83 -42.5409 0
H1143TS493_4 2716 781.566 -42.5257 0
H1151TS446_1 1786 651.667 -42.5155 0
H1151TS461_1 1786 651.667 -42.5155 0
H1151TS119_2 1786 651.663 -42.5102 0
H1143TS288_1 2716 719.424 -42.4955 0.01081
T1179TS314_4o 4148 1305.67 -42.4187 0
T1153TS439_1o 4562 651.608 -42.4172 0
H1151TS291_2 1784 753.055 -42.3927 0
H1151TS350_2 1784 753.055 -42.3927 0
H1142TS257_5 2687 823.339 -42.3855 0
H1151TS205_2 1786 648.399 -42.3831 0
H1143TS278_3 2718 759.027 -42.3726 0
H1134TS439_5 4112 1073.98 -42.2812 0
H1143TS169_5 2718 758.915 -42.2595 0
T1187TS298_3o 2704 1022.19 -42.232 0
H1151TS074_3 1784 741.497 -42.2046 0
H1151TS288_3 1784 741.497 -42.2046 0
T1153TS239_4o 4562 656.663 -42.1829 0
T1153TS439_2o 4562 656.663 -42.1829 0
T1179TS150_1o 4148 1883.59 -42.1478 0.07234
H1144TS444_3 2639 1082.33 -42.1146 0
T1153TS439_3o 4562 678.351 -42.058 0.05263
H1144TS187_3 2639 982.876 -42.0564 0
H1144TS423_3 2639 982.876 -42.0564 0
T1123TS298_3o 4180 1097.17 -42.0143 0
H1142TS444_5 2687 793.133 -42.0094 0
T1153TS493_3o 4640 604.394 -42.0073 0
H1151TS091_4 1784 1018.21 -41.9948 0
H1140TS374_3 2702 605.064 -41.988 0
H1151TS011_4 1786 742.33 -41.9875 0
H1151TS434_4 1786 742.33 -41.9875 0
T1123TS091_3o 4178 1733.04 -41.9627 0
H1129TS447_3 10646 1548.89 -41.9463 0
H1151TS291_5 1784 753.793 -41.9044 0
H1151TS350_5 1784 753.793 -41.9044 0
H1151TS367_1 1786 731.005 -41.8424 0
H1151TS086_4 1786 742.237 -41.8412 0
H1151TS086_2 1786 687.527 -41.8177 0
H1143TS165_4 2718 1157.06 -41.7921 0.16778
H1151TS257_4 1784 827.301 -41.7731 0
H1151TS348_1 1784 774.146 -41.7723 0
H1141TS073_4 2676 824.81 -41.7291 0.01896
T1153TS350_5o 4640 742.976 -41.7003 0
H1151TS003_5 1786 752.286 -41.681 0
H1151TS367_2 1786 752.286 -41.681 0
T1153TS239_2o 4562 679.995 -41.6556 0.05294
H1151TS367_4 1786 657.015 -41.5961 0
H1143TS314_3 2718 818.693 -41.5949 0.0098
T1179TS493_2o 4146 1554.48 -41.5755 0
H1143TS477_1 2716 733.893 -41.569 0
H1151TS180_2 1786 674.402 -41.5658 0
T1187TS291_5o 2702 1193.29 -41.5438 0
H1151TS477_1 1784 716.396 -41.5435 0.01714
H1142TS494_5 2689 737.365 -41.5137 0
H1140TS444_4 2700 615.348 -41.4874 0
H1151TS035_3 1786 740.497 -41.4781 0
H1151TS248_1 1786 740.497 -41.4781 0
H1151TS320_4 1786 750.476 -41.4684 0
H1151TS390_4 1786 750.476 -41.4684 0
T1179TS312_3o 4040 1065.7 -41.4682 0
H1151TS150_3 1786 750.477 -41.4605 0
H1151TS035_2 1786 702.009 -41.4242 0
T1187TS035_3o 2704 848.487 -41.388 0
T1187TS046_3o 2704 848.487 -41.388 0
T1187TS248_3o 2704 848.487 -41.388 0
T1187TS304_3o 2704 848.487 -41.388 0
T1153TS150_2o 4642 584.475 -41.3876 0
H1151TS462_1 1786 730.032 -41.3715 0
H1151TS185_2 1784 789.149 -41.3664 0
H1140TS257_4 2700 738.056 -41.3086 0
H1142TS037_1 2689 695.55 -41.3066 0.01081
H1140TS314_1 2702 655.877 -41.3034 0.02454
H1151TS150_5 1786 725.84 -41.2928 0
H1151TS054_5 1786 726.262 -41.2927 0
H1151TS125_5 1786 726.262 -41.2927 0
H1151TS399_5 1786 726.262 -41.2927 0
H1151TS074_1 1784 735.119 -41.173 0
H1151TS288_1 1784 735.119 -41.173 0
T1187TS119_2o 2704 1027.05 -41.114 0
T1187TS348_3o 2702 1027.05 -41.114 0
H1151TS185_5 1784 802.503 -41.0947 0.00971
H1151TS054_3 1786 747.017 -41.0563 0
H1151TS125_3 1786 747.017 -41.0563 0
H1151TS399_3 1786 747.017 -41.0563 0
T1187TS147_5o 2704 1026.69 -41.0075 0
H1143TS462_3 2718 746.674 -40.9485 0
H1151TS248_3 1786 722.7 -40.896 0
H1140TS097_4 2702 2007.57 -40.8957 0.0297
H1151TS291_3 1784 732.011 -40.8485 0
H1151TS350_3 1784 732.011 -40.8485 0
T1179TS037_1o 4148 1523.23 -40.8106 0
T1187TS188_2o 2704 995.371 -40.7997 0
T1179TS348_1o 4146 1757.78 -40.7446 0.01222
H1143TS462_2 2718 715.037 -40.7345 0
H1151TS367_3 1786 651.126 -40.6796 0
H1143TS205_4 2718 738.467 -40.6615 0
H1144TS187_1 2639 948.342 -40.6548 0
H1144TS423_1 2639 948.342 -40.6548 0
H1144TS205_1 2641 992.475 -40.6476 0
H1140TS037_2 2702 767.967 -40.6468 0
H1144TS035_1 2641 801.41 -40.6283 0.01081
H1144TS248_1 2641 801.41 -40.6283 0.01081
H1144TS150_1 2641 977.411 -40.6259 0
H1144TS320_1 2641 977.411 -40.6259 0
H1144TS360_5 2641 977.411 -40.6259 0
H1144TS390_1 2641 977.411 -40.6259 0
H1140TS374_1 2702 668.702 -40.6181 0
H1141TS374_5 2678 841.313 -40.6128 0
H1151TS074_5 1784 661.437 -40.5927 0
H1151TS288_5 1784 661.437 -40.5927 0
T1153TS320_2o 4642 584.56 -40.5742 0
T1153TS390_2o 4642 584.56 -40.5742 0
H1141TS278_5 2678 776.039 -40.5718 0
T1187TS447_1o 2704 886.552 -40.5405 0
H1144TS312_5 2635 1146.54 -40.4934 0
H1144TS003_4 2641 920.988 -40.4656 0
H1144TS086_3 2641 920.988 -40.4656 0
H1129TS165_1 10645 1598.5 -40.4542 0.10462
H1151TS248_5 1786 648.253 -40.4321 0
T1179TS229_3o 4040 1469.68 -40.4213 0
T1179TS239_3o 4040 1469.68 -40.4213 0
H1134TS374_3 4170 1251.03 -40.4209 0.07524
H1141TS494_4 2678 1178.76 -40.4126 0
H1143TS073_2 2716 672.841 -40.4097 0.02959
H1151TS360_2 1786 736.129 -40.4055 0
T1187TS003_5o 2704 1028.03 -40.3432 0
T1187TS086_4o 2704 1028.03 -40.3432 0
T1187TS158_4o 2704 1028.03 -40.3432 0
T1187TS367_5o 2704 1028.03 -40.3432 0
H1151TS037_1 1786 646.845 -40.3345 0
T1109TS423_2o 3438 826.908 -40.3214 0
T1109TS187_2o 3438 826.908 -40.3214 0
T1187TS119_5o 2704 1088.77 -40.2826 0
T1187TS348_1o 2702 1088.77 -40.2826 0
T1187TS187_4o 2702 903.938 -40.2637 0
H1151TS054_2 1786 653.692 -40.1735 0
H1151TS125_2 1786 653.692 -40.1735 0
H1151TS399_2 1786 653.692 -40.1735 0
H1151TS291_4 1784 735.856 -40.1609 0
H1151TS350_4 1784 735.856 -40.1609 0
H1141TS035_2 2678 762.456 -40.1462 0.01036
H1141TS248_2 2678 762.456 -40.1462 0.01036
H1144TS314_3 2641 884.488 -40.1149 0.00893
H1151TS074_4 1784 745.666 -40.1145 0
H1151TS288_4 1784 745.666 -40.1145 0
H1141TS037_5 2678 704.196 -40.0942 0
T1123TS150_2o 4180 1225.87 -40.0769 0.15909
H1141TS278_1 2678 909.913 -40.0571 0
H1151TS169_1 1786 722.947 -40.0272 0
H1151TS035_1 1786 752.967 -40.0234 0
H1106TS315_3 1889 1003.82 -39.9836 0
H1151TS185_4 1784 845.23 -39.9822 0
H1144TS477_1 2639 903.443 -39.9659 0.11017
T1123TS180_3o 4180 1622.06 -39.9582 0
H1144TS003_2 2641 1013.15 -39.932 0
H1144TS086_1 2641 1013.15 -39.932 0
H1144TS158_2 2641 1013.15 -39.932 0
H1144TS367_4 2641 1013.15 -39.932 0
T1153TS444_5o 4640 1278.47 -39.9222 0
H1151TS188_3 1785 797.918 -39.8862 0
H1140TS257_3 2700 700.193 -39.8688 0
H1151TS494_1 1786 711.146 -39.8676 0
H1140TS257_1 2700 690.308 -39.8483 0
H1151TS314_1 1786 1089.56 -39.8481 0
H1144TS446_5 2641 935.49 -39.8415 0
H1144TS461_5 2641 935.49 -39.8415 0
H1144TS462_5 2641 928.291 -39.8236 0
T1153TS493_1o 4640 590.465 -39.8131 0
H1142TS494_2 2689 755.538 -39.7751 0
T1187TS245_3o 2704 918.061 -39.76 0.13061
H1151TS097_1 1786 900.703 -39.715 0
H1151TS011_5 1786 731.954 -39.7146 0
H1151TS434_5 1786 731.954 -39.7146 0
T1123TS348_2o 4178 1520.19 -39.699 0.00487
H1151TS493_2 1784 730.44 -39.6718 0
H1151TS360_4 1786 742.329 -39.5768 0
H1151TS314_4 1786 775.515 -39.5546 0
H1129TS205_1 10646 1346.93 -39.5528 0
T1187TS185_3o 2702 685.776 -39.5483 0
T1187TS245_4o 2704 905.465 -39.5258 0.16116
T1153TS493_2o 4640 505.265 -39.5188 0
H1143TS447_2 2718 1162.59 -39.492 0
H1144TS037_3 2641 916.344 -39.479 0
T1153TS350_4o 4640 565.398 -39.4273 0
T1153TS054_5o 4642 700.509 -39.3834 0.06215
T1153TS125_5o 4642 700.509 -39.3834 0.06215
T1153TS399_5o 4642 700.509 -39.3834 0.06215
H1151TS257_5 1784 1040.9 -39.3665 0
H1144TS187_2 2639 966.151 -39.3621 0
H1144TS423_2 2639 966.151 -39.3621 0
H1141TS278_4 2678 681.56 -39.3522 0
T1110TS165_5o 3446 2026.8 -39.3407 0
H1151TS054_1 1786 767.97 -39.3306 0
H1151TS125_1 1786 767.97 -39.3306 0
H1151TS399_1 1786 767.97 -39.3306 0
T1187TS314_3o 2704 1302.88 -39.3252 0.04545
T1187TS245_1o 2704 962.93 -39.3234 0.08661
T1187TS385_1o 2704 962.93 -39.3234 0.08661
H1140TS165_1 2702 986.743 -39.2421 0.15892
H1143TS239_3 2668 765.748 -39.2385 0
H1143TS439_2 2668 765.748 -39.2385 0
H1144TS086_2 2641 916.865 -39.2334 0
H1144TS367_5 2641 916.865 -39.2334 0
H1129TS165_5 10646 1843.15 -39.2312 0.18182
H1151TS291_1 1784 674.556 -39.2206 0
H1151TS350_1 1784 674.556 -39.2206 0
H1144TS398_5 2641 1154.79 -39.206 0.15088
H1144TS180_1 2641 852.907 -39.1616 0
H1134TS494_5 4075 670.958 -39.1616 0
H1129TS205_5 10646 1127.26 -39.1488 0
H1143TS239_5 2668 740.356 -39.1396 0
T1179TS444_3o 4146 2183.77 -39.1241 0
H1129TS011_3 10646 1527.64 -39.108 0
H1129TS133_3 10646 1527.64 -39.108 0
H1129TS434_2 10646 1527.64 -39.108 0
H1144TS447_3 2641 1020.44 -39.0278 0
H1144TS150_3 2641 893.155 -39.0234 0.00952
H1144TS439_3 2591 919.734 -39.0118 0
H1143TS374_5 2718 829.521 -38.9927 0
H1129TS011_4 10646 1534.44 -38.9897 0
H1129TS133_4 10646 1534.44 -38.9897 0
H1129TS434_3 10646 1534.44 -38.9897 0
H1142TS205_3 2689 764.881 -38.9697 0
H1143TS278_5 2718 699.617 -38.9645 0
T1179TS314_2o 4148 1587.98 -38.9521 0
H1129TS360_1 10646 1680.35 -38.9501 0
H1144TS462_2 2641 895.681 -38.9013 0
T1123TS180_2o 4180 1613.82 -38.896 0
H1151TS098_1 1786 760.942 -38.8707 0
H1151TS188_4 1786 760.942 -38.8707 0
T1187TS245_5o 2704 895.306 -38.8334 0.17012
H1140TS205_1 2702 797.06 -38.8326 0
H1143TS462_4 2718 724.758 -38.792 0
H1151TS037_3 1786 740.079 -38.7809 0
H1151TS433_4 1786 826.693 -38.7711 0
H1151TS441_4 1786 826.693 -38.7711 0
H1151TS091_3 1784 1339.52 -38.7498 0
T1153TS150_1o 4642 575.225 -38.7348 0.05479
H1134TS169_4 4170 1033.96 -38.6899 0
H1144TS180_3 2641 889.913 -38.6748 0
H1144TS320_3 2641 893.16 -38.6164 0.00952
H1144TS390_3 2641 893.16 -38.6164 0.00952
T1153TS098_1o 4642 568.912 -38.6123 0
T1153TS188_1o 4642 568.912 -38.6123 0
T1153TS481_1o 4642 568.912 -38.6123 0
H1106TS315_4 1889 1177.08 -38.5799 0
H1106TS398_2 1890 1869.12 -38.5786 0.20172
H1141TS147_1 2677 1115.73 -38.5026 0
H1129TS374_3 10646 1594.08 -38.4969 0.01946
T1153TS239_3o 4562 704.985 -38.4819 0.04
H1129TS205_4 10646 1261.95 -38.4641 0
H1141TS312_2 2664 990.802 -38.3825 0
T1153TS131_3o 4642 547.829 -38.3357 0
H1144TS225_4 2641 940.679 -38.3319 0
H1144TS011_1 2641 950.371 -38.3049 0.00787
H1144TS434_1 2641 950.371 -38.3049 0.00787
H1143TS037_2 2718 710.418 -38.301 0
T1187TS494_4o 2704 1021.1 -38.2968 0
T1187TS131_1o 2704 986.844 -38.2449 0
H1144TS003_3 2641 917.674 -38.1942 0
H1144TS086_5 2641 917.674 -38.1942 0
H1144TS158_3 2641 917.674 -38.1942 0
H1143TS239_1 2668 738.647 -38.1788 0
H1142TS447_3 2689 1102.58 -38.1712 0
H1151TS011_3 1786 721.266 -38.1661 0
H1151TS434_3 1786 721.266 -38.1661 0
H1144TS180_4 2641 901.933 -38.1365 0
H1151TS439_1 1387 693.259 -38.1329 0
T1153TS350_1o 4640 834.633 -38.1284 0
H1144TS091_5 2639 993.343 -38.0881 0
H1151TS185_3 1784 713.237 -38.0831 0.0107
T1153TS350_2o 4640 910.951 -38.0065 0
T1179TS035_5o 4148 1325.83 -37.9629 0
T1179TS248_5o 4148 1325.83 -37.9629 0
T1179TS348_5o 4146 1863.24 -37.9114 0
T1179TS360_4o 4148 1863.24 -37.9114 0
H1151TS239_1 1387 695.203 -37.8883 0
H1141TS314_4 2674 983.892 -37.8061 0
T1187TS444_3o 2702 1112.39 -37.7949 0
T1113TS165_5o 3090 1509.51 -37.781 0.14323
H1151TS494_2 1784 657.157 -37.7805 0
H1143TS165_1 2718 1192.88 -37.7648 0.16938
H1151TS444_5 1784 980.925 -37.7317 0
H1141TS444_5 2676 807.909 -37.731 0
T1153TS071_5o 4640 600.683 -37.7301 0.10127
H1140TS037_4 2702 829.666 -37.6528 0
H1142TS165_1 2689 1138.9 -37.6472 0.20724
H1141TS494_2 2678 600.861 -37.6154 0
H1143TS439_1 2668 732.504 -37.484 0
H1144TS493_4 2639 863.672 -37.4562 0
H1129TS091_5 10644 844.574 -37.4497 0
H1143TS205_5 2718 583.953 -37.4122 0
H1144TS462_1 2641 910.08 -37.3599 0
H1141TS350_2 2676 525.863 -37.345 0
T1187TS037_4o 2704 1025.88 -37.3082 0
H1151TS225_2 1786 946.735 -37.2546 0
H1140TS494_3 2702 746.663 -37.1814 0.08197
T1153TS239_5o 4562 671.32 -37.1603 0.05988
H1106TS315_1 1889 1034.52 -37.1598 0
H1144TS320_5 2641 891.131 -37.1177 0
H1144TS390_5 2641 891.131 -37.1177 0
T1153TS071_2o 4640 591.92 -37.1147 0.1039
H1157TS091_1 11595 1458.23 -37.1027 0
T1179TS205_1o 4148 1650.21 -37.0937 0
H1142TS444_3 2687 1203.1 -37.069 0
T1153TS071_1o 4640 612.252 -37.0491 0.11392
H1144TS225_3 2641 1384.67 -37.0072 0.02865
H1144TS037_4 2641 875.258 -36.9863 0
H1140TS314_4 2702 824.65 -36.9714 0
T1113TS494_3o 3090 850.986 -36.9047 0
H1140TS278_3 2702 707.623 -36.8883 0
H1141TS150_2 2678 886.578 -36.7942 0
H1141TS320_3 2678 886.586 -36.7921 0
H1141TS348_1 2676 886.586 -36.7921 0
H1141TS390_3 2678 886.586 -36.7921 0
H1129TS444_5 10358 1565.51 -36.7767 0.02083
H1141TS098_3 2678 869.906 -36.7538 0
H1141TS188_3 2678 869.906 -36.7538 0
H1144TS446_2 2641 951.715 -36.6853 0
H1144TS461_2 2641 951.715 -36.6853 0
H1142TS037_4 2689 618.989 -36.6375 0
T1123TS298_2o 4180 1072.22 -36.6091 0
T1187TS131_3o 2704 1031.43 -36.5978 0
H1142TS257_4 2687 826.527 -36.5661 0
H1143TS037_5 2718 623.395 -36.5593 0
H1144TS011_2 2641 931.204 -36.534 0
H1144TS434_2 2641 931.204 -36.534 0
T1123TS320_1o 4180 1141.9 -36.5289 0
T1123TS390_1o 4180 1141.9 -36.5289 0
H1144TS098_1 2641 983.949 -36.5205 0
H1144TS188_1 2641 983.949 -36.5205 0
H1140TS147_3 2701 1128.36 -36.4928 0.10801
T1187TS493_5o 2702 776.994 -36.4851 0
T1153TS098_4o 4642 686.007 -36.4787 0.06471
T1153TS188_4o 4642 686.007 -36.4787 0.06471
T1153TS481_4o 4642 686.007 -36.4787 0.06471
H1144TS446_3 2641 1000.27 -36.4683 0
H1144TS461_3 2641 1000.27 -36.4683 0
H1106TS312_2 1640 750.72 -36.4238 0
T1153TS073_2o 4640 1283.11 -36.4131 0.02346
T1187TS147_3o 2704 1093.29 -36.3493 0
H1134TS073_3 4168 890.98 -36.3458 0.05172
H1144TS098_2 2641 973.403 -36.3374 0
H1144TS188_2 2641 973.403 -36.3374 0
H1151TS225_5 1786 939.72 -36.3362 0
H1142TS098_5 2689 737.978 -36.3318 0
T1187TS298_4o 2704 996.91 -36.3274 0
H1140TS374_4 2702 749.821 -36.3016 0
T1153TS447_4o 4642 755.762 -36.2943 0
T1187TS433_1o 2704 654.152 -36.2704 0
T1187TS441_1o 2704 654.152 -36.2704 0
H1142TS180_1 2689 815.805 -36.2548 0
H1129TS360_3 10646 1328.89 -36.1672 0
T1187TS091_2o 2702 1131.54 -36.1519 0
H1151TS257_2 1784 973.164 -36.1161 0
H1151TS493_4 1784 787.135 -36.1077 0
H1143TS278_2 2718 635.312 -36.1006 0
T1153TS071_4o 4640 600.884 -36.0756 0.11842
T1187TS446_3o 2704 1168.52 -36.0664 0.01444
T1187TS461_3o 2704 1168.52 -36.0664 0.01444
T1153TS035_5o 4640 539.961 -36.0352 0.04348
H1141TS462_1 2678 856.186 -36.0119 0
T1179TS494_4o 4148 1333.72 -36.0058 0
H1134TS185_3 4168 781.527 -36.0058 0.01093
H1143TS444_4 2716 823.755 -35.9946 0
H1142TS185_1 2687 793.036 -35.9832 0
H1151TS278_2 1786 654.161 -35.9478 0
T1153TS185_2o 4640 474.388 -35.928 0
H1144TS011_3 2641 1014.48 -35.9248 0
H1144TS434_3 2641 1014.48 -35.9248 0
T1153TS037_3o 4642 669.192 -35.8908 0
H1144TS493_5 2639 799.919 -35.8703 0
H1142TS493_5 2687 873.191 -35.8585 0
T1187TS037_1o 2704 1052.68 -35.8474 0
H1142TS073_3 2687 659.393 -35.8038 0.01156
H1140TS439_3 2656 721.307 -35.7611 0
H1142TS257_3 2687 815.728 -35.7523 0
H1144TS147_4 2640 831.607 -35.6786 0
T1153TS348_1o 4640 712.495 -35.6454 0.06897
T1153TS367_2o 4642 664.58 -35.575 0.07273
T1179TS390_5o 4148 1532.74 -35.5699 0.01333
T1187TS291_2o 2702 1007.79 -35.5695 0
H1143TS462_1 2718 737.822 -35.5417 0
H1144TS348_2 2639 974.552 -35.5137 0.00803
H1144TS035_5 2641 685.25 -35.483 0
H1144TS248_5 2641 685.25 -35.483 0
T1123TS360_5o 4180 1443.28 -35.439 0
T1123TS390_5o 4180 1443.28 -35.439 0
H1143TS119_1 2716 720.082 -35.4376 0
H1143TS131_1 2718 720.082 -35.4376 0
H1144TS131_2 2641 787.316 -35.4069 0
H1144TS119_3 2639 787.308 -35.4037 0
T1179TS298_1o 4148 1644.81 -35.3979 0
T1179TS291_1o 4146 1440.29 -35.3954 0
T1179TS350_1o 4146 1440.29 -35.3954 0
H1140TS278_4 2702 646.317 -35.3739 0
H1144TS071_1 2639 882.417 -35.3698 0.19196
H1144TS165_2 2641 842.423 -35.367 0.1831
T1179TS054_2o 4148 1764.86 -35.3636 0
T1179TS125_2o 4148 1764.86 -35.3636 0
T1179TS399_2o 4148 1764.86 -35.3636 0
H1151TS494_5 1435 547.392 -35.3575 0
H1144TS348_5 2639 901.017 -35.2945 0
T1179TS071_2o 4146 3238.22 -35.2859 0.17131
T1179TS320_5o 4148 1421.72 -35.282 0
T1153TS360_5o 4642 736.39 -35.2747 0.06857
H1151TS071_5 1784 732.234 -35.212 0.06842
H1141TS493_3 2676 913.186 -35.2098 0
H1144TS133_1 2641 977.171 -35.1218 0
H1144TS227_1 2641 977.171 -35.1218 0
T1187TS035_2o 2704 763.664 -35.1119 0
T1187TS046_2o 2704 763.664 -35.1119 0
T1187TS248_2o 2704 763.664 -35.1119 0
T1187TS304_2o 2704 763.664 -35.1119 0
H1151TS097_4 1786 803.912 -35.1062 0
H1141TS398_2 2678 1185.1 -35.0934 0.18893
H1144TS314_2 2641 960.317 -35.0733 0.00881
H1129TS119_1 10646 957.196 -35.0564 0.03137
H1129TS131_4 10646 957.196 -35.0564 0.03137
H1141TS245_5 2678 934.153 -35.0193 0
H1129TS312_2 9290 1283.09 -34.9922 0
H1157TS091_3 11595 1310.8 -34.9852 0
H1157TS091_4 11595 1310.8 -34.9852 0
T1179TS245_1o 4148 1576.97 -34.9463 0.05789
T1179TS385_1o 4148 1576.97 -34.9463 0.05789
H1143TS462_5 2718 738.193 -34.9263 0
H1106TS398_4 1890 1536.06 -34.9245 0.16487
H1151TS398_1 1786 997.164 -34.8919 0.14902
T1153TS150_5o 4642 525.833 -34.8547 0
H1143TS314_2 2718 736.943 -34.7461 0
H1134TS091_4 4168 1328.68 -34.7394 0
H1106TS125_2 1890 875.282 -34.7017 0.03015
H1106TS125_5 1502 875.282 -34.7017 0.03015
T1113TS447_4o 3090 928.572 -34.6924 0
H1140TS037_3 2702 682.934 -34.6468 0
T1153TS348_4o 4640 709.758 -34.6063 0.07059
H1151TS092_1 1784 753.355 -34.602 0.03209
H1129TS494_2 10294 759.722 -34.4904 0
H1141TS439_2 2631 633.196 -34.4492 0.05263
H1141TS097_3 2678 752.295 -34.4212 0
H1144TS165_4 2641 948.74 -34.3449 0.1579
H1143TS439_5 2668 721.446 -34.3309 0
H1142TS165_3 2689 1020.77 -34.2964 0.13919
H1157TS205_5 11828 1058.86 -34.2946 0
H1143TS257_1 2716 588.745 -34.2944 0
H1151TS071_2 1784 744.408 -34.2632 0.03315
T1179TS348_3o 4146 1527.31 -34.2622 0
T1179TS360_2o 4148 1527.31 -34.2622 0
H1141TS444_4 2676 686.392 -34.2445 0
H1144TS073_5 2639 613.708 -34.2133 0.03333
H1141TS447_2 2678 956.045 -34.201 0
H1143TS147_4 2717 653.175 -34.1752 0
H1151TS165_2 1786 1449.53 -34.175 0.09358
T1121TS314_5o 6060 625.578 -34.0556 0
H1129TS398_5 10646 1484.82 -34.0519 0.15581
T1179TS360_5o 4148 1262.52 -34.0378 0
T1187TS320_5o 2704 1086.19 -33.9645 0.03383
T1187TS348_5o 2702 1086.19 -33.9645 0.03383
T1187TS390_5o 2704 1086.19 -33.9645 0.03383
T1179TS444_1o 4146 1375.78 -33.9265 0
H1143TS133_2 2718 704.663 -33.9226 0
T1187TS035_4o 2704 1000.55 -33.9039 0
T1187TS046_4o 2704 1000.55 -33.9039 0
T1187TS248_4o 2704 1000.55 -33.9039 0
T1187TS304_4o 2704 1000.55 -33.9039 0
H1143TS494_4 2718 660.115 -33.8994 0
T1153TS360_1o 4642 653.592 -33.857 0.07453
H1143TS097_1 2718 795.425 -33.8414 0
H1143TS150_3 2718 746.188 -33.8179 0
H1151TS215_3 1786 625.345 -33.8122 0
H1134TS239_4 4112 872.742 -33.804 0
H1141TS169_3 2678 657.527 -33.7985 0
H1151TS494_3 1544 822.25 -33.7588 0
T1153TS348_5o 4640 599.557 -33.7449 0
H1140TS493_3 2700 805.608 -33.7312 0
H1142TS374_3 2689 1037.67 -33.7232 0
T1123TS390_4o 4180 1145.16 -33.7231 0
T1153TS071_3o 4640 604.486 -33.7209 0.11921
H1141TS150_4 2678 697.844 -33.7171 0
T1179TS493_4o 4146 1739.08 -33.7135 0
H1141TS439_5 2631 483.832 -33.7009 0
H1142TS278_2 2689 815.792 -33.6941 0
H1143TS131_4 2718 686.359 -33.6773 0
H1143TS245_2 2718 723.465 -33.6691 0
H1143TS385_2 2718 723.465 -33.6691 0
T1187TS348_4o 2702 1255.52 -33.6115 0
H1151TS071_1 1784 701.423 -33.5974 0.01042
T1187TS298_5o 2704 1113.23 -33.5246 0
H1151TS131_2 1786 1040.07 -33.4903 0
H1157TS312_4 10087 840.562 -33.4607 0
H1151TS215_5 1786 698.258 -33.3851 0
H1140TS225_2 2702 1221.96 -33.383 0
H1142TS097_1 2689 1205.66 -33.3723 0
H1142TS257_2 2687 746.016 -33.357 0
H1142TS180_3 2689 789.416 -33.2497 0
H1151TS073_2 1784 691.897 -33.1676 0.0339
T1187TS054_3o 2704 1029.65 -33.1444 0
T1187TS125_3o 2704 1029.65 -33.1444 0
T1187TS399_3o 2704 1029.65 -33.1444 0
H1144TS462_3 2641 877.429 -33.1164 0
T1179TS291_4o 4146 827.464 -33.1093 0
T1179TS350_4o 4146 827.464 -33.1093 0
H1140TS494_2 2702 725.631 -33.084 0.17742
H1141TS054_4 2678 515.146 -33.0191 0
H1141TS125_4 2678 515.146 -33.0191 0
H1141TS399_4 2678 515.146 -33.0191 0
H1143TS312_2 2712 814.546 -32.9926 0
T1123TS165_1o 4180 1927.78 -32.9834 0.20968
H1141TS350_3 2676 538.165 -32.9792 0
T1187TS205_4o 2704 970.461 -32.9349 0
H1134TS185_5 4168 856.161 -32.8788 0
H1129TS011_5 10646 1324.25 -32.8361 0
H1129TS133_5 10646 1324.25 -32.8361 0
H1129TS227_2 10646 1324.25 -32.8361 0
H1142TS227_2 2689 688.278 -32.828 0
H1142TS434_2 2689 688.278 -32.828 0
H1142TS011_2 2689 688.278 -32.828 0
T1187TS131_5o 2704 1010.52 -32.8158 0
H1134TS447_3 4170 1337.65 -32.8073 0
T1153TS350_3o 4640 779.736 -32.7869 0
H1151TS278_4 1786 885.382 -32.7578 0
T1179TS205_3o 4148 1250.34 -32.7134 0
H1129TS494_4 10294 638.45 -32.707 0
H1151TS444_1 1784 1110.79 -32.7044 0
H1144TS003_1 2641 967.831 -32.6996 0
H1144TS086_4 2641 967.831 -32.6996 0
H1144TS158_1 2641 967.831 -32.6996 0
H1144TS367_3 2641 918.039 -32.6934 0
H1134TS185_1 4168 794.712 -32.5994 0
T1187TS312_1o 2678 969.293 -32.5874 0
H1151TS073_4 1784 830.803 -32.5744 0.01818
T1187TS350_2o 2702 1012.94 -32.5677 0
H1142TS493_2 2687 586.926 -32.5561 0
H1141TS035_5 2678 451.359 -32.5538 0
H1141TS248_5 2678 451.359 -32.5538 0
H1141TS205_2 2678 580.687 -32.5359 0
H1140TS091_1 2700 924.437 -32.4772 0
H1142TS433_4 2689 757.191 -32.4319 0
H1142TS441_4 2689 757.191 -32.4319 0
H1129TS248_2 10646 718.588 -32.4292 0
T1187TS003_3o 2704 1234.31 -32.4194 0
H1143TS165_2 2718 1221.01 -32.3874 0.14907
H1141TS398_5 2678 894.505 -32.3814 0.20833
H1143TS071_1 2716 764.453 -32.3605 0.02041
H1151TS314_2 1786 791.17 -32.3563 0
H1144TS097_2 2641 689.477 -32.2852 0
T1123TS398_3o 4180 1631.54 -32.2148 0.20433
H1142TS037_3 2689 502.081 -32.1054 0
H1143TS446_4 2718 685.146 -32.0993 0
H1143TS461_4 2718 685.146 -32.0993 0
H1129TS494_5 9816 834.03 -32.0977 0
H1143TS187_4 2716 669.153 -32.064 0
H1143TS423_4 2716 669.153 -32.064 0
H1141TS073_3 2676 624.091 -32.0625 0.01887
H1141TS348_4 2676 694.665 -32.0234 0
T1153TS493_4o 4640 638.82 -32.0193 0
T1187TS074_5o 2702 869.833 -31.986 0
T1179TS188_5o 4148 919.34 -31.973 0
H1144TS097_3 2641 724.712 -31.9096 0
H1151TS333_5 1785 1347.26 -31.9015 0
H1151TS368_5 1785 1347.26 -31.9015 0
H1151TS312_4 1298 588.226 -31.8937 0
H1143TS494_5 2718 1011.68 -31.8734 0
H1142TS433_5 2689 772.269 -31.8023 0
H1142TS441_5 2689 772.269 -31.8023 0
T1179TS398_2o 4148 1451.19 -31.7962 0.09973
H1141TS187_3 2676 768.907 -31.7326 0
H1140TS147_2 2702 881.526 -31.7195 0.1
H1141TS037_4 2678 731.714 -31.6766 0
H1144TS314_1 2641 684.936 -31.6705 0.0117
H1144TS374_4 2641 924.851 -31.6704 0
H1143TS133_3 2718 657.45 -31.6495 0
H1142TS098_4 2689 657.01 -31.6492 0
T1153TS312_5o 4208 636.88 -31.5962 0
H1142TS180_2 2689 825.414 -31.593 0
T1121TS314_1o 6060 430.846 -31.5872 0.03448
T1153TS205_3o 4642 597.892 -31.5852 0
H1141TS131_3 2678 787.91 -31.5378 0
T1187TS444_2o 2702 1033.31 -31.5312 0
H1134TS374_4 4170 1260.33 -31.476 0.10909
H1142TS433_1 2689 803.617 -31.4414 0
H1142TS441_1 2689 803.617 -31.4414 0
H1143TS054_1 2718 664.914 -31.4393 0
H1143TS125_1 2718 664.914 -31.4393 0
H1143TS399_1 2718 664.914 -31.4393 0
T1153TS119_3o 4642 550.231 -31.3922 0
H1141TS446_1 2678 587.944 -31.3666 0
H1141TS461_1 2678 587.944 -31.3666 0
H1144TS367_1 2641 986.055 -31.3403 0
H1144TS097_5 2641 760.013 -31.3276 0
H1129TS035_5 10644 833.923 -31.3148 0
H1134TS185_4 4168 832.749 -31.3138 0
H1143TS165_5 2718 1190.95 -31.3123 0.20433
H1143TS119_5 2716 712.454 -31.3109 0
H1143TS131_3 2718 712.407 -31.3047 0
T1123TS180_4o 4180 1312.06 -31.2388 0
H1134TS185_2 4168 778.379 -31.2211 0
H1129TS187_2 10644 1096.92 -31.2061 0
H1129TS423_2 10644 1096.92 -31.2061 0
H1151TS493_1 1784 717.219 -31.1766 0
H1144TS447_4 2641 1072.78 -31.0889 0
H1129TS071_1 10644 1136.65 -31.0661 0.13402
H1134TS071_5 4168 1087.59 -31.0611 0.05797
T1153TS360_3o 4642 642.641 -31.0205 0.075
H1143TS091_2 2716 739.153 -31.0064 0
T1178TS312_5o 4460 1206.62 -30.977 0
H1143TS350_3 2716 613.432 -30.9203 0
T1153TS320_4o 4642 681.538 -30.8798 0.07059
T1153TS390_4o 4642 681.538 -30.8798 0.07059
T1109TS423_1o 3438 843.688 -30.867 0
T1109TS187_1o 3438 843.688 -30.867 0
T1179TS071_4o 4146 2061.36 -30.8501 0.13253
H1143TS447_3 2718 1052.36 -30.8452 0
H1143TS245_1 2718 706.675 -30.8385 0
H1143TS385_1 2718 706.675 -30.8385 0
H1141TS180_4 2678 578.384 -30.8334 0
T1187TS165_2o 2704 1639.3 -30.827 0.2
H1151TS444_4 1784 723.744 -30.7783 0
T1179TS188_2o 4148 1265.52 -30.7399 0
T1187TS325_1o 2704 922.224 -30.7241 0
T1187TS325_2o 2704 922.224 -30.7241 0
T1187TS325_3o 2704 922.224 -30.7241 0
T1187TS325_4o 2704 922.224 -30.7241 0
T1187TS325_5o 2704 922.224 -30.7241 0
T1187TS347_1o 2704 922.224 -30.7241 0
T1187TS347_2o 2704 922.224 -30.7241 0
T1187TS347_3o 2704 922.224 -30.7241 0
T1187TS347_4o 2704 922.224 -30.7241 0
T1187TS347_5o 2704 922.224 -30.7241 0
T1187TS456_1o 2704 922.224 -30.7241 0
T1187TS456_2o 2704 922.224 -30.7241 0
T1187TS456_3o 2704 922.224 -30.7241 0
T1187TS456_4o 2704 922.224 -30.7241 0
T1187TS456_5o 2704 922.224 -30.7241 0
T1153TS360_2o 4642 646.455 -30.7137 0.07792
H1143TS011_5 2718 700.767 -30.6935 0
H1143TS434_5 2718 700.767 -30.6935 0
T1179TS098_2o 4148 1162.79 -30.6845 0
T1179TS169_2o 4148 1162.79 -30.6845 0
T1153TS367_3o 4642 665.08 -30.66 0.07229
H1143TS433_1 2718 680.778 -30.6446 0
H1143TS441_1 2718 680.778 -30.6446 0
H1151TS215_1 1786 600.877 -30.6318 0
H1129TS035_2 10644 753.675 -30.6225 0
H1143TS433_5 2718 480.663 -30.57 0
H1143TS441_5 2718 480.663 -30.57 0
T1121TS165_4o 6060 1858.23 -30.5566 0.08009
T1179TS245_4o 4148 1468.85 -30.4912 0.09091
H1134TS169_5 4170 987.374 -30.4427 0
H1134TS188_3 4170 987.374 -30.4427 0
H1141TS225_5 2678 644.767 -30.4313 0
T1179TS245_5o 4148 1458 -30.4148 0.08683
T1153TS205_2o 4642 1077.6 -30.4107 0
H1141TS180_2 2678 561.574 -30.4005 0
H1142TS367_5 2689 740.512 -30.3627 0
T1153TS367_4o 4642 663.537 -30.32 0.07186
H1157TS312_2 9989 1209.63 -30.3032 0
H1141TS131_5 2678 681.74 -30.2775 0
H1142TS227_4 2689 782.147 -30.2487 0
H1142TS434_4 2689 782.147 -30.2487 0
H1142TS011_4 2689 782.147 -30.2487 0
H1142TS444_4 2687 936.485 -30.2426 0
H1144TS131_5 2641 840.021 -30.2012 0
H1142TS187_1 2687 859.038 -30.1777 0
H1142TS423_1 2687 859.038 -30.1777 0
H1129TS248_5 10646 860.319 -30.1719 0
H1106TS227_4 1888 2442.73 -30.1293 0.24366
T1123TS298_5o 4180 1398.34 -30.084 0
T1123TS360_2o 4180 1398.34 -30.084 0
H1141TS187_2 2676 805.074 -30.0443 0
H1141TS423_2 2676 805.074 -30.0443 0
T1187TS494_5o 2704 941.043 -30.0319 0
H1129TS312_1 9290 838.881 -30.0087 0
H1141TS439_4 2631 514.197 -29.9828 0
H1142TS320_4 2689 769.953 -29.9627 0
H1142TS390_4 2689 769.953 -29.9627 0
T1153TS348_3o 4640 671.346 -29.9496 0.07229
T1179TS150_2o 4148 1762.8 -29.9397 0.05238
H1151TS215_2 1786 655.966 -29.9228 0
T1187TS314_5o 2704 1396.42 -29.8437 0.01149
H1143TS097_2 2718 816.581 -29.8366 0
T1123TS398_5o 4180 1733.68 -29.7983 0.21918
H1142TS248_5 2689 653.292 -29.7389 0
H1142TS035_5 2689 653.292 -29.7389 0
H1151TS165_3 1785 1528.23 -29.7285 0.18156
H1142TS165_5 2689 863.915 -29.6752 0.16814
T1187TS423_5o 2702 882.223 -29.6598 0
H1129TS398_1 10646 1998.34 -29.6444 0.22574
T1187TS091_3o 2702 1293.3 -29.6278 0
H1141TS312_4 2664 853.945 -29.6238 0
H1141TS446_2 2678 612.492 -29.5668 0
H1141TS461_2 2678 612.492 -29.5668 0
H1142TS165_4 2689 1172.5 -29.5637 0.25625
T1123TS205_1o 4180 1582.77 -29.5096 0.00535
T1153TS073_5o 4640 724.307 -29.4713 0.03191
H1142TS147_4 2689 677.505 -29.4641 0
H1151TS333_2 1785 851.433 -29.4569 0
H1151TS368_2 1785 851.433 -29.4569 0
H1140TS147_1 2702 885.686 -29.4315 0.10044
T1121TS494_3o 3656 1792.37 -29.4304 0
T1179TS245_3o 4148 1481.42 -29.3928 0.08743
H1142TS446_1 2689 869.626 -29.3342 0
H1142TS461_1 2689 869.626 -29.3342 0
H1142TS320_2 2689 763.558 -29.3287 0
H1142TS390_2 2689 763.558 -29.3287 0
T1187TS091_5o 2702 1032.97 -29.3074 0
T1187TS091_4o 2702 1196.56 -29.3043 0
H1140TS205_5 2702 714.123 -29.303 0
H1151TS444_2 1784 844.957 -29.2976 0
H1144TS185_5 2639 611.723 -29.2665 0.01266
H1106TS312_3 1640 642.765 -29.2079 0
H1141TS462_3 2678 597.688 -29.2025 0.0129
H1143TS091_1 2716 802.608 -29.1916 0
H1140TS119_5 2700 618.777 -29.1827 0
H1142TS257_1 2687 772.339 -29.17 0
H1142TS374_5 2689 825.268 -29.1413 0
H1141TS180_3 2678 840.216 -29.0852 0
H1151TS091_2 1784 823.908 -29.0765 0
H1142TS037_2 2689 966.652 -29.0663 0
T1187TS098_3o 2704 1490.69 -29.0483 0.04373
T1187TS169_5o 2704 1490.69 -29.0483 0.04373
H1134TS091_5 4168 672.715 -29.0196 0
H1142TS180_4 2689 779.937 -29.0056 0
T1179TS390_2o 4148 1761.13 -28.9955 0.04255
H1142TS185_5 2687 977.604 -28.9861 0
T1187TS205_3o 2704 1012.41 -28.976 0
H1151TS312_3 1298 576.076 -28.9572 0
T1123TS291_4o 4178 943.46 -28.9172 0
T1123TS350_4o 4178 943.46 -28.9172 0
H1142TS158_1 2689 754.917 -28.8859 0
H1142TS003_5 2689 754.917 -28.8859 0
H1142TS086_1 2689 754.917 -28.8859 0
H1140TS278_1 2702 686.018 -28.8816 0
H1143TS446_5 2718 663.083 -28.8511 0
H1143TS461_5 2718 663.083 -28.8511 0
T1187TS205_2o 2704 878.532 -28.8259 0
T1187TS350_4o 2702 1191.74 -28.822 0
T1179TS390_3o 4148 1157.72 -28.8218 0
H1144TS374_3 2641 853.912 -28.8092 0
H1140TS035_1 2702 621.252 -28.7756 0.01333
H1140TS248_1 2702 621.252 -28.7756 0.01333
H1142TS444_2 2687 763.995 -28.7673 0
H1129TS180_1 10644 925.684 -28.7662 0.15948
T1153TS037_5o 4642 450.674 -28.7613 0
T1187TS073_5o 2702 591.125 -28.7454 0.04667
T1123TS446_3o 4180 1467.5 -28.7305 0
T1123TS461_3o 4180 1467.5 -28.7305 0
T1187TS298_2o 2704 915.443 -28.6794 0.04091
H1141TS097_1 2678 728.555 -28.6791 0
H1142TS073_5 2687 759.867 -28.678 0.08333
H1129TS073_3 10644 1032.13 -28.6755 0.15
T1187TS447_2o 2704 924.631 -28.6467 0
H1129TS298_5 10646 1350.91 -28.634 0
T1153TS239_1o 4562 685.065 -28.6226 0.07317
H1144TS446_4 2641 1037.03 -28.6064 0
H1144TS461_4 2641 1037.03 -28.6064 0
T1123TS239_4o 3482 650.857 -28.6006 0
T1179TS360_1o 4148 1208.1 -28.5398 0
H1142TS158_3 2689 757.581 -28.5294 0
H1142TS086_3 2689 757.581 -28.5294 0
H1140TS446_2 2702 784.42 -28.4733 0.04396
H1140TS461_2 2702 784.42 -28.4733 0.04396
H1143TS054_4 2718 675.335 -28.4683 0
H1143TS125_4 2718 675.335 -28.4683 0
H1143TS399_4 2718 675.335 -28.4683 0
H1144TS071_2 2639 975.284 -28.4574 0.15966
H1140TS493_5 2700 749.014 -28.4265 0
H1141TS147_5 2677 673.627 -28.3588 0
H1142TS150_3 2689 769.96 -28.3566 0
H1140TS446_5 2702 503.507 -28.3226 0
H1140TS461_5 2702 503.507 -28.3226 0
H1129TS187_1 10644 1761.43 -28.2781 0.00464
H1129TS423_1 10644 1761.43 -28.2781 0.00464
T1187TS185_1o 2702 663.132 -28.2673 0
H1129TS494_3 10294 795.987 -28.2595 0
H1151TS071_3 1784 727.961 -28.2502 0.04787
H1144TS298_4 2641 818.991 -28.1929 0
H1151TS188_2 1785 764.372 -28.1907 0
T1153TS312_3o 4208 527.232 -28.1876 0
H1144TS054_2 2641 826.061 -28.1764 0.01932
H1144TS125_2 2641 826.061 -28.1764 0.01932
H1144TS399_2 2641 826.061 -28.1764 0.01932
H1143TS278_4 2718 748.432 -28.1734 0
H1151TS278_3 1786 608.551 -28.1461 0
T1153TS398_2o 4640 668.26 -28.1342 0.25655
H1142TS278_5 2689 876.839 -28.1118 0
H1141TS165_4 2678 883.578 -28.1068 0.15966
H1143TS288_2 2716 677.377 -28.0966 0.06509
H1143TS073_5 2716 602.571 -28.0482 0.02564
H1142TS098_1 2689 725.056 -28.0181 0
H1140TS119_2 2700 612.153 -27.9961 0
H1144TS133_3 2641 895.78 -27.9806 0
H1144TS227_3 2641 895.78 -27.9806 0
H1142TS147_1 2689 752.819 -27.9707 0
H1141TS447_3 2678 795.73 -27.965 0
H1141TS188_4 2678 535.464 -27.9421 0
H1140TS348_1 2700 940.56 -27.9272 0.0081
H1141TS439_3 2631 542.663 -27.9227 0
H1144TS165_1 2641 820.315 -27.9211 0.26244
H1140TS245_2 2702 933.387 -27.8936 0
H1141TS350_4 2676 718.112 -27.8544 0
H1140TS180_1 2702 621.826 -27.8429 0
H1141TS185_5 2676 653.196 -27.8353 0
H1141TS320_4 2678 493.906 -27.7861 0
H1141TS390_4 2678 493.906 -27.7861 0
H1144TS288_2 2639 884.953 -27.7836 0.04405
H1144TS035_2 2641 747.612 -27.7648 0
H1144TS248_2 2641 747.612 -27.7648 0
H1141TS119_4 2676 564.893 -27.7598 0
H1129TS374_4 10646 640.602 -27.7417 0
H1141TS298_3 2678 464.24 -27.7287 0
H1144TS073_3 2639 761.288 -27.7242 0.03955
H1151TS071_4 1784 726.869 -27.7203 0.03191
H1142TS248_1 2689 547.057 -27.6996 0
H1142TS035_1 2689 547.057 -27.6996 0
T1179TS245_2o 4148 1512.47 -27.6915 0.07317
T1187TS493_1o 2702 898.446 -27.6869 0
H1143TS446_3 2718 666.745 -27.6713 0
H1143TS461_3 2718 666.745 -27.6713 0
H1141TS180_1 2678 550.224 -27.6694 0
H1140TS169_2 2702 633.697 -27.5299 0
H1129TS248_3 10646 550.103 -27.5099 0
H1144TS158_5 2641 1003.78 -27.5087 0
H1140TS314_5 2702 633.692 -27.4998 0
H1140TS320_2 2702 633.692 -27.4998 0
H1140TS348_3 2700 633.692 -27.4998 0
H1140TS390_2 2702 633.692 -27.4998 0
H1143TS150_4 2718 554.321 -27.49 0
H1151TS257_3 1784 905.596 -27.4541 0
H1129TS278_4 10646 699.517 -27.4201 0
H1134TS215_1 4170 865.652 -27.3684 0
H1143TS257_4 2716 426.74 -27.3097 0
H1142TS165_2 2689 1367.31 -27.2837 0.20161
T1187TS188_3o 2704 995.764 -27.2702 0
H1142TS374_2 2689 580.933 -27.2682 0
H1151TS312_1 1241 559.181 -27.2546 0
H1143TS073_4 2716 538.877 -27.2396 0
H1142TS248_2 2689 514.986 -27.2171 0.01449
H1142TS035_2 2689 514.986 -27.2171 0.01449
H1142TS348_1 2687 765.098 -27.189 0
H1129TS150_2 10646 657.012 -27.1793 0
H1129TS320_2 10646 657.012 -27.1793 0
H1129TS390_2 10646 657.012 -27.1793 0
H1151TS037_5 1786 614.403 -27.1735 0
H1141TS493_4 2676 653.017 -27.1648 0
H1142TS494_4 2689 425.735 -27.15 0
H1143TS131_2 2718 649.06 -27.1288 0
T1153TS091_3o 4640 767.286 -27.0905 0
H1142TS248_3 2689 559.568 -27.0879 0
H1142TS035_3 2689 559.568 -27.0879 0
H1129TS348_1 10644 1243.45 -27.0472 0.02649
H1134TS215_2 4170 720.492 -27.0145 0
H1143TS119_3 2716 649.017 -27.0093 0
H1144TS348_1 2639 980.464 -27.0073 0
H1140TS073_1 2700 666.915 -26.9884 0.02793
H1129TS248_1 10646 788.522 -26.9595 0
H1141TS011_5 2678 517.38 -26.9192 0
H1141TS227_5 2678 517.38 -26.9192 0
H1141TS434_5 2678 517.38 -26.9192 0
H1141TS092_1 2676 603.006 -26.9129 0.05128
T1179TS150_3o 4148 1109.88 -26.868 0.0229
H1141TS185_1 2676 663.704 -26.8459 0
T1153TS312_4o 4204 502.205 -26.8419 0
H1144TS320_2 2641 900.577 -26.7859 0
H1144TS390_2 2641 900.577 -26.7859 0
H1142TS398_2 2689 1218.76 -26.7792 0.30794
H1144TS298_1 2641 964.382 -26.7222 0
H1144TS360_1 2641 964.382 -26.7222 0
H1140TS291_4 2700 593.929 -26.7155 0
H1140TS350_4 2700 593.929 -26.7155 0
T1179TS312_5o 4112 1136.38 -26.6563 0
H1142TS158_4 2689 708.073 -26.6125 0
H1142TS367_3 2689 708.073 -26.6125 0
H1141TS185_4 2676 708.251 -26.5937 0.01117
H1142TS073_1 2687 492.089 -26.585 0
H1141TS035_3 2678 468.714 -26.5771 0
H1141TS248_3 2678 468.714 -26.5771 0
H1106TS312_5 1640 654.707 -26.5653 0
H1134TS239_5 4112 837.171 -26.4902 0
H1134TS439_3 4112 837.171 -26.4902 0
H1141TS169_2 2678 501.599 -26.4793 0
H1142TS248_4 2689 586.242 -26.4674 0
H1142TS035_4 2689 586.242 -26.4674 0
H1141TS035_4 2678 454.726 -26.4532 0
H1141TS248_4 2678 454.726 -26.4532 0
T1187TS150_5o 2704 1448.7 -26.4441 0.08485
H1143TS073_3 2716 533.478 -26.4297 0.01418
H1144TS150_2 2641 900.576 -26.4168 0
H1141TS312_3 2664 512.622 -26.4001 0
T1178TS312_4o 4730 1063.71 -26.3948 0
H1142TS086_2 2689 665.697 -26.3664 0
H1144TS133_2 2641 783.576 -26.3653 0
H1144TS227_2 2641 783.576 -26.3653 0
H1141TS320_5 2678 494.785 -26.3463 0
H1141TS390_5 2678 494.785 -26.3463 0
H1141TS150_3 2678 494.787 -26.342 0
T1123TS348_5o 4178 1694.84 -26.3339 0.0203
T1187TS054_5o 2704 764.765 -26.2962 0
T1187TS125_5o 2704 764.765 -26.2962 0
T1187TS399_5o 2704 764.765 -26.2962 0
H1142TS003_2 2689 620.78 -26.29 0
H1151TS037_2 1786 573.405 -26.2871 0
H1141TS119_1 2676 610.738 -26.282 0
H1142TS150_1 2689 706.85 -26.215 0
H1142TS320_1 2689 706.85 -26.215 0
H1142TS390_1 2689 706.85 -26.215 0
H1143TS257_2 2716 436.285 -26.1753 0
T1153TS493_5o 4640 1418.13 -26.1243 0
H1144TS493_3 2639 1036.18 -26.1059 0
H1141TS494_5 2678 537.771 -26.0956 0
H1144TS071_3 2639 972.884 -26.0786 0.16393
H1141TS348_2 2676 654.692 -26.0676 0
H1141TS446_4 2678 845.161 -26.0594 0
H1141TS461_4 2678 845.161 -26.0594 0
H1142TS348_2 2687 753.509 -26.0568 0
H1157TS180_3 11826 929.122 -26.0432 0.02532
H1157TS462_3 11826 929.122 -26.0432 0.02532
H1141TS165_5 2678 1018.82 -26.0391 0.16906
H1143TS150_2 2718 771.791 -25.9961 0
H1144TS298_2 2641 946.663 -25.9899 0
H1144TS360_2 2641 946.663 -25.9899 0
H1142TS367_2 2689 727.48 -25.9898 0
H1141TS312_1 2664 653.925 -25.9707 0
T1187TS291_4o 2702 1179.22 -25.9521 0
H1129TS119_3 10646 960.093 -25.9226 0
H1140TS185_1 2700 750.065 -25.9225 0
H1144TS493_2 2639 839.874 -25.8863 0
H1151TS257_1 1784 906.205 -25.8758 0
H1129TS011_2 10646 912.493 -25.8504 0
H1129TS133_2 10646 912.493 -25.8504 0
H1129TS434_1 10646 912.493 -25.8504 0
H1144TS350_5 2639 839.155 -25.8368 0
H1140TS225_5 2702 697.973 -25.8304 0
H1140TS205_4 2702 581.346 -25.8109 0.01361
H1144TS165_3 2641 955.888 -25.774 0.22709
H1141TS091_4 2676 761.736 -25.7598 0
T1179TS098_3o 4148 1138.87 -25.7444 0
T1179TS169_3o 4148 1138.87 -25.7444 0
H1140TS298_4 2702 636.603 -25.7408 0
T1113TS398_3o 3088 1069.99 -25.7285 0.16788
H1144TS150_5 2641 755.593 -25.7177 0
T1187TS185_4o 2702 624.06 -25.71 0
H1141TS091_1 2676 898.467 -25.6416 0
H1144TS147_5 2640 763.893 -25.6322 0
H1142TS225_1 2689 1003.85 -25.5841 0
H1134TS278_5 4170 778.206 -25.5773 0
H1143TS187_3 2716 758.397 -25.5639 0
H1143TS423_3 2716 758.397 -25.5639 0
H1129TS035_1 10644 677.345 -25.5628 0
H1141TS298_4 2678 449.793 -25.5539 0
H1143TS225_4 2718 502.678 -25.5505 0
T1179TS320_4o 4148 1520.33 -25.5371 0
H1129TS003_3 10646 576.641 -25.5004 0
H1129TS086_4 10646 576.641 -25.5004 0
H1129TS158_3 10646 576.641 -25.5004 0
H1143TS350_4 2716 810.092 -25.4467 0
H1141TS444_3 2676 492.122 -25.436 0
H1129TS180_4 10644 774.562 -25.4127 0.05797
H1144TS350_1 2639 943.086 -25.4094 0
H1129TS011_1 10646 1487.28 -25.4033 0.02111
H1129TS133_1 10646 1487.28 -25.4033 0.02111
H1129TS227_1 10646 1487.28 -25.4033 0.02111
H1143TS035_5 2718 612.995 -25.3986 0.02381
H1143TS248_5 2718 612.995 -25.3986 0.02381
H1143TS314_4 2718 843.948 -25.3774 0.00922
H1141TS150_5 2678 604.023 -25.3469 0
T1187TS035_5o 2704 1035.47 -25.334 0
T1187TS046_5o 2704 1035.47 -25.334 0
T1187TS248_5o 2704 1035.47 -25.334 0
T1187TS304_5o 2704 1035.47 -25.334 0
H1144TS119_2 2639 559.44 -25.3312 0
H1142TS158_2 2689 780.15 -25.3296 0
H1142TS367_1 2689 780.15 -25.3296 0
H1142TS003_4 2689 780.15 -25.3296 0
H1151TS239_4 1725 589.39 -25.2709 0.03797
H1151TS439_4 1725 589.39 -25.2709 0.03797
H1143TS091_3 2716 741.22 -25.2634 0
H1140TS439_2 2656 633.27 -25.1822 0
H1144TS288_1 2639 927.79 -25.1446 0.15351
H1144TS245_1 2641 815.048 -25.1279 0
H1144TS320_4 2641 815.048 -25.1279 0
H1144TS385_1 2641 815.048 -25.1279 0
H1144TS390_4 2641 815.048 -25.1279 0
H1141TS054_3 2678 569.644 -25.1231 0
H1141TS125_3 2678 569.644 -25.1231 0
H1141TS399_3 2678 569.644 -25.1231 0
H1141TS097_2 2678 735.493 -25.1197 0
T1123TS165_2o 4180 1702.6 -25.0944 0.24775
H1142TS298_2 2689 776.614 -25.0621 0
H1129TS169_4 10646 695.066 -25.0262 0
H1142TS446_3 2689 869.751 -24.967 0
H1142TS461_3 2689 869.751 -24.967 0
H1141TS165_1 2678 1012.24 -24.9477 0.21739
T1179TS188_1o 4148 1197.23 -24.947 0
H1141TS320_2 2678 440.113 -24.9 0
H1141TS390_2 2678 440.113 -24.9 0
H1143TS131_5 2718 696.416 -24.8766 0.0113
H1144TS312_2 2583 623.57 -24.8299 0
H1141TS367_1 2678 481.841 -24.8189 0
H1142TS187_4 2687 636.193 -24.807 0
H1142TS423_4 2687 636.193 -24.807 0
H1141TS348_3 2676 624.179 -24.7354 0
H1144TS071_4 2639 938.099 -24.7082 0.1579
T1109TS398_2o 3438 1500.89 -24.7045 0.20053
T1179TS348_2o 4146 1935.69 -24.6596 0.02564
H1140TS312_4 2634 780.188 -24.6414 0
H1134TS037_4 4170 1222.95 -24.6341 0
H1141TS011_4 2678 457.136 -24.589 0
H1141TS434_4 2678 457.136 -24.589 0
H1141TS119_3 2676 848.677 -24.5842 0
H1141TS131_1 2678 848.677 -24.5842 0
T1123TS119_2o 4180 1104.93 -24.5572 0.1579
H1129TS312_5 9376 632.918 -24.551 0
H1134TS229_3 4112 898.183 -24.5453 0
H1143TS035_3 2718 570.098 -24.5261 0
H1143TS248_3 2718 570.098 -24.5261 0
H1142TS180_5 2689 803.282 -24.5123 0
H1151TS398_2 1786 874.537 -24.5108 0.09633
H1134TS312_2 4045 863.868 -24.4989 0
T1187TS360_4o 2704 708.022 -24.4908 0
H1143TS035_2 2718 551.636 -24.4633 0
H1143TS248_2 2718 551.636 -24.4633 0
H1141TS188_5 2678 470.546 -24.3753 0
T1187TS446_5o 2704 609.019 -24.3531 0
T1187TS461_5o 2704 609.019 -24.3531 0
T1113TS398_5o 3088 1733.73 -24.3497 0.1784
H1141TS011_1 2678 498.542 -24.3445 0
H1141TS434_1 2678 498.542 -24.3445 0
T1179TS298_5o 4148 1157.99 -24.3411 0
T1178TS446_3o 4890 454.736 -24.3371 0
T1178TS461_3o 4890 454.736 -24.3371 0
H1144TS398_2 2641 1154.11 -24.3255 0.22013
T1153TS091_1o 4640 714.297 -24.3094 0
H1134TS278_4 4170 835.339 -24.2951 0
H1144TS054_4 2641 722.188 -24.2777 0.0117
H1144TS125_4 2641 722.188 -24.2777 0.0117
H1144TS399_4 2641 722.188 -24.2777 0.0117
H1140TS462_4 2702 652.45 -24.2728 0
H1140TS054_3 2702 662.635 -24.2666 0
H1140TS125_3 2702 662.635 -24.2666 0
H1140TS399_3 2702 662.635 -24.2666 0
H1151TS188_1 1785 885.417 -24.2498 0.00909
H1141TS446_5 2678 649.538 -24.1736 0
H1141TS461_5 2678 649.538 -24.1736 0
H1144TS165_5 2641 987.824 -24.1689 0.22909
H1129TS348_2 10644 1378.6 -24.1455 0
H1141TS367_3 2678 445.287 -24.1212 0
T1153TS360_4o 4642 633.387 -24.1003 0.07895
H1144TS225_1 2641 992.591 -24.0989 0.00752
H1140TS035_2 2702 457.085 -24.0915 0
H1140TS248_2 2702 457.085 -24.0915 0
H1140TS439_4 2656 776.906 -24.0655 0
T1123TS291_3o 4178 975.816 -24.0506 0
T1123TS350_3o 4178 975.816 -24.0506 0
H1142TS037_5 2689 679.433 -24.0492 0.01042
H1142TS003_3 2689 620.683 -24.0206 0
H1141TS091_3 2676 629.951 -23.903 0
H1142TS227_3 2689 684.202 -23.8955 0
H1142TS434_3 2689 684.202 -23.8955 0
H1142TS011_3 2689 684.202 -23.8955 0
H1129TS035_4 10644 531.644 -23.8753 0
H1143TS133_5 2718 668.133 -23.8672 0
H1140TS035_5 2702 502.828 -23.8637 0
H1140TS248_5 2702 502.828 -23.8637 0
T1153TS320_5o 4642 668.417 -23.8179 0.08805
T1153TS390_5o 4642 668.417 -23.8179 0.08805
T1123TS205_2o 4180 1128.16 -23.8161 0
H1141TS187_1 2676 444.941 -23.8026 0
H1141TS423_1 2676 444.941 -23.8026 0
H1142TS446_4 2689 676.365 -23.7952 0
H1142TS461_4 2689 676.365 -23.7952 0
T1153TS205_5o 4642 1474.78 -23.7554 0
H1141TS298_1 2678 444.809 -23.7495 0
H1141TS360_4 2678 444.809 -23.7495 0
H1141TS493_1 2676 862.112 -23.7487 0
H1140TS462_3 2702 708.857 -23.7415 0
H1141TS011_3 2678 455.897 -23.7216 0
H1141TS434_3 2678 455.897 -23.7216 0
H1141TS098_2 2678 444.859 -23.6916 0
H1141TS188_1 2678 444.859 -23.6916 0
H1140TS158_4 2702 713.431 -23.6877 0
T1123TS169_4o 4180 819.965 -23.6768 0
H1129TS119_5 10646 627.634 -23.6633 0.04348
H1142TS119_4 2687 376.382 -23.6475 0
H1143TS350_2 2716 678.043 -23.6462 0
T1153TS054_3o 4642 728.067 -23.6403 0
T1153TS125_3o 4642 728.067 -23.6403 0
T1153TS399_3o 4642 728.067 -23.6403 0
H1141TS367_5 2678 456.98 -23.6403 0
H1142TS086_4 2689 737.722 -23.6263 0
H1141TS374_4 2678 436.929 -23.5879 0
T1187TS071_5o 2702 949.437 -23.5847 0.08019
H1129TS037_3 10646 1071.24 -23.5566 0
H1140TS073_4 2700 557.353 -23.5453 0.02649
H1144TS298_3 2641 949.542 -23.5272 0
H1144TS360_3 2641 949.542 -23.5272 0
T1123TS165_4o 4180 1704.52 -23.5266 0.19111
H1141TS003_4 2678 436.871 -23.5227 0
H1140TS398_3 2702 915.085 -23.5175 0.2379
H1144TS131_3 2641 758.77 -23.4891 0
H1143TS071_2 2716 724.904 -23.4848 0.05978
H1141TS147_2 2677 835.375 -23.4847 0
T1187TS314_2o 2704 1650.93 -23.4628 0.01878
H1142TS097_5 2689 1060.56 -23.4626 0
T1153TS091_5o 4640 682.021 -23.4588 0
H1140TS185_3 2700 866.528 -23.4475 0.0093
H1141TS073_2 2676 328.495 -23.4417 0
H1141TS098_1 2678 441.44 -23.4002 0
H1141TS169_4 2678 441.44 -23.4002 0
H1141TS169_5 2678 441.44 -23.4002 0
H1141TS188_2 2678 441.44 -23.4002 0
T1123TS098_5o 4180 1283.54 -23.3997 0
H1141TS133_2 2678 416.821 -23.3916 0
H1141TS227_2 2678 416.821 -23.3916 0
H1141TS133_4 2678 449.286 -23.3813 0
H1141TS227_4 2678 449.286 -23.3813 0
H1142TS205_5 2689 639.693 -23.378 0
H1143TS288_3 2716 595.392 -23.3591 0.06494
T1187TS278_3o 2704 1280.6 -23.3473 0.05128
H1141TS133_3 2678 449.259 -23.3458 0
H1141TS227_3 2678 449.259 -23.3458 0
H1140TS098_1 2702 496.224 -23.3386 0
H1140TS188_1 2702 496.224 -23.3386 0
T1123TS291_5o 4178 617.844 -23.3219 0
T1123TS350_5o 4178 617.844 -23.3219 0
H1142TS320_3 2689 622.076 -23.3172 0
H1142TS390_3 2689 622.076 -23.3172 0
H1142TS150_2 2689 622.066 -23.3117 0
H1142TS003_1 2689 770.505 -23.2542 0
H1129TS227_4 10646 766.638 -23.2429 0
H1141TS298_2 2678 446.105 -23.2343 0
H1141TS360_3 2678 446.105 -23.2343 0
H1142TS097_2 2689 1266.82 -23.2262 0.02053
T1187TS229_3o 2638 1140.75 -23.2207 0
T1187TS239_1o 2638 1140.75 -23.2207 0
T1187TS439_3o 2638 1140.75 -23.2207 0
H1129TS374_1 10646 703.396 -23.1901 0
H1134TS398_1 4170 1690.87 -23.1813 0.2194
H1134TS398_4 4170 1690.87 -23.1813 0.2194
H1140TS073_5 2700 557.884 -23.1737 0
T1153TS367_5o 4642 671.39 -23.167 0.07229
H1141TS011_2 2678 462.528 -23.1642 0
H1141TS434_2 2678 462.528 -23.1642 0
H1143TS257_5 2716 455.951 -23.158 0
H1141TS133_1 2678 442.778 -23.1446 0
H1141TS227_1 2678 442.778 -23.1446 0
H1141TS367_4 2678 451.286 -23.1384 0
H1143TS314_5 2718 773.582 -23.131 0
T1123TS205_5o 4180 732.909 -23.0947 0
H1141TS493_2 2676 722.944 -23.0916 0
H1140TS439_5 2656 758.232 -23.0605 0
H1143TS398_1 2718 1060.65 -23.0447 0.20775
T1153TS035_2o 4642 1150.56 -23.0221 0
H1141TS245_1 2678 674.114 -23.0138 0
H1141TS385_1 2678 674.114 -23.0138 0
T1153TS367_1o 4642 671.486 -23.003 0.07317
T1153TS298_5o 4642 693.827 -22.9894 0.0678
H1142TS158_5 2689 735.305 -22.9821 0
T1153TS447_1o 4642 1747.87 -22.9806 0
T1123TS119_4o 4180 871.808 -22.9631 0.02381
H1141TS003_3 2678 479.663 -22.9447 0
H1141TS086_3 2678 479.663 -22.9447 0
H1141TS158_4 2678 479.663 -22.9447 0
H1141TS150_1 2678 454.778 -22.9315 0
H1141TS165_2 2678 454.778 -22.9315 0
H1141TS320_1 2678 454.778 -22.9315 0
H1141TS390_1 2678 454.778 -22.9315 0
T1123TS462_2o 4180 1015.12 -22.906 0
H1140TS037_5 2702 500.256 -22.8869 0
H1141TS003_1 2678 459.8 -22.8712 0
H1141TS086_1 2678 459.8 -22.8712 0
H1141TS158_1 2678 459.8 -22.8712 0
T1113TS398_2o 3088 1051.47 -22.8627 0.16807
H1142TS225_2 2689 872.225 -22.8594 0
H1140TS098_2 2702 597.148 -22.8129 0
H1140TS188_5 2702 597.148 -22.8129 0
T1187TS433_5o 2704 831.611 -22.8051 0
T1187TS441_5o 2704 831.611 -22.8051 0
H1141TS239_4 2676 570.897 -22.796 0.07947
H1143TS433_2 2718 428.93 -22.7951 0
H1143TS441_2 2718 428.93 -22.7951 0
T1187TS054_4o 2704 962.425 -22.7583 0
T1187TS125_4o 2704 962.425 -22.7583 0
T1187TS399_4o 2704 962.425 -22.7583 0
H1134TS312_4 4045 957.907 -22.7479 0
H1141TS086_2 2678 456.15 -22.7436 0
H1141TS158_2 2678 456.15 -22.7436 0
H1141TS133_5 2678 474.653 -22.7422 0
T1123TS291_1o 4178 736.469 -22.6945 0
T1123TS350_1o 4178 736.469 -22.6945 0
H1141TS439_1 2631 398.314 -22.6743 0
H1143TS225_5 2718 469.132 -22.6565 0
H1141TS447_5 2678 837.249 -22.6529 0
T1121TS447_2o 6060 402.98 -22.6419 0
H1141TS367_2 2678 444.995 -22.5959 0
H1140TS011_5 2702 628.837 -22.5912 0
H1140TS434_5 2702 628.837 -22.5912 0
T1153TS348_2o 4640 671.213 -22.5891 0.07407
H1140TS185_4 2700 531.529 -22.5488 0
T1113TS165_3o 3090 1439.58 -22.5103 0.1491
T1161TS312_2o 658 487.029 -22.4779 0
T1187TS312_3o 2669 690.746 -22.4404 0
H1140TS119_1 2700 566.386 -22.4033 0
H1140TS131_1 2702 566.386 -22.4033 0
H1140TS185_2 2700 484.051 -22.3981 0
T1153TS150_4o 4642 669.375 -22.3645 0.07317
H1141TS360_1 2678 427.802 -22.3634 0
H1140TS205_3 2702 750.213 -22.3529 0
T1153TS312_1o 4208 526.789 -22.3371 0
H1142TS433_3 2687 713.783 -22.3207 0.07254
H1142TS441_3 2687 713.783 -22.3207 0.07254
H1142TS298_5 2689 762.563 -22.3077 0
H1142TS360_1 2689 762.563 -22.3077 0
H1141TS245_2 2678 623.977 -22.289 0
T1153TS098_2o 4642 682.782 -22.2518 0.07186
T1153TS188_2o 4642 682.782 -22.2518 0.07186
H1141TS003_5 2678 489.773 -22.1803 0
H1141TS086_5 2678 489.773 -22.1803 0
H1141TS158_5 2678 489.773 -22.1803 0
H1141TS298_5 2678 473 -22.1619 0
H1144TS493_1 2639 762.614 -22.1563 0
T1110TS398_5o 3444 1073.09 -22.1472 0.19101
H1140TS158_3 2702 552.389 -22.1041 0
H1140TS054_1 2702 542.145 -22.0432 0
H1140TS125_1 2702 542.145 -22.0432 0
H1140TS399_1 2702 542.145 -22.0432 0
H1142TS225_5 2688 795.596 -22.0325 0.00939
H1151TS312_5 1298 561.678 -21.9795 0
T1179TS187_5o 4146 2438.26 -21.9232 0.00797
T1179TS423_5o 4146 2438.26 -21.9232 0.00797
H1141TS225_3 2678 1186.24 -21.9229 0
T1153TS165_1o 4642 1099.03 -21.8817 0.12458
H1141TS462_2 2678 510.838 -21.8384 0
H1144TS003_5 2641 973.729 -21.8292 0
H1144TS158_4 2641 973.729 -21.8292 0
H1141TS187_4 2676 500.104 -21.8064 0
H1141TS423_3 2676 500.104 -21.8064 0
H1142TS398_1 2689 1230.34 -21.7874 0.28395
H1140TS439_1 2656 765.335 -21.7548 0
H1141TS003_2 2678 479.676 -21.6989 0
H1141TS086_4 2678 479.676 -21.6989 0
H1141TS158_3 2678 479.676 -21.6989 0
T1153TS248_4o 4642 775.128 -21.6536 0
H1151TS398_5 1786 869.272 -21.6494 0.13453
H1151TS494_4 1786 559.852 -21.6197 0
T1109TS398_3o 3438 1576.33 -21.6031 0.20588
H1140TS494_1 2702 662.343 -21.6015 0.15244
T1123TS150_5o 4180 710.031 -21.5985 0.01042
H1142TS298_1 2689 791.553 -21.5942 0.01031
H1143TS165_3 2718 1291.3 -21.5909 0.21637
T1178TS446_4o 4890 883.546 -21.5856 0
T1178TS461_4o 4890 883.546 -21.5856 0
H1140TS035_4 2702 397.896 -21.5494 0.0404
H1140TS248_4 2702 397.896 -21.5494 0.0404
H1129TS037_5 10646 1033.99 -21.5404 0
H1140TS119_4 2700 421.629 -21.535 0
H1129TS215_2 10646 1768.34 -21.5293 0
H1141TS054_2 2678 652.021 -21.5272 0.01205
H1141TS125_2 2678 652.021 -21.5272 0.01205
H1141TS399_2 2678 652.021 -21.5272 0.01205
H1140TS073_2 2700 510.861 -21.5167 0.06838
H1141TS398_4 2678 1088.1 -21.5128 0.2028
H1141TS239_1 2676 441.462 -21.5028 0.072
H1141TS091_5 2676 611.496 -21.4438 0
H1144TS098_3 2641 851.249 -21.422 0
H1144TS169_2 2641 851.249 -21.422 0
H1144TS188_3 2641 851.249 -21.422 0
H1142TS073_4 2687 499.942 -21.3939 0.01439
H1151TS398_4 1786 980.707 -21.3098 0.1417
H1143TS433_3 2718 428.842 -21.309 0
H1143TS441_3 2718 428.842 -21.309 0
T1121TS314_3o 6060 360.123 -21.3087 0
T1187TS423_4o 2702 1315.19 -21.2987 0.05678
H1141TS147_3 2677 638.41 -21.2767 0
T1187TS180_1o 2704 872.683 -21.2554 0
T1187TS462_1o 2704 872.683 -21.2554 0
H1143TS225_3 2718 496.866 -21.2554 0
H1134TS398_2 4170 1227.09 -21.2189 0.19182
H1134TS398_5 4170 1227.09 -21.2189 0.19182
H1142TS239_5 2640 522.715 -21.2058 0
H1140TS131_2 2702 594.785 -21.2016 0
T1187TS229_2o 2638 1066.32 -21.184 0
T1187TS239_3o 2638 1066.32 -21.184 0
T1187TS439_1o 2638 1066.32 -21.184 0
H1141TS288_2 2676 465.284 -21.1655 0.06107
H1144TS225_5 2641 938.152 -21.1433 0.00803
H1141TS288_5 2676 752.121 -21.1397 0.18848
H1129TS180_5 10644 1015.03 -21.1036 0.1283
H1141TS205_3 2678 636.231 -21.1004 0
H1106TS398_5 1890 1670.64 -21.0602 0.2599
H1142TS298_4 2689 642.908 -21.0599 0
H1142TS374_1 2689 803.902 -21.0242 0
H1106TS312_1 1640 748.01 -20.9828 0
H1142TS439_5 2640 569 -20.9696 0
T1187TS433_4o 2704 782.028 -20.946 0
T1187TS441_4o 2704 782.028 -20.946 0
H1140TS091_4 2700 875.185 -20.9386 0
T1179TS131_3o 4148 1539.16 -20.9069 0
H1140TS165_2 2702 1067.2 -20.8903 0.26014
H1141TS245_3 2678 795.69 -20.8668 0.00913
H1140TS298_3 2702 503.475 -20.8638 0
H1140TS312_2 2634 583.685 -20.8621 0
H1142TS320_5 2689 718.037 -20.8559 0
H1142TS390_5 2689 718.037 -20.8559 0
T1121TS398_4o 6060 1126.28 -20.8386 0.14433
H1144TS071_5 2639 959.075 -20.8094 0.16667
H1140TS165_4 2702 1100.77 -20.808 0.22939
H1141TS398_1 2678 1005.58 -20.706 0.24812
H1141TS360_2 2678 471.69 -20.6888 0
H1144TS169_4 2641 894.868 -20.637 0
H1151TS165_1 1786 981.931 -20.6244 0.07115
H1144TS360_4 2641 942.494 -20.608 0
H1129TS493_5 10644 716.789 -20.6072 0
H1129TS278_1 10646 601.508 -20.5857 0
H1134TS493_5 4168 878.235 -20.5244 0
T1187TS187_3o 2702 662.682 -20.5198 0
T1187TS423_3o 2702 662.682 -20.5198 0
T1153TS091_4o 4640 669.752 -20.5101 0
T1187TS433_3o 2704 661.045 -20.4859 0
T1187TS441_3o 2704 661.045 -20.4859 0
H1129TS188_5 10646 820.609 -20.4722 0
H1143TS493_1 2716 315.994 -20.4175 0
H1140TS278_5 2702 464.051 -20.3898 0
H1143TS119_4 2716 364.405 -20.2991 0
H1141TS054_5 2678 1071.09 -20.262 0.03065
H1141TS125_5 2678 1071.09 -20.262 0.03065
H1141TS399_5 2678 1071.09 -20.262 0.03065
H1143TS071_4 2716 702.684 -20.257 0.06111
T1153TS074_4o 4640 869.944 -20.1977 0.11872
T1153TS288_4o 4640 869.944 -20.1977 0.11872
H1142TS131_1 2689 768.2 -20.1573 0
H1142TS119_1 2687 768.2 -20.1573 0
H1140TS147_5 2701 1041.27 -20.1371 0.13619
H1141TS397_4 2656 1021.65 -20.1303 0.15909
H1141TS185_2 2676 660.6 -20.0041 0
H1134TS215_5 4170 508.273 -19.9985 0
H1141TS239_3 2676 510.739 -19.9484 0.07383
T1153TS312_2o 4204 492.923 -19.944 0
T1187TS119_3o 2704 674.694 -19.8922 0
T1187TS320_3o 2704 674.694 -19.8922 0
T1187TS390_3o 2704 674.694 -19.8922 0
H1151TS348_5 1784 691.996 -19.8892 0.03955
H1142TS097_3 2689 705.058 -19.8834 0
H1144TS073_4 2639 462.557 -19.8609 0.03419
T1179TS494_5o 4148 1079.18 -19.8461 0
H1144TS398_3 2641 905.315 -19.8459 0.25751
T1187TS180_3o 2704 831.165 -19.8375 0
T1187TS462_3o 2704 831.165 -19.8375 0
H1129TS434_5 10646 713.443 -19.7976 0
H1142TS398_4 2689 1017.24 -19.7938 0.32117
H1144TS011_5 2641 824.653 -19.7687 0
H1144TS434_5 2641 824.653 -19.7687 0
T1187TS205_1o 2704 516.806 -19.7189 0
H1144TS098_5 2641 613.137 -19.7145 0
H1144TS188_5 2641 613.137 -19.7145 0
T1153TS150_3o 4642 739.859 -19.6747 0.05495
H1140TS291_1 2700 380.764 -19.6706 0
H1140TS350_1 2700 380.764 -19.6706 0
H1143TS091_4 2716 688.297 -19.6699 0
H1142TS227_5 2689 666.922 -19.6378 0
H1142TS434_5 2689 666.922 -19.6378 0
H1142TS011_5 2689 666.922 -19.6378 0
H1143TS054_3 2718 753.69 -19.6365 0
H1143TS125_3 2718 753.69 -19.6365 0
H1143TS399_3 2718 753.69 -19.6365 0
T1187TS188_5o 2704 685.257 -19.6326 0
H1140TS291_5 2700 556.308 -19.6268 0
H1140TS350_5 2700 556.308 -19.6268 0
H1151TS333_3 1785 852.638 -19.6223 0
H1151TS368_3 1785 852.638 -19.6223 0
H1142TS493_3 2687 545.214 -19.6129 0
T1187TS433_2o 2704 818.446 -19.6038 0
T1187TS441_2o 2704 818.446 -19.6038 0
T1179TS398_1o 4148 1501.9 -19.5924 0.06897
H1141TS312_5 2664 481.155 -19.5744 0
H1141TS071_3 2676 443.004 -19.5717 0.01613
H1151TS312_2 1221 497.256 -19.5659 0
T1187TS147_4o 2704 715.8 -19.5482 0
H1144TS097_1 2641 713.698 -19.479 0
H1141TS239_5 2676 460.984 -19.4755 0.07031
T1178TS446_1o 4890 1055.66 -19.4608 0
T1178TS461_1o 4890 1055.66 -19.4608 0
T1187TS098_2o 2704 580.485 -19.434 0
T1187TS169_4o 2704 580.485 -19.434 0
H1144TS150_4 2641 823.637 -19.4306 0
T1178TS234_2o 4890 612.332 -19.4145 0.12644
H1140TS494_4 2702 697.705 -19.3951 0.16471
T1187TS187_1o 2702 584.158 -19.3874 0
T1187TS423_1o 2702 584.158 -19.3874 0
T1123TS054_3o 4180 1103.92 -19.3634 0
T1123TS125_3o 4180 1103.92 -19.3634 0
T1123TS399_3o 4180 1103.92 -19.3634 0
H1134TS312_1 4045 819.019 -19.36 0
T1123TS493_4o 4178 748.014 -19.3432 0
H1143TS054_2 2718 852.454 -19.3076 0
H1143TS125_2 2718 852.454 -19.3076 0
H1143TS399_2 2718 852.454 -19.3076 0
T1109TS398_5o 3438 1729.5 -19.2116 0.20548
H1129TS119_2 10646 698.64 -19.2036 0
H1129TS150_1 10646 698.64 -19.2036 0
H1129TS320_1 10646 698.64 -19.2036 0
H1129TS390_1 10646 698.64 -19.2036 0
H1142TS367_4 2689 660.122 -19.1968 0
T1179TS180_3o 4148 480.646 -19.1723 0
H1142TS205_4 2689 879.393 -19.0773 0
H1106TS227_3 1888 2412.81 -18.9914 0.24121
H1140TS133_3 2702 590.851 -18.9797 0
H1140TS227_3 2702 590.851 -18.9797 0
T1123TS098_4o 4180 553.395 -18.9727 0
H1144TS097_4 2641 685.379 -18.9725 0
T1123TS150_3o 4180 1554.33 -18.9316 0.05288
T1160TS052_3o 716 2613.82 -18.9048 0
T1160TS315_3o 716 2613.82 -18.9048 0
H1129TS348_4 10644 1371.5 -18.7993 0.02424
H1140TS298_2 2702 578.664 -18.7974 0
H1143TS493_5 2716 529.798 -18.7778 0
H1140TS003_1 2702 543.502 -18.7745 0
H1140TS158_1 2702 543.502 -18.7745 0
H1140TS367_4 2702 543.502 -18.7745 0
H1140TS348_5 2700 688.152 -18.7066 0
H1129TS169_3 10646 698.629 -18.6549 0
T1153TS074_3o 4640 1167.49 -18.6452 0.10135
T1153TS288_3o 4640 1167.49 -18.6452 0.10135
T1187TS119_1o 2704 696.525 -18.6341 0
T1187TS320_4o 2704 696.525 -18.6341 0
T1187TS390_4o 2704 696.525 -18.6341 0
H1141TS350_5 2676 762.145 -18.6214 0
H1141TS462_5 2678 545.531 -18.6195 0
H1129TS180_3 10644 805.733 -18.608 0.12264
H1141TS067_1 2676 541.222 -18.5942 0.02055
H1142TS298_3 2689 767.285 -18.5837 0
T1187TS477_1o 2702 688.372 -18.5697 0.02857
H1134TS433_5 4170 701.142 -18.5533 0
H1134TS441_5 4170 701.142 -18.5533 0
T1187TS122_1o 2704 693.1 -18.5522 0
H1143TS071_3 2716 708.15 -18.5383 0.06145
T1113TS398_1o 3088 1560 -18.5082 0.18272
T1160TS312_2o 662 582.96 -18.4975 0
T1187TS312_4o 2669 922.867 -18.4828 0
H1142TS348_5 2687 686.214 -18.4755 0
T1187TS086_5o 2704 1482.98 -18.4723 0
T1187TS158_5o 2704 1482.98 -18.4723 0
H1140TS169_1 2702 589.347 -18.4473 0
H1134TS169_2 4170 897.871 -18.4279 0
H1140TS035_3 2702 487.388 -18.4163 0.01709
H1140TS248_3 2702 487.388 -18.4163 0.01709
H1129TS367_2 10646 785.273 -18.4044 0
H1143TS350_5 2716 380.889 -18.4038 0
H1143TS493_2 2716 465.07 -18.361 0
T1187TS447_5o 2704 1004.71 -18.3546 0
T1187TS185_5o 2702 660.452 -18.343 0
T1178TS398_3o 4890 2955.39 -18.3315 0.30645
T1123TS320_3o 4180 1288.05 -18.3154 0
T1187TS131_4o 2704 684.427 -18.2909 0
H1140TS003_4 2702 511.026 -18.2765 0
H1140TS367_2 2702 511.026 -18.2765 0
T1123TS131_2o 4180 826.633 -18.2716 0.05584
H1151TS215_4 1786 433.393 -18.248 0
H1141TS071_1 2676 473.458 -18.2476 0.06767
T1113TS447_3o 3090 1077.66 -18.2291 0
H1144TS098_4 2641 936.038 -18.1704 0
H1144TS169_1 2641 936.038 -18.1704 0
H1144TS188_4 2641 936.038 -18.1704 0
T1187TS122_3o 2704 689.231 -18.1337 0
H1141TS119_5 2676 515.068 -18.1197 0
H1144TS169_5 2641 860.368 -18.0948 0
T1121TS314_4o 6060 447.877 -18.0826 0
H1141TS071_2 2676 501.247 -18.0817 0.07042
H1129TS398_4 10646 1573.78 -18.0631 0.15854
H1129TS187_3 10644 670.326 -18.059 0
H1129TS423_3 10644 670.326 -18.059 0
H1144TS119_1 2639 817.001 -18.0585 0
H1144TS131_1 2641 817.001 -18.0585 0
H1140TS011_1 2702 598.56 -18.048 0
H1140TS434_1 2702 598.56 -18.048 0
T1187TS360_3o 2704 580.5 -17.976 0
H1129TS227_3 10646 565.839 -17.9399 0
H1140TS398_1 2702 1045.49 -17.9277 0.2669
H1129TS187_5 10644 1235.09 -17.8255 0
H1129TS423_5 10644 1235.09 -17.8255 0
H1140TS291_3 2700 488.425 -17.795 0
H1140TS350_3 2700 488.425 -17.795 0
H1143TS187_5 2716 633.023 -17.79 0
H1143TS423_5 2716 633.023 -17.79 0
H1144TS035_3 2641 671.795 -17.7642 0
H1144TS248_3 2641 671.795 -17.7642 0
H1143TS185_4 2716 667.813 -17.7028 0.01156
H1141TS350_1 2676 437.574 -17.7 0
T1187TS122_4o 2704 698.867 -17.676 0
H1129TS374_2 10646 987.972 -17.6409 0.03175
H1141TS225_2 2678 722.026 -17.6211 0
T1123TS446_1o 4180 1045.2 -17.6202 0
T1123TS461_1o 4180 1045.2 -17.6202 0
H1142TS147_3 2689 703.03 -17.5499 0.02162
T1187TS374_4o 2704 1107.85 -17.5418 0
H1140TS133_5 2702 673.22 -17.521 0
H1140TS227_5 2702 673.22 -17.521 0
H1142TS288_3 2687 798.005 -17.5133 0.2359
H1141TS097_5 2678 831.666 -17.4883 0
H1140TS091_3 2700 728.577 -17.467 0
H1143TS071_5 2716 688.098 -17.4667 0.04242
H1143TS257_3 2716 469.961 -17.4553 0
T1153TS098_3o 4642 711.69 -17.4331 0.10526
T1153TS188_3o 4642 711.69 -17.4331 0.10526
T1153TS481_3o 4642 711.69 -17.4331 0.10526
H1140TS374_5 2702 684.898 -17.4216 0
H1140TS360_1 2702 648.727 -17.4183 0
H1144TS180_5 2641 513.011 -17.4031 0.01575
H1144TS350_2 2639 578.468 -17.3834 0
H1129TS227_5 10646 620.953 -17.3593 0
H1144TS133_5 2641 763.038 -17.358 0
H1144TS227_5 2641 763.038 -17.358 0
T1187TS447_3o 2704 1085.93 -17.3254 0
T1153TS091_2o 4640 688.062 -17.2998 0
H1134TS333_5 4169 920.355 -17.2851 0
H1134TS368_5 4169 920.355 -17.2851 0
H1129TS278_3 10646 475.533 -17.2349 0
H1144TS185_1 2639 691.105 -17.2199 0
H1144TS298_5 2641 832.356 -17.2106 0
T1187TS312_2o 2669 814.901 -17.1901 0
H1143TS097_3 2718 1032.62 -17.1775 0.0303
H1151TS097_5 1786 569.526 -17.16 0
H1142TS187_3 2687 720.544 -17.119 0.01093
H1142TS423_3 2687 720.544 -17.119 0.01093
H1141TS054_1 2678 508.222 -17.1052 0
H1141TS125_1 2678 508.222 -17.1052 0
H1141TS399_1 2678 508.222 -17.1052 0
T1123TS169_3o 4180 605.272 -17.0591 0
H1141TS071_4 2676 424.34 -17.0476 0.04464
H1141TS239_2 2676 587.726 -16.9512 0.06832
H1144TS054_1 2641 705.859 -16.9435 0
H1144TS125_1 2641 705.859 -16.9435 0
H1144TS399_1 2641 705.859 -16.9435 0
H1140TS158_5 2702 725.514 -16.856 0
H1141TS119_2 2676 532.512 -16.829 0.02143
H1129TS348_5 10644 1618.72 -16.802 0
H1140TS071_3 2700 577.584 -16.796 0.15714
H1129TS071_5 10644 834.299 -16.7504 0.17062
H1141TS462_4 2678 562.285 -16.7407 0
H1141TS180_5 2678 526.637 -16.7237 0
T1179TS188_3o 4148 908.641 -16.7068 0
H1140TS187_3 2700 624.438 -16.7067 0
H1140TS423_2 2700 624.438 -16.7067 0
H1143TS185_5 2716 656.562 -16.7057 0
H1144TS092_1 2639 862.18 -16.6782 0.15596
H1129TS248_4 10646 408.663 -16.6699 0
H1144TS312_4 2635 702.834 -16.6695 0
H1141TS091_2 2676 609.907 -16.6516 0
H1140TS245_3 2702 690.226 -16.6484 0
H1143TS091_5 2716 716.678 -16.6204 0
H1140TS011_4 2702 627.801 -16.5492 0
H1140TS434_4 2702 627.801 -16.5492 0
T1161TS312_4o 658 729.715 -16.5349 0
T1187TS446_1o 2704 675.391 -16.5059 0
T1187TS461_1o 2704 675.391 -16.5059 0
H1106TS227_5 1888 2427.78 -16.4802 0.24411
T1123TS398_2o 4180 1387.34 -16.4678 0.23098
H1142TS462_1 2689 681.115 -16.4642 0
H1129TS446_3 10646 579.174 -16.4526 0
H1129TS461_3 10646 579.174 -16.4526 0
H1140TS150_1 2702 589.357 -16.4232 0
H1140TS320_1 2702 589.357 -16.4232 0
H1140TS390_1 2702 589.357 -16.4232 0
H1140TS298_5 2702 631.54 -16.4142 0
H1141TS097_4 2678 739.273 -16.372 0
T1153TS398_1o 4640 927.719 -16.3594 0.24901
T1187TS037_5o 2704 871.053 -16.3373 0
H1151TS239_5 1725 650.343 -16.3329 0.03247
H1151TS439_5 1725 650.343 -16.3329 0.03247
H1142TS133_4 2689 614.657 -16.3268 0
T1187TS122_2o 2704 671.272 -16.3207 0
T1187TS122_5o 2704 671.286 -16.32 0
T1113TS398_4o 3088 973.25 -16.3074 0.10277
H1143TS035_4 2718 531.159 -16.3066 0
H1143TS248_4 2718 531.159 -16.3066 0
H1144TS350_4 2639 355.918 -16.274 0
T1187TS360_2o 2704 649.579 -16.2471 0
H1141TS131_2 2678 792.206 -16.2337 0
H1140TS312_5 2641 445.36 -16.2196 0
H1134TS169_1 4170 904.789 -16.1973 0
H1143TS288_5 2716 663.368 -16.1963 0.09302
H1140TS291_2 2700 414.709 -16.1508 0
H1140TS350_2 2700 414.709 -16.1508 0
H1143TS239_2 2668 655.064 -16.1458 0
H1143TS439_3 2668 655.064 -16.1458 0
H1144TS398_1 2641 1147.07 -16.1383 0.25987
H1141TS288_3 2676 948.567 -16.0542 0.29362
H1144TS433_4 2641 482.323 -16.0501 0
H1144TS441_4 2641 482.323 -16.0501 0
H1140TS493_2 2700 1575.68 -16.0296 0
H1134TS433_1 4170 688.31 -16.0249 0
H1134TS441_1 4170 688.31 -16.0249 0
H1142TS493_1 2687 571.08 -15.9827 0
H1129TS169_5 10646 1055.47 -15.9657 0
H1141TS131_4 2678 737.611 -15.964 0
T1123TS462_3o 4180 527.77 -15.9584 0
T1179TS234_3o 4148 574.148 -15.9507 0.03614
H1141TS360_5 2678 484.118 -15.8153 0
T1179TS312_1o 4051 1034.51 -15.7953 0
H1140TS462_2 2702 550.207 -15.7919 0
H1141TS187_5 2676 574.174 -15.7424 0
H1141TS423_4 2676 574.174 -15.7424 0
H1129TS360_2 10646 915.085 -15.736 0
H1141TS147_4 2677 795.605 -15.7318 0
H1134TS215_4 4170 914.871 -15.6093 0
H1141TS433_2 2678 414.856 -15.4436 0
H1141TS441_2 2678 414.856 -15.4436 0
T1123TS119_5o 4180 1008.66 -15.4015 0.06993
H1140TS205_2 2702 649.856 -15.3306 0
H1141TS397_5 2656 1130.21 -15.3296 0.17253
H1106TS098_3 1890 1542.95 -15.2989 0.32258
H1144TS133_4 2641 810.876 -15.2855 0
H1144TS227_4 2641 810.876 -15.2855 0
H1142TS398_3 2689 1145.31 -15.2627 0.24262
H1140TS091_2 2700 924.468 -15.2243 0
H1140TS187_2 2700 729.531 -15.1604 0.01176
T1187TS205_5o 2704 668.919 -15.152 0
H1142TS185_2 2687 458.333 -15.1142 0.01754
H1157TS091_5 11595 1143.62 -15.1102 0
T1187TS446_4o 2704 751.942 -15.0653 0
T1187TS461_4o 2704 751.942 -15.0653 0
H1140TS446_1 2702 1083.38 -14.9032 0.00702
H1140TS461_1 2702 1083.38 -14.9032 0.00702
T1113TS447_1o 3090 1047.22 -14.8876 0
H1144TS169_3 2641 752.361 -14.8867 0
H1140TS097_2 2702 869.616 -14.7521 0.00813
H1129TS086_2 10646 623.55 -14.7448 0
T1153TS119_5o 4642 609.148 -14.6869 0
T1153TS131_5o 4642 609.148 -14.6869 0
T1153TS398_3o 4640 582.729 -14.6553 0.1411
H1129TS298_4 10646 484.906 -14.6265 0
H1143TS398_3 2718 1110.49 -14.5633 0.20539
H1157TS312_5 10096 748.337 -14.5388 0
H1142TS169_3 2689 529.4 -14.5261 0
H1140TS180_3 2702 537.234 -14.5232 0
H1140TS165_3 2702 1050.33 -14.5183 0.16479
H1129TS446_4 10646 1201.53 -14.5144 0.03103
H1129TS461_4 10646 1201.53 -14.5144 0.03103
H1141TS314_5 2678 619.76 -14.5104 0
T1187TS360_1o 2704 631.692 -14.4604 0
H1140TS086_4 2702 465.615 -14.4465 0
H1140TS091_5 2700 826.714 -14.4067 0
H1140TS147_4 2701 909.947 -14.4059 0.15745
H1129TS398_2 10646 1527.94 -14.327 0.18367
T1110TS398_4o 3444 1725.32 -14.2945 0.12698
H1140TS187_1 2700 695.526 -14.2662 0
H1140TS423_1 2700 695.526 -14.2662 0
H1129TS446_5 10646 1013.96 -14.2297 0
H1129TS461_5 10646 1013.96 -14.2297 0
H1140TS239_5 2700 626.173 -14.1814 0.18868
H1144TS278_3 2641 510.332 -14.1697 0
H1142TS360_5 2689 607.02 -14.0789 0
H1143TS067_2 2716 482.305 -14.0673 0.01563
H1140TS398_4 2702 1232.74 -14.0636 0.22849
H1140TS367_5 2702 511.541 -14.0532 0
H1142TS225_4 2689 1062.93 -14.0517 0
H1142TS439_2 2640 765.024 -14.0283 0
H1129TS035_3 10644 367.035 -13.9825 0
H1134TS433_2 4170 396.354 -13.9424 0
H1134TS441_2 4170 396.354 -13.9424 0
H1134TS187_2 4168 2159.59 -13.9396 0.00361
H1134TS423_2 4168 2159.59 -13.9396 0.00361
H1140TS003_3 2702 467.259 -13.8955 0
H1140TS367_3 2702 467.259 -13.8955 0
H1141TS433_3 2678 323.309 -13.8798 0
H1141TS441_3 2678 323.309 -13.8798 0
H1129TS374_5 10646 686.248 -13.8701 0
H1140TS348_4 2700 714.068 -13.8665 0
H1140TS398_5 2702 1068.12 -13.8228 0.21352
H1140TS133_2 2702 652.514 -13.7956 0
H1140TS227_2 2702 652.514 -13.7956 0
H1157TS312_3 10075 811.378 -13.7946 0
T1187TS367_4o 2704 672.383 -13.7881 0
H1142TS119_2 2687 575.848 -13.784 0.03311
H1142TS215_2 2689 279.621 -13.7623 0
H1140TS320_4 2702 449.33 -13.7364 0
H1140TS390_4 2702 449.33 -13.7364 0
H1140TS150_3 2702 449.327 -13.7363 0
H1140TS169_4 2702 449.35 -13.7307 0
T1179TS165_2o 4148 1814.85 -13.7305 0.20628
H1142TS092_1 2687 664.278 -13.7151 0.06215
H1140TS188_3 2701 393.718 -13.6937 0
H1142TS169_2 2689 517.604 -13.6889 0
H1140TS320_3 2702 487.861 -13.6456 0
H1140TS390_3 2702 487.861 -13.6456 0
H1140TS169_3 2702 487.854 -13.6441 0
H1140TS150_2 2702 487.852 -13.6435 0
H1140TS133_1 2702 645.053 -13.6069 0
H1140TS227_1 2702 645.053 -13.6069 0
H1143TS493_3 2716 351.201 -13.5988 0
H1141TS165_3 2678 1184.01 -13.5772 0.21944
H1141TS225_1 2678 548.533 -13.5248 0
H1141TS493_5 2676 904.501 -13.4631 0
H1142TS150_4 2689 701.207 -13.3956 0
H1140TS398_2 2702 950.56 -13.3837 0.30364
H1129TS180_2 10644 648.762 -13.3481 0.12575
H1129TS003_5 10646 917.609 -13.3273 0.0367
H1129TS367_3 10646 917.609 -13.3273 0.0367
H1142TS150_5 2689 698.672 -13.3186 0
H1140TS086_2 2702 616.311 -13.3153 0
H1142TS360_2 2689 698.679 -13.2957 0
T1123TS493_5o 4178 403.194 -13.264 0
H1142TS462_4 2689 515.442 -13.2547 0
H1143TS398_5 2718 1022.06 -13.2418 0.23297
H1140TS188_4 2701 433.453 -13.2276 0
H1140TS097_3 2702 1370.45 -13.1957 0.00588
H1142TS288_1 2687 684.936 -13.1863 0.0226
H1140TS003_2 2702 517.264 -13.167 0
T1123TS131_3o 4180 1467.68 -13.1017 0
H1144TS234_1 2641 253.2 -13.0942 0.07353
T1187TS185_2o 2702 617.928 -13.0931 0
H1142TS348_3 2687 942.919 -13.0765 0
H1142TS433_2 2687 756.804 -12.9934 0.03465
H1142TS441_2 2687 756.804 -12.9934 0.03465
H1140TS071_1 2700 631.817 -12.9674 0.22152
H1143TS185_1 2716 487.248 -12.9632 0
H1129TS298_1 10646 772.727 -12.8858 0
H1144TS288_4 2639 773.119 -12.8829 0.17172
H1140TS245_1 2702 789.466 -12.8682 0.04712
H1140TS385_1 2702 789.466 -12.8682 0.04712
H1134TS187_1 4168 2081.79 -12.8216 0.01323
H1134TS423_1 4168 2081.79 -12.8216 0.01323
H1151TS278_5 1786 381.578 -12.8086 0
H1143TS185_3 2716 620.267 -12.7641 0.01212
H1142TS169_1 2689 607.885 -12.6921 0
T1178TS312_2o 4722 836.405 -12.6851 0
H1129TS071_4 10644 1001.61 -12.643 0.18288
H1140TS003_5 2702 481.678 -12.6388 0
H1140TS086_1 2702 481.678 -12.6388 0
H1140TS367_1 2702 481.678 -12.6388 0
H1140TS086_3 2702 370.769 -12.6167 0
H1129TS003_2 10646 605.58 -12.5897 0
H1129TS158_2 10646 605.58 -12.5897 0
H1142TS187_5 2687 489.005 -12.5646 0
H1142TS423_5 2687 489.005 -12.5646 0
H1142TS493_4 2687 245.463 -12.5501 0
H1140TS462_1 2702 564.068 -12.5361 0
T1178TS462_1o 4890 298.93 -12.5137 0
H1134TS312_3 4066 957.519 -12.5028 0
H1129TS086_5 10646 670.215 -12.4935 0
H1129TS165_4 10646 1222.72 -12.4754 0.16514
T1123TS446_4o 4180 274.975 -12.444 0
T1123TS461_4o 4180 274.975 -12.444 0
H1141TS205_4 2678 673.251 -12.3791 0
H1141TS288_4 2676 938.822 -12.3758 0.2616
H1129TS150_4 10646 727.544 -12.3706 0
H1129TS225_5 10646 727.544 -12.3706 0
H1129TS320_4 10646 727.544 -12.3706 0
H1129TS390_4 10646 727.544 -12.3706 0
H1140TS312_1 2659 630.946 -12.365 0
H1129TS234_4 10646 634.148 -12.3552 0.06977
H1142TS374_4 2689 1121.17 -12.3406 0.03169
H1140TS215_1 2702 285.486 -12.313 0
H1144TS131_4 2641 702.343 -12.2874 0
T1153TS248_2o 4642 799.906 -12.2699 0.00976
T1153TS398_5o 4640 738.484 -12.2401 0.25926
T1187TS312_5o 2669 954.442 -12.1865 0
H1142TS462_3 2689 563.423 -12.0997 0
H1129TS234_1 10646 622.233 -12.0594 0.07101
H1142TS239_3 2640 496.841 -11.9793 0
H1129TS119_4 10646 822.777 -11.9787 0.05164
H1142TS147_5 2689 570.649 -11.9725 0
T1153TS278_5o 4642 899.734 -11.966 0.00823
H1140TS185_5 2700 548.077 -11.958 0
H1140TS180_4 2702 548.017 -11.9229 0
H1129TS298_3 10646 655.039 -11.8641 0
T1179TS462_1o 4148 623.766 -11.8635 0
H1144TS215_3 2641 453.791 -11.8188 0
H1129TS188_1 10645 695.269 -11.7862 0.0107
H1151TS131_5 1786 752.712 -11.7662 0
H1140TS446_3 2702 513.961 -11.7262 0
H1140TS461_3 2702 513.961 -11.7262 0
H1140TS239_3 2700 570.285 -11.6885 0.14286
T1187TS180_4o 2704 479.858 -11.6783 0
T1187TS462_4o 2704 479.858 -11.6783 0
H1142TS446_2 2689 616.852 -11.6296 0
H1142TS461_2 2689 616.852 -11.6296 0
T1179TS433_3o 4148 489.053 -11.6038 0
T1179TS441_3o 4148 489.053 -11.6038 0
H1143TS097_5 2718 902.106 -11.5934 0
T1123TS320_4o 4180 614.261 -11.5639 0
H1144TS288_3 2639 700.416 -11.5357 0.17222
T1178TS234_4o 4890 717.968 -11.5334 0.13402
H1141TS234_3 2678 394.894 -11.5206 0.09259
H1140TS131_3 2702 656.163 -11.5181 0
T1161TS052_3o 720 2356.51 -11.4379 0
T1161TS315_3o 720 2356.51 -11.4379 0
H1129TS003_4 10646 460.592 -11.3509 0
H1129TS086_1 10646 460.592 -11.3509 0
H1129TS158_4 10646 460.592 -11.3509 0
H1129TS367_5 10646 460.592 -11.3509 0
T1153TS205_4o 4642 592.197 -11.3259 0
H1129TS003_1 10646 522.245 -11.272 0
H1129TS086_3 10646 522.245 -11.272 0
H1129TS158_1 10646 522.245 -11.272 0
H1129TS367_1 10646 522.245 -11.272 0
T1123TS239_5o 4180 720.724 -11.249 0
H1140TS225_4 2702 1107.48 -11.247 0.02251
H1143TS067_1 2716 715.902 -11.237 0.01015
H1141TS433_1 2676 408.627 -11.227 0.01923
H1141TS441_1 2676 408.627 -11.227 0.01923
H1144TS054_5 2641 608.079 -11.2191 0
H1144TS125_5 2641 608.079 -11.2191 0
H1144TS399_5 2641 608.079 -11.2191 0
H1144TS348_3 2639 926.012 -11.1615 0
H1134TS169_3 4170 936.824 -11.1602 0
H1151TS165_4 1786 1213.38 -11.1579 0.13712
H1141TS071_5 2676 423.992 -11.1328 0.10435
T1123TS462_4o 4180 135.326 -11.072 0
H1142TS439_4 2640 670.31 -11.0677 0
H1142TS131_4 2689 746.111 -11.0578 0
H1129TS054_2 10644 660.047 -11.0423 0.14546
H1129TS125_2 10644 660.047 -11.0423 0.14546
H1129TS399_2 10644 660.047 -11.0423 0.14546
H1140TS225_3 2702 1254.71 -10.9746 0
T1187TS446_2o 2704 828.724 -10.921 0
T1187TS461_2o 2704 828.724 -10.921 0
T1187TS188_1o 2704 717.293 -10.9101 0
H1151TS187_1 1784 448.079 -10.8546 0
H1151TS423_1 1784 448.079 -10.8546 0
H1140TS360_2 2702 528.13 -10.8346 0
H1142TS348_4 2687 858.902 -10.8324 0.03828
H1129TS446_1 10646 733.214 -10.7938 0.04301
H1129TS461_1 10646 733.214 -10.7938 0.04301
H1129TS312_3 9290 629.274 -10.7703 0
H1129TS188_4 10646 739.38 -10.7249 0
H1142TS360_4 2689 622.603 -10.6943 0.0125
T1179TS071_5o 4146 1357.06 -10.6912 0.15888
H1140TS073_3 2700 394.968 -10.677 0.01852
H1140TS011_2 2702 509.542 -10.5431 0
H1140TS434_2 2702 509.542 -10.5431 0
T1123TS165_5o 4180 1832.85 -10.4927 0.18826
H1143TS097_4 2718 722.259 -10.4276 0
H1129TS037_2 10646 995.226 -10.3966 0.03704
H1129TS098_5 10646 800.983 -10.3181 0
T1123TS446_2o 4180 292.678 -10.3171 0
T1123TS461_2o 4180 292.678 -10.3171 0
H1141TS185_3 2676 379.82 -10.315 0.01961
H1140TS312_3 2659 591.09 -10.3133 0
H1129TS225_3 10646 5237.35 -10.2902 0.00915
H1142TS133_2 2689 742.488 -10.2603 0.0098
H1151TS333_4 1785 629.787 -10.2376 0
H1151TS368_4 1785 629.787 -10.2376 0
H1140TS225_1 2702 1150.07 -10.2198 0.02797
T1123TS188_1o 4179 622.629 -10.2136 0.03636
H1140TS493_1 2700 727.897 -10.2114 0
H1140TS133_4 2702 506.058 -10.1894 0
H1140TS227_4 2702 506.058 -10.1894 0
H1140TS360_4 2702 558.121 -10.1316 0.07353
T1187TS493_3o 2702 652.439 -10.1262 0
T1187TS298_1o 2704 885.969 -10.1225 0.0567
T1187TS320_1o 2704 960.427 -10.1058 0.0531
T1187TS390_1o 2704 960.427 -10.1058 0.0531
H1142TS125_5 2689 465.987 -10.0948 0
H1142TS399_5 2689 465.987 -10.0948 0
H1142TS054_5 2689 465.987 -10.0948 0
H1142TS360_3 2689 885.738 -10.0737 0.04206
H1134TS215_3 4170 259.4 -10.0517 0
H1141TS423_5 2676 1315.38 -10.0367 0
H1144TS234_4 2641 326.232 -10.0328 0.08989
T1179TS462_3o 4148 342.354 -10.0023 0
H1143TS185_2 2716 242.383 -9.99981 0
H1129TS298_2 10646 690.36 -9.98677 0
T1187TS187_2o 2702 1063.28 -9.96779 0
T1187TS423_2o 2702 1063.28 -9.96779 0
T1123TS348_3o 4178 1597.03 -9.79921 0
H1142TS288_2 2687 749.219 -9.79224 0.12169
H1140TS462_5 2702 513.1 -9.79134 0
H1140TS071_4 2700 625.708 -9.76501 0.13291
H1142TS399_3 2689 596.085 -9.7614 0
H1142TS054_3 2689 596.085 -9.7614 0
H1142TS125_3 2689 596.085 -9.7614 0
H1129TS234_3 10646 580.418 -9.66613 0.0625
H1151TS187_3 1784 431.236 -9.63928 0
H1151TS423_3 1784 431.236 -9.63928 0
T1187TS234_3o 2704 360.554 -9.6318 0.15217
H1140TS423_5 2700 424.042 -9.61274 0
T1187TS229_5o 2638 1040.32 -9.55798 0
T1187TS239_5o 2638 1040.32 -9.55798 0
T1187TS439_5o 2638 1040.32 -9.55798 0
T1178TS312_3o 4460 1134.07 -9.55235 0
H1144TS433_3 2641 285.983 -9.54735 0
H1144TS441_3 2641 285.983 -9.54735 0
T1153TS035_1o 4642 1054.72 -9.53639 0
T1187TS180_2o 2704 721.213 -9.49542 0.0101
T1187TS462_2o 2704 721.213 -9.49542 0.0101
T1123TS131_5o 4180 724.975 -9.49507 0
H1129TS234_5 10646 584.631 -9.47999 0.14865
H1140TS298_1 2702 641.611 -9.44821 0
H1140TS011_3 2702 604.993 -9.40016 0
H1140TS434_3 2702 604.993 -9.40016 0
H1141TS433_4 2676 301.984 -9.39327 0.05
H1141TS441_4 2676 301.984 -9.39327 0.05
H1144TS119_4 2639 464.728 -9.36628 0
H1140TS187_4 2700 477.347 -9.33796 0
H1140TS423_3 2700 477.347 -9.33796 0
T1187TS003_4o 2704 645.4 -9.31725 0
H1140TS180_5 2702 397.711 -9.17141 0
H1141TS215_4 2678 188.649 -9.0955 0
H1144TS215_2 2641 380.538 -8.90291 0
H1140TS493_4 2700 770.588 -8.89678 0
H1144TS011_4 2641 882.018 -8.87646 0.00909
H1144TS434_4 2641 882.018 -8.87646 0.00909
T1179TS234_4o 4148 715.2 -8.81442 0.04
T1113TS165_2o 3090 1860.15 -8.81382 0.16075
H1142TS462_5 2689 648.967 -8.80612 0
H1129TS073_2 10644 1061.53 -8.79748 0.21154
H1129TS071_2 10644 979.346 -8.70311 0.18952
H1142TS131_5 2689 716.118 -8.6601 0
T1179TS180_2o 4148 432.998 -8.614 0
T1178TS234_5o 4890 781.099 -8.53357 0.24038
H1129TS477_1 10350 811.918 -8.50106 0.14286
H1129TS245_1 10646 9061.98 -8.49228 0.0256
H1129TS385_1 10646 9061.98 -8.49228 0.0256
H1142TS439_1 2640 504.314 -8.48241 0
H1140TS054_4 2702 393.526 -8.45839 0.01869
H1140TS125_4 2702 393.526 -8.45839 0.01869
H1140TS399_4 2702 393.526 -8.45839 0.01869
H1141TS398_3 2678 987.267 -8.27034 0.33977
H1142TS131_3 2689 721.822 -8.25866 0
H1142TS119_5 2687 721.838 -8.25662 0
T1187TS360_5o 2704 775.583 -8.235 0
T1123TS278_3o 3964 601.992 -8.18161 0
H1142TS215_3 2689 171.246 -8.17911 0
H1140TS098_3 2702 772.551 -8.16535 0.04372
T1179TS446_1o 4148 159.744 -8.1246 0
T1179TS461_1o 4148 159.744 -8.1246 0
H1142TS187_2 2687 512.046 -8.11379 0
H1142TS423_2 2687 512.046 -8.11379 0
T1160TS312_4o 662 283.227 -8.03379 0
H1140TS150_5 2702 531.708 -7.98501 0
T1187TS398_5o 2704 1110.28 -7.92865 0.15436
H1140TS071_2 2700 640.911 -7.90905 0.11801
T1123TS205_4o 4180 878.92 -7.84211 0
H1142TS185_3 2687 424.778 -7.81864 0
H1157TS234_4 11828 437.467 -7.79917 0.0885
H1142TS185_4 2687 394.915 -7.74456 0
T1179TS234_1o 4148 462.873 -7.68815 0.0303
H1144TS348_4 2639 848.072 -7.66619 0.03653
T1123TS446_5o 4180 878.888 -7.60755 0.09756
T1123TS461_5o 4180 878.888 -7.60755 0.09756
H1142TS462_2 2689 494.999 -7.57743 0
H1141TS215_3 2678 288.066 -7.5689 0
H1129TS150_3 10646 666.178 -7.51732 0
H1129TS320_3 10646 666.178 -7.51732 0
H1129TS390_3 10646 666.178 -7.51732 0
H1129TS131_3 10646 316.945 -7.51211 0
H1140TS180_2 2702 442.198 -7.38232 0
H1129TS150_5 10646 524.385 -7.3252 0
H1129TS320_5 10646 524.385 -7.3252 0
H1129TS390_5 10646 524.385 -7.3252 0
H1142TS225_3 2689 1361.18 -7.31086 0.02121
H1144TS215_4 2641 135.356 -7.30055 0
H1143TS239_4 2668 700.727 -7.29573 0
H1142TS215_4 2689 354.568 -7.27287 0
H1134TS312_5 4045 788.198 -7.26917 0
H1142TS239_2 2640 791.236 -7.18213 0
H1144TS067_2 2639 363.497 -7.11144 0.02198
T1187TS188_4o 2704 850.336 -7.10711 0
H1140TS477_1 2700 667.133 -6.96906 0.26163
T1153TS248_1o 4642 441.272 -6.94864 0
H1140TS215_5 2702 316.732 -6.93534 0
T1113TS447_2o 3090 998.224 -6.90082 0
H1129TS434_4 10646 640.393 -6.81704 0.05479
T1187TS119_4o 2704 556.45 -6.77861 0.04828
H1140TS119_3 2700 411.682 -6.73136 0
H1140TS131_5 2702 411.683 -6.72942 0
T1179TS398_5o 4148 1778.5 -6.58776 0.20227
H1129TS131_2 10646 442.742 -6.43045 0
H1141TS446_3 2678 711.701 -6.41655 0.04839
H1141TS461_3 2678 711.701 -6.41655 0.04839
H1142TS446_5 2689 679.22 -6.39104 0
H1142TS461_5 2689 679.22 -6.39104 0
H1106TS227_1 1888 2405.06 -6.3897 0.23339
T1109TS398_4o 3438 1698.83 -6.3783 0.14943
T1179TS098_1o 4148 252.999 -6.37205 0
T1179TS169_4o 4148 252.999 -6.37205 0
H1144TS187_4 2639 1815.25 -6.35428 0.0044
H1144TS423_4 2639 1815.25 -6.35428 0.0044
T1187TS147_2o 2704 1005.64 -6.35025 0.0531
H1129TS073_5 10644 635.902 -6.34231 0.25641
H1141TS215_5 2678 302.9 -6.33974 0
H1140TS188_2 2701 427.967 -6.32467 0
H1142TS125_4 2689 589.271 -6.30357 0
H1142TS399_4 2689 589.271 -6.30357 0
H1142TS054_4 2689 589.271 -6.30357 0
H1157TS433_4 11826 216.368 -6.28128 0.04762
H1157TS441_4 11826 216.368 -6.28128 0.04762
H1140TS097_1 2702 693.561 -6.23217 0
T1123TS462_5o 4180 604.685 -6.21498 0
T1187TS180_5o 2704 524.997 -6.18571 0
T1187TS462_5o 2704 524.997 -6.18571 0
T1178TS234_3o 4890 942.734 -6.17338 0.11207
T1153TS248_3o 4642 311.71 -6.16503 0
H1144TS067_1 2639 419.939 -6.12872 0.01626
T1124TS398_3o 5922 2224.84 -6.05171 0.25507
H1140TS446_4 2702 439.565 -6.04717 0
H1140TS461_4 2702 439.565 -6.04717 0
H1140TS215_3 2702 86.1327 -5.97806 0
T1161TS312_3o 658 848.36 -5.95938 0
H1129TS215_5 10646 453.52 -5.92268 0
H1129TS234_2 10646 602.22 -5.7912 0.17333
T1187TS493_2o 2702 731.529 -5.75798 0
T1187TS071_2o 2702 809.619 -5.75566 0.14932
H1144TS185_2 2639 388.355 -5.69999 0.01905
H1141TS348_5 2676 631.979 -5.62173 0
T1179TS433_5o 4148 449.46 -5.54666 0
T1179TS441_5o 4148 449.46 -5.54666 0
H1140TS397_5 2680 536.235 -5.54041 0.21642
H1144TS185_3 2639 399.022 -5.52785 0
H1129TS098_4 10646 901.738 -5.51421 0.03493
H1142TS399_2 2689 503.627 -5.50414 0
H1142TS054_2 2689 503.627 -5.50414 0
H1142TS125_2 2689 503.627 -5.50414 0
H1143TS288_4 2716 598.48 -5.47595 0.14765
H1129TS215_1 10646 187.131 -5.36387 0
H1106TS227_2 1888 2399.46 -5.36358 0.25433
H1141TS215_1 2678 298.59 -5.35033 0
H1129TS348_3 10644 1325.69 -5.33333 0.02469
H1129TS360_4 10646 1325.69 -5.33333 0.02469
H1144TS215_1 2641 235.03 -5.3083 0
T1179TS446_4o 4148 566.317 -5.28716 0
T1179TS461_4o 4148 566.317 -5.28716 0
T1178TS398_5o 4890 3335.88 -5.25929 0.22864
T1123TS169_5o 4180 622.663 -5.24641 0
H1144TS234_5 2641 303.896 -5.2345 0.0875
T1123TS278_5o 3964 489.083 -5.2331 0
T1160TS165_5o 716 1034.61 -5.20874 0.06923
H1142TS234_1 2689 536.157 -5.2045 0.33093
H1140TS494_5 2702 548.957 -5.20153 0
T1178TS446_5o 4890 214.284 -5.1948 0
T1178TS461_5o 4890 214.284 -5.1948 0
H1142TS399_1 2689 571.083 -5.17034 0
H1142TS054_1 2689 571.083 -5.17034 0
H1142TS125_1 2689 571.083 -5.17034 0
H1142TS215_1 2689 422.367 -5.16668 0
H1143TS234_1 2718 500.72 -5.15877 0.34426
H1144TS234_3 2641 257.018 -5.11993 0.1746
T1179TS180_4o 4148 385.854 -5.09632 0
H1129TS188_3 10646 623.105 -5.08624 0
H1144TS185_4 2639 492.322 -5.0651 0
H1140TS071_5 2700 614.795 -5.05746 0.13376
H1144TS234_2 2641 372.497 -5.02557 0.06122
H1142TS071_2 2687 778.511 -5.0216 0.16908
H1140TS433_1 2702 202.101 -5.01901 0
H1140TS441_1 2702 202.101 -5.01901 0
T1153TS248_5o 4642 614.244 -5.00973 0
H1144TS215_5 2641 289.027 -4.98775 0
H1106TS333_5 1889 177.938 -4.91736 0
H1106TS368_5 1889 177.938 -4.91736 0
H1140TS158_2 2702 494.303 -4.9104 0
H1142TS169_4 2689 554.12 -4.83632 0
T1187TS150_2o 2704 1247.58 -4.74029 0.09249
H1140TS054_2 2702 384.907 -4.72767 0
H1140TS125_2 2702 384.907 -4.72767 0
H1140TS399_2 2702 384.907 -4.72767 0
H1142TS169_5 2689 604.257 -4.69354 0
H1140TS397_1 2680 624.117 -4.65407 0.20732
H1142TS239_1 2640 529.875 -4.62237 0
H1142TS215_5 2689 282.315 -4.61936 0
H1140TS067_1 2700 554.449 -4.53335 0.01351
H1143TS150_5 2718 690.905 -4.49281 0.05233
H1142TS071_5 2687 780.904 -4.41084 0.16
H1143TS398_4 2718 1134.38 -4.37178 0.2027
T1187TS071_1o 2702 856.144 -4.36244 0.17195
T1179TS180_1o 4148 391.94 -4.32616 0
T1178TS423_5o 4888 268.104 -4.3068 0
T1179TS188_4o 4148 516.398 -4.1673 0
T1187TS150_3o 2704 1254.18 -4.15503 0.10588
T1187TS374_5o 2704 847.326 -4.13294 0.05714
H1141TS234_5 2678 286.102 -4.12551 0.04762
H1129TS215_4 10646 125.421 -4.09767 0
T1179TS446_3o 4148 159.582 -4.06686 0
T1179TS461_3o 4148 159.582 -4.06686 0
H1129TS098_2 10646 975.95 -4.05711 0.03376
H1129TS098_3 10646 975.95 -4.05711 0.03376
T1153TS074_5o 4640 543.731 -4.01159 0.10323
T1153TS288_5o 4640 543.731 -4.01159 0.10323
T1123TS462_1o 4180 305.513 -3.94805 0
H1151TS187_2 1784 441.203 -3.94743 0
H1151TS423_2 1784 441.203 -3.94743 0
T1187TS234_2o 2704 137.443 -3.79908 0
H1144TS433_2 2641 231.473 -3.79361 0
H1144TS441_2 2641 231.473 -3.79361 0
T1160TS312_3o 658 1036.88 -3.78493 0
H1140TS348_2 2700 831.075 -3.77183 0.04327
T1178TS234_1o 4890 974.294 -3.63253 0.17742
T1179TS234_2o 4148 85.9243 -3.44035 0
H1140TS092_1 2700 606.736 -3.35319 0.12414
T1179TS180_5o 4148 384.527 -3.3474 0
H1134TS333_4 4169 198.416 -3.32798 0
H1134TS368_4 4169 198.416 -3.32798 0
H1157TS234_3 11828 236.842 -3.30213 0.14286
H1129TS073_4 10644 824.639 -3.2306 0.13043
T1179TS348_4o 4146 1921.64 -3.18373 0.02268
H1140TS239_2 2700 649.038 -3.13747 0.16568
H1142TS131_2 2689 790.156 -3.0623 0.0439
H1142TS119_3 2687 790.196 -3.06084 0.0439
H1144TS288_5 2639 713.259 -3.04322 0.24405
T1179TS360_3o 4148 1403.04 -3.01657 0
T1123TS398_4o 4180 1788.37 -2.94616 0.26407
H1140TS150_4 2702 592.462 -2.9105 0
H1151TS067_1 1784 233.321 -2.90241 0.03774
H1140TS320_5 2702 592.464 -2.89089 0
H1140TS390_5 2702 592.464 -2.89089 0
H1140TS169_5 2702 592.44 -2.88268 0
H1140TS234_4 2702 409.741 -2.86959 0.3
H1129TS131_1 10646 140.52 -2.85436 0
H1140TS086_5 2702 644.041 -2.85345 0
H1141TS234_2 2678 412.44 -2.79603 0.08824
H1129TS215_3 10646 69.9968 -2.77755 0
H1157TS234_2 11828 622.177 -2.77253 0.15924
H1144TS433_5 2641 382.389 -2.76518 0
H1144TS441_5 2641 382.389 -2.76518 0
H1129TS188_2 10646 638.224 -2.75646 0.05479
H1129TS462_4 10644 194.473 -2.71125 0.11628
H1129TS360_5 10646 1331.53 -2.70582 0
H1157TS234_5 11828 629.475 -2.67875 0.15116
H1129TS433_4 10644 135.687 -2.61797 0.05128
H1129TS441_4 10644 135.687 -2.61797 0.05128
H1141TS433_5 2678 379.667 -2.59984 0
H1141TS441_5 2678 379.667 -2.59984 0
T1123TS205_3o 4180 996.686 -2.57011 0.00719
H1106TS370_3 1889 274.969 -2.55767 0.05714
H1129TS398_3 10646 1609.95 -2.54585 0.20723
H1129TS131_5 10646 167.32 -2.51874 0
T1123TS477_1o 4178 366.567 -2.45864 0.01887
H1142TS239_4 2640 429.997 -2.43117 0
H1143TS119_2 2716 603.258 -2.40606 0
H1157TS312_1 10075 1132.85 -2.39941 0
H1141TS234_4 2678 460.17 -2.35922 0.21239
T1123TS188_5o 4180 546.532 -2.30487 0
H1129TS278_2 10646 608.068 -2.25823 0
T1178TS462_3o 4890 58.3867 -2.19519 0
H1140TS433_4 2700 75.2413 -2.19135 0
H1140TS441_4 2700 75.2413 -2.19135 0
T1179TS462_4o 4148 79.9907 -2.14553 0
H1140TS433_3 2702 84.815 -2.06053 0
H1140TS441_3 2702 84.815 -2.06053 0
H1141TS215_2 2678 270.457 -2.05443 0
H1140TS215_4 2702 344.312 -2.03464 0
H1144TS433_1 2641 274.095 -2.02847 0
H1144TS441_1 2641 274.095 -2.02847 0
H1142TS133_1 2689 689.838 -2.01138 0.05464
H1142TS133_5 2689 689.838 -2.01138 0.05464
H1140TS433_5 2702 173.122 -1.98546 0
H1140TS441_5 2702 173.122 -1.98546 0
H1144TS119_5 2639 896.805 -1.80626 0.00905
H1142TS133_3 2689 628.177 -1.75857 0
H1143TS092_1 2716 501.59 -1.72994 0.06504
H1140TS397_3 2680 633.126 -1.72499 0.19075
T1179TS462_5o 4148 325.4 -1.65014 0
H1106TS098_4 1890 2120.47 -1.6009 0.38012
H1151TS234_5 1785 583.067 -1.51656 0.16901
T1153TS447_2o 4642 62.5836 -1.48958 0
H1142TS234_4 2689 462.906 -1.45802 0.24409
H1142TS245_1 2689 604.125 -1.44759 0.05263
H1142TS385_1 2689 604.125 -1.44759 0.05263
H1151TS398_3 1786 756.852 -1.27268 0.21429
H1106TS234_3 1890 545.903 -1.2637 0.28571
T1187TS071_4o 2702 854.926 -1.25969 0.08824
H1140TS433_2 2700 158.944 -1.17902 0
H1140TS441_2 2700 158.944 -1.17902 0
H1140TS234_2 2702 196.592 -1.1415 0.12069
H1142TS098_2 2689 1096.42 -1.12803 0.41523
T1124TS444_4o 5922 5610.31 -1.00345 0.30712
T1123TS291_2o 4178 1072.33 -0.87745 0.00658
T1123TS350_2o 4178 1072.33 -0.87745 0.00658
H1142TS398_5 2689 1055.67 -0.85237 0.30605
H1157TS091_2 11595 103.918 -0.83694 0
H1129TS462_5 10644 371.001 -0.82044 0.10526
H1129TS462_2 10644 14.3058 -0.80752 0
H1141TS067_2 2676 484.922 -0.74621 0.01575
H1157TS234_1 11828 198.154 -0.73995 0
H1129TS462_1 10644 76.745 -0.66466 0
H1129TS071_3 10644 991.121 -0.56569 0.17391
H1129TS054_3 10644 722.333 -0.55507 0.16667
H1129TS125_3 10644 722.333 -0.55507 0.16667
H1129TS399_3 10644 722.333 -0.55507 0.16667
H1157TS433_2 11826 165.037 -0.40989 0.04
H1157TS441_2 11826 165.037 -0.40989 0.04
T1178TS180_5o 4890 201.236 -0.38106 0
H1144TS054_3 2641 776.568 -0.2337 0
H1144TS125_3 2641 776.568 -0.2337 0
H1144TS399_3 2641 776.568 -0.2337 0
H1129TS433_1 10644 163.133 -0.2197 0
H1129TS441_1 10644 163.133 -0.2197 0
H1142TS067_2 2687 238.225 -0.19546 0.03077
T1179TS462_2o 4148 17.4584 -0.17001 0
T1161TS312_1o 658 779.571 -0.15588 0
H1151TS234_4 1785 443.335 -0.07802 0.17544
H1140TS131_4 2702 954.637 -0.04668 0
T1187TS367_3o 2704 944.714 0.08332 0
H1151TS165_5 1786 1636.77 0.13859 0.1925
T1153TS074_1o 4640 1081.41 0.34085 0.22559
T1153TS288_2o 4640 1081.41 0.34085 0.22559
T1187TS234_5o 2704 514.67 0.48443 0.45454
H1157TS433_1 11826 198.331 0.53849 0.04918
H1157TS441_1 11826 198.331 0.53849 0.04918
T1123TS398_1o 4180 1857.03 0.70411 0.22222
H1106TS370_2 1889 198.421 0.86561 0.08163
H1140TS288_1 2700 737.898 0.95076 0.195
H1140TS288_2 2700 737.898 0.95076 0.195
H1140TS288_3 2700 737.898 0.95076 0.195
H1140TS288_4 2700 737.898 0.95076 0.195
H1140TS288_5 2700 737.898 0.95076 0.195
H1140TS245_5 2702 1655.95 0.95489 0
H1141TS234_1 2678 506.118 1.01416 0.22388
T1178TS462_4o 4890 44.2735 1.05699 0
T1187TS150_4o 2704 1149.39 1.17215 0.07407
T1153TS398_4o 4642 917.211 1.46465 0.16596
H1151TS234_2 1785 550.375 1.49875 0.26357
H1129TS433_5 10644 99.8072 1.5034 0
H1129TS441_5 10644 99.8072 1.5034 0
H1143TS234_5 2718 588.349 1.80948 0.28671
H1151TS067_2 1784 286.267 1.8696 0.0274
H1141TS245_4 2678 1314.73 1.89222 0.0479
H1143TS234_4 2718 637.564 1.89868 0.24138
H1141TS397_2 2657 491.886 1.98018 0.11811
H1143TS234_2 2718 493.812 2.06967 0.24409
H1140TS360_5 2702 526.119 2.19468 0
T1179TS433_4o 4148 339.07 2.23807 0
T1179TS441_4o 4148 339.07 2.23807 0
H1142TS234_5 2689 410.757 2.39946 0.21495
H1143TS398_2 2718 994.99 2.42467 0.22868
H1106TS370_4 1889 215.108 2.45637 0.0678
H1140TS397_2 2680 668.815 2.50583 0.1875
H1142TS067_1 2687 187.846 2.53808 0.03509
H1134TS234_5 4170 442.231 2.60053 0
H1157TS180_5 11826 128.656 2.60579 0.26667
H1157TS462_5 11826 128.656 2.60579 0.26667
T1178TS446_2o 4890 1120.57 2.68674 0
T1178TS461_2o 4890 1120.57 2.68674 0
T1153TS165_3o 4642 1214.47 2.76562 0.27692
T1187TS234_4o 2704 182.75 2.86708 0
H1144TS397_4 2619 489.335 3.01925 0.0431
H1142TS477_1 2687 753.62 3.09043 0.21739
T1179TS131_5o 4148 1386.05 3.09722 0.01918
H1140TS234_3 2702 225.201 3.11944 0.14035
T1160TS052_4o 716 2097.07 3.1345 0
T1160TS315_4o 716 2097.07 3.1345 0
T1179TS433_1o 4148 204.933 3.25101 0
T1179TS441_1o 4148 204.933 3.25101 0
H1129TS433_3 10644 406.491 3.28837 0.09709
H1129TS441_3 10644 406.491 3.28837 0.09709
H1129TS433_2 10644 228.686 3.39651 0.08
H1129TS441_2 10644 228.686 3.39651 0.08
T1123TS360_3o 4180 886.151 3.47417 0.03111
H1142TS234_3 2689 399.389 3.64786 0.125
H1142TS234_2 2689 440.883 3.72851 0.25833
T1123TS348_4o 4178 1725.98 3.7336 0.01946
H1129TS462_3 10644 182.998 3.81826 0
T1187TS398_2o 2704 944.643 3.83524 0.20564
H1129TS225_4 10646 7389.95 3.95232 0.01438
H1142TS086_5 2689 592.394 4.01041 0
H1142TS071_4 2687 796.073 4.05391 0.21608
H1134TS234_1 4170 442.766 4.18552 0
H1134TS333_2 4169 1124.07 4.57393 0.00697
H1134TS368_2 4169 1124.07 4.57393 0.00697
H1134TS333_3 4169 1220.35 4.60233 0
H1134TS368_3 4169 1220.35 4.60233 0
T1187TS003_1o 2704 941.668 4.63302 0
T1187TS086_2o 2704 941.668 4.63302 0
T1187TS158_1o 2704 941.668 4.63302 0
H1134TS067_2 4168 398.22 4.64406 0.03297
T1109TS234_1o 3440 89.1434 4.64756 0.3913
T1179TS446_2o 4148 808.128 4.79356 0.04
T1179TS461_2o 4148 808.128 4.79356 0.04
T1123TS320_2o 4180 1040.84 4.83837 0
H1134TS234_3 4170 435.396 4.85617 0.10236
H1144TS397_2 2619 542.516 5.17858 0.17886
T1187TS493_4o 2702 634.215 5.36564 0
H1140TS234_1 2702 223.833 5.73544 0.11765
H1106TS370_1 1889 176.437 5.73903 0.08333
T1160TS312_1o 662 1019.3 5.79363 0
T1187TS234_1o 2704 133.705 5.80494 0.1875
H1129TS158_5 10646 651.687 6.02307 0.24675
H1141TS225_4 2678 798.198 6.17587 0.00893
T1179TS037_5o 4148 3058.88 6.18997 0.01166
H1140TS360_3 2702 513.831 6.50863 0.06716
T1179TS298_4o 4148 1515.11 6.57323 0.02122
H1141TS397_3 2656 733.199 6.61384 0.2139
H1134TS067_1 4168 303.64 6.69551 0.02564
H1151TS234_1 1785 463.91 6.7854 0.21008
H1129TS098_1 10646 873.954 7.11204 0.03704
H1129TS169_1 10646 873.954 7.11204 0.03704
H1129TS169_2 10646 873.954 7.11204 0.03704
T1179TS398_3o 4148 950.054 7.15621 0.08333
T1161TS312_5o 658 825.821 7.16789 0
H1106TS370_5 1889 207.657 7.26643 0.06667
H1134TS234_2 4170 576.826 7.75599 0.14375
H1140TS187_5 2700 662.188 7.99768 0.07895
H1140TS423_4 2700 662.188 7.99768 0.07895
H1142TS288_4 2687 861.22 8.36059 0.27523
H1144TS187_5 2639 909.4 8.84389 0.03167
H1144TS423_5 2639 909.4 8.84389 0.03167
H1142TS071_1 2687 768.814 8.86709 0.16749
H1142TS071_3 2687 706.774 8.91824 0.25544
T1187TS398_3o 2704 964.855 9.31789 0.20313
T1187TS071_3o 2702 749.067 9.44248 0.19895
T1179TS165_1o 4148 2090.24 9.55472 0.2563
T1187TS165_3o 2704 1409.62 9.76706 0.26786
H1143TS234_3 2718 442.073 9.95934 0.2973
H1140TS239_1 2700 868.237 10.0107 0.21818
T1179TS390_4o 4148 2064.33 10.1601 0.22899
H1129TS054_4 10644 1419.96 10.4297 0.26765
H1129TS125_4 10644 1419.96 10.4297 0.26765
H1129TS399_4 10644 1419.96 10.4297 0.26765
H1140TS239_4 2700 606.384 10.6439 0.28571
H1142TS288_5 2687 934.456 10.9951 0.28571
H1151TS234_3 1785 509.075 11.157 0.14063
T1161TS052_4o 720 2523.2 11.2996 0
T1161TS315_4o 720 2523.2 11.2996 0
T1127TS234_2o 3400 1047.12 11.3069 0.31076
H1144TS397_3 2619 749.08 11.7367 0.16
H1140TS397_4 2680 617.601 11.8857 0.10714
T1179TS150_4o 4148 2065.93 12.7674 0.23849
T1127TS234_1o 3400 1082.42 13.0876 0.30651
T1179TS165_4o 4148 1549.06 13.277 0.19023
T1121TS234_1o 6060 415.12 13.4433 0.23478
H1142TS227_1 2689 608.51 14.3812 0
H1142TS434_1 2689 608.51 14.3812 0
H1142TS011_1 2689 608.51 14.3812 0
H1134TS234_4 4170 614.863 15.2188 0.03409
H1144TS398_4 2641 1349.47 15.4776 0.21652
H1140TS165_5 2702 1657.46 15.7158 0.29684
T1153TS165_4o 4642 1866.7 16.0402 0.24528
H1129TS073_1 10644 1188.75 16.6068 0.30612
H1129TS054_5 10644 1297.14 16.661 0.27707
H1129TS125_5 10644 1297.14 16.661 0.27707
H1129TS399_5 10644 1297.14 16.661 0.27707
T1187TS398_1o 2704 970.923 17.4482 0.22308
T1153TS165_2o 4640 2360.1 17.5324 0.23466
H1106TS333_1 1405 400.245 17.6222 0.21
H1106TS333_4 1405 400.245 17.6222 0.21
H1106TS368_1 1405 400.245 17.6222 0.21
H1106TS368_4 1405 400.245 17.6222 0.21
H1134TS245_5 4170 4712.78 17.8712 0.00806
H1134TS385_5 4170 4712.78 17.8712 0.00806
T1123TS150_4o 4180 903.952 18.0787 0.16807
T1160TS312_5o 662 935.03 18.1617 0
H1106TS234_1 1890 669.45 18.3722 0.42857
H1144TS397_5 2619 869.032 18.5141 0.29469
H1141TS397_1 2656 796.425 19.2304 0.20513
H1151TS333_1 1352 678.026 19.3838 0.07018
H1151TS368_1 1352 678.026 19.3838 0.07018
T1187TS398_4o 2704 804.485 22.5495 0.26667
T1179TS165_3o 4148 1825.76 22.5689 0.18483
T1123TS098_1o 4180 1523.77 23.3271 0.29091
T1123TS169_2o 4180 1523.77 23.3271 0.29091
T1123TS188_2o 4180 1523.77 23.3271 0.29091
H1142TS188_1 2689 547.586 25.0154 0.30873
H1142TS188_2 2689 547.586 25.0154 0.30873
H1142TS188_3 2689 547.586 25.0154 0.30873
H1142TS188_4 2689 547.586 25.0154 0.30873
H1142TS188_5 2689 547.586 25.0154 0.30873
T1160TS052_5o 716 2702.26 26.0748 0
T1160TS315_5o 716 2702.26 26.0748 0
T1187TS150_1o 2704 1155.99 28.363 0.0979
T1121TS098_5o 6060 2406.43 30.3208 0.27742
T1187TS165_1o 2704 1592.51 30.4141 0.17593
T1153TS165_5o 4642 2480.42 32.1924 0.23432
H1129TS054_1 10644 967.229 32.2036 0.32609
H1129TS125_1 10644 967.229 32.2036 0.32609
H1129TS399_1 10644 967.229 32.2036 0.32609
H1144TS397_1 2619 1030.35 32.9957 0.33058
T1179TS165_5o 4148 2025.56 33.809 0.25726
T1187TS278_4o 2704 1705.88 34.6892 0
T1113TS234_1o 3090 997.611 36.7129 0.38866
H1106TS234_4 1890 1043.38 38.6119 0.44215
H1141TS169_1 2678 939.948 39.9267 0.4009
H1140TS245_4 2702 2466.5 43.3125 0.01689
T1123TS385_1o 4180 1418.5 43.7188 0.39557
T1179TS398_4o 4148 1261.74 45.137 0.25532
H1129TS245_5 10646 10812.9 47.8061 0.01467
T1113TS098_2o 3090 2874.26 50.0057 0.3844
T1123TS098_2o 4180 2418.75 53.718 0.25427
T1123TS169_1o 4180 2418.75 53.718 0.25427
T1123TS188_3o 4180 2418.75 53.718 0.25427
H1129TS092_1 10644 1439.02 55.1938 0.38728
H1106TS234_2 1890 1265.16 55.7972 0.54576
T1121TS098_4o 6060 2104.65 60.6783 0.36786
T1113TS098_3o 3090 2309.3 75.4579 0.51356
T1124TS444_2o 5922 5237.18 94.7461 0.38991
T1110TS234_1o 3446 1785.72 96.7147 0.51942
H1141TS098_4 2678 2147.96 132.813 0.57551
H1140TS098_4 2702 3224.89 153.54 0.54388
T1124TS444_1o 5924 4317.85 160.911 0.44422
T1124TS444_5o 5924 4317.85 160.911 0.44422
H1141TS098_5 2678 2395.53 205.851 0.56915
H1142TS098_3 2689 4343.4 218.499 0.61498
H1106TS234_5 1890 2696.37 222.468 0.66426
H1140TS098_5 2702 3210.67 222.772 0.61727
T1124TS444_3o 5924 5161.36 290.41 0.52563
H1134TS098_5 4170 4875.56 409.646 0.66535
H1129TS257_5 10644 8662.04 457.265 0.56919
H1129TS225_1 10646 29359.7 495.303 0.02422
T1124TS098_4o 5924 11931.6 549.496 0.61864
T1187TS098_4o 2704 9893.12 594.688 0.70564
T1187TS169_1o 2704 9893.12 594.688 0.70564
T1187TS098_5o 2704 10547.9 611.402 0.70618
T1187TS169_3o 2704 10547.9 611.402 0.70618
T1179TS098_5o 4148 13099.7 658.888 0.65924
T1179TS169_5o 4148 13099.7 658.888 0.65924
T1124TS098_5o 5924 16026.1 735.635 0.59694
T1179TS098_4o 4148 12750.2 751.43 0.71723
T1179TS169_1o 4148 12750.2 751.43 0.71723
T1110TS098_2o 3446 13844.7 804.602 0.71201
T1110TS098_3o 3446 14841.3 876.644 0.77281
T1109TS098_3o 3440 15358.7 877.122 0.79508
T1178TS169_5o 4890 17794.4 1029.56 0.72061
T1178TS098_4o 4890 17630.9 1038.4 0.779
T1178TS169_4o 4890 17630.9 1038.4 0.779
T1109TS098_2o 3440 15685.3 1040.18 0.7974
H1129TS245_2 10646 23167 2038.07 0.14448
H1129TS245_4 10646 20942.1 2095.68 0.25734
H1129TS245_3 10646 30490.5 2732.09 0.14724
