ID                                             area_pseudoenergy  area_total  area_expected_to_persist  area_goodness_pseudoenergy  best_core_pseudoenergy  best_core_area
design1_rebuilt_mutated_A_1_ASN_relaxed.pdb    -1342.87978994911  1300.53124  894.849347546185          -1979.96887511238           -1501.96538553335       1182.10029
design1_rebuilt_mutated_A_2_THR_relaxed.pdb    -1229.91998542296  1352.72299  896.49145562874           -2002.53901098895           -1386.67057140708       1246.1638
design1_rebuilt_mutated_A_161_TRP_relaxed.pdb  -1229.78656329202  1341.37552  888.945106365294          -1966.0135375772            -1392.56122032044       1190.57999
design1_rebuilt_mutated_A_108_THR_relaxed.pdb  -1229.6902815557   1310.89097  880.541615305937          -1930.85806499093           -1372.35392284048       1196.5686
design1_rebuilt_mutated_A_27_TRP_relaxed.pdb   -1229.19183761184  1356.45234  897.960254907112          -2017.87493277821           -1392.16204572964       1081.72108
design1_rebuilt_mutated_A_1_SER_relaxed.pdb    -1217.43447261758  1308.94585  877.054064018449          -1912.97113148415           -1403.70669341266       1176.74144
design1_rebuilt_mutated_A_99_VAL_relaxed.pdb   -1214.94540805324  1318.04546  877.098343318805          -1940.20606521275           -1365.36925018323       1199.43805
design1_rebuilt_mutated_A_108_VAL_relaxed.pdb  -1212.11450028071  1325.89012  879.582776397522          -1949.38811779057           -1375.32373647403       1204.59802
design1_rebuilt_mutated_A_1_PHE_relaxed.pdb    -1210.33753036085  1307.27764  871.859314158746          -1913.45363436293           -1386.43634361149       1184.82932
design1_rebuilt_mutated_A_2_MET_relaxed.pdb    -1209.10651636411  1350.18145  893.053642793227          -1967.88000704372           -1363.16183396285       1081.65194
design1_rebuilt_mutated_A_26_LYS_relaxed.pdb   -1207.7326465924   1327.59411  879.879328363455          -1957.15663034887           -1423.50338911416       1151.93649
design1_rebuilt_mutated_A_162_GLY_relaxed.pdb  -1205.38245184372  1326.74455  880.67487435319           -1941.09638508899           -1355.18516864508       1210.94766
design1_rebuilt_mutated_A_1_GLU_relaxed.pdb    -1194.25750679953  1307.39936  869.503325194196          -1889.55322847288           -1359.72108316926       1183.65892
design1_rebuilt_mutated_A_2_PRO_relaxed.pdb    -1192.32033221837  1357.4573   891.717001602924          -1974.61704669129           -1359.85775658636       1243.18465
design1_rebuilt_mutated_A_59_HIS_relaxed.pdb   -1188.63678934874  1319.39212  872.037904562443          -1918.20551329019           -1348.01739258161       1048.5913
design1_rebuilt_mutated_A_108_LEU_relaxed.pdb  -1185.98529022329  1308.45193  869.101166158853          -1903.1964623408            -1378.66538466507       1172.9086
design1_rebuilt_mutated_A_26_TYR_relaxed.pdb   -1184.88905566569  1348.92143  887.001697106161          -1947.47959450661           -1384.20768664321       979.11629
design1_rebuilt_mutated_A_64_CYS_relaxed.pdb   -1181.89294480236  1322.44124  873.436906937639          -1916.2294449344            -1326.33026296781       1207.05358
design1_rebuilt_mutated_A_108_ILE_relaxed.pdb  -1180.5928701129   1329.44956  876.178879327886          -1934.26324625771           -1378.77573241768       1186.02345
design1_rebuilt_mutated_A_1_LYS_relaxed.pdb    -1180.17940758162  1306.63974  872.336003760864          -1877.40201884611           -1353.496565123         1184.10254
design1_rebuilt_mutated_A_25_ARG_relaxed.pdb   -1177.95155174663  1293.94501  859.955388075511          -1882.04210100832           -1322.02412103108       1191.67326
design1_rebuilt_mutated_A_28_LYS_relaxed.pdb   -1177.08144047259  1331.22468  874.806640532922          -1937.08160108988           -1357.69345742197       947.09366
design1_rebuilt_mutated_A_161_VAL_relaxed.pdb  -1175.67108459525  1307.16761  864.849267690614          -1904.77097913384           -1360.02046034274       977.46576
design1_rebuilt_mutated_A_1_ARG_relaxed.pdb    -1174.36618090588  1306.51473  867.291451319702          -1873.7058942454            -1341.72196903827       1178.90187
design1_rebuilt_mutated_A_1_ILE_relaxed.pdb    -1173.78974600409  1308.88495  864.300145586633          -1896.01422206455           -1336.25292274668       1188.17105
design1_rebuilt_mutated_A_229_THR_relaxed.pdb  -1170.87982545511  1329.73905  874.941188900018          -1921.35016496388           -1333.89403116142       959.61231
design1_rebuilt_mutated_A_28_ASN_relaxed.pdb   -1170.06032542166  1335.80765  877.696415556954          -1940.79360873264           -1354.51334517869       1208.2223
design1_rebuilt_mutated_A_99_ILE_relaxed.pdb   -1169.06493365013  1327.89523  873.60404091699           -1916.96861999902           -1327.32626917288       991.52018
design1_rebuilt_mutated_A_53_GLN_relaxed.pdb   -1167.78661546962  1334.77502  872.213382672139          -1932.54225991683           -1338.49782379143       990.34096
design1_rebuilt_mutated_A_26_MET_relaxed.pdb   -1166.58165000874  1334.06331  877.790529912419          -1931.03926331121           -1363.32923228786       970.19081
design1_rebuilt_mutated_A_97_LEU_relaxed.pdb   -1166.19464310404  1327.0644   877.222777126748          -1910.1312705461            -1327.96047725493       1061.65326
design1_rebuilt_mutated_A_64_ARG_relaxed.pdb   -1166.13435914886  1343.41822  873.33818828382           -1958.30055708374           -1481.78758459166       1031.02208
design1_rebuilt_mutated_A_183_TYR_relaxed.pdb  -1165.24167967483  1319.46748  867.837770433966          -1913.81214690865           -1327.71145274194       1157.30136
design1_rebuilt_mutated_A_99_GLY_relaxed.pdb   -1164.25668203046  1313.97422  866.650748424767          -1909.33525395311           -1341.53399330608       1196.47438
design1_rebuilt_mutated_A_57_CYS_relaxed.pdb   -1163.57195242269  1319.59008  870.48861385988           -1891.4138256883            -1313.20759794381       1201.32783
design1_rebuilt_mutated_A_1_TYR_relaxed.pdb    -1163.13630745938  1310.38505  864.825375255159          -1891.89936057228           -1347.29224773031       1185.40111
design1_rebuilt_mutated_A_103_TYR_relaxed.pdb  -1162.64751032442  1347.7216   886.185388891865          -1927.03257403598           -1359.12290419385       1019.5168
design1_rebuilt_mutated_A_97_TRP_relaxed.pdb   -1159.27047227923  1332.96235  884.984806738608          -1909.14659184921           -1363.28551111446       1190.31851
design1_rebuilt_mutated_A_108_TRP_relaxed.pdb  -1158.92054248019  1331.29838  877.894193656467          -1898.95761676387           -1326.88632324514       1216.66703
design1_rebuilt_mutated_A_53_ILE_relaxed.pdb   -1158.5599567246   1337.21579  871.060969566544          -1937.94955063005           -1338.27833744843       964.51553
design1_rebuilt_mutated_A_161_CYS_relaxed.pdb  -1158.31499260035  1313.22722  863.911709442146          -1898.73092132508           -1341.28187134081       1180.50505
design1_rebuilt_mutated_A_28_TRP_relaxed.pdb   -1155.30736878411  1378.69228  903.938036357919          -1939.56594019619           -1330.7055471445        1254.41638
design1_rebuilt_mutated_A_64_ALA_relaxed.pdb   -1154.93256946709  1314.82039  865.221740821361          -1889.89454303183           -1324.002616082         986.92773
design1_rebuilt_mutated_A_59_THR_relaxed.pdb   -1152.27470372396  1324.59193  871.170240812899          -1902.07668810875           -1314.72484999834       955.65227
design1_rebuilt_mutated_A_1_THR_relaxed.pdb    -1149.90682706258  1308.53301  863.739608794681          -1862.4467717222            -1325.70135884243       1184.32924
design1_rebuilt_mutated_A_57_ALA_relaxed.pdb   -1148.81440827271  1322.09425  870.138089933154          -1902.72834663247           -1318.48893485121       1049.88277
design1_rebuilt_mutated_A_227_TRP_relaxed.pdb  -1148.68590024154  1348.51684  885.62887649324           -1896.76241182113           -1317.3971994908        1016.50405
design1_rebuilt_mutated_A_227_THR_relaxed.pdb  -1147.3990652039   1310.55442  862.538054995665          -1885.46529612168           -1302.5714207202        948.20713
design1_rebuilt_mutated_A_161_HIS_relaxed.pdb  -1145.89146835491  1324.06613  866.252290079213          -1905.36771237197           -1342.15233796042       978.21113
design1_rebuilt_mutated_A_230_GLN_relaxed.pdb  -1145.60690524194  1319.42309  866.297044004473          -1894.78462108945           -1308.02745539684       959.19167
design1_rebuilt_mutated_A_225_LYS_relaxed.pdb  -1144.98659049264  1312.48919  866.283166053374          -1907.1728709855            -1313.62792523803       1200.93736
design1_rebuilt_mutated_A_100_SER_relaxed.pdb  -1143.90880739957  1310.74384  865.902394044118          -1887.80348218371           -1305.74332540287       1197.40177
design1_rebuilt_mutated_A_183_CYS_relaxed.pdb  -1143.24662777774  1315.60033  861.929673887137          -1887.97353174103           -1311.18606682238       1178.92371
design1_rebuilt_mutated_A_25_LYS_relaxed.pdb   -1142.14942975247  1325.35894  868.657841988309          -1906.24611726706           -1323.8248275351        1202.86976
design1_rebuilt_mutated_A_229_ALA_relaxed.pdb  -1142.08519520121  1326.70083  870.342119478871          -1898.04624650078           -1317.93432450414       953.21952
design1_rebuilt_mutated_A_105_ARG_relaxed.pdb  -1141.07494583627  1316.17596  861.769191824025          -1901.29672500588           -1311.56844193415       1199.01675
design1_rebuilt_mutated_A_54_PHE_relaxed.pdb   -1140.93969287023  1380.8042   896.23077703573           -1953.6454339873            -1362.99530373302       1038.94911
design1_rebuilt_mutated_A_103_TRP_relaxed.pdb  -1140.58276069085  1342.63626  878.498254547184          -1920.83316604759           -1342.75545264004       1208.90815
design1_rebuilt_mutated_A_55_LEU_relaxed.pdb   -1139.08842083398  1337.56944  872.693599509512          -1916.74008291224           -1343.53448745571       984.13462
design1_rebuilt_mutated_A_25_LEU_relaxed.pdb   -1138.44707125768  1328.29066  866.759498725056          -1908.47526918868           -1318.51179171853       961.0408
design1_rebuilt_mutated_A_166_TRP_relaxed.pdb  -1137.19246972388  1375.42899  895.690800755298          -1945.94725315485           -1356.99443044588       1012.82228
design1_rebuilt_mutated_A_108_CYS_relaxed.pdb  -1136.83617860961  1314.28786  860.070853762336          -1892.68673579787           -1317.05975384817       1174.05665
design1_rebuilt_mutated_A_55_SER_relaxed.pdb   -1136.65980211506  1313.54106  858.738704616971          -1884.60205135619           -1338.94641502809       1136.1132
design1_rebuilt_mutated_A_100_PRO_relaxed.pdb  -1135.84546976759  1314.71364  863.191145776999          -1887.36378464817           -1294.63705271875       961.53943
design1_rebuilt_mutated_A_3_GLU_relaxed.pdb    -1135.60054637612  1317.92901  862.214570688637          -1881.69010094918           -1301.25816596781       1046.1552
design1_rebuilt_mutated_A_27_ASP_relaxed.pdb   -1135.21360133835  1309.33808  860.652367905504          -1877.57416238527           -1307.2929942359        1143.97005
design1_rebuilt_mutated_A_183_HIS_relaxed.pdb  -1133.12241280216  1304.61127  854.308405218982          -1882.36309173701           -1297.63471265131       1195.72916
design1_rebuilt_mutated_A_1_HIS_relaxed.pdb    -1132.70806107915  1310.67887  859.358379583448          -1868.5997109346            -1307.31365625338       1190.37128
design1_rebuilt_mutated_A_101_MET_relaxed.pdb  -1132.63268442873  1320.62099  861.768720771103          -1909.29031909634           -1314.86837603563       1062.62456
design1_rebuilt_mutated_A_53_THR_relaxed.pdb   -1132.45994647092  1323.06485  861.927892949731          -1904.91866773052           -1330.0899779918        1155.9293
design1_rebuilt_mutated_A_25_PRO_relaxed.pdb   -1131.54104048258  1311.43697  859.482480415789          -1879.18099395781           -1330.40000034352       1138.72079
design1_rebuilt_mutated_A_100_TRP_relaxed.pdb  -1131.53124568476  1357.18275  883.796774435043          -1912.20131040023           -1281.00891523688       1053.66049
design1_rebuilt_mutated_A_134_TYR_relaxed.pdb  -1130.68695611993  1337.5387   871.017377036663          -1914.17112114653           -1333.36169411523       1050.34314
design1_rebuilt_mutated_A_226_ASP_relaxed.pdb  -1130.2373688848   1319.76806  864.873591416081          -1879.6140879949            -1303.64363272628       1192.50401
design1_rebuilt_mutated_A_58_LEU_relaxed.pdb   -1130.00785094897  1311.61537  861.623197041135          -1874.2409170968            -1300.46647938005       975.83789
design1_rebuilt_mutated_A_25_ASN_relaxed.pdb   -1129.29359694823  1323.38266  864.074247781388          -1893.47501052547           -1305.3444781067        1200.65702
design1_rebuilt_mutated_A_162_LYS_relaxed.pdb  -1129.16757656735  1333.82511  869.706395051173          -1910.30009224554           -1309.61163312449       1032.58563
design1_rebuilt_mutated_A_31_TRP_relaxed.pdb   -1128.98272005819  1376.42786  897.431693378131          -1911.15093133287           -1309.00852027165       1075.32237
design1_rebuilt_mutated_A_183_VAL_relaxed.pdb  -1127.50142248928  1319.60293  863.557381729872          -1880.07438210998           -1298.2347834655        1197.21441
design1_rebuilt_mutated_A_183_ASN_relaxed.pdb  -1127.0324417544   1314.0598   863.320180750923          -1878.96952260277           -1316.21894818767       1177.18056
design1_rebuilt_mutated_A_105_ILE_relaxed.pdb  -1126.61784914521  1312.88534  861.562689852068          -1880.81062941755           -1288.27088727491       1203.10141
design1_rebuilt_mutated_A_2_GLN_relaxed.pdb    -1126.328236698    1330.15263  869.646767722837          -1896.23594433448           -1334.26871214612       989.76203
design1_rebuilt_mutated_A_99_SER_relaxed.pdb   -1126.30850326927  1316.19135  862.251145423271          -1879.7119845817            -1290.86017839092       1199.14201
design1_rebuilt_mutated_A_104_TRP_relaxed.pdb  -1126.04421054228  1302.45522  856.092086423967          -1861.78948200054           -1281.85336058571       1192.63391
design1_rebuilt_mutated_A_1_LEU_relaxed.pdb    -1125.98309568501  1316.74932  862.544186657747          -1867.06294251414           -1297.71081030265       1198.0163
design1_rebuilt_mutated_A_161_ASP_relaxed.pdb  -1125.80460189885  1306.28473  858.478961821816          -1860.61261408105           -1313.65772632726       1136.41509
design1_rebuilt_mutated_A_162_TYR_relaxed.pdb  -1125.00942565274  1330.38167  872.283114752379          -1901.08525180843           -1327.74128158709       1048.95189
design1_rebuilt_mutated_A_101_HIS_relaxed.pdb  -1123.53698571547  1337.82208  871.352597682695          -1906.62901580352           -1282.10562605644       1075.83939
design1_rebuilt_mutated_A_58_GLU_relaxed.pdb   -1123.49834023359  1326.40733  865.069031317581          -1882.39588071551           -1309.13303614172       1158.67783
design1_rebuilt_mutated_A_229_ARG_relaxed.pdb  -1122.9889699798   1320.9415   860.947989484239          -1902.70910186524           -1307.64309253936       985.51128
design1_rebuilt_mutated_A_53_ARG_relaxed.pdb   -1121.70039594181  1349.23142  872.404538814632          -1927.47620996895           -1329.18827027052       1026.82551
design1_rebuilt_mutated_A_55_CYS_relaxed.pdb   -1121.34267936258  1322.12156  860.705334624227          -1878.0115530761            -1313.13319119712       978.87317
design1_rebuilt_mutated_A_184_ARG_relaxed.pdb  -1121.26053656197  1305.38113  855.949106101338          -1879.57478181386           -1303.68130637014       1071.67706
design1_rebuilt_mutated_A_161_THR_relaxed.pdb  -1120.52049885059  1308.72979  855.548856737906          -1863.63695527974           -1302.837595748         933.81564
design1_rebuilt_mutated_A_134_ASP_relaxed.pdb  -1119.58604838694  1323.17957  862.755576350011          -1885.88100123886           -1314.09400500359       944.2981
design1_rebuilt_mutated_A_105_TYR_relaxed.pdb  -1118.98079804898  1306.09636  852.668613464477          -1869.86451840494           -1289.80404608701       1189.0675
design1_rebuilt_mutated_A_26_ASP_relaxed.pdb   -1118.9074346931   1317.52022  860.151883810454          -1862.28904281552           -1292.79583412324       1191.52926
design1_rebuilt_mutated_A_105_HIS_relaxed.pdb  -1118.67892091414  1304.16677  853.648121049519          -1866.50481977897           -1283.34402616701       1192.54162
design1_rebuilt_mutated_A_105_ALA_relaxed.pdb  -1118.39203832051  1315.75246  862.510396923578          -1877.19390655362           -1300.70712641579       989.86495
design1_rebuilt_mutated_A_2_TYR_relaxed.pdb    -1118.11978288271  1334.67625  874.890803916712          -1888.27414798986           -1283.44844969527       1215.26426
design1_rebuilt_mutated_A_26_LEU_relaxed.pdb   -1118.07196712488  1316.06208  863.388090066575          -1871.72485172487           -1317.59543330878       968.63518
design1_rebuilt_mutated_A_229_PHE_relaxed.pdb  -1117.88874254544  1331.53696  868.868164986705          -1894.34507348681           -1325.85756363559       1176.65719
design1_rebuilt_mutated_A_26_TRP_relaxed.pdb   -1117.49062864801  1334.54051  870.848006116542          -1882.29943876427           -1318.5201875529        1198.23772
design1_rebuilt_mutated_A_3_ASN_relaxed.pdb    -1117.271983267    1319.83719  859.982362094078          -1879.11992249961           -1295.99763637545       986.33952
design1_rebuilt_mutated_A_134_ALA_relaxed.pdb  -1117.08652957472  1313.33118  855.942452165826          -1870.58216659499           -1279.97334144422       957.82488
design1_rebuilt_mutated_A_105_THR_relaxed.pdb  -1117.02222681689  1302.84979  852.378337060041          -1870.3579837143            -1274.71900750419       1194.26339
design1_rebuilt_mutated_A_2_TRP_relaxed.pdb    -1116.72590379637  1333.26415  872.643767354957          -1901.05615784994           -1282.67382390779       991.65989
design1_rebuilt_mutated_A_162_ILE_relaxed.pdb  -1116.01526885689  1324.28285  864.08951419246           -1895.25110643059           -1300.44696247483       954.76931
design1_rebuilt_mutated_A_64_LYS_relaxed.pdb   -1114.95423841435  1328.17114  860.142021429249          -1911.59212053559           -1413.12221331229       1017.82362
design1_rebuilt_mutated_A_57_GLN_relaxed.pdb   -1114.84105068455  1319.11621  860.714630043658          -1874.8576345716            -1296.15132265397       982.49949
design1_rebuilt_mutated_A_99_PHE_relaxed.pdb   -1114.2776205139   1323.07384  863.087283902592          -1878.78545224702           -1290.94049637651       1197.71831
design1_rebuilt_mutated_A_3_GLY_relaxed.pdb    -1114.27084744783  1327.94038  864.873276719432          -1884.02842029291           -1301.8592700336        1032.7452
design1_rebuilt_mutated_A_31_TYR_relaxed.pdb   -1112.64886754343  1350.52789  877.803047146124          -1895.39246652355           -1303.87854480504       1047.20531
design1_rebuilt_mutated_A_59_LEU_relaxed.pdb   -1112.39414613381  1315.74003  858.199372978597          -1863.9639779799            -1302.5396050149        1143.81916
design1_rebuilt_mutated_A_55_PRO_relaxed.pdb   -1112.06813523327  1337.67609  870.308503054845          -1898.37129510163           -1348.52088181662       978.05814
design1_rebuilt_mutated_A_3_LEU_relaxed.pdb    -1112.05235180768  1323.42019  857.284836417101          -1886.62395138531           -1286.51714123852       1198.61826
design1_rebuilt_mutated_A_53_VAL_relaxed.pdb   -1111.98699810414  1338.74078  868.058065602089          -1892.98673907004           -1305.72725651958       1000.51635
design1_rebuilt_mutated_A_3_VAL_relaxed.pdb    -1110.95170687147  1322.84243  859.184024005632          -1884.43049746423           -1300.03988958801       982.28862
design1_rebuilt_mutated_A_31_HIS_relaxed.pdb   -1110.8732285058   1330.96853  865.684835441242          -1883.18342547545           -1296.17699780998       1207.39896
design1_rebuilt_mutated_A_105_SER_relaxed.pdb  -1110.30126827214  1308.50214  856.186613755296          -1869.96909877519           -1272.70720826607       1197.45923
design1_rebuilt_mutated_A_97_ILE_relaxed.pdb   -1109.96738917978  1330.34604  865.163838253549          -1890.04503663999           -1298.66279918247       965.73313
design1_rebuilt_mutated_A_59_SER_relaxed.pdb   -1109.85832170437  1326.11845  863.807102795792          -1875.59635029051           -1308.94976789634       1172.1346
design1_rebuilt_mutated_A_100_ALA_relaxed.pdb  -1108.22644389566  1312.48406  859.480932008708          -1855.69989060176           -1267.77659218328       1197.01786
design1_rebuilt_mutated_A_184_ALA_relaxed.pdb  -1108.04041773431  1307.43107  853.511906528643          -1859.46408463218           -1276.35422425945       1168.9243
design1_rebuilt_mutated_A_166_TYR_relaxed.pdb  -1107.84589194852  1343.14393  870.753544679915          -1894.09934304094           -1285.20016499983       1099.03337
design1_rebuilt_mutated_A_229_MET_relaxed.pdb  -1107.06995511176  1322.67525  862.257981311308          -1866.86182078618           -1286.36941013847       1181.59504
design1_rebuilt_mutated_A_230_MET_relaxed.pdb  -1106.98484503247  1317.09006  861.308596305588          -1855.39139571683           -1298.3998606321        1166.72537
design1_rebuilt_mutated_A_28_TYR_relaxed.pdb   -1106.92346919536  1372.25523  890.992275193366          -1908.89923540032           -1318.097243155         1016.36726
design1_rebuilt_mutated_A_162_HIS_relaxed.pdb  -1106.1074088634   1340.0542   868.681008259687          -1899.09960074533           -1310.54263416702       1190.8958
design1_rebuilt_mutated_A_64_PHE_relaxed.pdb   -1105.31536616985  1308.44919  855.516499160209          -1842.40843369856           -1283.26070388079       1165.1925
design1_rebuilt_mutated_A_27_ILE_relaxed.pdb   -1104.91282334467  1319.54755  858.88962483229           -1876.15200475847           -1308.9948746831        1145.78482
design1_rebuilt_mutated_A_108_ALA_relaxed.pdb  -1104.71803031485  1293.72032  849.53212873643           -1822.52001486111           -1263.03787168479       1163.32508
design1_rebuilt_mutated_A_229_LEU_relaxed.pdb  -1104.71323001146  1336.10861  869.986703916016          -1890.68774512818           -1328.61622847389       997.83698
design1_rebuilt_mutated_A_58_LYS_relaxed.pdb   -1104.42804679341  1349.41349  871.051042293242          -1914.70510654705           -1298.56329294562       1205.04685
design1_rebuilt_mutated_A_162_ALA_relaxed.pdb  -1104.41215085797  1320.74458  858.874898825331          -1873.5180757155            -1276.42362217515       1197.98261
design1_rebuilt_mutated_A_225_ARG_relaxed.pdb  -1104.19985616545  1313.79154  858.341993654226          -1866.59966928442           -1279.4901071832        970.48496
design1_rebuilt_mutated_A_134_GLY_relaxed.pdb  -1104.18071756165  1314.99957  856.416595385401          -1864.65089417955           -1272.7246199089        1050.7746
design1_rebuilt_mutated_A_53_TRP_relaxed.pdb   -1103.21264998236  1360.16244  884.317700175025          -1877.1827582608            -1281.66590685418       1225.09211
design1_rebuilt_mutated_A_64_PRO_relaxed.pdb   -1102.94703674535  1304.41012  851.26424170898           -1853.36281770523           -1248.27610008731       956.94871
design1_rebuilt_mutated_A_97_PRO_relaxed.pdb   -1102.60882436394  1324.68546  858.359220641988          -1878.45746266616           -1276.4038223695        963.29686
design1_rebuilt_mutated_A_25_GLY_relaxed.pdb   -1102.25857195687  1321.76514  862.769905304775          -1866.83654228765           -1282.46297921625       1195.13876
design1_rebuilt_mutated_A_166_ARG_relaxed.pdb  -1101.8713566318   1330.47755  866.363071110405          -1879.20192227909           -1264.14445723675       1218.24058
design1_rebuilt_mutated_A_28_PHE_relaxed.pdb   -1101.81727962745  1347.71473  877.112825660457          -1869.43624694388           -1278.03362359638       1077.61804
design1_rebuilt_mutated_A_53_PRO_relaxed.pdb   -1101.70056093052  1315.4592   857.900221286551          -1861.04132317362           -1289.54855919312       1147.50265
design1_rebuilt_mutated_A_97_CYS_relaxed.pdb   -1101.52016101701  1337.64441  866.544135180265          -1886.14518713202           -1298.742902897         1194.96002
design1_rebuilt_mutated_A_53_GLY_relaxed.pdb   -1101.49423913859  1322.7001   862.405021385117          -1864.255343179             -1295.08485960718       984.54293
design1_rebuilt_mutated_A_108_PHE_relaxed.pdb  -1101.40767687531  1323.13064  863.051645933354          -1870.33063131536           -1290.09335647791       1011.3033
design1_rebuilt_mutated_A_59_PRO_relaxed.pdb   -1101.24427001155  1312.43802  857.634993670511          -1858.5974460279            -1265.68744101979       1050.03007
design1_rebuilt_mutated_A_27_TYR_relaxed.pdb   -1101.09252923167  1327.61943  861.300300418806          -1883.87420921677           -1293.73539609367       986.87855
design1_rebuilt_mutated_A_54_TYR_relaxed.pdb   -1101.05736249548  1390.16961  894.694921866756          -1934.30702622443           -1308.19149742099       1119.96634
design1_rebuilt_mutated_A_226_PRO_relaxed.pdb  -1101.01082327811  1326.3341   862.019163264146          -1883.36564760775           -1306.6836932119        998.86234
design1_rebuilt_mutated_A_99_THR_relaxed.pdb   -1100.80623447939  1309.49835  858.247463362521          -1836.67451413175           -1253.83192650897       1195.61864
design1_rebuilt_mutated_A_32_TRP_relaxed.pdb   -1099.75671819027  1327.03464  864.599884235534          -1865.15270398893           -1281.46126096919       991.92462
design1_rebuilt_mutated_A_162_GLU_relaxed.pdb  -1099.26451114387  1323.87914  858.319331455283          -1888.51316652342           -1302.96769742641       986.93775
design1_rebuilt_mutated_A_3_TRP_relaxed.pdb    -1099.03724506091  1313.90756  854.744908520753          -1854.30306944585           -1308.09376002482       1138.72406
design1_rebuilt_mutated_A_30_SER_relaxed.pdb   -1098.66845987891  1319.08961  858.695640507782          -1855.85774508802           -1263.42977215831       1198.62382
design1_rebuilt_mutated_A_105_ASN_relaxed.pdb  -1098.54168181402  1296.48276  847.946873849023          -1847.1921086918            -1249.04992966123       1189.31182
design1_rebuilt_mutated_A_28_GLN_relaxed.pdb   -1098.24460995953  1331.62553  865.383451953468          -1873.49570073805           -1283.24300593278       1062.71692
design1_rebuilt_mutated_A_183_ASP_relaxed.pdb  -1098.1813048851   1324.83869  861.764426700085          -1877.28141305244           -1286.75537766422       1192.40383
design1_rebuilt_mutated_A_55_ALA_relaxed.pdb   -1098.10155494282  1320.73779  855.672510994365          -1870.87341157518           -1298.3992893023        982.80889
design1_rebuilt_mutated_A_27_SER_relaxed.pdb   -1097.86130490672  1330.3153   864.673839675443          -1868.73544301568           -1267.12025481251       1210.37696
design1_rebuilt_mutated_A_108_GLN_relaxed.pdb  -1096.98681106002  1310.63649  857.944702687473          -1850.29084433943           -1262.3184378751        1195.65749
design1_rebuilt_mutated_A_183_PRO_relaxed.pdb  -1096.651991135    1308.51174  852.307748957921          -1862.01510928207           -1265.60837519085       1197.28725
design1_rebuilt_mutated_A_100_PHE_relaxed.pdb  -1095.76398691312  1329.95002  861.319610636534          -1877.07061090112           -1308.39696019165       1174.36607
design1_rebuilt_mutated_A_99_GLN_relaxed.pdb   -1095.43754680633  1329.38005  861.099683972907          -1883.44836333093           -1280.68594129026       1196.46682
design1_rebuilt_mutated_A_53_LEU_relaxed.pdb   -1095.07184788282  1331.91239  866.184895944385          -1861.04594970718           -1276.51506241501       984.73258
design1_rebuilt_mutated_A_3_PRO_relaxed.pdb    -1094.9949587148   1316.27719  856.870295067175          -1858.04757678144           -1256.32807773163       1197.97127
design1_rebuilt_mutated_A_225_TYR_relaxed.pdb  -1094.75204436934  1312.68292  856.617695083804          -1864.48918193508           -1274.71948155131       1195.45149
design1_rebuilt_mutated_A_161_ARG_relaxed.pdb  -1094.46299542143  1330.87901  865.484802370542          -1861.88028989907           -1244.59138767901       971.3498
design1_rebuilt_mutated_A_225_HIS_relaxed.pdb  -1094.44730639755  1322.79384  859.574331646765          -1869.59995291083           -1286.76433132108       985.49484
design1_rebuilt_mutated_A_2_SER_relaxed.pdb    -1094.36465864075  1331.03907  864.476387950511          -1866.55578605036           -1272.22231022345       1178.90862
design1_rebuilt_mutated_A_161_GLU_relaxed.pdb  -1094.20314967527  1325.58377  861.787499068423          -1866.32960049425           -1304.01461760428       982.57917
design1_rebuilt_mutated_A_54_MET_relaxed.pdb   -1093.59880779752  1331.32543  863.148340214398          -1880.30381696359           -1278.2686161908        1064.565
design1_rebuilt_mutated_A_59_VAL_relaxed.pdb   -1093.46572224417  1309.82753  850.963921980303          -1851.95843922686           -1259.99566316022       955.56987
design1_rebuilt_mutated_A_57_TRP_relaxed.pdb   -1093.21283776973  1321.08795  859.986650137183          -1855.42460646023           -1257.99910730871       1051.49419
design1_rebuilt_mutated_A_226_TRP_relaxed.pdb  -1093.08596737362  1363.36367  882.938255257213          -1886.31259716013           -1267.1745296142        1266.58228
design1_rebuilt_mutated_A_99_PRO_relaxed.pdb   -1092.81644242641  1318.01385  855.979804523084          -1864.08593432268           -1281.08756828978       1145.97001
design1_rebuilt_mutated_A_103_GLU_relaxed.pdb  -1092.53402937552  1334.57682  856.587110897275          -1909.40427184526           -1332.11221070493       1001.997
design1_rebuilt_mutated_A_32_HIS_relaxed.pdb   -1092.22004647906  1310.34859  851.531258743924          -1856.6755244898            -1280.72739154656       1037.08902
design1_rebuilt_mutated_A_227_TYR_relaxed.pdb  -1091.4660911447   1325.90638  859.323622870347          -1851.04546327588           -1258.27428024589       1199.55963
design1_rebuilt_mutated_A_54_GLN_relaxed.pdb   -1091.28118380705  1318.44317  865.848628485762          -1829.05537354707           -1258.71534452468       1192.56647
design1_rebuilt_mutated_A_226_HIS_relaxed.pdb  -1091.25116294505  1361.26422  874.938867839074          -1912.70693695656           -1317.76592973252       1000.43297
design1_rebuilt_mutated_A_53_HIS_relaxed.pdb   -1091.18902530097  1333.5839   864.025787879217          -1867.15575918545           -1281.94360002946       1193.26685
design1_rebuilt_mutated_A_97_ASN_relaxed.pdb   -1091.1737136023   1332.29219  868.296295214874          -1872.39939141351           -1303.08419753424       1152.93752
design1_rebuilt_mutated_A_108_MET_relaxed.pdb  -1090.95834786403  1315.53327  852.834040179327          -1867.2609935417            -1274.50882648604       1188.47475
design1_rebuilt_mutated_A_55_GLN_relaxed.pdb   -1090.79515526069  1333.07728  862.190530453283          -1868.36871000204           -1291.32550076761       1185.51825
design1_rebuilt_mutated_A_183_PHE_relaxed.pdb  -1090.47546210873  1306.91447  850.884092546914          -1842.94962015411           -1240.46890196088       1198.5777
design1_rebuilt_mutated_A_64_MET_relaxed.pdb   -1090.32378040322  1328.75738  860.106500357358          -1870.46462918293           -1328.42691903851       1121.63514
design1_rebuilt_mutated_A_162_ARG_relaxed.pdb  -1090.2548683631   1328.49921  861.661890587045          -1878.53256398502           -1288.18820703912       987.47191
design1_rebuilt_mutated_A_97_HIS_relaxed.pdb   -1090.191358628    1331.44134  861.593126591106          -1881.72101527673           -1281.08433171069       1202.46647
design1_rebuilt_mutated_A_230_ARG_relaxed.pdb  -1089.77864315452  1330.98188  867.105066853938          -1870.89203678322           -1309.94799426217       993.50188
design1_rebuilt_mutated_A_105_PRO_relaxed.pdb  -1088.88797867315  1314.41316  851.948311436611          -1854.85083719795           -1270.90001192528       986.26148
design1_rebuilt_mutated_A_3_LYS_relaxed.pdb    -1088.60608800897  1321.14115  858.688869008727          -1850.26553682681           -1266.10736393539       963.61449
design1_rebuilt_mutated_A_57_SER_relaxed.pdb   -1088.31696047569  1322.4665   860.628380770574          -1844.62887716367           -1256.72992426683       1051.39122
design1_rebuilt_mutated_A_56_ARG_relaxed.pdb   -1088.10966637642  1361.54684  879.541382106638          -1890.96202704596           -1293.72203228459       1019.5064
design1_rebuilt_mutated_A_1_GLY_relaxed.pdb    -1088.08539105147  1292.43812  848.783401551157          -1816.96393630764           -1280.88045864863       1118.27521
design1_rebuilt_mutated_A_161_TYR_relaxed.pdb  -1087.9096844544   1327.65758  861.374032090543          -1845.48280827254           -1229.79644172112       1032.7946
design1_rebuilt_mutated_A_99_MET_relaxed.pdb   -1087.77150825996  1309.4859   853.001763818949          -1840.44751647055           -1252.56367448679       1193.67388
design1_rebuilt_mutated_A_99_ALA_relaxed.pdb   -1087.35004944967  1316.31874  855.201478851222          -1861.84601590544           -1254.36848438314       959.65103
design1_rebuilt_mutated_A_108_GLU_relaxed.pdb  -1086.90948453639  1322.74415  857.903280126354          -1861.26805043215           -1300.78212676645       995.28835
design1_rebuilt_mutated_A_28_PRO_relaxed.pdb   -1086.52088464481  1327.2378   860.766602117037          -1876.23552241743           -1306.96862386228       1148.52027
design1_rebuilt_mutated_A_105_VAL_relaxed.pdb  -1086.52070445639  1309.40204  850.338125099065          -1845.17929187168           -1245.87062603582       1195.726
design1_rebuilt_mutated_A_230_PRO_relaxed.pdb  -1085.98078607628  1308.70919  852.25606825761           -1840.75884221341           -1243.8524758829        1190.46044
design1_rebuilt_mutated_A_25_THR_relaxed.pdb   -1085.68689951295  1316.02068  853.338572724167          -1852.29685821061           -1286.54586620344       1149.3475
design1_rebuilt_mutated_A_105_GLN_relaxed.pdb  -1085.6191767926   1319.82473  851.902089543833          -1872.51959823138           -1273.79235343921       1183.02879
design1_rebuilt_mutated_A_161_PRO_relaxed.pdb  -1085.49408498742  1302.83943  850.250961738095          -1829.60447454205           -1281.25697066824       978.13911
design1_rebuilt_mutated_A_25_GLN_relaxed.pdb   -1085.32723207589  1322.36744  857.384331007169          -1856.21755394163           -1253.13168670603       1200.05658
design1_rebuilt_mutated_A_3_PHE_relaxed.pdb    -1085.25348457371  1320.2959   856.428159660891          -1847.5700280519            -1250.56482933168       1204.99999
design1_rebuilt_mutated_A_59_PHE_relaxed.pdb   -1085.00617659471  1319.1234   852.618568031155          -1865.44550477197           -1243.50886301149       1198.66125
design1_rebuilt_mutated_A_183_GLU_relaxed.pdb  -1084.60734459788  1332.81194  865.185326738727          -1868.876422638             -1299.54624125179       1167.59686
design1_rebuilt_mutated_A_27_GLN_relaxed.pdb   -1084.27804390688  1326.39483  855.697460478634          -1873.21802938113           -1275.15747438827       958.61054
design1_rebuilt_mutated_A_134_PRO_relaxed.pdb  -1084.22130485684  1333.11293  859.824214083754          -1884.13319337185           -1289.72857544488       1154.31221
design1_rebuilt_mutated_A_32_LYS_relaxed.pdb   -1083.78625273911  1328.28733  859.016903852037          -1866.63627042675           -1279.69780636304       957.68568
design1_rebuilt_mutated_A_166_ASP_relaxed.pdb  -1083.62686478784  1320.71197  856.508553636239          -1853.63616690993           -1255.81875380942       958.77892
design1_rebuilt_mutated_A_64_HIS_relaxed.pdb   -1083.5040209513   1325.69221  862.524590758728          -1845.91022089971           -1251.59751293395       993.70895
design1_rebuilt_mutated_A_27_PRO_relaxed.pdb   -1083.4030372258   1336.99687  864.081248461745          -1864.90769777009           -1255.56292807462       1208.05971
design1_rebuilt_mutated_A_184_TRP_relaxed.pdb  -1083.18029864951  1326.60921  861.874720069786          -1859.78949593414           -1260.74987615141       1204.13754
design1_rebuilt_mutated_A_162_THR_relaxed.pdb  -1083.10259213514  1308.78544  847.007981157841          -1850.74366255664           -1266.48784973393       1161.9643
design1_rebuilt_mutated_A_227_ASP_relaxed.pdb  -1082.9549865319   1327.62998  861.189537702449          -1862.25594076804           -1274.74229215801       962.07727
design1_rebuilt_mutated_A_53_ASP_relaxed.pdb   -1082.7092008751   1326.22122  855.345368325203          -1875.76334731717           -1294.01250813831       986.881
design1_rebuilt_mutated_A_28_ALA_relaxed.pdb   -1082.5073859222   1315.73251  850.409949940842          -1863.36408989907           -1255.77788651811       947.62182
design1_rebuilt_mutated_A_225_ASP_relaxed.pdb  -1082.32945081116  1334.23481  864.011302651845          -1872.64522993357           -1279.23456478826       991.08158
design1_rebuilt_mutated_A_32_PHE_relaxed.pdb   -1081.89867755932  1320.88213  853.836733449655          -1863.15230050869           -1261.74398102918       1025.83886
design1_rebuilt_mutated_A_134_ASN_relaxed.pdb  -1081.40294029384  1338.74221  864.639699278948          -1881.55475674519           -1287.06451042116       986.63695
design1_rebuilt_mutated_A_27_VAL_relaxed.pdb   -1081.2674524439   1332.90719  864.466727787068          -1853.30177612422           -1258.0803453677        1205.14894
design1_rebuilt_mutated_A_28_LEU_relaxed.pdb   -1080.09871951905  1330.40092  859.860490955075          -1861.35352391846           -1267.73743046597       1204.25145
design1_rebuilt_mutated_A_28_ILE_relaxed.pdb   -1079.86614266291  1331.91952  857.1877030987            -1877.3531101941            -1277.39218710327       1206.31734
design1_rebuilt_mutated_A_27_LEU_relaxed.pdb   -1079.83022346587  1319.10911  852.305207214204          -1859.55437055711           -1281.0402250803        1170.99231
design1_rebuilt_mutated_A_64_VAL_relaxed.pdb   -1079.67830937184  1306.21707  850.568205517183          -1851.61230511258           -1285.46167772064       1161.05565
design1_rebuilt_mutated_A_57_PHE_relaxed.pdb   -1079.60639764346  1313.01321  854.150887050682          -1838.33664681738           -1271.61208882584       1140.63904
design1_rebuilt_mutated_A_30_TRP_relaxed.pdb   -1078.98289890157  1395.54188  888.641139176171          -1963.680100982             -1325.79572580096       1086.75016
design1_rebuilt_mutated_A_54_ASN_relaxed.pdb   -1078.92393625573  1333.72035  865.045565401316          -1852.59891980429           -1259.20391681002       987.50586
design1_rebuilt_mutated_A_26_ASN_relaxed.pdb   -1078.12849153063  1325.37005  858.11589255256           -1857.62256787694           -1244.68573065947       1203.80932
design1_rebuilt_mutated_A_99_LYS_relaxed.pdb   -1077.83024762848  1314.55439  851.567254275666          -1851.91081932114           -1280.71431879338       1172.15543
design1_rebuilt_mutated_A_103_LYS_relaxed.pdb  -1077.36422443531  1339.78132  862.89780031519           -1889.65853171982           -1298.23573869531       1020.45972
design1_rebuilt_mutated_A_2_PHE_relaxed.pdb    -1076.94248891381  1320.30046  856.027731096064          -1862.69655475032           -1257.83659959088       981.64416
design1_rebuilt_mutated_A_30_VAL_relaxed.pdb   -1076.35139529035  1321.11014  856.57933272184           -1849.83872161649           -1279.49691671933       1145.32509
design1_rebuilt_mutated_A_162_VAL_relaxed.pdb  -1076.22664953298  1326.16259  861.147960568288          -1852.72546104347           -1264.99659521381       985.02574
design1_rebuilt_mutated_A_230_TYR_relaxed.pdb  -1076.13959165517  1317.81935  850.278570652572          -1855.92700459628           -1277.639248082         1143.29003
design1_rebuilt_mutated_A_57_VAL_relaxed.pdb   -1076.11159849189  1308.59184  852.761823265744          -1830.8882278853            -1265.2251541909        1169.24338
design1_rebuilt_mutated_A_31_THR_relaxed.pdb   -1075.97648801689  1311.96634  847.403228086794          -1851.31591377533           -1251.43347758253       918.89631
design1_rebuilt_mutated_A_31_PHE_relaxed.pdb   -1075.3049250115   1344.9863   867.805381626661          -1864.19113802241           -1261.89625602978       1072.38681
design1_rebuilt_mutated_A_59_GLN_relaxed.pdb   -1075.16747417412  1326.91004  856.508716351333          -1868.444298153             -1281.81732422885       984.22263
design1_rebuilt_mutated_A_1_MET_relaxed.pdb    -1074.79006050533  1302.42001  844.568012006397          -1821.59381734111           -1244.81477815528       1182.70398
design1_rebuilt_mutated_A_225_GLU_relaxed.pdb  -1074.72735553992  1314.64889  856.104223125247          -1826.05676060747           -1250.68050711474       999.70911
design1_rebuilt_mutated_A_64_TYR_relaxed.pdb   -1074.67101875529  1319.62688  852.698966853004          -1843.43967575592           -1269.73933699225       1142.78721
design1_rebuilt_mutated_A_103_LEU_relaxed.pdb  -1074.22107170051  1328.0124   860.149518260431          -1857.29541672867           -1267.21851357411       1043.77044
design1_rebuilt_mutated_A_105_LEU_relaxed.pdb  -1073.98691691958  1310.30616  850.61648961721           -1841.73413816938           -1236.11648224439       1198.55988
design1_rebuilt_mutated_A_30_CYS_relaxed.pdb   -1073.82896053434  1318.11424  852.973687981548          -1851.66504017617           -1264.71115084065       982.04648
design1_rebuilt_mutated_A_103_PRO_relaxed.pdb  -1073.49395969059  1309.0094   850.173008423713          -1827.83800174602           -1238.80036427297       993.0493
design1_rebuilt_mutated_A_103_ARG_relaxed.pdb  -1073.28811776535  1352.5459   870.906094809324          -1878.31361124925           -1295.86683057229       1034.28148
design1_rebuilt_mutated_A_105_TRP_relaxed.pdb  -1073.18931098795  1315.89809  849.055882193533          -1854.36452950997           -1239.54604682951       1051.0013
design1_rebuilt_mutated_A_162_LEU_relaxed.pdb  -1073.1403655014   1324.00508  855.679722930889          -1872.62068144623           -1274.80976311017       946.21409
design1_rebuilt_mutated_A_27_GLY_relaxed.pdb   -1072.80079424796  1322.56654  854.271770024589          -1848.97802540132           -1252.55264284249       1199.6306
design1_rebuilt_mutated_A_105_PHE_relaxed.pdb  -1072.6448428296   1304.61032  844.724992318228          -1846.1521197408            -1251.15265630725       1188.55529
design1_rebuilt_mutated_A_28_HIS_relaxed.pdb   -1072.52411243199  1340.59865  865.944550171148          -1871.06351027108           -1309.20105323793       932.33841
design1_rebuilt_mutated_A_166_HIS_relaxed.pdb  -1072.48622436538  1333.35085  861.83015007861           -1857.0859698981            -1249.23001627491       1211.3764
design1_rebuilt_mutated_A_100_CYS_relaxed.pdb  -1072.12608941065  1323.4145   857.383203047727          -1852.86688717573           -1255.13048585543       1174.6213
design1_rebuilt_mutated_A_26_SER_relaxed.pdb   -1071.80246694326  1310.16979  847.751900671223          -1831.46604334891           -1275.06847962285       1136.96893
design1_rebuilt_mutated_A_59_MET_relaxed.pdb   -1071.28476230411  1325.38169  857.331851647604          -1849.02826164733           -1261.51343812785       991.78074
design1_rebuilt_mutated_A_229_GLN_relaxed.pdb  -1071.06800419745  1313.40311  853.562862996744          -1831.27164431539           -1220.83415397584       1199.76117
design1_rebuilt_mutated_A_25_HIS_relaxed.pdb   -1070.6242927165   1323.59449  856.628914354325          -1841.95703634634           -1258.03116031734       1019.78541
design1_rebuilt_mutated_A_105_ASP_relaxed.pdb  -1070.54875634478  1314.1892   854.545884816279          -1828.4744715528            -1227.72467512947       1203.82996
design1_rebuilt_relaxed.pdb                    -1069.89072800054  1328.10977  857.406002806116          -1846.52651110317           -1256.10341812333       993.25921
design1_rebuilt_mutated_A_1_ASP_relaxed.pdb    -1069.79756119123  1314.8399   853.439113351309          -1817.30728458438           -1270.24488115436       1152.57777
design1_rebuilt_mutated_A_226_ARG_relaxed.pdb  -1069.77737990736  1370.7254   877.668733117534          -1912.66202131832           -1308.05837135211       988.05795
design1_rebuilt_mutated_A_64_SER_relaxed.pdb   -1069.38930922764  1307.24743  849.088714679122          -1825.4219085331            -1230.05608083219       1047.82488
design1_rebuilt_mutated_A_105_CYS_relaxed.pdb  -1069.32396982087  1308.73042  848.621561494887          -1849.40507624611           -1249.35960743688       985.24609
design1_rebuilt_mutated_A_26_VAL_relaxed.pdb   -1069.01509427639  1320.97111  854.440830827248          -1837.38395195174           -1246.70455031102       1201.12131
design1_rebuilt_mutated_A_57_ASN_relaxed.pdb   -1068.66746612653  1329.60941  857.347116282987          -1867.98195933842           -1272.19954406137       896.78436
design1_rebuilt_mutated_A_226_TYR_relaxed.pdb  -1067.96392462231  1378.48346  880.634563479568          -1901.64143411004           -1302.28215755963       1011.65709
design1_rebuilt_mutated_A_54_SER_relaxed.pdb   -1067.89877640941  1304.53246  847.611671030188          -1815.07005349921           -1262.76537066689       1131.27684
design1_rebuilt_mutated_A_229_CYS_relaxed.pdb  -1067.54093162556  1324.27423  858.125436945221          -1847.90316287415           -1251.95460406173       959.65014
design1_rebuilt_mutated_A_184_PHE_relaxed.pdb  -1067.21737202928  1308.04268  848.814384590719          -1835.82870992713           -1251.85070343006       952.06805
design1_rebuilt_mutated_A_225_MET_relaxed.pdb  -1067.20536178106  1326.27541  857.299789585009          -1842.15336787892           -1231.10911580844       992.67367
design1_rebuilt_mutated_A_229_SER_relaxed.pdb  -1066.23030970509  1323.42962  857.884490850822          -1839.59709670531           -1243.88755855301       987.72527
design1_rebuilt_mutated_A_64_TRP_relaxed.pdb   -1065.98042499398  1322.11659  851.852056015379          -1841.68764621788           -1247.85127574121       986.71008
design1_rebuilt_mutated_A_2_GLY_relaxed.pdb    -1065.84910627332  1347.702    864.446249757932          -1887.55029034644           -1245.92885696587       984.88994
design1_rebuilt_mutated_A_183_TRP_relaxed.pdb  -1065.84869903605  1338.62585  860.322320245969          -1879.58403169501           -1293.52985871571       1056.40118
design1_rebuilt_mutated_A_226_PHE_relaxed.pdb  -1065.82409737946  1366.33409  874.297015343263          -1887.75038249804           -1275.82080450028       1004.29169
design1_rebuilt_mutated_A_59_GLU_relaxed.pdb   -1065.54100728632  1312.82856  851.887985256276          -1829.38911408803           -1245.95591004415       1190.63278
design1_rebuilt_mutated_A_103_THR_relaxed.pdb  -1064.76852148889  1322.30647  852.780517400259          -1851.85352390602           -1239.31212896807       1207.01548
design1_rebuilt_mutated_A_2_ALA_relaxed.pdb    -1063.95964438632  1349.28287  868.381347973226          -1861.9657397905            -1223.36355305252       1205.70798
design1_rebuilt_mutated_A_57_ILE_relaxed.pdb   -1063.95960904771  1321.51803  853.016937069899          -1841.81268914459           -1264.32950723606       1044.49224
design1_rebuilt_mutated_A_57_MET_relaxed.pdb   -1062.58271882118  1315.19098  850.55967782739           -1827.38229095366           -1249.56337478158       1151.56597
design1_rebuilt_mutated_A_183_GLN_relaxed.pdb  -1062.49746740493  1320.94274  855.705829279032          -1845.06394657917           -1251.26666728404       1194.19089
design1_rebuilt_mutated_A_225_GLN_relaxed.pdb  -1062.41757208829  1307.57575  849.918882098421          -1816.67230785309           -1229.18157919554       1181.36133
design1_rebuilt_mutated_A_54_THR_relaxed.pdb   -1062.40639318467  1313.15927  849.869161110215          -1830.06285296348           -1233.08258820578       1199.27147
design1_rebuilt_mutated_A_59_ILE_relaxed.pdb   -1061.71925491818  1313.25687  850.276783931962          -1827.4471318133            -1257.83840258583       1142.0162
design1_rebuilt_mutated_A_108_ASP_relaxed.pdb  -1061.56919216185  1307.91348  848.090968283167          -1822.51181972836           -1229.85340754295       1184.2395
design1_rebuilt_mutated_A_162_GLN_relaxed.pdb  -1061.39214010909  1321.10529  853.405623897788          -1853.48171203086           -1238.72463898546       1023.6813
design1_rebuilt_mutated_A_229_HIS_relaxed.pdb  -1061.25139096338  1304.64541  845.798556966282          -1826.42413067153           -1231.05781712658       953.08704
design1_rebuilt_mutated_A_3_ILE_relaxed.pdb    -1060.78296636244  1313.54277  847.275529515051          -1834.25072504445           -1239.26137093942       1041.48828
design1_rebuilt_mutated_A_57_LYS_relaxed.pdb   -1060.61454038726  1315.15696  848.32005124988           -1851.29918214021           -1255.72427571312       1189.48306
design1_rebuilt_mutated_A_183_MET_relaxed.pdb  -1060.14911273311  1313.81562  847.564032219793          -1841.42155841378           -1241.51504418205       1198.50118
design1_rebuilt_mutated_A_31_ASP_relaxed.pdb   -1060.03453955017  1303.13396  847.492821669188          -1820.99064069356           -1249.43637031885       1035.07582
design1_rebuilt_mutated_A_26_ALA_relaxed.pdb   -1059.83471951734  1319.55074  853.501022023518          -1829.57945546349           -1255.19394590191       1153.12673
design1_rebuilt_mutated_A_103_GLN_relaxed.pdb  -1059.08446735228  1344.03233  864.261647384166          -1878.57473993096           -1303.3504231081        1014.60177
design1_rebuilt_mutated_A_28_GLU_relaxed.pdb   -1059.07243495599  1316.1616   850.097445223357          -1835.56787163811           -1233.7368464143        1030.86532
design1_rebuilt_mutated_A_161_ASN_relaxed.pdb  -1058.7866805457   1302.81799  845.373553080304          -1807.53692833779           -1232.69820313372       938.00688
design1_rebuilt_mutated_A_58_ILE_relaxed.pdb   -1058.73329136525  1308.5752   849.213855045259          -1826.32308276959           -1248.78398640063       987.1335
design1_rebuilt_mutated_A_166_PRO_relaxed.pdb  -1058.29669944115  1309.53423  847.783975826332          -1833.73914605059           -1227.74640881646       1023.6806
design1_rebuilt_mutated_A_97_GLN_relaxed.pdb   -1057.98729164456  1322.21264  858.824408398248          -1835.19235624867           -1224.123412599         1203.64108
design1_rebuilt_mutated_A_162_CYS_relaxed.pdb  -1057.66504774914  1310.82425  845.092905451101          -1835.32022186454           -1230.84515206768       955.87365
design1_rebuilt_mutated_A_28_THR_relaxed.pdb   -1056.71614701385  1333.44708  859.035979343025          -1851.24070352087           -1264.75938020833       969.90985
design1_rebuilt_mutated_A_161_ALA_relaxed.pdb  -1056.63588208657  1307.00447  845.520401248532          -1814.67718850671           -1279.25083718405       1001.11702
design1_rebuilt_mutated_A_31_GLU_relaxed.pdb   -1056.590467101    1327.65779  852.015314740409          -1847.52279475233           -1242.91634170955       1198.9735
design1_rebuilt_mutated_A_229_GLU_relaxed.pdb  -1056.55902220292  1334.76072  860.729909979456          -1850.1073208105            -1270.94194865394       999.88319
design1_rebuilt_mutated_A_30_PRO_relaxed.pdb   -1056.45288940506  1318.72616  849.758973866707          -1835.02535523754           -1232.7391605704        1186.10781
design1_rebuilt_mutated_A_229_VAL_relaxed.pdb  -1056.44949373385  1336.59149  859.556262066548          -1860.75459093546           -1246.22587765611       1194.33242
design1_rebuilt_mutated_A_3_THR_relaxed.pdb    -1056.36644027666  1316.75979  848.09612931469           -1837.84316838615           -1251.50912823407       894.9995
design1_rebuilt_mutated_A_99_ASP_relaxed.pdb   -1055.97238537494  1318.52277  852.95550641256           -1826.59050353292           -1261.11855154054       1140.31806
design1_rebuilt_mutated_A_3_ARG_relaxed.pdb    -1055.4605491188   1327.57475  857.155310007283          -1841.18414677859           -1238.64627202466       965.65334
design1_rebuilt_mutated_A_162_PHE_relaxed.pdb  -1055.31649809764  1331.32446  861.049753655152          -1851.0049889236            -1268.5577320566        990.53429
design1_rebuilt_mutated_A_1_CYS_relaxed.pdb    -1055.196274025    1310.80943  847.717434651849          -1803.52721255979           -1244.19928217701       1180.70791
design1_rebuilt_mutated_A_30_ASN_relaxed.pdb   -1054.8194086851   1329.44242  856.427246994339          -1862.98670636355           -1281.70300152709       993.15984
design1_rebuilt_mutated_A_2_ILE_relaxed.pdb    -1054.23912690142  1314.19489  847.023500971686          -1840.61238373544           -1258.87000662226       1149.32816
design1_rebuilt_mutated_A_28_ASP_relaxed.pdb   -1054.04685912477  1326.6222   854.328749294184          -1841.44437192188           -1253.15679685783       983.85941
design1_rebuilt_mutated_A_57_TYR_relaxed.pdb   -1053.97804198952  1318.33329  849.323442593925          -1831.03748500144           -1251.34876725726       1143.51825
design1_rebuilt_mutated_A_134_ARG_relaxed.pdb  -1053.04792103325  1377.28718  877.037984521894          -1907.79256936157           -1281.17009107717       928.98241
design1_rebuilt_mutated_A_100_LYS_relaxed.pdb  -1052.68331972671  1320.95835  851.370041451302          -1860.22968801603           -1262.95102337271       960.23953
design1_rebuilt_mutated_A_226_MET_relaxed.pdb  -1052.52795439769  1323.67012  849.956925099295          -1863.7961200119            -1235.03648640725       1199.61006
design1_rebuilt_mutated_A_97_ALA_relaxed.pdb   -1052.27042181767  1334.56121  855.6577270798            -1859.12545024916           -1250.09522368367       1184.09059
design1_rebuilt_mutated_A_97_SER_relaxed.pdb   -1052.02285863457  1341.74396  860.523270809511          -1859.4098145873            -1255.80487560151       1180.89319
design1_rebuilt_mutated_A_57_LEU_relaxed.pdb   -1051.599652121    1318.32975  850.197721776568          -1839.43964142776           -1236.05180932595       960.95957
design1_rebuilt_mutated_A_99_TYR_relaxed.pdb   -1051.31014419994  1331.57055  860.623712205314          -1840.39980481692           -1241.58713454362       1201.26707
design1_rebuilt_mutated_A_226_GLN_relaxed.pdb  -1051.11354614486  1339.20732  855.720239928061          -1878.05585492133           -1295.71341466372       1147.83367
design1_rebuilt_mutated_A_230_CYS_relaxed.pdb  -1050.94940557158  1323.44399  852.804539089849          -1834.95317094457           -1231.13417991553       960.1106
design1_rebuilt_mutated_A_103_ASN_relaxed.pdb  -1050.88899760219  1326.51567  846.847607531443          -1873.68074057716           -1278.98645570672       963.07859
design1_rebuilt_mutated_A_226_ILE_relaxed.pdb  -1050.34122052532  1324.55992  855.71912075234           -1820.36352815734           -1227.51031316942       1199.97205
design1_rebuilt_mutated_A_25_ILE_relaxed.pdb   -1049.98806081596  1319.97823  851.006129281589          -1840.46517776345           -1266.71564425119       978.8811
design1_rebuilt_mutated_A_26_CYS_relaxed.pdb   -1049.90202230001  1316.79185  846.896429304852          -1826.63746199396           -1250.63936687356       1142.51613
design1_rebuilt_mutated_A_30_GLN_relaxed.pdb   -1049.67564524039  1331.58645  854.71963064174           -1860.53490612852           -1274.92783662793       987.76937
design1_rebuilt_mutated_A_57_ASP_relaxed.pdb   -1049.05035982099  1333.86807  857.619215217925          -1844.5397186576            -1253.16939352494       971.26663
design1_rebuilt_mutated_A_32_PRO_relaxed.pdb   -1047.90143641316  1315.56348  847.198133408687          -1842.27308799427           -1236.28220508767       910.05494
design1_rebuilt_mutated_A_230_ILE_relaxed.pdb  -1047.66072047632  1323.1187   848.206423639933          -1847.24747599869           -1257.51855623958       987.65371
design1_rebuilt_mutated_A_227_HIS_relaxed.pdb  -1047.33439947941  1331.97638  857.963698904139          -1846.40726284861           -1287.32843020756       982.66374
design1_rebuilt_mutated_A_101_PRO_relaxed.pdb  -1047.10903178185  1326.42006  850.735885272074          -1861.64111407519           -1218.06168238585       1212.63792
design1_rebuilt_mutated_A_103_MET_relaxed.pdb  -1046.77812418209  1333.9571   856.227256581116          -1855.59482617148           -1277.36344918144       1046.88806
design1_rebuilt_mutated_A_58_GLN_relaxed.pdb   -1046.636489611    1325.27197  851.782153715328          -1840.84884663066           -1236.77208276883       1172.74706
design1_rebuilt_mutated_A_3_HIS_relaxed.pdb    -1046.60052148767  1319.74101  851.014703905906          -1829.13103964699           -1232.25655557351       982.33235
design1_rebuilt_mutated_A_97_VAL_relaxed.pdb   -1046.46093985967  1340.69373  859.309462275155          -1861.90969419258           -1249.05303105192       1195.40169
design1_rebuilt_mutated_A_230_LEU_relaxed.pdb  -1046.44297100481  1335.68859  860.769339964817          -1845.93432528489           -1259.58925238333       991.71635
design1_rebuilt_mutated_A_3_ASP_relaxed.pdb    -1046.28754412172  1324.10131  854.093639345659          -1829.66765023287           -1235.23155934219       1157.3909
design1_rebuilt_mutated_A_27_HIS_relaxed.pdb   -1046.25976466915  1316.84038  849.275071402955          -1842.8251646086            -1254.62395982786       1047.94095
design1_rebuilt_mutated_A_64_GLU_relaxed.pdb   -1046.21895638626  1341.54264  858.619834858089          -1855.06468324401           -1276.75827864397       987.49994
design1_rebuilt_mutated_A_100_GLU_relaxed.pdb  -1044.9292492303   1335.68293  858.031429235607          -1842.31476942661           -1234.16215579711       986.83879
design1_rebuilt_mutated_A_229_TYR_relaxed.pdb  -1044.35464606067  1339.69144  862.485751984563          -1837.37535975226           -1248.4388901321        1182.49434
design1_rebuilt_mutated_A_103_SER_relaxed.pdb  -1044.23507541008  1313.85353  846.557785861871          -1827.67265197654           -1226.99417073061       1000.52415
design1_rebuilt_mutated_A_26_PRO_relaxed.pdb   -1042.82856562281  1314.61988  851.159548099422          -1809.13303916028           -1228.88194962068       942.81021
design1_rebuilt_mutated_A_134_HIS_relaxed.pdb  -1042.07652795375  1353.9191   863.058604728046          -1895.54576220019           -1304.49694328809       991.4387
design1_rebuilt_mutated_A_25_CYS_relaxed.pdb   -1041.8351327121   1320.02767  843.680831051786          -1835.25736048331           -1223.10027740797       987.27005
design1_rebuilt_mutated_A_183_ALA_relaxed.pdb  -1041.52096588924  1321.63467  849.947594519823          -1826.20641923156           -1224.82816160767       1187.03181
design1_rebuilt_mutated_A_108_ASN_relaxed.pdb  -1041.36813592691  1314.05278  844.071085021649          -1832.78273627946           -1232.46444846071       1183.16828
design1_rebuilt_mutated_A_162_ASN_relaxed.pdb  -1040.48249190982  1322.42178  853.434042537143          -1815.31318919345           -1205.76114816497       985.68686
design1_rebuilt_mutated_A_56_ASP_relaxed.pdb   -1039.56311754951  1305.5466   847.058928624234          -1792.60659227286           -1207.34785106025       943.89121
design1_rebuilt_mutated_A_54_ALA_relaxed.pdb   -1039.39103510525  1317.64444  848.374648305387          -1825.75858009461           -1241.26869629951       974.49724
design1_rebuilt_mutated_A_166_GLY_relaxed.pdb  -1038.27983850503  1311.57885  843.953278735289          -1828.93380735698           -1245.98219140266       1124.87282
design1_rebuilt_mutated_A_229_GLY_relaxed.pdb  -1037.78444641513  1332.97933  857.219010352096          -1840.89931803724           -1252.42656612252       987.52292
design1_rebuilt_mutated_A_28_VAL_relaxed.pdb   -1037.74610916302  1328.98831  858.672165286718          -1816.77027273734           -1219.48792218374       1057.1461
design1_rebuilt_mutated_A_100_TYR_relaxed.pdb  -1037.3609157796   1327.35895  851.023395472875          -1835.26774764905           -1245.51463861833       1172.86179
design1_rebuilt_mutated_A_57_HIS_relaxed.pdb   -1037.02644245025  1307.89212  839.666526671604          -1818.16200598078           -1211.73029329381       951.09483
design1_rebuilt_mutated_A_226_SER_relaxed.pdb  -1036.96610002372  1307.22163  843.68762442722           -1811.98069697121           -1200.0273504754        1190.15936
design1_rebuilt_mutated_A_100_LEU_relaxed.pdb  -1035.90008721701  1340.0891   858.660203151968          -1839.27241518684           -1246.06100441047       994.81543
design1_rebuilt_mutated_A_59_CYS_relaxed.pdb   -1035.70463529757  1329.70121  853.329910794632          -1829.2064468742            -1221.64260442707       1189.76742
design1_rebuilt_mutated_A_52_GLN_relaxed.pdb   -1034.95936186457  1300.25832  845.380707747849          -1781.86267831148           -1202.84963801888       945.65906
design1_rebuilt_mutated_A_183_GLY_relaxed.pdb  -1034.68546093515  1305.77697  843.550978735013          -1810.83406292642           -1218.5212510574        1181.35384
design1_rebuilt_mutated_A_56_THR_relaxed.pdb   -1034.18850017761  1296.5702   837.345930256767          -1798.06066334697           -1224.51722355152       976.75844
design1_rebuilt_mutated_A_58_ASN_relaxed.pdb   -1033.97634690755  1298.53777  840.111954777622          -1795.85744476265           -1229.04119768971       973.37959
design1_rebuilt_mutated_A_134_MET_relaxed.pdb  -1033.10142936454  1340.19464  856.588100000539          -1846.84060096705           -1235.9653541879        1027.62287
design1_rebuilt_mutated_A_230_GLU_relaxed.pdb  -1032.43714038233  1335.72865  858.440688558855          -1833.5357952581            -1258.01781707041       997.79671
design1_rebuilt_mutated_A_25_ASP_relaxed.pdb   -1032.29877666856  1317.60376  847.03140365115           -1809.51596154962           -1225.45301634034       992.58695
design1_rebuilt_mutated_A_97_THR_relaxed.pdb   -1031.46038350056  1322.38458  849.930611605998          -1832.87596284979           -1213.01934455729       962.10331
design1_rebuilt_mutated_A_184_LEU_relaxed.pdb  -1030.48240269365  1315.80567  842.143657792278          -1827.31670308602           -1230.21305994191       1166.81217
design1_rebuilt_mutated_A_30_TYR_relaxed.pdb   -1029.12666905829  1388.88533  880.258619132452          -1877.62306270641           -1256.56180895841       1016.9934
design1_rebuilt_mutated_A_225_SER_relaxed.pdb  -1028.55550805007  1325.61239  853.123388829435          -1832.4186263576            -1228.59290587958       952.30795
design1_rebuilt_mutated_A_162_TRP_relaxed.pdb  -1028.45839099402  1327.12836  852.27648778067           -1825.9100242839            -1234.79936522289       987.22128
design1_rebuilt_mutated_A_183_THR_relaxed.pdb  -1028.1774902359   1310.32237  842.286064634797          -1817.59699196098           -1203.63371913292       1190.29765
design1_rebuilt_mutated_A_2_HIS_relaxed.pdb    -1027.59898880454  1349.49002  857.32836105841           -1871.37404319757           -1223.71128373122       994.26533
design1_rebuilt_mutated_A_30_HIS_relaxed.pdb   -1027.13522203211  1332.50956  849.80119538573           -1830.81820162189           -1212.30925053125       1178.9932
design1_rebuilt_mutated_A_97_ASP_relaxed.pdb   -1026.65841298828  1330.39193  854.637012146481          -1802.22290683841           -1203.3611749911        1187.53133
design1_rebuilt_mutated_A_64_ASP_relaxed.pdb   -1026.49105860117  1337.98948  857.200974182427          -1836.4265650063            -1251.36169244814       1004.05423
design1_rebuilt_mutated_A_105_LYS_relaxed.pdb  -1026.3906674142   1305.92262  841.22206207723           -1825.01335969415           -1218.66456471786       1196.03863
design1_rebuilt_mutated_A_55_LYS_relaxed.pdb   -1026.36318521949  1336.00117  850.236662485634          -1872.90872192              -1285.93935200539       980.50961
design1_rebuilt_mutated_A_105_GLY_relaxed.pdb  -1026.30036102919  1314.07966  842.542062238768          -1821.64039231681           -1223.76523906804       1005.34155
design1_rebuilt_mutated_A_27_ARG_relaxed.pdb   -1026.28839221647  1331.98213  855.299345073064          -1818.10838932108           -1225.51717360811       1055.97575
design1_rebuilt_mutated_A_57_ARG_relaxed.pdb   -1025.70908267141  1326.57863  846.366495408458          -1861.80096361486           -1260.65245179389       961.61499
design1_rebuilt_mutated_A_99_ARG_relaxed.pdb   -1025.50059347405  1312.43657  842.811374261318          -1812.07767717968           -1226.59819101204       1169.81489
design1_rebuilt_mutated_A_162_ASP_relaxed.pdb  -1025.36654703842  1313.87404  842.733535410169          -1819.20751055281           -1225.96948043728       980.24306
design1_rebuilt_mutated_A_100_GLY_relaxed.pdb  -1024.91736334787  1301.28911  839.782427525486          -1778.47043522955           -1178.05712668304       1162.09395
design1_rebuilt_mutated_A_226_VAL_relaxed.pdb  -1024.3080247447   1318.33265  846.351640360704          -1829.63527075914           -1219.14594801695       968.48095
design1_rebuilt_mutated_A_31_MET_relaxed.pdb   -1024.10867222425  1344.36476  854.954773427322          -1843.83716932336           -1220.35780159814       960.54515
design1_rebuilt_mutated_A_183_LEU_relaxed.pdb  -1023.83659598031  1318.32622  845.307701083445          -1817.00654059277           -1202.53652374595       1051.36084
design1_rebuilt_mutated_A_31_ALA_relaxed.pdb   -1023.04554718872  1312.40731  838.058020788574          -1821.63228867994           -1214.6363989745        1006.5026
design1_rebuilt_mutated_A_57_GLY_relaxed.pdb   -1022.34485426177  1316.44366  845.826976654039          -1794.98263214994           -1197.80759058858       1160.67724
design1_rebuilt_mutated_A_55_MET_relaxed.pdb   -1022.24771329658  1367.66466  864.97404099962           -1887.08922536606           -1300.2551821002        944.30406
design1_rebuilt_mutated_A_227_GLU_relaxed.pdb  -1022.01834524717  1316.63458  843.907953193061          -1811.44215672774           -1203.98263250033       1016.76454
design1_rebuilt_mutated_A_64_ASN_relaxed.pdb   -1021.71233391284  1326.43244  850.547343290904          -1823.88203641936           -1234.30712884597       996.33412
design1_rebuilt_mutated_A_58_MET_relaxed.pdb   -1020.65639332046  1333.53716  851.137793973579          -1816.5962510597            -1190.87405072637       1058.50793
design1_rebuilt_mutated_A_55_ASN_relaxed.pdb   -1018.27551533884  1350.598    858.295547318672          -1847.1342722287            -1259.49919441617       984.41875
design1_rebuilt_mutated_A_184_CYS_relaxed.pdb  -1018.20408270186  1307.18485  840.076716357045          -1793.33480706956           -1207.69013506278       1026.90004
design1_rebuilt_mutated_A_227_CYS_relaxed.pdb  -1018.13611050369  1314.80859  848.420940797689          -1793.31706501544           -1210.46772179125       937.6561
design1_rebuilt_mutated_A_225_CYS_relaxed.pdb  -1017.71533736045  1313.44293  844.70202676592           -1799.37642686128           -1189.10146141804       950.91705
design1_rebuilt_mutated_A_3_MET_relaxed.pdb    -1017.50391095982  1328.71358  847.133503825275          -1847.25761182019           -1248.81369011926       983.93165
design1_rebuilt_mutated_A_26_ARG_relaxed.pdb   -1017.35946342588  1319.48272  847.35396581654           -1816.44299576252           -1236.1883998183        982.07852
design1_rebuilt_mutated_A_58_ALA_relaxed.pdb   -1017.26657778748  1295.58169  834.623419983742          -1789.83781884147           -1187.77513156529       941.37614
design1_rebuilt_mutated_A_53_MET_relaxed.pdb   -1017.21527496277  1332.53691  854.588016759844          -1805.05017995967           -1219.64071777289       999.71206
design1_rebuilt_mutated_A_30_LYS_relaxed.pdb   -1017.07044270683  1340.59454  852.069712146735          -1870.59502440002           -1281.02238507694       888.29733
design1_rebuilt_mutated_A_64_ILE_relaxed.pdb   -1017.0157484789   1333.78146  852.758140887963          -1832.6159996637            -1249.90450523423       1045.27246
design1_rebuilt_mutated_A_101_ASP_relaxed.pdb  -1016.94643058898  1333.23224  846.801007928533          -1858.63941804119           -1201.50923644828       1210.57557
design1_rebuilt_mutated_A_53_ASN_relaxed.pdb   -1016.04740697979  1315.27899  838.032589489405          -1805.28359185947           -1208.57356180167       981.31121
design1_rebuilt_mutated_A_134_VAL_relaxed.pdb  -1015.88152340599  1335.09919  856.008472311078          -1834.30952602261           -1231.90192186031       1046.8314
design1_rebuilt_mutated_A_30_ALA_relaxed.pdb   -1015.74538504875  1308.80494  840.224515304983          -1802.08308688688           -1198.9941939418        1047.90178
design1_rebuilt_mutated_A_26_HIS_relaxed.pdb   -1015.73578036436  1337.65089  857.31186635461           -1846.72126960565           -1282.24909518131       975.52496
design1_rebuilt_mutated_A_161_PHE_relaxed.pdb  -1015.37871552827  1330.76208  849.636495331167          -1808.79334712215           -1191.12970380452       992.0323
design1_rebuilt_mutated_A_225_VAL_relaxed.pdb  -1015.32132242962  1336.5408   853.431599264563          -1827.51462659975           -1213.87578801383       960.95875
design1_rebuilt_mutated_A_26_ILE_relaxed.pdb   -1014.19114736793  1311.24257  840.184628189582          -1803.19944266259           -1247.34189852527       1148.90674
design1_rebuilt_mutated_A_134_GLN_relaxed.pdb  -1013.83371342147  1346.07451  858.105614226942          -1855.00607343486           -1242.77342582281       958.47544
design1_rebuilt_mutated_A_227_GLN_relaxed.pdb  -1013.58062423021  1333.44733  853.805705913126          -1821.66729906309           -1219.5262343642        1161.95999
design1_rebuilt_mutated_A_229_ASN_relaxed.pdb  -1013.56316252813  1326.11865  851.016084786454          -1817.41766066231           -1214.38809326063       952.3268
design1_rebuilt_mutated_A_225_LEU_relaxed.pdb  -1013.42986792684  1334.87295  852.981904288233          -1810.42749967569           -1221.71903436368       970.9518
design1_rebuilt_mutated_A_161_SER_relaxed.pdb  -1013.33886716895  1310.70627  839.535978150521          -1792.1097490447            -1218.93932641992       1138.48435
design1_rebuilt_mutated_A_230_LYS_relaxed.pdb  -1013.33255472092  1320.57764  847.131339095151          -1813.46060012869           -1227.12519755708       991.08918
design1_rebuilt_mutated_A_32_THR_relaxed.pdb   -1012.80843797682  1305.13165  835.833802817348          -1806.34401623115           -1210.28972772235       938.67464
design1_rebuilt_mutated_A_59_GLY_relaxed.pdb   -1012.80048328292  1317.70904  842.614745184391          -1800.30708172949           -1211.24117779669       989.37764
design1_rebuilt_mutated_A_56_LYS_relaxed.pdb   -1012.77873721619  1335.32089  855.864250429306          -1822.68121802458           -1245.11670083037       986.40496
design1_rebuilt_mutated_A_184_VAL_relaxed.pdb  -1012.51130190112  1316.97462  840.202016764082          -1821.18864846768           -1221.78644372186       975.16658
design1_rebuilt_mutated_A_31_GLN_relaxed.pdb   -1011.67781524496  1324.25399  842.841177050116          -1816.47601546299           -1209.64456286313       1152.36616
design1_rebuilt_mutated_A_55_ILE_relaxed.pdb   -1011.59320560899  1328.47254  853.626702696695          -1820.98935577829           -1257.1096063605        990.59676
design1_rebuilt_mutated_A_99_GLU_relaxed.pdb   -1011.36756400633  1303.53195  837.74068688019           -1789.67189964291           -1186.99918076997       981.49452
design1_rebuilt_mutated_A_30_ILE_relaxed.pdb   -1011.04372223869  1338.3714   858.233780223696          -1810.20051232195           -1213.27972746251       1049.15018
design1_rebuilt_mutated_A_134_LYS_relaxed.pdb  -1010.8454387728   1354.144    861.737479608339          -1890.57378694435           -1293.658736883         988.22902
design1_rebuilt_mutated_A_56_TYR_relaxed.pdb   -1010.62402463822  1335.64648  851.883333456347          -1816.0430689668            -1228.2625739947        977.81612
design1_rebuilt_mutated_A_54_LYS_relaxed.pdb   -1010.26709919556  1333.45942  848.768720397277          -1820.23219567357           -1199.93369685749       951.39876
design1_rebuilt_mutated_A_226_THR_relaxed.pdb  -1010.21694865178  1321.09677  847.105147510479          -1804.26956029004           -1199.05373431902       991.34768
design1_rebuilt_mutated_A_99_ASN_relaxed.pdb   -1010.19248007503  1308.70372  840.598628498032          -1795.54791406309           -1195.81906720654       1151.43956
design1_rebuilt_mutated_A_55_VAL_relaxed.pdb   -1010.19232610089  1335.60177  849.222495027288          -1827.70862029588           -1263.87851287315       995.85036
design1_rebuilt_mutated_A_58_GLY_relaxed.pdb   -1010.12213289939  1307.88658  837.129603832755          -1804.1769563007            -1224.71204815587       970.29569
design1_rebuilt_mutated_A_32_GLN_relaxed.pdb   -1010.0013178131   1325.1869   840.491040940347          -1835.96289908006           -1221.50331625877       948.22528
design1_rebuilt_mutated_A_184_ILE_relaxed.pdb  -1009.51593257416  1312.89315  837.807065930738          -1802.92848159339           -1200.47818917116       953.2415
design1_rebuilt_mutated_A_59_ARG_relaxed.pdb   -1009.46132576893  1329.64706  853.626552727799          -1797.20411859097           -1217.58608644519       994.57033
design1_rebuilt_mutated_A_30_PHE_relaxed.pdb   -1009.36520261504  1378.60349  870.794493967507          -1869.0485118683            -1261.79455292707       912.0537
design1_rebuilt_mutated_A_56_GLN_relaxed.pdb   -1009.11629039667  1301.1529   839.901623653909          -1766.88897414745           -1197.16920764325       981.80605
design1_rebuilt_mutated_A_54_CYS_relaxed.pdb   -1008.43660684789  1320.15532  847.301900615363          -1792.18940001917           -1206.19294508621       1186.65978
design1_rebuilt_mutated_A_230_SER_relaxed.pdb  -1007.64562699081  1322.60611  844.759088063958          -1801.4605708391            -1204.64247403936       990.6781
design1_rebuilt_mutated_A_103_ALA_relaxed.pdb  -1007.11976179602  1308.05015  837.563110760992          -1793.91472801233           -1185.47650099725       1193.03534
design1_rebuilt_mutated_A_97_PHE_relaxed.pdb   -1006.62789084036  1336.7073   854.296763779241          -1811.67727905464           -1206.22768972393       1160.51229
design1_rebuilt_mutated_A_99_TRP_relaxed.pdb   -1006.46513197056  1323.7964   846.056768203216          -1795.15109320128           -1181.43523721531       991.94872
design1_rebuilt_mutated_A_53_CYS_relaxed.pdb   -1006.03130315232  1322.33434  842.735884483688          -1810.66159652805           -1187.66976551204       953.3051
design1_rebuilt_mutated_A_55_GLU_relaxed.pdb   -1005.94679045718  1354.47135  861.309814566532          -1828.65211261927           -1230.2761648236        978.95021
design1_rebuilt_mutated_A_100_MET_relaxed.pdb  -1005.94418222691  1343.0316   852.124548446712          -1835.13357755705           -1212.16722877303       985.38006
design1_rebuilt_mutated_A_100_ARG_relaxed.pdb  -1005.73505198768  1328.74024  848.262224179456          -1847.20089290939           -1269.659807304         1012.76905
design1_rebuilt_mutated_A_56_PHE_relaxed.pdb   -1005.51052043742  1325.53667  847.43301467529           -1804.63656139552           -1233.78990075508       978.81039
design1_rebuilt_mutated_A_58_THR_relaxed.pdb   -1005.40856809484  1312.5526   841.77938717911           -1798.18517379754           -1198.344615509         1177.77884
design1_rebuilt_mutated_A_184_SER_relaxed.pdb  -1004.67495831701  1304.2392   834.643022909822          -1786.17679409882           -1180.25603103706       1029.18995
design1_rebuilt_mutated_A_230_ASN_relaxed.pdb  -1004.39914905047  1315.84423  841.693806269161          -1793.81785803952           -1191.46985520275       954.77382
design1_rebuilt_mutated_A_52_TYR_relaxed.pdb   -1003.7077610711   1317.8645   845.512220824108          -1781.08348013117           -1176.76286818046       1181.60445
design1_rebuilt_mutated_A_97_GLU_relaxed.pdb   -1003.52378028036  1334.96488  851.469782794731          -1818.39156097554           -1221.332802499         1154.52401
design1_rebuilt_mutated_A_102_TRP_relaxed.pdb  -1003.285904136    1327.31609  846.474194645004          -1805.75204330353           -1202.38521462163       993.24844
design1_rebuilt_mutated_A_166_VAL_relaxed.pdb  -1003.03005537676  1320.19747  841.70385832077           -1814.42166299306           -1204.79242233299       988.94462
design1_rebuilt_mutated_A_166_LYS_relaxed.pdb  -1001.91292594847  1353.69542  856.206700993816          -1864.49572104455           -1252.24809545429       985.61185
design1_rebuilt_mutated_A_28_CYS_relaxed.pdb   -1001.83287310109  1332.57025  846.241835825786          -1820.71249309011           -1198.71988214517       962.17504
design1_rebuilt_mutated_A_104_PHE_relaxed.pdb  -1001.58626232522  1310.57817  840.078568283275          -1786.4601867445            -1168.92265846343       957.41868
design1_rebuilt_mutated_A_30_MET_relaxed.pdb   -1001.18572701745  1346.25237  853.004154101674          -1845.65529868398           -1258.93274615202       998.26275
design1_rebuilt_mutated_A_228_ASN_relaxed.pdb  -1001.18204104336  1326.06193  838.121423489133          -1821.70950494423           -1296.34321440755       1021.83212
design1_rebuilt_mutated_A_31_CYS_relaxed.pdb   -1000.97747674531  1318.85265  836.745152691456          -1812.63014519125           -1188.50946457975       948.24467
design1_rebuilt_mutated_A_59_ASP_relaxed.pdb   -1000.33670458478  1315.15271  842.150355225458          -1791.93585941095           -1197.10831924159       1139.90751
design1_rebuilt_mutated_A_25_MET_relaxed.pdb   -999.787807345109  1324.82935  847.559812114638          -1798.95310558644           -1211.71129380802       957.25327
design1_rebuilt_mutated_A_230_PHE_relaxed.pdb  -999.652879568925  1313.09137  837.079729658253          -1790.23233118032           -1189.38022985978       1147.859
design1_rebuilt_mutated_A_57_GLU_relaxed.pdb   -999.173795173332  1316.40926  842.499163564944          -1788.35847166721           -1166.89056682188       1191.13601
design1_rebuilt_mutated_A_226_CYS_relaxed.pdb  -999.000418899536  1303.90181  835.21721422746           -1768.97882224976           -1158.69221675453       1190.20615
design1_rebuilt_mutated_A_2_LEU_relaxed.pdb    -997.827230246943  1339.61119  846.602651579789          -1842.2863257249            -1216.42309531516       1000.32141
design1_rebuilt_mutated_A_64_GLY_relaxed.pdb   -997.545908400858  1311.06787  838.585524514536          -1769.62177481298           -1173.70594644412       1158.98314
design1_rebuilt_mutated_A_31_ILE_relaxed.pdb   -996.50251829133   1316.72997  840.196975576343          -1812.83469525334           -1227.37263419713       899.05886
design1_rebuilt_mutated_A_134_THR_relaxed.pdb  -996.330522496924  1338.77078  849.850088444051          -1833.14594732409           -1203.91919358944       960.83719
design1_rebuilt_mutated_A_26_THR_relaxed.pdb   -995.83136143186   1323.36153  847.160309894999          -1801.44795399903           -1224.56513818781       937.57255
design1_rebuilt_mutated_A_56_ILE_relaxed.pdb   -995.454573025988  1331.05133  851.830007149748          -1790.98980641443           -1186.71912565137       977.62081
design1_rebuilt_mutated_A_184_GLY_relaxed.pdb  -995.122537325274  1305.98648  834.068537321807          -1800.16599481759           -1193.67742144651       1023.84539
design1_rebuilt_mutated_A_54_LEU_relaxed.pdb   -994.706744537864  1338.02055  860.529640740734          -1798.57269797318           -1181.1567131281        1229.08185
design1_rebuilt_mutated_A_102_PHE_relaxed.pdb  -993.267093746217  1318.85763  840.735836222968          -1789.78015065625           -1186.6163893307        985.28798
design1_rebuilt_mutated_A_226_LEU_relaxed.pdb  -993.134377579503  1351.96967  857.442101315498          -1824.24804548455           -1215.10602782167       1202.28027
design1_rebuilt_mutated_A_227_VAL_relaxed.pdb  -993.090337334763  1309.64597  838.300022007243          -1774.09115870601           -1171.78439228099       1155.68969
design1_rebuilt_mutated_A_166_MET_relaxed.pdb  -992.618533645643  1334.70679  845.763497228984          -1814.05111699059           -1173.8991521689        1095.02292
design1_rebuilt_mutated_A_57_PRO_relaxed.pdb   -992.479620730688  1290.92512  829.045084929875          -1765.77658354913           -1157.1467187505        944.12621
design1_rebuilt_mutated_A_2_CYS_relaxed.pdb    -992.102860024855  1321.95751  842.853549866061          -1795.9482609228            -1199.23568575462       1034.82714
design1_rebuilt_mutated_A_161_LYS_relaxed.pdb  -991.808324387281  1322.54408  847.646759314851          -1788.31229415337           -1194.55345821075       1003.20531
design1_rebuilt_mutated_A_162_MET_relaxed.pdb  -990.921798754697  1323.58094  844.567785002912          -1798.32405875765           -1191.81706253413       1193.6217
design1_rebuilt_mutated_A_56_GLU_relaxed.pdb   -990.549933693317  1303.42184  836.367181187635          -1770.04286401691           -1191.31264151127       980.75745
design1_rebuilt_mutated_A_58_ARG_relaxed.pdb   -989.477208219628  1312.7637   835.155052314553          -1783.05758743013           -1207.98868768059       950.35909
design1_rebuilt_mutated_A_108_GLY_relaxed.pdb  -989.315175086284  1334.77777  846.693899421738          -1859.35679346616           -1208.64952448372       966.39245
design1_rebuilt_mutated_A_101_GLU_relaxed.pdb  -988.606485734938  1346.59784  853.586338661507          -1841.77112157779           -1192.41045215028       1222.23606
design1_rebuilt_mutated_A_30_GLU_relaxed.pdb   -988.026592158805  1340.52617  847.095820222422          -1847.4270237674            -1254.5676698624        888.01301
design1_rebuilt_mutated_A_227_LEU_relaxed.pdb  -987.823663255712  1323.85095  847.854252548955          -1791.43213412307           -1204.1921237418        954.44267
design1_rebuilt_mutated_A_64_LEU_relaxed.pdb   -987.453312499237  1332.45389  847.76872399765           -1815.02297305096           -1212.12946989688       954.95698
design1_rebuilt_mutated_A_99_HIS_relaxed.pdb   -987.091745316835  1321.46652  840.475536160767          -1793.46215518523           -1178.77333817837       970.89681
design1_rebuilt_mutated_A_30_ARG_relaxed.pdb   -987.085913864925  1345.46158  849.530919042537          -1856.87518668309           -1272.30817740089       887.82602
design1_rebuilt_mutated_A_166_ALA_relaxed.pdb  -986.33235945309   1303.76005  831.788613979095          -1766.83196066904           -1146.70627955837       939.41955
design1_rebuilt_mutated_A_30_GLY_relaxed.pdb   -986.203562875557  1315.99236  837.386199449277          -1782.39693157841           -1183.22029246965       1146.74002
design1_rebuilt_mutated_A_225_ALA_relaxed.pdb  -984.974605048849  1325.64672  843.735327572577          -1796.751830971             -1189.18919809609       951.68044
design1_rebuilt_mutated_A_184_PRO_relaxed.pdb  -984.709065322226  1313.17582  834.654376373058          -1783.76792446474           -1182.16502462945       987.29165
design1_rebuilt_mutated_A_58_PRO_relaxed.pdb   -984.691791004804  1297.97114  827.123854850469          -1779.99769354656           -1180.28428405012       1170.5156
design1_rebuilt_mutated_A_100_ILE_relaxed.pdb  -983.81019572459   1308.44805  833.143360861191          -1782.2159794265            -1201.8446841606        967.59677
design1_rebuilt_mutated_A_2_GLU_relaxed.pdb    -983.487859419598  1354.82719  859.658804852788          -1840.15142746548           -1219.94112425814       939.75083
design1_rebuilt_mutated_A_1_ALA_relaxed.pdb    -982.856878846445  1302.36195  838.20275531874           -1747.46817765334           -1154.46709138856       1185.884
design1_rebuilt_mutated_A_27_CYS_relaxed.pdb   -982.730876683793  1334.58571  850.204794855441          -1772.6822214602            -1151.77927766834       1209.16629
design1_rebuilt_mutated_A_227_SER_relaxed.pdb  -981.395897114293  1313.52032  839.116962692017          -1799.36754286652           -1232.66807339127       950.68258
design1_rebuilt_mutated_A_3_SER_relaxed.pdb    -980.747903729936  1308.11821  833.296094479289          -1772.26615155829           -1156.78923767965       1191.84124
design1_rebuilt_mutated_A_53_PHE_relaxed.pdb   -980.505097178947  1318.24528  837.639306606052          -1768.42861908031           -1172.99112055202       976.66072
design1_rebuilt_mutated_A_103_GLY_relaxed.pdb  -979.482101520286  1304.92451  833.302057982002          -1771.32138538456           -1161.82943965732       988.25687
design1_rebuilt_mutated_A_230_ALA_relaxed.pdb  -978.944763839334  1323.29863  841.523115924211          -1783.04265771468           -1170.45806010743       958.01643
design1_rebuilt_mutated_A_56_HIS_relaxed.pdb   -978.506835026278  1318.17032  841.417904584496          -1785.93179156908           -1179.55707233003       977.09165
design1_rebuilt_mutated_A_101_ASN_relaxed.pdb  -977.717901025102  1337.59975  846.400739885689          -1833.40757252444           -1189.83436010322       1209.34808
design1_rebuilt_mutated_A_225_PRO_relaxed.pdb  -977.606555306308  1328.39134  844.392233040073          -1792.63965169865           -1179.43273655909       962.66614
design1_rebuilt_mutated_A_58_VAL_relaxed.pdb   -977.299903968628  1311.65529  837.005621873056          -1768.76506008084           -1169.14002555242       1135.15537
design1_rebuilt_mutated_A_184_HIS_relaxed.pdb  -976.802464509487  1317.49567  836.72553738951           -1780.47808928743           -1149.25229836924       963.24374
design1_rebuilt_mutated_A_227_PRO_relaxed.pdb  -975.608853749744  1325.95696  844.040614002212          -1795.34336864431           -1224.55474373832       922.63635
design1_rebuilt_mutated_A_58_SER_relaxed.pdb   -975.583355654592  1292.77462  823.686900622432          -1752.53795638879           -1170.01338232199       970.96002
design1_rebuilt_mutated_A_59_ALA_relaxed.pdb   -974.532551525427  1317.01613  834.801274086083          -1770.49556623586           -1150.52379217039       1036.16093
design1_rebuilt_mutated_A_25_PHE_relaxed.pdb   -973.84154996507   1336.34561  849.221109582302          -1799.68813061266           -1191.90611802047       987.90463
design1_rebuilt_mutated_A_103_VAL_relaxed.pdb  -973.685677132404  1318.9947   840.411893728148          -1786.78607225673           -1159.60604236909       976.68778
design1_rebuilt_mutated_A_28_GLY_relaxed.pdb   -973.518410878052  1307.56612  834.146644416845          -1774.44586582814           -1162.67188110185       1043.43395
design1_rebuilt_mutated_A_229_ASP_relaxed.pdb  -973.088017389266  1327.27763  840.548927970415          -1793.07185942039           -1188.96860853618       1032.18582
design1_rebuilt_mutated_A_184_GLN_relaxed.pdb  -970.55853778503   1318.50255  836.737319043251          -1786.91217561717           -1198.31846370138       891.31826
design1_rebuilt_mutated_A_184_ASN_relaxed.pdb  -969.588496281871  1311.42053  831.762103179261          -1793.42772158889           -1188.68909088918       929.50931
design1_rebuilt_mutated_A_32_LEU_relaxed.pdb   -969.197122055015  1310.04699  828.625002998721          -1789.85689410924           -1181.87431896419       1131.03925
design1_rebuilt_mutated_A_28_MET_relaxed.pdb   -968.850050543837  1338.32141  848.381382833881          -1792.90029463957           -1191.45988249834       971.33571
design1_rebuilt_mutated_A_101_PHE_relaxed.pdb  -968.340877118296  1298.85214  824.633864565521          -1764.12294729125           -1142.6805507539        929.19358
design1_rebuilt_mutated_A_1_TRP_relaxed.pdb    -967.929655225025  1322.00877  837.037579714356          -1828.22259654727           -1236.37782811391       952.02633
design1_rebuilt_mutated_A_226_GLY_relaxed.pdb  -967.736244099122  1317.06982  835.694501681078          -1787.38052613569           -1190.76010221699       1136.17917
design1_rebuilt_mutated_A_27_ASN_relaxed.pdb   -967.174398909487  1338.13746  848.444022148022          -1798.66431694463           -1146.58812112988       903.96051
design1_rebuilt_mutated_A_184_MET_relaxed.pdb  -966.397017542111  1310.38289  830.07363646593           -1783.77046672514           -1178.96525960064       954.11484
design1_rebuilt_mutated_A_97_TYR_relaxed.pdb   -966.038869407237  1329.20226  839.631136936763          -1789.21491741473           -1167.34502275085       963.11908
design1_rebuilt_mutated_A_166_GLU_relaxed.pdb  -964.479129947832  1305.61594  825.649974956198          -1775.48908442742           -1164.33332457457       943.48459
design1_rebuilt_mutated_A_104_LYS_relaxed.pdb  -963.626953358058  1314.98147  836.901469037887          -1767.2731396159            -1179.2131843659        1033.24937
design1_rebuilt_mutated_A_32_ILE_relaxed.pdb   -963.342261144089  1315.35867  826.900165969245          -1801.70421572705           -1201.17795291867       1132.12992
design1_rebuilt_mutated_A_166_LEU_relaxed.pdb  -963.069859473117  1321.87956  841.151832750331          -1768.69432671342           -1162.14271025413       963.92233
design1_rebuilt_mutated_A_183_ILE_relaxed.pdb  -960.977092389979  1312.44241  830.494929115845          -1770.87373993679           -1152.224425822         1046.25326
design1_rebuilt_mutated_A_2_ASP_relaxed.pdb    -959.539834675634  1308.92809  831.864179526549          -1791.20071801265           -1189.20880908662       942.61178
design1_rebuilt_mutated_A_227_ALA_relaxed.pdb  -959.506283888538  1317.50334  838.291043594018          -1792.14006840885           -1212.94728235585       953.2048
design1_rebuilt_mutated_A_134_TRP_relaxed.pdb  -958.983947347339  1329.93721  844.96167697117           -1768.19354028442           -1185.94503398967       965.38263
design1_rebuilt_mutated_A_227_ILE_relaxed.pdb  -958.824828797198  1318.7699   839.86639339795           -1758.42539672842           -1150.69897264067       950.41506
design1_rebuilt_mutated_A_103_CYS_relaxed.pdb  -957.734878200061  1318.62091  830.947356912102          -1791.36875176566           -1191.45694776095       984.11719
design1_rebuilt_mutated_A_56_VAL_relaxed.pdb   -957.543675198924  1307.97084  829.965437982638          -1757.1269135026            -1164.14977878709       977.40121
design1_rebuilt_mutated_A_27_MET_relaxed.pdb   -953.16507983525   1344.83964  844.557413917569          -1788.66340390514           -1097.93712297013       1243.05885
design1_rebuilt_mutated_A_226_GLU_relaxed.pdb  -952.662176343935  1309.37275  826.915253465096          -1768.71777023945           -1148.18167987022       951.23653
design1_rebuilt_mutated_A_225_PHE_relaxed.pdb  -952.10436795429   1322.30512  834.982522990704          -1779.77826240695           -1137.42087021905       956.32965
design1_rebuilt_mutated_A_228_PHE_relaxed.pdb  -951.950107512787  1327.32905  839.586084351483          -1779.25453335917           -1186.65063084718       976.58076
design1_rebuilt_mutated_A_55_ARG_relaxed.pdb   -951.611249216637  1346.63402  846.467281297749          -1799.40818370478           -1204.28259250563       980.49631
design1_rebuilt_mutated_A_53_TYR_relaxed.pdb   -950.87958937629   1326.02549  838.878352982502          -1755.40057255174           -1146.07363072616       961.55061
design1_rebuilt_mutated_A_2_LYS_relaxed.pdb    -950.524092180004  1332.10327  844.906739417119          -1787.95330426313           -1157.81711245814       984.63744
design1_rebuilt_mutated_A_230_GLY_relaxed.pdb  -947.925833330741  1313.86797  835.908886590608          -1725.57435552329           -1102.38507733378       1188.43989
design1_rebuilt_mutated_A_225_GLY_relaxed.pdb  -947.341463508207  1323.01433  838.673230343513          -1747.02124945672           -1141.5525836938        1164.39299
design1_rebuilt_mutated_A_31_PRO_relaxed.pdb   -946.588276360426  1292.54297  814.446916679173          -1744.87919482386           -1121.92574859925       1167.78965
design1_rebuilt_mutated_A_53_ALA_relaxed.pdb   -946.585562667763  1307.02607  827.429019890556          -1751.12328024018           -1134.27567610181       1020.59413
design1_rebuilt_mutated_A_56_CYS_relaxed.pdb   -946.484149722876  1292.0896   820.587409554285          -1732.21705229591           -1118.26182166731       938.10417
design1_rebuilt_mutated_A_58_TRP_relaxed.pdb   -946.225412046584  1309.12346  827.387024446544          -1744.61089255594           -1224.40538433213       965.24213
design1_rebuilt_mutated_A_54_ASP_relaxed.pdb   -946.068994567047  1308.37885  832.595074220367          -1743.51325246415           -1124.83186571221       949.27075
design1_rebuilt_mutated_A_31_VAL_relaxed.pdb   -945.513913718249  1312.94941  822.026929879442          -1775.13017979073           -1143.94517951185       971.45613
design1_rebuilt_mutated_A_228_THR_relaxed.pdb  -945.102625574658  1363.76439  853.384723921558          -1796.90066733503           -1170.35222535006       969.18858
design1_rebuilt_mutated_A_184_GLU_relaxed.pdb  -943.857404958121  1321.64902  831.978727059889          -1786.4696866036            -1163.48051339716       1046.48653
design1_rebuilt_mutated_A_55_THR_relaxed.pdb   -942.23319244194   1348.80396  845.820706821495          -1809.41676370698           -1202.48267142425       957.12407
design1_rebuilt_mutated_A_104_HIS_relaxed.pdb  -941.112311139207  1316.18958  836.870512429456          -1719.82660575767           -1117.23430249262       1046.82781
design1_rebuilt_mutated_A_58_CYS_relaxed.pdb   -938.281271342979  1300.02203  826.300992052035          -1719.71915747055           -1139.98190116539       971.19903
design1_rebuilt_mutated_A_228_ASP_relaxed.pdb  -937.93640051997   1333.46109  834.464109088043          -1781.82857876572           -1223.71909910683       1057.58093
design1_rebuilt_mutated_A_54_PRO_relaxed.pdb   -937.657327451889  1304.11132  823.937510354162          -1739.78331262378           -1148.70501543837       964.41996
design1_rebuilt_mutated_A_230_HIS_relaxed.pdb  -937.480133954862  1305.38728  822.311804708167          -1748.27470932714           -1127.8246189244        949.47919
design1_rebuilt_mutated_A_27_GLU_relaxed.pdb   -936.904406005831  1316.13759  833.612427028197          -1745.30288127342           -1126.63526300464       967.44847
design1_rebuilt_mutated_A_25_TRP_relaxed.pdb   -935.46807037193   1353.52042  849.145852937145          -1779.27025600992           -1149.46700488849       1005.66349
design1_rebuilt_mutated_A_227_GLY_relaxed.pdb  -935.345121997707  1309.2522   829.98646508414           -1747.20645827474           -1171.93059259693       866.44161
design1_rebuilt_mutated_A_56_MET_relaxed.pdb   -935.187014039191  1334.14649  842.786379605306          -1765.23197258325           -1166.21322857048       992.9866
design1_rebuilt_mutated_A_53_LYS_relaxed.pdb   -933.409252407979  1337.09523  830.211613529031          -1784.36768577647           -1142.59770296947       1004.76782
design1_rebuilt_mutated_A_108_HIS_relaxed.pdb  -932.30563709215   1363.20797  850.625558056879          -1839.32663284694           -1208.40576042857       1011.8961
design1_rebuilt_mutated_A_101_TRP_relaxed.pdb  -930.448863454641  1352.36655  838.747003592228          -1842.13084692436           -1250.34150645555       880.6751
design1_rebuilt_mutated_A_27_LYS_relaxed.pdb   -929.786602442928  1321.74487  833.137716229279          -1745.79152207377           -1121.40570515692       1053.76016
design1_rebuilt_mutated_A_3_ALA_relaxed.pdb    -929.33366180658   1313.6433   829.478581963009          -1737.5127516641            -1112.39361696423       1192.75148
design1_rebuilt_mutated_A_166_ILE_relaxed.pdb  -925.685105576279  1326.23004  838.304519789577          -1737.90675753378           -1141.72935823666       956.20302
design1_rebuilt_mutated_A_56_TRP_relaxed.pdb   -925.228228361577  1343.42838  847.020362943214          -1752.95801174509           -1134.60720681987       960.03565
design1_rebuilt_mutated_A_101_ALA_relaxed.pdb  -924.261885187514  1322.57342  823.6277931217            -1795.6152191767            -1155.96404494705       1145.84904
design1_rebuilt_mutated_A_56_SER_relaxed.pdb   -924.260805387938  1287.18475  816.381104491964          -1715.46601834623           -1111.47206291685       966.18979
design1_rebuilt_mutated_A_52_PHE_relaxed.pdb   -923.764991199704  1328.39876  836.597535975304          -1745.57412702151           -1129.16984913707       982.05939
design1_rebuilt_mutated_A_56_LEU_relaxed.pdb   -920.622629030216  1322.00496  835.441684884632          -1727.98968088073           -1103.76781533498       952.11741
design1_rebuilt_mutated_A_54_HIS_relaxed.pdb   -919.298031911639  1310.53479  832.73193967773           -1710.31291712302           -1102.80017712073       939.5072
design1_rebuilt_mutated_A_227_MET_relaxed.pdb  -918.103950567763  1323.83901  834.048268783821          -1783.83671337527           -1141.54754743437       963.67453
design1_rebuilt_mutated_A_228_TYR_relaxed.pdb  -917.460227913828  1314.29688  823.650620788499          -1749.06176417294           -1141.90231488827       941.69638
design1_rebuilt_mutated_A_184_LYS_relaxed.pdb  -916.297832077303  1320.3951   828.5775108068            -1752.0181839492            -1140.63308256178       941.4404
design1_rebuilt_mutated_A_2_ARG_relaxed.pdb    -915.795266571384  1324.08841  825.644507322638          -1792.95827355927           -1146.68775033884       966.72808
design1_rebuilt_mutated_A_3_CYS_relaxed.pdb    -915.699594619334  1323.62885  828.929802580469          -1757.42435236544           -1135.75197949609       1052.33931
design1_rebuilt_mutated_A_2_ASN_relaxed.pdb    -914.342263652157  1315.50036  821.498401586949          -1768.90842833053           -1132.8037441808        923.83523
design1_rebuilt_mutated_A_228_ARG_relaxed.pdb  -901.719620239621  1339.45391  838.404173591374          -1755.33892911563           -1166.08406460645       958.48441
design1_rebuilt_mutated_A_230_TRP_relaxed.pdb  -894.93054042068   1337.87401  835.131952786182          -1750.69653069352           -1104.60908788768       978.19867
design1_rebuilt_mutated_A_101_SER_relaxed.pdb  -894.85173221122   1309.63938  811.512935191454          -1764.38595948133           -1130.07118543902       1122.17334
design1_rebuilt_mutated_A_228_LYS_relaxed.pdb  -893.262198694603  1325.4027   823.662182162075          -1749.78782216813           -1204.08856127749       982.73544
design1_rebuilt_mutated_A_54_ARG_relaxed.pdb   -891.623588750502  1353.2949   840.093221929092          -1740.06309718885           -1093.621646404         990.15503
design1_rebuilt_mutated_A_31_ARG_relaxed.pdb   -887.813143118638  1369.22994  844.455607261073          -1798.13433669916           -1139.03917354905       896.86493
design1_rebuilt_mutated_A_101_CYS_relaxed.pdb  -877.518533871001  1323.06819  817.836092554417          -1757.35037284502           -1080.84081120328       1151.15406
design1_rebuilt_mutated_A_228_VAL_relaxed.pdb  -877.266937387447  1324.53382  823.178823594225          -1721.98264033147           -1147.20784676636       968.45258
design1_rebuilt_mutated_A_102_HIS_relaxed.pdb  -876.735016256511  1297.32689  812.869369602662          -1673.93517903079           -1045.30778193776       933.56496
design1_rebuilt_mutated_A_56_GLY_relaxed.pdb   -873.235989452653  1283.25079  806.586258406496          -1673.01263720997           -1074.27885257994       914.06561
design1_rebuilt_mutated_A_56_ALA_relaxed.pdb   -869.30947361021   1283.94045  805.444620529533          -1669.95979537559           -1066.02292677423       928.52199
design1_rebuilt_mutated_A_31_LYS_relaxed.pdb   -868.779107721535  1367.83546  837.681041162946          -1797.25311016221           -1136.89424964521       904.16751
design1_rebuilt_mutated_A_228_GLN_relaxed.pdb  -868.448370807271  1346.37523  834.042070365282          -1736.10903316014           -1170.31711502468       1063.27726
design1_rebuilt_mutated_A_101_ILE_relaxed.pdb  -863.804836435471  1335.31714  825.879283951645          -1744.61254562436           -1103.36366291273       1191.35001
design1_rebuilt_mutated_A_32_ASN_relaxed.pdb   -863.678936035801  1322.8327   815.921470775172          -1756.8353813422            -1105.56092104976       946.88448
design1_rebuilt_mutated_A_101_GLY_relaxed.pdb  -863.260055891919  1312.7436   807.597253713149          -1761.22974611143           -1137.76657657703       794.66699
design1_rebuilt_mutated_A_32_GLU_relaxed.pdb   -859.79681816464   1322.53304  813.526582228369          -1748.2697030284            -1117.86338958349       925.58577
design1_rebuilt_mutated_A_228_GLU_relaxed.pdb  -857.137176567531  1328.3379   818.600248918346          -1713.48549577197           -1168.39128382857       1013.77137
design1_rebuilt_mutated_A_101_THR_relaxed.pdb  -855.678577769907  1320.88005  812.961323652511          -1738.49308174733           -1116.31092269951       826.98221
design1_rebuilt_mutated_A_227_LYS_relaxed.pdb  -852.363783995624  1326.14936  827.079024607586          -1753.41307040449           -1162.24714186969       993.17424
design1_rebuilt_mutated_A_228_HIS_relaxed.pdb  -845.286361780355  1301.59723  804.726070303826          -1673.02244786198           -1091.46556685864       1010.00825
design1_rebuilt_mutated_A_52_LYS_relaxed.pdb   -834.220424038328  1320.62893  823.679788287033          -1651.72122488274           -1032.56941297191       981.60248
design1_rebuilt_mutated_A_104_VAL_relaxed.pdb  -833.9075712778    1333.07554  829.436030559421          -1669.00807131132           -1057.51884488962       994.76425
design1_rebuilt_mutated_A_102_ILE_relaxed.pdb  -832.01151028346   1332.64512  815.603036502178          -1735.01419809114           -1075.87298879358       1158.66711
design1_rebuilt_mutated_A_31_GLY_relaxed.pdb   -831.554721843474  1294.48247  800.174802337484          -1670.82059323169           -1041.39824283314       998.44515
design1_rebuilt_mutated_A_32_ALA_relaxed.pdb   -829.890721764946  1311.21447  805.227238713433          -1704.03642863367           -1063.14118413449       1008.86525
design1_rebuilt_mutated_A_104_GLN_relaxed.pdb  -822.602094430388  1310.52773  811.344356865335          -1647.25434279883           -1022.37038373381       939.93499
design1_rebuilt_mutated_A_101_VAL_relaxed.pdb  -811.65623329162   1312.06447  797.435863404464          -1709.29513298591           -1079.85574217178       819.42151
design1_rebuilt_mutated_A_104_PRO_relaxed.pdb  -810.248540027527  1310.02433  813.406252369876          -1624.59406026759           -1015.10770666116       937.25412
design1_rebuilt_mutated_A_32_SER_relaxed.pdb   -807.397612598923  1314.18644  802.773223857154          -1691.17492243642           -1041.17547884535       1148.47121
design1_rebuilt_mutated_A_32_VAL_relaxed.pdb   -801.677660514881  1308.64513  799.827564806289          -1709.65746730017           -1063.95144449345       921.52089
design1_rebuilt_mutated_A_32_CYS_relaxed.pdb   -799.758438269111  1311.59597  800.114016932123          -1683.20064700597           -1025.91591407869       1154.5802
design1_rebuilt_mutated_A_101_LEU_relaxed.pdb  -795.06603719181   1316.74995  796.905025493884          -1707.77810986712           -1059.39665781395       1158.03125
design1_rebuilt_mutated_A_228_LEU_relaxed.pdb  -793.077404226245  1311.63423  803.819567864274          -1660.31177688478           -1073.01863097814       951.82737
design1_rebuilt_mutated_A_101_ARG_relaxed.pdb  -788.031833125315  1305.55368  791.623931262079          -1689.96581656115           -1049.4449935534        857.43752
design1_rebuilt_mutated_A_32_MET_relaxed.pdb   -786.003666070612  1317.51651  798.189128049325          -1690.42307555822           -1023.67059455235       943.49902
design1_rebuilt_mutated_A_102_LEU_relaxed.pdb  -784.362343069526  1320.04567  805.125869880929          -1673.38137325053           -1024.92028595192       1148.541
design1_rebuilt_mutated_A_54_ILE_relaxed.pdb   -777.975197424073  1309.10836  805.184588829825          -1626.08026836368           -991.183548470254       975.82931
design1_rebuilt_mutated_A_104_THR_relaxed.pdb  -774.502982215564  1310.87002  806.895573548781          -1600.88741060413           -975.27016095674        946.08204
design1_rebuilt_mutated_A_102_MET_relaxed.pdb  -771.96335952852   1305.03271  794.844169809545          -1656.11254879096           -1009.61506441107       818.70001
design1_rebuilt_mutated_A_32_GLY_relaxed.pdb   -768.141321616243  1320.46416  798.820686091054          -1682.55836211363           -1010.42346520667       948.11278
design1_rebuilt_mutated_A_52_VAL_relaxed.pdb   -767.432713067406  1294.84816  806.501810890024          -1556.54364191138           -925.276662059413       1175.19312
design1_rebuilt_mutated_A_228_ALA_relaxed.pdb  -766.93512372111   1327.54688  806.739420310896          -1669.91204160238           -1120.85794666522       921.05308
design1_rebuilt_mutated_A_104_SER_relaxed.pdb  -759.512325068108  1306.97084  802.205761475539          -1598.78165171191           -992.134513054205       977.85024
design1_rebuilt_mutated_A_101_LYS_relaxed.pdb  -758.755586773333  1317.63915  799.074730154164          -1666.88214195411           -1027.11361022299       945.17757
design1_rebuilt_mutated_A_104_MET_relaxed.pdb  -756.798136384466  1297.87807  791.192215011144          -1605.31455586496           -964.050058904436       940.01224
design1_rebuilt_mutated_A_104_ALA_relaxed.pdb  -756.344735740095  1308.94542  803.171573953851          -1588.00524103393           -944.728575535107       944.65289
design1_rebuilt_mutated_A_104_CYS_relaxed.pdb  -754.355160071269  1303.81734  797.94129538989           -1584.19666621736           -940.533212568114       947.65722
design1_rebuilt_mutated_A_52_ASP_relaxed.pdb   -754.335080129384  1304.72903  805.491817318163          -1574.17507215611           -946.034430156277       946.81222
design1_rebuilt_mutated_A_52_THR_relaxed.pdb   -752.961375002741  1314.14222  811.021822009361          -1589.40379574828           -977.756893457913       886.22016
design1_rebuilt_mutated_A_102_VAL_relaxed.pdb  -752.53224021676   1313.18675  792.42352156952           -1668.68902773004           -1049.45784441164       816.70068
design1_rebuilt_mutated_A_52_ASN_relaxed.pdb   -750.819431128384  1301.9916   805.406853714953          -1552.0177698595            -895.590005528751       947.55658
design1_rebuilt_mutated_A_52_PRO_relaxed.pdb   -749.924786998473  1313.18376  810.413089899213          -1573.80954117031           -946.902853210119       896.67595
design1_rebuilt_mutated_A_104_ILE_relaxed.pdb  -746.496338978768  1325.05164  806.387158249962          -1619.33723672126           -968.846281121286       999.83555
design1_rebuilt_mutated_A_52_LEU_relaxed.pdb   -745.113886468942  1318.00064  812.841632614592          -1562.43550198149           -912.542944648885       1028.10964
design1_rebuilt_mutated_A_104_ASN_relaxed.pdb  -734.987917464042  1319.25352  806.141089744629          -1591.95979757254           -963.065555251384       959.38296
design1_rebuilt_mutated_A_102_GLN_relaxed.pdb  -731.782684159145  1324.42592  799.604606881257          -1648.58451544925           -983.167917988897       942.97916
design1_rebuilt_mutated_A_52_GLY_relaxed.pdb   -726.662294210806  1301.85345  799.578338471711          -1549.4908344852            -903.962720785187       1187.14448
design1_rebuilt_mutated_A_104_LEU_relaxed.pdb  -725.858752099306  1304.05358  794.997115612742          -1574.18419762262           -952.623469604437       1124.46707
design1_rebuilt_mutated_A_102_ASN_relaxed.pdb  -724.272571533553  1322.0573   789.880991203351          -1660.93182407641           -968.969804111244       877.33865
design1_rebuilt_mutated_A_228_SER_relaxed.pdb  -722.824639228905  1314.51426  795.020424592525          -1623.47558981552           -1035.88074875207       958.10991
design1_rebuilt_mutated_A_102_GLY_relaxed.pdb  -720.301226225703  1296.60921  785.246482759124          -1602.41753886069           -958.658112281971       805.15708
design1_rebuilt_mutated_A_52_ALA_relaxed.pdb   -717.659957582231  1308.07949  800.960970003521          -1548.88795923116           -925.621155468653       948.79799
design1_rebuilt_mutated_A_52_SER_relaxed.pdb   -706.327694211131  1301.95868  799.216711354738          -1539.29108696014           -918.080726494871       971.22275
design1_rebuilt_mutated_A_102_ALA_relaxed.pdb  -704.934510939495  1299.87874  778.91318060776           -1615.63800186397           -932.826793201916       851.57567
design1_rebuilt_mutated_A_102_ARG_relaxed.pdb  -699.369948895191  1355.66191  811.717672784182          -1649.65035346349           -1013.47416761073       873.358
design1_rebuilt_mutated_A_102_CYS_relaxed.pdb  -698.631163483961  1299.35347  780.368039106005          -1600.45019725137           -932.484528066345       836.28072
design1_rebuilt_mutated_A_102_LYS_relaxed.pdb  -698.139799218158  1325.45533  791.775837037679          -1619.04154856076           -897.760394787832       1064.94894
design1_rebuilt_mutated_A_52_MET_relaxed.pdb   -675.813615697209  1304.59735  789.720186243539          -1521.79388403371           -870.643031914651       979.64578
design1_rebuilt_mutated_A_104_ASP_relaxed.pdb  -666.247799636791  1310.21996  786.837652078303          -1555.17132789888           -879.62671880597        931.50948
design1_rebuilt_mutated_A_228_GLY_relaxed.pdb  -646.959342345521  1323.75674  784.507180422828          -1615.44065718012           -1057.51265776009       880.83344
design1_rebuilt_mutated_A_102_GLU_relaxed.pdb  -646.578321798875  1331.92761  785.261579372595          -1600.34668952003           -909.333475193205       876.54547
design1_rebuilt_mutated_A_102_PRO_relaxed.pdb  -622.788759502644  1311.8586   778.864760646151          -1550.4694190567            -850.986558605476       948.19315
design1_rebuilt_mutated_A_104_GLY_relaxed.pdb  -621.16179446541   1292.5914   771.931843370564          -1495.07983499031           -839.649549736015       920.22553
design2_rebuilt_mutated_A_136_TRP_relaxed.pdb  -612.998111041138  1417.24124  806.881041805469          -1704.02371101649           -1103.6195176913        746.1247
design2_rebuilt_mutated_A_123_SER_relaxed.pdb  -612.166435231598  1366.89307  792.843766047082          -1624.70061723161           -1057.01564903249       775.54817
design1_rebuilt_mutated_A_161_LEU_relaxed.pdb  -584.118963284523  1230.76899  719.119885269232          -1462.41830594795           -800.93246688373        826.43927
design2_rebuilt_mutated_A_125_TRP_relaxed.pdb  -577.923534951793  1419.66312  814.490434943781          -1649.63465174788           -1031.48711481538       864.60196
design1_rebuilt_mutated_A_161_GLY_relaxed.pdb  -575.686019276434  1205.81904  708.205409276214          -1431.08714808513           -784.971964473454       871.38549
design2_rebuilt_mutated_A_104_TRP_relaxed.pdb  -568.003231881342  1441.02722  819.24349387335           -1697.83552274984           -1076.60663021341       873.97268
design2_rebuilt_mutated_A_63_PHE_relaxed.pdb   -560.724444190193  1414.98483  815.71774092482           -1624.30471489198           -1039.53659682892       851.20776
design2_rebuilt_mutated_A_76_TRP_relaxed.pdb   -556.153280281661  1421.59017  805.545350077843          -1695.71914559549           -1120.49787611343       724.18404
design1_rebuilt_mutated_A_228_PRO_relaxed.pdb  -555.504842315072  1329.64733  770.483802001502          -1542.66194773234           -949.101459856466       933.06862
design1_rebuilt_mutated_A_27_ALA_relaxed.pdb   -554.509084799272  1245.67927  727.261639190634          -1472.59803901104           -848.986204020184       859.01759
design2_rebuilt_mutated_A_46_SER_relaxed.pdb   -552.63586387232   1377.70247  794.025713863142          -1608.13840593176           -1010.49343443969       749.22243
design2_rebuilt_mutated_A_76_LYS_relaxed.pdb   -552.438471911853  1428.38991  813.703332158476          -1670.31752000773           -1055.51709512377       874.30091
design1_rebuilt_mutated_A_108_PRO_relaxed.pdb  -550.552641358037  1232.40823  714.595076364887          -1462.06711328209           -834.551392404941       827.10258
design2_rebuilt_mutated_A_71_TYR_relaxed.pdb   -549.625017719879  1405.15167  812.172661191915          -1605.37865121794           -1017.40876048302       857.64278
design2_rebuilt_mutated_A_123_GLY_relaxed.pdb  -548.803925674949  1367.18685  780.689712937096          -1573.07747680747           -982.140370457255       870.72405
design2_rebuilt_mutated_A_76_PHE_relaxed.pdb   -548.464933337167  1415.13384  804.287152117582          -1677.18764796465           -1104.28829460543       713.62879
design1_rebuilt_mutated_A_161_ILE_relaxed.pdb  -541.844465412406  1232.7573   712.17325708243           -1447.75804341733           -789.89847166535        825.68973
design2_rebuilt_mutated_A_45_ALA_relaxed.pdb   -538.747490319976  1371.17434  785.336239003344          -1583.86222614396           -985.438966636973       704.21598
design1_rebuilt_mutated_A_230_ASP_relaxed.pdb  -537.809644515718  1243.67311  719.207374562272          -1458.61502883708           -801.655953453813       857.76436
design1_rebuilt_mutated_A_1_VAL_relaxed.pdb    -530.922472312513  1233.19314  710.116014379614          -1447.3903808112            -760.897891356297       872.68758
design1_rebuilt_mutated_A_53_GLU_relaxed.pdb   -530.322380979924  1249.15629  718.080409934365          -1471.53833174148           -804.017500454943       883.4176
design1_rebuilt_mutated_A_166_PHE_relaxed.pdb  -528.892461082639  1260.40541  725.202470592271          -1488.47658632087           -809.406149635493       876.6421
design1_rebuilt_mutated_A_108_ARG_relaxed.pdb  -528.652271888078  1271.03505  729.618645047702          -1482.76549106624           -826.753456083053       885.15625
design1_rebuilt_mutated_A_58_HIS_relaxed.pdb   -528.512837975798  1254.22534  720.601194653583          -1466.61556572899           -819.528171627044       839.53294
design2_rebuilt_mutated_A_45_SER_relaxed.pdb   -528.438420906729  1383.88669  789.951124973036          -1603.24243866037           -1036.37217780259       770.55073
design2_rebuilt_mutated_A_63_PRO_relaxed.pdb   -525.665462999268  1424.55478  817.044469598134          -1609.42288937115           -1004.80197316928       866.23071
design2_rebuilt_mutated_A_134_TRP_relaxed.pdb  -524.35549623403   1450.43857  814.561755679729          -1673.26184817916           -1048.34401711598       712.32942
design1_rebuilt_mutated_A_226_ALA_relaxed.pdb  -522.192013368768  1238.57963  715.25640430054           -1436.78622639348           -782.574313952413       878.99712
design2_rebuilt_mutated_A_63_TRP_relaxed.pdb   -520.505623633518  1417.32799  806.431130753946          -1634.97732411955           -1068.01960682144       780.75025
design2_rebuilt_mutated_A_78_TRP_relaxed.pdb   -518.737800918164  1444.85191  818.147275184424          -1668.71939681915           -1060.24468878827       780.46182
design2_rebuilt_mutated_A_123_ALA_relaxed.pdb  -516.547758153436  1355.25743  768.645943543288          -1546.53353426386           -928.370110869586       868.6952
design2_rebuilt_mutated_A_45_CYS_relaxed.pdb   -516.12454971871   1379.3654   785.465981294056          -1578.66572747269           -993.009498623829       706.36238
design2_rebuilt_mutated_A_50_TYR_relaxed.pdb   -513.725881426666  1433.93793  814.182846660422          -1629.31876182083           -1007.33144401149       891.76843
design1_rebuilt_mutated_A_99_CYS_relaxed.pdb   -512.551419516062  1229.37517  706.451395258308          -1444.99114802755           -770.375144984371       847.33745
design1_rebuilt_mutated_A_225_ILE_relaxed.pdb  -512.328056954469  1240.43206  713.46108995796           -1459.58055799283           -789.268963104708       866.02288
design2_rebuilt_mutated_A_88_ARG_relaxed.pdb   -509.383198048633  1405.8058   790.946656670051          -1651.39258911221           -1053.18567092268       823.74921
design2_rebuilt_mutated_A_76_TYR_relaxed.pdb   -507.40354587567   1402.8408   787.203385358674          -1643.26542584633           -1079.68786806728       711.50789
design2_rebuilt_mutated_A_90_TRP_relaxed.pdb   -507.227312188006  1387.47205  782.361002876153          -1601.07407906106           -981.306072909495       766.68649
design2_rebuilt_mutated_A_70_ALA_relaxed.pdb   -506.735631023189  1347.35669  767.700044480994          -1543.94547001675           -937.093856912366       855.53745
design2_rebuilt_mutated_A_88_CYS_relaxed.pdb   -505.39281107284   1375.22143  776.904759329249          -1566.36213134419           -959.061727340087       783.11637
design2_rebuilt_mutated_A_49_TYR_relaxed.pdb   -504.106403702828  1418.58429  802.900258414159          -1613.33316581455           -1013.68794303505       711.8314
design1_rebuilt_mutated_A_134_CYS_relaxed.pdb  -503.077529743247  1245.57542  713.43307101748           -1451.79109845303           -795.656280771717       855.32389
design2_rebuilt_mutated_A_48_MET_relaxed.pdb   -502.994487875655  1384.9323   783.752790513245          -1587.53600398962           -1019.6267669211        704.80976
design2_rebuilt_mutated_A_64_LYS_relaxed.pdb   -502.189885384884  1443.83755  811.019379186776          -1625.82568516166           -962.571024911638       795.50147
design2_rebuilt_mutated_A_123_PHE_relaxed.pdb  -502.052522009928  1393.96015  785.809999205649          -1590.51706382464           -958.329643188695       890.1244
design1_rebuilt_mutated_A_103_HIS_relaxed.pdb  -501.710924774531  1255.32745  716.776728188025          -1470.94468383224           -826.467864404469       874.75013
design2_rebuilt_mutated_A_74_TRP_relaxed.pdb   -501.324644028139  1399.96592  791.179101100461          -1615.8218589392            -1014.73217346048       811.82535
design1_rebuilt_mutated_A_183_LYS_relaxed.pdb  -501.277994128087  1244.42117  711.735198310235          -1454.68847026431           -792.631377065037       876.38018
design2_rebuilt_mutated_A_70_ASP_relaxed.pdb   -501.147734421421  1354.58922  769.994120302512          -1542.17247402226           -919.217679469011       869.46635
design1_rebuilt_mutated_A_59_ASN_relaxed.pdb   -499.839526170817  1245.25246  712.857648886344          -1441.07110778627           -774.064638899349       875.27568
design2_rebuilt_mutated_A_35_GLN_relaxed.pdb   -499.058610609257  1429.03233  809.051532756131          -1630.28244249944           -1042.61838519099       748.96304
design1_rebuilt_mutated_A_105_MET_relaxed.pdb  -498.87867771338   1237.88894  708.468504772676          -1446.00430183015           -780.37088929271        846.12941
design2_rebuilt_mutated_A_76_LEU_relaxed.pdb   -498.286886723233  1408.38781  794.469404716139          -1627.87065351807           -1031.61546005923       711.02403
design2_rebuilt_mutated_A_84_PHE_relaxed.pdb   -498.278603164968  1406.58208  794.320812509926          -1612.24701454026           -1011.4277672911        703.7213
design2_rebuilt_mutated_A_45_ASN_relaxed.pdb   -498.209949464937  1385.91063  783.149965104394          -1577.79221852729           -965.95375606534        704.54511
design2_rebuilt_mutated_A_60_ARG_relaxed.pdb   -497.593380881291  1425.60052  804.095785499844          -1623.14957214986           -1003.88737261119       914.33625
design2_rebuilt_mutated_A_77_HIS_relaxed.pdb   -495.299962982843  1398.06443  792.804321994719          -1600.02059703737           -986.636600557295       753.10016
design2_rebuilt_mutated_A_78_ARG_relaxed.pdb   -495.287405402776  1428.21558  805.313008907477          -1630.92910540878           -1032.08005575468       826.46303
design2_rebuilt_mutated_A_129_TRP_relaxed.pdb  -494.53388034249   1427.49832  803.231183087409          -1609.51616958228           -964.429680308538       825.58191
design1_rebuilt_mutated_A_25_TYR_relaxed.pdb   -494.526116986639  1264.70156  721.036933525299          -1468.49324780851           -795.572571768782       883.50252
design2_rebuilt_mutated_A_35_ARG_relaxed.pdb   -494.067661065155  1472.09294  823.353356185183          -1650.26851690922           -1041.79673975287       752.5857
design1_rebuilt_mutated_A_30_ASP_relaxed.pdb   -493.848414622231  1250.47034  712.237467856688          -1455.24824969778           -793.063527537411       857.34031
design2_rebuilt_mutated_A_90_HIS_relaxed.pdb   -493.026927817196  1412.97994  803.19219288203           -1615.58006427353           -1025.41450637857       786.3119
design2_rebuilt_mutated_A_136_ARG_relaxed.pdb  -492.751715657002  1409.95878  785.181177077536          -1617.12489392007           -1011.53659962018       685.71976
design2_rebuilt_mutated_A_76_ARG_relaxed.pdb   -492.652037694787  1431.67138  797.653697113428          -1683.61868541664           -1099.1277000628        751.64353
design1_rebuilt_mutated_A_25_ALA_relaxed.pdb   -492.455607078511  1243.33819  709.247820710856          -1442.73606828435           -773.186739978002       857.13464
design2_rebuilt_mutated_A_63_SER_relaxed.pdb   -492.256300745574  1404.28135  798.030211113461          -1579.0384507214            -968.463361776111       879.68855
design2_rebuilt_mutated_A_88_TYR_relaxed.pdb   -490.037918550779  1379.59838  773.994274107511          -1635.54867853604           -1050.22289165941       703.8032
design2_rebuilt_mutated_A_48_PRO_relaxed.pdb   -490.011100907343  1391.45065  785.017630468183          -1604.82045182144           -1000.71341556645       882.2699
design1_rebuilt_mutated_A_30_LEU_relaxed.pdb   -488.968582581443  1258.85936  718.838893325341          -1461.8593548224            -817.521263479003       876.69442
design2_rebuilt_mutated_A_62_ILE_relaxed.pdb   -488.112035653518  1407.52655  794.756542467022          -1600.63794079539           -1006.26277550275       704.48965
design2_rebuilt_mutated_A_60_ILE_relaxed.pdb   -487.659043672104  1378.0176   776.47027122784           -1583.14419913755           -983.440305575029       701.6475
design1_rebuilt_mutated_A_59_TRP_relaxed.pdb   -487.332607053339  1242.94324  708.643605979839          -1434.36347872253           -769.170818541494       854.34304
design2_rebuilt_mutated_A_63_TYR_relaxed.pdb   -487.055136843422  1423.40586  800.524277035668          -1612.57796254142           -1027.64404943919       728.50293
design2_rebuilt_mutated_A_104_ARG_relaxed.pdb  -486.389061233614  1403.30541  785.816657737322          -1597.67535167022           -1017.60127428305       786.92206
design1_rebuilt_mutated_A_162_PRO_relaxed.pdb  -485.792115611559  1245.93492  710.316072575281          -1438.2976801761            -780.345635231966       854.08924
design2_rebuilt_mutated_A_9_THR_relaxed.pdb    -485.615374040679  1396.15519  789.976690588387          -1602.31087817951           -1005.93759578703       739.92956
design1_rebuilt_mutated_A_184_ASP_relaxed.pdb  -484.674031166531  1229.14205  701.815029979979          -1430.04931610467           -801.798722325683       858.71618
design2_rebuilt_mutated_A_84_TYR_relaxed.pdb   -484.504912626377  1386.98145  775.909428537159          -1595.45365624528           -992.212288594952       898.54742
design2_rebuilt_mutated_A_44_ASP_relaxed.pdb   -484.092910040784  1409.72983  789.47686950852           -1602.09638925638           -997.315921977408       698.29984
design1_rebuilt_mutated_A_25_VAL_relaxed.pdb   -483.524567874622  1248.93218  711.471776946831          -1445.64800704283           -762.304280412797       904.79334
design1_rebuilt_mutated_A_56_PRO_relaxed.pdb   -482.635465638519  1224.91198  698.059399741326          -1424.3140136602            -769.796194712846       863.89973
design1_rebuilt_mutated_A_227_PHE_relaxed.pdb  -482.234715936006  1242.38856  707.188258443055          -1417.5044019746            -755.439451410481       873.76487
design2_rebuilt_mutated_A_46_GLY_relaxed.pdb   -481.248930232699  1358.30361  770.401845985091          -1540.37240401065           -958.478791048818       713.76608
design2_rebuilt_mutated_A_62_ARG_relaxed.pdb   -480.908024572669  1393.14259  778.934853642959          -1564.77094016488           -987.918570335357       696.57148
design2_rebuilt_mutated_A_64_LEU_relaxed.pdb   -480.45576424621   1419.17707  795.018868172537          -1592.40771007541           -973.832185221941       801.70423
design1_rebuilt_mutated_A_166_GLN_relaxed.pdb  -479.808759356935  1243.18637  708.098082098462          -1425.66100745074           -763.562664883985       874.80393
design1_rebuilt_mutated_A_184_THR_relaxed.pdb  -479.637296124662  1228.50638  699.999341539223          -1420.22775919781           -781.903273272671       838.45213
design1_rebuilt_mutated_A_134_GLU_relaxed.pdb  -479.581296978584  1260.38664  714.987118138298          -1451.64922568439           -787.679142423792       854.28145
design1_rebuilt_mutated_A_55_ASP_relaxed.pdb   -479.328479617256  1268.46596  720.066923895329          -1455.45674864585           -784.066134300718       854.09602
design1_rebuilt_mutated_A_97_MET_relaxed.pdb   -478.37907103775   1242.90542  704.41793618627           -1437.29548878328           -790.526870559723       843.47867
design1_rebuilt_mutated_A_32_ARG_relaxed.pdb   -478.15809699889   1247.65437  710.131150562491          -1442.83951945044           -787.240397684941       874.06869
design2_rebuilt_mutated_A_104_VAL_relaxed.pdb  -477.742011728409  1416.13552  795.724142018456          -1599.77776276343           -989.305877493548       699.17094
design1_rebuilt_mutated_A_1_PRO_relaxed.pdb    -477.504037800088  1244.0771   707.172082755322          -1438.81030160951           -713.175003540618       849.59316
design2_rebuilt_mutated_A_76_THR_relaxed.pdb   -477.249711497032  1412.92948  797.158049064257          -1615.8681821517            -1015.04561622455       704.1689
design2_rebuilt_mutated_A_71_PHE_relaxed.pdb   -476.155853029131  1392.46764  790.77638069393           -1554.64763030886           -959.748097366581       846.24625
design2_rebuilt_mutated_A_50_TRP_relaxed.pdb   -474.118234243148  1413.30827  793.396585953696          -1592.92798775202           -971.244593716475       801.89278
design2_rebuilt_mutated_A_64_VAL_relaxed.pdb   -473.83031082797   1410.05358  784.093673136946          -1589.76913557403           -966.741580997961       815.24829
design1_rebuilt_mutated_A_229_LYS_relaxed.pdb  -473.785021979566  1243.6589   707.109058736701          -1433.81566428791           -775.555436235132       876.40294
design2_rebuilt_mutated_A_50_HIS_relaxed.pdb   -472.697499744906  1401.4781   793.1426722033            -1574.99442383184           -955.71932111165        734.43378
design1_rebuilt_mutated_A_229_ILE_relaxed.pdb  -472.533470067854  1244.24165  707.676243039782          -1428.75821704069           -761.212946327123       855.08773
design1_rebuilt_mutated_A_26_GLU_relaxed.pdb   -472.352157233775  1256.90494  714.216611765669          -1447.16168819918           -746.211883325536       889.41527
design1_rebuilt_mutated_A_227_ARG_relaxed.pdb  -472.338997728081  1238.29268  708.789638459623          -1430.48901130322           -775.674103103308       845.66652
design2_rebuilt_mutated_A_50_PHE_relaxed.pdb   -472.076812409428  1406.79273  791.191911392753          -1589.33474846715           -976.183304836784       817.5323
design2_rebuilt_mutated_A_46_CYS_relaxed.pdb   -471.745847638806  1373.67105  774.843556986009          -1557.49186889165           -977.546842440681       704.14973
design2_rebuilt_mutated_A_71_TRP_relaxed.pdb   -471.668866664832  1404.47072  789.349079740642          -1583.73442288498           -978.899137123017       659.18256
design1_rebuilt_mutated_A_31_SER_relaxed.pdb   -471.658902350986  1229.58249  697.077551845211          -1422.10936456489           -740.700245239134       836.52791
design1_rebuilt_mutated_A_161_MET_relaxed.pdb  -471.623190995234  1234.94833  700.971677680474          -1411.21316084788           -760.886355415522       824.50612
design2_rebuilt_mutated_A_71_ILE_relaxed.pdb   -471.525763709609  1406.95515  782.90314931114           -1584.60175294664           -988.547819573194       763.44911
design2_rebuilt_mutated_A_70_SER_relaxed.pdb   -471.463167413722  1351.0774   762.80315898241           -1525.04195633145           -910.769867555918       857.16204
design1_rebuilt_mutated_A_31_LEU_relaxed.pdb   -470.837905007807  1255.40836  710.162107308917          -1444.70130023676           -765.815893307501       882.32547
design2_rebuilt_mutated_A_70_LEU_relaxed.pdb   -470.466099214178  1357.66459  764.609938444549          -1542.03840898774           -905.855644701613       801.65788
design2_rebuilt_mutated_A_45_PRO_relaxed.pdb   -468.777161485635  1376.2335   772.382457306459          -1547.51144930157           -950.264107373851       704.87253
design2_rebuilt_mutated_A_123_PRO_relaxed.pdb  -468.160323000187  1383.78913  777.140074103002          -1571.3344205462            -975.125351697314       722.91204
design1_rebuilt_mutated_A_134_LEU_relaxed.pdb  -467.726679996563  1269.28658  716.967776260012          -1464.87045554945           -804.048323579047       875.58548
design2_rebuilt_mutated_A_89_THR_relaxed.pdb   -467.224571289289  1402.75136  787.140686789652          -1588.63115072835           -1019.19605594515       705.2906
design2_rebuilt_mutated_A_70_GLY_relaxed.pdb   -466.375439753537  1349.59642  760.28745462253           -1527.14641600114           -929.141132831296       788.97768
design2_rebuilt_mutated_A_123_VAL_relaxed.pdb  -465.638609795785  1380.27419  774.300678587111          -1553.16876324125           -977.504830444468       699.608
design2_rebuilt_mutated_A_79_ILE_relaxed.pdb   -465.12510820935   1402.39132  784.062965172844          -1589.64833171754           -1009.99298022668       702.46776
design2_rebuilt_mutated_A_71_LEU_relaxed.pdb   -464.85573676295   1402.96851  784.912327588944          -1588.80243482924           -1003.99396062661       669.94706
design2_rebuilt_mutated_A_126_HIS_relaxed.pdb  -464.371691905672  1401.98518  779.098357796098          -1599.42097386412           -1033.23187548697       701.87798
design2_rebuilt_mutated_A_60_LEU_relaxed.pdb   -463.960550981811  1396.58741  781.373292970969          -1585.65445937646           -972.782665672659       789.27746
design2_rebuilt_mutated_A_63_MET_relaxed.pdb   -463.658336656505  1407.36376  783.740026641336          -1603.94963123037           -994.01095307858        809.07224
design1_rebuilt_mutated_A_100_ASP_relaxed.pdb  -463.445075814023  1245.18594  705.769752212257          -1443.27483523889           -767.471750899845       856.10941
design2_rebuilt_mutated_A_48_TRP_relaxed.pdb   -463.137984383381  1419.83964  795.842232825556          -1601.09835108248           -1000.80354513751       713.97534
design2_rebuilt_mutated_A_100_LEU_relaxed.pdb  -462.885151989385  1396.38994  779.351853505207          -1611.87644446165           -1034.50996223802       710.05435
design2_rebuilt_mutated_A_136_GLN_relaxed.pdb  -462.621501627835  1395.26701  782.24508493854           -1602.7004346219            -1010.6219745917        704.56377
design2_rebuilt_mutated_A_46_ALA_relaxed.pdb   -461.819465948802  1364.95027  768.491527436393          -1538.07345415065           -954.485086639416       729.33248
design1_rebuilt_mutated_A_229_TRP_relaxed.pdb  -460.989926351259  1240.11052  702.6647562668            -1414.14776740489           -749.259279650685       851.88799
design2_rebuilt_mutated_A_45_MET_relaxed.pdb   -460.791275153541  1403.69204  780.027372267137          -1601.36755112996           -1046.08978904886       704.50895
design1_rebuilt_mutated_A_97_GLY_relaxed.pdb   -460.648946959716  1239.20531  700.535040281691          -1425.462263769             -798.337948850402       817.03699
design1_rebuilt_mutated_A_183_SER_relaxed.pdb  -460.00628423471   1236.87657  698.340109851876          -1432.744314542             -753.725914040694       845.41238
design2_rebuilt_mutated_A_76_HIS_relaxed.pdb   -459.683872018581  1396.37346  782.097515377574          -1574.76606316741           -1001.61401934046       827.33022
design2_rebuilt_mutated_A_63_ASP_relaxed.pdb   -459.081775636489  1407.96985  795.173343744125          -1563.09044087144           -947.673834276011       871.9119
design2_rebuilt_mutated_A_70_ASN_relaxed.pdb   -458.953490299755  1346.96683  758.569172385322          -1504.73213081795           -872.613893418525       667.6764
design2_rebuilt_mutated_A_125_HIS_relaxed.pdb  -458.495167115988  1379.55734  770.29468272843           -1531.30660143978           -929.386938534533       846.93299
design2_rebuilt_mutated_A_64_ILE_relaxed.pdb   -457.735520310755  1419.13932  790.394382089684          -1586.17095229075           -969.631691953451       818.45735
design2_rebuilt_mutated_A_72_ASN_relaxed.pdb   -457.421806201988  1367.88791  759.12698008466           -1536.631770393             -864.292334878257       666.18407
design1_rebuilt_mutated_A_225_THR_relaxed.pdb  -457.241064052057  1244.0246   704.338640264686          -1422.96316060971           -754.618962212567       857.02221
design2_rebuilt_mutated_A_123_ARG_relaxed.pdb  -456.104641628866  1417.67398  788.657817975959          -1583.02038631707           -977.518674404133       726.0309
design2_rebuilt_mutated_A_104_ASP_relaxed.pdb  -455.981144296571  1413.6715   785.911828051335          -1596.8117837554            -998.2069990801         704.78821
design2_rebuilt_mutated_A_49_LEU_relaxed.pdb   -455.910141122292  1409.07249  783.262693766024          -1592.72185693977           -1012.77449652279       704.54462
design2_rebuilt_mutated_A_35_TRP_relaxed.pdb   -455.868972177     1436.15661  797.216953042796          -1614.66108199806           -1041.88380562388       804.28219
design2_rebuilt_mutated_A_48_VAL_relaxed.pdb   -455.167310715073  1381.46671  773.875915612168          -1576.25659641196           -1011.8017433993        706.17449
design1_rebuilt_mutated_A_166_SER_relaxed.pdb  -454.855757586037  1238.25267  700.981668207146          -1412.57934338456           -744.520561740562       873.64917
design1_rebuilt_mutated_A_3_TYR_relaxed.pdb    -453.28256972336   1242.24946  699.812350871493          -1422.02591332178           -732.1159926634         855.20745
design2_rebuilt_mutated_A_49_MET_relaxed.pdb   -452.468441125884  1410.27765  787.103428232718          -1594.54211434731           -986.863727358578       705.36954
design2_rebuilt_mutated_A_79_TRP_relaxed.pdb   -451.757145849267  1415.17577  785.350117503194          -1566.32131121686           -945.13232493558        678.7184
design1_rebuilt_mutated_A_64_GLN_relaxed.pdb   -451.281705561475  1259.77488  709.628101133771          -1444.28263640267           -797.716714076083       1028.77602
design2_rebuilt_mutated_A_136_PRO_relaxed.pdb  -451.090289329262  1400.19768  781.900902430261          -1596.82379354111           -1018.83625077055       767.64802
design1_rebuilt_mutated_A_100_GLN_relaxed.pdb  -450.369614319755  1268.49221  712.872660349186          -1450.59643611602           -778.589143730413       857.36042
design2_rebuilt_mutated_A_46_HIS_relaxed.pdb   -450.202227049085  1371.3839   769.444600648049          -1553.27704479569           -948.220841531459       707.28335
design2_rebuilt_mutated_A_33_TRP_relaxed.pdb   -449.79018968369   1408.34376  791.013617553239          -1582.11239656978           -909.055005877556       978.98849
design2_rebuilt_mutated_A_46_GLN_relaxed.pdb   -449.604471123007  1381.22935  771.995443776757          -1561.39230503499           -980.789227440374       696.65058
design2_rebuilt_mutated_A_123_TRP_relaxed.pdb  -448.106849411432  1395.55182  776.478746752491          -1570.06876641811           -975.068569921339       830.32622
design1_rebuilt_mutated_A_55_PHE_relaxed.pdb   -445.626837062951  1269.0653   714.255962696889          -1439.47151162758           -771.43163222547        887.78484
design2_rebuilt_mutated_A_45_ASP_relaxed.pdb   -444.971568374831  1376.81074  768.805423164085          -1550.12033870184           -967.638564869903       698.253
design2_rebuilt_mutated_A_45_ILE_relaxed.pdb   -444.873579976353  1375.79494  769.683153307505          -1545.30071057557           -963.816233066197       760.70747
design2_rebuilt_mutated_A_45_GLY_relaxed.pdb   -444.608563735261  1371.70446  767.986277069582          -1533.89164956818           -960.480510587512       700.54254
design2_rebuilt_mutated_A_71_PRO_relaxed.pdb   -443.210890689653  1380.70027  768.765199474946          -1529.10831739669           -910.824598816958       794.11399
design2_rebuilt_mutated_A_62_LYS_relaxed.pdb   -443.119592090142  1404.70309  778.488881967154          -1562.1655080323            -1000.84495510412       653.91271
design1_rebuilt_mutated_A_134_PHE_relaxed.pdb  -442.402896073998  1244.89091  700.892885005596          -1429.83119731723           -736.764883902942       860.00734
design2_rebuilt_mutated_A_45_GLN_relaxed.pdb   -441.245174975819  1381.27042  771.56519316374           -1559.88147016632           -991.198242611478       703.52656
design1_rebuilt_mutated_A_55_TYR_relaxed.pdb   -441.216433475916  1270.42311  712.964964832442          -1445.64402525426           -778.297098341105       886.40938
design2_rebuilt_mutated_A_90_GLU_relaxed.pdb   -441.118529682522  1387.55232  776.657275210752          -1551.41240859707           -979.969942105268       762.9416
design2_rebuilt_mutated_A_50_THR_relaxed.pdb   -441.114076012997  1386.69054  777.876361613994          -1554.52985562203           -980.054099848944       773.22457
design2_rebuilt_mutated_A_35_LYS_relaxed.pdb   -440.916211184833  1452.04853  804.578207865137          -1612.42785690133           -981.181852643902       735.21393
design2_rebuilt_mutated_A_63_GLY_relaxed.pdb   -440.802035390811  1388.18637  780.180553081175          -1541.45915437651           -990.872000176892       808.54107
design2_rebuilt_mutated_A_104_LYS_relaxed.pdb  -440.332693760804  1423.26925  787.833223288407          -1582.02588841014           -992.726290395384       830.11833
design2_rebuilt_mutated_A_31_LEU_relaxed.pdb   -440.095509866993  1408.20391  785.208280242131          -1593.70669945489           -1010.60113150509       745.16221
design1_rebuilt_mutated_A_100_ASN_relaxed.pdb  -439.370232031959  1248.69462  703.015776018065          -1425.54353173798           -762.179307204969       855.60863
design2_rebuilt_mutated_A_46_VAL_relaxed.pdb   -439.121998382821  1383.48735  768.592847278619          -1571.7346600427            -1019.88192951785       705.47593
design2_rebuilt_mutated_A_163_GLN_relaxed.pdb  -439.07280472486   1416.81777  787.990723754453          -1609.17987923149           -1021.35333110836       845.58342
design2_rebuilt_mutated_A_80_TRP_relaxed.pdb   -438.885627599086  1370.36208  763.031599087293          -1528.8196708505            -945.563185816612       695.69789
design2_rebuilt_mutated_A_75_TYR_relaxed.pdb   -438.69808238036   1408.58746  783.108419042291          -1598.44053787085           -1006.20960770042       708.07677
design2_rebuilt_mutated_A_126_ARG_relaxed.pdb  -438.635653903622  1405.06048  783.689745777626          -1580.90986746374           -991.103361356239       701.43216
design2_rebuilt_mutated_A_123_GLN_relaxed.pdb  -438.603110720622  1348.14786  748.191924947693          -1503.30320899678           -924.22936210926        689.81516
design2_rebuilt_mutated_A_136_LEU_relaxed.pdb  -438.276364273192  1379.6814   769.380627901991          -1544.80721125317           -938.406519094875       668.90269
design1_rebuilt_mutated_A_26_GLN_relaxed.pdb   -437.934939039735  1256.11684  708.465274121028          -1443.53023851182           -746.74152833406        870.86805
design2_rebuilt_mutated_A_71_VAL_relaxed.pdb   -437.867180544674  1410.46109  782.595901818986          -1608.05300972747           -1048.69910529192       807.25784
design2_rebuilt_mutated_A_64_THR_relaxed.pdb   -437.536166721531  1406.85248  780.320313703714          -1567.71073542352           -925.407686870674       817.72757
design2_rebuilt_mutated_A_52_ARG_relaxed.pdb   -436.954126064171  1402.11861  785.203593229178          -1558.65934660254           -971.891655776595       772.21891
design2_rebuilt_mutated_A_123_TYR_relaxed.pdb  -436.602711038975  1387.24134  768.70975934634           -1545.65823610022           -924.492473608397       867.79688
design2_rebuilt_mutated_A_89_TRP_relaxed.pdb   -436.465502350509  1420.00316  791.50835451201           -1601.17780639638           -1018.29847842271       850.24278
design1_rebuilt_mutated_A_226_LYS_relaxed.pdb  -436.371230668381  1267.50709  710.18707397752           -1451.92379248075           -783.312758955666       849.89314
design2_rebuilt_mutated_A_63_HIS_relaxed.pdb   -436.249736747466  1400.09746  782.216588718234          -1536.30897351442           -926.395513882527       602.23921
design2_rebuilt_mutated_A_126_TRP_relaxed.pdb  -436.160594209149  1412.15405  782.4517675175            -1598.81962423441           -1032.22616541737       772.69992
design1_rebuilt_mutated_A_103_PHE_relaxed.pdb  -435.875844204366  1267.50457  716.733136438445          -1420.58227906521           -758.915420640949       910.6119
design1_rebuilt_mutated_A_108_LYS_relaxed.pdb  -435.737146981146  1260.82826  708.366879991553          -1448.36722338888           -762.216717292535       880.83971
design2_rebuilt_mutated_A_31_ALA_relaxed.pdb   -435.631145363941  1399.90633  781.833236159213          -1563.04758585347           -958.913470667789       743.33744
design2_rebuilt_mutated_A_48_TYR_relaxed.pdb   -435.39492141748   1407.32132  785.35714809279           -1571.38920297671           -977.353885133453       718.14681
design2_rebuilt_mutated_A_70_ILE_relaxed.pdb   -434.668426005329  1351.57213  756.584320376695          -1502.01874090008           -877.303387531213       882.91902
design2_rebuilt_mutated_A_48_SER_relaxed.pdb   -434.606570167483  1375.84699  764.565464334056          -1548.9205861687            -945.675718800946       683.39898
design2_rebuilt_mutated_A_86_ARG_relaxed.pdb   -434.461016689771  1410.9583   781.443028276384          -1577.39519988904           -987.206770089871       707.16589
design2_rebuilt_mutated_A_123_HIS_relaxed.pdb  -434.105871765436  1387.58332  767.526209031365          -1568.77842221585           -926.934206116198       848.3395
design2_rebuilt_mutated_A_126_MET_relaxed.pdb  -432.561814266457  1386.64326  766.441811583544          -1561.34135212815           -973.364725616635       697.63749
design1_rebuilt_mutated_A_55_TRP_relaxed.pdb   -432.514709772848  1301.29434  728.457653669966          -1453.40618381707           -783.576091882326       881.61024
design2_rebuilt_mutated_A_48_ILE_relaxed.pdb   -431.844440437353  1392.05559  773.698670098541          -1557.53957274621           -992.722120037153       694.28906
design2_rebuilt_mutated_A_70_CYS_relaxed.pdb   -431.50954887756   1351.50405  758.729928842331          -1511.34493509443           -883.751969955966       857.56888
design2_rebuilt_mutated_A_60_PHE_relaxed.pdb   -431.001065126991  1396.03944  776.79871847055           -1575.26744848794           -973.634455494499       803.91198
design2_rebuilt_mutated_A_33_ASP_relaxed.pdb   -430.874898762722  1391.62108  770.648697660861          -1559.50753834659           -941.516062912049       725.41726
design2_rebuilt_mutated_A_136_LYS_relaxed.pdb  -429.669929865719  1410.16083  773.461630634444          -1576.22657102701           -984.789719673618       642.00883
design2_rebuilt_mutated_A_75_ASN_relaxed.pdb   -429.380311903381  1412.81577  785.368691628669          -1586.15092738449           -992.620016775773       701.62193
design2_rebuilt_mutated_A_45_PHE_relaxed.pdb   -429.135527448343  1408.03855  779.899035160819          -1562.74752536164           -982.365984207297       702.23243
design2_rebuilt_mutated_A_48_THR_relaxed.pdb   -429.105336639155  1392.44541  776.609458163135          -1570.80528512506           -999.90517776096        762.65628
design2_rebuilt_mutated_A_60_MET_relaxed.pdb   -428.725213493574  1390.02976  773.213097601026          -1554.91348041978           -937.897233598048       701.28641
design1_rebuilt_mutated_A_25_GLU_relaxed.pdb   -428.658111001564  1242.04366  695.866237846368          -1416.5468495464            -722.680170021062       855.13538
design2_rebuilt_mutated_A_100_GLN_relaxed.pdb  -428.4121070261    1395.97688  780.392330582076          -1548.73606090099           -934.696922944756       822.27974
design2_rebuilt_mutated_A_48_LEU_relaxed.pdb   -428.14718676916   1400.1846   775.381047158005          -1568.03797472864           -982.960775145963       713.80662
design2_rebuilt_mutated_A_35_ASP_relaxed.pdb   -428.053682703476  1416.44533  787.10624008889           -1573.79209728201           -962.187342636029       712.48874
design2_rebuilt_mutated_A_76_ILE_relaxed.pdb   -427.821293250003  1400.86354  779.355062401726          -1564.91326699615           -974.692489542716       706.36479
design2_rebuilt_mutated_A_84_LEU_relaxed.pdb   -427.795572961176  1398.37213  772.887546699734          -1570.39530596403           -986.699130138808       702.42971
design2_rebuilt_mutated_A_33_GLU_relaxed.pdb   -427.152648754367  1391.41614  771.100450712047          -1552.34864760022           -938.188249265475       739.37195
design1_rebuilt_mutated_A_97_LYS_relaxed.pdb   -427.027994383001  1245.19029  699.401801973404          -1433.19755229579           -740.548010468074       858.09874
design2_rebuilt_mutated_A_45_TYR_relaxed.pdb   -426.660144753031  1414.50488  782.636205794533          -1566.01512945644           -988.869356414338       701.67167
design2_rebuilt_mutated_A_101_ASN_relaxed.pdb  -426.558605850752  1399.33792  777.77032936778           -1564.72894488502           -975.575247378898       692.09395
design2_rebuilt_mutated_A_77_GLY_relaxed.pdb   -426.448133277018  1385.09447  772.989710010006          -1555.51046881029           -954.098020828737       727.29595
design2_rebuilt_mutated_A_104_LEU_relaxed.pdb  -426.236561220206  1424.95384  784.065347615041          -1563.12476083549           -949.554430738859       740.52331
design2_rebuilt_mutated_A_49_GLU_relaxed.pdb   -426.14245054478   1412.42324  783.828778009179          -1591.2365292152            -979.550208135808       711.22428
design2_rebuilt_mutated_A_9_ASP_relaxed.pdb    -425.840079021807  1401.30746  777.212272597502          -1572.19201740893           -1008.60314559557       766.94808
design2_rebuilt_mutated_A_70_VAL_relaxed.pdb   -425.830721786005  1351.72273  753.757405580378          -1511.44149039111           -908.751510771704       755.053
design2_rebuilt_mutated_A_35_LEU_relaxed.pdb   -425.557277509148  1421.64875  788.671630208333          -1573.6277477496            -965.536417168804       722.40235
design2_rebuilt_mutated_A_31_GLU_relaxed.pdb   -425.476206507672  1403.92242  778.114178454233          -1568.70978658541           -969.970096062699       741.2218
design2_rebuilt_mutated_A_90_ILE_relaxed.pdb   -424.681669194577  1397.54051  773.124789831949          -1572.59556367485           -985.752392108865       707.34156
design2_rebuilt_mutated_A_104_ILE_relaxed.pdb  -424.603290297681  1414.44783  777.409761780685          -1561.0648021982            -988.528128088944       709.14119
design2_rebuilt_mutated_A_73_ILE_relaxed.pdb   -424.045031036075  1393.62431  770.774577629409          -1571.15553470359           -960.495559126463       795.98116
design2_rebuilt_mutated_A_90_ALA_relaxed.pdb   -423.598837768604  1377.95785  768.21406516131           -1554.91991796565           -966.87336662045        702.48832
design2_rebuilt_mutated_A_60_TYR_relaxed.pdb   -423.535213727526  1403.90327  781.045877212689          -1563.07769700177           -989.165620120932       657.92816
design1_rebuilt_mutated_A_100_HIS_relaxed.pdb  -423.462908019886  1257.13455  703.153360576206          -1423.50551652226           -749.666580295092       856.68034
design2_rebuilt_mutated_A_101_TRP_relaxed.pdb  -423.354729935687  1415.29889  783.626942267397          -1597.10380172665           -1023.39874089093       712.58868
design2_rebuilt_mutated_A_48_ARG_relaxed.pdb   -423.298607198219  1400.53754  779.22499377536           -1548.13866199129           -957.494498845486       712.53577
design2_rebuilt_mutated_A_75_ARG_relaxed.pdb   -423.019717366869  1415.1533   786.028980329229          -1588.59888095906           -987.335583021835       753.69639
design2_rebuilt_mutated_A_9_TRP_relaxed.pdb    -422.978629742986  1414.49737  787.645799783653          -1569.91291573567           -967.050681698766       738.4949
design2_rebuilt_mutated_A_50_ASP_relaxed.pdb   -422.864930933199  1389.31326  772.360598117401          -1543.01985985228           -960.849459301191       771.79865
design2_rebuilt_mutated_A_60_HIS_relaxed.pdb   -422.836045107383  1381.7597   772.228512167034          -1541.52406624402           -918.943806449779       816.79017
design2_rebuilt_mutated_A_49_ILE_relaxed.pdb   -422.732752924269  1414.30318  777.555378766474          -1572.81242241257           -991.236708762271       708.15047
design2_rebuilt_mutated_A_50_ALA_relaxed.pdb   -422.391485428883  1384.90206  769.037429726633          -1538.78975538827           -933.942109991354       767.5793
design2_rebuilt_mutated_A_90_TYR_relaxed.pdb   -421.763558284208  1392.7004   772.940040602866          -1536.52253353161           -938.338351166482       629.69728
design2_rebuilt_mutated_A_46_THR_relaxed.pdb   -421.674776860547  1365.24248  760.96423982466           -1533.03161354785           -934.744561383351       695.0588
design2_rebuilt_mutated_A_62_LEU_relaxed.pdb   -421.611148795722  1417.47845  788.057013932972          -1585.23801806351           -996.651651147696       702.33797
design2_rebuilt_mutated_A_136_ILE_relaxed.pdb  -421.09226870793   1397.25659  780.656396248853          -1567.47024052578           -979.393812646607       746.43575
design1_rebuilt_mutated_A_27_THR_relaxed.pdb   -420.424142740429  1247.49051  700.144036884301          -1417.45437173798           -732.960070477537       858.82228
design2_rebuilt_mutated_A_48_ALA_relaxed.pdb   -419.935083920395  1376.53299  763.686266498663          -1529.77708895578           -956.115707660058       685.11321
design2_rebuilt_mutated_A_126_ASP_relaxed.pdb  -419.907683967811  1412.82326  782.325305565014          -1578.0902364166            -998.096978396787       704.93381
design2_rebuilt_mutated_A_46_PHE_relaxed.pdb   -418.845262085818  1390.36172  771.252608850658          -1550.43108235279           -981.918016327823       709.12212
design2_rebuilt_mutated_A_101_ASP_relaxed.pdb  -418.834958786827  1397.57062  776.031220365909          -1574.1653865286            -1005.49077134869       699.91924
design2_rebuilt_mutated_A_46_ILE_relaxed.pdb   -418.757933106089  1392.05078  773.182802898903          -1559.18442343778           -988.323218636559       767.44985
design2_rebuilt_mutated_A_33_ARG_relaxed.pdb   -418.477689662776  1395.13458  776.036615517463          -1554.80330178222           -905.657966426921       797.20988
design2_rebuilt_mutated_A_164_GLN_relaxed.pdb  -418.30876925349   1407.14231  778.817435923727          -1578.15818736659           -998.520475871001       662.82708
design2_rebuilt_mutated_A_126_CYS_relaxed.pdb  -418.257480341097  1396.27534  775.616217901652          -1559.09464341437           -969.023125610105       700.93455
design2_rebuilt_mutated_A_79_GLN_relaxed.pdb   -418.129571476154  1388.25394  772.345947531942          -1554.82275574041           -966.914250857164       701.70375
design2_rebuilt_mutated_A_164_MET_relaxed.pdb  -418.063020540866  1409.71631  780.410085203203          -1578.59534496195           -1011.60194552209       704.18395
design2_rebuilt_mutated_A_64_TRP_relaxed.pdb   -417.758648242664  1444.64509  795.858284052137          -1614.32446097535           -955.072394313361       835.2674
design2_rebuilt_mutated_A_132_PHE_relaxed.pdb  -417.576739521171  1399.1844   772.99046479187           -1556.16843526552           -972.753419910591       696.86931
design1_rebuilt_mutated_A_166_CYS_relaxed.pdb  -417.091635988568  1244.77101  695.522902722368          -1395.35706106993           -718.210283337696       875.61449
design2_rebuilt_mutated_A_70_TYR_relaxed.pdb   -416.244779039558  1396.67763  774.272329323033          -1517.80299860136           -850.035980182936       900.23229
design2_rebuilt_mutated_A_31_VAL_relaxed.pdb   -415.819163211065  1404.08623  776.452116468057          -1562.84909224986           -993.274752935628       702.97968
design2_rebuilt_mutated_A_136_CYS_relaxed.pdb  -415.352403041608  1393.55935  773.118079029198          -1533.10102865502           -925.182460028988       699.35802
design1_rebuilt_mutated_A_32_ASP_relaxed.pdb   -415.019337828085  1236.64871  690.738901587053          -1402.97518468727           -747.741051659737       817.09381
design2_rebuilt_mutated_A_50_GLY_relaxed.pdb   -414.943544952594  1395.61435  771.921198348818          -1547.62939395097           -957.611006897359       692.8367
design2_rebuilt_mutated_A_9_VAL_relaxed.pdb    -414.841419478482  1393.3266   771.645306777719          -1560.53119306185           -1014.31048178291       720.05948
design2_rebuilt_mutated_A_50_LEU_relaxed.pdb   -414.821762854654  1396.35408  773.472804667541          -1580.14419159453           -1013.74048346219       614.34076
design1_rebuilt_mutated_A_55_HIS_relaxed.pdb   -414.53080683302   1259.44814  702.082926870246          -1415.0883658097            -730.598418041015       852.59968
design2_rebuilt_mutated_A_125_PHE_relaxed.pdb  -414.387453257746  1373.11527  761.798319013646          -1499.40783394989           -922.191644997288       693.94945
design2_rebuilt_mutated_A_126_GLY_relaxed.pdb  -414.189655708498  1398.52283  776.112076460672          -1541.68540277761           -944.054231388833       645.06195
design2_rebuilt_mutated_A_76_PRO_relaxed.pdb   -414.000023218685  1395.13785  775.580777836828          -1559.55319312153           -963.4749553424         700.39052
design2_rebuilt_mutated_A_70_GLU_relaxed.pdb   -413.768883617089  1359.85402  755.803521928841          -1520.46982259751           -896.178544817196       875.30251
design2_rebuilt_mutated_A_164_ALA_relaxed.pdb  -413.68046511708   1409.00881  779.280105504198          -1569.50650290299           -977.890654141432       692.84602
design2_rebuilt_mutated_A_49_TRP_relaxed.pdb   -413.557138490547  1390.70208  768.991452791057          -1557.48965155365           -929.764480514893       606.0417
design2_rebuilt_mutated_A_33_LEU_relaxed.pdb   -412.93259339527   1405.7999   781.949817327747          -1559.3043698001            -973.871489687562       658.33292
design2_rebuilt_mutated_A_49_VAL_relaxed.pdb   -412.755319803984  1399.3177   777.47621733216           -1550.11130710224           -941.491542019909       696.36149
design2_rebuilt_mutated_A_73_TRP_relaxed.pdb   -412.743188911563  1412.08372  779.649682445254          -1569.93919934731           -966.061501087008       672.97489
design2_rebuilt_mutated_A_50_LYS_relaxed.pdb   -412.657135726091  1406.87632  776.99833325695           -1575.40066387674           -974.199713370924       606.08439
design2_rebuilt_mutated_A_104_PHE_relaxed.pdb  -412.592280059829  1423.61998  788.33016448023           -1598.94576780636           -974.625504067075       887.84894
design2_rebuilt_mutated_A_80_HIS_relaxed.pdb   -412.211833709102  1425.2937   787.57985613248           -1588.19358554065           -1004.3666744774        703.74113
design2_rebuilt_mutated_A_126_PHE_relaxed.pdb  -412.184077069733  1390.81001  770.076642903256          -1547.64997856699           -1012.19378471815       786.50052
design1_rebuilt_mutated_A_230_VAL_relaxed.pdb  -412.114259500411  1240.95009  692.784005422402          -1415.45419132049           -710.057172684245       854.21632
design2_rebuilt_mutated_A_48_LYS_relaxed.pdb   -411.787873204913  1398.38325  772.868329679854          -1557.53136660629           -976.275308066039       659.33701
design2_rebuilt_mutated_A_126_THR_relaxed.pdb  -411.478974295575  1400.82039  771.991669714739          -1552.56520395775           -973.909891496316       696.05157
design2_rebuilt_mutated_A_136_PHE_relaxed.pdb  -410.473674437872  1377.75224  756.018868385128          -1517.22367276891           -899.677169825572       822.6765
design2_rebuilt_mutated_A_49_PHE_relaxed.pdb   -410.255362129246  1420.7478   785.822643670551          -1570.51155227305           -952.492890242445       710.06947
design2_rebuilt_mutated_A_71_CYS_relaxed.pdb   -410.179291299697  1389.52635  773.286981632041          -1537.86480397852           -940.360178724658       587.77453
design2_rebuilt_mutated_A_44_LYS_relaxed.pdb   -409.667442119609  1405.35914  779.77439670197           -1578.88864041101           -1002.38183724641       759.73359
design2_rebuilt_mutated_A_102_HIS_relaxed.pdb  -409.462828200337  1402.93126  780.07469926313           -1569.30472411281           -1033.75244249119       806.81684
design2_rebuilt_mutated_A_70_PRO_relaxed.pdb   -409.447296927641  1344.29535  750.123707751674          -1476.56883218472           -861.043255465755       767.04157
design2_rebuilt_mutated_A_63_ARG_relaxed.pdb   -409.0951647638    1399.738    778.314471895883          -1533.50753956915           -916.096198380638       835.24903
design2_rebuilt_mutated_A_70_GLN_relaxed.pdb   -408.922887187811  1357.94559  751.284338107515          -1534.07160714026           -912.807529695756       875.82772
design2_rebuilt_mutated_A_86_PHE_relaxed.pdb   -408.787751436811  1393.05193  767.590811265997          -1535.64897682852           -926.541083446567       718.46202
design2_rebuilt_mutated_A_60_THR_relaxed.pdb   -408.708355605307  1392.72879  770.608202772269          -1567.4493987181            -997.969415361725       707.81184
design2_rebuilt_mutated_A_9_PRO_relaxed.pdb    -408.670635398347  1407.58164  780.478374479383          -1579.01402532908           -960.878611677489       858.49743
design1_rebuilt_mutated_A_54_VAL_relaxed.pdb   -408.521638454149  1246.51604  696.941499652478          -1414.88317105405           -684.311955247476       851.07194
design2_rebuilt_mutated_A_78_PHE_relaxed.pdb   -408.153370854121  1411.11398  782.377628186765          -1562.72739513182           -964.382561123129       716.514
design2_rebuilt_mutated_A_73_GLY_relaxed.pdb   -407.592097864537  1410.8703   782.489074098095          -1531.86562305453           -928.776022768483       696.71826
design2_rebuilt_mutated_A_71_ASP_relaxed.pdb   -407.299886331931  1407.72907  778.376957895662          -1549.24607675752           -884.365700631012       731.77664
design2_rebuilt_mutated_A_126_TYR_relaxed.pdb  -406.871649857423  1391.66429  762.89400912017           -1557.36118149592           -995.331414744595       696.51361
design2_rebuilt_mutated_A_46_TRP_relaxed.pdb   -406.86669008743   1409.78674  777.883224426302          -1565.36523205891           -964.099213885359       709.55353
design2_rebuilt_mutated_A_50_ILE_relaxed.pdb   -406.759060804452  1392.05457  769.328660739785          -1553.08495930188           -979.840612689897       614.79481
design2_rebuilt_mutated_A_101_GLN_relaxed.pdb  -406.300352590125  1401.63506  774.583001503801          -1542.7357176764            -949.769559148646       729.79247
design2_rebuilt_mutated_A_90_GLY_relaxed.pdb   -406.207410438831  1360.26489  752.094878183725          -1493.00479664712           -868.052896818174       993.58394
design2_rebuilt_mutated_A_50_CYS_relaxed.pdb   -406.163108525661  1395.84033  771.537635293973          -1544.03996403551           -944.131066070917       794.80265
design2_rebuilt_mutated_A_78_HIS_relaxed.pdb   -405.573168531173  1406.79477  777.455147011459          -1551.00282330609           -973.17729914103        697.22978
design2_rebuilt_mutated_A_134_GLY_relaxed.pdb  -405.443609292012  1370.50138  760.098902601792          -1525.36089089008           -888.245574378746       879.92351
design2_rebuilt_mutated_A_84_TRP_relaxed.pdb   -405.387559350512  1409.89894  771.349604254184          -1540.13742457649           -920.293725562389       636.83922
design2_rebuilt_mutated_A_123_MET_relaxed.pdb  -405.206703762611  1396.02061  768.456292841138          -1537.13112029749           -917.086708942727       680.88146
design2_rebuilt_mutated_A_132_TYR_relaxed.pdb  -404.993088707144  1400.08972  769.993143868866          -1556.55627460508           -960.873547771306       693.91153
design2_rebuilt_mutated_A_125_ARG_relaxed.pdb  -404.913160195136  1411.79172  780.597825137676          -1539.24351078222           -927.99805016552        709.35139
design2_rebuilt_mutated_A_77_LEU_relaxed.pdb   -404.821903253895  1408.2026   779.949832781956          -1563.51356535247           -969.460616057861       702.52636
design2_rebuilt_mutated_A_71_ASN_relaxed.pdb   -404.405347804256  1399.34232  774.961626956477          -1544.32489359848           -956.311706961034       667.46569
design2_rebuilt_mutated_A_78_PRO_relaxed.pdb   -404.15435190975   1373.9008   756.787256326624          -1530.25743262175           -960.235895432678       694.97833
design1_rebuilt_mutated_A_104_ARG_relaxed.pdb  -403.767330431281  1234.85374  687.884707539999          -1382.14110487245           -703.262581554118       845.72941
design2_rebuilt_mutated_A_9_ARG_relaxed.pdb    -403.44776837761   1415.92475  779.780633646029          -1578.75284952341           -1003.54822724388       698.23851
design2_rebuilt_mutated_A_100_TYR_relaxed.pdb  -403.206904434473  1393.93408  770.923385915692          -1546.65874556598           -904.518512719711       815.74873
design2_rebuilt_mutated_A_72_ASP_relaxed.pdb   -402.849378304679  1357.83985  755.729119062392          -1465.39762948923           -806.322949364154       1068.58847
design2_rebuilt_mutated_A_125_THR_relaxed.pdb  -402.550153864143  1402.21139  773.754729736533          -1554.92573226535           -978.059288309264       697.81602
design2_rebuilt_mutated_A_100_HIS_relaxed.pdb  -401.646050688967  1421.02047  789.012568569514          -1538.87578699378           -860.168961306677       909.64128
design2_rebuilt_mutated_A_102_TYR_relaxed.pdb  -401.481267391635  1411.88839  784.398350496878          -1585.21286963469           -1007.59545843967       732.17168
design2_rebuilt_mutated_A_31_SER_relaxed.pdb   -400.627597788348  1395.27381  773.740484381385          -1533.41415473095           -924.632269868962       742.15186
design2_rebuilt_mutated_A_35_GLU_relaxed.pdb   -400.430690687291  1419.69337  783.954639110556          -1554.5340873462            -938.862293607899       732.84876
design2_rebuilt_mutated_A_104_GLY_relaxed.pdb  -400.429194362151  1409.50837  776.173049070238          -1573.0251973641            -1011.46206126218       777.30451
design2_rebuilt_mutated_A_48_CYS_relaxed.pdb   -400.100650900052  1373.28812  757.838087288545          -1523.38741119218           -925.902258041316       691.04176
design2_rebuilt_mutated_A_132_ASN_relaxed.pdb  -400.010945597662  1398.40877  774.462755517552          -1548.8796516993            -947.028377985863       699.8096
design2_rebuilt_mutated_A_60_TRP_relaxed.pdb   -399.986219397385  1396.10219  774.271494259237          -1520.95290458462           -880.019132492748       671.87246
design2_rebuilt_mutated_A_33_LYS_relaxed.pdb   -399.916600176796  1407.87718  778.021187347262          -1562.99142919423           -961.975616034867       825.5038
design2_rebuilt_mutated_A_101_LYS_relaxed.pdb  -398.819783670585  1408.27051  780.947303065421          -1550.33629751937           -946.645632833324       701.81857
design2_rebuilt_mutated_A_84_ASP_relaxed.pdb   -398.355666247914  1400.40293  771.356482927685          -1539.25190763519           -928.440396437073       697.20624
design2_rebuilt_mutated_A_89_GLN_relaxed.pdb   -397.963971697643  1391.55146  765.10392097511           -1548.4836761576            -939.956675626515       699.76971
design2_rebuilt_mutated_A_80_GLY_relaxed.pdb   -397.746784354863  1365.58327  755.450891422595          -1525.46422220469           -957.098423294532       713.22985
design2_rebuilt_mutated_A_49_SER_relaxed.pdb   -397.725853016095  1413.40442  785.476672623851          -1579.43046059571           -997.291685304249       779.31594
design2_rebuilt_mutated_A_79_HIS_relaxed.pdb   -397.564317955927  1409.52654  775.801062322682          -1567.31082511088           -984.705049518165       716.47713
design1_rebuilt_mutated_A_100_VAL_relaxed.pdb  -397.183678113917  1239.96892  686.562168324952          -1403.99913602094           -714.279911746956       844.54809
design2_rebuilt_mutated_A_132_ASP_relaxed.pdb  -397.004496349275  1408.21148  777.533451655125          -1569.81143438204           -964.038910537028       781.30141
design2_rebuilt_mutated_A_100_ARG_relaxed.pdb  -396.935649927799  1412.9234   776.843091656584          -1578.47954282323           -946.392715823457       841.98459
design2_rebuilt_mutated_A_125_TYR_relaxed.pdb  -396.848211194596  1396.37407  772.700675155409          -1525.6322861888            -945.687442205021       706.65148
design2_rebuilt_mutated_A_9_ASN_relaxed.pdb    -396.827502658094  1411.26478  779.764240965238          -1576.18617055083           -1007.29949815253       706.95837
design2_rebuilt_mutated_A_134_SER_relaxed.pdb  -396.787266999584  1369.36952  756.737498225823          -1510.26165541054           -876.317554188474       844.78051
design2_rebuilt_mutated_A_76_GLN_relaxed.pdb   -396.070505333743  1388.62549  762.859249754594          -1553.55430936875           -971.763023859298       693.76485
design2_rebuilt_mutated_A_46_ASN_relaxed.pdb   -396.030818388579  1377.34785  759.291693033778          -1528.11258707323           -965.439572998713       688.14291
design2_rebuilt_mutated_A_129_GLY_relaxed.pdb  -395.986089914071  1399.72186  779.713032587843          -1553.32329743259           -936.555610359209       671.04589
design2_rebuilt_mutated_A_79_GLY_relaxed.pdb   -395.836992402987  1389.37721  768.012103713199          -1551.19057673619           -958.075464035134       694.65275
design2_rebuilt_mutated_A_73_VAL_relaxed.pdb   -395.809892042249  1417.79728  780.827082982912          -1606.21445655577           -1049.97244607655       771.85573
design2_rebuilt_mutated_A_50_PRO_relaxed.pdb   -395.733211193679  1395.78632  771.584681514758          -1546.68454474385           -964.689535025934       797.80426
design2_rebuilt_mutated_A_72_GLU_relaxed.pdb   -395.072899030407  1364.14423  750.67860551706           -1497.89147334726           -863.43889503498        745.31763
design2_rebuilt_mutated_A_123_ASN_relaxed.pdb  -394.923823812368  1378.0435   760.878673357038          -1515.61086277015           -888.034231115799       653.48999
design2_rebuilt_mutated_A_164_TYR_relaxed.pdb  -394.913687579718  1413.35237  777.834435523882          -1555.55972745186           -958.272922204708       700.70426
design2_rebuilt_mutated_A_74_TYR_relaxed.pdb   -394.646825780578  1413.69326  778.430239899495          -1583.27462498564           -991.833682205194       710.07839
design2_rebuilt_mutated_A_31_PHE_relaxed.pdb   -394.440240911147  1391.63702  765.009682987711          -1543.67580176968           -964.066408280466       680.47209
design2_rebuilt_mutated_A_9_CYS_relaxed.pdb    -393.910605611221  1397.30171  770.505610297272          -1546.80911772532           -957.631139414614       700.61948
design2_rebuilt_mutated_A_132_PRO_relaxed.pdb  -393.803797925979  1391.55446  769.301092131809          -1533.83681146695           -924.308761678086       683.14187
design2_rebuilt_mutated_A_77_ASP_relaxed.pdb   -393.754858408488  1399.17681  770.569520916898          -1546.65393530336           -949.946026751112       813.58597
design2_rebuilt_mutated_A_44_PHE_relaxed.pdb   -393.540371849103  1399.49162  772.362382843416          -1546.38002254356           -958.573210293595       769.06452
design2_rebuilt_mutated_A_84_ARG_relaxed.pdb   -393.408299589998  1444.64777  794.143293027254          -1607.70081572012           -1012.3885632336        706.10447
design2_rebuilt_mutated_A_79_LEU_relaxed.pdb   -393.171005244445  1414.95207  776.476951053483          -1578.29381399245           -996.069369901619       699.94107
design2_rebuilt_mutated_A_123_LYS_relaxed.pdb  -392.526650894492  1418.51431  778.151820508498          -1595.54562585557           -1023.47415162116       717.27889
design2_rebuilt_mutated_A_31_CYS_relaxed.pdb   -392.402271260017  1401.23161  775.440367013316          -1540.99894002982           -928.703242148219       727.88247
design2_rebuilt_mutated_A_126_ASN_relaxed.pdb  -392.211636866449  1393.87195  769.904328545118          -1543.55995245522           -949.048854123821       703.35035
design2_rebuilt_mutated_A_31_GLN_relaxed.pdb   -391.963306946228  1392.53954  768.910669086024          -1546.33969904957           -946.522344887985       703.78191
design2_rebuilt_mutated_A_50_GLN_relaxed.pdb   -391.95601235216   1403.9291   772.306138785202          -1535.80130437866           -951.691633148398       723.62888
design2_rebuilt_mutated_A_60_ASN_relaxed.pdb   -391.675173918082  1388.08052  766.490975456856          -1545.64986536974           -988.739123403518       701.57127
design2_rebuilt_mutated_A_78_CYS_relaxed.pdb   -391.404729260242  1396.38075  770.602209498899          -1535.82191335906           -927.99607671501        684.07707
design2_rebuilt_mutated_A_90_THR_relaxed.pdb   -391.039343938923  1389.3894   766.519150099877          -1548.46003946878           -961.484581741567       799.69257
design2_rebuilt_mutated_A_33_PHE_relaxed.pdb   -391.00589912582   1389.80092  767.067695742672          -1538.80470711491           -946.953145895385       718.7247
design2_rebuilt_mutated_A_75_THR_relaxed.pdb   -390.914149286394  1403.50834  775.795767587615          -1549.95935246087           -965.736218083378       811.03649
design2_rebuilt_mutated_A_31_TYR_relaxed.pdb   -390.272896298981  1401.63672  773.202647782767          -1550.46196249994           -976.525028659463       699.03169
design2_rebuilt_mutated_A_49_ASN_relaxed.pdb   -389.497244326159  1409.57933  776.366621776086          -1569.68175589652           -962.702876596861       703.45523
design2_rebuilt_mutated_A_129_CYS_relaxed.pdb  -389.254672477909  1394.86134  770.532927703653          -1536.12801473521           -946.15682116938        662.59814
design2_rebuilt_mutated_A_132_SER_relaxed.pdb  -388.935840481091  1397.45167  772.158190946977          -1531.45376480788           -914.087762337894       679.9371
design2_rebuilt_mutated_A_31_GLY_relaxed.pdb   -388.454746416189  1403.6949   774.779143765551          -1540.25492351603           -926.761368063881       727.70155
design2_rebuilt_mutated_A_89_TYR_relaxed.pdb   -388.436550398944  1404.08486  768.608348587161          -1560.63930030472           -980.534119517353       702.49776
design2_rebuilt_mutated_A_52_TRP_relaxed.pdb   -387.931605117668  1417.38734  786.14341644851           -1598.90959586239           -1032.63875100378       738.67242
design2_rebuilt_mutated_A_70_MET_relaxed.pdb   -387.919937536869  1360.82504  752.405844898111          -1526.052041817             -920.041030301559       689.38752
design2_rebuilt_mutated_A_75_HIS_relaxed.pdb   -387.866697601683  1401.66123  769.4176390141            -1562.51017133383           -981.340748372245       857.07946
design2_rebuilt_mutated_A_46_PRO_relaxed.pdb   -387.850739603259  1366.63854  754.886859079701          -1524.5438247174            -957.042257369424       699.49437
design2_rebuilt_mutated_A_90_PHE_relaxed.pdb   -387.850005112637  1405.94041  780.542619046445          -1539.5055548544            -955.109300983452       706.41413
design2_rebuilt_mutated_A_44_THR_relaxed.pdb   -387.824314012815  1411.9188   777.01129708654           -1556.02145105567           -977.423192492493       704.70272
design2_rebuilt_mutated_A_104_HIS_relaxed.pdb  -387.65069731154   1420.61328  779.414547425919          -1573.15162516661           -991.983355455883       714.25153
design2_rebuilt_mutated_A_75_ALA_relaxed.pdb   -387.251759856315  1394.06768  763.776124118257          -1536.69065874556           -945.626606435948       694.77608
design2_rebuilt_mutated_A_45_GLU_relaxed.pdb   -386.79191766554   1390.43647  764.748760390225          -1537.66089467053           -940.913839501138       701.80279
design2_rebuilt_mutated_A_46_ARG_relaxed.pdb   -386.759945168879  1420.02954  782.233759655257          -1563.07498781471           -961.56543669246        710.18579
design2_rebuilt_mutated_A_123_LEU_relaxed.pdb  -386.731762031279  1396.14311  766.884627143221          -1533.94505727951           -923.948152537966       701.95296
design2_rebuilt_mutated_A_73_GLN_relaxed.pdb   -386.436605365699  1403.18351  771.694108614757          -1567.84630040655           -952.829120876881       685.58376
design2_rebuilt_mutated_A_62_GLU_relaxed.pdb   -386.380997352347  1416.55508  778.049098314946          -1552.16014487468           -964.893234608017       700.4798
design2_rebuilt_mutated_A_48_HIS_relaxed.pdb   -386.001920975626  1413.15922  781.542678403525          -1568.57688968387           -960.015230898789       632.76768
design2_rebuilt_mutated_A_123_ASP_relaxed.pdb  -385.604354150255  1382.92156  759.386858546957          -1513.15637380397           -942.138008257958       696.80206
design2_rebuilt_mutated_A_78_GLN_relaxed.pdb   -385.526068958958  1411.91682  778.288132058921          -1554.05278214389           -958.75459631992        707.19054
design2_rebuilt_mutated_A_35_TYR_relaxed.pdb   -385.477176496269  1438.34531  789.484649413998          -1581.63232801712           -975.668275292436       740.62419
design2_rebuilt_mutated_A_49_GLY_relaxed.pdb   -385.376096500572  1390.76348  764.442816645292          -1535.18899634644           -928.676957254835       786.0517
design2_rebuilt_mutated_A_49_CYS_relaxed.pdb   -384.788356860976  1412.50435  778.564723281044          -1570.43282823666           -976.536018415672       701.56423
design2_rebuilt_mutated_A_163_ILE_relaxed.pdb  -383.854453711233  1429.73154  777.003304318009          -1590.24684601395           -1034.4380137456        698.18719
design2_rebuilt_mutated_A_64_HIS_relaxed.pdb   -383.690786193604  1440.02977  791.920836359775          -1564.84604297685           -951.474297746615       641.53598
design2_rebuilt_mutated_A_46_GLU_relaxed.pdb   -383.641109518782  1404.07698  768.676873856525          -1553.51126204008           -974.324792447329       702.08969
design2_rebuilt_mutated_A_77_TYR_relaxed.pdb   -383.31787323824   1398.66497  773.680343129044          -1540.9975255388            -943.635651460655       739.45498
design2_rebuilt_mutated_A_46_LEU_relaxed.pdb   -382.957727876569  1396.13752  768.626571031086          -1544.36654895952           -981.121694511127       699.18266
design2_rebuilt_mutated_A_75_MET_relaxed.pdb   -382.869756586957  1399.36005  770.962084708772          -1551.65162360309           -941.034487923422       732.58027
design2_rebuilt_mutated_A_9_PHE_relaxed.pdb    -382.713189494324  1412.08223  773.624851604359          -1554.13047423947           -1003.32244140968       718.82744
design2_rebuilt_mutated_A_75_GLU_relaxed.pdb   -382.442240364502  1402.85734  773.186961651223          -1545.31443756137           -921.850033131139       694.28309
design2_rebuilt_mutated_A_89_ARG_relaxed.pdb   -382.334303251834  1392.75592  766.744695256904          -1542.61330812585           -925.85757491326        726.73924
design2_rebuilt_mutated_A_104_MET_relaxed.pdb  -382.254031919365  1422.44042  778.532179880439          -1551.51320327906           -926.665842913512       715.98349
design2_rebuilt_mutated_A_89_ILE_relaxed.pdb   -382.122797279927  1386.20699  765.673412793293          -1514.44952063727           -912.707671111464       680.38556
design2_rebuilt_mutated_A_164_PHE_relaxed.pdb  -381.985450325332  1417.99557  775.972009103501          -1564.16067493375           -996.041672426242       703.48633
design2_rebuilt_mutated_A_136_ASN_relaxed.pdb  -381.900723713821  1395.17008  767.799598528651          -1534.88354267903           -942.32666322224        730.53782
design2_rebuilt_mutated_A_35_HIS_relaxed.pdb   -381.672990450168  1413.33338  777.522063395387          -1558.83174691098           -975.494771534947       781.95217
design2_rebuilt_mutated_A_126_SER_relaxed.pdb  -381.592436011943  1395.54085  763.56694007048           -1525.10857262183           -914.952142518536       709.84746
design2_rebuilt_mutated_A_45_HIS_relaxed.pdb   -381.580453581215  1424.73776  778.925191589647          -1564.48194049107           -972.738247764655       701.57124
design2_rebuilt_mutated_A_101_PRO_relaxed.pdb  -381.201364974811  1394.91997  770.712299544246          -1533.08438539953           -946.314862608518       704.7213
design2_rebuilt_mutated_A_86_THR_relaxed.pdb   -381.180412836164  1394.51207  766.573803641581          -1523.70952075827           -921.810560958221       685.55516
design2_rebuilt_mutated_A_71_GLN_relaxed.pdb   -381.127463205838  1405.52399  764.449837319802          -1588.04054229689           -989.724687591848       683.84525
design1_rebuilt_mutated_A_54_TRP_relaxed.pdb   -380.961971118307  1249.23894  693.282176398911          -1400.86502887036           -693.276405711003       850.47028
design2_rebuilt_mutated_A_77_ALA_relaxed.pdb   -380.63178824911   1402.9934   774.467086343897          -1537.19148817858           -955.695405480826       699.1369
design2_rebuilt_mutated_A_102_TRP_relaxed.pdb  -380.53403147916   1397.36649  776.644003846879          -1505.67480694168           -904.611727924058       713.00614
design2_rebuilt_mutated_A_60_CYS_relaxed.pdb   -380.462474625905  1396.83259  764.563422907684          -1552.62916013872           -982.774443389398       697.17992
design2_rebuilt_mutated_A_100_ILE_relaxed.pdb  -380.277945310592  1394.15729  761.557852019772          -1567.03662277677           -1017.93991663146       685.23032
design2_rebuilt_mutated_A_75_LYS_relaxed.pdb   -380.229661908866  1409.90494  776.128492682893          -1552.57802089647           -969.347713378136       763.8239
design2_rebuilt_mutated_A_63_GLN_relaxed.pdb   -379.909263017014  1402.8952   769.052294112766          -1540.50911710274           -947.776406872521       648.12272
design2_rebuilt_mutated_A_125_ILE_relaxed.pdb  -379.664792276894  1369.57319  749.510916286335          -1500.65568687346           -866.165333481025       648.10452
design2_rebuilt_mutated_A_84_VAL_relaxed.pdb   -379.592127139937  1393.84062  763.459378857778          -1524.78856166066           -937.760603681416       699.36545
design2_rebuilt_mutated_A_73_LEU_relaxed.pdb   -379.378421031638  1410.18     775.894295436732          -1565.47096257583           -948.935425668857       669.97979
design2_rebuilt_mutated_A_79_ASN_relaxed.pdb   -379.216241707874  1365.97553  755.381070977929          -1500.73497206726           -913.276322962709       649.84283
design2_rebuilt_mutated_A_50_ARG_relaxed.pdb   -379.028274043623  1439.6322   788.635726713299          -1579.0718279887            -984.668644244042       645.89226
design2_rebuilt_mutated_A_75_GLN_relaxed.pdb   -378.99031554349   1391.67177  764.057739024123          -1537.91182697523           -944.826030986469       689.54938
design2_rebuilt_mutated_A_163_SER_relaxed.pdb  -377.854874825679  1396.1775   765.843981428751          -1543.4918878694            -949.37920009907        667.17139
design1_rebuilt_mutated_A_59_LYS_relaxed.pdb   -377.751447974419  1239.4945   686.91173644302           -1394.81642405768           -702.007119380724       833.95012
design1_rebuilt_mutated_A_166_THR_relaxed.pdb  -377.440703533968  1240.72305  686.943204832165          -1392.00735562031           -699.711069578128       853.558
design2_rebuilt_mutated_A_125_ASN_relaxed.pdb  -377.419846874008  1380.48142  760.141564759564          -1503.44947570539           -889.760551888577       743.86522
design2_rebuilt_mutated_A_129_ALA_relaxed.pdb  -377.133722569375  1395.21418  769.592159750461          -1524.11095515211           -935.910904739224       664.79147
design2_rebuilt_mutated_A_35_MET_relaxed.pdb   -376.86617748894   1407.44467  771.625294441318          -1552.09324640875           -978.558289101448       775.80817
design2_rebuilt_mutated_A_132_ILE_relaxed.pdb  -376.619122779047  1402.1866   771.240727862942          -1533.17754410428           -924.419192759106       695.15492
design1_rebuilt_mutated_A_58_TYR_relaxed.pdb   -376.460419895613  1254.57261  692.270481629791          -1388.39570851997           -670.323954979829       855.28753
design2_rebuilt_mutated_A_125_GLU_relaxed.pdb  -376.314798644838  1371.62942  754.726293091923          -1485.43982623895           -876.609478842187       671.76478
design2_rebuilt_mutated_A_163_GLY_relaxed.pdb  -375.807062178738  1388.5274   761.737604099211          -1526.38283785032           -933.432688157052       680.65647
design2_rebuilt_mutated_A_75_LEU_relaxed.pdb   -375.75653701312   1397.37334  765.663173292566          -1546.61922462237           -972.504133225712       756.33962
design2_rebuilt_relaxed.pdb                    -374.981265881129  1398.78833  768.313669762028          -1544.18405988808           -943.233147707787       699.00516
design2_rebuilt_mutated_A_90_VAL_relaxed.pdb   -374.804417667538  1374.33678  755.186366476762          -1535.26811009655           -915.603872225364       704.90748
design2_rebuilt_mutated_A_84_HIS_relaxed.pdb   -374.272729703955  1395.02112  763.625876726079          -1527.36445262659           -938.884781558836       704.76649
design2_rebuilt_mutated_A_31_ASN_relaxed.pdb   -374.218366295055  1404.43028  769.870959702871          -1550.13069909645           -945.227587263279       683.29121
design1_rebuilt_mutated_A_52_HIS_relaxed.pdb   -374.204375737863  1245.43648  697.922340611332          -1323.29058409067           -636.187865981231       878.51202
design2_rebuilt_mutated_A_73_THR_relaxed.pdb   -374.143848971145  1405.02893  769.89947338037           -1540.73707986359           -945.146540287495       692.0811
design2_rebuilt_mutated_A_89_CYS_relaxed.pdb   -373.879511968506  1419.11414  781.365350197735          -1540.91860205818           -938.041177133371       709.37723
design2_rebuilt_mutated_A_62_TYR_relaxed.pdb   -373.732947253261  1401.74908  773.427882546836          -1533.85557809241           -955.326887889921       820.74096
design2_rebuilt_mutated_A_126_GLN_relaxed.pdb  -372.858021495161  1403.67597  771.482225759507          -1546.70832754989           -957.393508662358       698.73382
design2_rebuilt_mutated_A_9_LEU_relaxed.pdb    -372.423280243836  1399.33868  766.963344355514          -1528.84759437861           -893.140899947996       632.58801
design2_rebuilt_mutated_A_101_PHE_relaxed.pdb  -372.209410649722  1401.02995  764.302333137026          -1546.28342514683           -957.78223202243        704.00011
design2_rebuilt_mutated_A_132_LEU_relaxed.pdb  -372.176056536154  1396.92866  766.076736000379          -1536.69079499498           -936.859388538148       680.09002
design2_rebuilt_mutated_A_134_LEU_relaxed.pdb  -371.561519199626  1390.63062  759.294179703188          -1525.13874582407           -943.553158040039       692.78921
design2_rebuilt_mutated_A_163_MET_relaxed.pdb  -371.397841171117  1434.17359  783.342053775337          -1575.17399206173           -996.44091053749        703.57434
design2_rebuilt_mutated_A_76_ASP_relaxed.pdb   -371.377029084391  1403.91214  767.068301852859          -1532.57533282111           -944.330989789152       700.36517
design2_rebuilt_mutated_A_9_ALA_relaxed.pdb    -371.309501016585  1402.54458  768.432104580641          -1539.34287705504           -933.996821027841       683.12577
design1_rebuilt_mutated_A_103_ILE_relaxed.pdb  -371.080033068587  1242.88407  686.767949282077          -1372.71081329193           -694.813048318125       854.21684
design2_rebuilt_mutated_A_89_PHE_relaxed.pdb   -370.873386395877  1400.17202  764.787469895904          -1540.86292650568           -950.943794653163       699.06873
design2_rebuilt_mutated_A_9_TYR_relaxed.pdb    -370.696112124766  1423.64545  776.758921193341          -1557.91446016369           -997.411518029182       718.43647
design2_rebuilt_mutated_A_31_THR_relaxed.pdb   -370.28909598196   1389.17536  762.612090896091          -1510.88906369729           -914.083274872661       696.79545
design2_rebuilt_mutated_A_49_THR_relaxed.pdb   -370.237828150249  1397.66438  770.418706337318          -1547.86311727033           -954.784696813993       695.34899
design2_rebuilt_mutated_A_90_MET_relaxed.pdb   -370.056733785957  1386.6033   759.149821127723          -1522.27879526005           -909.603647705834       697.27676
design2_rebuilt_mutated_A_79_PRO_relaxed.pdb   -369.898184017265  1393.53541  765.245308119012          -1531.4104043174            -936.447723007018       694.34077
design2_rebuilt_mutated_A_134_ARG_relaxed.pdb  -369.812960542658  1445.07675  780.888782092702          -1595.12616859267           -998.951173372417       710.50644
design2_rebuilt_mutated_A_64_ARG_relaxed.pdb   -368.907278558906  1470.8469   798.821850475139          -1575.89505695535           -940.54610579784        650.12112
design2_rebuilt_mutated_A_45_THR_relaxed.pdb   -368.314519870581  1365.04587  748.748212493312          -1484.46670713877           -878.971572820093       611.87584
design2_rebuilt_mutated_A_123_ILE_relaxed.pdb  -367.938335927602  1379.15127  755.20516036326           -1511.21635070503           -916.245193593933       714.7916
design2_rebuilt_mutated_A_101_ARG_relaxed.pdb  -367.864287182732  1397.59534  768.002964833245          -1535.16339829065           -916.508781471633       836.19027
design2_rebuilt_mutated_A_89_SER_relaxed.pdb   -367.428902808018  1407.61617  770.205229558546          -1537.73339579548           -962.675055277648       703.81101
design2_rebuilt_mutated_A_70_THR_relaxed.pdb   -366.710502391983  1352.7668   747.330630347483          -1467.67249923917           -858.861645993224       756.81288
design2_rebuilt_mutated_A_63_LEU_relaxed.pdb   -366.663008047065  1408.17702  768.442877826665          -1543.62548046989           -988.180727688315       798.13307
design2_rebuilt_mutated_A_84_GLN_relaxed.pdb   -366.633626635336  1398.78343  765.862853173968          -1529.93454648189           -942.170716630466       682.27618
design2_rebuilt_mutated_A_125_PRO_relaxed.pdb  -366.316954047175  1395.14907  763.621173448949          -1513.63614563499           -920.418724266529       699.56828
design2_rebuilt_mutated_A_77_PHE_relaxed.pdb   -365.705597987802  1396.58472  765.276959001038          -1522.25673810336           -914.980043571279       663.85179
design2_rebuilt_mutated_A_132_CYS_relaxed.pdb  -365.016995515565  1401.38294  771.553250214904          -1521.30371850598           -908.48105002401        700.37759
design2_rebuilt_mutated_A_101_TYR_relaxed.pdb  -364.874377978991  1408.90778  771.633403325322          -1547.60110423729           -939.402716635891       818.06175
design2_rebuilt_mutated_A_127_TYR_relaxed.pdb  -364.847580855484  1372.60048  753.586618784856          -1508.60955220146           -950.974011578266       726.81272
design2_rebuilt_mutated_A_163_TRP_relaxed.pdb  -364.828779723678  1409.28834  765.663177690841          -1540.96544745191           -956.070520065472       693.0048
design2_rebuilt_mutated_A_88_HIS_relaxed.pdb   -364.725456214977  1419.72605  778.482743030878          -1530.01688904135           -943.45819343824        821.72364
design2_rebuilt_mutated_A_35_CYS_relaxed.pdb   -364.599570324917  1412.74329  772.607641391243          -1542.59994160408           -957.406068149261       705.81667
design2_rebuilt_mutated_A_45_VAL_relaxed.pdb   -364.469370866398  1377.22507  753.03907363361           -1501.20814826595           -932.116484290182       695.62017
design2_rebuilt_mutated_A_35_PHE_relaxed.pdb   -364.386368814878  1417.79749  778.451242773538          -1544.23203315912           -940.333604618246       784.39105
design2_rebuilt_mutated_A_79_PHE_relaxed.pdb   -363.808240358652  1401.9417   769.982731481494          -1533.01509219471           -943.327779823595       709.97922
design2_rebuilt_mutated_A_164_ILE_relaxed.pdb  -363.713716217859  1407.1646   764.595190485705          -1552.91629018839           -998.274645502073       703.51515
design2_rebuilt_mutated_A_73_LYS_relaxed.pdb   -363.45697566947   1408.42437  767.52508118139           -1531.65789974901           -954.490445867423       638.86217
design2_rebuilt_mutated_A_44_ALA_relaxed.pdb   -362.589752843108  1391.71025  763.339358137472          -1518.13195347816           -902.194708237089       694.03437
design2_rebuilt_mutated_A_63_ILE_relaxed.pdb   -361.827369423532  1400.09795  764.854653538295          -1520.38209067918           -903.233886174483       810.87583
design2_rebuilt_mutated_A_49_GLN_relaxed.pdb   -361.747671918627  1397.32451  757.584945282292          -1559.31775666079           -982.805517717576       700.17345
design2_rebuilt_mutated_A_63_VAL_relaxed.pdb   -361.60349494854   1395.41227  765.592625661068          -1499.2107748019            -900.514874174082       692.95177
design2_rebuilt_mutated_A_9_ILE_relaxed.pdb    -361.507507181821  1397.7091   766.123934317964          -1530.00633298457           -981.163552212544       717.88032
design2_rebuilt_mutated_A_86_TYR_relaxed.pdb   -361.353484125223  1387.6547   759.548647240823          -1515.42497172526           -937.146559727662       696.65935
design2_rebuilt_mutated_A_89_LEU_relaxed.pdb   -361.27955007411   1386.76839  759.190587766733          -1515.83470946574           -907.831377975175       797.74715
design2_rebuilt_mutated_A_45_LEU_relaxed.pdb   -361.190040650113  1374.78528  755.62317078105           -1493.02784903658           -895.554547460195       697.56167
design2_rebuilt_mutated_A_104_TYR_relaxed.pdb  -360.953190683705  1440.85688  780.395598673873          -1587.488957547             -973.084785667449       685.05354
design2_rebuilt_mutated_A_136_ASP_relaxed.pdb  -360.819903835177  1396.5539   761.761499496534          -1515.39215114385           -891.971395927437       664.35718
design2_rebuilt_mutated_A_79_MET_relaxed.pdb   -360.47584498534   1396.82058  758.977295746924          -1546.42764702525           -987.812876173241       697.6015
design2_rebuilt_mutated_A_100_MET_relaxed.pdb  -360.261572654415  1378.37343  755.919019087933          -1495.48692321315           -835.613303536542       1002.61146
design2_rebuilt_mutated_A_60_VAL_relaxed.pdb   -360.247018396404  1379.86521  755.513523072552          -1503.47338738306           -946.641025100176       698.266
design2_rebuilt_mutated_A_64_PRO_relaxed.pdb   -359.710692395479  1408.19094  771.251520178699          -1510.13181817385           -852.308566676971       832.24044
design2_rebuilt_mutated_A_86_HIS_relaxed.pdb   -359.669539632655  1403.96234  767.248612916575          -1521.96835550858           -928.692829874468       699.16173
design2_rebuilt_mutated_A_33_ILE_relaxed.pdb   -359.378804637087  1401.69879  769.624807638068          -1539.25486555533           -958.657049642568       764.32799
design2_rebuilt_mutated_A_44_PRO_relaxed.pdb   -359.135808805359  1395.59647  764.887361909128          -1512.95792418679           -915.946457302061       695.01319
design2_rebuilt_mutated_A_48_ASP_relaxed.pdb   -359.12444130991   1386.59746  758.929075881599          -1529.23429481862           -978.248563213222       735.87524
design2_rebuilt_mutated_A_89_LYS_relaxed.pdb   -358.739875690206  1386.56433  760.585874596861          -1516.0697566788            -894.836628903273       865.79955
design2_rebuilt_mutated_A_31_ARG_relaxed.pdb   -358.306494887313  1398.67577  765.715855462681          -1530.03345789036           -949.79899194414        694.2129
design2_rebuilt_mutated_A_126_VAL_relaxed.pdb  -357.239265183949  1387.02734  757.124806190806          -1509.75915113741           -907.58905260355        666.89053
design2_rebuilt_mutated_A_127_ARG_relaxed.pdb  -357.207050493524  1417.31642  775.381858013926          -1561.69705487607           -935.69425255034        846.02648
design2_rebuilt_mutated_A_45_TRP_relaxed.pdb   -357.152855198457  1410.67745  768.496467409686          -1525.2480349398            -902.472227409781       692.75599
design2_rebuilt_mutated_A_48_ASN_relaxed.pdb   -356.656343015664  1386.05409  758.417578514463          -1541.25029538259           -988.492662512686       734.4449
design2_rebuilt_mutated_A_86_MET_relaxed.pdb   -356.359290375823  1397.42115  766.767469929096          -1509.67833998793           -913.678129237872       738.99627
design2_rebuilt_mutated_A_134_ALA_relaxed.pdb  -356.348985096045  1367.44928  744.637151158612          -1489.56460058778           -839.112455199393       653.70536
design2_rebuilt_mutated_A_77_GLN_relaxed.pdb   -356.266510056016  1400.17448  764.983304587659          -1519.23282701978           -923.807267172355       700.77299
design2_rebuilt_mutated_A_126_GLU_relaxed.pdb  -356.140747454049  1388.78203  757.104805866795          -1501.97888718149           -910.158880707833       692.44107
design2_rebuilt_mutated_A_136_ALA_relaxed.pdb  -356.129495613389  1383.97363  754.079674379978          -1504.44857336505           -924.363425440125       690.91562
design2_rebuilt_mutated_A_78_SER_relaxed.pdb   -356.046134880965  1394.51496  763.495459332926          -1517.01821899919           -902.563822190468       689.415
design2_rebuilt_mutated_A_44_GLY_relaxed.pdb   -355.927545950815  1401.5397   765.958667790738          -1531.26437412227           -959.969539462359       704.04759
design2_rebuilt_mutated_A_9_GLY_relaxed.pdb    -355.854442382761  1399.59116  763.85189411446           -1523.36743081076           -925.688047679205       684.40876
design2_rebuilt_mutated_A_79_TYR_relaxed.pdb   -355.287804682904  1390.17923  756.726179412958          -1517.24972586556           -935.929942930773       691.81514
design2_rebuilt_mutated_A_134_ASP_relaxed.pdb  -355.122604556131  1363.81291  744.450871688064          -1473.9119470158            -889.789561064245       677.72052
design2_rebuilt_mutated_A_80_GLN_relaxed.pdb   -354.952722334795  1402.65609  767.435335576262          -1552.88442886977           -981.848008948121       698.38634
design2_rebuilt_mutated_A_70_LYS_relaxed.pdb   -354.808600847799  1355.25875  744.521121534245          -1503.20523848127           -889.838957602807       761.12875
design2_rebuilt_mutated_A_86_ASN_relaxed.pdb   -354.605429910748  1396.57725  763.489589689069          -1512.4821606345            -899.441881205152       691.19431
design2_rebuilt_mutated_A_104_GLN_relaxed.pdb  -354.303347827998  1413.22871  766.262445114315          -1530.40861925364           -944.212176194219       709.31498
design2_rebuilt_mutated_A_50_VAL_relaxed.pdb   -353.75175042565   1387.90938  755.847204576594          -1526.25596283838           -934.666823729943       768.39518
design2_rebuilt_mutated_A_104_GLU_relaxed.pdb  -352.891970972376  1426.49231  774.829128321217          -1522.07314435752           -918.576404663454       709.11901
design2_rebuilt_mutated_A_62_SER_relaxed.pdb   -352.369640590464  1410.70827  769.157758132029          -1518.29765416489           -914.811296589233       641.54643
design2_rebuilt_mutated_A_9_SER_relaxed.pdb    -352.324592100781  1393.41309  758.160251518368          -1525.32195299807           -941.795995814821       680.2369
design2_rebuilt_mutated_A_44_TYR_relaxed.pdb   -352.257353266722  1394.07172  758.260351446255          -1520.02742075352           -952.065825319428       699.14259
design2_rebuilt_mutated_A_71_HIS_relaxed.pdb   -352.088647878134  1410.804    771.889760225671          -1533.79042438978           -951.12197743016        838.36737
design2_rebuilt_mutated_A_136_MET_relaxed.pdb  -352.034997189839  1395.41038  765.066450711073          -1521.70397353276           -906.936527957188       686.25448
design2_rebuilt_mutated_A_50_ASN_relaxed.pdb   -351.733074108226  1383.4268   755.345954908635          -1507.30616927403           -911.990985077245       737.82374
design2_rebuilt_mutated_A_33_PRO_relaxed.pdb   -351.674898281763  1408.03768  766.740863698769          -1512.90602804923           -942.432215019302       705.45109
design2_rebuilt_mutated_A_129_VAL_relaxed.pdb  -351.607560211352  1380.86379  756.72982519547           -1477.40220086391           -861.985912156042       650.98348
design2_rebuilt_mutated_A_164_HIS_relaxed.pdb  -350.716047697538  1414.09096  770.818317062559          -1545.29171704182           -979.596414380021       701.96159
design2_rebuilt_mutated_A_129_ARG_relaxed.pdb  -350.562044080425  1377.60316  751.511981027077          -1528.04286617364           -910.45118663246        708.46262
design2_rebuilt_mutated_A_77_LYS_relaxed.pdb   -350.410154822382  1415.06859  775.375649237847          -1551.46180633197           -943.835778065085       686.73403
design2_rebuilt_mutated_A_84_ILE_relaxed.pdb   -350.401746645555  1394.78045  756.950194318872          -1517.36240234835           -940.416075250268       700.47585
design2_rebuilt_mutated_A_89_ASP_relaxed.pdb   -350.307843696988  1395.80171  763.02845768098           -1520.11413376501           -918.661370216885       696.84685
design2_rebuilt_mutated_A_64_GLN_relaxed.pdb   -349.82318848624   1461.68169  792.397722674402          -1583.48044566246           -992.6795706396         663.48809
design2_rebuilt_mutated_A_78_GLY_relaxed.pdb   -349.755232265869  1401.73683  764.506319437092          -1515.43671590441           -905.111949310536       842.15433
design2_rebuilt_mutated_A_86_ASP_relaxed.pdb   -349.508698797797  1405.51604  767.866965060128          -1503.59191630807           -899.324437553754       694.19881
design2_rebuilt_mutated_A_46_TYR_relaxed.pdb   -349.338562259268  1392.76771  759.91756268084           -1527.23307737567           -966.610064361854       705.32656
design2_rebuilt_mutated_A_80_VAL_relaxed.pdb   -348.676045791301  1388.87306  754.758099506576          -1527.18817023722           -962.074176037731       697.46883
design2_rebuilt_mutated_A_48_PHE_relaxed.pdb   -348.333558874536  1405.92212  765.169446269221          -1534.99845531929           -945.641182072673       718.70111
design2_rebuilt_mutated_A_86_VAL_relaxed.pdb   -348.184377421536  1394.58961  760.704219859339          -1507.35822838035           -938.254440762064       755.43548
design2_rebuilt_mutated_A_44_MET_relaxed.pdb   -348.118023555483  1394.80068  762.424748866689          -1512.11678466699           -932.602989243485       700.61164
design2_rebuilt_mutated_A_104_ALA_relaxed.pdb  -347.661221201484  1398.26775  763.143777250465          -1517.09402509566           -921.996712793776       696.84798
design2_rebuilt_mutated_A_9_MET_relaxed.pdb    -347.637599255216  1387.13696  754.470910964739          -1505.96794160769           -946.73881054532        697.54185
design2_rebuilt_mutated_A_50_MET_relaxed.pdb   -347.473789011204  1404.31651  764.693063085483          -1519.41401397526           -935.941610638135       636.39283
design2_rebuilt_mutated_A_129_ASP_relaxed.pdb  -347.430633770984  1375.80188  751.829233402084          -1492.3140263743            -910.057138778143       658.1337
design2_rebuilt_mutated_A_127_LYS_relaxed.pdb  -347.041684810601  1425.62704  780.216660306634          -1547.86426971352           -945.071401038766       698.96275
design2_rebuilt_mutated_A_75_ASP_relaxed.pdb   -346.579418834945  1389.34568  759.011183349833          -1515.77270034182           -941.72417428057        757.92856
design2_rebuilt_mutated_A_44_TRP_relaxed.pdb   -346.576908251535  1405.5245   767.328563024678          -1539.39527094665           -944.717228600347       693.83639
design2_rebuilt_mutated_A_100_ASN_relaxed.pdb  -346.249556935351  1392.22028  752.57895583631           -1543.81885274382           -971.069014035178       695.27076
design2_rebuilt_mutated_A_44_SER_relaxed.pdb   -346.221911803808  1397.24709  761.210157200564          -1519.76008316689           -927.408621095746       695.02559
design2_rebuilt_mutated_A_33_SER_relaxed.pdb   -346.06988815794   1394.76875  762.482180092338          -1492.62696824031           -870.919786502971       744.47392
design2_rebuilt_mutated_A_35_GLY_relaxed.pdb   -345.128063749688  1399.47668  763.101815511449          -1514.63044259245           -955.028254726295       705.06042
design2_rebuilt_mutated_A_63_CYS_relaxed.pdb   -344.957582165254  1395.19592  757.502510554216          -1518.45788545477           -939.2564098495         639.68238
design2_rebuilt_mutated_A_78_ILE_relaxed.pdb   -344.722074225291  1384.97541  757.600463896181          -1519.74011112983           -966.059587041495       809.63372
design2_rebuilt_mutated_A_73_ARG_relaxed.pdb   -344.659123300717  1424.46832  769.79118517057           -1547.99141851837           -953.976179841681       587.64064
design2_rebuilt_mutated_A_164_TRP_relaxed.pdb  -344.354090236886  1419.93556  766.597980671111          -1552.995089938             -960.736222702731       697.15239
design2_rebuilt_mutated_A_84_LYS_relaxed.pdb   -344.335445295997  1430.49089  780.62507355995           -1550.013277523             -963.160282702715       701.6243
design2_rebuilt_mutated_A_102_ALA_relaxed.pdb  -343.428790860644  1389.01796  761.325058972233          -1492.91625315639           -910.689541491168       691.78792
design2_rebuilt_mutated_A_101_ILE_relaxed.pdb  -342.962738931939  1385.15884  754.60875544506           -1505.83989045912           -913.720768667127       767.71426
design2_rebuilt_mutated_A_101_LEU_relaxed.pdb  -342.72190369722   1388.40539  754.052449609099          -1504.37254568038           -914.750098221318       700.16653
design1_rebuilt_mutated_A_134_ILE_relaxed.pdb  -342.610873112565  1256.14797  688.510259839863          -1395.24621215987           -700.494833964139       855.26494
design2_rebuilt_mutated_A_33_ALA_relaxed.pdb   -342.33338413099   1394.23922  757.817497334423          -1506.10675703323           -904.584373045351       780.74465
design2_rebuilt_mutated_A_136_TYR_relaxed.pdb  -342.058641805537  1380.56138  750.721542933124          -1484.44919822089           -883.973791422373       724.1471
design2_rebuilt_mutated_A_164_GLY_relaxed.pdb  -341.761443438951  1397.66134  759.691477019483          -1527.80222320881           -937.529865214244       693.86174
design1_rebuilt_mutated_A_108_SER_relaxed.pdb  -341.672618790539  1230.65463  678.994166328699          -1379.89387328871           -656.467423883875       839.91355
design2_rebuilt_mutated_A_79_ALA_relaxed.pdb   -341.402038659259  1399.71365  762.186329162984          -1525.59498155457           -957.38199508209        703.20447
design2_rebuilt_mutated_A_9_GLN_relaxed.pdb    -341.204672286158  1395.42368  758.857579511952          -1519.04455240995           -928.557942736381       697.72058
design1_rebuilt_mutated_A_225_TRP_relaxed.pdb  -341.130270056746  1244.07798  681.019418927103          -1361.28634457802           -679.293664406698       850.76774
design2_rebuilt_mutated_A_134_CYS_relaxed.pdb  -341.113940591044  1369.23998  743.757947438776          -1488.72508105605           -888.085288768695       713.7402
design2_rebuilt_mutated_A_44_ARG_relaxed.pdb   -340.608372295839  1391.54915  760.889335169253          -1511.59567544898           -919.636274973743       696.41192
design2_rebuilt_mutated_A_50_SER_relaxed.pdb   -340.100544583823  1389.63481  756.468766485732          -1499.98443607697           -879.945698244545       743.12594
design2_rebuilt_mutated_A_79_ARG_relaxed.pdb   -339.850977702627  1411.64774  772.596988546127          -1532.84642837443           -936.667987230684       705.50952
design2_rebuilt_mutated_A_100_GLU_relaxed.pdb  -339.847467541094  1374.04045  751.65938378022           -1489.92803163157           -870.210175286508       868.65695
design2_rebuilt_mutated_A_62_CYS_relaxed.pdb   -339.560508145564  1394.46667  756.555919811057          -1512.02085300157           -936.766795488416       696.27496
design2_rebuilt_mutated_A_88_MET_relaxed.pdb   -339.513734987099  1396.87285  765.166735628692          -1512.0185743569            -908.787558902653       781.67622
design2_rebuilt_mutated_A_76_VAL_relaxed.pdb   -339.287831998899  1391.40075  753.757972754126          -1513.17507664144           -944.236369356873       672.00199
design2_rebuilt_mutated_A_134_ASN_relaxed.pdb  -339.111328456436  1367.31981  743.983901352003          -1481.19628759276           -882.952967768037       699.77045
design2_rebuilt_mutated_A_88_PRO_relaxed.pdb   -339.078798634395  1374.57971  755.298480139269          -1481.60303390192           -885.357962972107       866.88701
design2_rebuilt_mutated_A_80_LEU_relaxed.pdb   -338.571485979039  1403.2469   763.120530345326          -1547.79946417741           -997.645379679531       719.1864
design2_rebuilt_mutated_A_90_GLN_relaxed.pdb   -338.510716186654  1402.38473  763.05536173452           -1530.75815765107           -914.44108727171        797.86509
design2_rebuilt_mutated_A_127_ASN_relaxed.pdb  -338.436530004886  1386.46496  759.344525799136          -1500.91299998254           -918.778046211376       693.61086
design2_rebuilt_mutated_A_88_GLN_relaxed.pdb   -338.376488862313  1415.89504  773.00722090809           -1527.82520799982           -944.09857514701        761.41232
design2_rebuilt_mutated_A_134_HIS_relaxed.pdb  -338.0530454301    1389.01437  754.597938630727          -1528.60857280229           -959.921968523863       685.63394
design2_rebuilt_mutated_A_35_ASN_relaxed.pdb   -337.957294950764  1405.65536  763.046927781049          -1519.18705724859           -907.041486973128       702.57759
design2_rebuilt_mutated_A_100_THR_relaxed.pdb  -337.78726401386   1389.88143  754.157921387522          -1526.12960687254           -954.171006670775       664.76493
design2_rebuilt_mutated_A_104_THR_relaxed.pdb  -337.236782739828  1402.16923  761.521289618513          -1518.40953367582           -931.454549680167       700.99457
design2_rebuilt_mutated_A_31_MET_relaxed.pdb   -337.082403741489  1399.47715  762.322103003318          -1509.26543712613           -921.190551669014       680.64754
design2_rebuilt_mutated_A_33_ASN_relaxed.pdb   -336.911727846134  1397.07259  757.612246230861          -1514.31164419726           -900.134049308955       585.26673
design2_rebuilt_mutated_A_163_HIS_relaxed.pdb  -336.823733773072  1410.51676  766.151798059531          -1543.19436764964           -986.416472679209       703.56542
design2_rebuilt_mutated_A_64_MET_relaxed.pdb   -336.380511381654  1451.3609   781.692907544241          -1545.47553156178           -946.388972049341       663.82413
design2_rebuilt_mutated_A_101_SER_relaxed.pdb  -336.34291593969   1410.80227  771.231547678017          -1512.56952860013           -918.995937706126       701.34168
design2_rebuilt_mutated_A_126_PRO_relaxed.pdb  -336.136276959909  1402.56379  761.839104105194          -1513.46167939592           -921.129688602869       696.66472
design2_rebuilt_mutated_A_90_ASN_relaxed.pdb   -335.877583302635  1366.0704   745.854222280513          -1482.90018740687           -868.6804772087         855.78264
design2_rebuilt_mutated_A_71_GLU_relaxed.pdb   -335.682267914824  1391.85366  758.215642172538          -1517.90170696042           -914.03163803515        602.27743
design2_rebuilt_mutated_A_86_TRP_relaxed.pdb   -335.457813315899  1403.29879  766.989032482497          -1486.39878597938           -905.038020149665       711.92322
design2_rebuilt_mutated_A_123_THR_relaxed.pdb  -335.240368366537  1377.11337  750.581325568373          -1487.86862737046           -909.527857962229       695.69313
design2_rebuilt_mutated_A_46_MET_relaxed.pdb   -335.22002471574   1396.92325  758.144973460267          -1505.90630414557           -928.987578331347       694.1379
design2_rebuilt_mutated_A_80_CYS_relaxed.pdb   -335.029437363336  1385.46827  753.492811679871          -1513.01966915029           -942.092295516899       696.92999
design2_rebuilt_mutated_A_60_GLY_relaxed.pdb   -334.887782803838  1398.5259   763.318251244698          -1508.79469854262           -906.833861153134       597.09025
design2_rebuilt_mutated_A_129_MET_relaxed.pdb  -334.776401002994  1386.53489  755.509441234023          -1510.37638734021           -896.01641303028        866.63371
design2_rebuilt_mutated_A_163_PHE_relaxed.pdb  -334.014178443945  1415.03509  767.741973753532          -1546.50544197635           -987.908797680714       703.96257
design2_rebuilt_mutated_A_84_GLY_relaxed.pdb   -333.928961404387  1392.99372  756.882822194378          -1500.63706953048           -892.970849827935       690.9681
design2_rebuilt_mutated_A_73_ASN_relaxed.pdb   -333.790154851395  1402.00477  760.931078088647          -1497.4196247461            -889.176762743433       683.97811
design2_rebuilt_mutated_A_33_CYS_relaxed.pdb   -333.443174291158  1391.17179  758.424254856255          -1481.54178887582           -852.954317024448       704.40745
design2_rebuilt_mutated_A_60_GLN_relaxed.pdb   -333.16894053825   1403.31937  763.567250975106          -1519.37950804282           -937.906318895661       669.31554
design2_rebuilt_mutated_A_63_GLU_relaxed.pdb   -333.09568383152   1398.727    755.217857381389          -1511.2930185762            -932.13340886379        692.94546
design2_rebuilt_mutated_A_163_CYS_relaxed.pdb  -332.825470492167  1398.15931  757.22138773297           -1526.01519282292           -942.64168192962        703.39315
design2_rebuilt_mutated_A_89_ALA_relaxed.pdb   -332.66213667783   1405.1643   765.557503375132          -1500.78053209338           -891.665343237729       696.82431
design2_rebuilt_mutated_A_125_ALA_relaxed.pdb  -332.498629524363  1395.04881  756.895897726154          -1503.72105909998           -929.398289271399       696.37092
design2_rebuilt_mutated_A_63_THR_relaxed.pdb   -332.25910946561   1401.10479  762.10214518132           -1506.75574109298           -929.47367145355        720.53874
design2_rebuilt_mutated_A_73_TYR_relaxed.pdb   -331.682450865582  1410.14565  762.552100327171          -1523.16165223814           -914.759059750187       661.30359
design1_rebuilt_mutated_A_101_GLN_relaxed.pdb  -331.672842182399  1251.39881  683.989760997957          -1372.3060244565            -683.150439117431       795.88469
design2_rebuilt_mutated_A_129_HIS_relaxed.pdb  -331.516887147016  1400.5489   761.899075621621          -1530.1179725909            -935.116715574478       673.41706
design2_rebuilt_mutated_A_89_GLU_relaxed.pdb   -330.723775031451  1402.04056  760.510713356738          -1516.49813817727           -906.73261513332        694.71633
design2_rebuilt_mutated_A_60_ALA_relaxed.pdb   -330.496632401689  1394.10798  754.368434526126          -1491.4879395442            -879.034576726109       644.78236
design2_rebuilt_mutated_A_123_CYS_relaxed.pdb  -330.338161310554  1380.85919  749.841702513933          -1494.48766079456           -910.856571961319       691.21006
design2_rebuilt_mutated_A_62_GLY_relaxed.pdb   -330.273980772404  1412.24165  762.998363504443          -1522.75326609254           -947.293061628827       652.25326
design1_rebuilt_mutated_A_54_GLU_relaxed.pdb   -330.239408127783  1243.90274  685.300332353481          -1321.81160222124           -649.908334195618       808.5051
design2_rebuilt_mutated_A_63_ASN_relaxed.pdb   -330.092632575896  1402.31654  760.995289038649          -1516.4817967569            -957.021685076593       657.64562
design2_rebuilt_mutated_A_35_ALA_relaxed.pdb   -329.875174696846  1394.35913  753.944496188884          -1517.20014050071           -960.977196327795       753.35069
design2_rebuilt_mutated_A_64_TYR_relaxed.pdb   -329.202427673629  1454.66717  783.896757181612          -1545.40906019971           -931.97864324237        659.30843
design2_rebuilt_mutated_A_89_GLY_relaxed.pdb   -329.196313762311  1396.02574  756.068131305146          -1502.48506286335           -897.704017984506       683.83019
design2_rebuilt_mutated_A_84_SER_relaxed.pdb   -329.110740760574  1402.66294  757.13775881701           -1529.51874540975           -959.881053038338       711.57895
design1_rebuilt_mutated_A_104_GLU_relaxed.pdb  -328.989947384846  1233.08245  678.440356720736          -1312.10307807264           -632.380135827651       863.67416
design2_rebuilt_mutated_A_163_LEU_relaxed.pdb  -328.842384990352  1433.04792  771.419268239525          -1561.05677764635           -987.749561051493       700.56081
design2_rebuilt_mutated_A_136_THR_relaxed.pdb  -328.812326078765  1395.53508  756.866333873531          -1516.10301620779           -925.640679726547       729.37977
design2_rebuilt_mutated_A_71_ARG_relaxed.pdb   -328.741555679264  1396.85906  756.025084094629          -1531.61271842878           -899.829661274181       577.6033
design2_rebuilt_mutated_A_134_THR_relaxed.pdb  -328.734893126015  1366.31067  741.757271763646          -1482.65315161541           -899.366848030769       678.41633
design2_rebuilt_mutated_A_77_ASN_relaxed.pdb   -328.480948762272  1401.35134  760.426571954259          -1504.09747587812           -876.874679038227       853.59767
design2_rebuilt_mutated_A_104_ASN_relaxed.pdb  -328.421836141301  1408.44936  759.844108853241          -1518.42790080699           -907.243466146223       722.03813
design2_rebuilt_mutated_A_163_VAL_relaxed.pdb  -328.21067818891   1406.26848  761.781423804413          -1517.91890365213           -932.204184509663       695.10788
design2_rebuilt_mutated_A_78_MET_relaxed.pdb   -328.074698273629  1385.53076  747.813055893838          -1501.48864798319           -936.318066163134       693.66213
design2_rebuilt_mutated_A_76_CYS_relaxed.pdb   -328.013770229801  1396.89812  757.401244045164          -1510.39326172348           -921.086005547954       690.04545
design2_rebuilt_mutated_A_132_HIS_relaxed.pdb  -327.930503437788  1390.03108  753.449029472866          -1497.90355910579           -921.691143858405       695.93093
design2_rebuilt_mutated_A_60_LYS_relaxed.pdb   -327.641158934733  1386.42353  748.620922749612          -1499.01465072789           -933.839147034676       688.86921
design2_rebuilt_mutated_A_80_TYR_relaxed.pdb   -327.469057969052  1435.2553   771.381681688925          -1554.44265664472           -967.26458042274        696.80781
design2_rebuilt_mutated_A_126_ALA_relaxed.pdb  -327.399715053622  1387.8359   749.931801371273          -1488.8689269295            -891.642469566646       661.72911
design2_rebuilt_mutated_A_64_PHE_relaxed.pdb   -327.282306949409  1447.32741  779.598403743916          -1543.03046772312           -926.743933872904       643.54099
design2_rebuilt_mutated_A_132_GLU_relaxed.pdb  -327.230709176355  1403.27618  759.985770190743          -1520.39608447665           -933.946020017635       695.83238
design2_rebuilt_mutated_A_132_TRP_relaxed.pdb  -326.89996637579   1416.30065  772.603332808759          -1532.19333195434           -905.220639537444       888.42526
design1_rebuilt_mutated_A_26_PHE_relaxed.pdb   -326.774825391322  1265.79806  702.543570944489          -1431.86930496131           -699.741616190514       845.80892
design2_rebuilt_mutated_A_126_ILE_relaxed.pdb  -326.740982770095  1414.78734  769.607811129109          -1537.16961876969           -955.832535330137       705.78506
design2_rebuilt_mutated_A_101_THR_relaxed.pdb  -326.65945677542   1406.70386  767.553214834787          -1504.98769962599           -901.854929876623       705.53564
design2_rebuilt_mutated_A_31_ASP_relaxed.pdb   -326.455573814268  1400.40651  760.311073154803          -1525.62394216282           -938.996097386903       700.78803
design2_rebuilt_mutated_A_104_PRO_relaxed.pdb  -326.3372107372    1388.3741   754.581942925194          -1504.09738413504           -934.00239816943        695.79394
design2_rebuilt_mutated_A_102_THR_relaxed.pdb  -326.049662963724  1385.58551  751.446182480616          -1478.30048524562           -910.040860957344       691.27023
design2_rebuilt_mutated_A_71_LYS_relaxed.pdb   -325.709620848022  1396.25938  758.068490113262          -1548.25609874644           -911.863438187213       545.41028
design2_rebuilt_mutated_A_136_SER_relaxed.pdb  -325.569437981928  1383.31117  752.210474514015          -1477.30758572197           -893.280229263819       694.05953
design2_rebuilt_mutated_A_52_ASN_relaxed.pdb   -325.521698360444  1395.23103  751.926781029776          -1499.90715376984           -878.105796451514       547.84909
design2_rebuilt_mutated_A_132_THR_relaxed.pdb  -324.614444290171  1394.10547  758.666610272091          -1503.26137392112           -911.122303630228       701.00802
design2_rebuilt_mutated_A_62_PHE_relaxed.pdb   -324.607424222266  1448.78942  785.345340463686          -1553.7917005627            -950.716795437765       832.33207
design2_rebuilt_mutated_A_9_HIS_relaxed.pdb    -324.443667769665  1404.10629  761.562845298778          -1525.09200548088           -948.028198999534       705.03131
design2_rebuilt_mutated_A_84_ALA_relaxed.pdb   -324.432589630548  1389.50628  749.731398381419          -1511.60167615876           -937.331533403347       740.03775
design2_rebuilt_mutated_A_80_ILE_relaxed.pdb   -324.351383272977  1386.03736  748.80990639527           -1513.27065708269           -962.004569798198       693.10036
design2_rebuilt_mutated_A_101_ALA_relaxed.pdb  -324.283073260003  1409.02808  768.428244362992          -1492.73840286163           -900.861935833825       702.59884
design1_rebuilt_mutated_A_28_ARG_relaxed.pdb   -323.762359908899  1277.60205  694.439326836369          -1404.28670556115           -678.805509471562       889.80986
design2_rebuilt_mutated_A_77_CYS_relaxed.pdb   -323.498914049873  1407.12835  757.329682663196          -1532.45256965375           -980.707935305528       719.07059
design2_rebuilt_mutated_A_60_PRO_relaxed.pdb   -323.061682748555  1391.57223  756.449072461861          -1510.31685334128           -923.822779491475       669.38602
design2_rebuilt_mutated_A_76_MET_relaxed.pdb   -322.60747047203   1407.40862  761.164620176845          -1512.19613530279           -906.550567352604       753.83778
design2_rebuilt_mutated_A_75_PRO_relaxed.pdb   -322.579657353706  1388.41909  752.297509625238          -1482.67156432618           -886.57165978282        691.26534
design2_rebuilt_mutated_A_102_LEU_relaxed.pdb  -322.456190771403  1388.97191  756.889757936733          -1491.38805871478           -927.492437397525       694.34066
design2_rebuilt_mutated_A_132_GLY_relaxed.pdb  -322.455706626654  1395.58569  755.625456198594          -1507.04986497861           -904.693390597397       660.73931
design2_rebuilt_mutated_A_73_SER_relaxed.pdb   -322.363095290104  1399.4029   760.31122862355           -1506.37626575084           -946.57787141954        671.66596
design2_rebuilt_mutated_A_101_HIS_relaxed.pdb  -322.282066912093  1400.02555  760.018987536438          -1512.36698883202           -927.622955380168       697.25746
design2_rebuilt_mutated_A_164_VAL_relaxed.pdb  -322.086122296976  1393.47016  753.464946630001          -1505.90336322048           -944.207898266093       696.05372
design2_rebuilt_mutated_A_62_GLN_relaxed.pdb   -322.027194545617  1430.16762  779.046693633205          -1552.67390311067           -979.521121817169       775.39069
design2_rebuilt_mutated_A_49_ASP_relaxed.pdb   -321.903775228838  1393.93421  751.917504850297          -1496.35333650809           -911.979819999277       689.90718
design2_rebuilt_mutated_A_77_SER_relaxed.pdb   -321.764429980336  1406.25669  762.924171229102          -1505.95069741642           -917.718302756481       702.13426
design2_rebuilt_mutated_A_78_ASN_relaxed.pdb   -321.448747321311  1390.9432   753.672624012148          -1504.3389353939            -913.988620077628       695.50851
design2_rebuilt_mutated_A_134_ILE_relaxed.pdb  -321.088107819581  1376.67818  746.395792354421          -1488.42963818938           -899.129678040013       704.18166
design2_rebuilt_mutated_A_125_ASP_relaxed.pdb  -320.980804100595  1391.57869  755.331692785502          -1511.43123948718           -950.193094669435       751.22028
design1_rebuilt_mutated_A_58_PHE_relaxed.pdb   -320.715109297339  1248.84149  682.513723080045          -1315.71595102968           -619.126244315065       850.77974
design2_rebuilt_mutated_A_90_LEU_relaxed.pdb   -320.493411763668  1388.11859  753.142501201526          -1505.32353329511           -881.157675761682       794.54801
design2_rebuilt_mutated_A_84_ASN_relaxed.pdb   -320.409950201015  1391.63578  753.567769816416          -1505.78130857              -935.269969753854       695.63209
design2_rebuilt_mutated_A_44_GLU_relaxed.pdb   -320.195721380102  1406.0701   763.940402867122          -1521.2292622828            -941.0119558344         763.79018
design2_rebuilt_mutated_A_125_LEU_relaxed.pdb  -319.764988320689  1368.51827  741.604278224725          -1465.14238828121           -915.542934342629       671.19699
design2_rebuilt_mutated_A_101_CYS_relaxed.pdb  -319.40613686648   1402.95993  761.995685636541          -1498.22073043138           -916.202005172278       700.83577
design2_rebuilt_mutated_A_134_MET_relaxed.pdb  -319.386769215432  1401.26787  755.206583152997          -1518.03543858251           -942.115118512239       655.73031
design2_rebuilt_mutated_A_71_ALA_relaxed.pdb   -319.175683045633  1390.10834  753.354723817092          -1498.80292052383           -875.678907842898       571.49499
design2_rebuilt_mutated_A_129_PRO_relaxed.pdb  -319.118140963451  1403.54516  763.306373022571          -1505.09547359947           -902.685812233143       662.1246
design2_rebuilt_mutated_A_129_THR_relaxed.pdb  -319.064909414183  1383.15255  752.491646668858          -1483.47633161308           -885.011774637207       662.52742
design2_rebuilt_mutated_A_44_GLN_relaxed.pdb   -318.774785851815  1390.87792  753.314735468409          -1501.83562134778           -918.551189828239       696.14714
design2_rebuilt_mutated_A_44_VAL_relaxed.pdb   -318.643086195469  1404.86511  759.546510499442          -1515.46476580315           -953.358245102704       764.98914
design2_rebuilt_mutated_A_33_GLN_relaxed.pdb   -318.610694817761  1405.81797  756.974223195517          -1512.80362811691           -909.411612694259       689.13066
design2_rebuilt_mutated_A_88_ASN_relaxed.pdb   -318.441502521997  1406.74354  764.228087254777          -1513.90214228733           -909.976060658124       701.23823
design2_rebuilt_mutated_A_88_LEU_relaxed.pdb   -318.363551792099  1411.76179  762.820099091125          -1503.33924243218           -898.298940405524       629.79657
design2_rebuilt_mutated_A_136_GLY_relaxed.pdb  -318.216305483917  1392.13349  754.60014668682           -1483.15942100906           -899.682189918485       693.58539
design2_rebuilt_mutated_A_9_LYS_relaxed.pdb    -318.210592118095  1410.11145  762.25579354841           -1519.93717977292           -945.349492950887       715.48654
design2_rebuilt_mutated_A_62_HIS_relaxed.pdb   -318.094809983652  1401.1241   757.780200011868          -1523.23512241307           -939.624032919736       696.53809
design2_rebuilt_mutated_A_62_ASN_relaxed.pdb   -317.998538889215  1413.56908  760.758068216289          -1520.369898177             -928.060461897945       690.78256
design2_rebuilt_mutated_A_78_VAL_relaxed.pdb   -317.8213555181    1389.76265  748.365325328733          -1496.56358300303           -934.615336063691       712.64177
design2_rebuilt_mutated_A_64_ALA_relaxed.pdb   -317.771456199985  1422.99169  769.949382597328          -1532.73044479888           -958.786342745959       675.29543
design2_rebuilt_mutated_A_164_GLU_relaxed.pdb  -317.769798860003  1390.07875  751.512236062164          -1501.69897334482           -928.704521032771       698.26027
design2_rebuilt_mutated_A_101_GLU_relaxed.pdb  -317.661234491667  1406.16392  762.264163943447          -1505.39882992196           -924.274971982271       699.6937
design2_rebuilt_mutated_A_104_CYS_relaxed.pdb  -317.557766051504  1409.92085  763.397424140511          -1528.86043840704           -932.827613213904       708.09527
design2_rebuilt_mutated_A_127_GLN_relaxed.pdb  -317.314745492193  1398.83339  758.287106880181          -1502.27957440983           -917.335994999868       723.59417
design2_rebuilt_mutated_A_78_GLU_relaxed.pdb   -317.167113916303  1390.35286  753.110994303731          -1494.55692862111           -912.205981324203       693.70346
design2_rebuilt_mutated_A_62_ALA_relaxed.pdb   -317.135729827048  1403.70927  756.331303959745          -1514.82197665524           -927.590124833224       698.23147
design2_rebuilt_mutated_A_102_PRO_relaxed.pdb  -316.389465839276  1394.35444  755.825517910358          -1486.01128607043           -896.804516188766       694.43792
design2_rebuilt_mutated_A_44_LEU_relaxed.pdb   -316.373376107819  1405.86785  765.000485087846          -1528.58274868573           -960.311564996156       795.82103
design2_rebuilt_mutated_A_75_GLY_relaxed.pdb   -316.261359735451  1385.35325  750.647726360104          -1487.46026580832           -877.641164549903       615.35682
design2_rebuilt_mutated_A_70_HIS_relaxed.pdb   -315.673714801706  1374.68479  745.58352193712           -1445.72700065974           -823.218906587838       550.17837
design2_rebuilt_mutated_A_86_ILE_relaxed.pdb   -315.339984353601  1382.36097  751.050855008983          -1492.4972853053            -875.874078522643       701.1946
design2_rebuilt_mutated_A_129_PHE_relaxed.pdb  -315.275187627644  1420.99667  771.757458563198          -1534.68489551863           -955.902003256287       665.78248
design2_rebuilt_mutated_A_52_PHE_relaxed.pdb   -315.223617686357  1394.60037  755.968252613145          -1494.30596966354           -892.576477235616       694.02521
design2_rebuilt_mutated_A_62_TRP_relaxed.pdb   -314.997365265005  1460.12018  785.742789357495          -1572.69182929139           -937.348923495703       874.88338
design2_rebuilt_mutated_A_84_CYS_relaxed.pdb   -313.160976156619  1400.012    752.993742719284          -1506.19657200273           -925.18030223508        699.30389
design2_rebuilt_mutated_A_125_LYS_relaxed.pdb  -312.939884310187  1411.79781  760.608559330358          -1484.05190903642           -877.497182555162       701.69531
design2_rebuilt_mutated_A_71_MET_relaxed.pdb   -312.918733103382  1412.08506  762.83786953116           -1499.40067125086           -869.556401466575       723.51674
design2_rebuilt_mutated_A_134_VAL_relaxed.pdb  -312.725718658691  1364.61896  737.834460561733          -1469.21667000742           -893.279208134934       683.95674
design2_rebuilt_mutated_A_71_GLY_relaxed.pdb   -312.688285287034  1392.38034  753.301467097818          -1501.37406861124           -867.296569075021       865.14379
design2_rebuilt_mutated_A_35_ILE_relaxed.pdb   -312.636583723936  1414.91692  763.914576004157          -1516.24966389968           -926.072076756271       674.75703
design2_rebuilt_mutated_A_44_ASN_relaxed.pdb   -312.594265045546  1389.38292  750.440889129898          -1498.97437196882           -920.132430596165       694.15221
design2_rebuilt_mutated_A_127_CYS_relaxed.pdb  -312.298030678571  1385.41995  755.28520691653           -1472.38327349181           -897.936993374178       692.06118
design2_rebuilt_mutated_A_72_LEU_relaxed.pdb   -312.015873238739  1377.55177  745.269965333809          -1469.95937454572           -777.87184259963        760.46664
design2_rebuilt_mutated_A_31_HIS_relaxed.pdb   -311.867585536942  1389.29699  749.378127302391          -1500.05107121787           -929.804629209689       731.6983
design2_rebuilt_mutated_A_45_LYS_relaxed.pdb   -311.801365582053  1396.99465  753.382517720304          -1500.49508740381           -930.766200382407       696.4438
design2_rebuilt_mutated_A_125_GLY_relaxed.pdb  -311.690485601265  1394.1217   754.31403080907           -1479.39783976476           -866.401082582782       681.21655
design2_rebuilt_mutated_A_127_TRP_relaxed.pdb  -311.505043598456  1427.09855  776.492140854487          -1549.89589763932           -943.954601692696       683.9429
design2_rebuilt_mutated_A_77_PRO_relaxed.pdb   -311.483699659894  1399.05553  759.857157126691          -1497.080529104             -898.991305618276       815.08008
design2_rebuilt_mutated_A_132_MET_relaxed.pdb  -311.216300579468  1412.86376  760.470583324017          -1508.90267436393           -930.257948655048       707.64883
design2_rebuilt_mutated_A_132_GLN_relaxed.pdb  -311.101509740479  1407.22973  761.252555404482          -1525.47671879467           -955.124123384838       764.39651
design2_rebuilt_mutated_A_80_PRO_relaxed.pdb   -310.891027677954  1365.25395  740.024810417305          -1467.49774324926           -878.371919082994       708.32513
design2_rebuilt_mutated_A_84_MET_relaxed.pdb   -310.858570686853  1405.60533  760.769132202763          -1512.55508924286           -913.811374645517       699.16643
design2_rebuilt_mutated_A_102_PHE_relaxed.pdb  -310.704809262672  1397.75812  764.693551058006          -1519.21764803631           -951.855576630427       688.1118
design2_rebuilt_mutated_A_88_TRP_relaxed.pdb   -310.054783179736  1363.91592  744.975717572637          -1467.38377304361           -847.96632285575        757.77233
design2_rebuilt_mutated_A_35_VAL_relaxed.pdb   -309.831183717982  1383.91618  745.139365534368          -1484.20019272684           -894.977440942865       674.32613
design2_rebuilt_mutated_A_88_PHE_relaxed.pdb   -309.805925532115  1370.72688  743.700083902206          -1454.99402998952           -822.734354303113       800.83194
design2_rebuilt_mutated_A_46_ASP_relaxed.pdb   -309.558494462574  1382.58337  746.610316616006          -1491.41713158559           -920.945004515208       696.58767
design2_rebuilt_mutated_A_164_ASN_relaxed.pdb  -309.486770888688  1383.44891  747.755575410759          -1494.8125408277            -918.079649284586       693.87331
design2_rebuilt_mutated_A_134_GLN_relaxed.pdb  -309.441480253649  1383.32463  745.802158349861          -1499.91003461786           -929.925778311016       676.30882
design2_rebuilt_mutated_A_78_THR_relaxed.pdb   -309.321859996264  1382.93457  748.084640339562          -1483.51491879898           -907.772685135946       698.95011
design2_rebuilt_mutated_A_136_GLU_relaxed.pdb  -309.04625443587   1401.33434  755.093128520388          -1500.66506111711           -916.278010215907       682.11418
design2_rebuilt_mutated_A_78_ALA_relaxed.pdb   -308.786586992604  1389.52461  746.076088363327          -1491.51437169694           -914.047963641048       769.65537
design2_rebuilt_mutated_A_164_SER_relaxed.pdb  -308.589994298305  1388.01472  750.508490271295          -1488.58868510429           -921.617961538782       696.39461
design2_rebuilt_mutated_A_73_PHE_relaxed.pdb   -308.209860649073  1406.08055  758.696621165152          -1515.52849332302           -940.59179204897        647.14409
design2_rebuilt_mutated_A_125_MET_relaxed.pdb  -307.985074328614  1382.49198  751.929964256156          -1462.27348898133           -866.342998187957       684.88324
design2_rebuilt_mutated_A_163_ALA_relaxed.pdb  -307.77170562937   1405.0373   758.764366000442          -1505.40879302079           -930.988472352276       702.9594
design2_rebuilt_mutated_A_102_ASP_relaxed.pdb  -307.397863213382  1382.62393  754.493569781186          -1471.57799037771           -891.467042559613       761.40444
design2_rebuilt_mutated_A_129_SER_relaxed.pdb  -307.013760823555  1388.82554  750.426427917149          -1481.77536912715           -895.859688876726       658.67445
design2_rebuilt_mutated_A_79_SER_relaxed.pdb   -306.656266317117  1383.88483  749.411675465354          -1491.11407242556           -894.482845396724       710.17741
design2_rebuilt_mutated_A_132_ALA_relaxed.pdb  -306.560465260117  1403.21592  761.80428947772           -1499.1136962035            -889.901109242552       701.34386
design2_rebuilt_mutated_A_75_TRP_relaxed.pdb   -306.426033304325  1429.00965  770.313980108976          -1535.84726476504           -948.229806908818       710.55073
design2_rebuilt_mutated_A_102_GLN_relaxed.pdb  -306.00262444138   1390.00917  755.571723031253          -1468.7017922067            -869.46478039485        693.83508
design2_rebuilt_mutated_A_44_CYS_relaxed.pdb   -305.904374143262  1395.19912  752.092564464559          -1494.55421701127           -897.161540009409       692.27189
design2_rebuilt_mutated_A_164_THR_relaxed.pdb  -305.757305668743  1393.42147  749.673303302718          -1499.0341113437            -941.469486590012       678.77723
design2_rebuilt_mutated_A_73_ALA_relaxed.pdb   -305.721122030097  1398.6464   752.769811998235          -1477.09525475002           -914.297410453907       640.14475
design2_rebuilt_mutated_A_62_VAL_relaxed.pdb   -305.58906611271   1395.10002  753.402192737954          -1498.674194933             -926.709579002756       695.89896
design2_rebuilt_mutated_A_127_GLU_relaxed.pdb  -305.388305469436  1394.93835  759.561479895777          -1492.82775924668           -890.354882081612       700.41037
design2_rebuilt_mutated_A_33_HIS_relaxed.pdb   -305.275243665747  1392.13708  751.857370705134          -1478.75916447681           -870.428108962602       707.73861
design2_rebuilt_mutated_A_164_CYS_relaxed.pdb  -305.247557822136  1400.67813  758.422787037083          -1510.30176247158           -919.092890350143       663.90544
design2_rebuilt_mutated_A_132_VAL_relaxed.pdb  -304.105508091688  1408.95135  759.290621919306          -1506.86913365237           -922.616258779033       693.94514
design2_rebuilt_mutated_A_163_THR_relaxed.pdb  -303.968229209037  1396.15817  752.752760618693          -1499.05796487705           -921.518484262784       695.95551
design2_rebuilt_mutated_A_31_PRO_relaxed.pdb   -303.895977586324  1391.6058   751.625388647604          -1493.08315846667           -910.062985201154       683.33531
design2_rebuilt_mutated_A_86_CYS_relaxed.pdb   -303.221898980279  1389.19832  750.33190211246           -1465.75046674205           -859.029630473915       687.94187
design2_rebuilt_mutated_A_125_CYS_relaxed.pdb  -302.90796356987   1393.99686  752.954142057682          -1479.13688804633           -884.854699497834       690.45206
design2_rebuilt_mutated_A_48_GLN_relaxed.pdb   -302.587717408924  1392.25052  750.288974940081          -1513.01895523199           -957.123362575302       762.48133
design2_rebuilt_mutated_A_75_ILE_relaxed.pdb   -302.344825437484  1394.80081  753.397495448717          -1502.27924408765           -925.60357754244        698.82007
design2_rebuilt_mutated_A_49_PRO_relaxed.pdb   -302.041919464592  1401.63341  754.884471957648          -1531.40575308435           -956.111359495095       701.74363
design2_rebuilt_mutated_A_64_SER_relaxed.pdb   -302.0270472294    1417.51095  765.905810138135          -1514.96722648654           -911.012216111341       670.87042
design2_rebuilt_mutated_A_80_SER_relaxed.pdb   -301.496313340593  1370.99723  742.543562179777          -1471.16031623678           -896.512812019522       698.1359
design2_rebuilt_mutated_A_90_ARG_relaxed.pdb   -301.389399390438  1382.90962  747.999891725436          -1490.44938634233           -878.994921562631       799.88776
design2_rebuilt_mutated_A_86_SER_relaxed.pdb   -301.262793190655  1399.9941   757.931478750724          -1479.18319237506           -867.047943402008       691.99224
design2_rebuilt_mutated_A_136_VAL_relaxed.pdb  -300.136552282736  1384.05157  747.756987728561          -1476.41445631477           -885.931137526377       725.3946
design1_rebuilt_mutated_A_52_GLU_relaxed.pdb   -299.326428622634  1245.67969  686.486763571421          -1273.43952252005           -597.791492023265       833.85959
design2_rebuilt_mutated_A_63_ALA_relaxed.pdb   -299.256709272897  1396.37329  754.168598588216          -1487.57629246781           -902.783747735022       728.60805
design2_rebuilt_mutated_A_84_THR_relaxed.pdb   -298.892113786608  1396.20039  751.987766162924          -1478.7113028361            -914.976778264426       699.94219
design2_rebuilt_mutated_A_163_GLU_relaxed.pdb  -298.327967470684  1399.05275  753.079163205557          -1500.56009660156           -930.807899601362       695.09044
design2_rebuilt_mutated_A_79_GLU_relaxed.pdb   -298.31248897776   1395.77019  753.331268256438          -1496.53949833675           -924.849899159255       768.32608
design2_rebuilt_mutated_A_86_LYS_relaxed.pdb   -298.04512012581   1398.54447  751.854615440504          -1489.50392292484           -911.79757713804        703.12348
design2_rebuilt_mutated_A_79_CYS_relaxed.pdb   -297.995482869295  1396.89905  753.827200351998          -1492.63958621548           -918.640062887065       697.32556
design2_rebuilt_mutated_A_90_PRO_relaxed.pdb   -297.460037646957  1377.24625  747.50073911547           -1457.01953197554           -873.381389097186       660.00836
design2_rebuilt_mutated_A_80_ALA_relaxed.pdb   -296.898663308145  1372.34029  741.695060603975          -1472.63158444233           -911.913674556668       695.8504
design2_rebuilt_mutated_A_77_THR_relaxed.pdb   -296.773542447774  1391.35618  746.917326731033          -1483.5447304636            -898.809612030438       692.2939
design2_rebuilt_mutated_A_70_TRP_relaxed.pdb   -296.727056465051  1379.55043  748.650060781615          -1453.47935167712           -854.282570997317       632.28572
design2_rebuilt_mutated_A_129_ASN_relaxed.pdb  -296.165553953893  1379.69999  746.105554687793          -1471.35066037044           -887.027946039833       726.41683
design2_rebuilt_mutated_A_80_MET_relaxed.pdb   -295.38184389423   1379.83123  743.208664328141          -1503.05462255704           -944.057701671816       694.3632
design2_rebuilt_mutated_A_33_THR_relaxed.pdb   -294.879512253457  1383.81599  746.346311927514          -1466.45397101518           -852.592005109157       773.58562
design2_rebuilt_mutated_A_134_PRO_relaxed.pdb  -294.857368191217  1391.71085  750.787309066754          -1473.3317622223            -837.511570621075       772.70552
design1_rebuilt_mutated_A_102_THR_relaxed.pdb  -294.687842725006  1221.82346  661.992817851531          -1318.46097602027           -646.13707817873        783.28993
design2_rebuilt_mutated_A_70_PHE_relaxed.pdb   -294.613492705404  1379.13688  749.797923149723          -1451.01419863105           -843.367569729302       632.67801
design2_rebuilt_mutated_A_79_LYS_relaxed.pdb   -294.315196438385  1383.98539  752.259699477577          -1481.99040705689           -912.61064456675        693.10146
design2_rebuilt_mutated_A_73_GLU_relaxed.pdb   -293.56625362785   1403.6912   751.678516282264          -1498.53478431249           -902.010836974163       587.486
design2_rebuilt_mutated_A_48_GLY_relaxed.pdb   -293.391124527207  1382.85144  745.36343919319           -1489.22104639984           -910.201299758293       659.64113
design2_rebuilt_mutated_A_72_PHE_relaxed.pdb   -291.886373310131  1386.13566  748.51015190005           -1473.88568043999           -822.255742668294       800.03217
design2_rebuilt_mutated_A_44_HIS_relaxed.pdb   -291.601351623103  1396.45809  751.268957735458          -1480.03359732684           -904.471107839017       695.0329
design2_rebuilt_mutated_A_89_HIS_relaxed.pdb   -291.540432079782  1403.14374  752.826369459283          -1498.77598569175           -916.185056907946       695.00966
design2_rebuilt_mutated_A_31_TRP_relaxed.pdb   -290.62957658334   1393.78039  746.73683201626           -1493.85535662764           -857.665992574933       600.84191
design2_rebuilt_mutated_A_62_THR_relaxed.pdb   -289.704865680724  1398.91853  753.268273374113          -1508.37236275668           -930.818395631053       751.83449
design2_rebuilt_mutated_A_78_LYS_relaxed.pdb   -289.504599393422  1389.4042   744.068427122643          -1487.40072948374           -915.892587572877       698.17964
design2_rebuilt_mutated_A_100_PHE_relaxed.pdb  -289.485768170293  1389.37868  752.146785832873          -1499.11767820245           -839.992558302793       711.2372
design2_rebuilt_mutated_A_35_PRO_relaxed.pdb   -288.985734437798  1396.95383  752.995140673038          -1499.06283766727           -929.059392807815       754.26087
design2_rebuilt_mutated_A_64_ASN_relaxed.pdb   -288.467476152657  1433.94335  768.354974557809          -1517.91789765518           -936.521122018944       694.70207
design1_rebuilt_mutated_A_52_ARG_relaxed.pdb   -287.815341687579  1243.04901  681.798776963539          -1281.03883809488           -589.230835557309       855.88609
design2_rebuilt_mutated_A_60_SER_relaxed.pdb   -287.473617332715  1389.82323  743.812175994697          -1468.1949205977            -852.864222751051       624.71536
design2_rebuilt_mutated_A_125_GLN_relaxed.pdb  -287.233515541841  1370.99547  741.960965587511          -1441.37894349621           -856.387960475745       681.90175
design2_rebuilt_mutated_A_78_ASP_relaxed.pdb   -287.079715213699  1394.9446   747.960223470081          -1481.52028872205           -910.166094964464       694.58584
design2_rebuilt_mutated_A_74_MET_relaxed.pdb   -287.041224757428  1384.0087   752.454147000425          -1436.322865953             -805.946046011302       704.10569
design2_rebuilt_mutated_A_126_LYS_relaxed.pdb  -286.198833111728  1393.3843   750.155231718582          -1464.95114015693           -890.64079898146        695.26646
design2_rebuilt_mutated_A_132_ARG_relaxed.pdb  -286.113982332663  1402.47582  755.365191669853          -1489.6338704732            -903.820528201533       706.73486
design2_rebuilt_mutated_A_80_THR_relaxed.pdb   -285.99674010956   1381.02982  741.000916866982          -1467.16211065829           -880.205717949761       677.25264
design2_rebuilt_mutated_A_33_TYR_relaxed.pdb   -285.776971435266  1390.13305  745.138645562173          -1478.53851338251           -873.240789910784       700.68896
design2_rebuilt_mutated_A_90_LYS_relaxed.pdb   -285.261497622987  1393.18061  757.191310881947          -1493.27186367888           -898.054950415929       845.76234
design2_rebuilt_mutated_A_72_TYR_relaxed.pdb   -284.977126586774  1379.32191  738.800079575744          -1454.20107207812           -797.994722632937       661.80199
design2_rebuilt_mutated_A_72_THR_relaxed.pdb   -284.880415003017  1368.77313  732.852696710136          -1457.30522396008           -820.206211876029       686.39152
design2_rebuilt_mutated_A_75_CYS_relaxed.pdb   -284.517591174122  1395.12263  750.0327275071            -1466.50331849847           -879.594263063012       692.63658
design2_rebuilt_mutated_A_76_ALA_relaxed.pdb   -284.125873404668  1394.4762   747.109151286258          -1484.83372764898           -889.058747817378       657.8501
design2_rebuilt_mutated_A_52_GLN_relaxed.pdb   -283.187594792036  1403.64908  747.898347208413          -1504.9975785284            -883.693276701385       569.68952
design2_rebuilt_mutated_A_71_THR_relaxed.pdb   -282.586935385709  1393.68966  748.535788661442          -1483.47794104213           -903.336300042272       702.77079
design2_rebuilt_mutated_A_73_MET_relaxed.pdb   -282.221802000452  1407.92644  755.996791320802          -1497.9203155891            -909.319329697074       653.46273
design2_rebuilt_mutated_A_80_PHE_relaxed.pdb   -282.09911080451   1427.16898  762.54381113629           -1528.09756513534           -967.527788882917       693.80173
design2_rebuilt_mutated_A_101_GLY_relaxed.pdb  -281.359709028371  1395.56323  747.774855742161          -1466.86741191003           -886.849804462766       697.1487
design2_rebuilt_mutated_A_75_SER_relaxed.pdb   -281.218789189239  1399.26109  752.742158051253          -1471.5777015252            -874.233633114556       695.14543
design2_rebuilt_mutated_A_33_GLY_relaxed.pdb   -281.026663025229  1387.7041   742.668743840148          -1466.26271077834           -856.601269132034       600.34076
design2_rebuilt_mutated_A_31_ILE_relaxed.pdb   -280.854899158327  1405.43129  753.112861880733          -1489.86932614118           -883.828231545442       681.43602
design2_rebuilt_mutated_A_102_GLU_relaxed.pdb  -280.684388535998  1385.57989  749.786540240123          -1447.46601798377           -858.181706539176       699.79248
design2_rebuilt_mutated_A_33_MET_relaxed.pdb   -280.34156378267   1397.49106  747.038828759766          -1482.31038675654           -874.616352998444       696.84651
design2_rebuilt_mutated_A_134_LYS_relaxed.pdb  -279.818104312503  1417.8041   751.781997714083          -1517.66821264682           -904.236681404913       675.0996
design2_rebuilt_mutated_A_102_ASN_relaxed.pdb  -279.537386841657  1385.59203  748.794924612675          -1463.33768326696           -850.944171216345       674.74404
design2_rebuilt_mutated_A_163_TYR_relaxed.pdb  -279.220499758343  1406.83649  753.33638110428           -1512.39679479993           -936.360060941266       693.84537
design2_rebuilt_mutated_A_90_SER_relaxed.pdb   -278.537306845726  1381.5756   743.229443835174          -1472.03158841186           -882.729646831006       651.71585
design2_rebuilt_mutated_A_76_GLY_relaxed.pdb   -277.805792650029  1382.23747  744.975010793813          -1453.59545090779           -846.100927023004       749.49639
design2_rebuilt_mutated_A_52_HIS_relaxed.pdb   -277.527242194003  1396.33639  744.381288748607          -1476.32236271164           -863.769629172723       603.07254
design2_rebuilt_mutated_A_88_THR_relaxed.pdb   -276.895921619843  1391.80897  747.37451207708           -1458.22864524493           -876.645075914712       692.31649
design2_rebuilt_mutated_A_86_GLU_relaxed.pdb   -276.578627013354  1401.65584  755.182101418525          -1486.04250991682           -909.695175883461       761.37504
design2_rebuilt_mutated_A_100_VAL_relaxed.pdb  -276.414822414402  1394.60051  742.988649005193          -1501.27046311767           -917.245258527959       642.46768
design2_rebuilt_mutated_A_164_PRO_relaxed.pdb  -276.228409633438  1394.60615  746.728562572775          -1492.99229306504           -919.16444895552        696.30324
design2_rebuilt_mutated_A_76_GLU_relaxed.pdb   -276.049167428727  1400.53166  757.523912696108          -1461.15809425765           -855.939180441106       702.17005
design2_rebuilt_mutated_A_64_ASP_relaxed.pdb   -275.043898182765  1441.47698  769.430730185867          -1522.82795123445           -920.934025102856       677.2161
design2_rebuilt_mutated_A_129_LYS_relaxed.pdb  -275.019699511013  1395.65641  753.353089229169          -1482.07986760851           -874.602355003467       665.77883
design2_rebuilt_mutated_A_163_ARG_relaxed.pdb  -274.800800641611  1415.30998  757.072479303368          -1498.76615004396           -902.514806404982       694.03664
design2_rebuilt_mutated_A_101_VAL_relaxed.pdb  -273.458227928148  1388.41083  745.061983646969          -1466.0068462934            -891.744387065987       694.76729
design2_rebuilt_mutated_A_127_SER_relaxed.pdb  -272.885063283201  1392.77797  745.426332025764          -1464.82580793409           -897.617909013486       697.7189
design2_rebuilt_mutated_A_89_PRO_relaxed.pdb   -272.663768203732  1398.56928  750.359069561861          -1462.51228769208           -878.640946507416       700.36386
design2_rebuilt_mutated_A_49_LYS_relaxed.pdb   -272.141316490235  1395.34144  744.964496138081          -1472.22031092809           -870.626820541651       701.10512
design2_rebuilt_mutated_A_125_SER_relaxed.pdb  -271.903009143344  1396.59958  747.974587181685          -1470.78177855409           -876.306275678371       692.03302
design2_rebuilt_mutated_A_49_ARG_relaxed.pdb   -270.757761404174  1393.25385  744.782564816021          -1485.63004479271           -905.399819466242       620.78617
design2_rebuilt_mutated_A_77_ARG_relaxed.pdb   -270.629769184699  1414.13626  758.893301395707          -1504.77844655147           -896.50442130351        617.27455
design2_rebuilt_mutated_A_80_ASN_relaxed.pdb   -270.405432279889  1390.96194  747.430692242595          -1482.2239426874            -901.809873836246       698.40907
design2_rebuilt_mutated_A_64_GLU_relaxed.pdb   -269.491766987672  1451.17202  775.622682357624          -1547.11654036256           -950.059363852175       665.04279
design2_rebuilt_mutated_A_75_PHE_relaxed.pdb   -269.393069270498  1390.91523  741.95732134997           -1475.91583875755           -885.425282686635       733.33239
design2_rebuilt_mutated_A_102_ARG_relaxed.pdb  -269.239651334899  1417.19423  761.281661039857          -1485.05665327941           -856.403136644529       691.62605
design2_rebuilt_mutated_A_80_GLU_relaxed.pdb   -268.174823112959  1377.08499  739.765191198854          -1472.1600924225            -891.377772974335       699.08529
design2_rebuilt_mutated_A_73_CYS_relaxed.pdb   -266.83815209381   1401.12044  747.763345945406          -1462.00154000487           -896.015589299918       622.42167
design2_rebuilt_mutated_A_64_CYS_relaxed.pdb   -265.754329877736  1416.69026  756.492943615377          -1497.48646102669           -933.236958642229       606.61504
design2_rebuilt_mutated_A_129_LEU_relaxed.pdb  -263.383592577501  1386.48554  741.49471405388           -1479.3204267437            -907.349778129899       661.2749
design2_rebuilt_mutated_A_76_SER_relaxed.pdb   -263.184795292276  1389.53738  740.562179849278          -1460.49078653317           -859.696407941361       711.53239
design2_rebuilt_mutated_A_77_ILE_relaxed.pdb   -262.414157719521  1399.66497  745.948642379901          -1491.80858885365           -936.542614034655       680.64425
design2_rebuilt_mutated_A_89_ASN_relaxed.pdb   -259.592490034729  1394.77281  745.628157187029          -1449.69971834723           -841.99626266841        661.77248
design2_rebuilt_mutated_A_90_CYS_relaxed.pdb   -258.548679979595  1385.87152  744.257191866836          -1466.74231438117           -863.185223872432       685.80436
design2_rebuilt_mutated_A_79_THR_relaxed.pdb   -257.884657650078  1395.27452  744.121911773889          -1468.39862691112           -890.663805424988       696.01533
design2_rebuilt_mutated_A_86_PRO_relaxed.pdb   -255.214826838065  1399.73193  748.228152689781          -1450.51828735426           -843.922584943261       681.87246
design2_rebuilt_mutated_A_88_GLU_relaxed.pdb   -255.182995494373  1411.12509  761.384472663276          -1440.04436885546           -790.021184270164       692.65369
design1_rebuilt_mutated_A_228_ILE_relaxed.pdb  -251.81884741802   1282.98314  686.126354503352          -1319.23786187551           -672.008692577424       904.54024
design2_rebuilt_mutated_A_72_HIS_relaxed.pdb   -251.586249422368  1381.44471  737.121585112979          -1471.67070206803           -840.992975201643       704.88632
design2_rebuilt_mutated_A_80_LYS_relaxed.pdb   -251.019442796934  1409.95289  753.028029615299          -1493.90287227542           -915.122910304406       713.49051
design2_rebuilt_mutated_A_77_VAL_relaxed.pdb   -250.909955329599  1388.89825  737.004404707762          -1482.66287310079           -913.236325243532       699.25462
design2_rebuilt_mutated_A_163_LYS_relaxed.pdb  -250.524482935283  1420.22914  753.689447181166          -1497.63393840455           -910.824636041482       697.12133
design2_rebuilt_mutated_A_163_PRO_relaxed.pdb  -249.075048479087  1395.39336  743.667777256195          -1467.00783212959           -894.353340537073       694.18882
design2_rebuilt_mutated_A_127_PHE_relaxed.pdb  -248.770874823798  1358.5803   723.644077617515          -1429.19903669517           -882.718252526024       699.5662
design2_rebuilt_mutated_A_35_SER_relaxed.pdb   -248.381105104437  1401.07184  743.696539312414          -1473.08656511393           -917.16171228368        703.77686
design2_rebuilt_mutated_A_86_ALA_relaxed.pdb   -248.322430463852  1386.97582  740.183828177491          -1430.09961207572           -839.295614524111       682.92941
design2_rebuilt_mutated_A_72_LYS_relaxed.pdb   -247.80484688809   1390.3337   738.039322967783          -1463.69621046088           -791.180250996445       848.11475
design2_rebuilt_mutated_A_164_LYS_relaxed.pdb  -247.676094895021  1399.18183  741.508567676884          -1489.2519132099            -919.593587919201       693.77294
design2_rebuilt_mutated_A_102_CYS_relaxed.pdb  -246.70599079287   1388.39284  742.751656357278          -1424.53960481799           -829.973471283654       685.16352
design2_rebuilt_mutated_A_129_GLN_relaxed.pdb  -246.096501680953  1384.69845  740.386511782867          -1449.19718576643           -870.527017776838       715.91024
design2_rebuilt_mutated_A_164_ARG_relaxed.pdb  -245.858513345706  1392.71166  743.392406816803          -1471.91255457963           -888.694933129329       679.17508
design2_rebuilt_mutated_A_164_LEU_relaxed.pdb  -245.430048686559  1396.42168  738.569911248645          -1487.86140889952           -944.923539261992       690.8407
design2_rebuilt_mutated_A_127_LEU_relaxed.pdb  -245.324777702871  1376.76671  733.904266165943          -1445.26993602924           -862.803469695893       644.77811
design2_rebuilt_mutated_A_163_ASN_relaxed.pdb  -243.85379172999   1382.58055  736.270200315943          -1451.10900283623           -890.555742833785       676.63149
design2_rebuilt_mutated_A_52_LYS_relaxed.pdb   -243.40884023505   1383.00388  730.351650648834          -1459.6409990622            -868.369356177372       715.56142
design2_rebuilt_mutated_A_102_MET_relaxed.pdb  -243.328290626025  1379.75129  739.148760380411          -1428.73946226235           -836.672738993721       681.84177
design2_rebuilt_mutated_A_52_ASP_relaxed.pdb   -242.002606934397  1394.31818  736.959073536009          -1474.83355417838           -886.151586886938       587.4151
design1_rebuilt_mutated_A_52_ILE_relaxed.pdb   -241.604375667456  1243.36773  675.153646238936          -1242.76023077391           -516.232154673514       856.28628
design2_rebuilt_mutated_A_52_ILE_relaxed.pdb   -241.428823608835  1399.67907  739.895497868577          -1468.40874146085           -877.528273735836       632.07185
design2_rebuilt_mutated_A_100_SER_relaxed.pdb  -240.000123604178  1371.78452  731.99808402892           -1430.31836494468           -838.95886557702        625.67235
design2_rebuilt_mutated_A_102_ILE_relaxed.pdb  -239.949270155229  1399.73736  746.042223436908          -1460.2996624362            -882.713686187046       703.56212
design2_rebuilt_mutated_A_52_THR_relaxed.pdb   -239.496970963651  1388.86904  735.387427675183          -1432.61479352968           -831.034172112096       569.27309
design2_rebuilt_mutated_A_127_PRO_relaxed.pdb  -239.437442665755  1363.27048  733.574160138228          -1403.14146146334           -818.026726303267       707.94291
design2_rebuilt_mutated_A_77_GLU_relaxed.pdb   -239.002069208819  1403.65582  747.800022699273          -1472.17656009082           -865.395851690246       659.69649
design2_rebuilt_mutated_A_88_ILE_relaxed.pdb   -238.730924041537  1397.93481  745.527229354539          -1462.99854819055           -872.365935544604       698.54873
design2_rebuilt_mutated_A_72_ARG_relaxed.pdb   -238.374109081674  1395.11553  749.86205732255           -1446.65430986704           -793.304724586975       893.57554
design2_rebuilt_mutated_A_52_PRO_relaxed.pdb   -237.48033952261   1389.25611  733.719871241233          -1447.3752164942            -876.496392314772       593.70369
design2_rebuilt_mutated_A_79_VAL_relaxed.pdb   -235.799708713921  1392.77683  738.875480157484          -1462.31732482397           -883.740960772568       695.90439
design2_rebuilt_mutated_A_89_VAL_relaxed.pdb   -235.202473517657  1396.58868  742.145189581783          -1460.3199874181            -888.020971856485       695.08625
design2_rebuilt_mutated_A_100_GLY_relaxed.pdb  -234.808073098773  1360.26508  722.005626312704          -1422.47084556139           -842.800506543046       653.82234
design2_rebuilt_mutated_A_62_MET_relaxed.pdb   -234.236509096624  1431.49049  756.389237531965          -1504.27753307752           -920.060594362911       587.34216
design2_rebuilt_mutated_A_86_GLY_relaxed.pdb   -233.488545790978  1391.83797  743.043484426559          -1421.25736804194           -803.116592100988       603.41714
design2_rebuilt_mutated_A_62_ASP_relaxed.pdb   -233.196753234095  1417.67048  751.120198069241          -1465.96948338239           -838.434797428206       562.78182
design2_rebuilt_mutated_A_80_ARG_relaxed.pdb   -232.356853517075  1410.57709  748.301605946312          -1487.46905135856           -924.842228169025       692.94376
design2_rebuilt_mutated_A_84_PRO_relaxed.pdb   -232.101396840671  1381.41132  733.242243056603          -1441.8472114451            -884.012237751565       708.23261
design2_rebuilt_mutated_A_73_ASP_relaxed.pdb   -230.054904221798  1418.60816  750.956564103714          -1458.58398161698           -860.136231336082       628.33634
design2_rebuilt_mutated_A_77_TRP_relaxed.pdb   -228.604922783758  1480.58404  775.582772933379          -1538.35884956221           -911.66428932779        736.47507
design2_rebuilt_mutated_A_102_GLY_relaxed.pdb  -228.415987487888  1371.64169  733.24023105694           -1388.88055053541           -782.247201816109       631.03974
design2_rebuilt_mutated_A_100_ALA_relaxed.pdb  -225.933747527224  1377.43449  733.799838823709          -1436.21859779864           -860.225631794202       653.45772
design2_rebuilt_mutated_A_102_SER_relaxed.pdb  -225.931845512017  1378.76216  735.217127665759          -1415.73490911139           -844.965269128909       684.2464
design2_rebuilt_mutated_A_52_GLU_relaxed.pdb   -223.359912025527  1393.49572  733.036826813008          -1463.99834115601           -852.830224384884       551.42473
design2_rebuilt_mutated_A_100_TRP_relaxed.pdb  -222.792805823241  1404.1025   751.800228806724          -1438.24529023972           -790.510676523968       704.90465
design2_rebuilt_mutated_A_73_HIS_relaxed.pdb   -221.831030711678  1401.10821  735.544661600699          -1467.51001120454           -890.98832546723        582.85401
design2_rebuilt_mutated_A_52_MET_relaxed.pdb   -219.96338128943   1397.49627  733.50441501119           -1451.32337121684           -836.324697248521       614.30378
design2_rebuilt_mutated_A_127_ALA_relaxed.pdb  -217.897529370811  1382.42579  734.376969486611          -1441.78605900649           -874.562120856701       673.87782
design2_rebuilt_mutated_A_52_SER_relaxed.pdb   -216.312418342808  1386.82803  732.442790779295          -1425.17245238862           -829.251608401879       678.75584
design2_rebuilt_mutated_A_60_ASP_relaxed.pdb   -216.07528611923   1393.76203  730.810025436773          -1430.85639754013           -844.245514888974       655.57754
design2_rebuilt_mutated_A_52_VAL_relaxed.pdb   -215.752178943406  1393.25418  728.889111352562          -1453.20478500203           -876.893771284645       571.64976
design2_rebuilt_mutated_A_127_HIS_relaxed.pdb  -215.735506905508  1389.88494  738.989047877661          -1433.79449994829           -875.341853000364       779.27987
design1_rebuilt_mutated_A_102_ASP_relaxed.pdb  -214.282233098074  1211.4174   645.493123085304          -1264.88647546643           -598.118007890956       752.90029
design2_rebuilt_mutated_A_100_PRO_relaxed.pdb  -213.533462349162  1367.15729  724.732388666611          -1409.98339257457           -831.798254636526       673.95046
design2_rebuilt_mutated_A_52_GLY_relaxed.pdb   -213.206120993464  1386.09823  727.800443041607          -1445.1348316807            -866.096787388769       558.75387
design2_rebuilt_mutated_A_127_THR_relaxed.pdb  -213.100237707609  1377.21871  737.966017262757          -1406.50889409877           -810.418504188867       770.44597
design2_rebuilt_mutated_A_52_ALA_relaxed.pdb   -212.520238945945  1387.38162  729.921277511839          -1428.846797738             -839.680038146016       545.82101
design2_rebuilt_mutated_A_86_GLN_relaxed.pdb   -211.835801344279  1389.68295  737.072729575305          -1416.73003366785           -787.075372077606       656.27415
design1_rebuilt_mutated_A_228_MET_relaxed.pdb  -211.827033730429  1271.28382  675.540513304592          -1274.28188777383           -613.081218491176       901.40764
design2_rebuilt_mutated_A_52_LEU_relaxed.pdb   -210.766730181992  1393.1807   729.008152614145          -1453.40902042264           -873.521059781206       636.83693
design1_rebuilt_mutated_A_102_SER_relaxed.pdb  -207.626011341522  1215.68119  650.405495023802          -1251.87102058185           -592.267686392335       754.62627
design2_rebuilt_mutated_A_88_ALA_relaxed.pdb   -204.591637382378  1414.27724  750.354393923153          -1403.57906668842           -778.834659326819       702.22717
design2_rebuilt_mutated_A_100_LYS_relaxed.pdb  -203.131106041702  1438.64342  760.045171093946          -1494.95469307444           -827.279932966982       551.67858
design2_rebuilt_mutated_A_52_CYS_relaxed.pdb   -199.538815272138  1395.55253  728.796053266368          -1432.62696878829           -840.963787131674       548.88819
design2_rebuilt_mutated_A_78_TYR_relaxed.pdb   -197.810326982028  1383.502    724.966664975055          -1442.9118559417            -876.981216320467       715.14967
design2_rebuilt_mutated_A_129_TYR_relaxed.pdb  -195.336553105177  1420.62356  749.757619841717          -1457.41311036281           -881.653906039712       706.77977
design2_rebuilt_mutated_A_49_HIS_relaxed.pdb   -192.815973336464  1392.49974  734.805723607272          -1427.57832450932           -833.75848553968        762.99878
design2_rebuilt_mutated_A_134_PHE_relaxed.pdb  -191.933087276995  1385.72689  736.447272538863          -1413.91723228754           -842.22066427182        670.45347
design2_rebuilt_mutated_A_72_PRO_relaxed.pdb   -191.761869647375  1370.2196   716.926052406126          -1410.95726293993           -811.390748046997       591.30253
design2_rebuilt_mutated_A_72_GLN_relaxed.pdb   -190.558350479398  1403.73936  730.943129605696          -1444.12508977121           -769.990092511186       767.15193
design2_rebuilt_mutated_A_88_ASP_relaxed.pdb   -190.550122828061  1399.90538  739.443567702001          -1415.77010441464           -806.539225251665       700.66329
design2_rebuilt_mutated_A_72_ILE_relaxed.pdb   -180.994627067853  1389.7834   725.316666131015          -1437.83911652153           -735.472731955315       597.31458
design2_rebuilt_mutated_A_88_SER_relaxed.pdb   -178.836133854286  1399.219    736.478037064496          -1390.58231369447           -787.867090938013       692.93272
design2_rebuilt_mutated_A_74_ARG_relaxed.pdb   -178.313205809183  1404.66744  738.667532671107          -1399.00778693298           -795.069480311834       671.34655
design2_rebuilt_mutated_A_88_GLY_relaxed.pdb   -172.158288678334  1361.78989  723.279621491687          -1315.48329364074           -679.884597571612       768.43079
design2_rebuilt_mutated_A_72_CYS_relaxed.pdb   -171.172560455249  1371.89629  714.842329941523          -1428.79190891285           -761.029249502225       691.14503
design2_rebuilt_mutated_A_74_HIS_relaxed.pdb   -167.654954636466  1386.99934  728.702217485169          -1376.22623731131           -780.397885723362       688.16598
design2_rebuilt_mutated_A_72_MET_relaxed.pdb   -163.015755979417  1378.6422   718.739830036794          -1386.20534925945           -729.24449215822        533.24744
design2_rebuilt_mutated_A_134_TYR_relaxed.pdb  -162.947920823337  1401.72284  737.928654355202          -1407.29899304341           -819.783450865422       679.07584
design2_rebuilt_mutated_A_74_ASN_relaxed.pdb   -160.273982322727  1365.46711  717.017937412105          -1333.08491866478           -676.535286617627       773.54115
design2_rebuilt_mutated_A_88_LYS_relaxed.pdb   -158.287405018487  1411.62622  746.084062298236          -1399.97267088409           -755.555069541282       761.89254
design2_rebuilt_mutated_A_127_ASP_relaxed.pdb  -156.111809780749  1389.59113  729.245212583922          -1402.79989324298           -816.173920942653       688.34129
design2_rebuilt_mutated_A_72_VAL_relaxed.pdb   -155.027098302866  1357.47607  704.417716800118          -1373.39723062556           -714.22708477805        647.69458
design2_rebuilt_mutated_A_127_VAL_relaxed.pdb  -152.998627784744  1385.81001  730.407696096799          -1383.49817306096           -749.132800052962       642.53451
design2_rebuilt_mutated_A_127_GLY_relaxed.pdb  -148.226703485737  1380.58021  720.884499333353          -1370.50923399992           -756.991967257663       627.68981
design2_rebuilt_mutated_A_74_LEU_relaxed.pdb   -141.395642107509  1386.7733   727.719323516541          -1358.32019104976           -765.047491972725       685.47278
design2_rebuilt_mutated_A_100_CYS_relaxed.pdb  -140.865067828245  1395.43057  731.54908297236           -1384.57946670686           -770.093374965995       677.68081
design2_rebuilt_mutated_A_74_GLU_relaxed.pdb   -130.59064473089   1401.0726   734.413043058062          -1341.7417205602            -708.919884409816       691.9098
design3_rebuilt_mutated_A_45_ARG_relaxed.pdb   -129.688012605894  1333.49141  668.151067772184          -1400.69978192512           -862.767951970988       602.17496
design2_rebuilt_mutated_A_72_ALA_relaxed.pdb   -124.510641614592  1351.91363  699.143186723654          -1391.72215114131           -825.337588580765       566.86153
design2_rebuilt_mutated_A_127_ILE_relaxed.pdb  -122.079136217774  1366.17004  713.923928864364          -1340.81624544779           -744.751105903449       670.69102
design2_rebuilt_mutated_A_74_GLN_relaxed.pdb   -121.402430170831  1391.1275   725.923976441607          -1316.22934431285           -673.114269818917       682.05139
design1_rebuilt_mutated_A_228_CYS_relaxed.pdb  -120.588826290009  1269.39415  655.331037758851          -1242.96630071402           -553.822375825455       832.05223
design2_rebuilt_mutated_A_74_ASP_relaxed.pdb   -100.352928301142  1359.05833  706.018780252644          -1293.0195478598            -662.962794638167       704.47749
design3_rebuilt_mutated_A_45_TRP_relaxed.pdb   -87.50900440914    1332.75248  667.78012263093           -1359.2907158956            -791.229248450453       655.6034
design2_rebuilt_mutated_A_129_ILE_relaxed.pdb  -85.2050458231376  1376.83258  709.476276797271          -1265.12395722636           -647.250058872263       667.62113
design2_rebuilt_mutated_A_74_ILE_relaxed.pdb   -78.2170360838711  1369.40105  711.658888187253          -1283.8121301048            -645.309063092077       691.17264
design2_rebuilt_mutated_A_72_GLY_relaxed.pdb   -65.7456278062378  1346.03283  687.744564533576          -1332.72804649013           -729.185832266286       582.52027
design2_rebuilt_mutated_A_72_SER_relaxed.pdb   -56.746593286393   1354.80952  690.454696408612          -1354.29045420755           -784.484328563197       591.0064
design2_rebuilt_mutated_A_74_ALA_relaxed.pdb   -40.6918411008572  1337.03355  681.925885654104          -1240.80737535303           -609.194179531451       620.61717
design2_rebuilt_mutated_A_74_CYS_relaxed.pdb   -37.0916507557352  1359.31572  692.176476545216          -1252.56438223493           -623.319442857638       662.20317
design2_rebuilt_mutated_A_102_LYS_relaxed.pdb  -0.3387828527587   1387.25344  703.334115149057          -1258.51121250376           -591.427685184761       699.49267
design2_rebuilt_mutated_A_74_SER_relaxed.pdb   0.745736052861669  1329.34604  669.331900120497          -1193.38968709208           -579.83534727992        618.87271
design2_rebuilt_mutated_A_74_VAL_relaxed.pdb   2.20345271741375   1347.21977  682.370421594414          -1202.5875407014            -574.165542455075       647.47526
design2_rebuilt_mutated_A_74_PRO_relaxed.pdb   11.9621966758949   1349.79093  682.219111164917          -1214.93697623446           -583.741593088202       741.09008
design2_rebuilt_mutated_A_74_LYS_relaxed.pdb   18.0874840914087   1394.6633   706.569943165314          -1220.92976416798           -551.757218948855       834.13372
design3_rebuilt_mutated_A_20_ARG_relaxed.pdb   33.8790425305793   1310.80597  646.210215363311          -1232.47948880927           -694.667687204347       607.74827
design3_rebuilt_mutated_A_24_TYR_relaxed.pdb   35.4582256468381   1321.93914  648.744514731141          -1255.63869686284           -691.160953228761       601.91334
design2_rebuilt_mutated_A_74_THR_relaxed.pdb   37.1390443327274   1335.07867  666.782022224234          -1179.10285273602           -540.520453400775       802.2183
design3_rebuilt_mutated_A_42_LEU_relaxed.pdb   44.0489607178398   1317.08595  651.719421392493          -1261.83599835623           -702.494994057503       688.90843
design3_rebuilt_mutated_A_45_MET_relaxed.pdb   52.4501920162324   1333.85522  644.82580933114           -1278.56364218305           -732.917588939881       651.16322
design3_rebuilt_mutated_A_49_ILE_relaxed.pdb   82.0220728178283   1316.73545  645.398837306742          -1189.73368753488           -619.15230274956        595.36773
design3_rebuilt_mutated_A_42_ILE_relaxed.pdb   93.0300415071496   1339.39999  652.823573540214          -1277.1917605569            -732.987372961029       602.93982
design3_rebuilt_mutated_A_42_ASP_relaxed.pdb   111.587906505799   1322.30624  640.359883211603          -1214.79360576303           -672.726821032006       640.24511
design3_rebuilt_mutated_A_20_TYR_relaxed.pdb   113.635525327976   1308.32701  632.355612927323          -1211.60069833513           -676.962635513947       680.57787
design3_rebuilt_mutated_A_28_TYR_relaxed.pdb   115.433744032747   1293.73114  623.534288710789          -1195.31845645595           -667.413450179615       591.04599
design3_rebuilt_mutated_A_42_SER_relaxed.pdb   140.161845777643   1336.70926  641.457814198849          -1193.75301788577           -649.49151544725        624.5865
design3_rebuilt_mutated_A_24_PHE_relaxed.pdb   147.882936115644   1314.40714  626.606470810604          -1179.3115266898            -608.980014218214       594.72769
design3_rebuilt_mutated_A_17_TRP_relaxed.pdb   156.644274487497   1348.58666  644.135537682213          -1178.83383875368           -603.846531599354       646.82953
design2_rebuilt_mutated_A_74_GLY_relaxed.pdb   157.284363690555   1323.01038  637.833068555081          -1105.05258506233           -462.020448435128       690.83049
design3_rebuilt_mutated_A_45_LEU_relaxed.pdb   159.967343123363   1283.18624  607.572767421716          -1138.38303473124           -593.094448198555       576.05823
design3_rebuilt_mutated_A_42_VAL_relaxed.pdb   161.181964006021   1327.70616  631.63133849358           -1176.00074779428           -605.68555862492        597.06354
design3_rebuilt_mutated_A_42_ALA_relaxed.pdb   162.039615472235   1337.45626  638.582653755666          -1190.74008925552           -652.526727788173       623.80739
design3_rebuilt_mutated_A_20_HIS_relaxed.pdb   165.27669159187    1322.80976  624.504873707932          -1183.69619852663           -617.753369475581       589.06194
design3_rebuilt_mutated_A_28_ALA_relaxed.pdb   166.805659964577   1293.59879  616.470917472444          -1147.61090613384           -615.900996735152       588.17256
design3_rebuilt_mutated_A_42_ASN_relaxed.pdb   169.867634176808   1322.0124   629.054807936328          -1164.26311298948           -612.876354827653       679.47166
design3_rebuilt_mutated_A_42_PRO_relaxed.pdb   174.293291343339   1348.48371  641.839716166138          -1210.22506829714           -671.888920328165       619.06669
design3_rebuilt_mutated_A_28_PRO_relaxed.pdb   175.966464130399   1303.31287  619.070078025799          -1149.35884034817           -610.753145626856       578.09882
design3_rebuilt_mutated_A_42_CYS_relaxed.pdb   176.915758470617   1317.97116  624.686168670074          -1141.79208193493           -571.639425802956       642.1293
design3_rebuilt_mutated_A_24_ASN_relaxed.pdb   192.832954353262   1298.67731  614.294535949059          -1135.00764121925           -574.914261114775       587.07067
design3_rebuilt_mutated_A_42_GLY_relaxed.pdb   200.031236142263   1341.77477  636.311146070313          -1165.24211006306           -618.938104242145       570.40694
design3_rebuilt_mutated_A_45_ILE_relaxed.pdb   200.035492353244   1304.53787  607.753936543946          -1148.98146562852           -584.600226884511       604.36533
design3_rebuilt_mutated_A_13_TYR_relaxed.pdb   200.820838055808   1306.12526  620.070769740266          -1124.19068640723           -542.63186990971        638.32672
design3_rebuilt_mutated_A_24_LYS_relaxed.pdb   205.713926412487   1309.33035  614.598267260291          -1161.14596950534           -614.573393792307       599.2137
design3_rebuilt_mutated_A_16_GLY_relaxed.pdb   210.726994288882   1274.74171  593.247588796798          -1102.58554746412           -628.100198526305       579.53238
design3_rebuilt_mutated_A_24_THR_relaxed.pdb   216.855009257041   1300.80742  610.596395113617          -1139.74446685281           -595.642168416168       594.98513
design3_rebuilt_mutated_A_6_ASP_relaxed.pdb    221.635502235053   1276.35079  598.34232648504           -1085.26869428847           -520.165217296276       676.05779
design3_rebuilt_mutated_A_20_LEU_relaxed.pdb   226.48097213143    1309.8211   609.926634335051          -1131.54192822573           -589.263379298575       530.17932
design3_rebuilt_mutated_A_16_PRO_relaxed.pdb   227.825613787659   1287.51076  596.614488006746          -1111.6553635887            -612.599811571043       594.948
design3_rebuilt_mutated_A_20_ASN_relaxed.pdb   230.387420784327   1289.21837  598.760383368047          -1129.31271135634           -608.325827179177       584.59616
design3_rebuilt_mutated_A_24_GLN_relaxed.pdb   238.124324036257   1307.83388  609.14353128963           -1137.096867644             -584.313532572102       602.98156
design3_rebuilt_mutated_A_24_MET_relaxed.pdb   239.332391936937   1287.99337  597.463265192745          -1109.91131622982           -581.373604868112       575.17176
design3_rebuilt_mutated_A_28_GLY_relaxed.pdb   241.920034214442   1296.10488  608.15716086556           -1116.16039127366           -586.790100454106       572.12153
design3_rebuilt_mutated_A_20_LYS_relaxed.pdb   242.437845667257   1324.38003  610.851368403372          -1154.75668335166           -591.15995113487        520.52331
design3_rebuilt_mutated_A_38_PRO_relaxed.pdb   242.907077995707   1315.80622  605.602613201066          -1110.90256111906           -500.711827870671       486.87689
design3_rebuilt_mutated_A_17_ILE_relaxed.pdb   243.547295846242   1304.43013  605.553045280437          -1110.86176149723           -524.894822670303       669.21181
design3_rebuilt_mutated_A_24_HIS_relaxed.pdb   249.52463429998    1309.57718  609.613794033057          -1120.24380194796           -557.702794863806       604.71386
design3_rebuilt_mutated_A_24_ILE_relaxed.pdb   249.70166215695    1294.38844  600.138127283361          -1110.27367282214           -574.042854632428       570.72871
design3_rebuilt_mutated_A_6_PHE_relaxed.pdb    249.899443091219   1279.22234  594.696248644644          -1089.77109642084           -555.564090010074       614.24412
design3_rebuilt_mutated_A_6_TYR_relaxed.pdb    250.365957901044   1281.95117  595.023736709014          -1087.29111928187           -544.69660315786        630.90081
design3_rebuilt_mutated_A_45_THR_relaxed.pdb   250.531659448378   1298.32582  602.001914776345          -1108.14298250006           -551.387459515757       636.46851
design3_rebuilt_mutated_A_49_VAL_relaxed.pdb   250.635285359933   1303.21632  606.991044943915          -1105.74175438921           -553.383349938796       583.86693
design3_rebuilt_mutated_A_13_ARG_relaxed.pdb   252.861935855141   1291.59562  593.247201352099          -1069.6126169603            -512.767029074428       609.32584
design3_rebuilt_mutated_A_38_GLN_relaxed.pdb   252.891918069028   1347.1839   619.405348165037          -1131.22436546106           -515.155991125296       529.26224
design3_rebuilt_mutated_A_6_ASN_relaxed.pdb    255.568886886329   1269.37709  588.80727366769           -1060.10617977347           -494.373292591915       615.20913
design3_rebuilt_mutated_A_24_SER_relaxed.pdb   256.940541835809   1290.31399  595.78054954481           -1092.4905271412            -520.423419850468       574.43776
design3_rebuilt_mutated_A_38_THR_relaxed.pdb   257.330159700804   1308.3752   600.564900690221          -1109.83515404978           -499.150602041417       730.42674
design3_rebuilt_mutated_A_6_LYS_relaxed.pdb    258.518947639359   1314.82637  613.619749492094          -1123.87059224634           -569.453045661054       627.9041
design3_rebuilt_mutated_A_24_CYS_relaxed.pdb   259.329637431735   1296.08896  600.178271600278          -1106.32564875881           -576.066949699371       610.35693
design3_rebuilt_mutated_A_24_VAL_relaxed.pdb   263.040490532402   1295.73402  600.101992977938          -1091.07205026025           -530.118950923944       606.20784
design3_rebuilt_mutated_A_24_LEU_relaxed.pdb   265.443459640951   1306.66045  601.193233155696          -1119.60657687412           -557.868051088719       585.5827
design3_rebuilt_mutated_A_45_ALA_relaxed.pdb   266.445706704258   1294.28977  597.718029729861          -1091.76276562778           -534.255463494147       591.20619
design3_rebuilt_mutated_A_16_ASP_relaxed.pdb   267.229416135163   1290.88297  593.404268197674          -1101.66208086654           -594.998455553049       598.81103
design3_rebuilt_mutated_A_17_TYR_relaxed.pdb   275.479887101746   1360.94074  625.908210587773          -1109.10309475001           -505.393183228315       506.41137
design3_rebuilt_mutated_A_16_GLN_relaxed.pdb   281.178612234364   1297.78825  597.868128676672          -1071.63866917492           -529.42507299712        528.9635
design3_rebuilt_mutated_A_20_GLU_relaxed.pdb   281.574391473639   1299.10303  595.128694780019          -1077.27319670799           -501.606367370095       564.04976
design3_rebuilt_mutated_A_16_ASN_relaxed.pdb   281.948712426934   1292.73266  589.917846704764          -1084.69836528353           -579.608682764545       595.60216
design3_rebuilt_mutated_A_45_VAL_relaxed.pdb   282.34400461739    1300.57608  594.948861746558          -1096.98939571732           -543.660516323147       586.84631
design3_rebuilt_mutated_A_20_ILE_relaxed.pdb   283.415540775368   1284.08234  586.780225747312          -1056.08083272528           -507.439721558983       587.37227
design3_rebuilt_mutated_A_24_PRO_relaxed.pdb   284.801599864524   1301.2418   601.624481229323          -1082.89678976836           -487.664289894655       664.6011
design3_rebuilt_mutated_A_27_TRP_relaxed.pdb   286.500379600297   1299.5151   588.996092591981          -1075.69373726259           -564.527777959181       569.55205
design3_rebuilt_mutated_A_17_GLY_relaxed.pdb   287.745790461669   1293.08611  593.883030058837          -1042.42660477815           -444.424070141758       500.60892
design3_rebuilt_mutated_A_38_GLU_relaxed.pdb   288.860663797459   1342.93017  614.665103867307          -1115.46418078592           -488.624223076512       514.5995
design3_rebuilt_mutated_A_16_ALA_relaxed.pdb   290.305654821943   1291.07709  590.076455389278          -1094.76621618851           -608.315497784281       587.43519
design3_rebuilt_mutated_A_30_ILE_relaxed.pdb   292.040099591463   1303.80518  591.033830510056          -1078.5457664595            -522.98160362586        550.487
design3_rebuilt_mutated_A_52_TYR_relaxed.pdb   292.47983497888    1342.16685  608.637738676818          -1101.77694186052           -526.979928354251       562.45442
design3_rebuilt_mutated_A_17_PRO_relaxed.pdb   293.936213276411   1310.28078  604.078621334517          -1063.13787952033           -438.72362200786        604.59898
design3_rebuilt_mutated_A_45_PRO_relaxed.pdb   294.026340705401   1295.89484  594.407091413992          -1076.49378404308           -506.79622741134        597.80251
design3_rebuilt_mutated_A_20_ASP_relaxed.pdb   294.93010297695    1293.65327  593.504793905381          -1086.85399137398           -565.605971423286       581.29995
design3_rebuilt_mutated_A_17_THR_relaxed.pdb   296.529005761273   1318.80712  606.001203704637          -1080.96247532549           -494.946363884952       621.09264
design3_rebuilt_mutated_A_63_GLY_relaxed.pdb   296.931231688407   1294.75594  581.648835905162          -1037.36369362635           -471.135002008237       559.00089
design3_rebuilt_mutated_A_45_ASP_relaxed.pdb   297.15042209116    1299.9289   597.658417050489          -1095.45525833629           -559.924180413006       619.32496
design3_rebuilt_mutated_A_17_LEU_relaxed.pdb   299.39032875638    1334.56412  603.209946109104          -1096.8604615022            -541.486124761532       622.86252
design3_rebuilt_mutated_A_13_PHE_relaxed.pdb   301.981534409041   1323.20667  601.02364630835           -1070.96026302603           -516.80641331164        636.79295
design3_rebuilt_mutated_A_9_PHE_relaxed.pdb    303.215458167208   1329.44124  605.648342755638          -1105.84089950177           -558.868859804155       625.24711
design3_rebuilt_mutated_A_45_SER_relaxed.pdb   304.514010482705   1293.64621  589.618849472285          -1068.33219163902           -505.390620720417       632.61584
design3_rebuilt_mutated_A_49_ARG_relaxed.pdb   305.60752680557    1355.30413  618.248176446048          -1128.92005496614           -627.611290186934       568.12331
design3_rebuilt_mutated_A_9_TRP_relaxed.pdb    306.064316447429   1303.72198  594.020489185085          -1051.57574245185           -492.938947407185       638.12502
design3_rebuilt_mutated_A_13_TRP_relaxed.pdb   306.822520394482   1316.05403  593.941809554848          -1080.56206529219           -523.839516831402       565.73217
design3_rebuilt_mutated_A_16_CYS_relaxed.pdb   308.941484400256   1296.5964   589.506674756332          -1086.98610980617           -581.42161238432        595.6393
design3_rebuilt_mutated_A_45_GLU_relaxed.pdb   310.040896815819   1318.02239  600.713953093408          -1074.50898274394           -502.798534428972       575.42791
design3_rebuilt_mutated_A_24_ASP_relaxed.pdb   311.469434562014   1304.30663  598.102290934857          -1086.73037694765           -539.685142435975       531.06669
design3_rebuilt_mutated_A_59_VAL_relaxed.pdb   312.049498039709   1318.2571   593.156481348015          -1078.80210823514           -543.971881636723       611.03799
design3_rebuilt_mutated_A_59_TYR_relaxed.pdb   313.512722516966   1335.87748  596.736484103945          -1057.86798376473           -465.475322950742       588.45029
design3_rebuilt_mutated_A_30_TYR_relaxed.pdb   314.615993326791   1287.87129  579.145797100865          -1042.04795862521           -497.341254554142       536.48492
design3_rebuilt_mutated_A_17_GLN_relaxed.pdb   316.386761522693   1323.82454  598.925705530974          -1063.17990561761           -511.829470512835       600.80925
design3_rebuilt_mutated_A_45_GLN_relaxed.pdb   316.642465570642   1320.71162  607.894280741093          -1066.20086789651           -465.831643349881       626.9338
design3_rebuilt_mutated_A_38_TYR_relaxed.pdb   317.920244224877   1290.02455  579.090656209999          -1090.98884827986           -614.506920011014       501.24426
design3_rebuilt_mutated_A_48_TRP_relaxed.pdb   318.626096313459   1298.83111  588.17086732524           -1057.64656200694           -527.607518115636       571.2879
design3_rebuilt_mutated_A_12_ARG_relaxed.pdb   320.153530876049   1298.05472  591.244156509186          -1076.21073625947           -525.202022243387       635.3735
design3_rebuilt_mutated_A_20_GLN_relaxed.pdb   320.501730624325   1297.39972  590.811942098857          -1063.5788506955            -501.554397094676       496.53062
design3_rebuilt_mutated_A_26_ILE_relaxed.pdb   322.347440620874   1304.7576   589.502707594132          -1055.53100491349           -503.086683535521       555.02726
design3_rebuilt_mutated_A_27_SER_relaxed.pdb   324.904581586026   1224.71295  546.730740248743          -978.191269972232           -477.048545895408       487.09942
design3_rebuilt_mutated_A_24_GLU_relaxed.pdb   325.431093707427   1303.91871  593.251686095522          -1070.60757544429           -502.745717584252       593.44443
design3_rebuilt_mutated_A_20_VAL_relaxed.pdb   327.025380041897   1288.11311  579.151829689672          -1064.70902694616           -525.209089922651       581.88565
design3_rebuilt_mutated_A_26_TRP_relaxed.pdb   327.713939587004   1315.67699  595.8871264132            -1054.1898547473            -471.488300692199       568.03425
design3_rebuilt_mutated_A_45_ASN_relaxed.pdb   328.053386226552   1293.09901  586.073882865921          -1049.03641515791           -479.892969858014       588.02666
design3_rebuilt_mutated_A_16_SER_relaxed.pdb   331.486745041585   1291.91921  582.092442650814          -1060.12604113772           -549.476681105954       591.54089
design3_rebuilt_mutated_A_48_MET_relaxed.pdb   332.129270159507   1333.22134  597.508138009582          -1054.33272736531           -475.861050222907       491.2665
design3_rebuilt_mutated_A_30_PHE_relaxed.pdb   333.203390651637   1286.36861  573.991988387852          -1034.83968680369           -496.376522532811       536.00251
design3_rebuilt_mutated_A_37_VAL_relaxed.pdb   333.351810286834   1325.71316  593.097139911589          -1085.01201033749           -525.174310852078       660.46689
design3_rebuilt_mutated_A_63_VAL_relaxed.pdb   334.213232649572   1285.5251   571.270329551796          -1031.26316538738           -490.669283746994       552.239
design3_rebuilt_mutated_A_55_PRO_relaxed.pdb   334.229388731409   1286.28454  575.05896005365           -1028.14592048244           -486.056511004842       560.79793
design3_rebuilt_mutated_A_63_ILE_relaxed.pdb   334.826132661579   1304.02686  581.808525385934          -1030.63841700805           -484.255173749048       612.35125
design3_rebuilt_mutated_A_24_ALA_relaxed.pdb   335.30650088377    1287.54627  580.543926822007          -1052.05109577699           -483.138244616162       614.00376
design3_rebuilt_mutated_A_26_PHE_relaxed.pdb   337.211930662878   1302.32334  583.401108976818          -1034.42432997171           -452.470212987343       559.57228
design3_rebuilt_mutated_A_30_VAL_relaxed.pdb   338.142331735926   1293.34283  574.128822644996          -1043.38338168108           -501.813468730475       552.23569
design3_rebuilt_mutated_A_27_ARG_relaxed.pdb   340.103499299198   1275.07408  574.730373899295          -1015.97744525376           -445.536435108923       599.62804
design3_rebuilt_mutated_A_52_ALA_relaxed.pdb   340.458277796443   1292.79378  585.36768453151           -1030.89498050176           -450.462752807005       619.04719
design3_rebuilt_mutated_A_55_ILE_relaxed.pdb   340.941491417802   1290.15286  572.109992844972          -1014.47326810341           -450.23607663071        577.17571
design3_rebuilt_mutated_A_26_TYR_relaxed.pdb   342.123478714305   1304.89677  584.007374766183          -1031.61996438845           -451.438210234588       558.94824
design3_rebuilt_mutated_A_59_PHE_relaxed.pdb   343.483165733655   1332.24458  591.177941209949          -1059.76606557996           -489.367978931927       558.05269
design3_rebuilt_mutated_A_63_ASN_relaxed.pdb   346.099745388311   1322.55734  590.412811600297          -1052.05313173267           -505.877211297802       612.96171
design3_rebuilt_mutated_A_42_THR_relaxed.pdb   347.725470085753   1306.96225  585.084286041976          -1059.49885778864           -473.645620332662       565.45091
design3_rebuilt_mutated_A_52_SER_relaxed.pdb   349.193847119487   1268.55183  570.378360644977          -1010.3809394815            -443.919392734763       621.52435
design3_rebuilt_mutated_A_12_VAL_relaxed.pdb   349.588929276355   1275.25072  573.08950562883           -1006.44789054845           -444.343545257532       571.59383
design3_rebuilt_mutated_A_12_ASN_relaxed.pdb   350.203191934822   1289.88244  580.757157170568          -1029.75815483127           -456.46525426234        567.08008
design3_rebuilt_mutated_A_55_GLY_relaxed.pdb   350.206776697133   1268.02129  561.580790525243          -1012.46222743952           -468.936365655061       558.73805
design3_rebuilt_mutated_A_38_MET_relaxed.pdb   350.729883686152   1346.14062  610.514695110984          -1125.40892304705           -459.648376879021       540.17898
design3_rebuilt_mutated_A_38_VAL_relaxed.pdb   350.744399726197   1323.61292  597.806295185717          -1074.74500427493           -477.778411517824       550.24136
design3_rebuilt_mutated_A_49_GLU_relaxed.pdb   350.922941504762   1319.2348   584.862084601874          -1055.38992253848           -478.4973053452         476.47301
design3_rebuilt_mutated_A_34_TRP_relaxed.pdb   350.950597397189   1303.27307  576.409899449403          -1056.10289838631           -504.401990991184       548.30206
design3_rebuilt_mutated_A_63_MET_relaxed.pdb   351.186046644934   1319.13925  588.735896708715          -1051.95497448539           -513.170084291468       605.21506
design3_rebuilt_mutated_A_34_TYR_relaxed.pdb   352.813379546211   1316.15777  585.540957198239          -1038.73432117365           -488.102885545414       537.33698
design3_rebuilt_mutated_A_20_THR_relaxed.pdb   353.163567405419   1284.49962  574.653392950909          -1030.94536560093           -475.651675474279       583.42883
design3_rebuilt_mutated_A_12_GLN_relaxed.pdb   353.268741815729   1304.09584  589.938776877466          -1063.27277368536           -500.916129850714       587.08816
design3_rebuilt_mutated_A_62_TRP_relaxed.pdb   353.273561173013   1309.96596  581.237479335933          -1026.31652612871           -470.039824472782       495.97171
design3_rebuilt_mutated_A_44_TYR_relaxed.pdb   354.105614338558   1286.16998  567.625914496583          -999.524822334294           -458.69806799474        569.10224
design3_rebuilt_mutated_A_55_HIS_relaxed.pdb   354.136076234633   1310.42799  577.909975260756          -1021.06634369153           -457.382815933564       557.60167
design3_rebuilt_mutated_A_58_TYR_relaxed.pdb   354.520064546597   1300.86918  576.4987166146            -1040.85958168596           -505.254148220338       558.88791
design3_rebuilt_mutated_A_52_PRO_relaxed.pdb   354.630938282487   1270.14699  572.511591450113          -1013.22856859434           -440.545183339269       557.70354
design3_rebuilt_mutated_A_59_ASP_relaxed.pdb   354.634222497498   1289.64967  570.015165998237          -1001.48802354224           -450.018120363568       559.41656
design3_rebuilt_mutated_A_20_CYS_relaxed.pdb   354.686469712155   1285.35402  573.613523951608          -1026.38738650354           -482.170242439301       544.85697
design3_rebuilt_mutated_A_30_ASP_relaxed.pdb   355.542310636411   1297.18651  577.972170589514          -1025.77396785962           -492.062204732763       552.55323
design3_rebuilt_mutated_A_13_GLU_relaxed.pdb   355.956371332485   1326.62919  593.221498451982          -1048.2318618168            -500.401030885691       653.27301
design3_rebuilt_mutated_A_26_ARG_relaxed.pdb   356.412844465992   1310.32366  585.054480223935          -1050.25267224377           -504.20876539035        561.46475
design3_rebuilt_mutated_A_45_LYS_relaxed.pdb   357.324559183442   1319.35002  595.097498958217          -1006.4479518234            -425.355214046734       546.08092
design3_rebuilt_mutated_A_52_MET_relaxed.pdb   358.017779872197   1327.5161   591.103589704047          -1064.681502189             -512.50415918759        557.34607
design3_rebuilt_mutated_A_13_ILE_relaxed.pdb   359.876333606316   1314.91316  584.142632073799          -1033.68634128125           -496.554215246548       551.97008
design3_rebuilt_mutated_A_13_PRO_relaxed.pdb   360.572018874128   1289.13287  575.406970627405          -1019.11014236936           -449.463797565652       624.85618
design3_rebuilt_mutated_A_17_MET_relaxed.pdb   361.210996802105   1315.64057  582.742519903821          -1055.74564501696           -503.131453641638       606.38167
design3_rebuilt_mutated_A_20_ALA_relaxed.pdb   361.868566299118   1272.91084  565.724618760745          -1023.57840156979           -484.539530818589       555.70992
design3_rebuilt_mutated_A_48_TYR_relaxed.pdb   361.926339423708   1306.66333  580.542154417888          -1032.5361421646            -467.114410034589       492.53317
design3_rebuilt_mutated_A_3_ARG_relaxed.pdb    362.48932752504    1311.39209  579.845808584353          -1032.2894701055            -471.236117113362       606.17546
design3_rebuilt_mutated_A_26_HIS_relaxed.pdb   362.626032016307   1301.60948  582.156907948592          -1026.33980924082           -464.977826826761       476.35524
design3_rebuilt_mutated_A_31_GLN_relaxed.pdb   362.87411428887    1326.14414  585.483619747989          -1042.41321447755           -495.13824015576        570.80259
design3_rebuilt_mutated_A_20_SER_relaxed.pdb   363.157610287112   1276.99656  564.787310678949          -1026.82388080111           -473.421695965543       578.97866
design3_rebuilt_mutated_A_58_PHE_relaxed.pdb   363.633417792334   1302.44465  579.358917671417          -1038.07646046496           -497.831108917716       558.15267
design3_rebuilt_mutated_A_12_ILE_relaxed.pdb   363.687223054182   1278.12194  571.400492842786          -1006.15059906573           -439.687562680651       506.1842
design3_rebuilt_mutated_A_44_PHE_relaxed.pdb   363.784253068571   1289.47604  568.198942805841          -995.251919629201           -465.528372474505       561.91895
design3_rebuilt_mutated_A_24_GLY_relaxed.pdb   363.88077605333    1287.51874  577.019074012361          -1021.35033553738           -450.679991381481       563.41879
design3_rebuilt_mutated_A_20_MET_relaxed.pdb   363.997641328714   1305.48486  584.102524506015          -1044.95382693297           -482.432274785237       558.11415
design3_rebuilt_mutated_A_48_ARG_relaxed.pdb   364.127054232474   1322.72804  585.996376261324          -1082.48932005558           -552.19190789134        620.15781
design3_rebuilt_mutated_A_55_ASP_relaxed.pdb   364.466602632621   1288.01359  568.724792740557          -1024.39480113232           -483.958340363094       504.38674
design3_rebuilt_mutated_A_30_PRO_relaxed.pdb   364.632078006485   1297.62134  572.239817322137          -1021.49962952954           -465.083200650222       560.3465
design3_rebuilt_mutated_A_6_ARG_relaxed.pdb    366.895643748965   1320.83006  596.817692409828          -1072.63572690358           -501.125065073218       616.84734
design3_rebuilt_mutated_A_63_GLN_relaxed.pdb   368.782709607722   1329.63329  592.097396251663          -1047.46747511857           -494.75030734146        613.80254
design3_rebuilt_mutated_A_6_GLY_relaxed.pdb    368.935354992454   1284.37884  569.109507602682          -1007.25942650887           -462.963925951549       481.93351
design3_rebuilt_mutated_A_59_THR_relaxed.pdb   369.478786339442   1303.50559  575.833539249241          -1023.39919118018           -478.279947550289       594.08081
design3_rebuilt_mutated_A_9_TYR_relaxed.pdb    370.43212509801    1292.38596  572.887313107372          -1033.8044088554            -522.024969153305       597.6931
design3_rebuilt_mutated_A_59_PRO_relaxed.pdb   371.246078812803   1284.69673  564.428255566284          -1005.76599294635           -465.371177062454       488.56478
design3_rebuilt_mutated_A_37_PRO_relaxed.pdb   371.980637274255   1316.20313  582.025617497254          -1045.28168307591           -477.866245927057       558.41204
design3_rebuilt_mutated_A_52_VAL_relaxed.pdb   372.126644366547   1323.26654  584.946142786319          -1064.5780598061            -522.995121829225       568.15025
design3_rebuilt_mutated_A_31_GLY_relaxed.pdb   372.288339112211   1291.3591   568.264513952234          -1029.21903844591           -517.09634802899        505.17121
design3_rebuilt_mutated_A_12_LEU_relaxed.pdb   372.875447311241   1283.94498  572.341684474217          -1016.19952079026           -451.629933727259       599.82827
design3_rebuilt_mutated_A_31_VAL_relaxed.pdb   372.879083364295   1303.361    574.038642232037          -1022.42950773198           -488.674014151396       532.40405
design3_rebuilt_mutated_A_59_HIS_relaxed.pdb   373.976245999685   1307.95582  573.025667158814          -1013.71662658794           -459.923894467962       471.25624
design3_rebuilt_mutated_A_30_MET_relaxed.pdb   374.555585061152   1298.78681  571.439647574778          -1029.97391023774           -486.837478393099       557.48348
design3_rebuilt_mutated_A_62_GLY_relaxed.pdb   374.971181167544   1292.46341  569.68311473391           -1030.50277680276           -494.294122109294       558.33443
design3_rebuilt_mutated_A_31_ALA_relaxed.pdb   375.074089548953   1293.44245  571.250525001303          -1004.81701820138           -482.945374273264       576.05021
design3_rebuilt_mutated_A_31_ARG_relaxed.pdb   375.384032823893   1331.05101  589.348923310576          -1045.47696369299           -512.746914414693       570.28305
design3_rebuilt_mutated_A_59_GLN_relaxed.pdb   375.444338967878   1299.7826   570.568051351692          -1009.94284943946           -466.021499446685       549.59759
design3_rebuilt_mutated_A_17_ARG_relaxed.pdb   375.453345849884   1343.30386  597.007973553465          -1065.79174588299           -513.759279609729       618.60899
design3_rebuilt_mutated_A_37_ASN_relaxed.pdb   376.163627486877   1318.59069  580.301718844897          -1052.3813176076            -492.391414551109       556.79245
design3_rebuilt_mutated_A_52_PHE_relaxed.pdb   376.247010266383   1337.97567  591.938649442425          -1063.24900655617           -497.650143347154       471.88364
design3_rebuilt_mutated_A_31_PRO_relaxed.pdb   376.311351673281   1289.53173  566.163591620966          -1020.44921141049           -509.740164812524       498.23474
design3_rebuilt_mutated_A_2_GLY_relaxed.pdb    376.318133538333   1289.47381  570.783682280983          -1014.72877550299           -485.152878809202       598.78659
design3_rebuilt_mutated_A_26_LEU_relaxed.pdb   379.684273083942   1305.2737   576.168509936373          -1024.98762560937           -469.514673766975       559.739
design3_rebuilt_mutated_A_45_GLY_relaxed.pdb   379.877940590909   1301.70478  581.455286865545          -1021.05202316343           -439.619681467943       583.49228
design3_rebuilt_mutated_A_37_ASP_relaxed.pdb   380.125463410344   1314.99145  580.488636960673          -1046.25067463435           -492.325430633841       500.80542
design3_rebuilt_mutated_A_55_PHE_relaxed.pdb   380.710170577435   1319.84074  578.186636684043          -1039.79685479548           -504.311532323496       554.22313
design3_rebuilt_mutated_A_42_TRP_relaxed.pdb   380.812896456739   1342.71621  592.024501165154          -1070.6490547567            -510.786189098618       568.88138
design3_rebuilt_mutated_A_58_HIS_relaxed.pdb   381.370759013385   1298.43433  570.88225236636           -1013.50106638424           -466.761416827009       485.77456
design3_rebuilt_mutated_A_52_THR_relaxed.pdb   382.184211407642   1303.77003  573.843651175369          -1022.79285465504           -485.403308845527       465.21383
design3_rebuilt_mutated_A_6_TRP_relaxed.pdb    382.878380433964   1326.91035  595.148216825682          -1061.79870528742           -475.891531179406       603.87377
design3_rebuilt_mutated_A_9_VAL_relaxed.pdb    383.647011818234   1268.6288   555.027663942488          -1005.61814483769           -484.24930711125        573.95874
design3_rebuilt_mutated_A_59_CYS_relaxed.pdb   384.016710977091   1297.48275  572.23123618526           -1015.95932774006           -479.059110401703       625.44971
design3_rebuilt_mutated_A_35_PRO_relaxed.pdb   384.346583436948   1312.15788  578.088705655796          -1027.57914114044           -472.847627534071       498.76547
design3_rebuilt_mutated_A_9_ILE_relaxed.pdb    384.661369693762   1267.55325  555.583803627254          -993.077369784362           -458.086377568366       574.98841
design3_rebuilt_mutated_A_44_ASP_relaxed.pdb   385.327920458876   1296.85524  570.38964265045           -1012.44757080178           -490.106502486744       485.0798
design3_rebuilt_mutated_A_49_LEU_relaxed.pdb   385.366769158209   1295.63766  569.592238532667          -1011.33175183446           -464.020464427694       554.56348
design3_rebuilt_mutated_A_63_SER_relaxed.pdb   385.466243798798   1302.19672  571.691712714632          -1003.39450889577           -452.781849081913       485.96744
design3_rebuilt_mutated_A_30_ASN_relaxed.pdb   386.007810687189   1294.8457   569.795879093601          -1000.36806640664           -442.167815563216       535.10186
design3_rebuilt_mutated_A_31_SER_relaxed.pdb   386.236784453501   1291.19661  566.925346288055          -1000.74298313926           -491.404352100562       549.94897
design3_rebuilt_mutated_A_59_ALA_relaxed.pdb   386.392582947777   1284.71163  563.654629034002          -996.759228321667           -468.603108162785       481.25455
design3_rebuilt_mutated_A_16_TRP_relaxed.pdb   386.643966703007   1318.96181  578.794741962571          -1014.06811950901           -416.12104971317        487.25445
design3_rebuilt_mutated_A_3_TYR_relaxed.pdb    386.79466816298    1299.53844  571.404751035374          -1035.53118767884           -496.598235488022       553.38406
design3_rebuilt_mutated_A_47_TRP_relaxed.pdb   387.203213578248   1318.04096  578.95526922922           -1027.95709574576           -474.065031865805       551.04626
design3_rebuilt_mutated_A_13_GLY_relaxed.pdb   387.310057529042   1311.13995  575.956694980136          -1033.59467666493           -508.760000884733       592.19666
design3_rebuilt_mutated_A_34_HIS_relaxed.pdb   387.456932790396   1313.51714  578.244992363162          -1040.57790769776           -497.133219645554       540.16648
design3_rebuilt_mutated_A_3_GLY_relaxed.pdb    388.387009995432   1300.81995  577.546059743946          -1030.46841480616           -492.152311569522       612.83343
design3_rebuilt_mutated_A_30_SER_relaxed.pdb   389.280706377062   1298.91222  573.967715556425          -1022.79702951862           -484.236709593435       594.04406
design3_rebuilt_mutated_A_52_GLN_relaxed.pdb   389.395338130078   1285.92262  562.373425939923          -1002.06919592559           -478.862028028454       439.2339
design3_rebuilt_mutated_A_49_PHE_relaxed.pdb   389.433338530511   1331.47334  588.411471051453          -1035.70953099334           -458.709729176377       560.18364
design3_rebuilt_mutated_A_38_TRP_relaxed.pdb   389.686198059428   1296.64848  564.497009690538          -1068.80110441693           -556.26177455061        458.52819
design3_rebuilt_mutated_A_37_HIS_relaxed.pdb   389.825615984273   1291.00586  565.660973662808          -1015.80666187259           -467.214471939012       544.11061
design3_rebuilt_mutated_A_17_SER_relaxed.pdb   389.853936858614   1337.53607  591.669889137449          -1046.60732169472           -495.175039886838       613.77377
design3_rebuilt_mutated_A_26_VAL_relaxed.pdb   390.341087536865   1304.78907  572.735199066865          -1012.08784862733           -450.014252148012       559.99176
design3_rebuilt_mutated_A_27_LEU_relaxed.pdb   390.824489900648   1245.19437  546.533109912723          -967.705744844444           -449.924919466138       587.9347
design3_rebuilt_mutated_A_6_ILE_relaxed.pdb    391.249530870955   1292.95289  565.932897473362          -1029.3698777149            -495.217696099875       560.76121
design3_rebuilt_mutated_A_55_TRP_relaxed.pdb   391.301919571721   1305.9666   573.70669535466           -1004.55131345586           -447.897791018495       558.7636
design3_rebuilt_mutated_A_2_TRP_relaxed.pdb    391.759225849775   1342.11506  587.658106041434          -1042.15870533247           -478.355137309954       560.18527
design3_rebuilt_mutated_A_30_TRP_relaxed.pdb   392.100014134508   1310.51129  575.176836898148          -1023.13878982016           -475.787344668547       557.00177
design3_rebuilt_mutated_A_30_THR_relaxed.pdb   392.190576372567   1297.24579  566.747159544587          -1002.4248675956            -439.357322175929       556.4249
design3_rebuilt_mutated_A_12_MET_relaxed.pdb   392.225240594641   1278.7415   565.86470679255           -994.528023675303           -432.155596065139       584.31068
design3_rebuilt_mutated_A_23_PRO_relaxed.pdb   392.666798197453   1298.19304  568.530134129769          -1025.5164711853            -484.22015147324        558.3491
design3_rebuilt_mutated_A_27_PRO_relaxed.pdb   392.868805356875   1268.86487  554.901263274758          -979.086126888333           -445.701378360523       514.93947
design3_rebuilt_mutated_A_13_ALA_relaxed.pdb   392.906287777094   1316.83682  576.120808373462          -1021.13097576708           -472.35204666519        605.91506
design3_rebuilt_mutated_A_55_ASN_relaxed.pdb   392.927303650723   1295.49519  569.274636573834          -1012.23725013532           -474.63778819313        476.0646
design3_rebuilt_mutated_A_30_GLY_relaxed.pdb   393.04338219712    1289.95125  564.559113593592          -1003.3625400053            -461.966683790598       537.14276
design3_rebuilt_mutated_A_63_ALA_relaxed.pdb   393.443906141279   1308.25088  574.44051512181           -1016.09141611975           -467.328293158773       492.00788
design3_rebuilt_mutated_A_49_GLN_relaxed.pdb   393.720949280441   1333.9128   587.379778541837          -1049.37601413498           -510.53757990996        468.4402
design3_rebuilt_mutated_A_34_ARG_relaxed.pdb   393.826551100528   1312.34756  571.608406282896          -1041.28747528096           -473.785754502906       577.66474
design3_rebuilt_mutated_A_59_GLY_relaxed.pdb   394.255371416329   1291.09834  565.237105384289          -1006.07852990181           -469.999266249843       559.8023
design3_rebuilt_mutated_A_59_SER_relaxed.pdb   395.437389725912   1288.01358  562.720278510161          -999.102540920148           -472.061827707002       496.54611
design3_rebuilt_mutated_A_34_PHE_relaxed.pdb   395.754777773641   1313.64535  574.081587728707          -1041.42732072448           -499.201738189642       539.17668
design3_rebuilt_mutated_A_12_PRO_relaxed.pdb   396.145487922436   1290.40779  575.034867996103          -1016.58031122632           -447.42838499178        561.94233
design3_rebuilt_mutated_A_63_THR_relaxed.pdb   396.387385251446   1303.78735  570.395848944854          -1017.07075626128           -452.914753369632       557.99806
design3_rebuilt_mutated_A_31_ASP_relaxed.pdb   397.185691027023   1312.14463  577.551156974196          -1028.9042686195            -478.275774339916       566.00341
design3_rebuilt_mutated_A_59_LEU_relaxed.pdb   397.902323339152   1343.1119   589.105716102606          -1062.31036299227           -507.614017140539       614.10307
design3_rebuilt_mutated_A_30_GLN_relaxed.pdb   397.909080108243   1287.55809  564.7997746377            -985.529357412089           -443.370839093229       551.83225
design3_rebuilt_mutated_A_37_THR_relaxed.pdb   398.127284293994   1322.09577  579.79850934324           -1038.22745581748           -475.049168032091       493.77073
design3_rebuilt_mutated_A_6_HIS_relaxed.pdb    398.241369660458   1294.65014  566.926368285225          -1008.82302038792           -476.715733772912       597.42926
design3_rebuilt_mutated_A_13_CYS_relaxed.pdb   398.831581297857   1308.57218  570.328771257006          -1014.65366075097           -458.125321039925       570.59203
design3_rebuilt_mutated_A_13_ASN_relaxed.pdb   399.478924960251   1310.43404  575.083241457579          -1014.62093081669           -476.308250445784       457.37471
design3_rebuilt_mutated_A_13_MET_relaxed.pdb   399.54044755106    1322.2885   578.974151287754          -1024.84825550562           -472.807379978827       474.19124
design3_rebuilt_mutated_A_2_ASP_relaxed.pdb    399.614189150063   1307.7096   574.193606249192          -1024.86300626323           -487.197742184853       598.98201
design3_rebuilt_mutated_A_33_TYR_relaxed.pdb   400.132717138462   1302.86838  568.068334670928          -1031.19470483439           -501.694179235582       560.06132
design3_rebuilt_mutated_A_13_GLN_relaxed.pdb   400.632448181204   1321.4169   579.289335428875          -1031.84802343282           -479.34534084489        472.62576
design3_rebuilt_mutated_A_47_THR_relaxed.pdb   400.791513424345   1290.80302  561.902645139509          -1003.69072212369           -467.918869977393       489.39126
design3_rebuilt_mutated_A_37_ALA_relaxed.pdb   401.794131271346   1313.11391  576.785806594331          -1036.61000942452           -481.208896606112       558.43255
design3_rebuilt_mutated_A_52_GLY_relaxed.pdb   401.907804185122   1298.8424   574.654805757391          -1001.63612051563           -422.12307468292        554.49676
design3_rebuilt_mutated_A_31_LEU_relaxed.pdb   401.909918873615   1326.02236  581.519178494617          -1027.08759439269           -456.089084048107       602.23813
design3_rebuilt_mutated_A_2_THR_relaxed.pdb    402.539571906916   1302.36108  568.786784501252          -1012.59215951894           -473.728114225342       596.07315
design3_rebuilt_mutated_A_47_GLN_relaxed.pdb   402.606715204047   1303.93911  568.678270105183          -1020.43604227231           -478.466860761079       560.4092
design3_rebuilt_mutated_A_37_GLU_relaxed.pdb   403.36176858667    1337.64647  583.541301329437          -1041.27946439585           -459.987029821886       543.55416
design3_rebuilt_mutated_A_17_ALA_relaxed.pdb   403.531445848015   1341.44078  593.160549906698          -1047.39699330566           -477.894883343206       617.65266
design3_rebuilt_mutated_A_13_THR_relaxed.pdb   403.790201606511   1313.02418  572.68140583495           -1007.47480799898           -471.993277092134       554.55246
design3_rebuilt_mutated_A_44_HIS_relaxed.pdb   404.35617556012    1280.67233  558.172130851568          -996.702862070198           -467.578142079192       548.27071
design3_rebuilt_mutated_A_33_PHE_relaxed.pdb   404.487711384579   1304.10519  569.327207507622          -1043.39018443747           -510.764966489979       560.8444
design3_rebuilt_mutated_A_12_GLU_relaxed.pdb   404.559739893388   1301.74323  571.73738074791           -1013.70796560127           -473.748821809231       482.24422
design3_rebuilt_mutated_A_44_TRP_relaxed.pdb   404.570934318268   1292.77656  563.050930826951          -985.05154029699            -428.62485149486        476.73875
design3_rebuilt_mutated_A_55_LEU_relaxed.pdb   404.76415655753    1337.40526  585.610722965055          -1030.44741517868           -464.143216508315       474.01248
design3_rebuilt_mutated_A_2_ASN_relaxed.pdb    404.88984001825    1312.81483  575.25812967877           -1032.74504554754           -495.56690178976        573.55092
design3_rebuilt_mutated_A_63_GLU_relaxed.pdb   405.825586707724   1315.93642  575.806518179294          -1022.8512117133            -470.427621100783       578.49668
design3_rebuilt_mutated_A_51_GLY_relaxed.pdb   405.879005876709   1299.93095  567.174687255486          -1011.31217912638           -469.260295744504       560.16047
design3_rebuilt_mutated_A_26_THR_relaxed.pdb   406.725547804782   1308.42084  576.871319270932          -1017.37044054231           -465.258571130746       480.01546
design3_rebuilt_mutated_A_35_THR_relaxed.pdb   406.873286880197   1311.49871  572.626131148925          -1023.62166789972           -476.238412915298       572.50863
design3_rebuilt_mutated_A_2_PRO_relaxed.pdb    407.878713008731   1285.51809  559.891031129126          -996.797505003364           -456.418824406171       560.16371
design3_rebuilt_mutated_A_52_TRP_relaxed.pdb   408.051216933496   1324.72181  577.845409619312          -1014.15730740092           -437.068013105112       549.37519
design3_rebuilt_mutated_A_52_HIS_relaxed.pdb   408.949575541464   1336.63417  583.968871415724          -1030.22178701658           -474.995189036773       476.20541
design3_rebuilt_mutated_A_17_VAL_relaxed.pdb   409.53574405416    1313.61166  573.035485461594          -1042.15711173379           -501.934915390165       574.94462
design3_rebuilt_mutated_A_59_ILE_relaxed.pdb   409.612295588676   1323.82713  577.115239450976          -1041.49322927515           -500.008518335879       562.75045
design3_rebuilt_mutated_A_9_THR_relaxed.pdb    410.127260822027   1300.91272  572.210419745485          -1017.09548613176           -463.86045285544        577.48419
design3_rebuilt_mutated_A_55_TYR_relaxed.pdb   410.631798600056   1326.51103  576.184737010494          -1029.63643585591           -474.295786390174       556.88157
design3_rebuilt_mutated_A_55_ALA_relaxed.pdb   410.686755049912   1274.93623  554.543740327974          -977.395187955486           -437.212261556468       481.43116
design3_rebuilt_mutated_A_47_ASN_relaxed.pdb   411.010903711262   1304.03048  569.98837335963           -1016.44328783361           -489.864275750281       501.2023
design3_rebuilt_mutated_A_17_CYS_relaxed.pdb   411.573643181339   1295.54332  573.840682508264          -1005.59300858666           -442.296656114339       515.18771
design3_rebuilt_mutated_A_63_LEU_relaxed.pdb   411.797421617869   1318.20305  579.816590430119          -1030.61294089336           -490.806169298215       612.6139
design3_rebuilt_mutated_A_6_VAL_relaxed.pdb    412.048612091867   1291.29292  563.338587275409          -1009.76169337207           -472.766816621693       560.12267
design3_rebuilt_mutated_A_63_LYS_relaxed.pdb   412.245804949412   1322.8554   582.446716776582          -1029.55968326828           -470.77723451484        612.99069
design3_rebuilt_mutated_A_59_TRP_relaxed.pdb   412.837197520323   1365.24823  598.591724908404          -1038.03796076868           -471.980271003392       549.73904
design3_rebuilt_mutated_A_2_MET_relaxed.pdb    413.295660257783   1321.77067  579.808786704686          -1039.65935241131           -501.122195078754       613.35177
design3_rebuilt_mutated_A_13_LYS_relaxed.pdb   413.366756276758   1334.87125  583.36884300011           -1031.424124323             -467.857538530183       486.10258
design3_rebuilt_mutated_A_47_TYR_relaxed.pdb   414.07665851765    1307.89568  571.241349139794          -1025.61774674802           -501.570181852544       558.46703
design3_rebuilt_mutated_A_12_GLY_relaxed.pdb   414.346129391818   1291.38965  563.122930253941          -998.790659549847           -441.525147159987       475.11376
design3_rebuilt_mutated_A_26_LYS_relaxed.pdb   414.698992704208   1309.23246  570.682382930112          -1040.51040138828           -510.772007420443       562.39447
design3_rebuilt_mutated_A_55_SER_relaxed.pdb   414.87260144069    1278.07337  555.969566607305          -984.161683817276           -449.826899611641       491.02734
design3_rebuilt_mutated_A_37_ARG_relaxed.pdb   415.023722011204   1361.94229  594.878408250881          -1057.72940683869           -502.186856838926       612.37039
design3_rebuilt_mutated_A_30_HIS_relaxed.pdb   416.080671889269   1295.75193  563.158534193541          -991.311623868941           -434.847300263746       481.99055
design3_rebuilt_mutated_A_2_VAL_relaxed.pdb    417.15812737486    1311.58595  571.604995061755          -1039.17891865452           -506.411988792143       599.43164
design3_rebuilt_mutated_A_6_LEU_relaxed.pdb    417.279009570258   1293.65709  562.602870874313          -1021.16674910886           -482.538392902398       574.73018
design3_rebuilt_mutated_A_30_ARG_relaxed.pdb   417.48938674351    1339.52331  587.843502588953          -1033.06687608416           -465.649498377243       596.18633
design3_rebuilt_mutated_A_12_CYS_relaxed.pdb   417.511796933384   1291.57449  569.631146021194          -1002.9308090042            -436.634609312663       575.9473
design3_rebuilt_mutated_A_17_GLU_relaxed.pdb   417.610765182589   1316.15622  574.573965842784          -1024.0123013927            -492.815739652334       650.48793
design3_rebuilt_mutated_A_37_CYS_relaxed.pdb   418.196828177216   1317.61325  576.639613415944          -1031.37188354224           -475.129012118274       557.52866
design3_rebuilt_mutated_A_42_HIS_relaxed.pdb   418.517702043119   1350.67376  589.539053460829          -1047.80927793349           -480.503307054533       565.39169
design3_rebuilt_mutated_A_20_GLY_relaxed.pdb   419.335633203849   1281.43484  559.163475393778          -995.039745312127           -454.484013819056       543.63307
design3_rebuilt_mutated_A_51_PHE_relaxed.pdb   419.832231051521   1353.42505  586.571160724467          -1041.25363341706           -486.1535155015         550.08978
design3_rebuilt_mutated_A_16_ARG_relaxed.pdb   419.841571845983   1344.6564   585.975706731242          -1035.37398121807           -444.661260429515       531.90588
design3_rebuilt_mutated_A_2_GLN_relaxed.pdb    420.736873520159   1305.52856  568.274786279203          -1003.74083484649           -462.976151091207       613.18891
design3_rebuilt_mutated_A_47_GLY_relaxed.pdb   421.277298696389   1295.97244  564.522397134839          -1004.8307766943            -465.825936665563       558.41986
design3_rebuilt_mutated_A_20_TRP_relaxed.pdb   421.376862904837   1311.65283  573.666336204841          -1022.19050486576           -482.077796703945       485.35026
design3_rebuilt_mutated_A_30_LEU_relaxed.pdb   421.645640728645   1304.99886  566.839727117468          -1027.97748491383           -490.59269835454        561.06653
design3_rebuilt_mutated_A_52_LEU_relaxed.pdb   421.660577940685   1331.46385  577.404243222704          -1040.42327169675           -491.447929526828       563.51618
design3_rebuilt_mutated_A_63_PRO_relaxed.pdb   421.962621965667   1312.18845  570.895259678192          -1014.34577638922           -450.106479101946       559.96493
design3_rebuilt_mutated_A_6_ALA_relaxed.pdb    422.221758226615   1287.06353  560.425905380114          -989.611213436207           -466.607980130426       481.37642
design3_rebuilt_mutated_A_2_SER_relaxed.pdb    422.632864138577   1301.3541   573.855038500482          -1016.3851474519            -493.844258734785       612.25528
design3_rebuilt_mutated_A_31_MET_relaxed.pdb   422.941647615615   1331.44554  579.327016460834          -1028.39863778142           -482.662486101246       561.50605
design3_rebuilt_mutated_A_62_TYR_relaxed.pdb   423.184544619768   1299.65436  563.496003313327          -1015.41667663602           -483.634441786655       552.40632
design3_rebuilt_mutated_A_59_ASN_relaxed.pdb   423.848939365603   1305.7668   565.727520338458          -1004.19983391394           -448.457774781051       548.3875
design3_rebuilt_mutated_A_33_HIS_relaxed.pdb   424.436036578193   1302.56854  564.076409378094          -1004.40898714011           -471.507807328005       495.29827
design3_rebuilt_mutated_A_35_TRP_relaxed.pdb   424.445589529104   1367.22097  595.505739443849          -1057.45614382535           -496.572360335562       562.54292
design3_rebuilt_mutated_A_44_ASN_relaxed.pdb   424.760962733853   1296.49119  565.555203604659          -998.03158208196            -464.40908447506        552.36802
design3_rebuilt_mutated_A_48_PHE_relaxed.pdb   424.81902141187    1308.77953  569.971780559162          -1010.06187196271           -459.589989957288       490.97439
design3_rebuilt_mutated_A_13_SER_relaxed.pdb   424.886174153522   1304.16408  562.909179364377          -999.493992028185           -442.599108841918       485.07125
design3_rebuilt_mutated_A_3_PHE_relaxed.pdb    425.069476337286   1304.86715  566.268355484687          -1020.38111223926           -487.39216598488        552.09427
design3_rebuilt_mutated_A_3_ASN_relaxed.pdb    425.110634161658   1289.65087  559.378933628506          -989.58112451739            -449.523185576726       554.73503
design3_rebuilt_mutated_A_6_SER_relaxed.pdb    425.417444830009   1284.98186  558.197130548155          -986.540690381021           -465.977455535458       475.00034
design3_rebuilt_mutated_A_20_PRO_relaxed.pdb   425.529442707605   1273.2367   552.574297958517          -988.525724068938           -443.919724721419       549.31176
design3_rebuilt_mutated_A_58_LEU_relaxed.pdb   425.686210648557   1311.08313  569.121271871288          -1031.09076719988           -498.00380857871        562.5389
design3_rebuilt_mutated_A_28_TRP_relaxed.pdb   425.88182447296    1296.06952  560.377802990443          -1000.05244474105           -475.385658900805       549.40126
design3_rebuilt_mutated_A_45_TYR_relaxed.pdb   426.291909851545   1314.0445   572.733094687879          -1028.74317026226           -494.042417382773       548.23684
design3_rebuilt_mutated_A_9_MET_relaxed.pdb    426.321438410373   1295.17867  561.503618033852          -1017.02541148989           -490.08924242353        573.57625
design3_rebuilt_mutated_A_42_ARG_relaxed.pdb   426.344098281022   1301.62943  571.240190969913          -1012.69390716609           -411.738390809241       550.46739
design3_rebuilt_mutated_A_3_CYS_relaxed.pdb    426.740054385029   1310.25519  574.867550547864          -1018.05929538953           -492.131455858458       613.12597
design3_rebuilt_mutated_A_52_ARG_relaxed.pdb   427.156346197105   1350.55799  590.807570015419          -1052.9540140815            -473.956772080423       618.59222
design3_rebuilt_mutated_A_31_PHE_relaxed.pdb   427.226096719567   1324.59529  576.850801520798          -1018.46237783645           -450.016570505591       491.53474
design3_rebuilt_mutated_A_42_GLU_relaxed.pdb   427.29735087934    1348.07676  586.714132461838          -1052.09986374603           -498.997132243944       549.36177
design3_rebuilt_mutated_A_31_ILE_relaxed.pdb   427.441702880565   1327.47575  574.364793121705          -1036.47381441626           -489.817695347335       539.99013
design3_rebuilt_mutated_A_3_MET_relaxed.pdb    427.472336874326   1297.88464  561.14715115841           -1018.84598600666           -483.288930032717       583.65657
design3_rebuilt_mutated_A_31_LYS_relaxed.pdb   427.678181740624   1324.97099  575.585118534206          -1027.96891357724           -455.824174218266       583.58115
design3_rebuilt_mutated_A_34_ASP_relaxed.pdb   428.043716079904   1314.73888  573.443906408558          -1024.08942817896           -493.343804943515       561.20963
design3_rebuilt_mutated_A_48_HIS_relaxed.pdb   428.178722651624   1305.5872   571.182646404441          -1022.45235216758           -494.481865232208       458.91952
design3_rebuilt_mutated_A_27_THR_relaxed.pdb   428.205976269873   1256.60049  541.114409194139          -970.512971128343           -453.914998523059       534.94562
design3_rebuilt_mutated_A_35_ARG_relaxed.pdb   429.171127308273   1374.24692  606.602318796548          -1089.75971067595           -539.447941270739       590.40996
design3_rebuilt_mutated_A_13_ASP_relaxed.pdb   429.512384054625   1310.16779  565.534532502694          -996.727218453644           -459.782909195435       557.57331
design3_rebuilt_mutated_A_63_ASP_relaxed.pdb   429.651115813421   1310.43347  571.947838461238          -1015.85829194326           -449.906180517608       569.60046
design3_rebuilt_mutated_A_33_GLN_relaxed.pdb   430.154755375724   1303.69781  566.896710595164          -1008.86478542435           -476.411568092562       560.30483
design3_rebuilt_mutated_A_58_GLY_relaxed.pdb   430.416125504005   1305.25618  568.648291901509          -1003.4903584821            -464.535416879417       557.49891
design3_rebuilt_mutated_A_37_LEU_relaxed.pdb   430.863167955833   1341.52526  582.644261521775          -1031.11927469047           -450.751663172787       466.11987
design3_rebuilt_mutated_A_31_ASN_relaxed.pdb   431.023954805016   1317.13891  576.039963453982          -1026.29790109573           -476.475775017884       557.74727
design3_rebuilt_mutated_A_12_THR_relaxed.pdb   431.635392351235   1296.41461  570.754258079983          -999.578023902676           -423.327177063608       588.98556
design3_rebuilt_mutated_A_30_ALA_relaxed.pdb   432.541478888566   1293.01804  564.26004400801           -997.113649188981           -464.046207853246       474.19069
design3_rebuilt_mutated_A_52_ILE_relaxed.pdb   432.567419360206   1330.65853  576.600974106966          -1039.61428620001           -485.835709074607       565.90375
design3_rebuilt_mutated_A_31_CYS_relaxed.pdb   433.043088020251   1304.36585  565.523979064073          -1001.34487543661           -440.47454933553        505.73307
design3_rebuilt_mutated_A_37_GLY_relaxed.pdb   433.084863133133   1313.69949  571.081786355039          -1013.77574332981           -449.355924350465       559.16774
design3_rebuilt_mutated_A_51_PRO_relaxed.pdb   433.722742301078   1305.48864  566.067979562194          -984.648941621712           -439.705095747          479.31038
design3_rebuilt_mutated_A_17_ASP_relaxed.pdb   433.80154492928    1334.17445  578.177739404418          -1019.68264860969           -440.954295519127       609.74314
design3_rebuilt_mutated_A_58_ARG_relaxed.pdb   434.247861815445   1314.0421   572.377764789685          -1024.48335933169           -481.905865399195       580.75469
design3_rebuilt_mutated_A_2_TYR_relaxed.pdb    434.308861747933   1328.66231  581.913629587869          -1047.69814459945           -516.220397394172       613.35289
design3_rebuilt_mutated_A_37_TYR_relaxed.pdb   434.598891166568   1294.41093  561.575681137314          -1020.84355477567           -492.807469790293       571.96449
design3_rebuilt_mutated_A_26_PRO_relaxed.pdb   434.611611856611   1307.23645  568.266462631124          -1013.34869579835           -485.220143797141       488.58457
design3_rebuilt_mutated_A_51_HIS_relaxed.pdb   434.704876088021   1328.83448  575.624395279669          -1013.24412053775           -468.447591602049       478.40219
design3_rebuilt_mutated_A_51_ASN_relaxed.pdb   434.766184082582   1305.6502   563.850409872148          -994.383401587499           -452.844022906836       487.6296
design3_rebuilt_mutated_A_35_GLN_relaxed.pdb   435.149535972057   1313.22473  569.351696027322          -1011.88541372166           -449.849667962225       582.41803
design3_rebuilt_mutated_A_27_ASN_relaxed.pdb   435.530026169209   1266.11965  547.368429648144          -962.311725928153           -433.801362907309       540.12199
design3_rebuilt_mutated_A_26_CYS_relaxed.pdb   435.623494439532   1301.25677  564.465295197422          -1001.6635405305            -462.195932295744       544.98272
design3_rebuilt_mutated_A_62_VAL_relaxed.pdb   435.677811019325   1289.26451  557.565365783215          -1007.76342720198           -481.416583819724       551.7388
design3_rebuilt_mutated_A_49_THR_relaxed.pdb   435.72768637587    1298.57463  561.94108076753           -981.510172233924           -431.754512374627       532.82537
design3_rebuilt_mutated_A_58_VAL_relaxed.pdb   435.749721790374   1332.06418  578.412217298844          -1057.12977776341           -534.039135874984       559.87812
design3_rebuilt_mutated_A_31_GLU_relaxed.pdb   436.245497243761   1333.32403  580.847248630891          -1029.59500811844           -490.630573720366       598.61856
design3_rebuilt_mutated_A_3_PRO_relaxed.pdb    436.541307821072   1314.52606  571.970791763199          -1019.76400432273           -479.963269898146       596.09272
design3_rebuilt_mutated_A_9_PRO_relaxed.pdb    436.841776703528   1286.38517  559.246911301807          -994.344629296673           -466.24769904259        500.91577
design3_rebuilt_mutated_A_23_GLN_relaxed.pdb   437.15470476484    1319.04612  573.26805569761           -1007.23827970077           -444.3786170588         584.64936
design3_rebuilt_mutated_A_47_PHE_relaxed.pdb   437.242809437207   1304.5554   561.792933975925          -1011.61466983899           -483.537188978037       552.68753
design3_rebuilt_mutated_A_26_GLU_relaxed.pdb   437.279719774784   1307.33549  567.293983522746          -1008.91794469526           -460.937363746487       584.65003
design3_rebuilt_mutated_A_37_SER_relaxed.pdb   437.705498704674   1322.84826  577.310093920357          -1031.28233514976           -489.81676530126        495.41738
design3_rebuilt_mutated_A_47_LYS_relaxed.pdb   437.774602634483   1322.95124  576.396126541162          -1030.31758931195           -492.611069312655       471.26188
design3_rebuilt_mutated_A_44_VAL_relaxed.pdb   437.984852970305   1296.10225  557.624625318387          -968.314274371967           -430.095129710701       554.03453
design3_rebuilt_mutated_A_41_TYR_relaxed.pdb   438.096183128869   1313.51058  566.004066282876          -1019.46324071736           -470.786673969615       562.38499
design3_rebuilt_mutated_A_49_LYS_relaxed.pdb   438.106603987096   1332.34158  579.634356091837          -1031.35477352393           -489.472830664738       565.14658
design3_rebuilt_mutated_A_27_CYS_relaxed.pdb   438.146729261402   1234.44653  530.706994160448          -939.309675925317           -432.980399612331       534.90417
design3_rebuilt_mutated_A_2_PHE_relaxed.pdb    438.194781958747   1338.03724  581.672264171634          -1039.8907708041            -494.91241511504        597.9931
design3_rebuilt_mutated_A_2_ALA_relaxed.pdb    438.33013157894    1298.41654  568.874582596598          -1005.86035138242           -483.316651556929       611.86677
design3_rebuilt_mutated_A_33_TRP_relaxed.pdb   438.446827872875   1309.76777  565.748223971718          -995.374010987671           -458.70498035944        548.77682
design3_rebuilt_mutated_A_55_VAL_relaxed.pdb   438.556035462868   1320.46279  570.069741108926          -1020.03852476784           -456.060060186925       577.35521
design3_rebuilt_mutated_A_47_ALA_relaxed.pdb   438.697100090037   1304.68015  565.620777699265          -1007.30470270633           -479.457956980482       496.21821
design3_rebuilt_mutated_A_30_LYS_relaxed.pdb   438.97855197492    1315.26053  571.169487431213          -1014.48806637457           -451.113565785253       597.1759
design3_rebuilt_mutated_A_48_LEU_relaxed.pdb   439.447464480084   1293.75605  559.613226556597          -1015.63725132546           -475.714370049801       568.58272
design3_rebuilt_mutated_A_35_ALA_relaxed.pdb   440.159110161628   1312.16356  566.757939079731          -1012.74880117289           -471.130730400811       557.65843
design3_rebuilt_mutated_A_44_SER_relaxed.pdb   440.536457495059   1294.74434  560.648880254219          -983.173055870425           -472.801263882659       453.6963
design3_rebuilt_mutated_A_26_ASP_relaxed.pdb   440.626559458317   1299.71035  559.920812875265          -1006.88444670415           -469.387147375832       549.83796
design3_rebuilt_mutated_A_44_ILE_relaxed.pdb   441.007591480803   1306.39945  565.523093980823          -973.384199227372           -425.420096922203       552.69152
design3_rebuilt_mutated_A_28_ARG_relaxed.pdb   441.636856057604   1313.46498  571.303971854635          -1017.0046559694            -480.151714912467       482.50219
design3_rebuilt_mutated_A_33_SER_relaxed.pdb   441.712630679713   1307.07693  565.361442417299          -1002.51755373188           -473.998256099762       594.89716
design3_rebuilt_mutated_A_13_VAL_relaxed.pdb   441.719291354126   1306.16739  562.289317852919          -986.134541787288           -454.899450983809       478.28308
design3_rebuilt_mutated_A_34_MET_relaxed.pdb   441.918715156579   1312.50058  566.791091587596          -1020.42725800674           -443.263064389185       582.46637
design3_rebuilt_mutated_A_31_TYR_relaxed.pdb   442.023584874489   1329.52968  574.583746901813          -1022.23590681516           -501.517467162621       541.89748
design3_rebuilt_mutated_A_62_PRO_relaxed.pdb   442.407194163613   1304.86174  565.190996575873          -1008.58049817719           -457.898616963207       559.52312
design3_rebuilt_mutated_A_62_GLN_relaxed.pdb   442.499164233243   1326.18582  572.13032191653           -1011.93919129763           -459.370186997259       559.82086
design3_rebuilt_mutated_A_12_SER_relaxed.pdb   442.826258459462   1281.27448  559.991546053291          -984.738357818459           -431.487705992667       585.20404
design3_rebuilt_mutated_A_49_TYR_relaxed.pdb   443.354962742781   1335.79855  578.041115903699          -966.048726909598           -382.039465712177       592.39558
design3_rebuilt_mutated_A_62_HIS_relaxed.pdb   443.533641618034   1309.72468  568.584574790548          -1017.71864478542           -476.416514817388       560.66588
design3_rebuilt_mutated_A_44_GLY_relaxed.pdb   443.595768657512   1287.9411   557.408693126901          -977.762207480952           -454.337697736205       553.21969
design3_rebuilt_mutated_A_16_LYS_relaxed.pdb   444.487907958042   1338.37708  578.580700722885          -1019.29535072613           -431.804810251979       474.87576
design3_rebuilt_mutated_A_27_GLU_relaxed.pdb   444.56494768627    1278.82655  550.168967526756          -981.261018753763           -464.321670526486       508.45317
design3_rebuilt_mutated_A_42_PHE_relaxed.pdb   444.567400433754   1312.61862  568.687769591367          -992.967776008108           -448.548925614561       549.72069
design3_rebuilt_mutated_A_26_SER_relaxed.pdb   444.688212134208   1300.94654  563.585320764774          -987.346982793659           -442.892018322577       482.56735
design3_rebuilt_mutated_A_23_THR_relaxed.pdb   445.282697292676   1304.40464  562.053792854752          -1017.00954931093           -485.19836240654        562.42814
design3_rebuilt_mutated_A_55_CYS_relaxed.pdb   445.375131455534   1283.84705  554.028705033068          -975.873509427716           -437.082062201014       483.39141
design3_rebuilt_mutated_A_47_MET_relaxed.pdb   445.74558926066    1313.99769  566.639622423241          -1020.86954389809           -488.143828350158       552.66942
design3_rebuilt_mutated_A_51_THR_relaxed.pdb   445.814934133341   1318.68032  571.402701453521          -1011.35934815984           -453.896899059272       573.3856
design3_rebuilt_mutated_A_33_GLY_relaxed.pdb   446.255498048855   1306.05156  565.181118760966          -994.638558578919           -456.654258358988       494.78749
design3_rebuilt_mutated_A_33_ARG_relaxed.pdb   446.602019245256   1321.26445  575.006763494457          -1020.65360812092           -482.165183989589       503.21589
design3_rebuilt_mutated_A_26_MET_relaxed.pdb   446.65688494432    1309.44757  563.71676258154           -994.157706170323           -440.218583935275       479.25515
design3_rebuilt_mutated_A_9_GLN_relaxed.pdb    446.679775089131   1307.71387  564.495686208254          -1003.26531361698           -459.807890427368       575.20788
design3_rebuilt_mutated_A_33_ASP_relaxed.pdb   447.169939028722   1309.78766  566.965635436434          -1007.14060358016           -466.652852303181       546.8804
design3_rebuilt_mutated_A_34_THR_relaxed.pdb   447.228879624006   1308.40582  566.025604421109          -1005.04731470066           -458.671392631858       547.27378
design3_rebuilt_mutated_A_58_TRP_relaxed.pdb   447.517573596658   1311.69815  564.293948218422          -1007.7688756861            -472.088050265227       559.09149
design3_rebuilt_mutated_A_34_GLU_relaxed.pdb   447.592572235609   1309.90472  565.051859574189          -1005.24822080461           -462.86234467811        523.94511
design3_rebuilt_mutated_A_26_ASN_relaxed.pdb   447.612761706406   1298.68514  561.781742661904          -998.148488260638           -448.699772339816       560.06758
design3_rebuilt_mutated_A_6_MET_relaxed.pdb    447.780103796823   1324.19087  572.694098660236          -1041.97192341288           -515.09954940914        600.36717
design3_rebuilt_mutated_A_26_ALA_relaxed.pdb   447.893966517279   1302.46239  562.419340117246          -999.560729792187           -457.288195445693       559.80707
design3_rebuilt_mutated_A_47_ARG_relaxed.pdb   448.015945005731   1335.81179  581.203432151798          -1045.83645828672           -520.016654682702       459.77945
design3_rebuilt_mutated_A_13_LEU_relaxed.pdb   448.461641035164   1314.04701  567.475032641747          -1009.47197263964           -481.789084082512       601.42836
design3_rebuilt_mutated_A_58_PRO_relaxed.pdb   448.944791914894   1305.9482   561.819550615016          -997.070969819739           -456.639946088711       488.37354
design3_rebuilt_mutated_A_62_ALA_relaxed.pdb   449.645577796522   1297.56766  559.494507924516          -992.437241800924           -452.759913519633       493.4916
design3_rebuilt_mutated_A_59_ARG_relaxed.pdb   449.938705269325   1349.2248   584.880445482722          -1054.08099453932           -491.404947258249       502.52387
design3_rebuilt_mutated_A_38_ASN_relaxed.pdb   450.177782628206   1306.91124  565.640199536578          -996.086228229044           -411.348597925888       563.02664
design3_rebuilt_mutated_A_58_MET_relaxed.pdb   450.179818260531   1306.2612   564.887888288796          -1021.28440526797           -494.19542294509        560.20409
design3_rebuilt_mutated_A_37_GLN_relaxed.pdb   450.494071933782   1347.60602  581.381359507724          -1019.91383398497           -449.418059665465       531.24266
design3_rebuilt_mutated_A_47_ASP_relaxed.pdb   450.542158324399   1305.3859   564.312271666039          -1005.57278302307           -474.716672254596       561.67615
design3_rebuilt_mutated_A_52_ASP_relaxed.pdb   450.802870486846   1319.90361  568.640799231172          -1000.06809509416           -455.599882335749       449.72881
design3_rebuilt_mutated_A_37_LYS_relaxed.pdb   450.953487874705   1353.59866  585.081006445184          -1033.68348696919           -457.341985487208       448.07115
design3_rebuilt_mutated_A_62_ASN_relaxed.pdb   451.094522518626   1306.13914  566.273263394446          -1005.4341823719            -468.511552216026       478.30684
design3_rebuilt_mutated_A_47_LEU_relaxed.pdb   451.12758794655    1312.48539  564.487924978954          -1023.05234803252           -490.0430473221         562.54482
design3_rebuilt_mutated_A_48_THR_relaxed.pdb   451.281339001076   1287.8871   554.400667233706          -988.563450437025           -481.210986634739       465.10199
design3_rebuilt_mutated_A_33_LEU_relaxed.pdb   451.299503813811   1310.3305   565.139969869861          -1021.45787945923           -488.787916003898       562.94416
design3_rebuilt_mutated_A_6_CYS_relaxed.pdb    451.411263275533   1285.23818  553.825606297795          -974.27079293928            -463.640958451348       494.05244
design3_rebuilt_mutated_A_48_VAL_relaxed.pdb   451.733518561279   1289.91207  553.365511032039          -975.719487346315           -443.316885358528       497.57585
design3_rebuilt_mutated_A_48_ASP_relaxed.pdb   452.099329133849   1305.20529  561.363480404593          -1001.07646154353           -470.8532710024         561.13263
design3_rebuilt_mutated_A_3_ILE_relaxed.pdb    452.388913759054   1302.48455  561.554813968319          -1023.50791496346           -491.34487985492        561.71388
design3_rebuilt_mutated_A_49_HIS_relaxed.pdb   452.458386169225   1299.96209  559.86250257285           -992.007823917697           -432.246129425901       466.14125
design3_rebuilt_mutated_A_33_LYS_relaxed.pdb   452.72942520994    1319.95879  573.477094297176          -1015.51924618119           -468.599006930337       481.37401
design3_rebuilt_mutated_A_55_GLU_relaxed.pdb   452.770947747475   1301.99087  561.711757993952          -993.099031988542           -442.220325551154       557.93505
design3_rebuilt_mutated_A_47_PRO_relaxed.pdb   452.815883885349   1301.37664  558.599653009737          -992.269709822976           -466.414596263667       465.0449
design3_rebuilt_mutated_A_44_MET_relaxed.pdb   453.420111294791   1308.83136  561.506624597334          -974.053494873625           -446.769372443567       390.00514
design3_rebuilt_mutated_A_3_HIS_relaxed.pdb    453.906381721852   1312.95957  564.298479015054          -1000.55643573222           -457.587198237901       477.51652
design3_rebuilt_mutated_A_35_ASN_relaxed.pdb   454.084670494848   1317.17939  563.64354815147           -1004.9743184132            -442.319230348481       475.20533
design3_rebuilt_mutated_A_51_ILE_relaxed.pdb   454.236205703036   1345.01369  579.745304695063          -1026.57123575994           -469.725664955228       595.98111
design3_rebuilt_mutated_A_49_TRP_relaxed.pdb   454.306491277799   1313.70766  567.848359876371          -977.190590942078           -398.94790898405        499.29876
design3_rebuilt_mutated_A_51_TYR_relaxed.pdb   454.422515865868   1365.5465   587.762821623875          -1015.42238857641           -440.082550534596       548.37559
design3_rebuilt_mutated_A_44_GLN_relaxed.pdb   454.491830282937   1295.40853  557.381531184315          -980.49854954912            -454.175869727333       554.37444
design3_rebuilt_mutated_A_59_MET_relaxed.pdb   454.813011961524   1314.93668  564.610147516006          -1002.08211159469           -447.70374119977        556.91011
design3_rebuilt_mutated_A_33_VAL_relaxed.pdb   454.929792582414   1307.22247  562.262600009827          -1009.89701054909           -472.663049372126       581.74577
design3_rebuilt_mutated_A_37_MET_relaxed.pdb   455.343275570321   1362.42247  589.633775967422          -1046.30336785588           -512.031293079745       525.45851
design3_rebuilt_mutated_A_49_ASP_relaxed.pdb   455.598448775829   1308.31876  564.008639861322          -1017.54143840916           -489.634063964581       552.78787
design3_rebuilt_mutated_A_3_GLN_relaxed.pdb    455.98259530144    1286.82648  554.953283121296          -978.100207880609           -441.763404346389       479.96694
design3_rebuilt_mutated_A_9_SER_relaxed.pdb    456.196059516772   1278.23912  548.366881713668          -971.443214333594           -436.355893321199       495.45668
design3_rebuilt_mutated_A_27_HIS_relaxed.pdb   456.294826517229   1285.06225  552.187342427303          -972.140750889802           -448.951188579212       542.04415
design3_rebuilt_mutated_A_38_HIS_relaxed.pdb   456.503794620118   1292.36895  554.455168685534          -998.633167137227           -463.286735097166       473.05258
design3_rebuilt_mutated_A_51_SER_relaxed.pdb   456.904675989054   1313.51766  564.937994880179          -1003.23839940369           -458.901796714186       559.23568
design3_rebuilt_mutated_A_52_LYS_relaxed.pdb   457.007366022175   1349.84028  584.772963182573          -1035.50112714804           -467.862498853682       495.13151
design3_rebuilt_mutated_A_17_LYS_relaxed.pdb   457.194055150959   1331.7183   576.184191721665          -1016.05015324498           -465.049279048918       580.09002
design3_rebuilt_mutated_A_51_GLN_relaxed.pdb   457.34401205472    1318.13507  566.422711482654          -1017.82762958844           -481.867783674244       559.01563
design3_rebuilt_mutated_A_55_MET_relaxed.pdb   457.378320531959   1307.30308  561.786281544715          -1007.29361214336           -470.463652944949       552.4086
design3_rebuilt_mutated_A_27_MET_relaxed.pdb   457.801699227562   1280.33046  549.154923650145          -988.937341226591           -466.465457448633       556.78808
design3_rebuilt_mutated_A_3_LEU_relaxed.pdb    457.898993395508   1303.89003  560.066473983988          -1020.0651290662            -495.126146450295       560.98319
design3_rebuilt_mutated_A_2_LEU_relaxed.pdb    458.530721892753   1305.23138  560.495053693769          -1016.75575394791           -486.104480042957       561.11325
design3_rebuilt_mutated_A_12_TYR_relaxed.pdb   458.671985611439   1311.47967  562.966800960125          -1006.83250364351           -460.930278482085       548.53981
design3_rebuilt_mutated_A_2_CYS_relaxed.pdb    458.850014132973   1300.71405  564.571232395981          -995.729629134392           -476.214905430451       612.87853
design3_rebuilt_mutated_A_34_ILE_relaxed.pdb   458.88440324616    1303.2057   559.83874890529           -986.814324248758           -437.436744887941       562.05515
design3_rebuilt_mutated_A_44_ALA_relaxed.pdb   459.046229404748   1294.37483  557.610513196556          -973.118798645624           -440.577384467536       485.30696
design3_rebuilt_mutated_A_48_GLU_relaxed.pdb   459.440901844919   1307.60294  563.425425171164          -989.765442452203           -458.396068973431       562.46776
design3_rebuilt_mutated_A_51_ASP_relaxed.pdb   459.50279728145    1298.05486  558.9146096962            -995.830215202077           -480.227756726945       490.62358
design3_rebuilt_mutated_A_28_GLU_relaxed.pdb   459.73885700584    1308.23575  562.988638853862          -997.479779598605           -453.631052081301       560.99932
design3_rebuilt_mutated_A_58_GLN_relaxed.pdb   459.740531907719   1320.19347  571.819288827834          -1014.11645861156           -468.956288743197       560.37263
design3_rebuilt_mutated_A_33_MET_relaxed.pdb   460.102733314236   1310.02805  563.038301468866          -1023.32464135653           -480.125098768422       583.00393
design3_rebuilt_mutated_A_35_GLY_relaxed.pdb   460.338512521731   1303.62966  561.087059172769          -996.770747174467           -455.194209359843       484.11269
design3_rebuilt_mutated_A_48_SER_relaxed.pdb   460.44156903141    1308.2068   563.469869663785          -999.282944624345           -465.833180379386       562.73931
design3_rebuilt_mutated_A_52_ASN_relaxed.pdb   460.51498052095    1328.70018  569.68011598478           -999.938223433531           -444.057507897376       545.31742
design3_rebuilt_mutated_A_30_CYS_relaxed.pdb   460.681834109137   1293.86613  558.602258154161          -985.609370374975           -458.807004797746       474.56952
design3_rebuilt_mutated_A_34_CYS_relaxed.pdb   460.89915329074    1303.06207  560.283330205735          -995.979997342638           -460.461819213561       552.29627
design3_rebuilt_mutated_A_16_ILE_relaxed.pdb   461.212625283889   1322.31386  568.818770192             -1033.45572174495           -491.462170666611       572.74821
design3_rebuilt_mutated_A_44_CYS_relaxed.pdb   462.085807884521   1291.43208  555.722944522594          -962.760722669042           -422.901579763536       486.10817
design3_rebuilt_mutated_A_62_ASP_relaxed.pdb   462.091266062111   1303.52529  563.105237589149          -1000.51619940429           -463.057772699189       492.37192
design3_rebuilt_mutated_A_62_MET_relaxed.pdb   462.337647724953   1303.26768  557.114589076845          -1003.23100993139           -462.593312433042       557.32461
design3_rebuilt_mutated_A_44_GLU_relaxed.pdb   462.350630283585   1319.34889  567.670205838342          -993.929561880771           -446.725695244424       552.17475
design3_rebuilt_mutated_A_27_ASP_relaxed.pdb   462.361058921851   1266.68946  542.699774287329          -976.542169276885           -473.577145732551       502.59917
design3_rebuilt_mutated_A_12_ALA_relaxed.pdb   462.414664497329   1277.73425  554.44724403111           -970.406859606611           -396.761764219243       566.92997
design3_rebuilt_mutated_A_28_THR_relaxed.pdb   462.517499131427   1307.2593   563.336729955177          -988.141895434013           -442.615073937775       563.77818
design3_rebuilt_mutated_A_34_LEU_relaxed.pdb   462.688535261254   1306.31831  561.246350290897          -991.975028123269           -428.484642717381       512.78814
design3_rebuilt_mutated_A_26_GLY_relaxed.pdb   462.698247582126   1304.06866  562.700818357474          -1007.30867442254           -479.529185307978       561.58917
design3_rebuilt_mutated_A_35_VAL_relaxed.pdb   462.969084652598   1319.6238   567.773380020043          -995.6487492266             -433.177760493909       495.74197
design3_rebuilt_mutated_A_3_VAL_relaxed.pdb    463.175654578279   1292.66245  555.337721578972          -995.070579516739           -460.663298070108       561.13205
design3_rebuilt_mutated_A_47_ILE_relaxed.pdb   463.248846434532   1286.39034  550.868550217229          -995.903544255764           -470.432284727912       561.79678
design3_rebuilt_mutated_A_35_ASP_relaxed.pdb   463.37448777789    1316.42081  566.278389622683          -1003.89550651506           -480.235462256648       475.59359
design3_rebuilt_mutated_A_38_PHE_relaxed.pdb   463.609234856246   1281.69255  550.981183417193          -1001.10728893429           -520.464473216939       518.24548
design3_rebuilt_mutated_A_51_LEU_relaxed.pdb   463.817621986677   1326.28858  570.605766404899          -1014.32590625311           -464.213997271948       600.17549
design3_rebuilt_mutated_A_37_PHE_relaxed.pdb   465.124035219908   1300.32911  561.748136938114          -1008.62613251901           -461.721606096177       475.849
design3_rebuilt_mutated_A_47_SER_relaxed.pdb   465.138158376688   1305.03478  563.19627751372           -1003.31400675103           -481.553590488685       477.42344
design3_rebuilt_mutated_A_44_PRO_relaxed.pdb   465.411767948965   1304.27558  562.645538918293          -994.093400303436           -455.961083998923       556.43647
design3_rebuilt_mutated_A_6_THR_relaxed.pdb    466.615486990042   1299.83305  558.078824534545          -981.719962000927           -448.200617252097       476.59969
design3_rebuilt_mutated_A_42_GLN_relaxed.pdb   466.871662124938   1306.68804  563.261297616359          -1000.01618120295           -484.650963853624       480.93148
design3_rebuilt_relaxed.pdb                    466.890865848861   1311.23877  560.927172932269          -1005.55402261736           -458.628522561759       557.85875
design3_rebuilt_mutated_A_51_VAL_relaxed.pdb   467.101921470495   1331.02625  570.533522663496          -1010.00705424752           -470.579820160108       547.61519
design3_rebuilt_mutated_A_59_LYS_relaxed.pdb   467.127509955025   1336.85724  576.330197541632          -1026.72262270677           -475.949218596956       479.85093
design3_rebuilt_mutated_A_48_ILE_relaxed.pdb   467.650336693983   1295.27618  556.579716737211          -995.772006619096           -455.089899445596       555.57407
design3_rebuilt_mutated_A_48_ALA_relaxed.pdb   468.378845941244   1306.81459  560.644470930339          -993.122714967595           -471.093104263385       562.17983
design3_rebuilt_mutated_A_45_HIS_relaxed.pdb   468.458235965619   1299.847    557.688390795631          -974.246701563998           -431.765308571748       552.73557
design3_rebuilt_mutated_A_16_VAL_relaxed.pdb   469.577634487958   1319.83802  563.765285306629          -1021.35094216434           -479.145065580939       571.4544
design3_rebuilt_mutated_A_44_LEU_relaxed.pdb   469.642432192487   1294.09157  557.231900270999          -973.032581247819           -441.822511590248       553.18439
design3_rebuilt_mutated_A_17_PHE_relaxed.pdb   470.025954583998   1342.10636  573.911316902266          -1004.79405297814           -437.682110931622       557.7796
design3_rebuilt_mutated_A_47_HIS_relaxed.pdb   470.054233236841   1304.68853  557.240149824317          -980.960086974041           -448.997535364577       475.90489
design3_rebuilt_mutated_A_17_HIS_relaxed.pdb   470.257518608828   1319.59407  564.266226758101          -999.435261402865           -447.693334578704       485.73028
design3_rebuilt_mutated_A_3_THR_relaxed.pdb    470.52176116331    1285.55296  549.239925107322          -977.764771103502           -448.139301835683       475.57652
design3_rebuilt_mutated_A_27_ILE_relaxed.pdb   470.849498522026   1263.26865  539.913730359283          -947.629752092244           -432.556958139707       552.79675
design3_rebuilt_mutated_A_63_HIS_relaxed.pdb   471.243059242012   1323.60417  573.834995093888          -1015.24601083466           -458.372597890062       558.97502
design3_rebuilt_mutated_A_49_ASN_relaxed.pdb   471.397184768297   1305.71402  557.214724415369          -992.795566091656           -463.630660814575       548.61239
design3_rebuilt_mutated_A_62_PHE_relaxed.pdb   472.054624405469   1299.96012  556.093195051928          -990.103279960734           -457.686578647503       553.0549
design3_rebuilt_mutated_A_3_ALA_relaxed.pdb    472.408291118563   1310.17981  565.819781895312          -995.449414341759           -469.164065156631       612.31553
design3_rebuilt_mutated_A_35_CYS_relaxed.pdb   472.596788428253   1321.52022  564.254719862874          -1005.9730845622            -472.043961410321       554.78736
design3_rebuilt_mutated_A_28_ASN_relaxed.pdb   473.703915982988   1310.58467  562.802126901865          -984.643209012852           -440.599260348104       496.92469
design3_rebuilt_mutated_A_3_LYS_relaxed.pdb    474.406007334211   1325.16382  573.324909074679          -1015.11967289381           -458.932684259799       597.75563
design3_rebuilt_mutated_A_12_ASP_relaxed.pdb   474.550911216171   1281.76957  553.645073786424          -962.173720969169           -378.450975321205       565.79076
design3_rebuilt_mutated_A_47_VAL_relaxed.pdb   474.767903985218   1280.68459  545.930916211385          -988.565180073454           -473.426107443946       557.08856
design3_rebuilt_mutated_A_9_ASN_relaxed.pdb    475.116379734824   1283.55794  548.320617812855          -969.523864514964           -453.666099595552       479.66037
design3_rebuilt_mutated_A_62_LEU_relaxed.pdb   475.126300025632   1308.2724   561.269582974706          -992.83717200985            -452.838756500945       561.07534
design3_rebuilt_mutated_A_44_LYS_relaxed.pdb   475.218576322612   1295.45476  552.596631641193          -974.615722231405           -438.427704422462       550.30799
design3_rebuilt_mutated_A_35_ILE_relaxed.pdb   475.270890003177   1337.83146  573.129763850488          -1027.20805248022           -491.972364147173       556.06226
design3_rebuilt_mutated_A_35_HIS_relaxed.pdb   475.397117436172   1335.95805  573.531381058668          -1007.59808306863           -448.484488954803       463.43741
design3_rebuilt_mutated_A_9_GLY_relaxed.pdb    475.482934695564   1279.5767   544.910748090233          -971.870162063654           -445.499006210796       564.03911
design3_rebuilt_mutated_A_34_SER_relaxed.pdb   475.636618492554   1300.98043  555.090706649187          -998.098125741429           -464.685151611878       545.61142
design3_rebuilt_mutated_A_35_TYR_relaxed.pdb   477.060898232649   1331.80946  571.19219514611           -1004.45538005344           -467.024564281923       548.03405
design3_rebuilt_mutated_A_63_CYS_relaxed.pdb   477.070492616316   1306.95456  560.991722627829          -981.111075179238           -445.069492664448       474.43719
design3_rebuilt_mutated_A_23_LEU_relaxed.pdb   477.072729568941   1324.46755  569.002159322604          -1003.69364266072           -440.97328292889        598.00835
design3_rebuilt_mutated_A_45_CYS_relaxed.pdb   477.108098315777   1259.35625  540.94949638787           -936.189953280253           -347.359303757577       480.26127
design3_rebuilt_mutated_A_62_CYS_relaxed.pdb   477.321870152971   1297.84832  553.323202754299          -981.354079139135           -445.53397533731        491.93439
design3_rebuilt_mutated_A_27_ALA_relaxed.pdb   477.763079098478   1276.61751  540.19614378995           -972.491782283343           -439.669116928648       461.98149
design3_rebuilt_mutated_A_28_CYS_relaxed.pdb   477.909123143147   1300.67001  555.187250235129          -975.504038856019           -424.282722996506       571.56293
design3_rebuilt_mutated_A_9_ALA_relaxed.pdb    478.177213206393   1280.67586  547.047993071096          -969.814518008908           -443.435179728549       490.90939
design3_rebuilt_mutated_A_62_LYS_relaxed.pdb   478.577224609289   1318.48501  566.296317194003          -1020.44793359473           -479.879185561036       563.3161
design3_rebuilt_mutated_A_23_GLY_relaxed.pdb   479.638837276553   1294.95059  555.803858131388          -980.941465071106           -459.645922661007       483.74454
design3_rebuilt_mutated_A_27_PHE_relaxed.pdb   479.896738071159   1305.6402   557.115274393684          -993.68719285433            -458.643974231215       448.80871
design3_rebuilt_mutated_A_58_LYS_relaxed.pdb   480.099251145276   1308.81635  561.532993651405          -997.421444327358           -442.344690326391       569.55281
design3_rebuilt_mutated_A_48_GLY_relaxed.pdb   480.444985997185   1297.19651  555.21681409851           -991.81595947452            -471.503493034915       555.7129
design3_rebuilt_mutated_A_9_HIS_relaxed.pdb    480.689936653627   1311.80559  560.605697322513          -985.443367472817           -434.695088729179       500.85119
design3_rebuilt_mutated_A_44_THR_relaxed.pdb   480.884368991231   1307.61025  559.793766349381          -979.409385793623           -439.726253032679       547.68495
design3_rebuilt_mutated_A_48_PRO_relaxed.pdb   481.248940166463   1311.69427  563.192753752901          -1007.20233381332           -497.578097534146       456.15641
design3_rebuilt_mutated_A_47_CYS_relaxed.pdb   481.404661320217   1303.50042  558.771798889893          -991.599063781006           -480.43104206931        488.72198
design3_rebuilt_mutated_A_62_THR_relaxed.pdb   481.766944944513   1310.37271  561.777915110268          -1002.66511117884           -464.590546444416       560.24196
design3_rebuilt_mutated_A_23_HIS_relaxed.pdb   481.830470086993   1301.06529  555.525736111059          -992.360226611334           -457.84755340922        559.22287
design3_rebuilt_mutated_A_9_CYS_relaxed.pdb    482.223867348717   1273.92188  541.206211191199          -953.334509525818           -422.124988854892       488.03911
design3_rebuilt_mutated_A_27_VAL_relaxed.pdb   482.378618849778   1264.94346  535.606111085574          -956.460594140822           -438.38629214505        540.46701
design3_rebuilt_mutated_A_28_LEU_relaxed.pdb   483.465369945831   1304.17794  558.437586544526          -982.873181227928           -436.636635760079       575.77958
design3_rebuilt_mutated_A_51_CYS_relaxed.pdb   484.518867307705   1296.66982  553.735387641717          -978.956882257259           -439.349315387173       555.07496
design3_rebuilt_mutated_A_62_SER_relaxed.pdb   485.143034787479   1298.32336  552.630788794397          -970.100159714992           -429.540170974968       490.27402
design3_rebuilt_mutated_A_9_LEU_relaxed.pdb    485.321621962366   1288.27622  546.849474308411          -973.594468789157           -443.178145371633       481.77985
design3_rebuilt_mutated_A_55_GLN_relaxed.pdb   485.935215936945   1311.67142  563.597889656469          -1013.62992228799           -487.320269989109       561.25504
design3_rebuilt_mutated_A_52_CYS_relaxed.pdb   485.949763478214   1316.54878  562.853542352343          -996.081635060376           -481.155108345831       458.4093
design3_rebuilt_mutated_A_34_ASN_relaxed.pdb   486.644603546027   1304.52232  556.820075846086          -961.185714136001           -407.228187323056       489.67156
design3_rebuilt_mutated_A_23_TYR_relaxed.pdb   487.526904113531   1308.29711  556.621431462986          -999.299413826378           -471.38142436594        562.67337
design3_rebuilt_mutated_A_9_GLU_relaxed.pdb    487.793294169739   1304.7961   557.642880578406          -984.410751345583           -452.886329139305       475.95702
design3_rebuilt_mutated_A_23_ALA_relaxed.pdb   489.080575447158   1304.02921  553.175362511967          -986.604526268647           -445.774870707798       559.53014
design3_rebuilt_mutated_A_28_HIS_relaxed.pdb   489.37070513111    1304.08155  559.395228478146          -969.577303372272           -428.843392234808       564.6876
design3_rebuilt_mutated_A_55_LYS_relaxed.pdb   489.420409341224   1320.86276  563.492512942304          -1016.58183370496           -474.232128851681       560.06367
design3_rebuilt_mutated_A_55_THR_relaxed.pdb   489.466462203377   1338.24029  571.460764255078          -1018.97928283366           -433.691597460432       577.39692
design3_rebuilt_mutated_A_31_HIS_relaxed.pdb   490.01567046559    1339.74851  569.718768911131          -994.879848244454           -400.606370099556       565.42045
design3_rebuilt_mutated_A_49_CYS_relaxed.pdb   490.283662286537   1290.88707  546.203323035847          -966.157787139151           -446.572826594499       513.43607
design3_rebuilt_mutated_A_51_ARG_relaxed.pdb   490.536457481696   1350.71952  575.318537643044          -1015.35736810596           -443.392206415791       492.02638
design3_rebuilt_mutated_A_6_PRO_relaxed.pdb    491.348399257318   1267.89504  540.179329821523          -969.878226152126           -453.178951718728       496.11097
design3_rebuilt_mutated_A_34_ALA_relaxed.pdb   491.415801430206   1304.77646  553.339586921165          -985.679070627961           -443.811213295232       541.17495
design3_rebuilt_mutated_A_33_GLU_relaxed.pdb   492.475060294311   1311.15927  556.683081291608          -991.95939275114            -446.187102356161       543.57961
design3_rebuilt_mutated_A_48_CYS_relaxed.pdb   493.023321689563   1306.844    555.152105993834          -974.344018406324           -453.716320479841       558.34022
design3_rebuilt_mutated_A_33_PRO_relaxed.pdb   493.557012342434   1325.06119  566.486849811041          -1003.45529626006           -456.892130519677       494.7528
design3_rebuilt_mutated_A_51_GLU_relaxed.pdb   493.61832949045    1312.11274  556.189458948672          -988.172757562002           -436.205751142285       481.99068
design3_rebuilt_mutated_A_28_ASP_relaxed.pdb   494.270188116737   1314.50358  564.544126045924          -988.792426824462           -451.185447317374       563.66035
design3_rebuilt_mutated_A_3_ASP_relaxed.pdb    496.160932223144   1306.07715  556.19597715009           -980.13360473417            -421.451909209233       581.11103
design3_rebuilt_mutated_A_49_ALA_relaxed.pdb   496.81018003945    1283.11561  540.953362769087          -951.78363045267            -440.446392813611       495.81765
design3_rebuilt_mutated_A_23_LYS_relaxed.pdb   497.677273058852   1318.18211  561.712148391435          -994.964843180349           -450.430223181893       582.30477
design3_rebuilt_mutated_A_63_TRP_relaxed.pdb   498.399261488317   1348.50679  579.0957962953            -1018.62360822851           -457.241222389484       480.73637
design3_rebuilt_mutated_A_23_VAL_relaxed.pdb   498.476651006242   1305.18051  552.561868248083          -988.555124043714           -456.18015746189        553.5255
design3_rebuilt_mutated_A_51_LYS_relaxed.pdb   500.542094389434   1339.66545  573.205042696414          -1024.94485920716           -471.977434505282       582.1577
design3_rebuilt_mutated_A_37_ILE_relaxed.pdb   500.745025223293   1337.76061  570.56687059607           -1000.40944581353           -446.775156997656       475.44233
design3_rebuilt_mutated_A_23_PHE_relaxed.pdb   500.803944113053   1314.23541  556.126935759577          -1000.87722272124           -462.208414680673       562.79535
design3_rebuilt_mutated_A_58_THR_relaxed.pdb   501.308943373446   1321.25664  560.189542211305          -997.591667693098           -456.319667738811       480.93875
design3_rebuilt_mutated_A_42_TYR_relaxed.pdb   501.826359708478   1318.97082  559.442713830508          -1012.29619357542           -432.610223585939       580.95163
design3_rebuilt_mutated_A_12_PHE_relaxed.pdb   502.282780887643   1306.05913  549.226080147138          -984.133235108006           -449.181547627838       547.77292
design3_rebuilt_mutated_A_16_LEU_relaxed.pdb   502.797868286147   1322.31278  559.574909218046          -1010.12360544287           -458.685581615303       576.22094
design3_rebuilt_mutated_A_62_ILE_relaxed.pdb   502.914180477705   1309.36264  554.623853636058          -981.764395510403           -430.650845279876       480.62138
design3_rebuilt_mutated_A_35_PHE_relaxed.pdb   503.77027561543    1341.98557  568.760156148027          -1007.73265604523           -445.247672273814       583.3256
design3_rebuilt_mutated_A_35_GLU_relaxed.pdb   503.932952472351   1342.90628  572.388283650281          -1013.19195266377           -476.229585310902       502.0941
design3_rebuilt_mutated_A_23_SER_relaxed.pdb   503.992561627084   1304.90446  550.672368105701          -975.98520450543            -435.085284137714       558.49429
design3_rebuilt_mutated_A_9_ASP_relaxed.pdb    504.28207054482    1286.72968  547.429227204918          -957.687778918323           -436.061539178389       480.10154
design3_rebuilt_mutated_A_24_TRP_relaxed.pdb   504.642171501482   1310.90929  554.785777773161          -973.707493654345           -425.003797440599       504.09422
design3_rebuilt_mutated_A_28_ILE_relaxed.pdb   505.02760284025    1301.5706   553.244579403221          -945.768542191893           -390.228480583373       498.24072
design3_rebuilt_mutated_A_49_SER_relaxed.pdb   505.0326507073     1285.01967  538.694823277447          -959.64673711633            -463.443903646061       516.26464
design3_rebuilt_mutated_A_28_LYS_relaxed.pdb   505.839020153582   1311.84625  557.252167565597          -966.265025704161           -427.621582872857       483.74981
design3_rebuilt_mutated_A_35_MET_relaxed.pdb   506.547345872294   1354.26439  577.282492212964          -1012.22237689261           -478.752667746358       498.08192
design3_rebuilt_mutated_A_16_HIS_relaxed.pdb   508.158856972006   1321.39878  557.545333588252          -985.885539898535           -465.680391679493       512.0511
design3_rebuilt_mutated_A_2_ARG_relaxed.pdb    508.304227995242   1378.14091  592.614288039982          -1049.76929892632           -457.365897771851       636.49854
design3_rebuilt_mutated_A_23_CYS_relaxed.pdb   509.169712258037   1301.17878  547.890622766843          -969.472256468547           -443.714308686903       476.29661
design3_rebuilt_mutated_A_35_LYS_relaxed.pdb   509.179553604942   1366.02738  582.532129895472          -1033.83921155281           -471.280788136553       558.22716
design3_rebuilt_mutated_A_34_PRO_relaxed.pdb   509.928033084674   1303.54935  551.282145153355          -957.40473250142            -415.86565614703        543.58619
design3_rebuilt_mutated_A_63_PHE_relaxed.pdb   510.031995014276   1332.38407  567.785959550811          -1020.93890862007           -456.820581280941       574.00473
design3_rebuilt_mutated_A_58_ASN_relaxed.pdb   510.700864289579   1326.94758  562.622598842286          -1003.75466053761           -456.579568926218       556.61271
design3_rebuilt_mutated_A_31_TRP_relaxed.pdb   511.445726897861   1322.89735  559.192704385588          -1017.43821646302           -467.743098159403       509.017
design3_rebuilt_mutated_A_28_VAL_relaxed.pdb   511.748726600391   1313.04217  557.836098556288          -965.58820947386            -397.320929212451       575.2538
design3_rebuilt_mutated_A_28_GLN_relaxed.pdb   512.418168062876   1313.27293  558.267919420745          -994.972571639928           -475.641853577821       480.47327
design3_rebuilt_mutated_A_33_CYS_relaxed.pdb   513.048330066235   1310.12198  558.123454808669          -989.558988954645           -469.662187238629       474.75003
design3_rebuilt_mutated_A_38_ILE_relaxed.pdb   514.51475419801    1312.26383  559.644026697296          -980.754609683335           -432.907151641355       502.15906
design3_rebuilt_mutated_A_33_ALA_relaxed.pdb   514.95240553239    1312.15013  557.897548139556          -987.904335352356           -470.515812274674       474.97047
design3_rebuilt_mutated_A_2_ILE_relaxed.pdb    516.560300651044   1350.02835  576.058903513182          -1046.76209723585           -507.152156670239       580.38775
design3_rebuilt_mutated_A_48_ASN_relaxed.pdb   519.000128332374   1318.64339  557.062056662488          -974.540590549566           -431.145583332033       478.25933
design3_rebuilt_mutated_A_16_MET_relaxed.pdb   520.325204067282   1317.04232  553.447924880511          -991.411592891504           -439.308769068973       580.36431
design3_rebuilt_mutated_A_16_TYR_relaxed.pdb   520.364416594362   1318.58812  553.913337626304          -994.601885613399           -438.864100097533       588.14667
design3_rebuilt_mutated_A_63_TYR_relaxed.pdb   520.782510344541   1338.58737  570.447192718765          -1018.86182115492           -453.756962719894       573.12357
design3_rebuilt_mutated_A_51_TRP_relaxed.pdb   521.209917160119   1337.59065  566.964401597354          -1032.80053005013           -508.302379117959       563.09387
design3_rebuilt_mutated_A_23_GLU_relaxed.pdb   521.263589968477   1315.59515  552.84293166508           -966.065832260847           -419.38040875288        480.67896
design3_rebuilt_mutated_A_41_TRP_relaxed.pdb   521.689352619939   1308.07644  550.616498793606          -950.156783117105           -400.009096209895       521.02828
design3_rebuilt_mutated_A_51_MET_relaxed.pdb   521.699355923437   1353.50487  572.539232261778          -1010.17901879176           -452.525568363908       484.17532
design3_rebuilt_mutated_A_62_GLU_relaxed.pdb   521.853988820312   1316.9524   557.546080169623          -982.626884908047           -447.654744655096       477.30383
design3_rebuilt_mutated_A_48_LYS_relaxed.pdb   522.308949959454   1335.00916  561.229020358524          -1011.61760184716           -483.515709098715       557.85322
design3_rebuilt_mutated_A_34_GLN_relaxed.pdb   522.415476560932   1304.63935  550.625173789692          -972.38807455538            -459.419177527681       473.08542
design3_rebuilt_mutated_A_23_MET_relaxed.pdb   523.590823752534   1320.83908  556.906419501297          -998.593862311683           -429.754364375624       564.24281
design3_rebuilt_mutated_A_33_THR_relaxed.pdb   524.314910578668   1315.59444  555.020660024905          -986.429967650588           -439.070833138291       499.0979
design3_rebuilt_mutated_A_23_ARG_relaxed.pdb   525.359678605796   1322.64042  559.339212499404          -987.99556637314            -440.770220644528       476.20698
design3_rebuilt_mutated_A_3_TRP_relaxed.pdb    526.432346205873   1328.57005  563.445760817591          -1005.5342189974            -463.422958623527       558.59509
design3_rebuilt_mutated_A_9_LYS_relaxed.pdb    526.753710737046   1291.63079  541.225780936897          -959.900238322997           -424.452438940275       560.93584
design3_rebuilt_mutated_A_58_ALA_relaxed.pdb   526.969561364843   1321.25628  558.606503784473          -994.14635149996            -481.773696161939       488.79119
design3_rebuilt_mutated_A_58_CYS_relaxed.pdb   527.450147927056   1320.82195  558.82428517215           -993.906601949493           -477.941868108094       488.05302
design3_rebuilt_mutated_A_58_SER_relaxed.pdb   529.359884966053   1321.92614  558.771274511053          -995.106034644584           -477.382001931657       487.59402
design3_rebuilt_mutated_A_35_LEU_relaxed.pdb   529.801514707966   1342.42128  568.843137307179          -997.201426211483           -467.876639861667       513.79291
design3_rebuilt_mutated_A_23_ILE_relaxed.pdb   532.212418117309   1324.2957   559.89449831357           -974.5777106134             -415.467863548734       565.48574
design3_rebuilt_mutated_A_12_TRP_relaxed.pdb   532.281666423293   1304.31193  542.766089097433          -959.823005925139           -434.723862595421       548.14032
design3_rebuilt_mutated_A_16_THR_relaxed.pdb   533.269085270988   1318.78137  551.650706623281          -976.70122434882            -434.129279699246       568.94374
design3_rebuilt_mutated_A_2_HIS_relaxed.pdb    534.176765300308   1339.68336  569.912145975174          -1015.21786806933           -474.981631613518       597.91046
design3_rebuilt_mutated_A_27_GLN_relaxed.pdb   535.257286689      1272.46532  530.29444281232           -936.979487139474           -438.882601636435       538.10624
design3_rebuilt_mutated_A_12_HIS_relaxed.pdb   536.350204180618   1304.74566  545.336694257081          -956.51712250215            -421.093727540505       549.77527
design3_rebuilt_mutated_A_23_ASN_relaxed.pdb   537.242509072253   1297.90378  543.879533857678          -939.81557193213            -411.024080583892       476.78018
design3_rebuilt_mutated_A_27_GLY_relaxed.pdb   541.103565741292   1278.58567  534.311000771371          -947.554714149869           -424.466725877536       450.44167
design3_rebuilt_mutated_A_58_ILE_relaxed.pdb   541.525135289276   1330.77535  561.070312292563          -1016.20952595314           -491.018320087541       561.87846
design3_rebuilt_mutated_A_58_ASP_relaxed.pdb   541.642870856351   1325.20264  559.629812419451          -987.709553225217           -448.164122319316       560.61478
design3_rebuilt_mutated_A_49_PRO_relaxed.pdb   544.255307077621   1295.41827  539.259580944511          -933.780738447159           -430.656649810566       515.67831
design3_rebuilt_mutated_A_3_SER_relaxed.pdb    545.452804912195   1324.74004  562.98404100506           -995.2772592114             -478.068292477112       613.37944
design3_rebuilt_mutated_A_6_GLN_relaxed.pdb    548.107447650949   1330.92505  563.046016243807          -996.209695552588           -469.303015795366       588.31945
design3_rebuilt_mutated_A_38_ARG_relaxed.pdb   548.766290854038   1323.04323  555.764163148838          -974.620673202472           -416.020858771231       575.85767
design3_rebuilt_mutated_A_33_ILE_relaxed.pdb   549.595881929756   1347.15558  568.486980836805          -1017.93950698546           -477.858593819259       479.48462
design3_rebuilt_mutated_A_41_VAL_relaxed.pdb   556.629113710485   1275.28662  532.106776504404          -856.800181946101           -294.566317691197       516.12989
design3_rebuilt_mutated_A_16_PHE_relaxed.pdb   558.766933283859   1323.26266  550.660071096561          -976.503814975098           -426.608444672746       585.86604
design3_rebuilt_mutated_A_38_SER_relaxed.pdb   558.92259613533    1286.49453  529.621519424691          -922.771560479905           -402.993480992313       478.72093
design3_rebuilt_mutated_A_28_SER_relaxed.pdb   565.82988457516    1298.70872  539.627792428551          -920.48478484295            -360.266696016196       582.66861
design3_rebuilt_mutated_A_38_ALA_relaxed.pdb   569.100875215839   1291.06314  532.032403398952          -920.673609078142           -398.231530264301       488.91426
design3_rebuilt_mutated_A_41_HIS_relaxed.pdb   570.467769901216   1302.67093  544.544150071494          -910.495134047344           -353.562679908909       555.38587
design3_rebuilt_mutated_A_34_LYS_relaxed.pdb   577.532489605418   1320.56027  548.435250733491          -953.799291007167           -384.37846180565        492.42552
design3_rebuilt_mutated_A_23_TRP_relaxed.pdb   578.586959673526   1327.85093  551.325304848558          -963.240055502592           -386.947749881988       487.63772
design3_rebuilt_mutated_A_34_GLY_relaxed.pdb   586.39148830198    1313.40564  545.290231286749          -943.960845559093           -393.369651947829       541.66505
design3_rebuilt_mutated_A_27_LYS_relaxed.pdb   589.455400861035   1292.21757  530.144307657426          -948.177002089291           -400.384619155455       470.1006
design3_rebuilt_mutated_A_38_LYS_relaxed.pdb   591.834732863809   1309.42796  542.359283967308          -931.78373375631            -323.335134942164       436.91134
design3_rebuilt_mutated_A_49_GLY_relaxed.pdb   605.46937157938    1303.73438  531.880577123066          -923.105700616948           -401.005246005454       502.48587
design3_rebuilt_mutated_A_41_MET_relaxed.pdb   607.413215589412   1322.55377  546.002605077916          -867.01663282399            -299.769972471252       459.93275
design3_rebuilt_mutated_A_38_LEU_relaxed.pdb   607.994064372685   1302.15465  533.810579526149          -930.371710587015           -384.069826295525       517.08086
design3_rebuilt_mutated_A_38_CYS_relaxed.pdb   619.276391323508   1291.24945  524.800097912132          -901.913156633713           -357.634145359971       476.06681
design3_rebuilt_mutated_A_41_SER_relaxed.pdb   621.155285036178   1260.82383  510.839021965082          -801.867893213041           -252.3249829328         405.43349
design3_rebuilt_mutated_A_28_PHE_relaxed.pdb   621.408791595252   1308.45447  535.025090488736          -907.567096377254           -336.624508287745       556.45513
design3_rebuilt_mutated_A_41_ASP_relaxed.pdb   621.846692380133   1284.98297  524.903167016658          -834.479785309402           -298.120760650982       460.30496
design3_rebuilt_mutated_A_2_LYS_relaxed.pdb    626.042685900645   1379.72292  580.44511259002           -1034.40245580166           -483.648632417232       618.60425
design3_rebuilt_mutated_A_41_ALA_relaxed.pdb   640.460348492648   1260.44582  508.965890944937          -799.672218562508           -256.351184071291       406.21522
design3_rebuilt_mutated_A_41_LEU_relaxed.pdb   642.496981719389   1287.9785   521.520915534794          -848.165204490458           -261.272054566889       525.45599
design3_rebuilt_mutated_A_38_GLY_relaxed.pdb   646.343391186807   1292.69925  516.493311824767          -890.442810065122           -385.067168386431       450.71318
design3_rebuilt_mutated_A_42_LYS_relaxed.pdb   660.587974717655   1348.36782  544.004241349635          -907.61044964709            -308.356680409705       547.60319
design3_rebuilt_mutated_A_41_ARG_relaxed.pdb   660.603823866523   1299.95775  526.017087936174          -839.68672994316            -274.23191868029        486.37566
design3_rebuilt_mutated_A_41_ASN_relaxed.pdb   670.439162542628   1272.31623  507.702642219767          -796.614929226094           -237.168558848031       461.30024
design3_rebuilt_mutated_A_41_LYS_relaxed.pdb   695.92547665907    1318.44468  526.350355344612          -834.684661778437           -232.456286684499       458.1289
design3_rebuilt_mutated_A_41_GLU_relaxed.pdb   701.858213140975   1320.84804  525.344459226627          -832.079927150093           -260.319114345833       424.22149
design3_rebuilt_mutated_A_41_THR_relaxed.pdb   734.388192044524   1270.52549  499.565223300177          -771.621434546893           -223.009295976042       405.29163
design3_rebuilt_mutated_A_41_PRO_relaxed.pdb   734.700330023086   1271.90589  497.123835946896          -768.408752788135           -213.670058327319       379.97893
design3_rebuilt_mutated_A_41_GLN_relaxed.pdb   754.230243789105   1282.91215  499.41710465755           -795.62569431687            -271.771602885709       356.76138
design3_rebuilt_mutated_A_41_ILE_relaxed.pdb   762.249722118476   1284.43811  497.908369927472          -775.315153556026           -198.387887946567       394.57337
design3_rebuilt_mutated_A_41_CYS_relaxed.pdb   777.571991943187   1244.65505  472.400815723865          -738.073274452607           -171.737667364868       507.61744
design3_rebuilt_mutated_A_41_GLY_relaxed.pdb   820.496326874314   1235.62706  462.349959839631          -706.667786888514           -176.010869160392       360.41687
