ID           modified                   pseudoenergy            area                  best_core_pseudoenergy  best_core_area        ic_fraction        ic_area_pseudoenergy  ic_area_total         ic_best_core_pseudoenergy  ic_best_core_area
design1.pdb  rebuilt_mutated_A_27_GLY   -12532.555925936905624  9367.673090000012962  -12985.214728326589466  9062.842900000008740  0.133084328202149  -540.007848967087966  1246.690479999999980  -824.881655245652610       859.169500000000198
design1.pdb  rebuilt_mutated_A_27_ARG   -12448.623039436673935  9297.473810000012236  -12908.871127233291190  8988.810330000007525  0.133514850954982  -491.959030355939888  1241.350830000000087  -780.605292799966719       869.480660000000285
design1.pdb  rebuilt_mutated_A_27_ALA   -12428.682085970200205  9366.841610000012224  -12881.340888359880410  9062.011420000009821  0.133096141891525  -530.231302543218476  1246.690479999999980  -816.693709970915847       859.169500000000198
design1.pdb  rebuilt_mutated_A_27_PRO   -12426.029520295023758  9369.463730000012220  -12878.688322684698505  9064.633540000009816  0.133090649148604  -515.298447911296648  1246.988010000000031  -811.231325556930756       859.467030000000250
design1.pdb  rebuilt_mutated_A_27_CYS   -12322.609522736334839  9364.442780000012135  -12775.268325126016862  9059.612590000009732  0.133130236287268  -493.931870717976096  1246.690479999999980  -791.136270779274241       859.169500000000198
design1.pdb  rebuilt_mutated_A_27_LEU   -12319.708139206615670  9365.614850000012666  -12772.366941596294055  9060.784660000010263  0.133032677507553  -492.480170592899924  1245.932819999999992  -777.122266346805645       858.411840000000325
design1.pdb  rebuilt_mutated_A_27_GLN   -12303.997420963338300  9351.514060000010431  -12755.485595339796419  9046.683870000008028  0.132901264118935  -531.687641681358627  1242.828040000000101  -807.702915390337466       855.307060000000206
design1.pdb  rebuilt_mutated_A_230_ARG  -12264.389310895036033  9345.285120000005918  -12718.298790669272421  9040.454930000008972  0.133277717480705  -411.602158933827582  1245.518270000000030  -717.295215726129754       857.997290000000248
design1.pdb  rebuilt_mutated_A_27_GLU   -12253.891485089958223  9350.032390000011219  -12705.379659466396333  9045.202200000008816  0.132930967311868  -526.258629425454842  1242.908850000000029  -803.845489610449476       855.387870000000134
design1.pdb  rebuilt_mutated_A_27_ILE   -12192.134058365469173  9366.959250000010798  -12645.197480391660065  9062.129060000008394  0.132983983035903  -465.205542266138139  1245.655549999999948  -750.785335123887421       858.134570000000281
design1.pdb  rebuilt_mutated_A_161_PHE  -12188.365874808883746  9346.755070000011983  -12576.470852193613609  9052.995770000010452  0.131885829977141  -531.967876730207990  1232.704550000000154  -759.522241830002486       855.162510000000339
design1.pdb  rebuilt_mutated_A_161_TRP  -12170.031438299911315  9370.780090000009295  -12571.670412967649099  9068.076310000013109  0.133716791768187  -539.178438725446313  1253.030650000000151  -760.017836776887634       860.226880000000165
design1.pdb  rebuilt_mutated_A_27_LYS   -12132.200639633601895  9378.055390000014086  -12584.859442023274823  9073.225200000013501  0.132793119491268  -384.299728948823315  1245.341229999999996  -735.300175714309262       857.872250000000236
design1.pdb  rebuilt_mutated_A_161_TYR  -12115.187805403083985  9347.923300000009476  -12520.644978065751275  9054.141860000010638  0.131841691512381  -507.207869533134385  1232.446020000000090  -743.936974371130077       858.276140000000282
design1.pdb  rebuilt_mutated_A_227_TRP  -12111.241635931884957  9372.488780000008774  -12496.841386555650388  9090.941950000009456  0.134157580714650  -556.768531042713789  1257.390420000000177  -774.173072593531629       889.701000000000136
design1.pdb  rebuilt_mutated_A_230_PRO  -12110.180244673521884  9346.760450000005221  -12562.052451611427387  9041.930260000013732  0.132629441679978  -466.088553723446353  1239.655620000000226  -755.456020614866361       852.134640000000331
design1.pdb  rebuilt_mutated_A_230_GLN  -12109.367859052672429  9356.273440000008122  -12563.432103883167656  9051.443250000009357  0.133121191678211  -422.051055056007897  1245.518270000000030  -728.388933680796981       857.997290000000248
design1.pdb  rebuilt_mutated_A_97_GLU   -12103.895692826934464  9337.547860000013316  -12555.006199633600772  9032.717670000003636  0.133292160710810  -428.096860941299212  1244.621930000000020  -768.428724476927414       834.386300000000233
design1.pdb  rebuilt_mutated_A_27_HIS   -12095.361334561481272  9375.001860000011220  -12548.622762953480560  9070.171670000008817  0.132947789089825  -447.157908201301154  1246.385769999999866  -751.400920914709786       858.864790000000198
design1.pdb  rebuilt_mutated_A_32_TRP   -12088.733752939953774  9370.596310000011727  -12538.836843318409592  9068.565340000006472  0.132569167308414  -501.691392379396405  1242.252150000000029  -795.345122495973328       853.507400000000189
design1.pdb  rebuilt_mutated_A_97_LEU   -12083.868413625850735  9336.491240000013931  -12535.302248631498514  9031.661050000006071  0.133284590325391  -422.455081502791643  1244.410409999999956  -761.407308885339944       817.475100000000225
design1.pdb  rebuilt_mutated_A_161_PRO  -12081.457412314632165  9309.244040000010500  -12475.193201518693968  9015.779850000009901  0.130483882985626  -507.131521885582742  1214.706310000000030  -730.261783535328277       826.336310000000253
design1.pdb  rebuilt_mutated_A_27_ASP   -12074.104948579481061  9347.512350000011793  -12526.757630996762600  9042.682160000009389  0.133011343921894  -474.559053236787747  1243.325180000000046  -780.279430443306296       855.804200000000264
design1.pdb  rebuilt_mutated_A_97_THR   -12070.773796849176506  9304.499560000012934  -12543.025229239055989  8896.393180000002758  0.133261853794961  -414.884548286092866  1239.934860000000072  -769.606313787976319       817.475100000000225
design1.pdb  rebuilt_mutated_A_230_GLU  -12067.271988631313434  9355.232060000005731  -12521.292316694029068  9050.401870000010604  0.133136010097007  -418.222171998569024  1245.518270000000030  -724.449357575296062       857.997290000000248
design1.pdb  rebuilt_mutated_A_2_ASP    -12065.907106097774886  9353.467790000011519  -12518.465858824614770  9048.637600000010934  0.132838332038560  -460.230660380671395  1242.499060000000100  -748.728421481938312       856.522080000000301
design1.pdb  rebuilt_mutated_A_161_ASP  -12057.019180762365067  9316.585510000009890  -12459.171082955159363  9027.097580000010566  0.130833757570481  -509.458214378510661  1218.923890000000029  -731.186057752366082       826.336310000000253
design1.pdb  rebuilt_mutated_A_105_ARG  -12056.327011423161821  9350.185930000016015  -12507.728449309515781  9045.355740000009973  0.132369497169988  -472.140286257024570  1237.679410000000189  -733.382617622983730       848.514330000000200
design1.pdb  rebuilt_mutated_A_161_GLY  -12052.070545884116655  9294.103940000009970  -12450.794900238570335  9008.245930000008229  0.129878053634076  -504.371087686097098  1207.100130000000036  -730.261783535328277       826.336310000000253
design1.pdb  rebuilt_mutated_A_2_PRO    -12050.588657940528719  9360.442230000011477  -12499.586461458309714  9058.844430000004650  0.134267880631960  -330.221753977591391  1256.806740000000218  -660.153388827352728       835.993050000000267
design1.pdb  rebuilt_mutated_A_161_THR  -12039.716141131737459  9313.555510000011054  -12425.409298274140383  9015.938250000011976  0.130869395548382  -517.106891532867166  1218.859380000000101  -730.261783535328277       826.336310000000253
design1.pdb  rebuilt_mutated_A_161_HIS  -12037.692634697968970  9337.787270000009812  -12431.156981927048037  9045.569950000010067  0.131478966536791  -507.768830807032714  1227.722620000000006  -748.560700251593858       848.555410000000279
design1.pdb  rebuilt_mutated_A_32_HIS   -12032.354544675561556  9334.857010000012451  -12486.998588750875570  9027.598270000009506  0.133002208675503  -516.806470109708926  1241.556600000000117  -815.903017181000905       871.091170000000261
design1.pdb  rebuilt_mutated_A_161_ASN  -12030.459467533637508  9318.583500000009735  -12439.049527941340784  9027.185190000011062  0.130864669506905  -505.906184215026883  1219.473349999999982  -731.096514061374251       826.336310000000253
design1.pdb  rebuilt_mutated_A_230_TYR  -12029.790147297666408  9335.341400000006615  -12483.393379335520876  9030.511210000009669  0.133419680827099  -409.150217449003492  1245.518270000000030  -713.307177896778512       857.997290000000248
design1.pdb  rebuilt_mutated_A_2_ASN    -12025.740105114544349  9354.815950000011071  -12478.093575001741556  9049.985760000006849  0.132765506733459  -445.953472881053983  1241.996879999999919  -739.132504370797164       856.279800000000137
design1.pdb  rebuilt_mutated_A_53_ARG   -12024.140063272005136  9397.446960000015679  -12467.823672411825100  9097.996890000007625  0.134964156264841  -544.259430138722564  1268.318499999999858  -820.710547827014125       898.791840000000093
design1.pdb  rebuilt_mutated_A_161_SER  -12023.376265922597668  9308.624790000010762  -12423.752772779369479  9014.216150000009293  0.130594023008204  -501.415017450093387  1215.650759999999991  -730.261783535328277       826.336310000000253
design1.pdb  rebuilt_mutated_A_97_ASP   -12023.239258562165560  9313.597400000011476  -12482.130025176196796  8909.175640000003114  0.133131679065277  -421.914848281182401  1239.934860000000072  -773.606795201222553       817.475100000000225
design1.pdb  rebuilt_mutated_A_108_GLN  -12020.920563426914669  9317.805070000009437  -12455.506609585689148  8985.826400000009016  0.132201077479720  -435.468628050326572  1231.823869999999943  -765.229958106933395       814.979940000000056
design1.pdb  rebuilt_mutated_A_97_GLN   -12018.887863146499512  9339.228490000012243  -12470.426253501847896  9034.398300000008021  0.133276777769466  -428.731112093059153  1244.702280000000201  -757.277237527716920       844.359100000000240
design1.pdb  rebuilt_mutated_A_161_CYS  -12015.839818990854837  9314.386870000011186  -12417.864547070053959  9016.927750000009837  0.130840736702189  -500.898848863766375  1218.701240000000098  -730.261783535328277       826.336310000000253
design1.pdb  rebuilt_mutated_A_2_LYS    -12011.050530335900476  9388.570520000013857  -12460.604543270092108  9084.967720000007830  0.133056378214220  -482.709990570606294  1249.209189999999580  -768.939140601028157       886.219540000000165
design1.pdb  rebuilt_mutated_A_2_TYR    -12010.664626652740480  9401.002860000013243  -12476.463942735535966  9090.717370000009396  0.134130891010068  -504.777377660479431  1260.964889999999741  -780.169389571629495       879.338150000000041
design1.pdb  rebuilt_mutated_A_230_TRP  -12001.235365413116597  9359.136920000004466  -12454.533169341717439  9054.306730000011157  0.133079148285395  -403.020507723731953  1245.505969999999934  -707.389549806447121       857.984990000000380
design1.pdb  rebuilt_mutated_A_225_GLU  -11996.177880316356095  9358.456080000012662  -12449.293310866267348  9053.625890000010259  0.131681221717076  -432.940755494066195  1232.332930000000260  -731.877498052381611       881.866560000000391
design1.pdb  rebuilt_mutated_A_100_GLU  -11994.006720890483848  9370.568700000007084  -12455.053300957661122  9060.751120000008086  0.133388896663230  -447.203697498876693  1249.929820000000063  -733.280208356860157       856.016550000000393
design1.pdb  rebuilt_mutated_A_227_PRO  -11980.631290161793004  9313.535080000010566  -12421.413257701215116  9005.980610000007800  0.132630523146105  -454.384759312389463  1235.259029999999939  -735.790795178762210       861.084830000000125
design1.pdb  rebuilt_mutated_A_161_VAL  -11980.402612622570814  9315.519500000011249  -12387.068106392804111  9015.908850000010716  0.131055790286306  -496.622589588365031  1220.852769999999964  -730.261783535328277       826.336310000000253
design1.pdb  rebuilt_mutated_A_2_ARG    -11979.757894375516116  9383.816330000014204  -12431.862306686100055  9078.986140000011801  0.131703352510097  -412.679219418771652  1235.880069999999932  -709.276371346513997       846.317990000000123
design1.pdb  rebuilt_mutated_A_32_ARG   -11978.804393006294049  9366.447860000011133  -12435.815252044249064  9060.952260000010938  0.133118107166829  -452.341896940774575  1246.843809999999849  -772.908369757399555       873.803840000000264
design1.pdb  rebuilt_mutated_A_161_ALA  -11973.393290602027264  9302.819030000009661  -12373.618041512809214  9010.228650000010020  0.130480072339965  -502.882261171931418  1213.832499999999982  -730.261783535328277       826.336310000000253
design1.pdb  rebuilt_mutated_A_97_SER   -11973.119614655128316  9297.759870000010778  -12447.568888054729541  8889.653490000000602  0.133358451641750  -404.129178019030689  1239.934860000000072  -764.607824095871592       817.475100000000225
design1.pdb  rebuilt_mutated_A_27_ASN   -11970.926249631711471  9386.757130000012694  -12431.012667961473198  9081.528000000011161  0.134456452054811  -341.860539841168304  1262.110060000000203  -682.892150416067807       858.190340000000219
design1.pdb  rebuilt_mutated_A_161_LEU  -11970.850586553340690  9332.941480000012234  -12379.056951774293339  9029.425470000009227  0.131755420585794  -503.138947189569137  1229.665630000000192  -730.185447445421005       826.336310000000253
design1.pdb  rebuilt_mutated_A_161_ARG  -11966.020630748318581  9366.650940000010451  -12372.162718044657595  9105.672050000011950  0.133253215903442  -454.038816014115127  1248.136360000000195  -715.708179796515878       864.234240000000113
design1.pdb  rebuilt_mutated_A_32_LYS   -11965.027206227261559  9346.906760000010763  -12417.810206734189705  9041.779430000009597  0.132895094804604  -470.804559134358385  1242.158059999999978  -780.859585661238498       873.824040000000309
design1.pdb  rebuilt_mutated_A_25_PRO   -11960.557968915154561  9355.436880000012025  -12413.485263574848432  9050.606690000011440  0.132876625212183  -433.022436842531704  1243.118879999999990  -725.164660791758138       855.597900000000323
design1.pdb  rebuilt_mutated_A_58_GLN   -11952.554107603491502  9363.465100000010352  -12400.938032759459020  8764.034950000010213  0.134164541287178  -499.183494876103794  1256.245000000000118  -795.960574873093606       836.270420000000286
design1.pdb  rebuilt_mutated_A_97_ALA   -11952.392644189598286  9293.560740000011720  -12427.466414763095599  8885.454360000003362  0.133418707284416  -400.811954051236796  1239.934860000000072  -761.996681254119039       817.475100000000225
design1.pdb  rebuilt_mutated_A_27_SER   -11948.891981128361294  9369.299980000010692  -12402.153409520369678  9064.469790000008288  0.133061219371909  -452.519236681728046  1246.690479999999980  -753.481101379044276       859.169500000000198
design1.pdb  rebuilt_mutated_A_97_VAL   -11947.183922943551806  9305.753410000012082  -12423.719981927168192  8897.647030000000086  0.133243898196094  -385.603007093171243  1239.934860000000072  -754.132073075857193       817.475100000000225
design1.pdb  rebuilt_mutated_A_1_SER    -11943.604268876804781  9334.987620000012612  -12396.615929799749210  9030.157430000010208  0.131619069035252  -511.143874930712798  1228.662379999999985  -726.528937166927449       869.068000000000325
design1.pdb  rebuilt_mutated_A_1_ASP    -11942.797532036913253  9341.991720000010901  -12395.809192959859502  9037.161530000012135  0.132270132219727  -509.725636024380208  1235.666480000000092  -748.761292470599756       855.597900000000323
design1.pdb  rebuilt_mutated_A_99_CYS   -11941.380019708636610  9322.173070000015286  -12385.474920467682750  9022.989640000010695  0.131887436627477  -473.549305548172015  1229.477510000000166  -728.599581173734009       846.579610000000343
design1.pdb  rebuilt_mutated_A_99_ARG   -11933.493589437523042  9373.894140000013067  -12415.945039230873590  9029.938870000010866  0.131894902111621  -460.065431041501938  1236.368850000000066  -734.514524741543369       846.579610000000343
design1.pdb  rebuilt_mutated_A_161_GLU  -11932.906904065663184  9345.109000000011292  -12357.407394027070040  9032.599940000009155  0.132805144380873  -457.119202006902071  1241.078549999999950  -731.400321526098310       842.379220000000259
design1.pdb  rebuilt_mutated_A_53_THR   -11932.611052634323642  9358.455010000012408  -12384.810864977671372  9053.624820000010004  0.132922681005654  -450.187275326560496  1243.950929999999971  -746.334533348583818       856.429950000000304
design1.pdb  rebuilt_mutated_A_97_ASN   -11929.911781737277124  9321.355180000011387  -12382.073678625361936  9016.524990000007165  0.133375538855928  -414.550747925304847  1243.240770000000111  -772.312475899118340       817.475100000000225
design1.pdb  rebuilt_mutated_A_227_THR  -11929.158894760630574  9322.621510000011767  -12366.214324347291040  9018.587720000008630  0.132388835980964  -471.307059197206343  1234.211009999999760  -741.995417467011180       850.332630000000108
design1.pdb  rebuilt_mutated_A_1_ALA    -11928.661367696235175  9334.992120000013529  -12381.673028619179604  9030.161930000011125  0.131619487644516  -507.035704454631571  1228.666879999999992  -726.128262394333547       869.068000000000325
design1.pdb  rebuilt_mutated_A_134_TRP  -11927.126984644473850  9393.424760000012611  -12367.974020340070638  9069.548970000008921  0.132516625384669  -454.476156470438582  1244.784949999999981  -724.415942902170968       858.538900000000353
design1.pdb  rebuilt_mutated_A_108_LYS  -11925.280074865868301  9354.195050000011179  -12476.104980109510507  8919.209990000008474  0.134931740599101  -392.209226449049709  1262.177819999999883  -729.866390848468313       862.347520000000259
design1.pdb  rebuilt_mutated_A_99_ASP   -11921.344347109412411  9333.329240000013669  -12377.075979613044183  9016.920820000008462  0.132703289271300  -455.171904048517774  1238.563490000000002  -734.865633597552574       855.597900000000323
design1.pdb  rebuilt_mutated_A_99_ILE   -11919.095608370653281  9336.032580000011876  -12368.164319613188127  9035.713340000014796  0.132336396580998  -440.428973725443086  1235.496910000000071  -720.090604413559959       855.597900000000323
design1.pdb  rebuilt_mutated_A_230_LEU  -11912.649789031253022  9357.552530000009938  -12366.722721368918428  9052.722340000007534  0.133102995255106  -413.290750930238517  1245.518270000000030  -719.982577512204557       857.997290000000248
design1.pdb  rebuilt_mutated_A_1_THR    -11910.312621012619275  9337.982320000013715  -12363.324281935563704  9033.152130000009493  0.131897559643270  -488.308808033686034  1231.657080000000178  -715.086882261370420       869.115700000000288
design1.pdb  rebuilt_mutated_A_108_VAL  -11907.603359773247576  9310.826310000011290  -12361.052012493199072  9005.831040000006396  0.132229681771391  -401.210217374891670  1231.167599999999993  -750.747074640805181       821.279180000000110
design1.pdb  rebuilt_mutated_A_25_ASP   -11905.612056968040633  9353.629180000012639  -12365.719773943388645  9047.004440000009708  0.132902305199146  -426.477808330233131  1243.118879999999990  -720.081914960841345       855.597900000000323
design1.pdb  rebuilt_mutated_A_183_SER  -11902.655703867769262  9334.998060000010810  -12355.576971800972387  9030.167870000008406  0.132722008300021  -445.152850584416399  1238.959690000000137  -732.416576724922379       846.909110000000283
design1.pdb  rebuilt_mutated_A_58_GLU   -11902.623472418314122  9363.722260000009555  -12354.686694746764260  8764.864310000009937  0.134183422480111  -464.287237806744656  1256.456300000000056  -770.081308851538552       836.530850000000214
design1.pdb  rebuilt_mutated_A_161_LYS  -11901.110602276394275  9361.168740000008256  -12301.712681799888742  8985.882940000006784  0.133316231622591  -441.466730998487321  1247.995740000000069  -692.110179457072945       871.214080000000422
design1.pdb  rebuilt_mutated_A_225_HIS  -11901.039096965881981  9362.143120000013369  -12354.833069775566400  9057.312930000009146  0.132835498673727  -434.602319643911358  1243.624950000000126  -729.214159410459729       855.709470000000238
design1.pdb  rebuilt_mutated_A_27_THR   -11898.293184860309339  9366.668730000012147  -12351.554613252319541  9061.838540000009743  0.133098598438422  -417.836522675904291  1246.690479999999980  -726.810956411801953       859.169500000000198
design1.pdb  rebuilt_mutated_A_99_GLU   -11897.732500382195212  9336.605110000013156  -12349.619796100801977  9034.863320000009480  0.132206630296266  -449.988237752003499  1234.361100000000079  -725.001038768462763       855.597900000000323
design1.pdb  rebuilt_mutated_A_55_ARG   -11897.100805682241116  9428.914630000013858  -12349.924387864819437  9132.017120000007708  0.135443962546514  -392.937328657670776  1277.089559999999892  -724.224969556401334       853.748220000000288
design1.pdb  rebuilt_mutated_A_97_ILE   -11896.571473616919320  9327.321900000011738  -12361.425453950962037  9019.077070000006643  0.133251056769039  -388.319971999901725  1242.875499999999874  -749.088352120208242       817.475100000000225
design1.pdb  rebuilt_mutated_A_97_MET   -11896.383758739340919  9338.104310000013356  -12348.572267281702807  9033.274120000009134  0.133310443819619  -401.685549841184354  1244.866829999999936  -729.103670528924567       843.544100000000185
design1.pdb  rebuilt_mutated_A_225_THR  -11895.350565664757596  9340.662230000007185  -12352.325282751742634  9035.832040000010238  0.133404998416263  -415.125394814206004  1246.091030000000046  -718.118109923780480       858.570050000000265
design1.pdb  rebuilt_mutated_A_161_ILE  -11893.621197848387965  9332.627270000011777  -12326.430594252382434  9018.070650000008754  0.132086821249425  -469.819241697435245  1232.717070000000149  -728.248581823313998       826.336310000000253
design1.pdb  rebuilt_mutated_A_2_CYS    -11893.493980690191165  9353.045270000011442  -12345.990968834814339  9048.215080000007219  0.133013873458991  -424.454024227715479  1244.084779999999910  -722.937081763174092       856.835000000000264
design1.pdb  rebuilt_mutated_A_53_ASN   -11892.808970467531253  9351.343550000012328  -12347.024591733104899  9046.513360000009925  0.132400636697814  -415.568746448154968  1238.123839999999973  -725.736484496534445       816.613360000000284
design1.pdb  rebuilt_mutated_A_162_ASP  -11892.373188926889270  9352.365490000012869  -12333.481084779841694  9037.953740000009930  0.132920262935532  -429.405878671428184  1243.118879999999990  -717.405849145547336       855.597900000000323
design1.pdb  rebuilt_mutated_A_53_ASP   -11891.020476220366618  9355.546180000012100  -12343.694026217170176  9050.715990000009697  0.133091567936657  -438.738522051165944  1245.144310000000132  -736.152467606673895       853.733970000000227
design1.pdb  rebuilt_mutated_A_2_SER    -11889.672443976896830  9340.651950000012221  -12341.245708110051055  9035.821760000007998  0.132847154207475  -405.383914048958047  1240.879030000000057  -744.483880684911696       826.647070000000099
design1.pdb  rebuilt_mutated_A_25_ASN   -11889.584542619884814  9356.117910000011761  -12352.180924505179064  9048.768730000010692  0.132866953148520  -422.099777739296144  1243.118879999999990  -717.428858472560705       855.597900000000323
design1.pdb  rebuilt_mutated_A_99_PRO   -11888.953653664693775  9315.641470000011395  -12332.337723266022294  9016.458040000008623  0.132504144129540  -453.794287754880827  1234.361100000000079  -728.395656546844407       855.597900000000323
design1.pdb  rebuilt_mutated_A_53_PRO   -11888.803824410837478  9347.899390000011408  -12341.423525758413234  9043.069200000009005  0.133122292836316  -431.818950559813459  1244.413800000000037  -725.847262930159104       858.335420000000227
design1.pdb  rebuilt_mutated_A_230_ASP  -11888.674661948383800  9350.640970000007655  -12342.430363662106174  9045.810780000010709  0.132901699892772  -427.080563388665269  1242.716079999999920  -721.901374455402106       855.195100000000252
design1.pdb  rebuilt_mutated_A_229_TYR  -11886.693378201291125  9381.749130000014702  -12323.207343801610477  9076.498630000010962  0.132503956647581  -412.552478728384187  1243.118879999999990  -708.338866174054374       855.597900000000323
design1.pdb  rebuilt_mutated_A_54_ASN   -11886.620211808060048  9360.545230000014271  -12342.811565962705572  9055.715040000010049  0.134142569599014  -460.703414125813936  1255.647590000000037  -752.911736885303185       866.008210000000190
design1.pdb  rebuilt_mutated_A_54_ARG   -11884.674625557863692  9411.612080000015339  -12346.891498929990121  9098.249730000008640  0.137437494130123  -472.698706233743280  1293.508379999999761  -771.675243991734305       842.495750000000271
design1.pdb  rebuilt_mutated_A_97_LYS   -11884.489796112147815  9342.965110000010100  -12335.886786776402005  9038.134920000007696  0.133294310247082  -389.696206297228571  1245.364090000000033  -693.341512622993037       857.843110000000024
design1.pdb  rebuilt_mutated_A_31_TRP   -11883.072391859890558  9403.964460000011968  -12341.310084670007200  9096.264010000006238  0.137921195418894  -484.397044928404341  1297.006019999999808  -744.417084688386581       863.337160000000154
design1.pdb  rebuilt_mutated_A_105_ALA  -11880.072648186840524  9333.278220000016518  -12332.278614610731893  9028.448030000012295  0.132668850195274  -435.599049824922702  1238.235290000000077  -713.898085762470828       846.579610000000343
design1.pdb  rebuilt_mutated_A_100_ASP  -11879.874021421142970  9359.731200000009267  -12347.537807231912666  9050.478140000011990  0.133329309713510  -410.079839589127857  1247.926500000000033  -721.543801169892390       856.689250000000357
design1.pdb  rebuilt_mutated_A_54_TYR   -11879.753828945953501  9424.501110000013796  -12338.256651655465248  9120.315450000009150  0.138448971968979  -462.001495789330136  1304.812489999999798  -757.858464926117222       862.774830000000065
design1.pdb  rebuilt_mutated_A_26_GLU   -11879.426616082439068  9381.173980000014126  -12332.353910742134758  9076.343790000009903  0.133949152065507  -475.784326407326773  1256.600300000000061  -740.288890224124088       889.001150000000393
design1.pdb  rebuilt_mutated_A_31_TYR   -11878.866118296269633  9382.946710000012899  -12328.491120428028808  9074.565800000011222  0.135992722695533  -474.098902431883459  1276.012469999999894  -762.626930852062287       904.219160000000215
design1.pdb  rebuilt_mutated_A_230_ILE  -11878.601635758221164  9354.884080000005270  -12332.196473607635198  9050.053890000013780  0.132882261219852  -429.583880423387029  1243.098150000000032  -726.293222608432870       855.577170000000251
design1.pdb  rebuilt_mutated_A_56_ARG   -11878.515231632736686  9399.158960000015213  -12324.365348520810585  9000.367560000002413  0.137521162850936  -484.431246291322452  1292.583269999999857  -826.487773594271061       597.418319999999881
design1.pdb  rebuilt_mutated_A_32_GLN   -11877.810406528804378  9336.679560000011406  -12332.156886778566331  9029.148200000005090  0.132802726283133  -483.139377534045309  1239.936500000000024  -784.246512392632212       869.198450000000321
design1.pdb  rebuilt_mutated_A_2_GLN    -11877.263633170334288  9346.618340000009994  -12330.088534353006253  9041.788260000008449  0.132991585275322  -393.840511103430174  1243.021589999999833  -707.228751595804056       849.400740000000155
design1.pdb  rebuilt_mutated_A_28_TRP   -11876.343819342537245  9411.422410000013770  -12337.288820512387247  9101.187390000011874  0.138307972301500  -496.260047029057830  1301.674749999999676  -788.489461689013183       898.714150000000245
design1.pdb  rebuilt_mutated_A_99_ALA   -11873.893609442837260  9311.993410000013682  -12336.101514308322294  8995.319680000009612  0.132556053860008  -450.506533933583398  1234.361100000000079  -726.328507227145792       855.597900000000323
design1.pdb  rebuilt_mutated_A_100_TRP  -11873.848991882035989  9400.636810000010883  -12343.786448557018957  9072.066110000010667  0.137024920336221  -381.972501092607388  1288.121510000000171  -705.937042484706353       854.259520000000407
design1.pdb  rebuilt_mutated_A_1_LEU    -11872.869411345900517  9344.426520000011806  -12325.881072268837670  9039.596330000009402  0.132496229420829  -459.427177282488913  1238.101280000000088  -731.469317366415794       855.597900000000323
design1.pdb  rebuilt_mutated_A_97_PRO   -11871.805940593987543  9293.378170000012688  -12347.290009864605963  8885.271790000004330  0.133421328317687  -403.245944562344391  1239.934860000000072  -766.051831211267427       817.475100000000225
design1.pdb  rebuilt_mutated_A_184_GLN  -11867.445082374249978  9345.124780000012834  -12320.735837905844164  9040.294590000012249  0.131833814850357  -381.666517606103639  1232.003450000000157  -717.028369402601243       851.772340000000327
design1.pdb  rebuilt_mutated_A_226_ASP  -11865.424432274825449  9345.810990000012680  -12324.669526718795169  9030.606090000008408  0.132797770180456  -434.041381756738076  1241.102860000000192  -723.019077957414197       855.879700000000298
design1.pdb  rebuilt_mutated_A_230_PHE  -11862.833956623298945  9353.120480000006864  -12315.987714818516906  9048.290290000008099  0.133166067160508  -425.255901076398004  1245.518270000000030  -729.616131859405300       857.997290000000248
design1.pdb  rebuilt_mutated_A_99_SER   -11862.556468915961887  9314.105260000011185  -12307.545855607218982  9014.921830000008413  0.132525998530534  -449.929446554193362  1234.361100000000079  -725.137011439403750       855.597900000000323
design1.pdb  rebuilt_mutated_A_100_PRO  -11861.064816751997569  9336.004600000011123  -12303.055326871124635  9034.156100000011065  0.132665171351779  -417.383052150959031  1238.562650000000076  -710.647316039640486       843.879060000000322
design1.pdb  rebuilt_mutated_A_183_TYR  -11860.767357328670187  9340.569790000010471  -12313.281858906939306  9035.739600000009887  0.132564846453548  -466.587365846812702  1238.231199999999944  -739.938203772435827       846.575520000000324
design1.pdb  rebuilt_mutated_A_99_HIS   -11859.741712871998971  9359.467940000015005  -12331.014990678368122  9047.397460000011051  0.132732661510671  -465.367083787617503  1242.307090000000244  -735.915391478097263       846.579610000000343
design1.pdb  rebuilt_mutated_A_108_TRP  -11859.696342126988384  9366.206990000011501  -12306.235915872452097  9064.380130000008648  0.132961416647060  -435.003788833323085  1245.344149999999900  -721.552420004961846       854.709700000000225
design1.pdb  rebuilt_mutated_A_31_HIS   -11858.837515053926836  9363.958220000011352  -12312.385338180793042  9057.272230000011405  0.134294616705370  -445.859480344737506  1257.529179999999997  -739.146253771915099       856.088490000000206
design1.pdb  rebuilt_mutated_A_31_PHE   -11856.862776848769499  9374.983730000012656  -12311.530137971329168  9064.745030000009137  0.135254281662630  -465.006300174252544  1268.006689999999935  -750.330739980689600       899.169830000000275
design1.pdb  rebuilt_mutated_A_99_ASN   -11854.738377715633760  9333.158630000012636  -12308.712892091873073  9018.663520000010976  0.132462409459765  -451.125253574828150  1236.292680000000018  -728.545761449249085       855.597900000000323
design1.pdb  rebuilt_mutated_A_108_ARG  -11854.465591048616261  9357.481580000010581  -12362.837378799955331  8934.392070000005333  0.135629168932866  -409.399104864246112  1269.147449999999708  -731.704219674029446       864.261320000000296
design1.pdb  rebuilt_mutated_A_26_TRP   -11854.348757202760680  9411.674060000013924  -12362.802306709514596  9083.772470000008980  0.134916877901315  -444.514026368116390  1269.793679999999995  -741.606653141218885       893.199240000000259
design1.pdb  rebuilt_mutated_A_53_GLN   -11854.084658538593430  9363.191170000012789  -12305.538237448949076  9058.360980000006748  0.133152431405499  -437.598059533735011  1246.731669999999895  -731.898091451428968       860.653290000000311
design1.pdb  rebuilt_mutated_A_162_ASN  -11853.343490326125902  9353.468010000015056  -12301.487210698342096  9039.097240000013699  0.132904595244347  -424.350295322427826  1243.118879999999990  -716.357768615305986       855.597900000000323
design1.pdb  rebuilt_mutated_A_225_ILE  -11852.339135000291208  9358.212190000012924  -12310.380535797698030  9053.382000000012340  0.132366954804003  -440.355579812284418  1238.718049999999721  -721.341305226305280       847.062370000000215
design1.pdb  rebuilt_mutated_A_99_THR   -11852.028305588841249  9321.174870000011651  -12296.396010375168771  9021.991440000008879  0.132425484685709  -451.599100646297245  1234.361100000000079  -725.122602457580342       855.597900000000323
design1.pdb  rebuilt_mutated_A_54_THR   -11851.718719426260577  9355.532930000012129  -12302.830503093529842  9050.702740000007907  0.133176987278265  -453.316153500267717  1245.941690000000108  -707.566052753059807       848.821410000000242
design1.pdb  rebuilt_mutated_A_229_TRP  -11850.301822905177687  9382.458710000011706  -12279.236902345133785  9063.029870000009396  0.132070259864751  -377.763422557137460  1239.143760000000611  -676.189895980730057       851.622780000000262
design1.pdb  rebuilt_mutated_A_227_HIS  -11848.926366298985158  9336.118040000008477  -12278.666542902294168  9034.948680000008608  0.132512143130530  -459.728421326873843  1237.149010000000317  -726.089994066524355       849.397440000000074
design1.pdb  rebuilt_mutated_A_1_PRO    -11846.647617978787821  9348.455770000011398  -12299.378454071862507  9043.625580000008995  0.132497395342546  -527.771328707294970  1238.646040000000085  -746.841850493486731       847.340210000000297
design1.pdb  rebuilt_mutated_A_31_ASP   -11846.000091441821496  9347.414550000010422  -12307.754895900779957  9036.566780000010112  0.132782011898680  -434.896095350804046  1241.168509999999969  -733.567093932353259       854.689630000000307
design1.pdb  rebuilt_mutated_A_25_ALA   -11845.682208058153265  9348.170790000011039  -12298.609502717856230  9043.340600000010454  0.132979906756710  -419.069411133381266  1243.118879999999990  -715.235822321518185       855.597900000000323
design1.pdb  rebuilt_mutated_A_105_PRO  -11845.464837997758877  9351.443770000012591  -12297.932203304664654  9046.613580000010188  0.133024411053054  -446.402251581612518  1243.970300000000179  -739.668371767189001       856.449320000000284
design1.pdb  rebuilt_mutated_A_108_MET  -11845.460638058599216  9325.164230000011230  -12323.097625268059346  9013.449460000010731  0.132345762450985  -416.129817797968201  1234.145970000000034  -701.792398434845040       858.391620000000216
design1.pdb  rebuilt_mutated_A_54_PRO   -11844.690463762593936  9343.600800000011077  -12298.102562832591502  9038.770610000008674  0.132005109850155  -433.143623574403762  1233.403050000000121  -712.622341436693659       840.647770000000378
design1.pdb  rebuilt_mutated_A_225_VAL  -11844.673897502363616  9341.970830000011119  -12302.579222677468351  9037.140640000010535  0.133304054643467  -401.585759689826943  1245.322589999999764  -706.669506988597504       857.801610000000323
design1.pdb  rebuilt_mutated_A_225_TYR  -11844.586850596495424  9383.237730000015290  -12298.085539688583594  9078.407540000011068  0.131898851506558  -423.366884834817313  1237.638280000000123  -707.629950931910571       844.443600000000288
design1.pdb  rebuilt_mutated_A_26_THR   -11844.127283229610839  9364.551100000013321  -12297.054577889315624  9059.720910000010917  0.133433901599405  -405.080094275053227  1249.548590000000104  -707.630018240428512       848.225010000000339
design1.pdb  rebuilt_mutated_A_134_PRO  -11843.873209897545166  9348.836120000010851  -12292.001679324079305  9044.613930000010441  0.132905408122610  -430.495737399572420  1242.510880000000043  -721.220287207744263       855.597900000000323
design1.pdb  rebuilt_mutated_A_32_PHE   -11842.974846052331486  9346.489190000011149  -12297.982078345110494  9040.185250000007727  0.133050248571464  -437.202572834332784  1243.552709999999934  -734.314647198259649       854.557980000000157
design1.pdb  rebuilt_mutated_A_99_VAL   -11841.372205441706683  9321.317000000011831  -12286.197436177355485  9022.133570000010877  0.132423465482399  -440.476722546880126  1234.361100000000079  -716.830092798673718       855.597900000000323
design1.pdb  rebuilt_mutated_A_56_GLU   -11840.916745866470592  9337.517590000014025  -12286.413169206505700  8938.726190000006682  0.131981063288149  -416.811334713854933  1232.375499999999874  -715.771433512851786       852.305860000000280
design1.pdb  rebuilt_mutated_A_108_THR  -11840.534945846726259  9313.617570000009437  -12294.127037780186583  9008.622300000008181  0.132260516468683  -421.959064044024160  1231.823869999999943  -752.355703105894690       814.979940000000056
design1.pdb  rebuilt_mutated_A_25_GLU   -11840.251602601414561  9359.652430000012828  -12293.178897261121165  9054.822240000010424  0.132816778111920  -422.684968940989563  1243.118879999999990  -717.857734129590654       855.597900000000323
design1.pdb  rebuilt_mutated_A_30_ALA   -11840.094095998132616  9337.577230000011696  -12306.158525133178046  9026.364710000010746  0.132780075544285  -458.717555076683595  1239.844209999999975  -747.879552654181566       854.879800000000159
design1.pdb  rebuilt_mutated_A_58_LYS   -11839.250140820180604  9380.373390000013387  -12294.181736479207757  8793.652860000009241  0.135789476286508  -409.320391030874703  1273.755989999999883  -728.208830604967488       556.566419999999880
design1.pdb  rebuilt_mutated_A_162_VAL  -11839.236637690506541  9356.204520000012053  -12288.163793064577476  9051.054630000011457  0.132899893043381  -423.202401077837919  1243.438580000000002  -715.020860884665581       855.597900000000323
design1.pdb  rebuilt_mutated_A_99_GLN   -11838.807482353126034  9339.668990000012855  -12297.025439224862566  9036.122810000011668  0.132163259888721  -446.485402456837448  1234.361100000000079  -721.907135189195742       855.597900000000323
design1.pdb  rebuilt_mutated_A_99_PHE   -11838.466928497686240  9375.044040000015229  -12321.544215515365067  9053.938110000010056  0.132846090608871  -461.441036888204167  1245.437950000000001  -737.064231791363568       846.579610000000343
design1.pdb  rebuilt_mutated_A_2_GLU    -11837.609164602892633  9373.770260000013877  -12286.802678990619825  9072.172460000008869  0.134260152008462  -366.727647040735803  1258.523820000000114  -682.131472204692159       859.744820000000118
design1.pdb  rebuilt_mutated_A_56_GLN   -11837.373310498573119  9337.230590000013763  -12283.004221541481456  8938.439190000004601  0.131827750009545  -420.734050123282998  1230.906099999999924  -721.011081890040600       850.263060000000337
design1.pdb  rebuilt_mutated_A_134_TYR  -11836.558892827753880  9388.238610000014887  -12306.392633190034758  9060.955320000010033  0.132537516534212  -444.840868520508025  1244.293830000000071  -725.405195866024769       849.081210000000283
design1.pdb  rebuilt_mutated_A_31_GLU   -11835.793104109006890  9345.858620000009978  -12278.960272151090976  9046.408550000012838  0.132614511987985  -435.081191735415985  1239.396480000000111  -718.477656125679800       866.206640000000107
design1.pdb  rebuilt_mutated_A_55_ASP   -11833.254990295901734  9381.204980000014984  -12285.972921093369223  9084.272820000009233  0.134989694042481  -420.727166637462290  1266.365990000000011  -735.854760667839059       853.179050000000302
design1.pdb  rebuilt_mutated_A_162_THR  -11833.154283384603332  9353.260320000012143  -12281.564219813937598  9048.080630000011297  0.132944913052521  -424.656537279998986  1243.468380000000025  -715.763321925614378       855.597900000000323
design1.pdb  rebuilt_mutated_A_226_TRP  -11832.497953880874775  9401.160760000011578  -12241.703014534174145  9131.645040000008521  0.135596745183198  -453.317103643456790  1274.766799999999648  -719.750712841745894       862.680100000000152
design1.pdb  rebuilt_mutated_A_64_PRO   -11832.276978276584487  9349.444120000011026  -12285.145312016989919  9044.613930000010441  0.132961795807813  -420.466473588740143  1243.118879999999990  -716.137148729162845       855.597900000000323
design1.pdb  rebuilt_mutated_A_2_ALA    -11830.927732921316419  9353.576250000012806  -12287.477277958350896  9049.230410000009215  0.134168654475875  -301.118816979646624  1254.956740000000082  -655.604267528602236       441.151450000000011
design1.pdb  rebuilt_mutated_A_3_TYR    -11830.142683674641376  9351.104470000011133  -12283.069978334346160  9046.274280000008730  0.132938187567912  -440.747248552210579  1243.118879999999990  -722.049675974285151       855.597900000000323
design1.pdb  rebuilt_mutated_A_100_HIS  -11830.074036694333699  9365.679670000008628  -12305.837584370148761  9048.017390000011801  0.134142599818386  -368.321258003699143  1256.336620000000266  -701.946074237825428       856.730850000000373
design1.pdb  rebuilt_mutated_A_64_GLY   -11829.389515542645313  9349.444120000011026  -12281.255900949159695  9044.613930000010441  0.132961795807813  -420.466473588740143  1243.118879999999990  -716.137148729162845       855.597900000000323
design1.pdb  rebuilt_mutated_A_134_GLY  -11829.102256431096976  9344.142820000010033  -12272.075601626827847  9044.613930000010441  0.132469890908624  -432.988260488675962  1237.817580000000135  -718.792708724162708       855.597900000000323
design1.pdb  rebuilt_mutated_A_104_ARG  -11828.573608091655842  9345.706690000009985  -12284.961252178902214  9040.876500000011220  0.132116670355294  -354.321191812268353  1234.723650000000589  -661.979143059941066       847.202670000000353
design1.pdb  rebuilt_mutated_A_183_HIS  -11828.160426232425380  9338.728570000012041  -12281.049498801545269  9033.898380000009638  0.132590982885800  -466.376080773116939  1238.231199999999944  -740.575795820567464       846.575520000000324
design1.pdb  rebuilt_mutated_A_100_TYR  -11826.374284840585460  9381.876910000011776  -12321.425648492613618  9057.071010000012393  0.134636571351052  -342.519523025907233  1263.143739999999980  -694.341195662227733       856.496550000000184
design1.pdb  rebuilt_mutated_A_54_GLN   -11826.332527533822940  9352.425360000013825  -12282.617191359688150  9047.595170000009603  0.132802053177786  -416.658783354760487  1242.021290000000135  -698.526770472648764       848.907110000000216
design1.pdb  rebuilt_mutated_A_64_GLU   -11825.727275734974683  9367.537000000012995  -12320.514412407203054  8762.407390000009400  0.134398847850828  -398.724211857898808  1258.986179999999877  -744.059714495174035       1030.686550000000352
design1.pdb  rebuilt_mutated_A_227_TYR  -11824.480660475768673  9362.517610000006243  -12216.802099854825428  9101.995100000009188  0.133081347550063  -430.049007153823538  1245.976460000000316  -689.744397756063563       857.428130000000124
design1.pdb  rebuilt_mutated_A_30_ASN   -11824.403548891257742  9354.160300000012285  -12290.758980970296761  9045.192710000010266  0.132698347065957  -413.276139040689884  1241.281610000000001  -722.720117291262909       854.333590000000186
design1.pdb  rebuilt_mutated_A_1_GLY    -11823.077434290034944  9338.470610000011220  -12275.808270383109630  9033.640420000010636  0.131569818154624  -515.327163636550040  1228.660880000000134  -729.948747374169329       869.068000000000325
design1.pdb  rebuilt_mutated_A_105_ASP  -11822.066489046152128  9343.170020000014119  -12273.858006548369303  9038.339830000011716  0.132527953290954  -455.837874278405650  1238.231199999999944  -733.253674026405065       846.575520000000324
design1.pdb  rebuilt_mutated_A_134_GLU  -11821.837084032691564  9365.349800000010873  -12281.236715866471059  9044.613930000010441  0.134434333675395  -418.378370101486041  1259.024559999999838  -721.870163272953619       855.597900000000323
design1.pdb  rebuilt_mutated_A_100_ASN  -11821.541550341906259  9354.513590000009572  -12290.317998666352651  9042.825650000011592  0.133649758266052  -384.186780587587862  1250.228479999999990  -705.507830533388756       856.636150000000384
design1.pdb  rebuilt_mutated_A_134_ALA  -11821.039587426363141  9349.501720000011119  -12273.128907598049409  9044.613930000010441  0.132967137418741  -422.879659475982578  1243.176480000000083  -717.344371934056539       855.597900000000323
design1.pdb  rebuilt_mutated_A_58_MET   -11820.534823450705517  9368.356460000011793  -12268.415693995473703  8783.208510000009483  0.134301417262682  -460.261798872116628  1258.183549999999968  -759.372546895437949       834.276960000000258
design1.pdb  rebuilt_mutated_A_134_ASN  -11820.510539196880927  9354.675120000010793  -12276.353865095363290  9044.613930000010441  0.133446631121488  -419.750376784147477  1248.349879999999985  -719.389141889370990       855.597900000000323
design1.pdb  rebuilt_mutated_A_64_GLN   -11820.368530040310361  9368.812040000011621  -12319.542053047647642  8762.282230000009804  0.134479523617383  -390.315663950422049  1259.913379999999961  -739.894293815282140       1030.213550000000168
design1.pdb  rebuilt_mutated_A_64_ARG   -11820.272017906549081  9379.127090000012686  -12313.921919974389311  8760.742180000010194  0.134904129974850  -402.357413977496890  1265.282979999999952  -803.805989015805267       912.974000000000387
design1.pdb  rebuilt_mutated_A_229_PHE  -11820.172576090688381  9374.593080000013288  -12285.129007604407889  9058.225790000013149  0.132605102897970  -415.231675754671244  1243.118879999999990  -710.264782915045430       855.597900000000323
design1.pdb  rebuilt_mutated_A_3_PHE    -11819.735815705649657  9351.116290000010849  -12272.663110365363536  9046.286100000010265  0.132938019531356  -428.687003930357548  1243.118879999999990  -718.154304350472898       855.597900000000323
design1.pdb  rebuilt_mutated_A_162_ILE  -11819.130378191115597  9356.575120000012248  -12268.810391198358047  9051.425230000013471  0.132894629076627  -422.414785651011641  1243.438580000000002  -714.847602918793541       855.597900000000323
design1.pdb  rebuilt_mutated_A_99_TYR   -11819.087646324353045  9383.793320000015228  -12320.266507876005562  9053.752710000011575  0.133226066193879  -449.772839529968451  1250.165870000000041  -734.858142586784197       846.579610000000343
design1.pdb  rebuilt_mutated_A_134_ASP  -11817.675683634199231  9350.200150000009671  -12268.177598854392272  9044.580860000009125  0.133035438818922  -414.495768007511003  1243.907979999999952  -711.409546771075952       855.597900000000323
design1.pdb  rebuilt_mutated_A_54_SER   -11817.648150574417741  9346.169570000012754  -12273.112122204156549  9041.339380000008532  0.132262540363902  -415.485365888847525  1236.148130000000265  -700.463507152600414       843.033950000000232
design1.pdb  rebuilt_mutated_A_225_LYS  -11817.629107525013751  9374.405670000016471  -12271.503342786965732  9069.575480000008611  0.132017475407590  -440.359240440280303  1237.585370000000239  -718.720121828691390       845.534790000000271
design1.pdb  rebuilt_mutated_A_54_ASP   -11817.540531106909839  9349.289960000012798  -12274.452587757681613  9044.459770000006756  0.132552153725265  -411.729766253395553  1239.268520000000080  -695.583325799255590       846.154340000000275
design1.pdb  rebuilt_mutated_A_105_SER  -11816.706652615368512  9335.737380000016856  -12269.049836032338135  9030.907190000012633  0.132633903418564  -438.547865247578784  1238.235290000000077  -715.682229861385736       846.579610000000343
design1.pdb  rebuilt_mutated_A_162_TRP  -11816.180055229537174  9389.833770000013828  -12277.700548240147327  9071.605930000012449  0.132541231344929  -430.391928778120189  1244.540130000000090  -719.480957764984623       855.597900000000323
design1.pdb  rebuilt_mutated_A_100_PHE  -11815.100860852182450  9378.364830000011352  -12308.419341870961944  9053.686830000013288  0.134671657894972  -346.569949384478946  1262.999940000000151  -694.382671733651705       856.487550000000283
design1.pdb  rebuilt_mutated_A_64_ALA   -11814.972641011727319  9349.444120000011026  -12267.276575435005725  9044.613930000010441  0.132961795807813  -420.466473588740143  1243.118879999999990  -716.137148729162845       855.597900000000323
design1.pdb  rebuilt_mutated_A_183_PHE  -11814.337278504979622  9340.684410000008938  -12266.934768199160317  9035.854220000011992  0.132563219743766  -466.170717735802612  1238.231199999999944  -739.670232977411160       846.575520000000324
design1.pdb  rebuilt                    -11813.987477169581325  9349.444120000011026  -12266.914771829280653  9044.613930000010441  0.132961795807813  -420.466473588740143  1243.118879999999990  -716.137148729162845       855.597900000000323
design1.pdb  rebuilt_mutated_A_26_ASP   -11812.842318865377820  9368.763090000011289  -12265.769613525075329  9063.932900000008885  0.133585458184534  -416.775744987348219  1251.530510000000049  -720.498439783720642       845.838080000000332
design1.pdb  rebuilt_mutated_A_134_THR  -11812.816867032301161  9352.263320000010935  -12271.586076612060424  9044.613930000010441  0.133223160786709  -414.209384324599398  1245.938079999999900  -717.326500686819941       855.597900000000323
design1.pdb  rebuilt_mutated_A_105_ASN  -11812.235871561073509  9353.179880000014236  -12263.613861221601837  9048.349690000011833  0.132386120644137  -465.260614320857314  1238.231199999999944  -739.223066039500964       846.575520000000324
design1.pdb  rebuilt_mutated_A_64_SER   -11811.714195008449678  9349.444120000011026  -12264.109001179547704  9044.613930000010441  0.132961795807813  -420.466473588740143  1243.118879999999990  -716.137148729162845       855.597900000000323
design1.pdb  rebuilt_mutated_A_100_GLY  -11811.473992246252237  9325.648860000008426  -12260.958118261431082  9021.353820000009364  0.132493381270201  -401.776899009865474  1235.586749999999938  -713.370867465888864       849.606420000000298
design1.pdb  rebuilt_mutated_A_162_PRO  -11810.918173547777769  9354.714520000010452  -12256.261159130681335  8959.651060000007419  0.133235736626199  -414.009954803924813  1246.382279999999810  -719.125851360227216       855.597900000000323
design1.pdb  rebuilt_mutated_A_105_THR  -11810.863810115781234  9351.188000000012835  -12262.563568469662641  9046.357810000008612  0.132414319977312  -462.302037428173207  1238.231199999999944  -737.726101653769319       846.575520000000324
design1.pdb  rebuilt_mutated_A_54_ALA   -11810.153288887124290  9346.758040000013352  -12264.708292954788703  9041.927850000009130  0.132317172939249  -418.738069322358740  1236.736600000000180  -718.521557936465797       821.828830000000266
design1.pdb  rebuilt_mutated_A_25_GLY   -11809.486790118133285  9339.629530000011073  -12262.414084777839889  9034.799340000008669  0.133101519284780  -418.299778369516673  1243.118879999999990  -714.139576933204353       855.597900000000323
design1.pdb  rebuilt_mutated_A_3_GLY    -11809.233012993137891  9344.789870000011433  -12262.054592873351794  9039.959680000010849  0.133028018531571  -397.117353259143954  1243.118879999999990  -698.681220083539188       855.597900000000323
design1.pdb  rebuilt_mutated_A_162_HIS  -11809.173680906133086  9353.960510000011709  -12257.037812900574863  9040.579560000012862  0.132897597618786  -423.520084373001794  1243.118879999999990  -716.731806321780141       855.597900000000323
design1.pdb  rebuilt_mutated_A_105_GLY  -11807.714821781630235  9326.647880000013174  -12260.093211276720467  9021.817690000008952  0.132763164851035  -421.767902118033135  1238.235290000000077  -703.995508755342144       846.579610000000343
design1.pdb  rebuilt_mutated_A_2_GLY    -11807.444937812599164  9354.128890000010870  -12263.178323878773881  9049.783050000005460  0.134178270874777  -283.171395092793261  1255.120840000000044  -654.801729939632764       439.993099999999970
design1.pdb  rebuilt_mutated_A_53_GLU   -11804.596154112919976  9367.482160000012300  -12258.662906749308604  9062.651970000008077  0.133398625015369  -431.339088865308383  1249.609240000000227  -727.066590265151603       855.377120000000218
design1.pdb  rebuilt_mutated_A_162_ALA  -11804.565741546481149  9349.179340000013326  -12258.707874619109134  9044.310630000010860  0.132969681593465  -419.383447488712761  1243.157400000000052  -716.196070807053275       855.597900000000323
design1.pdb  rebuilt_mutated_A_30_LEU   -11803.607710961410703  9374.339500000010958  -12299.142004544428346  9053.611010000011447  0.134019854945514  -402.519557347619809  1256.347620000000006  -743.226274715036084       854.879800000000159
design1.pdb  rebuilt_mutated_A_162_CYS  -11803.247510713572410  9349.904920000011771  -12253.179248917245786  9045.074730000009367  0.132955242928823  -425.053208146148279  1243.118879999999990  -717.226327750294786       855.597900000000323
design1.pdb  rebuilt_mutated_A_183_GLY  -11803.062968953357995  9333.648670000013226  -12257.923685229490729  9004.638680000009117  0.132741196267890  -442.898852748465799  1238.959690000000137  -731.816389856650176       846.909110000000283
design1.pdb  rebuilt_mutated_A_26_VAL   -11802.846930582583809  9367.783370000011928  -12255.774225242283137  9062.953180000009525  0.133368648767120  -401.796920428665601  1249.368609999999990  -698.555834331215578       847.200930000000312
design1.pdb  rebuilt_mutated_A_56_PRO   -11802.775232320462237  9330.921860000014931  -12247.179376660453272  8932.130460000007588  0.131213848788998  -394.197159049135109  1224.346170000000029  -693.922132231313071       843.703130000000328
design1.pdb  rebuilt_mutated_A_162_PHE  -11802.236252549913843  9373.436800000012227  -12254.922816928139582  9066.984530000012455  0.132794511400557  -422.198836455404773  1244.740960000000086  -716.926651215620495       855.597900000000323
design1.pdb  rebuilt_mutated_A_64_HIS   -11802.078697832663238  9349.444120000011026  -12253.863060566707645  9044.613930000010441  0.132961795807813  -420.466473588740143  1243.118879999999990  -716.137148729162845       855.597900000000323
design1.pdb  rebuilt_mutated_A_105_VAL  -11800.779172306625696  9348.380620000012641  -12252.755493065749761  9043.550430000012057  0.132454522374807  -448.442222221797124  1238.235290000000077  -722.386294702431769       846.579610000000343
design1.pdb  rebuilt_mutated_A_26_PRO   -11800.737258506351282  9361.793440000012197  -12253.664553166046971  9056.963250000011612  0.133345456509025  -419.944520227571786  1248.352620000000115  -713.235944196640958       850.174540000000320
design1.pdb  rebuilt_mutated_A_134_CYS  -11800.524672780293258  9352.620120000010502  -12266.372319271347806  9044.613930000010441  0.133256228095363  -404.807522047288955  1246.294879999999921  -717.564378697859524       855.597900000000323
design1.pdb  rebuilt_mutated_A_25_HIS   -11799.785787184626315  9362.119420000011814  -12260.172422785031813  9055.196070000010877  0.132781779876078  -401.133253670033184  1243.118879999999990  -703.490664475176914       855.597900000000323
design1.pdb  rebuilt_mutated_A_134_PHE  -11799.727352290496128  9382.183670000014899  -12276.285702100138224  9061.028180000012071  0.132635935702162  -432.774667662659283  1244.414710000000014  -721.396721851586221       849.081210000000283
design1.pdb  rebuilt_mutated_A_134_VAL  -11799.328619810801683  9354.034040000009554  -12261.044344387615638  9046.182150000009642  0.133219590036899  -403.658351544670836  1246.140580000000000  -711.361232944009544       855.597900000000323
design1.pdb  rebuilt_mutated_A_64_PHE   -11798.390387470442874  9349.444120000011026  -12250.517257474462895  9044.613930000010441  0.132961795807813  -420.466473588740143  1243.118879999999990  -716.137148729162845       855.597900000000323
design1.pdb  rebuilt_mutated_A_64_LYS   -11798.257114851274309  9374.382020000013654  -12314.367927964227420  8761.393110000009983  0.134843979827483  -387.148900258387926  1264.078980000000001  -764.743527435588362       940.337840000000369
design1.pdb  rebuilt_mutated_A_26_ASN   -11797.179841833576575  9372.137240000012753  -12250.107136493275902  9067.307050000010349  0.133571239722904  -412.990317411777767  1251.847989999999982  -717.226658871517316       845.721510000000308
design1.pdb  rebuilt_mutated_A_227_ASP  -11797.146004676740631  9326.721220000012181  -12229.951697141012119  9022.374500000010812  0.132434342237153  -442.406643031248507  1235.178190000000086  -708.605598483634253       851.466570000000047
design1.pdb  rebuilt_mutated_A_25_PHE   -11797.015023950638351  9367.508030000011786  -12273.618109734446989  9044.881240000009711  0.134267424801983  -395.484188869363436  1257.751179999999977  -705.219972239370577       881.501100000000292
design1.pdb  rebuilt_mutated_A_162_TYR  -11796.796698784995897  9373.453670000013517  -12248.213821953551815  9066.927730000012161  0.132802131831521  -424.127827443642957  1244.814630000000079  -717.377768431302229       855.597900000000323
design1.pdb  rebuilt_mutated_A_30_PRO   -11795.685255785208938  9345.763730000011492  -12256.343883724770421  9034.896640000011757  0.133518225588611  -412.152696495237990  1247.829790000000003  -715.186127217197850       855.962290000000280
design1.pdb  rebuilt_mutated_A_26_ALA   -11795.383646899177620  9355.260360000011133  -12248.310941558878767  9050.430170000010548  0.133117890050897  -410.715989483915280  1245.352520000000140  -702.167334710694831       850.600040000000376
design1.pdb  rebuilt_mutated_A_25_LYS   -11795.251124756878198  9371.497730000011870  -12247.891925667276155  9066.667540000013105  0.132648901575309  -402.472254378563264  1243.118879999999990  -704.130609443030949       855.597900000000323
design1.pdb  rebuilt_mutated_A_30_HIS   -11793.917809577817025  9352.578890000009778  -12250.291973381918069  9030.545870000010837  0.134224639510098  -453.469350561855379  1255.346530000000030  -743.513954379774418       878.821270000000368
design1.pdb  rebuilt_mutated_A_30_CYS   -11793.727048911963720  9348.050930000010339  -12252.300224809609063  9042.093300000009549  0.132631306705985  -446.233923676816232  1239.844209999999975  -739.043486408348485       854.879800000000159
design1.pdb  rebuilt_mutated_A_64_TYR   -11793.576667509094477  9349.444120000011026  -12245.854399690831997  9044.613930000010441  0.132961795807813  -420.466473588740143  1243.118879999999990  -716.137148729162845       855.597900000000323
design1.pdb  rebuilt_mutated_A_27_VAL   -11793.203453667711074  9365.038240000010774  -12246.464882059721276  9060.208050000008370  0.133121637952863  -383.153647421664630  1246.689229999999952  -697.376087629403287       859.168250000000171
design1.pdb  rebuilt_mutated_A_134_GLN  -11793.038076828916019  9365.907100000009450  -12266.775378361955518  9044.613930000010441  0.134485837468962  -399.142605148149414  1259.581859999999779  -718.057750654228926       855.597900000000323
design1.pdb  rebuilt_mutated_A_3_ASN    -11792.727925632467304  9350.282670000011422  -12245.655220292170270  9045.452480000010837  0.132949871557198  -412.619720390077362  1243.118879999999990  -710.295636504401841       855.597900000000323
design1.pdb  rebuilt_mutated_A_54_PHE   -11792.563288301995271  9410.069060000014360  -12267.188809818451773  9101.832490000007965  0.137652436102313  -463.876881245439733  1295.318929999999909  -756.075677130737631       860.151410000000283
design1.pdb  rebuilt_mutated_A_166_TYR  -11792.484345891882185  9379.265600000011545  -12251.315275758373900  9070.191020000007484  0.135060059499754  -455.426448136402712  1266.764169999999694  -726.849818544386380       861.158150000000319
design1.pdb  rebuilt_mutated_A_2_HIS    -11792.311280884476218  9395.705060000012963  -12248.117623885415014  9089.335370000007970  0.135361127438370  -360.058650233379979  1271.813229999999976  -645.539786868824422       878.277730000000133
design1.pdb  rebuilt_mutated_A_55_ALA   -11790.028696674156890  9358.969400000012683  -12239.870771267962482  9045.315510000009454  0.133403578603430  -429.224703825831568  1248.520009999999957  -720.780117664691033       852.175330000000258
design1.pdb  rebuilt_mutated_A_64_TRP   -11789.223544670092451  9349.444120000011026  -12241.750285038293441  9044.613930000010441  0.132961795807813  -420.466473588740143  1243.118879999999990  -716.137148729162845       855.597900000000323
design1.pdb  rebuilt_mutated_A_1_LYS    -11789.083584910271384  9338.472110000011526  -12241.814421003344250  9033.641920000010941  0.131569957646958  -486.576385902452728  1228.662379999999985  -711.620959045255518       869.068000000000325
design1.pdb  rebuilt_mutated_A_28_THR   -11788.476038041922948  9357.564620000011928  -12241.366105085613526  9052.734430000011344  0.133535940251941  -411.272432593681344  1249.571190000000115  -713.767905004995328       855.264300000000276
design1.pdb  rebuilt_mutated_A_3_ASP    -11788.316843498721937  9350.076960000011240  -12241.244138158426722  9045.246770000010656  0.132952796572489  -408.369386856067592  1243.118879999999990  -707.943285356636579       855.597900000000323
design1.pdb  rebuilt_mutated_A_162_GLY  -11788.311905951864901  9344.691630000012083  -12243.232357603545097  9040.610730000011245  0.132949233553253  -418.044319560577321  1242.369590000000017  -715.816950034321735       855.597900000000323
design1.pdb  rebuilt_mutated_A_58_HIS   -11788.061313092361161  9360.910340000013093  -12231.283736908711944  9059.209910000012314  0.133802437424051  -429.998149250048641  1252.512619999999970  -746.042215639927235       833.809770000000185
design1.pdb  rebuilt_mutated_A_30_GLU   -11787.264110398306002  9370.308240000011210  -12299.563938622066416  9022.650280000008934  0.134220008327068  -403.717916146731056  1257.682849999999917  -743.675311721857497       854.879800000000159
design1.pdb  rebuilt_mutated_A_100_ALA  -11787.242039781782296  9331.025920000010956  -12248.659315167538807  9015.703930000010587  0.133005496998984  -401.079195630279855  1241.077740000000176  -704.105471203819775       856.758760000000279
design1.pdb  rebuilt_mutated_A_25_TYR   -11786.552776500700929  9373.565280000011626  -12257.149778542978311  8958.268030000008366  0.134782650172144  -382.686610118946021  1263.393970000000081  -705.406592952909250       881.443300000000363
design1.pdb  rebuilt_mutated_A_1_ASN    -11786.406127944044783  9338.507720000010522  -12239.136964037124926  9033.677530000009938  0.131569455938727  -484.007026092761237  1228.662379999999985  -713.672611123636898       869.068000000000325
design1.pdb  rebuilt_mutated_A_1_ARG    -11786.332827546104454  9339.382070000010572  -12239.063663639171864  9034.551880000011806  0.131557138447812  -473.271390795451737  1228.662379999999985  -705.416094763090200       869.068000000000325
design1.pdb  rebuilt_mutated_A_32_VAL   -11785.988641709192962  9311.031500000011874  -12257.377457458354911  9002.341650000009395  0.132871035824548  -447.971450072722462  1237.166400000000067  -758.839105991514771       865.269860000000222
design1.pdb  rebuilt_mutated_A_64_VAL   -11785.139229170114049  9349.444120000011026  -12237.932015638338271  9044.613930000010441  0.132961795807813  -420.466473588740143  1243.118879999999990  -716.137148729162845       855.597900000000323
design1.pdb  rebuilt_mutated_A_102_PHE  -11784.812870257357645  9343.255220000011832  -12237.885997521825630  9038.425030000009428  0.132533201849109  -386.900910669603661  1238.291530000000193  -685.995039293220884       849.593710000000328
design1.pdb  rebuilt_mutated_A_108_ILE  -11784.368280267413866  9329.283290000012130  -12237.934372924015406  9024.288020000005417  0.132038424786648  -402.661138238166757  1231.823869999999943  -749.342802429147469       814.979940000000056
design1.pdb  rebuilt_mutated_A_28_PHE   -11784.069983331652111  9400.140080000013768  -12237.152602222477071  9095.309890000011364  0.136712072273714  -418.014454208194422  1285.112629999999854  -729.653725229381166       898.665150000000267
design1.pdb  rebuilt_mutated_A_53_ALA   -11783.847220708919849  9348.275070000012420  -12237.247945489287304  9043.444880000010016  0.133302152607711  -404.036722429562644  1246.145189999999729  -702.431243387177915       860.066810000000146
design1.pdb  rebuilt_mutated_A_64_ASP   -11783.542565055076921  9354.359630000011748  -12252.650816002931606  9044.613930000010441  0.133417405291697  -407.490469753751199  1248.034390000000030  -715.898723327287598       855.597900000000323
design1.pdb  rebuilt_mutated_A_28_TYR   -11783.185854888683025  9403.270410000013726  -12247.492791188018600  9088.988100000011400  0.137342763069599  -409.642301416296334  1291.471139999999878  -719.518972085927999       900.770810000000324
design1.pdb  rebuilt_mutated_A_58_LEU   -11781.637550574652778  9359.724980000013602  -12238.055864006342745  8762.058100000009290  0.133475139779160  -443.552434800730907  1249.290600000000040  -750.002495510075505       832.207560000000285
design1.pdb  rebuilt_mutated_A_162_GLU  -11781.484180763196491  9352.334190000012313  -12237.528279862826821  9046.455530000010185  0.133032815629100  -420.033087174052014  1244.167349999999942  -718.012318783125579       855.597900000000323
design1.pdb  rebuilt_mutated_A_183_PRO  -11781.314348926929597  9334.949210000011590  -12234.076174897063538  9030.119020000005548  0.132722702837287  -448.289766825850450  1238.959690000000137  -734.677935718869549       846.909110000000283
design1.pdb  rebuilt_mutated_A_55_ASN   -11781.236614922245280  9382.980350000016188  -12242.133673623928189  8970.278380000007019  0.135084452137854  -397.346927606108181  1267.494760000000042  -726.704874537796968       853.498780000000352
design1.pdb  rebuilt_mutated_A_32_PRO   -11780.968731888968250  9288.885130000009667  -12264.149381676585108  8976.691790000006222  0.132472968798571  -428.689163702245480  1230.526189999999815  -762.976744653251899       815.055620000000317
design1.pdb  rebuilt_mutated_A_3_SER    -11780.569523071515505  9349.359820000010586  -12233.496817731220290  9044.529630000011821  0.132962994679137  -400.683211065953458  1243.118879999999990  -703.004998602925070       855.597900000000323
design1.pdb  rebuilt_mutated_A_166_ARG  -11780.094950664883072  9375.555670000014288  -12233.329522617690600  9070.999520000010307  0.134768004636039  -451.886647401314178  1263.524929999999586  -721.717807571995422       857.507200000000239
design1.pdb  rebuilt_mutated_A_183_ALA  -11779.917779504563441  9333.390480000012758  -12233.738406536947878  9004.380490000006830  0.132744868293563  -444.510701569746232  1238.959690000000137  -731.905822673061493       846.909110000000283
design1.pdb  rebuilt_mutated_A_1_HIS    -11779.769574936688514  9340.221000000010463  -12232.500411029768657  9035.390810000011697  0.131545322107475  -494.752915344877181  1228.662379999999985  -718.427475197267881       869.068000000000325
design1.pdb  rebuilt_mutated_A_2_THR    -11779.600579011026639  9357.148250000012922  -12235.737759690360690  9052.802410000007512  0.134251769496117  -279.184165290567080  1256.213709999999992  -650.070712421299049       443.700019999999995
design1.pdb  rebuilt_mutated_A_28_ARG   -11779.550935102781295  9398.452360000013869  -12232.701070289325799  9093.622170000013284  0.136102044358290  -441.531079484223312  1279.148579999999811  -738.763331721115833       894.028610000000299
design1.pdb  rebuilt_mutated_A_166_HIS  -11779.540819755007760  9362.401260000013281  -12232.209819861944197  9057.739760000011302  0.133841828095285  -429.222201037222703  1253.080899999999929  -725.127487962957161       856.724400000000287
design1.pdb  rebuilt_mutated_A_3_PRO    -11778.726222867333490  9352.026470000011614  -12231.653517527036456  9047.196280000011029  0.132925081423556  -422.091371236205248  1243.118879999999990  -715.353542083119464       855.597900000000323
design1.pdb  rebuilt_mutated_A_26_SER   -11778.132350238383879  9358.864140000012412  -12231.059644898074112  9054.033950000010009  0.133360902704588  -393.954752284539779  1248.106569999999920  -699.487545850196739       850.218490000000315
design1.pdb  rebuilt_mutated_A_230_ASN  -11778.014987970609582  9353.591340000006312  -12230.290246586726425  9048.761150000013004  0.133159363577669  -401.226406460813735  1245.518270000000030  -704.542071862333160       857.997290000000248
design1.pdb  rebuilt_mutated_A_30_ASP   -11777.831403688493083  9347.074430000011489  -12252.519923551088141  9023.278050000011717  0.133691259159043  -412.331388444787819  1249.622149999999920  -716.376182581437206       856.594420000000241
design1.pdb  rebuilt_mutated_A_134_HIS  -11777.808293949312429  9364.320230000010270  -12268.919137100985608  9044.613930000010441  0.134339168151237  -380.460338688312902  1257.994989999999916  -716.997450141633749       855.597900000000323
design1.pdb  rebuilt_mutated_A_1_ILE    -11777.777581847019974  9340.469700000010562  -12230.508417940091022  9035.639510000011796  0.131882691081370  -455.574356658473164  1231.846279999999979  -694.837304722293538       869.192000000000348
design1.pdb  rebuilt_mutated_A_57_ILE   -11776.407911066085944  9349.285550000011426  -12229.255694724339264  9044.455360000010842  0.132964050926865  -416.668405523828085  1243.118879999999990  -712.365453090633650       855.597900000000323
design1.pdb  rebuilt_mutated_A_56_TYR   -11776.229682045155641  9372.957580000014786  -12247.310868290431245  9056.276330000009693  0.135130216816792  -360.792947672380933  1266.569789999999784  -738.718504930307176       575.684780000000046
design1.pdb  rebuilt_mutated_A_56_HIS   -11776.178278800654880  9355.768250000011903  -12259.031883935638689  8949.986550000006901  0.133527822260882  -360.731836294023253  1249.255360000000110  -707.047167010819976       828.998040000000401
design1.pdb  rebuilt_mutated_A_183_ASN  -11775.746444151929609  9337.372690000011062  -12228.747044824413024  9032.542500000005020  0.132688255158422  -444.406018151837941  1238.959690000000137  -731.580020732365369       846.909110000000283
design1.pdb  rebuilt_mutated_A_230_MET  -11775.735069064270647  9356.386360000005880  -12229.400330916976600  9051.556170000008933  0.133119585070234  -408.456956059320476  1245.518270000000030  -715.746238818733673       857.997290000000248
design1.pdb  rebuilt_mutated_A_166_TRP  -11775.662270597757015  9415.970790000012130  -12248.225760834264292  9104.435250000009546  0.136411140034983  -436.606680716516735  1284.443309999999883  -747.565271521228283       873.620090000000232
design1.pdb  rebuilt_mutated_A_28_ASP   -11775.356582388763854  9356.554820000012114  -12228.208344752494668  9051.724630000013349  0.133459676560736  -392.831528982752218  1248.722780000000057  -705.318759786713372       855.024520000000280
design1.pdb  rebuilt_mutated_A_31_THR   -11775.110773760554366  9337.906350000012026  -12228.359722745395629  9032.053450000008525  0.131894448695129  -411.906592788541559  1231.618010000000140  -700.989270922021092       851.508700000000317
design1.pdb  rebuilt_mutated_A_229_ASP  -11774.955083324790394  9347.147820000011052  -12224.234014762265360  9028.373380000011821  0.132994460335816  -413.337865228682858  1243.118879999999990  -708.801976636211975       855.597900000000323
design1.pdb  rebuilt_mutated_A_166_PHE  -11773.674906456641111  9370.117760000011913  -12226.001891665724543  9065.625550000009753  0.134210600358559  -453.939480018069958  1257.569129999999859  -730.501357108986099       855.116740000000277
design1.pdb  rebuilt_mutated_A_183_GLN  -11772.718339486404147  9336.734640000015133  -12225.902142220988026  9031.904450000007273  0.133216448572003  -408.084196972602001  1243.806630000000041  -708.115662417019280       855.891150000000266
design1.pdb  rebuilt_mutated_A_25_GLN   -11771.402861749063959  9366.546730000012758  -12224.049331578891724  9061.716540000012174  0.132719017566893  -403.123785272701241  1243.118879999999990  -704.806341386440522       855.597900000000323
design1.pdb  rebuilt_mutated_A_103_HIS  -11770.753189134904460  9368.437030000011873  -12253.694944121793014  9037.172140000013314  0.133825597160469  -426.097903678944363  1253.736679999999751  -756.220012387628230       875.415800000000331
design1.pdb  rebuilt_mutated_A_55_PRO   -11770.599078269135134  9359.473570000012842  -12223.432231884247813  9044.293680000009772  0.133601681830488  -388.019015428225032  1250.441410000000133  -693.417008693192543       866.081630000000473
design1.pdb  rebuilt_mutated_A_229_HIS  -11770.300129384973843  9357.033390000013242  -12222.386684245735523  9037.058390000011059  0.132853953618306  -413.797910450609606  1243.118879999999990  -709.458508404987924       855.597900000000323
design1.pdb  rebuilt_mutated_A_28_ALA   -11770.289935374958077  9349.277510000010807  -12231.544785815955038  9037.981690000009621  0.132993926928585  -399.721056147104321  1243.397130000000061  -709.850251827300440       857.022570000000201
design1.pdb  rebuilt_mutated_A_100_SER  -11770.093421556792237  9332.807190000010451  -12235.786842926714598  9015.773590000007971  0.133049982145833  -402.747853355797702  1241.729830000000220  -706.664070581111446       856.833450000000312
design1.pdb  rebuilt_mutated_A_3_HIS    -11768.493854347232627  9350.809320000011212  -12221.421149006941050  9045.979130000008809  0.132942383643858  -420.178824918461885  1243.118879999999990  -713.730308907005451       855.597900000000323
design1.pdb  rebuilt_mutated_A_64_ASN   -11767.357998037337893  9354.749940000012430  -12242.245539777848535  9044.595930000010412  0.133455486037289  -388.694525564944570  1248.442699999999832  -714.195955364987185       855.597900000000323
design1.pdb  rebuilt_mutated_A_3_TRP    -11767.264181617529175  9350.781050000010509  -12220.191476277235779  9045.950860000009925  0.132942785565490  -418.359742631791562  1243.118879999999990  -715.000967143182038       855.597900000000323
design1.pdb  rebuilt_mutated_A_97_CYS   -11766.953493473780327  9306.197450000010576  -12245.302670737779408  8898.091070000000400  0.133237540538107  -383.677018726014751  1239.934860000000072  -752.496054139098874       817.475100000000225
design1.pdb  rebuilt_mutated_A_30_GLN   -11766.397728956597348  9373.873710000010760  -12283.825047963271572  9022.114300000010189  0.134510993961321  -404.725095953181892  1260.889069999999947  -745.684924753400423       855.950310000000172
design1.pdb  rebuilt_mutated_A_55_SER   -11766.056837377049305  9362.913260000012087  -12221.140142779117014  9048.703970000009576  0.133407948499995  -419.327103605616969  1249.087050000000090  -716.029366089348741       852.186970000000315
design1.pdb  rebuilt_mutated_A_184_HIS  -11765.056670939127798  9344.211020000013377  -12218.231337248040290  9039.380830000012793  0.132841678911485  -372.026870627038136  1241.300680000000057  -690.129561238875567       866.356500000000210
design1.pdb  rebuilt_mutated_A_230_VAL  -11764.969594006137413  9349.070990000007441  -12218.016289258266625  9044.240800000010495  0.132973027087903  -424.503618036035562  1243.174269999999979  -720.579675225318056       855.653290000000311
design1.pdb  rebuilt_mutated_A_134_MET  -11764.310750633989301  9384.211530000009589  -12217.250772348148530  8977.503310000009151  0.133999968562090  -377.600388150195727  1257.484049999999797  -697.412432382496604       858.510140000000206
design1.pdb  rebuilt_mutated_A_58_THR   -11763.964752241452516  9343.183270000010452  -12129.138534388444896  8712.062720000010813  0.132248144373604  -440.649944421976727  1235.618650000000343  -716.447373782155182       851.089930000000209
design1.pdb  rebuilt_mutated_A_30_ILE   -11763.754373943776955  9364.875560000011319  -12225.633524708910045  9041.119970000010653  0.134439337921112  -410.658039114732844  1259.007669999999962  -719.219313920912668       876.097340000000258
design1.pdb  rebuilt_mutated_A_162_GLN  -11763.661019250463141  9354.821470000011686  -12225.692437407884427  9047.433230000011463  0.133158813772637  -412.911654669872462  1245.676930000000084  -716.877659878860527       855.597900000000323
design1.pdb  rebuilt_mutated_A_3_ALA    -11763.327178321500469  9349.442750000011074  -12216.254472981207073  9044.612560000010490  0.132961815291077  -399.132335822476819  1243.118879999999990  -703.696984953696756       855.597900000000323
design1.pdb  rebuilt_mutated_A_225_PRO  -11763.287149085246710  9350.656150000017078  -12218.052464006867012  9045.825960000011037  0.133239633669986  -395.050391700929765  1245.877999999999929  -695.114376680514852       858.357020000000261
design1.pdb  rebuilt_mutated_A_27_TYR   -11763.154366595312240  9349.403170000012324  -12216.056416196181090  9044.572980000011739  0.132961537479616  -401.836562379699615  1243.111020000000053  -701.556997034366418       855.590040000000272
design1.pdb  rebuilt_mutated_A_57_VAL   -11762.982419972726348  9349.520600000010745  -12216.225582707807916  9044.690410000011980  0.132960708167219  -420.295328020617092  1243.118879999999990  -716.001675696482380       855.597900000000323
design1.pdb  rebuilt_mutated_A_105_ILE  -11762.806258362976223  9355.536930000016582  -12214.984584331801670  9050.706740000010541  0.132353204232394  -457.792464516257837  1238.235290000000077  -726.889792209766824       846.579610000000343
design1.pdb  rebuilt_mutated_A_183_CYS  -11761.949365871125337  9335.362900000012814  -12214.565065453189163  9030.532710000008592  0.132638785793748  -468.528791573595129  1238.231199999999944  -741.403425172706761       846.575520000000324
design1.pdb  rebuilt_mutated_A_134_ARG  -11761.874071067573823  9402.901920000012979  -12184.519750678235141  8499.478970000009213  0.137891120319162  -357.759873292101531  1296.576679999999897  -725.360891072496543       855.597900000000323
design1.pdb  rebuilt_mutated_A_28_ASN   -11761.791395521648155  9357.871080000011716  -12221.317792099427606  9050.485210000011648  0.133547317473837  -407.601248003014518  1249.718579999999974  -708.564275116738031       854.554570000000240
design1.pdb  rebuilt_mutated_A_30_GLY   -11760.803023918035251  9332.694970000013200  -12226.739279884746793  9020.535810000012134  0.132779764471398  -411.205395518351281  1239.193040000000110  -716.705327736225058       854.333590000000186
design1.pdb  rebuilt_mutated_A_26_HIS   -11760.625500372299939  9382.233240000014121  -12251.955496498983848  9064.311150000008638  0.134551555872427  -388.551763401732558  1262.394080000000031  -705.535802965293442       838.807610000000295
design1.pdb  rebuilt_mutated_A_30_TYR   -11760.121450534703399  9409.838450000012017  -12273.840007195036378  9052.029210000009698  0.138460547109605  -406.578515008273087  1302.891379999999799  -752.664442293000889       872.106290000000058
design1.pdb  rebuilt_mutated_A_162_LEU  -11758.944185157923130  9365.638820000011037  -12217.267372764517859  9060.808630000012272  0.132731883418925  -414.919435333160038  1243.118879999999990  -715.843491421904560       855.597900000000323
design1.pdb  rebuilt_mutated_A_134_LEU  -11758.457709721998981  9374.872050000009040  -12265.196191657159943  9044.613930000010441  0.135313506492070  -372.785794727732537  1268.546809999999823  -720.978919627228947       855.597900000000323
design1.pdb  rebuilt_mutated_A_184_LYS  -11758.336516253175432  9348.107430000010936  -12211.422944148289389  9043.277240000012171  0.132878437619752  -335.289795550752899  1242.161910000000034  -679.767920138206136       855.731300000000260
design1.pdb  rebuilt_mutated_A_184_ALA  -11758.192036460690360  9321.110240000010890  -12211.438325158471343  9016.280050000006668  0.132024034510292  -385.051963904627883  1230.610580000000027  -711.257057272502038       839.971640000000320
design1.pdb  rebuilt_mutated_A_54_VAL   -11757.895805788039070  9356.318950000011682  -12219.895287588087740  9051.488760000007460  0.133251796637394  -393.574188070507205  1246.746309999999994  -669.221177457688214       849.589630000000398
design1.pdb  rebuilt_mutated_A_108_HIS  -11757.566724545771649  9365.050750000013068  -12246.448053132020505  8947.324080000005779  0.135791349555687  -317.658256273122277  1271.692880000000059  -642.552279009765584       867.364770000000135
design1.pdb  rebuilt_mutated_A_162_LYS  -11757.367901765424904  9354.131670000011582  -12220.941090000711483  9047.510530000012295  0.133086626735499  -410.591889226608430  1244.909830000000056  -716.643604982875672       855.597900000000323
design1.pdb  rebuilt_mutated_A_103_TYR  -11757.294436121263061  9391.150350000010803  -12225.176730735483943  9081.685100000007878  0.135781460468259  -453.314942980741137  1275.144110000000182  -782.911041008894131       892.477170000000342
design1.pdb  rebuilt_mutated_A_30_LYS   -11757.167476001361138  9378.315680000012435  -12289.314112038135136  9023.252860000011424  0.134401683949287  -383.398778731526306  1260.461420000000089  -743.979500452298112       854.879800000000159
design1.pdb  rebuilt_mutated_A_108_ASP  -11756.656536585562208  9320.889920000012353  -12232.918720408462832  8978.707510000009279  0.132081825937925  -478.851769271133037  1231.120159999999942  -754.237213986604843       840.530920000000265
design1.pdb  rebuilt_mutated_A_184_ASP  -11755.847426874070152  9332.362660000013420  -12209.086378429612523  9027.532470000011017  0.131864847609769  -378.586795342317089  1230.610580000000027  -707.846714855440155       839.971640000000320
design1.pdb  rebuilt_mutated_A_1_PHE    -11755.587353375636667  9340.992880000010700  -12208.318189468713172  9036.162690000010116  0.131534452042104  -499.194238815336178  1228.662379999999985  -721.572511069526286       869.068000000000325
design1.pdb  rebuilt_mutated_A_30_ARG   -11755.182842343625452  9395.262020000012853  -12294.787047325544336  9025.427740000011909  0.135049244746875  -379.369209111607631  1268.823039999999992  -745.803254370839682       854.879800000000159
design1.pdb  rebuilt_mutated_A_31_SER   -11754.734469076358437  9335.974480000013500  -12205.838360201520118  9030.106150000008711  0.131746262014204  -393.972858878859540  1229.979739999999993  -678.069150582479210       835.929300000000126
design1.pdb  rebuilt_mutated_A_30_PHE   -11754.650235381976017  9398.600740000010774  -12259.748717243397550  9051.813850000011371  0.137328747725909  -405.456283893926354  1290.698069999999916  -748.648705724144406       872.204030000000216
design1.pdb  rebuilt_mutated_A_184_GLY  -11754.451509206617629  9315.571380000012141  -12207.657318072393537  9010.741190000009738  0.132102533468001  -384.858220727957701  1230.610580000000027  -710.865995592992817       839.971640000000320
design1.pdb  rebuilt_mutated_A_31_PRO   -11753.883282841839900  9324.694040000011228  -12204.726622162357671  9018.825710000011895  0.130728503774050  -383.515490074769275  1219.003300000000081  -677.155600185511162       832.048940000000130
design1.pdb  rebuilt_mutated_A_30_VAL   -11753.506329859721518  9356.917710000010629  -12216.377830183890183  9042.033220000010260  0.133695289279187  -396.699528432886552  1250.975820000000112  -708.440138235529730       856.889990000000239
design1.pdb  rebuilt_mutated_A_183_GLU  -11753.025250574746678  9336.867610000012064  -12206.203756759761745  9032.037420000007842  0.133214551384219  -415.163063061745959  1243.806630000000041  -712.117314616389422       855.891150000000266
design1.pdb  rebuilt_mutated_A_56_TRP   -11752.644849563466778  9392.267180000015287  -12209.352874237893047  8971.745780000004743  0.136909435747120  -349.115858454241163  1285.890000000000100  -699.599095776661329       563.229879999999980
design1.pdb  rebuilt_mutated_A_229_THR  -11752.064712084516941  9346.176670000011654  -12206.970945408822445  9028.374480000013136  0.133008279630562  -419.433382164137356  1243.118879999999990  -712.635105700788245       855.597900000000323
design1.pdb  rebuilt_mutated_A_230_SER  -11751.922876375563646  9350.475750000006883  -12205.273528342864665  9045.645560000011756  0.133203732441101  -394.493246331496664  1245.518270000000030  -698.085454553642876       857.997290000000248
design1.pdb  rebuilt_mutated_A_103_SER  -11751.912335990600695  9336.028710000011415  -12204.414625113424336  9031.198520000009012  0.132270193072275  -366.779497795965085  1234.878320000000258  -664.642274503788599       882.404350000000250
design1.pdb  rebuilt_mutated_A_58_ILE   -11751.530668711029648  9350.178370000012364  -12128.320644529610945  9102.699500000007902  0.132085401061712  -423.620963871336301  1235.022060000000010  -706.046130802652897       850.500340000000278
design1.pdb  rebuilt_mutated_A_56_SER   -11750.848425331529143  9331.899850000014339  -12196.205456529471121  8933.108450000006997  0.131304898219627  -347.892234957538847  1225.324159999999893  -659.810004578120356       511.351799999999912
design1.pdb  rebuilt_mutated_A_25_MET   -11750.404958177185108  9374.090570000011212  -12203.054303423627061  9069.260380000010628  0.132612211362494  -420.707715672379152  1243.118879999999990  -716.845257372312290       855.597900000000323
design1.pdb  rebuilt_mutated_A_57_ASN   -11749.506823019348303  9354.169220000010682  -12201.454132318991469  9049.339030000013736  0.132894632410766  -422.467417438456550  1243.118879999999990  -716.689746993925951       855.597900000000323
design1.pdb  rebuilt_mutated_A_226_SER  -11749.129889434358120  9328.104740000013408  -12203.159445994795533  9023.944430000006832  0.132350209866961  -411.965752590489501  1234.576620000000048  -703.942117033306999       833.425400000000309
design1.pdb  rebuilt_mutated_A_26_MET   -11749.116823656733686  9392.200050000014016  -12202.044118316436652  9087.369860000009794  0.133697943326920  -406.110332484167941  1255.717830000000049  -699.142709953681106       889.319650000000365
design1.pdb  rebuilt_mutated_A_56_PHE   -11748.478368399792089  9364.344260000014401  -12220.345861112757120  8953.555260000006456  0.134332797371975  -344.871385523146159  1257.938560000000052  -722.453816211359594       564.359379999999987
design1.pdb  rebuilt_mutated_A_229_GLU  -11748.362300181115643  9353.505070000013802  -12208.180820110237619  9043.487970000014684  0.132904068656265  -418.610550812852978  1243.118879999999990  -710.241149815739163       855.597900000000323
design1.pdb  rebuilt_mutated_A_97_GLY   -11747.967487027677635  9274.421160000012605  -12249.038327779682731  8807.012380000001940  0.133694042852805  -380.050869659282114  1239.934860000000072  -750.402351138731433       817.475100000000225
design1.pdb  rebuilt_mutated_A_227_ALA  -11747.554318600909028  9330.296520000010787  -12208.579855987529299  9023.858540000011999  0.132416668361146  -409.022246743840583  1235.486779999999953  -722.886587414314590       840.664230000000089
design1.pdb  rebuilt_mutated_A_2_PHE    -11747.515894242967988  9396.613180000016655  -12223.830886348141576  9084.317290000009962  0.133953137783628  -400.783492975420415  1258.705819999999676  -699.510939813287337       874.820910000000140
design1.pdb  rebuilt_mutated_A_64_CYS   -11747.507898200115960  9350.930280000011408  -12205.708247070828293  9044.613930000010441  0.133099595733484  -414.080880000310970  1244.605040000000145  -715.069656817345731       855.597900000000323
design1.pdb  rebuilt_mutated_A_56_LEU   -11746.902480082844704  9363.266490000014528  -12199.542337696912000  8962.867480000006253  0.134214998723164  -389.200974757800282  1256.690799999999854  -693.519148591516569       864.767500000000268
design1.pdb  rebuilt_mutated_A_56_ASP   -11746.226812892060479  9343.638800000011543  -12191.614274403544186  8944.847400000007838  0.132397723893179  -344.509934363430773  1237.076510000000098  -655.479380593546921       512.136349999999993
design1.pdb  rebuilt_mutated_A_25_ILE   -11746.114294475706629  9369.622820000011416  -12210.080691515478975  9060.286240000010366  0.132981070202781  -394.059646572092731  1245.982469999999921  -691.679569317120354       883.022600000000352
design1.pdb  rebuilt_mutated_A_1_MET    -11745.357101572559259  9337.285800000012387  -12198.087937665633945  9032.455610000011802  0.131586673720536  -432.876503108747841  1228.662379999999985  -680.672489040302821       869.068000000000325
design1.pdb  rebuilt_mutated_A_225_ARG  -11745.244546134583288  9377.797100000016144  -12198.952193856061058  9072.966910000008284  0.132144985307903  -407.605147065167216  1239.228859999999941  -696.994355811321157       849.582680000000323
design1.pdb  rebuilt_mutated_A_56_THR   -11745.180926834811544  9338.321050000013201  -12192.942873928022891  8938.121850000004997  0.131902228827311  -364.299918601297293  1231.745360000000119  -672.121818429298969       849.694520000000352
design1.pdb  rebuilt_mutated_A_162_MET  -11744.270846493602221  9357.280690000012328  -12204.554347475850591  9049.925630000012461  0.133120271932336  -414.640224977212085  1245.643749999999955  -716.955358144410297       855.597900000000323
design1.pdb  rebuilt_mutated_A_1_TYR    -11744.083812649341780  9341.631650000012087  -12196.814648742405552  9036.801460000009683  0.131525457867952  -497.349134256226023  1228.662379999999985  -720.261562088389837       869.068000000000325
design1.pdb  rebuilt_mutated_A_28_GLY   -11743.983008353598052  9342.880650000011883  -12207.543284187990139  9031.584830000012516  0.132404287964440  -388.137439368737603  1237.037460000000010  -707.542119221758753       859.483700000000226
design1.pdb  rebuilt_mutated_A_184_ASN  -11743.660116197199386  9333.270360000013170  -12196.907782164584205  9028.440170000010767  0.131852023195865  -378.203966236023803  1230.610580000000027  -708.619763878036224       839.971640000000320
design1.pdb  rebuilt_mutated_A_30_SER   -11742.825908601435003  9340.732810000010431  -12215.712383397431040  9024.376270000011573  0.133103103930879  -402.944020510315056  1243.280529999999999  -709.743592344938179       855.576700000000301
design1.pdb  rebuilt_mutated_A_57_GLU   -11742.487218694119292  9346.320590000012089  -12200.975720291709877  9039.986630000010337  0.133006231492857  -412.526150620728060  1243.118879999999990  -709.677440274481455       855.597900000000323
design1.pdb  rebuilt_mutated_A_226_TYR  -11740.747728090846067  9413.021170000007260  -12182.419323687894575  9112.242770000011660  0.137088068399617  -347.465021806266293  1290.412889999999607  -663.256360151224612       877.152660000000310
design1.pdb  rebuilt_mutated_A_28_VAL   -11740.634495990054347  9363.064080000011018  -12193.547086993135963  9058.233890000014071  0.133957798353549  -385.665668911271325  1254.255449999999882  -700.693586332062523       855.232530000000338
design1.pdb  rebuilt_mutated_A_1_GLU    -11740.460646985282438  9338.472110000011526  -12193.191483078353485  9033.641920000010941  0.131569957646958  -440.133862325459006  1228.662379999999985  -684.994803793367623       869.068000000000325
design1.pdb  rebuilt_mutated_A_56_ILE   -11740.072123308862501  9356.823370000012801  -12185.880936802359429  8958.031970000007277  0.133618818113908  -401.163067212014255  1250.247679999999946  -690.834362606227387       860.496360000000323
design1.pdb  rebuilt_mutated_A_184_LEU  -11739.593185220104715  9339.967210000013438  -12200.146265336579745  9032.819070000010470  0.132066793412222  -367.506996626509647  1233.499520000000075  -704.502985529465946       853.178340000000389
design1.pdb  rebuilt_mutated_A_99_GLY   -11738.969534899277278  9300.213480000009440  -12223.177423908027777  8968.997290000008434  0.132723953343058  -438.720364383219874  1234.361100000000079  -716.556192656971803       855.597900000000323
design1.pdb  rebuilt_mutated_A_25_ARG   -11737.440062307103290  9376.990130000012869  -12190.086532136923779  9072.159940000012284  0.132571204913916  -401.236105490773127  1243.118879999999990  -703.067027970870981       855.597900000000323
design1.pdb  rebuilt_mutated_A_103_ARG  -11737.156376219474623  9391.738780000014231  -12206.804398588177719  9082.142670000012004  0.135567693035857  -388.769190979366215  1273.216360000000122  -724.344913747019632       884.755760000000350
design1.pdb  rebuilt_mutated_A_103_GLY  -11736.819482357404922  9341.289070000013453  -12189.081607970681944  9036.458880000011050  0.132455063827716  -374.046695900553402  1237.301040000000057  -677.948819003627250       863.826760000000263
design1.pdb  rebuilt_mutated_A_30_TRP   -11736.571259243357417  9419.855280000012499  -12224.442231835148050  9045.702010000008158  0.136052372558318  -235.575065271696843  1281.593660000000000  -649.185973365214295       844.460680000000252
design1.pdb  rebuilt_mutated_A_99_TRP   -11735.914219043677804  9404.163630000015473  -12212.950345408875364  9068.063920000011422  0.132909324973113  -451.013010529857638  1249.901039999999966  -715.352458704124047       847.773820000000342
design1.pdb  rebuilt_mutated_A_225_SER  -11735.583486052142689  9343.276050000013129  -12190.459203083784814  9038.445860000012544  0.133270232339972  -396.758901602356389  1245.180569999999989  -695.697859138801732       857.659590000000208
design1.pdb  rebuilt_mutated_A_184_THR  -11735.373563199638738  9327.388750000014625  -12188.668514735287317  9022.558560000012221  0.131935165670027  -381.446948696159325  1230.610580000000027  -709.768200656257818       839.971640000000320
design1.pdb  rebuilt_mutated_A_162_ARG  -11735.370564064038263  9364.044880000012199  -12207.954193168638085  9054.467930000011620  0.132930232175478  -411.219928356721141  1244.764660000000049  -716.312459426767077       855.597900000000323
design1.pdb  rebuilt_mutated_A_56_LYS   -11734.522043283028324  9371.241200000013123  -12211.230036269098491  8954.606500000005326  0.134951761779432  -334.674371796560990  1264.665510000000040  -689.132534672580050       832.503140000000258
design1.pdb  rebuilt_mutated_A_227_SER  -11734.483206848168265  9331.167230000010022  -12194.374649639008567  9024.729250000009415  0.132310679850499  -411.139583005642521  1234.613079999999854  -704.304970808458052       849.441170000000170
design1.pdb  rebuilt_mutated_A_1_VAL    -11734.462364229651939  9341.661310000010417  -12187.193200322717530  9036.831120000009832  0.131866435650084  -449.297259955883021  1231.851580000000013  -692.555269737457593       869.195700000000329
design1.pdb  rebuilt_mutated_A_3_VAL    -11733.675876813560535  9348.622470000011162  -12186.322346643384662  9043.792280000012397  0.132973481813947  -410.503586200747066  1243.118879999999990  -710.744344361230105       855.597900000000323
design1.pdb  rebuilt_mutated_A_28_PRO   -11732.934170020480451  9358.788600000012593  -12196.859809369538198  9047.492780000013227  0.133879012931225  -344.336551616240172  1252.945379999999886  -682.433019379284815       855.430820000000381
design1.pdb  rebuilt_mutated_A_55_THR   -11732.001164956842331  9390.311510000015915  -12200.891220518249611  9083.650750000007974  0.135771598060648  -350.660283131444146  1274.937599999999975  -701.650916162413750       857.767150000000242
design1.pdb  rebuilt_mutated_A_31_GLN   -11731.816906504076542  9364.205310000012105  -12179.908688369427182  9052.481440000008661  0.134298483252713  -381.845971898676282  1257.598570000000109  -693.718114858841886       857.124790000000303
design1.pdb  rebuilt_mutated_A_53_ILE   -11730.810609071029830  9368.822180000013759  -12186.877592805432869  9063.993700000009994  0.133208946228500  -368.151255359844640  1248.010930000000144  -676.364594193158041       855.323920000000271
design1.pdb  rebuilt_mutated_A_1_CYS    -11729.996870090317316  9338.473670000010316  -12182.727706183384726  9033.643480000009731  0.131569935668084  -449.243890894844014  1228.662379999999985  -688.181693180519119       869.068000000000325
design1.pdb  rebuilt_mutated_A_58_PRO   -11729.049579820444706  9344.050350000010440  -12092.815249451487034  8712.929800000010800  0.131770618081055  -424.754664676145296  1231.271290000000363  -699.107724468143715       846.742570000000342
design1.pdb  rebuilt_mutated_A_26_CYS   -11728.627053095222436  9364.764740000011443  -12186.160727107677303  9058.872690000009243  0.133571886184938  -354.258314386461791  1250.869290000000092  -689.220443313404189       848.527780000000348
design1.pdb  rebuilt_mutated_A_25_LEU   -11728.121930787629026  9369.971840000011071  -12180.768400617456791  9065.141650000010486  0.132670503308578  -399.855980838944618  1243.118879999999990  -701.993430430274543       855.597900000000323
design1.pdb  rebuilt_mutated_A_53_GLY   -11727.952791260357117  9337.847580000014204  -12182.226917290199708  9033.017390000009982  0.133743132911578  -389.453841293467178  1248.872989999999845  -680.458130066048057       854.999690000000214
design1.pdb  rebuilt_mutated_A_30_MET   -11727.849418152496582  9385.681670000012673  -12244.182539122701201  9054.871260000007169  0.134746578295149  -388.634931652649072  1264.688490000000002  -743.845231251010091       854.879800000000159
design1.pdb  rebuilt_mutated_A_227_GLU  -11727.488695182208176  9342.109450000009019  -12167.639704731900565  8949.629360000008091  0.132884670924081  -426.228648169456619  1241.423139999999876  -706.580891426431776       852.439980000000105
design1.pdb  rebuilt_mutated_A_226_ILE  -11727.297152843633739  9333.767710000009174  -12155.790640778821398  9028.423170000005484  0.132600757641953  -413.878969872207506  1237.664670000000115  -694.041203305153886       819.612180000000194
design1.pdb  rebuilt_mutated_A_226_ALA  -11726.502117014673786  9322.815250000012384  -12175.739278732156890  9020.942840000008800  0.132413557160215  -414.081501522855717  1234.467130000000225  -702.366729450308412       833.425400000000309
design1.pdb  rebuilt_mutated_A_227_CYS  -11726.210654185255407  9323.198240000010628  -12162.677316849669296  9019.381990000010774  0.132192736684745  -422.183373233116527  1232.459090000000060  -693.267781059014169       849.892100000000255
design1.pdb  rebuilt_mutated_A_103_THR  -11725.417687999301052  9346.701120000014271  -12178.990924296856974  9041.870930000013686  0.132833726473111  -362.408562081819923  1241.557140000000118  -673.164246318584901       852.235160000000292
design1.pdb  rebuilt_mutated_A_184_SER  -11724.956114449752931  9324.773780000010447  -12178.169785792706534  9019.943590000009863  0.131972164583707  -380.008860567145405  1230.610580000000027  -708.946422928900006       839.971640000000320
design1.pdb  rebuilt_mutated_A_226_PHE  -11724.329463612510153  9403.451000000011845  -12186.632254973501404  9087.345000000010259  0.136205773816442  -376.759595828171598  1280.804320000000189  -707.357155590278808       849.361340000000155
design1.pdb  rebuilt_mutated_A_28_LEU   -11723.649182817456676  9362.217980000012176  -12176.700543479535554  9057.387790000013410  0.133394707607523  -382.816609168832827  1248.870329999999967  -692.396078631067098       850.322000000000230
design1.pdb  rebuilt_mutated_A_28_GLN   -11722.129571415816827  9382.935630000014498  -12192.967427781097285  9069.004430000015418  0.134356251573261  -404.864288808670892  1260.656060000000025  -702.537547672060782       857.070520000000215
design1.pdb  rebuilt_mutated_A_26_GLN   -11721.424469875442810  9374.990500000012617  -12180.328326138393095  9068.712150000010297  0.133780141963877  -368.829986187472969  1254.187560000000076  -690.800168010211905       849.115820000000326
design1.pdb  rebuilt_mutated_A_100_GLN  -11720.573068005402092  9376.982810000010431  -12205.234230610585655  9043.822610000008353  0.135229824528173  -373.159526164140459  1268.047739999999976  -706.952453418494088       855.802650000000313
design1.pdb  rebuilt_mutated_A_31_ILE   -11719.527479350968861  9333.848020000012184  -12175.558964057550838  9027.997650000006615  0.132057038786025  -266.304102421903906  1232.600329999999985  -644.528726347847396       483.307139999999947
design1.pdb  rebuilt_mutated_A_108_GLY  -11718.917474619809582  9303.102860000009969  -12171.584659417860166  8991.292570000008709  0.133668249046964  -338.755416326168927  1243.529470000000174  -658.101570938952705       843.378930000000196
design1.pdb  rebuilt_mutated_A_55_GLU   -11718.178861484380832  9397.114900000016860  -12173.120241683076529  9003.145170000007056  0.136480762834984  -366.847249042748103  1282.525409999999965  -715.057475509550045       856.475160000000301
design1.pdb  rebuilt_mutated_A_226_PRO  -11717.898988052504137  9316.586160000011660  -12165.120037361570212  9015.807760000008784  0.132502089155799  -442.553870741937317  1234.467130000000225  -720.706168376594292       833.425400000000309
design1.pdb  rebuilt_mutated_A_3_THR    -11717.895925326336510  9348.515660000011849  -12170.542395156167913  9043.685470000011264  0.132975001081615  -405.472849555486675  1243.118879999999990  -707.980359616081500       855.597900000000323
design1.pdb  rebuilt_mutated_A_54_LEU   -11717.387510901704445  9389.359270000013566  -12183.080229779627189  9084.529080000007525  0.136304756607742  -387.755107620979004  1279.814329999999927  -686.904172319193322       849.773560000000202
design1.pdb  rebuilt_mutated_A_183_ASP  -11716.922112520938754  9337.109040000010282  -12169.962254292344369  9032.278850000007878  0.132692001849000  -444.470357827734517  1238.959690000000137  -731.675344023551020       846.909110000000283
design1.pdb  rebuilt_mutated_A_64_ILE   -11716.622878052901797  9362.558740000013131  -12222.017003523129461  8762.213730000010401  0.134060668120305  -356.472693280653459  1255.150879999999916  -715.729386493524885       855.597900000000323
design1.pdb  rebuilt_mutated_A_105_CYS  -11715.007137326876546  9351.717610000014247  -12166.860207233859910  9046.887420000011844  0.132406821039584  -460.645246118841669  1238.231199999999944  -735.928017124660869       846.575520000000324
design1.pdb  rebuilt_mutated_A_184_ILE  -11714.805145651484054  9341.174270000012257  -12168.054673236767485  9036.344080000013491  0.131826685211815  -371.586776264622529  1231.416040000000066  -705.273509810514952       853.127140000000281
design1.pdb  rebuilt_mutated_A_161_MET  -11713.510237419694022  9346.124930000010863  -12182.670324962282393  9020.516930000010689  0.132264014151157  -433.784110797832284  1236.155999999999949  -724.889611106641723       826.336310000000253
design1.pdb  rebuilt_mutated_A_31_ALA   -11712.016640009920593  9328.709600000012870  -12164.246141965331844  9022.841270000008080  0.131083966854322  -362.369999492445970  1222.844260000000077  -669.461336067985371       833.101780000000304
design1.pdb  rebuilt_mutated_A_57_HIS   -11711.768704883084865  9343.924920000012207  -12165.271219395786829  9039.094730000009804  0.133040332691372  -415.750692326486956  1243.118879999999990  -711.137689167799294       855.597900000000323
design1.pdb  rebuilt_mutated_A_3_ILE    -11711.301118854427841  9351.196410000011383  -12163.947588684261063  9046.366220000010799  0.132936880533343  -399.070092622826962  1243.118879999999990  -706.030138309676090       855.597900000000323
design1.pdb  rebuilt_mutated_A_183_LEU  -11711.268405161157716  9326.973780000011175  -12180.686951291694641  9014.696960000006584  0.133282124440581  -415.641221533669807  1243.118879999999990  -709.972956447740103       855.597900000000323
design1.pdb  rebuilt_mutated_A_59_HIS   -11710.478017929275666  9341.198590000012700  -12163.605518666456192  9036.368400000010297  0.133079161953669  -418.450306470518058  1243.118879999999990  -712.996214341741847       855.597900000000323
design1.pdb  rebuilt_mutated_A_54_TRP   -11710.026540650947936  9357.370320000010906  -12170.560457569445134  9052.540130000010322  0.132539040092195  -361.467187146382969  1240.216879999999946  -664.832061571690701       523.814049999999952
design1.pdb  rebuilt_mutated_A_54_CYS   -11709.040656801591467  9357.926490000012564  -12170.150463359197602  9053.096300000008341  0.133409089218011  -371.827473602731231  1248.432450000000017  -668.616047878746258       829.181280000000243
design1.pdb  rebuilt_mutated_A_227_VAL  -11708.864402577955843  9321.221110000009503  -12146.495014354535670  9017.220540000009350  0.132389862383599  -439.377964739457752  1234.035180000000082  -711.167757812397667       850.421660000000088
design1.pdb  rebuilt_mutated_A_64_LEU   -11708.390345128047556  9362.002220000011221  -12209.513292333625941  9044.305230000010852  0.134157806256106  -363.628569594770056  1255.985680000000002  -709.235564382658140       855.597900000000323
design1.pdb  rebuilt_mutated_A_58_SER   -11707.852476100659260  9338.784660000012082  -12078.072214354620883  8707.664110000010623  0.132336334436905  -393.873862543838811  1235.860530000000153  -674.887141474695568       851.331810000000246
design1.pdb  rebuilt_mutated_A_99_MET   -11706.020473915748880  9339.094240000011268  -12176.976513555358906  9029.646020000011049  0.132377365323599  -426.135123730596490  1236.284689999999955  -710.992151378583912       855.597900000000323
design1.pdb  rebuilt_mutated_A_230_HIS  -11704.213684047588686  9353.178520000008575  -12157.420257071649758  9048.348330000009810  0.133165240814841  -423.149250551056866  1245.518270000000030  -728.656951744740013       857.997290000000248
design1.pdb  rebuilt_mutated_A_225_MET  -11703.870823722283603  9371.969060000013997  -12158.104568624061358  9067.138870000007955  0.132040797625083  -405.245707576552945  1237.482270000000199  -690.118633788893590       845.431690000000458
design1.pdb  rebuilt_mutated_A_229_ASN  -11703.464709139454499  9344.730700000010984  -12154.560682173898385  9026.462230000010095  0.133028860853101  -406.614534800082254  1243.118879999999990  -702.216670793256412       855.597900000000323
design1.pdb  rebuilt_mutated_A_97_TRP   -11702.731418996236243  9330.346410000012838  -12154.139517425706799  9025.694700000009107  0.133639081038150  -337.642444367222311  1246.898919999999862  -726.393663560976847       810.957740000000172
design1.pdb  rebuilt_mutated_A_108_ASN  -11701.389828509587460  9322.723600000010265  -12165.495956851280425  8984.221430000008695  0.132055846855741  -464.577083436007626  1231.120159999999942  -743.745199184596345       840.530920000000265
design1.pdb  rebuilt_mutated_A_28_GLU   -11701.172724457379445  9379.427940000014132  -12166.617027063539354  9068.136570000011488  0.134263259769764  -383.829974405887526  1259.312570000000051  -689.876556411878937       857.064770000000294
design1.pdb  rebuilt_mutated_A_227_GLY  -11701.018703454332353  9322.367210000013074  -12179.981713027800652  9007.387580000009621  0.132177767968443  -389.509437618037566  1232.209690000000137  -696.790657314988835       825.102220000000102
design1.pdb  rebuilt_mutated_A_105_GLN  -11700.600813185710649  9362.809670000015103  -12151.837152598831381  9057.979480000010881  0.132249959535918  -466.481163525076795  1238.231199999999944  -740.206522522442128       846.575520000000324
design1.pdb  rebuilt_mutated_A_225_PHE  -11699.672714883583467  9367.822520000012446  -12155.046692026602614  9062.631820000011430  0.132615833332419  -386.231303565173619  1242.321589999999787  -688.058808996179891       854.240780000000200
design1.pdb  rebuilt_mutated_A_108_ALA  -11699.508790464138656  9301.127740000010817  -12166.581452891616209  8976.846770000009201  0.132362461242791  -464.091772535615121  1231.120159999999942  -743.030932766125488       840.530920000000265
design1.pdb  rebuilt_mutated_A_134_LYS  -11699.475650679078171  9386.031440000011571  -12211.498007199348649  9060.045130000011341  0.136341563330625  -319.409413953494379  1279.706199999999853  -714.703852590333781       855.597900000000323
design1.pdb  rebuilt_mutated_A_225_GLN  -11698.115079636152586  9361.729560000016136  -12150.937514660785382  9056.899370000008275  0.131705439908050  -396.121746298104142  1232.990710000000036  -693.278117966737796       881.311740000000214
design1.pdb  rebuilt_mutated_A_100_ARG  -11698.078652397440237  9400.528900000013891  -12214.449256897229134  8968.975860000005923  0.134645222993783  -324.133077730951356  1265.736310000000003  -705.717113755978289       874.097150000000397
design1.pdb  rebuilt_mutated_A_225_ASP  -11697.421868551715306  9347.332310000014331  -12151.663508205214384  9042.502120000013747  0.133084156927764  -400.214437728048324  1243.981839999999920  -698.773758601505961       856.460860000000253
design1.pdb  rebuilt_mutated_A_3_LEU    -11696.982993223549784  9352.637760000012349  -12149.629463053373911  9047.807570000013584  0.132916393417551  -398.895819871160541  1243.118879999999990  -702.774792644282002       855.597900000000323
design1.pdb  rebuilt_mutated_A_58_VAL   -11695.702443143301934  9346.608640000011292  -12095.802911513952495  9063.309820000009495  0.132254395964524  -408.427103430903855  1236.130080000000362  -688.901109083345432       851.615960000000086
design1.pdb  rebuilt_mutated_A_59_PHE   -11695.209840672625432  9345.585300000011557  -12148.339436205802485  9040.755110000010973  0.133016696129241  -417.929230018010287  1243.118879999999990  -713.445866761943421       855.597900000000323
design1.pdb  rebuilt_mutated_A_58_ALA   -11694.555544555012602  9335.240170000013677  -12062.024907748138503  8704.119620000010400  0.132099095207317  -387.625743679807215  1233.176780000000235  -665.529289669225591       844.933630000000335
design1.pdb  rebuilt_mutated_A_57_ASP   -11694.333812319915523  9354.059990000012476  -12146.617518760012899  9049.229800000011892  0.132896184258916  -414.486696028323763  1243.118879999999990  -709.059104296421879       855.597900000000323
design1.pdb  rebuilt_mutated_A_31_LEU   -11693.837351368803866  9362.730780000012601  -12156.148367877416604  9047.347950000010314  0.133896698458737  -354.353633418083348  1253.638740000000098  -660.869740797819759       881.095570000000293
design1.pdb  rebuilt_mutated_A_58_ASN   -11693.502523802471842  9347.941250000010768  -12148.737446037359405  9041.395230000009178  0.132715988132681  -374.016325262375005  1240.621260000000348  -680.652088895053112       851.685550000000262
design1.pdb  rebuilt_mutated_A_166_VAL  -11692.103732765110180  9334.262780000013663  -12147.587837867098642  9028.751910000008138  0.133225034403842  -383.189196494337125  1243.557479999999714  -693.014138375735229       856.758750000000191
design1.pdb  rebuilt_mutated_A_184_GLU  -11692.059476223907041  9335.552770000012970  -12166.885818037539138  9021.962100000011560  0.132560616440070  -366.975249736721366  1237.526630000000068  -698.082596528769614       849.732610000000363
design1.pdb  rebuilt_mutated_A_184_MET  -11691.810695676686009  9351.310670000015307  -12145.238705920895882  9046.480480000011084  0.132883393980964  -362.265628220962583  1242.633900000000040  -697.236635095116412       857.109330000000341
design1.pdb  rebuilt_mutated_A_55_MET   -11690.513183813045544  9406.125030000015613  -12143.525008576591063  9110.568470000007437  0.137356545429632  -368.352634169749308  1291.992839999999887  -713.176614076187775       856.143090000000370
design1.pdb  rebuilt_mutated_A_56_MET   -11690.316331758696833  9368.486500000013621  -12157.361613466604467  8964.165160000004107  0.134697403897630  -327.514727426072568  1261.910810000000083  -663.343021509032155       873.246730000000184
design1.pdb  rebuilt_mutated_A_3_LYS    -11689.701323858918840  9351.168310000011843  -12142.347793688748425  9046.338120000013078  0.132937280004962  -400.047660696264131  1243.118879999999990  -703.110399503236181       855.597900000000323
design1.pdb  rebuilt_mutated_A_57_TYR   -11688.135891663361690  9345.112320000011096  -12140.890200312178422  9040.282130000008692  0.133023428443929  -416.686306397339024  1243.118879999999990  -710.995419056770174       855.597900000000323
design1.pdb  rebuilt_mutated_A_28_LYS   -11687.797432994140763  9394.636210000013307  -12175.749834355332496  9076.882720000010522  0.135312747783344  -381.102060428529342  1271.214039999999841  -703.167310251555136       897.300020000000245
design1.pdb  rebuilt_mutated_A_54_MET   -11687.278199802383824  9368.211550000012721  -12146.432534782108632  9063.381360000010318  0.134624437468003  -329.415546573627523  1261.190209999999979  -638.073257015378658       872.244130000000155
design1.pdb  rebuilt_mutated_A_229_VAL  -11687.225000500480746  9347.102450000011231  -12141.158794658418628  9030.527750000013839  0.132995105879042  -406.006519036993154  1243.118879999999990  -701.493524034432312       855.597900000000323
design1.pdb  rebuilt_mutated_A_25_VAL   -11687.089586006013633  9360.331150000012713  -12152.002077931974782  9051.070140000010724  0.133108121927930  -386.365774234424464  1245.936099999999897  -685.465222540758987       883.051800000000298
design1.pdb  rebuilt_mutated_A_31_GLY   -11686.204610836006395  9322.226880000011079  -12138.498498217893939  9016.358550000006289  0.130725754230946  -354.468691726520490  1218.655140000000074  -669.125365531243119       828.120920000000297
design1.pdb  rebuilt_mutated_A_229_ILE  -11685.255098175313833  9353.206750000012107  -12140.173289954234860  9038.062390000013693  0.132908307624013  -397.700085067562839  1243.118879999999990  -694.296806896382009       855.597900000000323
design1.pdb  rebuilt_mutated_A_28_CYS   -11685.140224744553052  9353.461830000011105  -12138.203253034022055  9048.631640000014158  0.133168026195922  -359.707423317789051  1245.582049999999981  -685.499878172290892       855.210550000000239
design1.pdb  rebuilt_mutated_A_53_VAL   -11684.976226617460270  9356.951020000013159  -12138.898788434740709  9052.120830000008937  0.132722610960082  -360.042363383777570  1241.878969999999981  -667.483696883760217       855.800590000000284
design1.pdb  rebuilt_mutated_A_26_LYS   -11684.066800462062020  9397.404420000013488  -12141.847967650219289  9091.508820000011838  0.134861544034730  -361.808824219986604  1267.348469999999907  -680.286046239968982       844.903530000000274
design1.pdb  rebuilt_mutated_A_3_MET    -11682.563518314718749  9359.408570000012332  -12135.490812974419896  9054.578380000011748  0.132820238661725  -383.669277828252632  1243.118879999999990  -700.625842750271090       855.597900000000323
design1.pdb  rebuilt_mutated_A_59_ASN   -11682.430463316968599  9331.090010000014445  -12136.696608254442253  9026.259820000010222  0.133223329607555  -419.286438412741461  1243.118879999999990  -713.033945308273474       855.597900000000323
design1.pdb  rebuilt_mutated_A_104_PHE  -11681.720007960955627  9345.362210000010236  -12135.535551547676732  9040.532020000013290  0.133136922041248  -382.562073242288307  1244.212759999999889  -681.910702183171907       856.691780000000335
design1.pdb  rebuilt_mutated_A_227_PHE  -11681.548150580869333  9352.516160000010132  -12096.452096952196371  9088.494800000009491  0.132650020462515  -385.027212591610237  1240.611460000000307  -674.237632495882849       853.186100000000124
design1.pdb  rebuilt_mutated_A_100_CYS  -11681.434287980611771  9343.273260000012669  -12131.897063656128012  9038.871300000011615  0.133081112517948  -377.021910703761307  1243.413200000000188  -686.528498663800974       856.793850000000361
design1.pdb  rebuilt_mutated_A_25_THR   -11680.550105652821003  9357.993630000011763  -12133.196575482630578  9053.163440000011178  0.132840321243091  -402.355310490045838  1243.118879999999990  -703.776853724599164       855.597900000000323
design1.pdb  rebuilt_mutated_A_103_TRP  -11680.456507749362572  9396.810800000012023  -12146.756309321479421  9087.214690000011615  0.135648740528010  -412.779547502235630  1274.665549999999939  -745.810190004389028       886.181150000000230
design1.pdb  rebuilt_mutated_A_57_PHE   -11679.860034151859509  9345.073520000010831  -12132.761640457423709  9040.243330000010246  0.133023980746595  -416.218661648285320  1243.118879999999990  -710.683641512022518       855.597900000000323
design1.pdb  rebuilt_mutated_A_31_MET   -11678.197021806065095  9372.557690000010552  -12133.377038109221758  9058.364400000011301  0.135067906954649  -347.462520497673552  1265.931749999999965  -673.781008306675290       880.598670000000197
design1.pdb  rebuilt_mutated_A_56_ALA   -11677.701570531487960  9331.586690000014642  -12122.828657842837856  8932.795290000005480  0.131275745561337  -308.229552413527131  1225.011000000000195  -622.803813780670907       497.507099999999980
design1.pdb  rebuilt_mutated_A_64_MET   -11677.623830245984209  9372.556150000011257  -12189.214187111901992  8762.333540000008725  0.134960288288057  -358.073341185779384  1264.922879999999850  -709.173151112891446       855.597900000000323
design1.pdb  rebuilt_mutated_A_3_CYS    -11676.775603754422264  9348.416730000011739  -12129.422073584242753  9043.586540000012974  0.132976408294969  -402.501285430088330  1243.118879999999990  -703.923753153608004       855.597900000000323
design1.pdb  rebuilt_mutated_A_226_HIS  -11676.149304735139594  9384.097340000011172  -12188.720415316362050  9054.724240000010468  0.135420219330333  -339.136518309034045  1270.796519999999873  -699.089481044906165       855.124100000000340
design1.pdb  rebuilt_mutated_A_3_GLU    -11675.734257330817854  9352.460490000012214  -12128.380727160645620  9047.630300000009811  0.132918912764100  -400.653963258435112  1243.118879999999990  -703.175884293538957       855.597900000000323
design1.pdb  rebuilt_mutated_A_101_GLU  -11675.695472604798852  9337.024580000012065  -12127.339464624787070  9034.836460000009538  0.133910216181523  -291.538817472937637  1250.322980000000143  -642.660215369715388       841.337300000000255
design1.pdb  rebuilt_mutated_A_227_GLN  -11675.615973454554478  9335.175410000008924  -12105.928733357433885  9033.737650000010035  0.133136498824503  -397.049575849759492  1242.852570000000014  -685.394152551267666       852.755370000000198
design1.pdb  rebuilt_mutated_A_57_SER   -11673.414136460321970  9348.104340000010779  -12126.525946852038032  9043.274150000010195  0.132980852030156  -413.068540677230089  1243.118879999999990  -708.538648723141819       855.597900000000323
design1.pdb  rebuilt_mutated_A_184_VAL  -11672.313223021317754  9333.202290000013818  -12125.651175129480180  9028.372100000011415  0.131852984834426  -379.195544570228321  1230.610580000000027  -708.109067989492701       839.971640000000320
design1.pdb  rebuilt_mutated_A_25_TRP   -11672.029153463501643  9404.237970000012865  -12140.250551087050553  9088.195280000010825  0.134944842319850  -360.935356090169250  1269.053409999999985  -683.753494006138112       871.721210000000156
design1.pdb  rebuilt_mutated_A_225_LEU  -11671.422586161997970  9346.521500000006199  -12129.048235764834317  9041.691310000012891  0.133440390630889  -305.948219610433910  1247.203480000000354  -615.683869278440056       859.682500000000346
design1.pdb  rebuilt_mutated_A_134_ILE  -11669.359376929131031  9369.095100000009552  -12168.963230913477673  9045.621060000010402  0.134027952176513  -349.884742047469160  1255.720629999999801  -688.717718223974884       855.597900000000323
design1.pdb  rebuilt_mutated_A_53_MET   -11668.738752939838378  9378.621970000014699  -12112.111416431498583  9079.171900000008463  0.133766546302111  -373.241863851414621  1254.545869999999923  -658.529874678558258       888.610430000000179
design1.pdb  rebuilt_mutated_A_53_HIS   -11667.024255488164272  9356.096260000012990  -12124.781930500586896  9051.266070000006948  0.132638084892897  -312.578619460569485  1240.974689999999782  -632.416051211531112       828.373610000000212
design1.pdb  rebuilt_mutated_A_103_ALA  -11666.943515752556777  9336.670850000011342  -12119.318979383988335  9031.840660000010757  0.132258730101854  -340.645998838445223  1234.856230000000096  -645.164533658425398       849.269450000000347
design1.pdb  rebuilt_mutated_A_97_PHE   -11666.045498112553105  9334.566820000014559  -12119.034497423381254  9029.736630000004880  0.133278603494961  -362.771383544325772  1244.098030000000108  -712.902160098364561       827.262610000000222
design1.pdb  rebuilt_mutated_A_184_PRO  -11665.879492444082643  9319.016770000011093  -12119.126245924884643  9014.186580000008689  0.132053693042125  -379.121677324925315  1230.610580000000027  -707.175608307814628       839.971640000000320
design1.pdb  rebuilt_mutated_A_56_CYS   -11664.811922233351652  9334.893550000015239  -12110.151371919724625  8936.102150000006077  0.131583488705128  -311.766536316007944  1228.317860000000110  -627.050581396409598       513.033199999999852
design1.pdb  rebuilt_mutated_A_28_HIS   -11664.726138168809484  9385.194840000014665  -12151.918874576047529  9061.657330000010916  0.135544652155564  -335.658482078852160  1272.112969999999905  -666.646316307353914       899.524700000000280
design1.pdb  rebuilt_mutated_A_31_CYS   -11664.147934250986509  9342.431990000011865  -12107.323883974107957  9042.981920000011087  0.132304784377670  -347.168132606333927  1236.048450000000003  -648.915793932889187       834.812800000000266
design1.pdb  rebuilt_mutated_A_54_HIS   -11663.826565553643377  9351.798640000013620  -12122.824479850210992  9046.968450000009398  0.132784852176843  -295.132288946176459  1241.777200000000221  -608.913276911559819       525.271869999999808
design1.pdb  rebuilt_mutated_A_56_VAL   -11662.821587704003832  9342.648640000012165  -12108.580426867727510  8943.857240000003003  0.132304338697682  -324.756017022988715  1236.072949999999992  -635.459717492831373       512.701689999999871
design1.pdb  rebuilt_mutated_A_108_CYS  -11662.266705202478988  9313.985060000011799  -12116.234369324649379  9008.989790000010544  0.132179743908672  -458.422364189073676  1231.120159999999942  -740.863924968988727       840.530920000000265
design1.pdb  rebuilt_mutated_A_108_PRO  -11660.920800576854163  9298.336320000011256  -12114.396800976521263  8993.341050000008181  0.132477878580326  -436.218798177599467  1231.823869999999943  -760.499243167495365       814.979940000000056
design1.pdb  rebuilt_mutated_A_101_PHE  -11660.602590536364005  9339.554050000011557  -12117.278157766480945  9034.719570000008389  0.132290597964899  -295.144875120614699  1235.535190000000057  -630.383128024123835       502.728049999999939
design1.pdb  rebuilt_mutated_A_226_THR  -11658.821607308165767  9338.995010000013281  -12119.889341766302095  9030.068120000010822  0.132515106676344  -387.906620468581423  1237.557920000000195  -681.254929634471182       855.944200000000251
design1.pdb  rebuilt_mutated_A_102_HIS  -11658.483941385435173  9326.431150000011257  -12111.866461776809956  9021.600960000005216  0.131415099761928  -283.204947682919908  1225.633880000000090  -582.215759300571222       490.779470000000003
design1.pdb  rebuilt_mutated_A_2_ILE    -11657.651547529387244  9353.041280000012193  -12111.139678960580568  9048.211090000006152  0.132938026549584  -376.164128784910361  1243.374850000000151  -700.412273649796475       856.625870000000305
design1.pdb  rebuilt_mutated_A_59_ASP   -11657.640137691323616  9329.971230000013747  -12111.856521521431205  9025.141040000009525  0.133239304747567  -420.090065786562207  1243.118879999999990  -714.087118196855499       855.597900000000323
design1.pdb  rebuilt_mutated_A_3_ARG    -11657.322863900679295  9350.992410000011660  -12109.969333730503422  9046.162220000011075  0.132939780666553  -400.878935836274479  1243.118879999999990  -703.340748167751599       855.597900000000323
design1.pdb  rebuilt_mutated_A_229_GLN  -11656.929029867631471  9353.659550000009403  -12126.224694887680016  9043.119060000011814  0.133036643395899  -407.169467721583999  1244.379469999999856  -702.657567122540513       856.858490000000302
design1.pdb  rebuilt_mutated_A_108_GLU  -11655.377261341209305  9326.868770000011864  -12109.344925463368781  9021.873500000010608  0.131997156855033  -457.118354004310106  1231.120159999999942  -736.043869027810274       840.530920000000265
design1.pdb  rebuilt_mutated_A_25_CYS   -11655.177250354752687  9356.194830000011279  -12107.823720184574995  9051.364640000010695  0.132865860810639  -401.543591412754438  1243.118879999999990  -703.296975676349462       855.597900000000323
design1.pdb  rebuilt_mutated_A_166_GLU  -11655.157748372797869  9353.827350000012302  -12109.651414797912366  9048.262080000011338  0.132849024629474  -405.544304717424950  1242.646839999999884  -709.046897059338221       855.015470000000391
design1.pdb  rebuilt_mutated_A_166_LEU  -11654.447528906501248  9358.050100000013117  -12112.700718076581325  9047.684640000008585  0.132893054291299  -420.361249417008366  1243.619860000000017  -720.261131282646716       855.601450000000341
design1.pdb  rebuilt_mutated_A_53_TRP   -11654.167529977114100  9390.188720000014655  -12112.972466283543326  9085.358530000008614  0.135386824259694  -334.254297282610082  1271.307829999999740  -649.818836050948903       893.054820000000291
design1.pdb  rebuilt_mutated_A_28_ILE   -11653.801144974668205  9375.277030000012019  -12106.727937774925522  9070.446840000013253  0.134152717405088  -337.639148094217660  1257.718889999999874  -679.892838942380422       855.296650000000227
design1.pdb  rebuilt_mutated_A_27_MET   -11653.707532887563502  9367.768850000011298  -12102.990105822385885  9066.170940000012706  0.134169357733458  -271.582969292711425  1256.867530000000215  -600.244368982930951       461.166009999999972
design1.pdb  rebuilt_mutated_A_26_ILE   -11653.411512930537356  9377.100630000013552  -12106.338807590238503  9072.270440000011149  0.133203515594564  -325.634384848378602  1249.062770000000000  -650.507416855840347       846.735990000000356
design1.pdb  rebuilt_mutated_A_183_TRP  -11652.288194783248400  9364.802460000011706  -12135.299812173347163  9044.851340000010168  0.134856659859539  -380.031101273010904  1262.905979999999772  -731.482445063727255       867.595300000000293
design1.pdb  rebuilt_mutated_A_183_LYS  -11648.315741396256271  9343.186710000009043  -12102.478335751582563  9038.356520000008459  0.133050844276663  -412.296118290518450  1243.118879999999990  -710.923419779400888       855.597900000000323
design1.pdb  rebuilt_mutated_A_229_ARG  -11647.686372492480587  9398.511470000012196  -12110.491599305205455  9097.134220000009009  0.132282161272927  -380.601864255637338  1243.255409999999983  -685.703439564121368       855.734430000000316
design1.pdb  rebuilt_mutated_A_55_VAL   -11647.429448983750262  9373.114420000014434  -12091.060930645135159  8976.022960000007515  0.133861945323399  -357.231275255932530  1254.703330000000051  -679.125622435347509       857.030820000000290
design1.pdb  rebuilt_mutated_A_59_ARG   -11646.945628248295179  9341.017680000011751  -12099.650870158879115  9036.187490000011167  0.133081739333567  -411.650544032716198  1243.118879999999990  -707.074906256539066       855.597900000000323
design1.pdb  rebuilt_mutated_A_226_CYS  -11645.561578276905493  9337.970170000011422  -12109.517120780132245  9027.710070000008272  0.132494613655421  -376.593283853427579  1237.230750000000171  -671.625183513795832       856.056200000000331
design1.pdb  rebuilt_mutated_A_184_CYS  -11645.551140346811735  9328.609300000014628  -12098.887969198958672  9023.779110000010405  0.131917903347072  -378.079868907252205  1230.610580000000027  -708.422537757123791       839.971640000000320
design1.pdb  rebuilt_mutated_A_105_MET  -11645.441714545026116  9353.441900000014357  -12098.006377646001056  9048.611710000011954  0.132321327617377  -428.368312291569225  1237.659850000000006  -718.736460023673885       846.576670000000263
design1.pdb  rebuilt_mutated_A_229_MET  -11643.273142094700233  9366.846910000007483  -12093.083895646541350  9064.830290000012610  0.132849344283774  -400.519718629939405  1244.379469999999856  -700.232321075469144       856.858490000000302
design1.pdb  rebuilt_mutated_A_100_LYS  -11640.454863619395837  9379.296980000011899  -12131.745588731346288  9066.254210000010062  0.133805317464209  -318.609358147345120  1254.999810000000025  -693.077988778965164       856.223250000000348
design1.pdb  rebuilt_mutated_A_227_ILE  -11640.287803264005561  9341.982950000010533  -12078.709186775502531  9040.626120000011724  0.133071109918906  -375.492239587579434  1243.148040000000037  -646.480096057026344       854.400230000000079
design1.pdb  rebuilt_mutated_A_103_PRO  -11639.305663878471023  9336.525150000012218  -12091.635004975234551  9031.694960000011633  0.132218260023645  -326.010869938543124  1234.459110000000010  -632.634706313760489       848.984730000000241
design1.pdb  rebuilt_mutated_A_101_HIS  -11639.265953094100041  9340.970090000009804  -12101.528051229237462  9035.773460000009436  0.133086776643345  -313.620961038164069  1243.159600000000182  -678.001933788007932       831.251950000000193
design1.pdb  rebuilt_mutated_A_53_LEU   -11638.777300159474180  9380.137270000015633  -12082.525213324299330  9080.687200000007579  0.133657719915222  -360.426293528415670  1253.727759999999989  -676.592208150844954       851.913420000000087
design1.pdb  rebuilt_mutated_A_226_GLN  -11637.915583311407318  9362.330130000013014  -12138.789299134119574  9038.706600000010440  0.134116149779478  -375.819443695133998  1255.639670000000251  -706.715898601656363       845.478640000000269
design1.pdb  rebuilt_mutated_A_54_GLU   -11637.448926316223151  9350.205330000013419  -12097.569632922170058  9045.375140000007377  0.132593140604325  -259.057633655284633  1239.773090000000138  -579.448456723345657       520.404959999999960
design1.pdb  rebuilt_mutated_A_57_GLN   -11636.670609716204126  9358.510510000010981  -12068.372443439464405  9070.971920000010869  0.132792155190944  -425.868848210204646  1242.736779999999953  -718.880994789691840       855.597900000000323
design1.pdb  rebuilt_mutated_A_108_PHE  -11635.224936361171785  9356.051730000011958  -12149.120962289907766  8934.919800000006944  0.134389308255780  -326.999660787059497  1257.353319999999940  -675.426136527838480       859.259500000000230
design1.pdb  rebuilt_mutated_A_32_MET   -11634.684698201168430  9344.122610000011264  -12092.543209264864345  9035.528770000009899  0.132635717844032  -363.724687433250210  1239.364409999999907  -679.913106527705622       867.563880000000154
design1.pdb  rebuilt_mutated_A_53_CYS   -11634.034204859179226  9344.893280000012965  -12090.447554957958346  9040.063090000008742  0.131913158670122  -327.812499053897966  1232.714390000000094  -650.887817765124737       818.010760000000232
design1.pdb  rebuilt_mutated_A_103_GLU  -11633.862327493114208  9368.046340000011696  -12122.049959490883339  9029.872450000009849  0.133797238453882  -360.158547370247732  1253.418730000000323  -696.752211850541471       868.188850000000230
design1.pdb  rebuilt_mutated_A_55_ILE   -11632.584363958396352  9385.497760000014750  -12076.377659297801074  9092.587580000010348  0.134479340603454  -355.509774315712832  1262.155550000000176  -679.219247392109196       856.293680000000336
design1.pdb  rebuilt_mutated_A_102_TRP  -11632.404387241500444  9353.471960000011677  -12087.920825648359823  9048.641770000011093  0.133885057372856  -328.657332452638741  1252.290130000000318  -639.891316968803380       865.557050000000345
design1.pdb  rebuilt_mutated_A_53_LYS   -11632.045849995678509  9380.006120000016381  -12075.538588292492932  9080.556050000006508  0.133958782534355  -367.451824185937198  1256.534199999999828  -653.834561303748387       890.259060000000204
design1.pdb  rebuilt_mutated_A_226_GLY  -11631.975558031022956  9311.860320000012507  -12082.750634168960460  9011.081920000009632  0.132569334974732  -394.318697989093494  1234.467130000000225  -692.869048837296759       833.425400000000309
design1.pdb  rebuilt_mutated_A_59_GLN   -11631.541524599933837  9340.955760000011651  -12084.006731110885084  9036.125570000009247  0.133082621515381  -412.245031719267388  1243.118879999999990  -707.973649993061827       855.597900000000323
design1.pdb  rebuilt_mutated_A_31_VAL   -11630.682325652645886  9336.325390000012703  -12086.155624902659838  9030.468580000009752  0.131762668781620  -349.662845438158513  1230.179150000000163  -652.873975952720457       849.316830000000323
design1.pdb  rebuilt_mutated_A_184_ARG  -11630.304185632110602  9341.385710000013205  -12097.106918357771065  9029.270120000010138  0.132133685335213  -390.703729366822301  1234.311720000000150  -692.413749096195716       845.407040000000279
design1.pdb  rebuilt_mutated_A_100_MET  -11628.985570237449792  9384.694570000012391  -12099.955177405654467  9071.541470000011032  0.135890830595246  -338.594416185635907  1275.293940000000021  -683.444255568599374       855.170150000000376
design1.pdb  rebuilt_mutated_A_26_LEU   -11627.037340162400142  9379.317130000014004  -12079.964634822110384  9074.486940000009781  0.134103209494527  -304.083646612822349  1257.796530000000075  -660.143739283117611       844.050170000000321
design1.pdb  rebuilt_mutated_A_108_SER  -11625.908151930396343  9305.774850000010701  -12111.755752571038101  8976.991580000007161  0.132296362188475  -456.420841762477664  1231.120159999999942  -735.451928582919663       840.530920000000265
design1.pdb  rebuilt_mutated_A_58_CYS   -11625.560917656272068  9339.229690000011033  -12010.624234048465951  8708.109240000010686  0.132110308982025  -359.642479407801773  1233.808520000000271  -655.009708389659409       849.279900000000225
design1.pdb  rebuilt_mutated_A_226_LYS  -11623.105589631528346  9379.731510000012349  -12149.038450227610156  9045.156510000011622  0.134957172137649  -352.027303946358813  1265.862040000000434  -705.890105121381794       849.275750000000244
design1.pdb  rebuilt_mutated_A_26_ARG   -11621.799979536941464  9413.302890000013576  -12074.446449366769230  9108.472700000009354  0.133189473944570  -406.183168284796523  1253.752860000000055  -691.540904249243681       845.068130000000338
design1.pdb  rebuilt_mutated_A_57_TRP   -11619.996590124676004  9358.672520000012810  -12101.792392548233693  9040.377330000010261  0.132830684837340  -413.994096872519151  1243.118879999999990  -706.723202661697997       855.597900000000323
design1.pdb  rebuilt_mutated_A_59_LYS   -11619.607506712762188  9347.038490000011734  -12072.197941390346386  9042.208300000009331  0.132996015939162  -413.101092378956025  1243.118879999999990  -708.506100663369807       855.597900000000323
design1.pdb  rebuilt_mutated_A_101_THR  -11619.318722679063285  9315.297980000008465  -12097.424549617433513  9001.889630000006946  0.132424148175236  -271.690043768871988  1233.570400000000291  -640.283426234307512       819.907750000000306
design1.pdb  rebuilt_mutated_A_166_GLN  -11617.663642252022328  9352.568470000012894  -12073.033869517710627  9046.996910000010757  0.132794728419668  -380.376010828310427  1241.971789999999828  -689.125863903120830       854.717910000000302
design1.pdb  rebuilt_mutated_A_1_TRP    -11615.933407647798958  9359.944280000012441  -12104.886344537593686  9046.353430000010121  0.133701676266816  -269.497961259061128  1251.440239999999903  -682.808795921354999       855.561400000000276
design1.pdb  rebuilt_mutated_A_229_CYS  -11614.390004824894277  9345.823060000011537  -12065.605826670444003  9026.908280000010564  0.133013312152306  -399.803673260294886  1243.118879999999990  -696.612786600828827       855.597900000000323
design1.pdb  rebuilt_mutated_A_103_MET  -11613.848880263911269  9365.245950000011362  -12102.046259829459814  9029.401660000012271  0.133575664395658  -370.537567898342729  1250.968949999999950  -707.449987855204427       868.068670000000225
design1.pdb  rebuilt_mutated_A_227_ARG  -11612.876979033677344  9380.307720000009795  -12073.395164678613583  9086.017690000007860  0.132129999035895  -352.592107343376256  1239.420050000000174  -683.442476414699399       845.750230000000101
design1.pdb  rebuilt_mutated_A_166_THR  -11609.298280025970598  9343.367360000012923  -12064.859862317436637  9037.791580000010072  0.132927179478898  -393.957028844235424  1241.987469999999803  -696.611592964186116       855.168560000000298
design1.pdb  rebuilt_mutated_A_225_ALA  -11607.132605193595737  9340.246260000012626  -12062.875610502926065  9035.416070000010222  0.133386895304407  -365.900105109964613  1245.866449999999986  -667.408464618106564       858.345470000000319
design1.pdb  rebuilt_mutated_A_32_ASP   -11607.125136392782224  9319.921950000010838  -12077.983567125354966  9011.232100000010178  0.132971371074626  -413.124259849152452  1239.282799999999952  -735.961761338487463       867.386260000000220
design1.pdb  rebuilt_mutated_A_55_LYS   -11605.502067553692541  9404.688330000015412  -12137.750323500908053  9053.985640000009880  0.135163125602483  -339.307561620758236  1271.167069999999967  -690.821016821598278       853.990000000000236
design1.pdb  rebuilt_mutated_A_103_PHE  -11605.127843941887477  9376.982820000011998  -12100.172191794812534  9048.458030000012513  0.134569664275017  -356.004188552354606  1261.857430000000022  -701.560246948749977       886.276650000000359
design1.pdb  rebuilt_mutated_A_101_GLN  -11604.074443713900109  9339.483640000009473  -12055.656746565116919  9037.295520000006945  0.134005148276056  -248.021529912580860  1251.538890000000038  -592.142593685148086       847.238170000000082
design1.pdb  rebuilt_mutated_A_55_CYS   -11603.910886838051738  9369.909140000012485  -12064.210192532260407  9054.037550000010015  0.133458945152589  -394.557498127985752  1250.498190000000022  -696.546682887468478       851.935810000000288
design1.pdb  rebuilt_mutated_A_57_CYS   -11603.042486490563533  9351.971900000011374  -12056.317306047531019  9047.141710000008970  0.132925857059087  -413.048598191614360  1243.118879999999990  -708.581678079155495       855.597900000000323
design1.pdb  rebuilt_mutated_A_101_ILE  -11602.377973217460749  9330.859560000013516  -12077.059044181416539  9018.017160000012154  0.133856088173724  -282.046605748597187  1248.992360000000190  -647.235809347419831       831.644260000000031
design1.pdb  rebuilt_mutated_A_229_SER  -11601.243607067537596  9338.614800000012110  -12054.249937103402772  9018.484630000013567  0.133115982040505  -406.289988590265580  1243.118879999999990  -702.736160560643953       855.597900000000323
design1.pdb  rebuilt_mutated_A_228_TYR  -11600.848861613749250  9343.935360000010405  -12048.612492826039670  8758.787410000009913  0.133187482795258  -325.356597117877243  1244.495230000000220  -605.960450442309593       839.005210000000034
design1.pdb  rebuilt_mutated_A_183_ILE  -11598.441719009650114  9324.672580000014932  -12052.690022634124034  9019.842390000008891  0.133315016622278  -422.947989740872174  1243.118879999999990  -716.723876715287361       855.597900000000323
design1.pdb  rebuilt_mutated_A_229_LYS  -11598.234378304321581  9391.071840000013253  -12054.275242074689231  9097.782320000009349  0.132386955523492  -390.621464213060221  1243.255409999999983  -696.828581606423199       855.734430000000316
design1.pdb  rebuilt_mutated_A_55_GLN   -11597.353299312382660  9391.392530000013721  -12092.149478872288455  9052.874860000010813  0.134748021228754  -388.747672825164443  1265.471559999999954  -705.610741239768913       853.136840000000348
design1.pdb  rebuilt_mutated_A_26_TYR   -11595.628749426838112  9395.008030000013605  -12120.915380908538282  9070.794440000008763  0.135250087700031  -292.416747534128660  1270.675659999999880  -666.174790256646020       838.669390000000249
design1.pdb  rebuilt_mutated_A_100_LEU  -11595.367444439669271  9369.283110000011220  -12081.398527988123533  9048.294230000012249  0.134483674493213  -298.729998504372077  1260.015620000000126  -662.427721723873219       855.826150000000212
design1.pdb  rebuilt_mutated_A_57_ALA   -11593.083560182290967  9344.997420000012426  -12046.946140211217426  9040.167230000010022  0.133025064013340  -408.738815039306303  1243.118879999999990  -705.117629939818471       855.597900000000323
design1.pdb  rebuilt_mutated_A_166_ASP  -11589.921487979747326  9349.277030000012019  -12045.338959895574590  9043.729420000010577  0.132988300165922  -383.413654897007859  1243.344459999999799  -687.781940451340347       855.826150000000325
design1.pdb  rebuilt_mutated_A_183_THR  -11589.878485985238513  9316.598100000013801  -12044.680901531111886  9011.767910000007760  0.133504377525955  -396.406204227464002  1243.806630000000041  -698.507343180503767       855.891150000000266
design1.pdb  rebuilt_mutated_A_54_ILE   -11589.522585440694456  9364.672350000013466  -12058.494935696369794  9059.842160000009244  0.134026729723224  -244.717454059093996  1255.116409999999860  -580.945356983586294       527.211349999999925
design1.pdb  rebuilt_mutated_A_227_LEU  -11589.478568919936151  9338.072250000008353  -12022.857526678439172  9036.636080000009315  0.132501929399829  -375.236298423202413  1237.312590000000000  -657.205679975079875       851.804230000000189
design1.pdb  rebuilt_mutated_A_53_PHE   -11588.856423906318014  9367.220990000012534  -12047.909462713112589  9062.390800000010131  0.133399031722854  -289.649390446403004  1249.578209999999899  -613.889146851232113       825.119450000000143
design1.pdb  rebuilt_mutated_A_99_LYS   -11588.811758340747474  9356.193790000012086  -12065.263967978815344  9047.373880000011923  0.131929834685478  -436.301450730374711  1234.361100000000079  -714.628854799317310       855.597900000000323
design1.pdb  rebuilt_mutated_A_225_CYS  -11584.864999347026242  9350.236580000015238  -12041.516946012865446  9045.406390000011015  0.133056999077557  -367.788361156510916  1244.114420000000109  -670.416491734499800       856.593440000000328
design1.pdb  rebuilt_mutated_A_230_ALA  -11583.943197677032003  9348.950100000009115  -12037.757222924461530  9044.119910000012169  0.133223781994515  -368.123490741627393  1245.502489999999852  -673.779517878887532       857.981510000000299
design1.pdb  rebuilt_mutated_A_28_MET   -11580.107736475571073  9384.679590000012467  -12033.255168840754777  9079.849400000010064  0.134605415974569  -301.100021768746728  1263.228699999999890  -660.067273583681413       857.092430000000263
design1.pdb  rebuilt_mutated_A_32_GLY   -11580.048320935895390  9292.243070000009538  -12050.922261815050661  8983.553220000007059  0.133365934432019  -307.318239258814856  1239.268679999999904  -659.418338005151099       813.724880000000212
design1.pdb  rebuilt_mutated_A_184_TRP  -11579.342631411020193  9352.735420000008162  -12034.942390017764410  9001.726490000008198  0.133664437606853  -410.635568802600403  1250.128119999999626  -699.688010279996774       858.173410000000331
design1.pdb  rebuilt_mutated_A_59_TRP   -11578.606012873930013  9353.211070000012114  -12032.763389342246228  9048.380880000013349  0.132908246237193  -418.079741988530827  1243.118879999999990  -712.854145831239180       855.597900000000323
design1.pdb  rebuilt_mutated_A_105_HIS  -11578.503356917837664  9356.609480000013718  -12030.705492025839703  9051.779290000011315  0.132337595434195  -451.812406804071941  1238.231199999999944  -729.236692829301887       846.575520000000324
design1.pdb  rebuilt_mutated_A_103_ASN  -11578.222514569079067  9359.975850000009814  -12074.119064855360193  9022.214060000011159  0.133211691993842  -339.360324439871931  1246.858220000000074  -683.299908218484120       862.040440000000331
design1.pdb  rebuilt_mutated_A_101_ASN  -11574.453633662706125  9326.869680000008884  -12035.023821074475563  9021.673050000006697  0.132942497594756  -250.416335990983953  1239.937350000000379  -616.287497399276049       831.981000000000336
design1.pdb  rebuilt_mutated_A_59_LEU   -11570.357389964308823  9338.494390000010753  -12022.026148914548685  9033.664200000010169  0.133117698430185  -410.548468089329162  1243.118879999999990  -705.965040275592742       855.597900000000323
design1.pdb  rebuilt_mutated_A_26_PHE   -11568.735269928218258  9392.273070000013831  -12087.751800596901376  9071.002980000010211  0.134970722268406  -283.666574058191713  1267.681880000000092  -659.335261845504419       838.697500000000218
design1.pdb  rebuilt_mutated_A_230_CYS  -11565.896696831650843  9349.244310000007317  -12019.860627194220797  9044.414120000012190  0.132952312377855  -375.132824528546848  1243.003650000000107  -672.683200812461564       855.482670000000326
design1.pdb  rebuilt_mutated_A_59_CYS   -11565.466968266220647  9329.768120000013369  -12019.777252083476924  9024.937930000010965  0.133242205380770  -411.132020406464392  1243.118879999999990  -707.455144925003765       855.597900000000323
design1.pdb  rebuilt_mutated_A_100_VAL  -11563.996188970253570  9359.777950000014243  -12020.057498415777445  9053.891030000009778  0.132237272787011  -381.566954475066098  1237.711510000000089  -694.730380683070507       844.070200000000341
design1.pdb  rebuilt_mutated_A_58_ARG   -11563.361437535948426  9371.462850000016260  -12012.900896250481310  9036.704390000011699  0.132105841939073  -292.908297598259082  1238.024990000000344  -624.659562218794576       845.482300000000237
design1.pdb  rebuilt_mutated_A_166_MET  -11563.334698900536750  9366.205870000012510  -12022.022936337692954  9059.642740000010235  0.134027533392238  -398.171281819815022  1255.329469999999674  -709.436585244477897       855.106880000000274
design1.pdb  rebuilt_mutated_A_56_GLY   -11561.097738543659943  9317.586400000012873  -12006.134959772354705  8918.795000000005530  0.129970429895879  -230.457264604544037  1211.010710000000017  -567.608081380801195       474.740369999999928
design1.pdb  rebuilt_mutated_A_226_VAL  -11559.532766863732832  9332.571920000014870  -12019.826285791663395  9024.527930000009292  0.132330696252486  -375.491011899511875  1234.985740000000078  -677.481573919505763       833.175940000000310
design1.pdb  rebuilt_mutated_A_229_ALA  -11558.456548732323427  9334.730710000012550  -12013.905545984809578  9013.289730000011332  0.133171370296551  -404.180344547055256  1243.118879999999990  -700.921615923320360       855.597900000000323
design1.pdb  rebuilt_mutated_A_226_GLU  -11558.140916577958706  9350.002190000015617  -12029.556933136585940  9040.139060000006793  0.132991492914292  -370.514536096626500  1243.470750000000407  -684.104973677577618       826.659250000000270
design1.pdb  rebuilt_mutated_A_59_GLU   -11557.930131757240815  9339.496980000010808  -12010.621527030432844  9034.666790000008405  0.133103408316536  -416.187393320602496  1243.118879999999990  -710.770122344740003       855.597900000000323
design1.pdb  rebuilt_mutated_A_31_LYS   -11557.276664847455322  9396.032970000012938  -12034.624708641375037  9077.230080000008456  0.136959235254791  -250.738724074222347  1286.873489999999947  -619.712504272966385       887.985810000000015
design1.pdb  rebuilt_mutated_A_166_SER  -11556.992160683339534  9339.945840000013050  -12018.242440497377174  9023.981070000008913  0.132842692158480  -376.814492318123655  1240.743549999999686  -681.853672872451284       855.021990000000187
design1.pdb  rebuilt_mutated_A_53_TYR   -11554.583369417608992  9370.540080000013404  -12015.053837960733290  9065.709890000011001  0.133700896565612  -276.681204794906932  1252.849609999999757  -604.900810228236537       829.000730000000203
design1.pdb  rebuilt_mutated_A_103_GLN  -11552.117002765606230  9370.355250000009619  -12046.401242410967825  9032.227860000009969  0.133996319936749  -334.323411002065427  1255.593119999999999  -677.245377584902712       870.409740000000284
design1.pdb  rebuilt_mutated_A_183_VAL  -11549.084031868644161  9315.141870000014023  -12012.755110371537739  9005.428640000009182  0.133451416773752  -415.998767719491241  1243.118879999999990  -712.004704469396302       855.597900000000323
design1.pdb  rebuilt_mutated_A_166_LYS  -11542.334295795040816  9402.041410000014366  -12018.193403102892262  9089.594380000013189  0.136082230890748  -333.118904666110495  1279.450770000000148  -697.790350264269591       873.640530000000354
design1.pdb  rebuilt_mutated_A_227_MET  -11542.131981552860452  9360.984820000012405  -12015.566173330507809  9061.174920000010388  0.132559744926496  -294.945528581595909  1240.889760000000024  -620.726011436154067       514.089059999999904
design1.pdb  rebuilt_mutated_A_103_LEU  -11541.320902043056776  9362.219960000011270  -12034.947706415639914  9028.836070000012114  0.133462138823750  -323.858709183857627  1249.501900000000205  -666.844124475253579       869.062020000000302
design1.pdb  rebuilt_mutated_A_57_PRO   -11537.309619748288242  9343.725380000012592  -11983.584845645074893  8944.933980000005249  0.132690694511828  -370.131108320296960  1239.825410000000147  -672.758699735356004       850.979930000000422
design1.pdb  rebuilt_mutated_A_59_VAL   -11536.738038702915219  9326.989970000011454  -11994.379151906448897  9022.159780000009050  0.133281893086457  -410.007949428639904  1243.118879999999990  -706.458743560168614       855.597900000000323
design1.pdb  rebuilt_mutated_A_226_ARG  -11534.957242783668335  9395.879030000009152  -12038.582866556527733  9074.622380000011617  0.136698331885612  -350.406669360884962  1284.400990000000093  -674.016990211143366       851.689120000000230
design1.pdb  rebuilt_mutated_A_166_ILE  -11532.525272775537815  9353.756470000012996  -11988.216906608049612  9048.307510000011462  0.132843894748096  -380.729354482841586  1242.589439999999968  -687.705239743168363       855.144000000000347
design1.pdb  rebuilt_mutated_A_102_ILE  -11532.277381462181438  9300.800760000009177  -12010.726989394159318  8987.153750000006767  0.132265868471308  -202.143107513177313  1230.178490000000011  -570.691286612973613       784.814110000000142
design1.pdb  rebuilt_mutated_A_59_PRO   -11528.666625042094893  9316.651590000012220  -11982.662594581786834  9011.821400000007998  0.133429791593183  -416.176827294454540  1243.118879999999990  -709.976027642105691       855.597900000000323
design1.pdb  rebuilt_mutated_A_102_VAL  -11524.364932327569477  9291.432930000009947  -12003.015451727553227  8977.785920000007536  0.131386019701915  -200.239916798693315  1220.764390000000276  -569.420602790153339       775.400010000000179
design1.pdb  rebuilt_mutated_A_102_THR  -11524.276335485163145  9292.077710000008665  -12002.756990660383963  8978.430700000006254  0.131446323214187  -204.010221585333255  1221.409450000000106  -572.345111624857964       776.045070000000010
design1.pdb  rebuilt_mutated_A_101_LEU  -11524.250326922103341  9303.606070000008913  -12007.317685475551116  8989.959060000006502  0.132162129474168  -211.080454285496302  1229.584390000000440  -590.627706088096147       793.249250000000188
design1.pdb  rebuilt_mutated_A_166_PRO  -11522.219662859803066  9334.102440000013303  -11980.081872631117221  9018.573300000007293  0.132574744915698  -364.984540912767159  1237.466250000000173  -671.003914008538459       847.418050000000335
design1.pdb  rebuilt_mutated_A_102_ASN  -11521.989316835040881  9284.239480000009280  -12000.437283109093187  8970.592470000005051  0.130837737718502  -183.434530503164382  1214.728890000000320  -550.764992287360201       769.364510000000109
design1.pdb  rebuilt_mutated_A_31_ARG   -11521.967850556387930  9402.943860000012137  -11981.369865904503968  9090.016770000009274  0.137577624546192  -231.759276408902650  1293.634680000000117  -602.746107233006569       886.667450000000144
design1.pdb  rebuilt_mutated_A_166_GLY  -11518.979503047381513  9322.279260000012073  -11977.936210892732561  9005.940080000007583  0.132380037711936  -364.869040809401554  1234.083679999999731  -666.797235965576533       841.208870000000388
design1.pdb  rebuilt_mutated_A_59_THR   -11515.557459656323772  9322.830830000011701  -11972.729161159151772  9018.000640000009298  0.133341353358012  -407.581136524855367  1243.118879999999990  -705.263187181056651       855.597900000000323
design1.pdb  rebuilt_mutated_A_103_LYS  -11513.815842781459651  9382.979400000011083  -11983.480167847515986  9073.383290000012494  0.134919221926460  -244.525255034090463  1265.944280000000163  -640.775372912171292       848.063090000000216
design1.pdb  rebuilt_mutated_A_32_THR   -11513.142315521725322  9312.567480000010619  -12001.682779402592132  8994.678720000008980  0.132980156402582  -368.050798803569535  1238.386679999999842  -691.191298758646326       866.490140000000224
design1.pdb  rebuilt_mutated_A_101_TRP  -11510.045859539110097  9322.891740000010032  -11988.716370445243228  9009.244730000005802  0.134326557137517  -212.755644232823414  1252.311950000000024  -580.993470197591023       804.895589999999856
design1.pdb  rebuilt_mutated_A_101_SER  -11509.796827426356685  9296.904130000008081  -11990.087766766277127  8983.257120000007490  0.131653979957735  -212.212403951387500  1223.974430000000211  -598.472724943996241       772.595050000000242
design1.pdb  rebuilt_mutated_A_97_HIS   -11508.254522402081420  9308.407640000010360  -11993.388008041345529  8900.301260000002003  0.133205904592292  -356.068482943253457  1239.934860000000072  -742.466019134208750       817.475100000000225
design1.pdb  rebuilt_mutated_A_59_ALA   -11508.195888842148634  9315.982400000011694  -11962.749997502192855  9011.152210000007472  0.133439376184309  -398.131254643900149  1243.118879999999990  -697.912096061034617       855.597900000000323
design1.pdb  rebuilt_mutated_A_32_LEU   -11507.708845047634895  9336.253900000012436  -11967.365999521327467  9027.564050000006318  0.132933710168272  -423.504529609120652  1241.102869999999939  -741.631330265748716       838.885530000000244
design1.pdb  rebuilt_mutated_A_102_LEU  -11505.079994791562058  9296.646170000009079  -11983.520067755505806  8982.999160000006668  0.131761037002014  -188.903160961185876  1224.935740000000123  -555.719772461789944       779.571360000000141
design1.pdb  rebuilt_mutated_A_32_ASN   -11500.992076589465796  9323.036490000011327  -11961.805566732960870  9014.346640000007028  0.132982708083340  -411.835868004382462  1239.802639999999883  -720.761951982045844       867.906100000000265
design1.pdb  rebuilt_mutated_A_102_ASP  -11500.797804574527618  9283.550690000009126  -11979.187133047025782  8969.903680000006716  0.130724107674366  -174.076979886991637  1213.583880000000363  -540.842409229079863       768.219500000000153
design1.pdb  rebuilt_mutated_A_105_LEU  -11500.150698118051878  9359.529300000016519  -11951.682462767821562  9054.699110000010478  0.132296748085398  -442.657428453605633  1238.235290000000077  -716.011047481972582       846.579610000000343
design1.pdb  rebuilt_mutated_A_226_LEU  -11497.106337559987878  9362.920550000015282  -11982.703511967361919  9051.803360000010798  0.133177271273545  -330.808509183251488  1246.928210000000263  -655.379941819621877       849.225050000000238
design1.pdb  rebuilt_mutated_A_103_VAL  -11493.018545674252891  9345.868270000009943  -11947.648851652946178  9041.038080000011178  0.132876338947157  -257.661687637692296  1241.844760000000178  -603.298522780397207       852.805380000000241
design1.pdb  rebuilt_mutated_A_101_ALA  -11491.577430170187654  9298.350700000009965  -11971.923098985353136  8984.703690000007555  0.131765264564607  -208.010596603910443  1225.199640000000272  -595.150330307795343       773.169290000000160
design1.pdb  rebuilt_mutated_A_166_ALA  -11490.172827328693529  9333.053740000010293  -11947.971062108501428  9016.714560000009442  0.132569732744301  -365.863460256315932  1237.280439999999771  -668.983886539161404       846.825810000000274
design1.pdb  rebuilt_mutated_A_59_MET   -11489.226391969545148  9337.441630000013902  -11941.472709377341744  9032.611440000009679  0.133132706929703  -406.331361451450903  1243.118879999999990  -703.038610769054799       855.597900000000323
design1.pdb  rebuilt_mutated_A_184_PHE  -11487.867893956596163  9341.537600000012390  -11939.065879293944818  9036.707410000009986  0.131417470288831  -295.366880350047154  1227.641239999999925  -616.635217272429372       848.831370000000334
design1.pdb  rebuilt_mutated_A_58_GLY   -11487.724904625698400  9321.042220000010275  -11852.966120812094232  8973.369190000010349  0.131959186641255  -350.521943369192797  1229.997150000000147  -611.667611511183281       864.239400000000273
design1.pdb  rebuilt_mutated_A_54_LYS   -11487.097549795054874  9396.939170000017839  -11969.993593574357874  9089.771550000008574  0.136431561044148  -206.868339850395103  1282.039079999999785  -603.321023756516297       525.003329999999892
design1.pdb  rebuilt_mutated_A_59_SER   -11486.694922318341924  9316.186460000013540  -11941.121599765312567  9011.356270000005679  0.133436453353253  -396.732434519319497  1243.118879999999990  -697.246108597272155       855.597900000000323
design1.pdb  rebuilt_mutated_A_101_ASP  -11485.706725150552302  9321.322830000008253  -11977.349925640384754  9005.007780000007187  0.132571457135124  -190.810727087763553  1235.741350000000239  -584.042787678329205       783.478010000000154
design1.pdb  rebuilt_mutated_A_166_CYS  -11483.717208695059526  9346.053210000012768  -11939.771656575912857  9040.553680000009990  0.133012868862106  -365.279116237616677  1243.145349999999780  -674.942475527883403       855.720720000000370
design1.pdb  rebuilt_mutated_A_32_ILE   -11480.946330199172735  9309.970440000010058  -11952.241751266255960  9001.280590000009397  0.132838516295010  -339.143983811299165  1236.722659999999905  -679.847449087644350       864.826120000000174
design1.pdb  rebuilt_mutated_A_101_VAL  -11477.411850825412330  9302.851110000010522  -11956.296405734972723  8989.787320000006730  0.132186399143606  -192.870374879271367  1229.710390000000189  -581.859016563831460       777.854300000000080
design1.pdb  rebuilt_mutated_A_57_ARG   -11469.174182132441274  9369.020240000014383  -11925.419894022008521  9072.758330000009664  0.133065669415183  -402.344565408793017  1246.694950000000063  -710.527881907166716       855.597900000000323
design1.pdb  rebuilt_mutated_A_52_TYR   -11463.113227375863062  9329.653170000017781  -11912.058460799828026  9019.605850000009013  0.133326988402935  -295.996206895682690  1243.894559999999956  -589.979649940211061       856.373580000000175
design1.pdb  rebuilt_mutated_A_229_LEU  -11462.693752089475311  9363.850960000007035  -11919.464528977045120  9048.375640000011117  0.132524816477856  -378.875324801821591  1240.942630000000690  -683.632744221535177       853.421650000000341
design1.pdb  rebuilt_mutated_A_103_CYS  -11460.001896486228361  9356.702050000008967  -11959.993683306203820  9017.718760000012480  0.133045215434641  -286.785073697196140  1244.864439999999831  -637.653257065846674       858.825160000000210
design1.pdb  rebuilt_mutated_A_183_MET  -11457.859503732261146  9349.861520000013115  -11920.264371337047123  9042.474370000007184  0.132784496042461  -426.884290893187028  1241.516650000000027  -727.723905422445000       846.909110000000169
design1.pdb  rebuilt_mutated_A_57_GLY   -11456.237292645828347  9342.846740000009959  -11909.771365447690187  9038.016550000009374  0.133055685766285  -401.437088606074724  1243.118879999999990  -697.500118066537652       855.597900000000323
design1.pdb  rebuilt_mutated_A_101_GLY  -11452.771349688044211  9287.871430000010150  -11940.574264486693210  8971.681430000009641  0.131005305055132  -173.284738123500773  1216.760430000000270  -583.719074933746924       762.820140000000265
design1.pdb  rebuilt_mutated_A_103_ILE  -11449.948589480951341  9339.676740000009886  -11903.800216921592437  9034.846550000012940  0.132975404242952  -247.675378550894408  1241.947290000000066  -595.880125092297931       853.006210000000237
design1.pdb  rebuilt_mutated_A_226_MET  -11448.968315146175883  9361.554710000009436  -11915.664627598827792  9051.814210000011371  0.133366853976330  -323.255905752552962  1248.521099999999933  -637.146750528479629       855.301710000000071
design1.pdb  rebuilt_mutated_A_101_ARG  -11448.142033879299561  9311.563100000010309  -11921.470281959753265  9002.040860000008252  0.132002602226902  -181.358298975418450  1229.150560000000269  -512.241787368894393       483.015449999999930
design1.pdb  rebuilt_mutated_A_102_LYS  -11442.391009890736314  9347.342490000011821  -11903.885189286856985  9042.172680000008768  0.132530165801168  -100.943213907967817  1238.804850000000215  -461.890139042057342       454.479939999999942
design1.pdb  rebuilt_mutated_A_101_CYS  -11440.051617852992422  9316.336860000008528  -11923.070572889870164  9001.486680000009073  0.132332627998168  -176.943998518049654  1232.855340000000069  -560.275127866608386       782.364610000000084
design1.pdb  rebuilt_mutated_A_102_CYS  -11435.166805643591942  9281.940540000010515  -11913.794003313754729  8968.293530000008104  0.130642665159758  -149.161652990945015  1212.617450000000190  -517.562766953374194       767.253070000000093
design1.pdb  rebuilt_mutated_A_101_LYS  -11432.305935284484804  9338.566250000010768  -11892.659603566075020  9033.369620000010400  0.131560315267882  -181.956677128363253  1228.584720000000289  -581.688331424154853       777.047620000000393
design1.pdb  rebuilt_mutated_A_32_ALA   -11431.266319120253684  9295.837120000009236  -11919.430359968375342  8982.320200000007389  0.132850819572019  -311.523602903902258  1234.959579999999733  -673.051016483641661       819.489010000000349
design1.pdb  rebuilt_mutated_A_57_LYS   -11431.079607449899413  9366.056320000012420  -11884.308390962885824  9061.226130000011835  0.132725966781289  -422.410698215927709  1243.118879999999990  -717.900647982043438       855.597900000000323
design1.pdb  rebuilt_mutated_A_102_SER  -11430.530692754071424  9281.978420000008555  -11909.029399230254057  8968.331410000007963  0.130662648103851  -141.333747620192810  1212.807880000000068  -509.205342429446659       767.443499999999972
design1.pdb  rebuilt_mutated_A_32_SER   -11426.996090568833097  9307.088020000010147  -11912.796309273211591  8993.505810000009660  0.133035259507517  -340.683911759528712  1238.170869999999923  -691.986715813896581       813.581690000000208
design1.pdb  rebuilt_mutated_A_229_GLY  -11426.967162252554772  9333.352650000013455  -11885.060155816598126  9011.190690000010363  0.133191032913558  -390.998550028098293  1243.118879999999990  -687.743231709389534       855.597900000000323
design1.pdb  rebuilt_mutated_A_59_ILE   -11425.475309029396158  9335.342920000013692  -11882.284461981565983  9030.512730000011288  0.133162636943603  -405.233664734921206  1243.118879999999990  -702.501952677947997       855.597900000000323
design1.pdb  rebuilt_mutated_A_228_ARG  -11423.096927990825861  9365.833270000010089  -11917.480588815895317  8746.832650000007561  0.135706568049978  -260.969628458198144  1271.005090000000564  -594.812389866621970       853.334760000000301
design1.pdb  rebuilt_mutated_A_102_ALA  -11422.749083555791003  9282.627710000009756  -11901.701968350478637  8968.980700000007346  0.130729524862093  -143.685398191325589  1213.513509999999997  -512.579762412734453       768.149130000000127
design1.pdb  rebuilt_mutated_A_108_LEU  -11410.450517990831941  9327.918740000013713  -11863.917705882249720  9022.923470000007001  0.131987384787188  -367.810943132417606  1231.167599999999993  -731.171519667432563       821.279180000000110
design1.pdb  rebuilt_mutated_A_59_GLY   -11408.586910861335127  9308.125690000011673  -11864.060144831340949  9003.295500000007451  0.133552008363565  -395.667203935564487  1243.118879999999990  -695.896078357951524       855.597900000000323
design1.pdb  rebuilt_mutated_A_228_PHE  -11405.171456824209599  9334.564090000008946  -11861.893036194895103  8721.787240000008751  0.133138487027089  -280.718764791772742  1242.789739999999938  -590.218263380019039       839.606520000000046
design1.pdb  rebuilt_mutated_A_104_LYS  -11397.918560691114180  9336.903980000010051  -11850.954349849895152  9032.073790000013105  0.132174696520762  -253.369832295231333  1234.102450000000317  -572.397247798328635       846.581470000000195
design1.pdb  rebuilt_mutated_A_101_MET  -11395.154650966813279  9335.098700000011377  -11862.911149033245238  9028.591630000009900  0.131826974684263  -181.204149621833608  1230.617820000000393  -577.260426564064005       814.927270000000362
design1.pdb  rebuilt_mutated_A_104_HIS  -11389.580532315601886  9333.620020000013028  -11844.327181016649774  9028.789830000012444  0.132687656809067  -279.403125831256773  1238.456170000000384  -592.731618479800431       850.935190000000375
design1.pdb  rebuilt_mutated_A_102_GLN  -11388.972140344398213  9296.654410000010103  -11865.857241861553121  8720.023820000002161  0.131959603519348  -135.364941362115616  1226.782830000000331  -513.057686554220027       778.643280000000232
design1.pdb  rebuilt_mutated_A_228_THR  -11384.172616921818189  9335.805510000009235  -11852.400587528649339  9022.160630000009405  0.137873604866903  -266.175029301208895  1287.161160000000109  -604.022143128466723       860.616860000000202
design1.pdb  rebuilt_mutated_A_225_GLY  -11373.394007333590707  9327.458130000009987  -11827.065223939189309  9022.627940000009403  0.133347359233871  -302.601420353645210  1243.791910000000144  -612.771533334847049       850.664240000000291
design1.pdb  rebuilt_mutated_A_228_HIS  -11371.801363653105000  9322.312350000012884  -11837.366204788031609  8724.658100000009654  0.132776962788637  -237.785338683674809  1237.788319999999885  -583.109010441708733       839.275700000000143
design1.pdb  rebuilt_mutated_A_2_MET    -11370.665235864498754  9362.367160000012518  -11828.105309368731469  9058.021320000008927  0.134033540722622  -216.063929267182772  1254.871219999999994  -580.912559176712307       465.798939999999959
design1.pdb  rebuilt_mutated_A_105_LYS  -11367.741707204866543  9350.127140000013242  -11820.773528999367045  9045.296950000009019  0.132439526378461  -402.429704013989635  1238.326410000000124  -716.736078805252077       846.491730000000302
design1.pdb  rebuilt_mutated_A_100_ILE  -11366.393636426601006  9371.665750000014668  -11845.103201232725041  9051.574480000008407  0.132358165889559  -269.569749131691708  1240.416490000000294  -618.470460470367243       836.906560000000354
design1.pdb  rebuilt_mutated_A_32_GLU   -11364.136405187962737  9341.125460000010207  -11822.450101510308741  9033.078200000007200  0.132714728574045  -407.946257558934178  1239.704929999999877  -722.041942784662410       868.450980000000300
design1.pdb  rebuilt_mutated_A_102_MET  -11363.000031068015232  9286.977830000010727  -11842.996924695209600  8973.330820000008316  0.130157139612769  -104.843585862871919  1208.766470000000254  -481.962945735203618       762.747490000000084
design1.pdb  rebuilt_mutated_A_52_PHE   -11357.470766496766373  9331.638390000014624  -11807.218030674943293  9021.595100000011371  0.133374436297675  -281.389504867456992  1244.602009999999837  -581.511370779510116       857.081030000000283
design1.pdb  rebuilt_mutated_A_55_TYR   -11343.069358421102152  9422.248430000014196  -11842.433257210832380  9087.296840000009979  0.134534032870963  -353.506518713322521  1267.613080000000082  -694.202945819343199       866.654810000000339
design1.pdb  rebuilt_mutated_A_104_LEU  -11334.694496733873166  9323.692470000007233  -11791.382286019153980  9018.862280000010287  0.132028976069392  -205.779681579073412  1230.997570000000223  -521.199269266841156       835.468140000000176
design1.pdb  rebuilt_mutated_A_52_ARG   -11334.179493714013006  9342.121850000012273  -11787.793804460536194  9037.291660000009870  0.133206859210469  -256.433812732796582  1244.434709999999995  -565.453567595489972       513.027219999999943
design1.pdb  rebuilt_mutated_A_101_PRO  -11333.659443030299371  9319.680290000009336  -11787.991756001918475  9017.492170000012266  0.133318293260895  -162.089301971377807  1242.483870000000252  -567.155118416689220       818.203970000000368
design1.pdb  rebuilt_mutated_A_58_PHE   -11329.253664117572043  9363.232770000016899  -11786.406967548928151  8745.026790000010806  0.133390568266306  -275.184676517629839  1248.966940000000477  -580.183214300858481       850.524720000000343
design1.pdb  rebuilt_mutated_A_105_TRP  -11325.268865331010602  9369.795120000013412  -11778.084525668387869  9064.964930000009190  0.132151363412095  -447.963162006511311  1238.231199999999944  -725.726088389820461       846.575520000000324
design1.pdb  rebuilt_mutated_A_227_LYS  -11320.599291809297938  9355.681810000009136  -11828.739543912935915  8721.906080000011571  0.133016010513508  -219.439769643434033  1244.455470000000560  -615.844393389327479       847.958170000000109
design1.pdb  rebuilt_mutated_A_225_TRP  -11315.631615572472583  9379.335590000013326  -11772.448857040013536  9074.144890000012310  0.132331719884649  -279.884751928333742  1241.183609999999817  -630.055958793326226       850.527220000000398
design1.pdb  rebuilt_mutated_A_230_GLY  -11304.346429162396817  9344.917900000005829  -11757.907642010773998  9040.087710000012521  0.133336282173223  -326.609319165708939  1246.016610000000128  -628.519129007778929       858.495630000000347
design1.pdb  rebuilt_mutated_A_104_ASP  -11296.103341169957275  9313.976260000006732  -11750.575001109418736  9009.146070000009786  0.132451734421749  -239.189999581914151  1233.652310000000398  -548.994126973497714       838.122880000000123
design1.pdb  rebuilt_mutated_A_102_GLY  -11291.639693141702082  9277.761990000009973  -11771.581230939002126  8964.114980000005744  0.130297774539051  -62.115857699129052   1208.871740000000273  -434.709396934984795       763.507359999999949
design1.pdb  rebuilt_mutated_A_32_CYS   -11284.441409833581929  9316.065240000010817  -11769.690383483406549  9001.878320000007079  0.132981937983938  -321.421823726615457  1238.868409999999812  -655.099601636799548       833.363300000000208
design1.pdb  rebuilt_mutated_A_52_HIS   -11280.078880793218559  9328.734640000015133  -11731.291930387482353  9018.686480000009396  0.133632637019676  -251.387953835379733  1246.623409999999922  -548.258327142109579       859.102430000000254
design1.pdb  rebuilt_mutated_A_228_ASN  -11279.965488517409540  9339.675180000012915  -11762.634667914126112  8720.702540000011140  0.136667514169374  -237.019121848230441  1276.430190000000266  -600.586178986493223       920.419420000000173
design1.pdb  rebuilt_mutated_A_102_ARG  -11278.960717134159495  9319.322670000010476  -11757.788647853474686  9005.675660000008065  0.134106547681109  -41.102710234712248   1249.782190000000128  -413.871221339279430       804.417810000000031
design1.pdb  rebuilt_mutated_A_102_GLU  -11274.583706398780123  9291.220860000008543  -11755.169354053856296  8977.573850000006132  0.131466012745283  -52.213059555636079   1221.479760000000397  -432.650224388069944       775.460780000000113
design1.pdb  rebuilt_mutated_A_57_LEU   -11269.583722282697636  9357.227250000010827  -11722.432590974593040  9052.397060000013880  0.132851201193174  -412.124791054292530  1243.118879999999990  -707.330327015846478       855.597900000000323
design1.pdb  rebuilt_mutated_A_55_PHE   -11261.882464775766493  9416.885240000014164  -11745.862644165097663  8994.642670000008366  0.134632627210396  -338.212544942406396  1267.820000000000164  -683.537958478023256       866.540620000000217
design1.pdb  rebuilt_mutated_A_27_TRP   -11259.461871393150432  9385.145450000012715  -11708.360459292685846  9083.547540000010486  0.133970428769434  -133.459293689434190  1257.331959999999981  -504.861710127886965       476.171409999999980
design1.pdb  rebuilt_mutated_A_104_GLU  -11259.409924818462969  9314.934120000012626  -11713.883587545866249  9010.103930000010223  0.132281925360520  -243.012709854239404  1232.197420000000193  -552.278015592976658       836.667990000000145
design1.pdb  rebuilt_mutated_A_230_LYS  -11245.972024989521742  9360.119910000008531  -11699.696487987577711  9055.289720000009765  0.133066486538205  -397.363151363431371  1245.518270000000030  -704.632469532034293       857.997290000000248
design1.pdb  rebuilt_mutated_A_57_MET   -11242.103681551734553  9355.756040000011126  -11696.456599302257018  9050.925850000012360  0.132872092291111  -402.472189387444075  1243.118879999999990  -699.086019645640704       855.597900000000323
design1.pdb  rebuilt_mutated_A_104_MET  -11239.859084057223299  9330.193120000010822  -11694.305547133384607  9025.362930000012057  0.132445029176416  -251.829161213689105  1235.737700000000359  -569.009133229759982       848.216720000000350
design1.pdb  rebuilt_mutated_A_228_LYS  -11236.623391514835021  9352.882540000013250  -11733.912156329597565  8730.803090000012162  0.136307746253381  -181.510555986091362  1274.870340000000169  -591.822230163225640       886.268040000000155
design1.pdb  rebuilt_mutated_A_55_LEU   -11233.368126975032283  9394.449670000014521  -11780.266003606257073  9006.168530000009923  0.134234225984203  -388.782288238861099  1261.056680000000142  -699.701035395909457       852.551460000000361
design1.pdb  rebuilt_mutated_A_58_TYR   -11229.652613505249974  9364.332240000016100  -11710.255392555907747  8746.126760000010108  0.133254083475364  -225.785590194265495  1247.835510000000340  -555.207045734472331       850.007690000000252
design1.pdb  rebuilt_mutated_A_228_GLN  -11224.971317789073510  9349.688040000011824  -11713.047674307154011  8730.666920000012396  0.136647652256855  -186.877231560270531  1277.612920000000258  -598.195785009982274       883.921860000000265
design1.pdb  rebuilt_mutated_A_52_GLU   -11222.234485117169243  9330.605100000015227  -11675.192144555561754  9025.774910000009186  0.133420424148054  -210.153606484253942  1244.893290000000206  -512.401116738331098       857.372310000000198
design1.pdb  rebuilt_mutated_A_228_ASP  -11222.078829184527422  9336.218550000012328  -11705.449600356183510  8717.195190000011280  0.136558127165950  -198.195164113706113  1274.936520000000428  -567.733787046822272       837.518710000000056
design1.pdb  rebuilt_mutated_A_104_THR  -11217.589173011721869  9308.539530000010927  -11672.062772942241281  9003.709340000012162  0.132234208817932  -241.179354818790046  1230.907360000000381  -547.500135615368890       835.377930000000219
design1.pdb  rebuilt_mutated_A_104_GLN  -11216.500336978075211  9318.114330000007612  -11670.953553224717325  9013.284140000008847  0.132326991956966  -249.606612792587129  1233.038040000000365  -559.276913515416595       845.517060000000242
design1.pdb  rebuilt_mutated_A_55_TRP   -11197.033092205778303  9445.409260000014910  -11689.613286664520274  9025.793700000009267  0.137146949840054  -317.298552375483212  1295.409069999999929  -686.178507070620640       875.593300000000340
design1.pdb  rebuilt_mutated_A_104_VAL  -11190.349797247325114  9310.689840000008189  -11647.690960157622612  9005.859650000011243  0.132265560464637  -231.063034609063067  1231.483609999999999  -540.555926605013269       835.954180000000179
design1.pdb  rebuilt_mutated_A_97_TYR   -11188.880263430792183  9319.832620000011957  -11683.436637932165468  8911.726240000003600  0.133042610372545  -321.234078748289335  1239.934860000000072  -725.108295478404102       817.475100000000225
design1.pdb  rebuilt_mutated_A_55_HIS   -11166.138378457750150  9399.490980000015043  -11644.454539074538843  8321.466320000008636  0.133951806824331  -347.675872157721244  1259.078800000000001  -681.049640639068343       852.859830000000329
design1.pdb  rebuilt_mutated_A_104_ASN  -11154.930107362537456  9315.865980000009586  -11609.437201056927734  9011.035790000009001  0.132498070780533  -215.897239749762917  1234.334270000000288  -525.000502041396317       838.804840000000127
design1.pdb  rebuilt_mutated_A_58_TRP   -11135.419882684784170  9366.827560000010635  -11612.666317556633658  8748.928580000008878  0.132918641025991  -261.178007460753179  1245.025990000000547  -586.323268958196195       835.291170000000193
design1.pdb  rebuilt_mutated_A_104_TRP  -11130.027638433426546  9357.284440000008544  -11581.958196808460343  9052.454250000009779  0.131755184733916  -313.899511411119931  1232.870740000000069  -598.158996443438014       841.215060000000335
design1.pdb  rebuilt_mutated_A_104_PRO  -11121.794627341771047  9294.256900000007590  -11576.266930007752308  8989.426710000007006  0.131759619211731  -208.800886868615862  1224.607750000000351  -518.175557240024204       829.078320000000303
design1.pdb  rebuilt_mutated_A_105_TYR  -11117.720335506672200  9369.955880000015895  -11570.123475142097959  9065.125690000009854  0.132149096095850  -449.467292797482173  1238.231199999999944  -727.174565586484164       846.575520000000324
design1.pdb  rebuilt_mutated_A_228_MET  -11113.846202306032865  9353.333480000013878  -11618.983155202304260  8508.379070000009960  0.136302267285353  -150.929620992602537  1274.880560000000287  -568.518355294361186       883.649290000000178
design1.pdb  rebuilt_mutated_A_228_LEU  -11107.003259754592364  9307.668440000012197  -11597.450854208556848  8703.668710000010833  0.133357088082953  -136.620421519190074  1241.243559999999889  -513.341952359959805       840.145140000000197
design1.pdb  rebuilt_mutated_A_2_TRP    -11099.555368906641888  9410.903420000013284  -11556.369500888387847  9106.140990000010788  0.132800927203650  -299.438033931136715  1249.776699999999664  -614.238563763869479       879.783370000000104
design1.pdb  rebuilt_mutated_A_228_ILE  -11064.919537541321915  9351.446260000011534  -11562.228092135430416  8732.420740000014121  0.137276789526244  -134.388686368331207  1283.736519999999928  -569.809058269542788       903.935490000000186
design1.pdb  rebuilt_mutated_A_105_PHE  -11059.897730967024472  9365.993600000012520  -11512.287985398892488  9061.163410000011936  0.132205001720266  -450.355505593104112  1238.231199999999944  -727.950247491620416       846.575520000000324
design1.pdb  rebuilt_mutated_A_52_GLN   -11055.326048315344451  9324.988910000014585  -11509.411172321284539  9020.158720000006724  0.133294259327971  -147.692230040226832  1242.967489999999998  -454.813627501157725       854.200810000000274
design1.pdb  rebuilt_mutated_A_228_PRO  -11051.912025154537332  9298.732110000008106  -11582.657636244981404  8675.358060000009573  0.135600559848799  -95.988432645952756   1260.913280000000668  -531.087552348730014       831.586549999999761
design1.pdb  rebuilt_mutated_A_102_PRO  -11040.399203481149016  9297.654790000011417  -11500.762203520856929  8968.082020000007105  0.129920754995034  41.157703242019650    1207.958330000000160  -315.773854219678412       398.055399999999906
design1.pdb  rebuilt_mutated_A_228_VAL  -11039.559326407867047  9337.487770000012461  -11562.903814103181503  8437.660220000008849  0.136995985591529  -103.987921356846329  1279.198339999999916  -511.264691510563807       916.814680000000180
design1.pdb  rebuilt_mutated_A_2_LEU    -11038.025577658694601  9383.605300000011994  -11487.924658597547023  9082.007390000006126  0.134085020605033  -231.238131873226308  1258.200910000000249  -585.227767734048712       852.193130000000224
design1.pdb  rebuilt_mutated_A_228_GLU  -11036.972872345248106  9347.898210000012114  -11531.811502636328441  8728.872690000007424  0.136682073477563  -109.545599801756865  1277.690110000000459  -548.784559434492849       878.044110000000160
design1.pdb  rebuilt_mutated_A_52_ASP   -11019.687873230117475  9301.128420000013648  -11470.768821460698746  8991.080260000006092  0.133548656024255  -146.101267652998075  1242.153200000000197  -453.289012506203676       849.062210000000164
design1.pdb  rebuilt_mutated_A_104_ILE  -10999.965390459859918  9320.421540000010282  -11457.306500930417315  9015.591350000009697  0.132065423727605  -194.649689785876404  1230.905420000000277  -504.823226681927736       835.375990000000115
design1.pdb  rebuilt_mutated_A_104_SER  -10993.851689978697323  9302.384020000010423  -11448.325396082922452  8997.553830000009839  0.132070740936795  -187.904929104427652  1228.572750000000269  -501.429307272601704       825.453160000000253
design1.pdb  rebuilt_mutated_A_52_THR   -10988.215907232890459  9301.349590000014359  -11440.934389825590188  8991.301430000004984  0.133482728284380  -146.904928612168646  1241.569520000000011  -458.386727064240063       819.059890000000109
design1.pdb  rebuilt_mutated_A_228_CYS  -10987.470483526587486  9328.095470000009300  -11509.709394380288359  8702.875520000008692  0.136134516856526  -58.218295567466150   1269.875770000000102  -498.306866905559843       832.197190000000091
design1.pdb  rebuilt_mutated_A_52_ASN   -10981.932094943333141  9301.183510000013484  -11433.369094988867801  8991.135350000005928  0.133553787930800  -138.798830390801839  1242.208290000000261  -446.350809482727698       849.117300000000228
design1.pdb  rebuilt_mutated_A_104_ALA  -10972.442984720477398  9294.578550000009272  -11426.916690824693433  8989.748360000006869  0.131932442488207  -176.950308477935891  1226.256450000000314  -496.413457630034486       826.069030000000339
design1.pdb  rebuilt_mutated_A_228_SER  -10963.253839943423372  9311.687390000008236  -11497.544339859128740  8677.533370000006471  0.135429795608720  -45.209320089038442   1261.079920000000129  -511.316645464828355       827.055950000000053
design1.pdb  rebuilt_mutated_A_228_ALA  -10961.282856589445146  9308.059210000010353  -11519.559639019513270  8668.931920000008176  0.135092795568927  -41.051027922257191   1257.451739999999972  -518.289835062465272       827.125459999999975
design1.pdb  rebuilt_mutated_A_52_ILE   -10951.968832505970568  9308.483860000013010  -11405.871012499354038  8998.435700000007273  0.134030988157077  -175.858476601611954  1247.625290000000177  -477.039206729276657       858.858610000000226
design1.pdb  rebuilt_mutated_A_52_PRO   -10937.087413119683333  9294.124620000013238  -11389.839947414320704  8984.076460000007501  0.133367483295054  -104.919988956112476  1239.534010000000080  -416.069108863452755       848.733400000000074
design1.pdb  rebuilt_mutated_A_228_GLY  -10893.632369802593530  9292.080990000007660  -11472.969570906147055  8651.926670000008016  0.133605542325347  15.148511112154118    1241.473520000000008  -502.400521537509462       821.733809999999949
design1.pdb  rebuilt_mutated_A_52_LYS   -10889.809893692927290  9331.434990000014295  -11346.903523989849418  9021.387090000011085  0.133272853674995  -174.945738212517824  1243.626970000000028  -513.837816164917285       513.008679999999913
design1.pdb  rebuilt_mutated_A_52_SER   -10887.650099935211983  9299.958240000012665  -11340.919806068675825  8989.910080000005109  0.133439633595602  -80.113262954365581   1240.983020000000124  -389.737656599711670       847.892030000000204
design1.pdb  rebuilt_mutated_A_104_GLY  -10883.366819741777363  9285.241850000009435  -11337.840525846000673  8980.411660000010670  0.131825776837466  -159.571490826642929  1224.034220000000005  -467.554020930385263       812.668290000000184
design1.pdb  rebuilt_mutated_A_104_CYS  -10859.962515080867888  9311.775830000011410  -11314.435424275585319  9006.945640000009007  0.132303771320491  -183.366901586395670  1231.983060000000251  -493.272226761498757       836.453630000000203
design1.pdb  rebuilt_mutated_A_52_ALA   -10851.472192458741119  9300.084440000013274  -11306.372655683398989  8990.036280000005718  0.133445369018606  -65.470823499002307   1241.053200000000061  -377.347851104035385       847.979110000000105
design1.pdb  rebuilt_mutated_A_52_LEU   -10848.157852756137800  9329.627880000016376  -11309.749194468720816  9017.300610000009328  0.133982867921201  -106.387798671873369  1250.010299999999916  -428.213039040163551       840.761530000000334
design1.pdb  rebuilt_mutated_A_52_VAL   -10840.878655485506897  9302.656720000013593  -11295.508828247926431  8992.608560000007856  0.133499154852185  -107.407616280668918  1241.896809999999959  -423.263260192706753       819.380680000000098
design1.pdb  rebuilt_mutated_A_52_GLY   -10820.073563342886700  9287.151010000012320  -11294.068141585030389  8964.263810000007652  0.132575684262509  -23.893987694830198   1231.250400000000127  -325.645114732920149       409.550929999999937
design1.pdb  rebuilt_mutated_A_52_CYS   -10774.213082963347915  9303.961270000012519  -11230.719578557223940  8993.913110000006782  0.133618321693637  -56.940678233521190   1243.179690000000164  -386.086347441214514       419.798799999999915
design1.pdb  rebuilt_mutated_A_52_MET   -10718.472401057904790  9330.384270000015022  -11173.217922792484387  9025.554080000007161  0.133193249499465  -25.426285207063991   1242.744200000000092  -376.133220668217120       443.550900000000013
design2.pdb  rebuilt_mutated_A_76_TYR   -9394.601515226544507   7396.883880000002137  -10097.456690110278942  6455.272479999998723  0.189979130779595  -540.274250182951732  1405.253570000000309  -1089.916050179144122      715.692059999999856
design2.pdb  rebuilt_mutated_A_104_ARG  -9362.443948152740631   7408.386400000000322  -9998.202521657929537   6492.673769999999422  0.187865485795935  -455.805433298676235  1391.780109999999695  -941.501320564459320       711.636669999999867
design2.pdb  rebuilt_mutated_A_123_GLN  -9361.681545320470832   7356.337330000002112  -9982.506412648519472   6395.881899999999405  0.182541305511339  -418.488210375385222  1342.835420000000340  -903.790733019053619       688.732489999999871
design2.pdb  rebuilt_mutated_A_76_PHE   -9342.270404661798239   7389.465750000003027  -10048.680280437716647  6447.824649999997746  0.188737214188996  -493.210865015545664  1394.667180000000826  -1044.027855767502842      705.085269999999923
design2.pdb  rebuilt_mutated_A_136_TRP  -9334.099307365237109   7407.594399999997222  -9994.932578820393246   6467.668409999996584  0.188421131696952  -433.375785697614731  1395.747319999999945  -965.474205527663798       703.587949999999864
design2.pdb  rebuilt_mutated_A_123_ALA  -9295.324738085908393   7333.902930000001106  -9935.744086936350868   6361.904669999998987  0.182919039535201  -426.552682698214312  1341.510480000000143  -897.100198225934264       694.927059999999869
design2.pdb  rebuilt_mutated_A_76_ARG   -9295.119191839507039   7417.916319999999359  -10020.534953867902004  6497.785339999996722  0.190976496483314  -477.360833006245343  1416.647670000000744  -996.688382244414811       838.225399999999809
design2.pdb  rebuilt_mutated_A_71_TYR   -9290.233641415326929   7368.539360000001579  -9974.116110883429428   6416.204459999999017  0.187926944859259  -464.052199880544663  1384.747090000000753  -931.718205313089015       697.988159999999880
design2.pdb  rebuilt_mutated_A_123_LEU  -9278.202890215268781   7388.448019999998905  -9974.159140840294640   6371.518109999998160  0.186281452650729  -333.453799102751248  1376.330830000000105  -893.082980997735604       687.735329999999863
design2.pdb  rebuilt_mutated_A_86_TRP   -9277.437422666052953   7399.286829999999100  -10006.959891793110728  6411.026609999998072  0.186248533360343  -386.463958743632361  1378.106319999999869  -927.953584613787825       701.851619999999912
design2.pdb  rebuilt_mutated_A_123_SER  -9275.555060224691260   7334.820430000000670  -9919.692901746278949   6361.159829999997783  0.182993182015773  -409.399864251321958  1342.222130000000334  -894.356115016722242       689.498389999999858
design2.pdb  rebuilt_mutated_A_76_LEU   -9271.887061597968568   7386.204389999999876  -9991.484258303222305   6467.354889999996885  0.188297050360937  -460.374968566612893  1390.800500000000739  -997.446468759278787       705.588959999999815
design2.pdb  rebuilt_mutated_A_76_LYS   -9269.184820098906130   7405.208239999999023  -9993.044750800696420   6486.358739999996033  0.190069420654131  -462.862200263303066  1407.503640000000360  -992.412519811363268       832.278169999999704
design2.pdb  rebuilt_mutated_A_104_ILE  -9267.324132121493676   7402.963900000000649  -9995.406674641219070   6410.626789999999346  0.187727534373091  -318.648709643984660  1389.740160000000060  -896.366376594669987       703.776379999999904
design2.pdb  rebuilt_mutated_A_104_LYS  -9263.672365635557071   7413.072999999995773  -10012.333427696450599  6464.138109999995322  0.190428325742914  -342.773444660212533  1411.659080000000358  -904.872370212739042       703.207919999999945
design2.pdb  rebuilt_mutated_A_129_THR  -9262.151013703194621   7365.689110000000255  -9887.790271145195220   6446.581929999998465  0.186527668963753  -351.622267762904357  1373.904820000000200  -884.797574668882248       669.735249999999837
design2.pdb  rebuilt_mutated_A_136_TYR  -9257.081920420036113   7401.069269999999960  -9964.072800234051101   6417.897859999996399  0.185435051332792  -333.270699751033703  1372.417660000000296  -818.199606001521374       662.115919999999960
design2.pdb  rebuilt_mutated_A_63_ARG   -9255.696381903728252   7386.966970000000401  -9939.793460070302899   6432.119669999998223  0.187823291431341  -439.087765578394510  1387.444450000000870  -910.265090584039740       696.573999999999955
design2.pdb  rebuilt_mutated_A_125_THR  -9240.976540062489221   7386.258730000001378  -9977.507853698989493   6371.770519999996395  0.187110357289095  -332.897037787111969  1382.045510000000149  -900.106473550123042       687.586599999999976
design2.pdb  rebuilt_mutated_A_123_TYR  -9240.814013866263849   7383.937379999998484  -9974.504256433105184   6440.032369999995353  0.185465222620834  -314.026571356563863  1369.463589999999840  -816.803447906874226       662.115919999999960
design2.pdb  rebuilt_mutated_A_77_TYR   -9239.250332364124915   7365.753700000002937  -9955.846971778288207   6458.025799999999435  0.187981069744431  -404.809748366395979  1384.622260000000551  -893.793854010589371       688.603849999999852
design2.pdb  rebuilt_mutated_A_63_ASP   -9230.745912597127244   7306.092070000000604  -9930.120151038599943   6354.977699999998549  0.187072905310376  -502.531194310053081  1366.771870000000490  -943.797425011236442       885.321919999999977
design2.pdb  rebuilt_mutated_A_102_TRP  -9230.534240385433804   7393.719900000002781  -9941.303050681821333   6385.790439999997943  0.186239051333281  -325.313467912517240  1376.999379999999519  -851.704342046700162       680.747349999999869
design2.pdb  rebuilt_mutated_A_123_GLY  -9215.803569101859466   7307.070709999999963  -9895.752263708274768   6388.287219999998342  0.183319600037099  -427.949847019905349  1339.529280000000199  -846.092232326813701       665.795389999999884
design2.pdb  rebuilt_mutated_A_102_LEU  -9215.011792702462117   7391.770040000000336  -9953.801183764984671   6378.505079999998088  0.187285795216649  -316.793616520538421  1384.373530000000073  -872.033956867952497       673.151739999999791
design2.pdb  rebuilt_mutated_A_123_ARG  -9212.772906363901711   7412.934730000000854  -9916.347238196138278   6408.291689999998198  0.189284612789245  -355.796801255659432  1403.154479999999921  -899.016885688770003       706.894029999999930
design2.pdb  rebuilt_mutated_A_76_TRP   -9209.590367207618328   7390.994440000001305  -9942.863613942006850   6450.368939999998474  0.187716157989695  -400.070637605342199  1387.409080000000358  -981.808067514456525       698.857969999999796
design2.pdb  rebuilt_mutated_A_125_ILE  -9201.229789113273000   7387.627680000000510  -9925.816057264721167   6410.908069999996769  0.184642081204612  -317.524276131956981  1364.066950000000361  -805.319860931155063       659.229689999999891
design2.pdb  rebuilt_mutated_A_126_MET  -9197.857871851263553   7346.112869999999020  -9970.762436777036783   6199.229959999996026  0.187058119622929  -295.495351213177173  1374.150060000000394  -881.712362725724233       688.603849999999852
design2.pdb  rebuilt_mutated_A_86_ARG   -9196.664895347235870   7395.876069999999345  -9861.150606773233449   6467.957669999998870  0.187860152989286  -364.306862968092958  1389.390409999999974  -907.929880820161316       702.589019999999891
design2.pdb  rebuilt_mutated_A_127_GLN  -9189.242086423308137   7372.499260000000504  -9879.858967576908981   6402.282359999996515  0.186966218834181  -340.325329190563650  1378.408310000000029  -887.644841815146719       670.237149999999815
design2.pdb  rebuilt_mutated_A_104_TRP  -9186.354608345571251   7432.330900000001748  -10135.988612416414981  6552.363789999997607  0.189072873491141  -329.457662464295765  1405.252160000000003  -913.605215977071452       680.048109999999724
design2.pdb  rebuilt_mutated_A_76_HIS   -9186.005087160576295   7380.817260000000715  -9894.012406916013788   6438.313659999997981  0.188042142368391  -401.911471540885032  1387.904690000000301  -959.614873900169187       697.435979999999745
design2.pdb  rebuilt_mutated_A_104_HIS  -9184.159980189966518   7425.358869999999115  -9984.668722718504796   6414.617059999995945  0.187589267318470  -281.432745513393911  1392.917630000000145  -904.489828345680735       687.604249999999752
design2.pdb  rebuilt_mutated_A_63_PRO   -9180.614833271161842   7332.772870000001603  -9889.948679341077877   6375.261239999996178  0.191508895051866  -453.732982324656291  1404.291230000000724  -900.753716881664332       915.641619999999762
design2.pdb  rebuilt_mutated_A_35_TYR   -9180.347452497919221   7408.027970000000096  -9877.273465162201319   6492.338539999997920  0.187914324248968  -374.084695355692929  1392.074570000000676  -917.958704077216908       777.514049999999997
design2.pdb  rebuilt_mutated_A_77_PHE   -9176.207576956570847   7365.107620000000679  -9900.003309967156383   6457.579319999998916  0.187949481721219  -379.067242557807162  1384.268160000000535  -890.178231636203236       688.603849999999852
design2.pdb  rebuilt_mutated_A_136_PHE  -9168.812624009873616   7400.174119999998766  -9890.696587638271012   6415.730869999997594  0.185625989027404  -307.394122400632057  1373.664640000000190  -813.839271913118978       662.115919999999960
design2.pdb  rebuilt_mutated_A_129_ASP  -9166.790474438133970   7366.512930000001688  -9865.126769999778844   6416.936859999998887  0.186506808995718  -351.983222131025286  1373.904820000000200  -884.532125199169400       669.735249999999837
design2.pdb  rebuilt_mutated_A_31_ARG   -9165.390293268314053   7375.584039999999732  -9879.362060713518076   6419.705089999996744  0.186513091375473  -353.597368591089662  1375.642980000000080  -898.515866843382355       682.961549999999761
design2.pdb  rebuilt_mutated_A_101_TRP  -9164.989256723532890   7380.615009999999529  -9876.790057903866909   6425.767709999998260  0.187108345053755  -327.332169851261483  1380.974660000000313  -897.565008966161372       688.603849999999852
design2.pdb  rebuilt_mutated_A_80_TRP   -9160.465361437569300   7350.234000000000378  -9842.071452178066465   6487.161140000001069  0.184323659627707  -319.188535657213833  1354.822030000000495  -884.791999316323427       688.731049999999868
design2.pdb  rebuilt_mutated_A_129_ASN  -9160.271065081948109   7368.351590000000215  -9863.114809990431240   6418.243989999998121  0.186460269059989  -352.159060392743413  1373.904820000000200  -885.240530774808349       669.735249999999837
design2.pdb  rebuilt_mutated_A_123_LYS  -9159.154380984533418   7400.246290000000954  -9916.037794875701366   6228.896849999999176  0.188391304203471  -322.968743561194515  1394.142049999999699  -902.010215396467743       705.553489999999897
design2.pdb  rebuilt_mutated_A_9_THR    -9159.005449783275253   7369.046380000000681  -9860.429611742425550   6425.950779999998304  0.187104493431075  -335.245117358195671  1378.781690000000253  -892.700985265246686       701.621919999999932
design2.pdb  rebuilt_mutated_A_9_VAL    -9158.089351462649574   7369.621480000000702  -9860.002534496687076   6426.525879999997414  0.187184248708524  -331.712579070680135  1379.477060000000165  -886.798939517099598       700.559619999999882
design2.pdb  rebuilt_mutated_A_100_THR  -9155.657340475474484   7373.656969999999092  -9860.990951674884855   6420.234809999998106  0.187413182579878  -308.862457043170139  1381.920519999999897  -878.478657758449458       668.964349999999854
design2.pdb  rebuilt_mutated_A_104_PRO  -9154.793334292478903   7380.085700000001452  -9877.045442640517649   6372.045400000000882  0.186707480917193  -327.862194618638796  1377.917210000000068  -883.812867217225289       688.274989999999775
design2.pdb  rebuilt_mutated_A_63_TYR   -9153.410390037048273   7338.956180000001041  -9883.841390552497614   6381.702179999997497  0.186189328085074  -335.542894883191479  1366.435320000000502  -896.043506204136293       661.900219999999877
design2.pdb  rebuilt_mutated_A_71_TRP   -9152.780845462546495   7394.179679999997461  -9791.268757280955469   6450.870220000000700  0.186110839816649  -363.753061365056624  1376.136990000000424  -861.972532897409110       701.131359999999859
design2.pdb  rebuilt_mutated_A_9_ILE    -9147.722011911995651   7373.551250000000437  -9840.148515230497651   6415.940849999998136  0.187612401826054  -333.292778450981359  1383.369660000000295  -882.318052325602821       700.478619999999864
design2.pdb  rebuilt_mutated_A_127_ARG  -9143.789633163363760   7394.244479999999385  -9873.317066841063934   6430.780429999997068  0.189330641390965  -318.485869383536851  1399.957049999999981  -901.559229301508594       692.072889999999916
design2.pdb  rebuilt_mutated_A_104_TYR  -9142.967857179568455   7423.108029999998507  -9918.103174658188436   6499.582059999996090  0.188487154483726  -302.935183740930199  1399.160509999999931  -908.531897775692073       679.168109999999842
design2.pdb  rebuilt_mutated_A_86_TYR   -9139.529535542109443   7378.099129999999604  -9839.018748142303593   6423.573129999997946  0.187254347719777  -329.073606340489391  1381.581140000000460  -888.470481716699737       689.531629999999836
design2.pdb  rebuilt_mutated_A_76_ILE   -9136.289220848433615   7378.963979999999538  -9859.803046307453769   6448.906579999997120  0.187456773572704  -363.440769687572356  1383.236780000000181  -939.478635178720992       698.085169999999948
design2.pdb  rebuilt_mutated_A_123_PHE  -9136.279553811251390   7379.758869999997842  -9881.494973387350910   6437.555179999995744  0.185339696607187  -304.154561549193886  1367.762270000000171  -815.472086726969110       662.115919999999960
design2.pdb  rebuilt_mutated_A_129_SER  -9135.613992919086741   7356.698219999999310  -9823.393515805177231   6411.378919999997379  0.186755631251108  -338.309786398138499  1373.904820000000200  -877.029484836685128       669.735249999999837
design2.pdb  rebuilt_mutated_A_129_HIS  -9134.849385943041852   7383.067619999999806  -9823.711623717583279   6437.748319999996966  0.186650587659117  -324.047216796422390  1378.053910000000315  -888.508933942888575       697.262409999999818
design2.pdb  rebuilt_mutated_A_102_MET  -9131.629581277236866   7385.706770000001598  -9866.215523049228068   6373.038949999997385  0.186359040896502  -273.535956797044037  1376.393230000000131  -831.080012201647833       671.529649999999833
design2.pdb  rebuilt_mutated_A_123_THR  -9130.996193447428595   7352.129739999999401  -9820.251924763348143   6429.175109999997403  0.185180750088341  -342.785281512817733  1361.472900000000209  -896.935445466426700       688.437589999999886
design2.pdb  rebuilt_mutated_A_63_TRP   -9129.344289183762157   7379.330560000000332  -9866.702935324476130   6415.899389999999585  0.187750483425965  -366.407487444721255  1385.472880000000714  -906.370169376076888       670.296529999999962
design2.pdb  rebuilt_mutated_A_129_ILE  -9129.023369743961666   7368.438110000000961  -9824.316567177911566   6419.986679999998159  0.186458079648578  -343.310088865569696  1373.904820000000200  -883.547659757100291       669.735249999999837
design2.pdb  rebuilt_mutated_A_88_ILE   -9126.311885131379313   7380.268289999997251  -9836.259900538416332   6425.420989999996891  0.187573961488059  -344.147616630052653  1384.346160000000737  -914.995779761698259       691.975349999999935
design2.pdb  rebuilt_mutated_A_76_GLN   -9125.654773227297483   7373.776010000000497  -9834.758435580219157   6418.630709999997634  0.186701670641064  -372.598351276262520  1376.696300000000520  -929.551916854539513       689.258159999999975
design2.pdb  rebuilt_mutated_A_127_ASN  -9125.245838564131191   7354.860730000001240  -9824.628099592819126   6390.789679999998043  0.186622630990322  -321.308542726793462  1372.583459999999832  -880.555550863884037       669.370249999999942
design2.pdb  rebuilt_mutated_A_104_ASN  -9124.126962291460586   7388.462919999999031  -9839.237259871750211   6453.126399999996465  0.187651728784747  -311.447888788097998  1386.457840000000488  -894.831673606438585       690.245289999999841
design2.pdb  rebuilt_mutated_A_163_THR  -9123.874882741136389   7388.122980000000098  -9883.942080186396197   6370.013809999996738  0.186963845044171  -305.783338500752109  1381.311880000000428  -882.409382584020250       688.603849999999852
design2.pdb  rebuilt_mutated_A_100_ASN  -9122.341708136093075   7375.388820000001033  -9832.471517259580651   6421.927289999998720  0.187092475214073  -324.015250406747782  1379.879749999999831  -882.246209406077469       693.223179999999843
design2.pdb  rebuilt_mutated_A_90_TYR   -9121.606928899234845   7384.839779999998427  -9841.309270908168401   6446.188759999998183  0.186631262296662  -308.018603986419407  1378.241970000000265  -859.704894819308265       677.849390000000085
design2.pdb  rebuilt_mutated_A_123_HIS  -9121.454308571353977   7371.079749999997148  -9860.755158982487046   6431.624579999995149  0.185185047007530  -319.959287313710320  1365.013749999999845  -819.001546729062397       662.115919999999960
design2.pdb  rebuilt_mutated_A_129_VAL  -9120.306682697719225   7366.281069999999090  -9819.598194105607035   6418.905949999998484  0.186512679457125  -349.188789961867315  1373.904820000000200  -882.907196183848328       669.735249999999837
design2.pdb  rebuilt_mutated_A_104_THR  -9118.198305530509970   7381.119660000000295  -9831.117105525154329   6446.303629999997611  0.187200288526416  -309.771201265983734  1381.747729999999819  -888.037647174836820       686.500699999999938
design2.pdb  rebuilt_mutated_A_102_TYR  -9117.602393364686577   7398.412999999997737  -9842.803730245697807   6434.416619999998147  0.188300645016708  -331.442428321309933  1393.125939999999673  -887.069618042849584       721.614339999999856
design2.pdb  rebuilt_mutated_A_86_PHE   -9116.999474956000995   7374.291240000000471  -9817.365351455508062   6419.896649999996953  0.187101701722320  -322.505579456719147  1379.742439999999988  -883.214898988280197       687.824340000000007
design2.pdb  rebuilt_mutated_A_75_ILE   -9115.782730142209402   7386.431860000001507  -9827.312374911565712   6431.584559999997509  0.186960996347701  -327.880373440024869  1380.974660000000313  -893.837782606607334       688.603849999999852
design2.pdb  rebuilt_mutated_A_129_GLY  -9115.510515970821871   7341.307209999999941  -9810.111420150862614   6392.723329999997986  0.187147163400072  -343.136976172437016  1373.904820000000200  -879.606668460715809       669.735249999999837
design2.pdb  rebuilt_mutated_A_63_SER   -9114.164434961627194   7303.758360000001630  -9820.078215956409622   6352.643989999996847  0.187617116073375  -406.840548787934154  1370.310080000000198  -876.369107876579506       874.797529999999824
design2.pdb  rebuilt_mutated_A_127_LEU  -9112.814471569905436   7364.882270000000972  -9807.660363264729313   6401.292109999997592  0.186841873305328  -332.536780779211711  1376.068400000000111  -888.845151378656169       670.194449999999961
design2.pdb  rebuilt_mutated_A_49_LEU   -9110.424157583067426   7398.950789999999870  -9820.261892070255271   6444.103489999997691  0.186644660735742  -296.902843245930057  1380.974660000000313  -873.636881935882457       688.603849999999852
design2.pdb  rebuilt_mutated_A_77_HIS   -9108.745942517782169   7360.493000000000393  -9786.958239096855323   6423.500199999998586  0.188015919585821  -361.829503723450898  1383.889860000000681  -890.487708843728910       688.603849999999852
design2.pdb  rebuilt_mutated_A_123_CYS  -9107.702550647858516   7355.856909999999516  -9839.457346666442390   6358.257819999998901  0.184711882874296  -330.279731720193922  1358.714179999999942  -886.816634700270356       688.106789999999933
design2.pdb  rebuilt_mutated_A_49_THR   -9105.649541134847823   7382.935220000000299  -9819.134488395338849   6428.087919999997212  0.187104486066451  -322.292420018211487  1381.380300000000261  -889.873052061283943       688.756649999999809
design2.pdb  rebuilt_mutated_A_126_ARG  -9105.447508129553171   7391.178309999999328  -9847.852234390247759   6378.968469999997978  0.186840934162228  -321.820822085003670  1380.974660000000313  -898.049933284440272       688.603849999999852
design2.pdb  rebuilt_mutated_A_60_TYR   -9104.957628644573560   7362.484840000000986  -9787.578660583345481   6410.598039999998036  0.186867053705200  -334.296332496914488  1375.805850000000191  -891.902980316473190       685.146359999999959
design2.pdb  rebuilt_mutated_A_104_VAL  -9102.991353842715398   7382.082309999997051  -9808.091721393046100   6447.600409999997282  0.187312874868230  -306.235298530234331  1382.759060000000090  -877.504801884947938       686.151700000000005
design2.pdb  rebuilt_mutated_A_80_ALA   -9102.430434426345528   7343.048830000001544  -9825.906700017379990   6451.271359999997912  0.184504020246315  -318.928463589948592  1354.822030000000495  -884.642261562272438       688.731049999999868
design2.pdb  rebuilt_mutated_A_74_TYR   -9101.875243855143708   7380.835200000002260  -9814.333716219287453   6425.981299999997646  0.187869193990404  -350.032994731652821  1386.631560000000491  -922.315975898991155       694.254149999999754
design2.pdb  rebuilt_mutated_A_134_ARG  -9101.397216031176868   7419.633689999998751  -9810.613187466018644   6464.330809999996745  0.191840140560902  -359.405497619568962  1423.383570000000418  -938.681385915481769       725.057999999999879
design2.pdb  rebuilt_mutated_A_45_THR   -9100.280966806965807   7335.328219999999419  -9780.200725950287961   6437.085969999997360  0.185186029753417  -365.113681629251460  1358.400310000000445  -886.773145378430740       688.603849999999852
design2.pdb  rebuilt_mutated_A_60_TRP   -9099.874814249493284   7361.342590000002019  -9783.720532309642294   6409.455789999997251  0.186940306496454  -343.861973464961920  1376.131640000000516  -854.286038660043232       704.358919999999898
design2.pdb  rebuilt_mutated_A_75_TYR   -9099.592323023784047   7386.206549999999879  -9802.260182636386162   6431.359249999997701  0.186966699435179  -342.330937427833305  1380.974660000000313  -891.866299833280436       688.603849999999852
design2.pdb  rebuilt_mutated_A_35_PHE   -9098.534008579836154   7399.496890000000349  -9750.506755808941307   6449.057289999998829  0.187747763213128  -335.845866837527183  1389.238990000000740  -890.549406911071173       704.224539999999934
design2.pdb  rebuilt_mutated_A_75_LEU   -9098.297226718208549   7385.346500000000560  -9806.605762089124255   6430.499199999996563  0.186988472375670  -337.932903224361667  1380.974660000000313  -898.372364010069532       688.603849999999852
design2.pdb  rebuilt_mutated_A_126_THR  -9098.014058642103919   7356.672530000002553  -9807.442182294264057   6401.825229999997646  0.187717293976112  -327.474573838783613  1380.974660000000313  -899.738970268048092       688.603849999999852
design2.pdb  rebuilt_mutated_A_9_HIS    -9097.465842779105515   7377.881609999999455  -9795.335915010598910   6414.569709999997940  0.187723811957454  -316.175693586933676  1385.004060000000663  -881.651363424730903       691.995649999999841
design2.pdb  rebuilt_mutated_A_63_GLY   -9097.062971944715173   7286.632790000000568  -9835.210472751465204   6281.723449999996774  0.186610820002637  -400.983492918140428  1359.764520000000402  -887.857238981839032       839.762439999999970
design2.pdb  rebuilt_mutated_A_129_ALA  -9095.251385848820064   7354.158559999998943  -9781.938816510284596   6408.839259999997012  0.186820124802966  -333.924943287004339  1373.904820000000200  -873.384527869690714       669.735249999999837
design2.pdb  rebuilt_mutated_A_48_SER   -9094.130541996401007   7352.282150000000001  -9817.774675423555891   6393.880409999997937  0.184531577042375  -347.959231765754339  1356.728220000000420  -895.611669771030279       683.611939999999890
design2.pdb  rebuilt_mutated_A_9_TYR    -9094.071607215748372   7395.621860000000197  -9819.356525836943547   6438.363459999997758  0.189480517869528  -297.021917414292375  1401.326260000000275  -881.253388221605633       690.524749999999813
design2.pdb  rebuilt_mutated_A_75_ARG   -9089.101994225869930   7404.545169999999416  -9857.082333757018205   6464.245269999996708  0.187658705308432  -342.634237098518383  1389.527360000000499  -902.420317028316504       701.510249999999814
design2.pdb  rebuilt_mutated_A_62_TYR   -9087.877352154360779   7382.723490000000311  -9798.071819172981122   6427.876189999997223  0.187054907565013  -324.753398663840358  1380.974660000000313  -889.452597703029028       688.603849999999852
design2.pdb  rebuilt_mutated_A_63_THR   -9086.481770663938732   7317.154250000000502  -9809.515585037734127   6351.404309999997167  0.185941218883010  -365.395016282939082  1360.560580000000527  -910.384224502301777       684.505749999999921
design2.pdb  rebuilt_mutated_A_80_PRO   -9086.276253711361278   7343.284430000000611  -9813.652907447132748   6450.466869999997471  0.184610610268844  -311.754767847419203  1355.648220000000492  -884.421895575235453       688.731049999999868
design2.pdb  rebuilt_mutated_A_77_GLN   -9086.059079317958094   7357.835820000001149  -9794.318850073108479   6400.318619999998191  0.187173945395264  -334.131153597062621  1377.195160000000669  -888.919776690054618       688.603849999999852
design2.pdb  rebuilt_mutated_A_80_SER   -9085.957354715610563   7343.025770000001103  -9810.911952358321287   6451.248299999998380  0.184504599661782  -316.506196372356044  1354.822030000000495  -884.595729938064324       688.731049999999868
design2.pdb  rebuilt_mutated_A_100_HIS  -9085.944471941797019   7424.809090000004289  -9757.155608590912379   6471.027579999996306  0.190200367831949  -289.493561774511136  1412.201420000000098  -835.842572210396384       725.417569999999841
design2.pdb  rebuilt_mutated_A_9_PHE    -9085.850284333402669   7385.212320000000545  -9802.329677052184707   6436.901299999997718  0.188391398881271  -305.476972027106626  1391.310480000000553  -875.936509737983215       690.772949999999810
design2.pdb  rebuilt_mutated_A_104_MET  -9085.073203462739912   7421.143399999999929  -9836.719613247378220   6422.445859999997992  0.188806600880398  -276.384167680143719  1401.160860000000184  -873.593060512054649       708.687449999999899
design2.pdb  rebuilt_mutated_A_79_TYR   -9081.455409924723426   7378.120670000001155  -9775.855765386506391   6423.254969999997229  0.187587113562348  -316.579143209351173  1384.040360000000419  -886.069188557790881       688.603849999999852
design2.pdb  rebuilt_mutated_A_136_THR  -9079.843985318440900   7373.612549999997100  -9826.037510355925406   6349.475319999996827  0.186372864139709  -280.908683877099747  1374.241290000000163  -867.252365802656982       687.375509999999963
design2.pdb  rebuilt_mutated_A_136_VAL  -9079.396488755994142   7376.611209999997300  -9832.301055722884485   6377.390399999997499  0.186297101863933  -286.755470741725105  1374.241290000000163  -872.253931033277809       687.375509999999963
design2.pdb  rebuilt_mutated_A_78_TRP   -9079.144001598968316   7401.986309999999321  -9809.935993729468464   6473.302659999997559  0.190184962663083  -379.994784378196641  1407.746490000000904  -922.698739583010024       715.770599999999831
design2.pdb  rebuilt_mutated_A_46_SER   -9079.083464188461221   7323.590949999998884  -9769.632783650051351   6398.490219999997862  0.183880998979060  -361.307288257820460  1346.669220000000450  -887.085706429170955       772.252939999999967
design2.pdb  rebuilt_mutated_A_136_ILE  -9076.574090894859182   7385.608330000000024  -9824.165271607142131   6385.364919999997255  0.186070155442429  -282.916075921424067  1374.241290000000163  -867.979950995794752       687.375509999999963
design2.pdb  rebuilt_mutated_A_9_TRP    -9076.473257459269007   7387.118010000000140  -9802.512583962852659   6434.739219999997658  0.188608337935568  -295.088927282996679  1393.272050000000490  -880.742756114310282       691.006549999999834
design2.pdb  rebuilt_mutated_A_75_PHE   -9075.547643552345107   7385.286849999999504  -9779.591843928408707   6430.439549999996416  0.186989982657207  -333.196464627522232  1380.974660000000313  -885.617849274532318       688.603849999999852
design2.pdb  rebuilt_mutated_A_79_TRP   -9074.376457448932342   7397.053770000000441  -9769.241023711159869   6396.605369999997492  0.189666521783307  -323.341368372386910  1402.973460000000614  -886.758033383846737       688.603849999999852
design2.pdb  rebuilt_mutated_A_129_CYS  -9073.430917004930961   7367.115840000001299  -9777.552865757206746   6418.507169999998951  0.186491545652145  -342.023228169628169  1373.904820000000200  -877.809107694452791       669.735249999999837
design2.pdb  rebuilt_mutated_A_63_ASN   -9073.096664747405157   7310.157310000000507  -9793.531183566368782   6349.202689999994618  0.184872162484285  -343.968458980832565  1351.444590000000517  -893.498518155698434       683.022949999999923
design2.pdb  rebuilt_mutated_A_79_ASN   -9072.998669201071607   7357.145170000001599  -9768.097069745539557   6426.843469999997978  0.185270893601247  -295.764818360090203  1363.064860000000408  -885.969591966851567       688.731049999999868
design2.pdb  rebuilt_mutated_A_76_THR   -9071.898185593396192   7371.017859999999018  -9775.398030214264509   6415.081259999996291  0.187097918658415  -344.165927900139422  1379.102100000000519  -908.148910341828127       674.402590000000032
design2.pdb  rebuilt_mutated_A_48_ALA   -9071.468952051032829   7351.188299999999799  -9794.072556031525892   6392.796059999997851  0.184680822282841  -343.744699405019787  1357.623500000000377  -895.244820707269014       682.208659999999895
design2.pdb  rebuilt_mutated_A_79_PHE   -9071.330636661414246   7381.759070000000975  -9783.214835145583493   6395.478669999997692  0.187987544275134  -315.128536798463756  1387.678760000000693  -887.352008197586429       688.603849999999852
design2.pdb  rebuilt_mutated_A_62_HIS   -9071.264524150425132   7378.642040000001543  -9781.128043712278668   6423.794739999997546  0.187158375824937  -323.873372369490085  1380.974660000000313  -889.239982117082377       688.603849999999852
design2.pdb  rebuilt_mutated_A_126_ASN  -9071.121188195478680   7372.297980000001189  -9812.727616894402672   6360.088139999997111  0.187319430623449  -313.049755594907026  1380.974660000000313  -885.924057376183100       688.603849999999852
design2.pdb  rebuilt_mutated_A_84_ASP   -9068.543433882996396   7361.575730000000476  -9787.224673289027123   6426.251529999996819  0.186615192234122  -321.683818003125793  1373.781870000000481  -894.832613951859912       676.589249999999765
design2.pdb  rebuilt_mutated_A_86_MET   -9067.498173824573314   7375.789449999998396  -9772.461206440068054   6443.137179999997898  0.187121251136039  -309.588701796951398  1380.166949999999815  -851.250677391264389       697.363239999999905
design2.pdb  rebuilt                    -9067.312684056138096   7375.054970000000139  -9778.557293821704661   6420.207669999997051  0.187249405681379  -314.328949022415713  1380.974660000000313  -886.622354313371943       688.603849999999852
design2.pdb  rebuilt_mutated_A_45_PRO   -9067.272983457065493   7331.793069999998806  -9745.147194182505700   6433.550819999997657  0.185275320379439  -364.661970915947904  1358.400310000000445  -886.554359582592383       688.603849999999852
design2.pdb  rebuilt_mutated_A_80_GLY   -9066.841150554213527   7337.554400000001806  -9791.630477332872033   6445.776929999998174  0.184642178598362  -317.596917156537415  1354.822030000000495  -884.546657836218287       688.731049999999868
design2.pdb  rebuilt_mutated_A_46_PRO   -9066.497081270561466   7324.635629999998855  -9744.660968520376628   6399.534899999998743  0.183873646148867  -366.537962909776525  1346.807460000000447  -887.242561515915781       772.252939999999967
design2.pdb  rebuilt_mutated_A_123_MET  -9065.783451592538768   7388.546360000001187  -9813.207836859763120   6381.592889999998079  0.186965872946082  -314.160053669205126  1381.406019999999899  -873.108433020615280       694.002759999999853
design2.pdb  rebuilt_mutated_A_102_ILE  -9065.774177932889870   7386.722190000001319  -9780.280970677587902   6431.874889999996412  0.188295349983915  -320.505083988387469  1390.885440000000244  -896.663269971074442       698.514629999999784
design2.pdb  rebuilt_mutated_A_48_THR   -9065.700943498803099   7356.378700000000208  -9795.593905896283104   6400.162559999997939  0.185069410578333  -322.480139732784210  1361.440670000000409  -890.805248793662713       684.085659999999962
design2.pdb  rebuilt_mutated_A_45_LEU   -9065.336659683149264   7350.487439999999879  -9749.621504523283875   6448.646779999997307  0.185305400644287  -353.349440506306451  1362.085020000000441  -886.544322770839244       688.603849999999852
design2.pdb  rebuilt_mutated_A_136_PRO  -9064.357672969461419   7366.887909999999465  -9812.681563196212664   6352.526479999996809  0.186542988951219  -291.369814154190806  1374.241290000000163  -872.591372060285835       687.375509999999963
design2.pdb  rebuilt_mutated_A_46_ARG   -9064.295682801735893   7394.098799999998846  -9765.710113766217546   6465.586329999996451  0.188546013207181  -343.026781788274889  1394.127850000000763  -889.175923539394375       689.276320000000055
design2.pdb  rebuilt_mutated_A_45_VAL   -9063.996974409021277   7336.741229999999632  -9744.895276213153920   6438.498979999998483  0.185150364094278  -364.260027392743609  1358.400310000000445  -886.774905955353688       688.603849999999852
design2.pdb  rebuilt_mutated_A_77_LEU   -9063.708377876737359   7373.139310000002297  -9780.805752938504156   6408.819749999998749  0.188368631271664  -336.426182398362243  1388.868160000000444  -887.508326814958650       688.603849999999852
design2.pdb  rebuilt_mutated_A_76_MET   -9063.703377796129644   7397.317860000000110  -9786.665206676112575   6478.468359999998029  0.189365043724105  -330.647496976807929  1400.793420000000424  -900.866831703612320       810.487989999999854
design2.pdb  rebuilt_mutated_A_45_ILE   -9062.655452686580247   7341.915960000000268  -9745.588069454177457   6442.353499999998348  0.185199684579337  -359.219358853229210  1359.720520000000533  -886.680650545151252       688.603849999999852
design2.pdb  rebuilt_mutated_A_9_MET    -9062.443740580007216   7373.306940000000395  -9770.393325933900996   6418.764839999998003  0.187309679528952  -308.790892452566595  1381.091760000000249  -871.983038946851480       693.535919999999919
design2.pdb  rebuilt_mutated_A_33_ILE   -9062.122451774874207   7383.004899999999907  -9763.781685869380453   6442.428789999998116  0.187545901533941  -330.201041695080789  1384.652310000000398  -899.055484889227728       687.193029999999681
design2.pdb  rebuilt_mutated_A_79_HIS   -9061.726732635052031   7380.060070000001360  -9775.873056157399333   6395.497469999997520  0.187800606885846  -312.181987574508071  1385.979760000000624  -887.497456114491456       688.603849999999852
design2.pdb  rebuilt_mutated_A_46_ASP   -9061.410367768314245   7330.636869999998453  -9755.332824932451331   6402.740729999997711  0.184405984633092  -349.805564064288887  1351.813310000000456  -874.884026895019019       779.201900000000023
design2.pdb  rebuilt_mutated_A_78_PHE   -9060.470812870000373   7379.611619999998766  -9786.519296923943330   6459.404649999997673  0.187302884104896  -318.813075563469170  1382.222540000000663  -895.266419978492536       685.465549999999780
design2.pdb  rebuilt_mutated_A_80_ASN   -9059.155669472800582   7376.629270000001270  -9768.659625567772309   6420.366169999997510  0.187273009044685  -312.900430608927650  1381.443560000000616  -886.527065145178540       688.603849999999852
design2.pdb  rebuilt_mutated_A_104_PHE  -9059.132993659746717   7421.246439999998074  -9840.938604394932554   6498.436689999996815  0.188490331281870  -267.007704752654774  1398.833200000000033  -889.211027679923177       678.713859999999841
design2.pdb  rebuilt_mutated_A_79_THR   -9059.013095777698254   7373.071770000000470  -9772.306219118821900   6416.284969999996974  0.187030793001490  -304.035104292299593  1378.991460000000643  -885.343453687248143       688.603849999999852
design2.pdb  rebuilt_mutated_A_136_ASN  -9057.951989489309199   7375.943849999999657  -9802.315316707490638   6372.415239999997539  0.186313957636757  -264.778202676297951  1374.241290000000163  -855.886396506273513       687.375509999999963
design2.pdb  rebuilt_mutated_A_44_LEU   -9057.752142030134564   7384.198740000001635  -9760.986125085395543   6429.351439999999457  0.187017536854649  -313.966434141412606  1380.974660000000313  -883.325452028421637       688.603849999999852
design2.pdb  rebuilt_mutated_A_35_ASN   -9057.595495432467942   7387.102320000000873  -9762.995078021989684   6407.079099999998107  0.187333652635801  -323.807112999539754  1383.852860000000419  -870.442761353847345       694.977239999999938
design2.pdb  rebuilt_mutated_A_46_GLN   -9056.923594748459436   7353.011899999999514  -9765.872494903896950   6404.256749999997737  0.186030596523310  -338.550714353740545  1367.885190000000421  -879.109421239149810       692.481329999999957
design2.pdb  rebuilt_mutated_A_84_TYR   -9053.810226564615732   7363.580859999998211  -9741.712671449875415   6432.416319999996631  0.186209419855546  -324.452039080744214  1371.168120000000044  -872.549679723279041       670.824089999999956
design2.pdb  rebuilt_mutated_A_71_PHE   -9052.950865662205615   7356.992129999998724  -9729.768900998324170   6414.580110000000786  0.186279461196053  -369.883551359295893  1370.456530000000384  -843.727897978273859       685.163729999999987
design2.pdb  rebuilt_mutated_A_79_LEU   -9052.720044277153647   7381.021070000001600  -9770.354812805158872   6394.333469999997760  0.187906354262717  -313.086203736129505  1386.940760000000409  -886.856273340682378       688.603849999999852
design2.pdb  rebuilt_mutated_A_75_ASN   -9052.326614159797828   7376.668299999998453  -9756.190149093385116   6421.820999999997184  0.187208452900072  -350.529002495855821  1380.974660000000313  -897.326797871838494       688.603849999999852
design2.pdb  rebuilt_mutated_A_46_ALA   -9051.549719869699402   7323.573589999999058  -9742.356891920391718   6398.472859999998036  0.183900310886342  -362.915705612742840  1346.807460000000447  -886.707712823293150       772.252939999999967
design2.pdb  rebuilt_mutated_A_127_GLU  -9051.411825822047831   7371.103190000001632  -9755.005721528830691   6401.556589999996504  0.186967137004631  -296.950262350632784  1378.154060000000300  -858.350266304526485       670.226449999999886
design2.pdb  rebuilt_mutated_A_35_TRP   -9051.372622171062176   7409.268269999998665  -9704.416914740819266   6421.086769999998069  0.189332574942654  -310.397045442118042  1402.815840000000662  -898.053842783235154       702.390300000000025
design2.pdb  rebuilt_mutated_A_9_PRO    -9050.052990893047536   7365.930280000000494  -9759.509492541639702   6418.644259999998212  0.186937009672592  -310.626541500857229  1376.964980000000196  -864.294519408024485       676.086549999999875
design2.pdb  rebuilt_mutated_A_50_HIS   -9050.041752955150514   7332.079279999999926  -9752.267975052138354   6379.744379999998273  0.184979452377116  -349.503958711493851  1356.284010000000535  -846.489575973462593       651.930709999999976
design2.pdb  rebuilt_mutated_A_9_GLN    -9049.845453774523776   7376.636410000000069  -9761.573403785523624   6420.304709999999432  0.187317861854601  -302.920471495428842  1381.775760000000446  -881.375731442619667       687.840249999999855
design2.pdb  rebuilt_mutated_A_136_ASP  -9049.536290142261350   7374.755999999997584  -9793.310196812912181   6386.913189999997485  0.186343967176677  -261.867147059298873  1374.241290000000163  -854.387393745318150       687.375509999999963
design2.pdb  rebuilt_mutated_A_9_CYS    -9048.945492856413694   7370.246560000000500  -9752.875969657839960   6427.150959999998122  0.187268003690775  -304.805490422676826  1380.211360000000241  -871.327559541239225       700.285219999999867
design2.pdb  rebuilt_mutated_A_86_HIS   -9048.044451017116444   7367.630279999997583  -9747.137060500666848   6412.273559999997815  0.187054215212330  -315.285548089372128  1378.146300000000338  -875.177694889088571       685.266070000000013
design2.pdb  rebuilt_mutated_A_49_PRO   -9047.470209293056541   7378.061499999999796  -9759.196976133194767   6423.214199999998527  0.187173102311495  -302.209920799177780  1380.974660000000313  -876.683809347419583       688.603849999999852
design2.pdb  rebuilt_mutated_A_129_GLN  -9047.351214642952982   7370.153690000001006  -9758.988910490881608   6415.557379999997465  0.187673403863577  -321.699761417174727  1383.181830000000218  -880.217016161291895       669.735249999999837
design2.pdb  rebuilt_mutated_A_80_GLU   -9047.027751041343436   7364.403720000001158  -9758.278412437581210   6426.370049999998628  0.185593468523206  -275.998056663804959  1366.785230000000411  -884.749204388040880       688.731049999999868
design2.pdb  rebuilt_mutated_A_79_ALA   -9046.429545270053495   7371.891270000000986  -9766.976640340521044   6414.146169999997255  0.186900607935852  -294.232804370309168  1377.810960000000705  -884.935742954327338       688.603849999999852
design2.pdb  rebuilt_mutated_A_79_PRO   -9046.173708816117141   7371.538270000000921  -9758.389634407409176   6413.621469999997316  0.186861671139367  -304.802094918539979  1377.457960000000639  -887.368416727077602       688.603849999999852
design2.pdb  rebuilt_mutated_A_62_THR   -9046.097589415667244   7372.921170000000529  -9757.447054250404108   6418.073869999996532  0.187303597605127  -315.183979953386256  1380.974660000000313  -886.542689947866734       688.603849999999852
design2.pdb  rebuilt_mutated_A_62_ARG   -9045.942683556848351   7376.913060000000769  -9767.995561138541234   6387.751749999996719  0.187202241475244  -322.279462734516301  1380.974660000000313  -885.292024914343529       688.603849999999852
design2.pdb  rebuilt_mutated_A_136_GLN  -9045.777614064418231   7375.802439999997659  -9796.383307945459819   6358.920899999996436  0.186317529676134  -293.783030802978146  1374.241290000000163  -872.079530834634625       687.375509999999963
design2.pdb  rebuilt_mutated_A_136_ARG  -9043.881290871582678   7412.914339999998447  -9799.794226461996004   6400.488099999997758  0.188437804071536  -261.227424673916744  1396.873299999999972  -872.554880700278318       691.998699999999872
design2.pdb  rebuilt_mutated_A_48_PRO   -9043.023425388537362   7349.856830000000627  -9761.067369579974184   6391.406689999997980  0.184592067761407  -343.198572660798845  1356.725270000000364  -883.660530096501702       674.178339999999935
design2.pdb  rebuilt_mutated_A_49_ASN   -9041.899420687455859   7385.787879999999859  -9749.522838469316412   6430.940579999998590  0.186977297809966  -320.532555177024619  1380.974660000000313  -888.530830886981562       688.603849999999852
design2.pdb  rebuilt_mutated_A_79_SER   -9041.159665160050281   7357.145170000001599  -9739.920745286304737   6426.843469999997978  0.185270893601247  -288.769724033929606  1363.064860000000408  -884.875012115671439       688.731049999999868
design2.pdb  rebuilt_mutated_A_46_THR   -9040.431095379870385   7327.378959999999097  -9737.955244382486853   6399.138929999997345  0.184082522190172  -350.487703890274020  1348.842400000000453  -872.888711360109369       780.341329999999971
design2.pdb  rebuilt_mutated_A_9_ASP    -9039.934293135764165   7369.654570000000604  -9748.472687052801120   6418.062729999998737  0.187127752990463  -310.630226599799585  1379.066900000000260  -873.308277572828615       694.356519999999932
design2.pdb  rebuilt_mutated_A_80_THR   -9039.281837480355534   7369.057280000000901  -9758.298572554194834   6475.496189999999842  0.186942034463328  -305.893811485913261  1377.586560000000645  -886.588821618303427       688.603849999999852
design2.pdb  rebuilt_mutated_A_76_VAL   -9039.176146417143173   7369.037100000000464  -9751.338570234040162   6418.052799999997660  0.186959037022625  -324.672544074034477  1377.708080000000336  -896.072948293365698       677.929469999999924
design2.pdb  rebuilt_mutated_A_79_VAL   -9039.104931100318936   7373.450970000000780  -9759.040923397495135   6415.857169999997495  0.187072602179384  -292.711955115904289  1379.370660000000498  -884.612388350363631       688.603849999999852
design2.pdb  rebuilt_mutated_A_79_MET   -9039.075898590932411   7371.870370000001458  -9749.157116901342306   6414.113669999997910  0.186898302716628  -306.506964340997797  1377.790060000000722  -885.495794940541941       688.603849999999852
design2.pdb  rebuilt_mutated_A_35_HIS   -9039.022222605377465   7390.300450000000637  -9729.843965787480556   6414.044649999999820  0.187450498037600  -322.644096684458532  1385.315500000000611  -879.347869746149968       705.196179999999913
design2.pdb  rebuilt_mutated_A_76_GLU   -9038.416510642620779   7388.028369999999995  -9760.499006385040047   6469.178869999996095  0.188446061692641  -314.073341218017390  1392.244850000000497  -887.682366266572444       702.195639999999798
design2.pdb  rebuilt_mutated_A_9_ASN    -9038.410433574810668   7370.375380000000405  -9746.176489287616278   6418.124229999998533  0.187158650527241  -309.961039878978113  1379.429510000000391  -872.105881605143168       694.118619999999964
design2.pdb  rebuilt_mutated_A_62_ALA   -9038.283048374138161   7370.218340000000353  -9749.836510238346818   6415.371039999996356  0.187372286178431  -315.708969588400919  1380.974660000000313  -886.797728656030586       688.603849999999852
design2.pdb  rebuilt_mutated_A_126_GLU  -9037.425087686959159   7349.711400000002868  -9761.958031718439088   6383.196229999998650  0.186956206198790  -309.357825377015331  1374.074160000000347  -864.510312749525497       688.603849999999852
design2.pdb  rebuilt_mutated_A_104_ALA  -9037.213919828458529   7370.466859999999542  -9743.034958868738613   6416.912729999998191  0.187187911730194  -320.762877096436966  1379.662299999999959  -879.784138225905281       688.600259999999821
design2.pdb  rebuilt_mutated_A_132_PRO  -9036.608364031018937   7372.413730000000214  -9734.825468115606782   6420.207669999997051  0.186958229757407  -324.378379018677492  1378.333420000000388  -884.949145542694851       688.603849999999852
design2.pdb  rebuilt_mutated_A_79_GLU   -9035.760675600544346   7373.035120000001370  -9761.100267574600366   6413.030459999998129  0.186868777589656  -299.847524690581054  1377.790060000000722  -885.000496919845887       688.603849999999852
design2.pdb  rebuilt_mutated_A_49_SER   -9035.022984814144365   7377.104460000000472  -9745.514955128106521   6422.257159999998294  0.187197384487084  -312.737875434616626  1380.974660000000313  -883.967741199283751       688.603849999999852
design2.pdb  rebuilt_mutated_A_9_ALA    -9034.451358220801922   7366.208410000000185  -9743.087568012049815   6418.439449999998033  0.186947089106321  -313.911194714191765  1377.091220000000249  -866.539414788158751       676.086549999999875
design2.pdb  rebuilt_mutated_A_163_VAL  -9034.286547545263602   7397.586199999998826  -9801.492036363151783   6245.926469999995788  0.188372209843260  -268.019179880782644  1393.499660000000404  -880.799630947782020       688.603849999999852
design2.pdb  rebuilt_mutated_A_63_HIS   -9034.184139002876691   7331.864190000000235  -9775.228083747068013   6374.610189999996692  0.186388809801454  -293.028102749686013  1366.577440000000479  -899.802691838247824       662.832719999999881
design2.pdb  rebuilt_mutated_A_104_ASP  -9033.707968232780331   7391.600239999998848  -9762.213776383177901   6453.320079999996778  0.188122591164373  -280.338639044654428  1390.526990000000524  -883.125466528561674       689.524039999999900
design2.pdb  rebuilt_mutated_A_60_ASN   -9032.019006143716979   7371.006170000000566  -9747.680709963919071   6402.435569999996915  0.186834738465563  -328.736583247065141  1377.160010000000057  -895.241755002215655       691.601649999999836
design2.pdb  rebuilt_mutated_A_63_VAL   -9031.620268960683461   7323.939679999999498  -9730.756171699762490   6366.307359999997061  0.185597840696580  -356.608596814478005  1359.307390000000623  -897.633256248488237       675.096319999999992
design2.pdb  rebuilt_mutated_A_49_CYS   -9031.398044830200888   7382.623959999998988  -9743.518854714584450   6427.776659999997719  0.187057429375016  -300.125889196167464  1380.974660000000313  -875.857242300472421       688.603849999999852
design2.pdb  rebuilt_mutated_A_62_CYS   -9031.198499026586433   7370.196780000000217  -9742.678492394810746   6415.349479999997129  0.187372834297648  -314.859673630619795  1380.974660000000313  -886.651546290268811       688.603849999999852
design2.pdb  rebuilt_mutated_A_88_HIS   -9029.609864925138027   7401.318109999999251  -9743.840741374273421   6450.180709999998726  0.188987412675875  -226.862879347313452  1398.755959999999959  -809.822398818372676       696.939539999999852
design2.pdb  rebuilt_mutated_A_80_HIS   -9029.495955834319830   7397.170070000001942  -9825.575975684479999   6446.536669999998594  0.189326897549619  -273.055922429830048  1400.483260000000428  -885.545336943174107       688.603849999999852
design2.pdb  rebuilt_mutated_A_123_TRP  -9029.185951669442147   7388.735759999998663  -9758.786267092795242   6473.635109999997439  0.186022034708682  -372.908600081026691  1374.467660000000251  -905.089779085736495       694.939759999999865
design2.pdb  rebuilt_mutated_A_75_THR   -9029.003938073594327   7373.419450000001234  -9739.791818646657703   6418.572149999997237  0.187290940026476  -316.347784073623075  1380.974660000000313  -882.145767115724880       688.603849999999852
design2.pdb  rebuilt_mutated_A_46_ASN   -9028.995213574313311   7327.675899999999274  -9722.865574153867783   6396.921809999998004  0.183797356539746  -362.425518550776928  1346.807460000000447  -885.702030749985738       772.252939999999967
design2.pdb  rebuilt_mutated_A_123_ASN  -9028.543309115857483   7367.172559999999066  -9727.981847501228913   6432.168279999997139  0.184325529087376  -293.796346064638328  1357.957979999999907  -813.877272492154134       662.115919999999960
design2.pdb  rebuilt_mutated_A_132_ARG  -9028.259070516964130   7374.712409999999181  -9781.341677946773416   6425.135659999997188  0.188266786934950  -262.492067841843493  1388.413410000000113  -858.635192674043651       668.506909999999948
design2.pdb  rebuilt_mutated_A_136_LYS  -9028.195710435631554   7406.512399999998706  -9789.546889740071492   6401.580109999996239  0.188581521850959  -235.769244482241646  1396.731380000000172  -863.864053260248738       688.862499999999841
design2.pdb  rebuilt_mutated_A_79_GLY   -9027.823717101342481   7357.145170000001599  -9730.199637571015046   6426.843469999997978  0.185270893601247  -287.629108020701779  1363.064860000000408  -885.342817778492417       688.731049999999868
design2.pdb  rebuilt_mutated_A_163_LEU  -9027.500369587161913   7423.808449999999539  -9818.193748245597817   6410.311309999996411  0.190018994900118  -261.086283386938533  1410.664620000000014  -879.881011564529786       688.603849999999852
design2.pdb  rebuilt_mutated_A_164_ASN  -9027.299901524129382   7376.360569999999825  -9753.498636679711126   6419.394069999996645  0.187345608567505  -305.118145107321880  1381.928760000000239  -886.622354313371943       688.603849999999852
design2.pdb  rebuilt_mutated_A_48_GLN   -9027.029858316051104   7375.427109999999630  -9742.766444740211227   6420.390709999997853  0.187230148085621  -305.642181082426987  1380.902310000000398  -882.302169112807405       688.347699999999918
design2.pdb  rebuilt_mutated_A_80_VAL   -9026.578319384252609   7369.319380000000820  -9740.102669952211727   6418.449279999997998  0.186943798872237  -302.846425869566360  1377.648560000000543  -886.264485670684962       688.603849999999852
design2.pdb  rebuilt_mutated_A_49_VAL   -9026.361607323236967   7386.187849999999344  -9741.249048228857646   6431.340549999996256  0.187022091510982  -297.591168414372419  1381.380300000000261  -871.945160180798553       688.756649999999809
design2.pdb  rebuilt_mutated_A_127_LYS  -9025.829635228181360   7391.497450000000754  -9754.402433238808953   6424.185389999996005  0.189291690819700  -280.710899826815648  1399.149050000000216  -872.951720950607182       669.981449999999882
design2.pdb  rebuilt_mutated_A_132_TYR  -9025.139715184004672   7374.585740000000442  -9729.568479251269309   6420.207669999997051  0.187197692002154  -319.920115302025124  1380.505430000000388  -887.011565982299885       688.603849999999852
design2.pdb  rebuilt_mutated_A_104_GLU  -9024.681744186689684   7409.142009999999573  -9737.461770626416182   6466.870709999996507  0.188980366162532  -272.883527713512649  1400.182370000000219  -862.578359570115140       700.597689999999943
design2.pdb  rebuilt_mutated_A_79_ILE   -9024.632905991245934   7373.419870000000628  -9743.586928523094684   6415.826069999998253  0.187069173371243  -288.303749531289100  1379.339560000000347  -884.612305903547849       688.603849999999852
design2.pdb  rebuilt_mutated_A_80_ILE   -9024.594042774841000   7371.044250000000829  -9736.784488520039304   6415.939149999997426  0.186888453423679  -302.416355041249972  1377.563060000000405  -886.244927656923210       688.603849999999852
design2.pdb  rebuilt_mutated_A_132_GLY  -9024.454236446379582   7372.413730000000214  -9729.405766705558563   6420.207669999997051  0.186958229757407  -327.050436160689401  1378.333420000000388  -887.909940565193210       688.603849999999852
design2.pdb  rebuilt_mutated_A_164_SER  -9024.431732789171292   7367.910870000000614  -9762.725151219221516   6434.412969999997586  0.186839239003986  -288.854781380966756  1376.614860000000135  -886.622354313371943       688.603849999999852
design2.pdb  rebuilt_mutated_A_45_CYS   -9024.125694010435836   7335.730679999998756  -9707.374525223320234   6437.488429999997607  0.185175869897121  -362.550409423112001  1358.400310000000445  -886.371760486653216       688.603849999999852
design2.pdb  rebuilt_mutated_A_45_ASN   -9023.988587696445393   7339.191090000000258  -9705.106475596585369   6440.948839999997290  0.185088559943736  -365.065609775944154  1358.400310000000445  -886.703376027627883       688.603849999999852
design2.pdb  rebuilt_mutated_A_90_GLU   -9023.594544074223450   7372.162929999999506  -9683.971638867160436   6442.044059999997444  0.186220923633331  -372.640951541854065  1372.850990000000138  -876.958914832438722       675.863510000000133
design2.pdb  rebuilt_mutated_A_75_LYS   -9023.431132694875487   7396.618009999998321  -9741.154100873889547   6437.297749999996995  0.187127186793847  -323.458984586235829  1384.108320000000276  -897.999744367119092       688.603849999999852
design2.pdb  rebuilt_mutated_A_77_GLY   -9022.459535447409507   7321.550310000000536  -9736.139700681902468   6367.027819999996609  0.186758472195761  -346.127203741072321  1367.361550000000534  -885.272105958919951       688.601049999999873
design2.pdb  rebuilt_mutated_A_79_CYS   -9021.833919120319479   7371.870370000001458  -9743.565325970625054   6414.113669999997910  0.186898302716628  -288.415685193471745  1377.790060000000722  -884.688594470285125       688.603849999999852
design2.pdb  rebuilt_mutated_A_62_VAL   -9021.156113345452468   7374.631190000000970  -9732.600766505143838   6419.783889999996973  0.187260165887699  -314.568385329069542  1380.974660000000313  -885.969721017862980       688.603849999999852
design2.pdb  rebuilt_mutated_A_164_THR  -9020.877359140138651   7371.062969999999950  -9755.829756282451854   6434.744069999997009  0.187142053407258  -292.627701093954784  1379.435860000000275  -886.622354313371943       688.603849999999852
design2.pdb  rebuilt_mutated_A_102_PHE  -9020.819486790400333   7393.219369999998889  -9749.891069516599600   6429.222989999996571  0.187756168257726  -278.376663274130408  1388.122539999999617  -840.396548222299884       716.616519999999923
design2.pdb  rebuilt_mutated_A_9_LYS    -9020.703957430971059   7388.480700000000070  -9747.475881919721360   6439.979589999999007  0.188998919629038  -281.291508868684787  1396.414870000000519  -882.187286207545412       695.108749999999873
design2.pdb  rebuilt_mutated_A_100_GLN  -9020.590880495692545   7388.028719999999339  -9738.106126973041683   6434.261139999998704  0.187566712653494  -281.305828350793263  1385.748260000000528  -831.545736919154592       678.290469999999800
design2.pdb  rebuilt_mutated_A_132_ASN  -9018.502565800183220   7372.413730000000214  -9715.586703887753174   6420.207669999997051  0.186958229757407  -322.335507983777745  1378.333420000000388  -882.999294842021982       688.603849999999852
design2.pdb  rebuilt_mutated_A_62_PHE   -9018.341442004148121   7418.555190000000039  -9804.066978393300815   6416.011199999997189  0.192670005599837  -262.734776011466352  1429.333070000000589  -889.182078339870941       691.273669999999811
design2.pdb  rebuilt_mutated_A_132_TRP  -9017.958005394762949   7390.839780000001156  -9742.504017291212222   6432.296779999997852  0.190245514969072  -291.964585105084780  1406.074119999999994  -902.035962561466135       691.902649999999880
design2.pdb  rebuilt_mutated_A_9_SER    -9017.768420217160383   7366.282370000000810  -9728.986172611928851   6418.002639999998792  0.186962055053559  -301.895724576565954  1377.215290000000550  -865.009141004603066       676.086549999999875
design2.pdb  rebuilt_mutated_A_62_ILE   -9017.204567508955734   7374.921600000000581  -9728.551977756262204   6420.074299999996583  0.187252791948324  -315.882141808903270  1380.974660000000313  -886.182098281756907       688.603849999999852
design2.pdb  rebuilt_mutated_A_64_ARG   -9016.286995283080614   7417.179510000000846  -9698.983841307312105   6428.463419999998223  0.194531871320450  -262.948016185879055  1442.877810000000409  -875.874076740871942       686.919620000000009
design2.pdb  rebuilt_mutated_A_46_GLY   -9016.207983900532781   7317.654929999998785  -9708.504835505586016   6392.554199999997763  0.184049052993539  -358.889061580035559  1346.807460000000447  -885.334213231541980       772.252939999999967
design2.pdb  rebuilt_mutated_A_129_LEU  -9016.017947787771845   7377.701869999999872  -9753.987869836821119   6418.237039999998160  0.187804569012762  -293.942621849447733  1385.566120000000183  -874.052630553514859       669.735249999999837
design2.pdb  rebuilt_mutated_A_129_PRO  -9015.074358404241138   7366.495579999998881  -9737.500187626686966   6409.479649999997491  0.188141099787370  -297.120978873201580  1385.940580000000182  -863.235850267194905       669.735249999999837
design2.pdb  rebuilt_mutated_A_49_GLN   -9014.818502724168866   7393.275330000000395  -9723.962150579913214   6438.428029999998216  0.186787938817369  -300.206476123892230  1380.974660000000313  -873.491650844386413       688.603849999999852
design2.pdb  rebuilt_mutated_A_9_LEU    -9014.370033481494829   7372.943000000000211  -9719.996895752108685   6429.847399999998743  0.186987877161128  -294.195155517754529  1378.650960000000396  -854.951504828824341       692.320219999999949
design2.pdb  rebuilt_mutated_A_163_ILE  -9014.216347289439000   7415.182049999998526  -9808.559130872508831   6246.603259999996226  0.189018171172210  -252.866152279757898  1401.604150000000345  -880.996500795051247       688.603849999999852
design2.pdb  rebuilt_mutated_A_134_GLN  -9014.019551694444090   7375.786299999998846  -9720.513085423195662   6423.057129999995595  0.187277985534912  -290.244762302722165  1381.322400000000471  -864.376243842904728       689.309819999999831
design2.pdb  rebuilt_mutated_A_126_TRP  -9013.922800410311538   7381.660079999999653  -9765.443357492411451   6369.450239999998303  0.187081854898959  -324.335907822581930  1380.974660000000313  -901.041941643978930       688.603849999999852
design2.pdb  rebuilt_mutated_A_78_ARG   -9013.598253391057369   7399.205119999999624  -9759.232575061978423   6466.407769999996162  0.190019094915969  -321.343426238269899  1405.990260000000944  -888.407743440738159       689.083489999999983
design2.pdb  rebuilt_mutated_A_86_THR   -9013.480502559590605   7356.282330000000002  -9710.740624721813219   6406.050779999997758  0.186591871875586  -277.547926905276199  1372.622489999999971  -842.453374524325000       679.904539999999884
design2.pdb  rebuilt_mutated_A_132_HIS  -9013.121378006000668   7372.413730000000214  -9712.063974220294767   6420.207669999997051  0.186958229757407  -322.165918535538026  1378.333420000000388  -882.474388366360472       688.603849999999852
design2.pdb  rebuilt_mutated_A_164_ALA  -9012.551429751789328   7367.512270000000171  -9746.260544685115747   6433.986469999996189  0.186853134348428  -290.287961930206905  1376.642760000000180  -886.622354313371943       688.603849999999852
design2.pdb  rebuilt_mutated_A_45_HIS   -9012.068332941602421   7384.811830000000555  -9752.374840348618818   6480.301759999998467  0.190423007704450  -311.619657750993042  1406.238080000000537  -886.501868538066105       688.603849999999852
design2.pdb  rebuilt_mutated_A_76_SER   -9011.828223735901702   7362.721239999999852  -9711.931312582695682   6405.611639999997351  0.186458572211271  -300.805119225037174  1372.842490000000453  -860.444675801746826       673.280939999999987
design2.pdb  rebuilt_mutated_A_132_PHE  -9011.685811843712145   7374.539220000000569  -9718.439663586739698   6420.207669999997051  0.187192564690164  -317.349539791251289  1380.458910000000287  -885.156789164634347       688.603849999999852
design2.pdb  rebuilt_mutated_A_80_CYS   -9011.566211709992785   7355.965980000001764  -9705.297706846156871   6430.649269999998069  0.185352579621365  -284.050074056615699  1363.447270000000572  -884.669500230158178       688.731049999999868
design2.pdb  rebuilt_mutated_A_84_PHE   -9010.707665001831629   7365.019609999998465  -9711.744912599095187   6433.911269999997785  0.186282497895481  -316.007620042324163  1371.974249999999984  -869.234763689887473       671.171819999999911
design2.pdb  rebuilt_mutated_A_80_TYR   -9010.534577881911900   7421.117740000002414  -9827.166456418201051   6452.804889999998522  0.191286996074529  -251.729086383945855  1419.563320000000658  -885.794256524765387       688.603849999999852
design2.pdb  rebuilt_mutated_A_80_GLN   -9010.493144453033892   7387.564960000000610  -9749.007300995901460   6419.444759999998496  0.187945942610026  -269.262791424416719  1388.462860000000546  -886.336840059854126       688.603849999999852
design2.pdb  rebuilt_mutated_A_46_GLU   -9010.179826913594297   7349.472850000000108  -9735.320664843331542   6404.814149999998335  0.185671199533719  -306.920769232370276  1364.585440000000290  -868.165516314950764       776.139260000000036
design2.pdb  rebuilt_mutated_A_75_HIS   -9009.831932020058957   7378.363550000000032  -9717.441934551428858   6423.516249999996944  0.187165439957211  -330.005442404112046  1380.974660000000313  -885.879538080927546       688.603849999999852
design2.pdb  rebuilt_mutated_A_123_PRO  -9008.331368150509661   7348.171579999998357  -9716.279399742716123   6428.286899999996422  0.185086536860643  -339.139153715249961  1360.047630000000481  -870.365512163972312       793.191109999999867
design2.pdb  rebuilt_mutated_A_78_ILE   -9008.328939596025521   7353.000250000000960  -9717.758609882492237   6428.169549999996889  0.184895758707475  -254.840376807371058  1359.538560000000416  -866.915090806959824       690.675749999999880
design2.pdb  rebuilt_mutated_A_86_LYS   -9006.873212561557011   7382.215160000001561  -9697.661425061984119   6451.317479999997886  0.187164081519401  -303.687168720271870  1381.685520000000224  -840.938068834511455       700.985500000000002
design2.pdb  rebuilt_mutated_A_35_ASP   -9006.551135376457751   7384.975970000001325  -9718.513749511121205   6429.691369999996823  0.187347883814441  -320.241919085303380  1383.559620000000450  -871.793151884523695       695.076999999999998
design2.pdb  rebuilt_mutated_A_80_LEU   -9005.225858382826118   7377.330390000001898  -9775.146956090147796   6468.567859999998291  0.186256741579931  -253.732035100483131  1374.077520000000504  -884.245121871831884       688.731049999999868
design2.pdb  rebuilt_mutated_A_127_TRP  -9004.711869269123781   7402.366999999999280  -9798.760177425876464   6350.794979999996031  0.188839530652830  -242.039183906314548  1397.859509999999545  -859.301457614011042       669.790149999999926
design2.pdb  rebuilt_mutated_A_84_HIS   -9004.592809226714962   7360.911380000001373  -9711.476555930868926   6429.643039999999019  0.186451272016265  -317.726542357595747  1372.451289999999744  -873.661226259781984       673.233219999999960
design2.pdb  rebuilt_mutated_A_35_MET   -9004.113399891417430   7388.027940000000854  -9703.990654510123932   6461.685539999997673  0.187498718365702  -327.439787593492497  1385.245770000000448  -880.180995565653689       699.874589999999898
design2.pdb  rebuilt_mutated_A_50_ASP   -9003.726367902840138   7337.844910000002528  -9727.506500438403236   6381.031549999998788  0.184052186515891  -350.873406291382025  1350.546400000000631  -849.180858388592924       659.483900000000062
design2.pdb  rebuilt_mutated_A_132_LEU  -9003.504347648255134   7376.430060000000594  -9723.968877134508148   6420.207669999997051  0.187400915992688  -313.311075554166450  1382.349750000000313  -888.208885537997389       688.603849999999852
design2.pdb  rebuilt_mutated_A_48_MET   -9002.961096522349180   7376.047439999999369  -9709.009895134542603   6438.321629999998549  0.186546235120202  -353.691519564310738  1375.973880000000463  -909.594782434048170       695.636469999999804
design2.pdb  rebuilt_mutated_A_75_MET   -9002.930736484706358   7393.428509999999733  -9722.384843286436080   6435.455269999995835  0.187066663068336  -310.405712273682298  1383.064000000000306  -880.562198292823155       688.603849999999852
design2.pdb  rebuilt_mutated_A_164_GLU  -9002.653071912685846   7375.598970000000008  -9750.315580972648604   6420.591069999997671  0.187179084114439  -286.892816834060227  1380.557860000000346  -886.622354313371943       688.603849999999852
design2.pdb  rebuilt_mutated_A_71_ASP   -9001.593367105089783   7356.551660000000993  -9695.521511739552807   6385.082659999998214  0.187553963292633  -267.889078802750646  1379.750420000000304  -877.620368416827205       687.026020000000017
design2.pdb  rebuilt_mutated_A_77_ASN   -9001.355816741059243   7359.122900000003028  -9708.292880600620265   6404.754099999997379  0.187511620440528  -306.880824763409009  1379.921060000000580  -882.683325505742118       688.603849999999852
design2.pdb  rebuilt_mutated_A_9_ARG    -9000.415535698235544   7400.312079999998787  -9732.026503080245675   6433.908869999999297  0.187842271376209  -301.968054469918457  1390.091430000000400  -887.835210519788347       688.605349999999930
design2.pdb  rebuilt_mutated_A_46_CYS   -8999.923607664304654   7328.697299999998904  -9686.390054232955663   6406.855619999997543  0.184276122306211  -341.443249838633847  1350.503920000000562  -870.945295186862268       779.704399999999964
design2.pdb  rebuilt_mutated_A_86_GLU   -8998.946068315790399   7373.115729999999530  -9704.381172123039505   6420.522079999997914  0.188099555301569  -305.627844907012786  1386.879789999999957  -875.226329139496329       691.871869999999717
design2.pdb  rebuilt_mutated_A_132_ALA  -8998.590483142568701   7372.413730000000214  -9705.738418670202009   6420.207669999997051  0.186958229757407  -320.349760556007311  1378.333420000000388  -882.417174458965519       688.603849999999852
design2.pdb  rebuilt_mutated_A_163_SER  -8997.536839129516011   7366.368060000000696  -9742.002121289700881   6408.606059999997342  0.187446886817654  -288.793283555024914  1380.802760000000262  -886.843316964764540       688.603849999999852
design2.pdb  rebuilt_mutated_A_84_ASN   -8996.614937928598010   7361.998480000000200  -9717.738025078475403   6426.674279999997452  0.186736165965631  -306.312251350789325  1374.751370000000634  -888.436586447847503       688.160349999999880
design2.pdb  rebuilt_mutated_A_104_LEU  -8996.475332791609617   7411.865309999998317  -9795.982716849755889   6294.700159999997595  0.188895208080893  -240.869410025278853  1400.065839999999980  -845.994820335671420       710.133280000000013
design2.pdb  rebuilt_mutated_A_76_PRO   -8995.827444642271075   7364.271499999999833  -9716.011063154930525   6407.958399999997710  0.186239634157975  -307.503610526174725  1371.519230000000334  -892.523478417792603       667.503749999999854
design2.pdb  rebuilt_mutated_A_64_SER   -8995.604009979295370   7365.122040000002016  -9689.264706565854794   6409.011999999997897  0.188838736472587  -251.124241238542595  1390.820340000000670  -867.142999362724026       686.919620000000009
design2.pdb  rebuilt_mutated_A_88_THR   -8995.102174300764091   7375.555339999999887  -9710.653500650858405   6420.708039999996799  0.187298975645677  -263.377724298681755  1381.433959999999843  -838.281901087300525       689.063149999999837
design2.pdb  rebuilt_mutated_A_132_THR  -8994.939323571286877   7372.413730000000214  -9696.851003340945681   6420.207669999997051  0.186958229757407  -318.628926631502679  1378.333420000000388  -882.145456682378722       688.603849999999852
design2.pdb  rebuilt_mutated_A_45_ASP   -8994.877266941666676   7336.357439999998860  -9676.217846188954354   6438.115189999998620  0.185160049944350  -365.715568750486341  1358.400310000000445  -886.775031570801275       688.603849999999852
design2.pdb  rebuilt_mutated_A_102_THR  -8994.698620592760562   7367.066130000000157  -9724.741354873320233   6401.072979999998097  0.186628023386564  -298.967401350619525  1374.900990000000093  -883.295307448966128       685.459229999999820
design2.pdb  rebuilt_mutated_A_163_PRO  -8994.509628932499254   7350.171249999999418  -9783.217740226875321   6343.545399999996334  0.187715567851565  -268.757187621568164  1379.741570000000365  -874.041277382528278       688.603849999999852
design2.pdb  rebuilt_mutated_A_80_MET   -8994.492478452119030   7365.948430000002190  -9694.511537723441506   6430.487799999998970  0.185521403385660  -265.570533939764687  1366.541090000000622  -884.699019862113346       688.731049999999868
design2.pdb  rebuilt_mutated_A_45_LYS   -8994.379859608239713   7366.506310000000667  -9723.400245564062061   6442.451259999998911  0.187906322447717  -309.643168669669308  1384.213110000000142  -886.487332519447818       688.603849999999852
design2.pdb  rebuilt_mutated_A_80_LYS   -8993.561847020082496   7394.339330000000700  -9744.098699541937094   6419.665329999997994  0.188771125817403  -262.173085604964967  1395.837760000000799  -886.990194476863394       688.603849999999852
design2.pdb  rebuilt_mutated_A_90_PHE   -8993.302311501878648   7396.137679999999818  -9660.446671168405373   6470.414349999997285  0.188674293310343  -246.650365182901083  1395.461050000000114  -827.282873133372959       676.681429999999978
design2.pdb  rebuilt_mutated_A_62_LEU   -8993.119151978673472   7377.896100000000843  -9727.192559866853117   6415.349479999997129  0.188220864210869  -287.082594915064647  1388.673980000000483  -885.596932110488297       688.603849999999852
design2.pdb  rebuilt_mutated_A_64_ALA   -8992.355945292887554   7363.455250000001797  -9686.133817418096442   6407.967519999997421  0.188655122199595  -253.271889608267998  1389.153550000000450  -864.649447726797348       686.919620000000009
design2.pdb  rebuilt_mutated_A_127_SER  -8992.060460026059445   7360.603280000000268  -9738.138071416738967   6388.082139999995889  0.187016442489209  -246.915610277519676  1376.553839999999809  -846.067174904554804       667.822149999999965
design2.pdb  rebuilt_mutated_A_77_PRO   -8991.906350186041891   7343.234190000001036  -9696.436607249994267   6396.349849999997787  0.188885697243438  -320.672296401948870  1387.031910000000607  -885.676911018905912       691.261049999999841
design2.pdb  rebuilt_mutated_A_45_GLN   -8991.769694415417689   7350.654279999999744  -9696.465633477604570   6441.872629999997116  0.186298914060749  -337.946409174144833  1369.418910000000324  -886.506213116058234       688.603849999999852
design2.pdb  rebuilt_mutated_A_71_THR   -8990.802519327669870   7376.984669999998005  -9707.993869617648670   6422.137369999996736  0.187182724618567  -294.759124310485618  1380.844090000000506  -878.047246638402839       688.738449999999830
design2.pdb  rebuilt_mutated_A_46_VAL   -8990.040409779227048   7327.154949999998280  -9685.713322130972301   6399.049839999997857  0.184075804211019  -345.550163671527912  1348.751940000000559  -871.733440077756654       659.484409999999912
design2.pdb  rebuilt_mutated_A_46_HIS   -8990.020998553009122   7333.162359999999353  -9698.948776888828434   6395.675909999998112  0.184368237552564  -347.007591344895900  1352.002220000000534  -885.924957108723220       772.252939999999967
design2.pdb  rebuilt_mutated_A_132_ASP  -8989.718910244229846   7372.413730000000214  -9692.147515937831486   6420.207669999997051  0.186958229757407  -318.660015950256366  1378.333420000000388  -880.765385908805570       688.603849999999852
design2.pdb  rebuilt_mutated_A_84_ARG   -8989.437761422212134   7432.247839999999997  -9814.873588295718946   6389.286809999997786  0.190035784651659  -224.982391651227800  1412.393050000000585  -873.744988471959346       689.271049999999832
design2.pdb  rebuilt_mutated_A_76_ASP   -8988.357779066604053   7374.424559999999474  -9717.573684601509740   6419.138959999997496  0.187357174618653  -265.849021443060906  1381.651350000000548  -857.778987089658813       689.051539999999818
design2.pdb  rebuilt_mutated_A_127_HIS  -8987.203233008123789   7383.407489999999598  -9766.120719047683451   6348.493249999996806  0.187227428781667  -236.721903157725819  1382.376399999999876  -837.806178919245667       668.614149999999995
design2.pdb  rebuilt_mutated_A_132_ILE  -8986.224189329643195   7381.341980000001058  -9714.443785545803621   6419.228969999997389  0.188067843728330  -300.009863314094048  1388.193070000000489  -889.083948116336614       688.603849999999852
design2.pdb  rebuilt_mutated_A_127_VAL  -8985.536057502149561   7360.761169999997946  -9700.634398592215803   6403.991809999996804  0.185792237842707  -227.155240591111749  1367.572290000000066  -792.598873557968886       709.591740000000073
design2.pdb  rebuilt_mutated_A_129_TYR  -8985.191455192501962   7394.189129999999750  -9738.163458430701212   6414.359039999997549  0.190476005581967  -262.843795042339480  1408.415610000000243  -878.093882862654596       669.735249999999837
design2.pdb  rebuilt_mutated_A_35_VAL   -8985.121501680223446   7380.707940000000235  -9704.954381986164663   6424.821439999999711  0.187354230954707  -286.396490773291021  1382.806860000000142  -861.987203876195167       685.549859999999853
design2.pdb  rebuilt_mutated_A_49_MET   -8984.983540652370721   7402.179869999999937  -9698.621762166887493   6447.332569999998668  0.186563240052690  -284.478359846729973  1380.974660000000313  -867.024370873413545       688.603849999999852
design2.pdb  rebuilt_mutated_A_127_THR  -8984.926518273485271   7361.285590000000411  -9699.435266733562457   6404.516229999996540  0.185924715631091  -215.261274488837444  1368.644930000000386  -780.540266707065030       710.664380000000051
design2.pdb  rebuilt_mutated_A_127_CYS  -8984.460762906348464   7354.589990000001308  -9701.414544021437905   6391.119369999995797  0.185981233741080  -260.150642699625621  1367.815719999999828  -836.140589096111853       668.134549999999990
design2.pdb  rebuilt_mutated_A_60_ASP   -8984.270168163189737   7342.096600000002582  -9678.375197428193133   6379.363999999998668  0.186493540550801  -281.679304424624888  1369.253590000000258  -870.721808576406488       691.012619999999970
design2.pdb  rebuilt_mutated_A_60_GLN   -8983.935890905762790   7355.751810000002479  -9688.028414080112270   6382.332309999998870  0.187733998599934  -250.996826298559199  1380.924700000000485  -865.658271670520207       686.680119999999988
design2.pdb  rebuilt_mutated_A_35_ALA   -8983.156411612582815   7360.230830000000424  -9665.889634789760748   6421.163689999998496  0.187153220030193  -319.648525780277623  1377.490900000000238  -895.600790429280210       690.437069999999949
design2.pdb  rebuilt_mutated_A_129_PHE  -8982.401357066773926   7386.166039999999157  -9729.271407931084468   6414.369929999998021  0.189595200326691  -270.240481299572821  1400.381630000000314  -877.403277884224508       669.735249999999837
design2.pdb  rebuilt_mutated_A_76_ALA   -8982.184564436400251   7355.359720000000380  -9697.914379599036693   6393.067839999996977  0.185664197535671  -277.852516680996473  1365.626960000000508  -822.658860677803091       638.414639999999963
design2.pdb  rebuilt_mutated_A_46_ILE   -8981.750615818154984   7334.808309999999437  -9691.747120544250720   6400.445319999998901  0.183943860967786  -340.707464022043041  1349.192960000000539  -871.672366737823154       659.484409999999912
design2.pdb  rebuilt_mutated_A_77_ALA   -8981.746075870232744   7332.981560000000172  -9700.612222683410437   6369.875059999997575  0.187680897427485  -329.153999523090420  1376.260560000000396  -885.537106598784476       688.604649999999879
design2.pdb  rebuilt_mutated_A_35_GLN   -8981.165749475223492   7405.975219999999354  -9678.243290353619159   6491.291399999997338  0.189052216407497  -302.135933864203366  1400.116030000000592  -866.924321215015084       782.392149999999901
design2.pdb  rebuilt_mutated_A_64_ASP   -8980.108234906158032   7376.221230000001924  -9692.288148965362780   6379.332019999998010  0.190059311710747  -244.288123040347415  1401.919530000000577  -865.727127321805938       686.919620000000009
design2.pdb  rebuilt_mutated_A_45_SER   -8979.049928585791349   7326.911249999999200  -9664.127064679449177   6428.668999999998050  0.185398766772288  -364.192232740624036  1358.400310000000445  -886.673595318739785       688.603849999999852
design2.pdb  rebuilt_mutated_A_132_GLN  -8978.210904299965478   7379.804090000000542  -9692.429333230955308   6421.865149999997811  0.187772434484775  -288.358584173020120  1385.723780000000488  -878.168165972425413       688.603849999999852
design2.pdb  rebuilt_mutated_A_126_PHE  -8977.939964050561684   7361.493159999999989  -9694.178311539164497   6406.645859999997811  0.187594368422941  -323.850988990727672  1380.974660000000313  -899.653659668075079       688.603849999999852
design2.pdb  rebuilt_mutated_A_62_GLN   -8977.433835684041696   7384.617200000000594  -9736.849220317777508   6415.349479999997129  0.188959703964073  -260.684473054117575  1395.395080000000689  -888.012037598922120       688.603849999999852
design2.pdb  rebuilt_mutated_A_100_VAL  -8976.287978046337230   7379.434899999997469  -9689.263796980325424   6426.012739999998303  0.187498821894885  -257.243925089791560  1383.635350000000017  -834.952684671735597       671.086759999999799
design2.pdb  rebuilt_mutated_A_50_TRP   -8975.506053026316295   7373.086930000002212  -9656.240182744675622   6453.010240000001431  0.186759858261972  -347.021615621473416  1376.996670000000449  -831.700845521890869       677.224659999999858
design2.pdb  rebuilt_mutated_A_127_ALA  -8975.137687107255260   7359.393500000000131  -9724.911804532674068   6386.872359999996661  0.187015978966202  -240.775538523370471  1376.324180000000069  -826.530435035677783       673.767260000000078
design2.pdb  rebuilt_mutated_A_79_GLN   -8975.035449760147458   7358.706620000001749  -9685.006672635485302   6425.362909999998010  0.185231580818206  -282.327163841769561  1363.064860000000408  -884.988437236642653       688.731049999999868
design2.pdb  rebuilt_mutated_A_84_LEU   -8974.231727481672351   7369.060790000001361  -9687.587199965862965   6433.736589999997705  0.186829020581332  -295.742204093971054  1376.754410000000235  -879.800504439026895       675.000349999999912
design2.pdb  rebuilt_mutated_A_126_GLN  -8973.613072471691339   7372.798530000002756  -9686.255477272954522   6417.951229999996940  0.187306713235252  -307.513065331735959  1380.974660000000313  -879.192419331788756       688.603849999999852
design2.pdb  rebuilt_mutated_A_132_SER  -8973.184092174089528   7372.413730000000214  -9680.239740533201257   6420.207669999997051  0.186958229757407  -312.952097268419209  1378.333420000000388  -877.793761040169215       688.603849999999852
design2.pdb  rebuilt_mutated_A_49_ILE   -8972.433371271548822   7398.176569999998719  -9688.355910606223915   6443.329269999995631  0.186719022847004  -269.801259969377270  1381.380300000000261  -848.461261921101823       688.756649999999809
design2.pdb  rebuilt_mutated_A_80_ARG   -8971.309240011465590   7399.673560000001089  -9739.436400313394188   6419.710559999997713  0.189320981343399  -249.671904537591217  1400.913460000000669  -887.037531813920850       688.603849999999852
design2.pdb  rebuilt_mutated_A_45_GLU   -8971.177019987362655   7350.245729999999639  -9673.806242765986099   6441.707279999997809  0.186210986717583  -338.296184909481326  1368.696510000000217  -886.510949898972399       688.603849999999852
design2.pdb  rebuilt_mutated_A_48_GLY   -8970.779797426916048   7346.225149999999303  -9716.481278869332527   6359.996539999997367  0.184496592784119  -305.394956033599442  1355.353510000000369  -862.586291738561044       651.469539999999938
design2.pdb  rebuilt_mutated_A_35_GLU   -8970.697854373420341   7401.244700000000194  -9664.243760291074068   6487.790399999998954  0.188736318905927  -257.414691762182542  1396.883680000000368  -857.316227893815608       741.057539999999904
design2.pdb  rebuilt_mutated_A_76_CYS   -8970.410669720220540   7371.542669999999816  -9694.771322657752535   6415.305169999996906  0.187251628565829  -279.497377374820985  1380.333370000000286  -870.294207302817881       686.563559999999711
design2.pdb  rebuilt_mutated_A_62_GLU   -8970.291399942378121   7359.041220000001886  -9665.605388462590781   6387.572219999998197  0.187482781894242  -253.488145408276182  1379.693520000000262  -864.484173601862267       686.919620000000009
design2.pdb  rebuilt_mutated_A_125_ASP  -8970.196134147745397   7383.726640000000771  -9738.882033899897579   6352.458379999997305  0.186570463285732  -255.648247070373202  1377.585299999999961  -836.799570986911817       689.348709999999983
design2.pdb  rebuilt_mutated_A_45_TRP   -8970.190485314684338   7374.617839999999887  -9653.476268103262555   6463.488499999998567  0.188153534204018  -357.454180586900861  1387.560410000000502  -886.853569018164649       688.603849999999852
design2.pdb  rebuilt_mutated_A_50_GLN   -8969.538124110698845   7377.183520000000499  -9695.280823889281237   6424.848619999997936  0.188191884644887  -284.535307489514253  1388.326070000000527  -867.178944015241427       669.955199999999763
design2.pdb  rebuilt_mutated_A_126_PRO  -8968.612489162700513   7347.551180000000386  -9676.875354798679837   6392.703879999997298  0.187950328778792  -319.445065004983178  1380.974660000000313  -891.577113195108268       688.603849999999852
design2.pdb  rebuilt_mutated_A_45_ALA   -8967.917684674397606   7325.901489999998375  -9653.897705044621034   6427.659239999999045  0.185424321068778  -364.517233716648889  1358.400310000000445  -886.576154050466698       688.603849999999852
design2.pdb  rebuilt_mutated_A_74_HIS   -8967.858086445212393   7365.867620000002717  -9686.938026423396877   6410.930019999997967  0.186265082510402  -230.168531155951797  1372.003940000000284  -794.390322306751045       684.024399999999901
design2.pdb  rebuilt_mutated_A_63_ILE   -8967.487386700773641   7327.166160000001582  -9671.228136736857778   6369.575139999997191  0.185421984479741  -322.314988130796451  1358.617690000000493  -865.519443981294671       670.064219999999864
design2.pdb  rebuilt_mutated_A_64_ASN   -8967.267072285460017   7378.342340000001968  -9691.473278634250164   6379.332019999998010  0.190292151719271  -231.164430490234651  1404.040640000000622  -865.104851834608439       686.919620000000009
design2.pdb  rebuilt_mutated_A_63_PHE   -8966.997768478857324   7337.088200000000143  -9701.326223131918596   6379.834199999997509  0.186235921220083  -277.862264035504609  1366.429380000000492  -873.989754199384720       661.860919999999851
design2.pdb  rebuilt_mutated_A_84_GLN   -8966.952889142645290   7377.001030000000355  -9691.587181451783181   6440.573249999996733  0.187395356782267  -288.432641364858796  1382.415740000000369  -868.549632675329576       688.131849999999758
design2.pdb  rebuilt_mutated_A_78_ASN   -8966.820543080899370   7367.674300000000585  -9690.381040073190889   6415.487099999996644  0.187153870251838  -301.118164373981244  1378.888760000000730  -883.171686448966625       689.178049999999871
design2.pdb  rebuilt_mutated_A_102_HIS  -8966.447689170468948   7385.772129999996650  -9694.977067740301209   6421.775749999997061  0.187573804825739  -260.750712030906470  1385.377379999999675  -821.998033107009633       674.878379999999879
design2.pdb  rebuilt_mutated_A_9_GLY    -8966.029044594630250   7361.342380000000048  -9671.278816437352361   6418.246779999999490  0.186682997347557  -298.742941310508741  1374.237460000000283  -855.466177946099947       676.086549999999875
design2.pdb  rebuilt_mutated_A_35_ILE   -8965.955446624222532   7397.752559999999903  -9689.716981172350643   6454.656959999998435  0.188279280592754  -270.742151645586091  1392.843530000000555  -859.582759878324509       697.726779999999849
design2.pdb  rebuilt_mutated_A_136_CYS  -8965.871464782507246   7370.237989999997808  -9730.970038315332204   6353.171649999996589  0.186458197396690  -281.487819951258416  1374.241290000000163  -868.624540317266337       687.375509999999963
design2.pdb  rebuilt_mutated_A_136_ALA  -8965.128664530364404   7360.487309999996796  -9730.440054755197707   6344.800069999996595  0.186705204712866  -260.354839003060988  1374.241290000000163  -855.194287142581061       687.375509999999963
design2.pdb  rebuilt_mutated_A_136_SER  -8964.953215218803962   7364.889649999998255  -9730.381193077935677   6344.692759999996269  0.186593602254448  -254.045793486210471  1374.241290000000163  -848.782820082290755       687.375509999999963
design2.pdb  rebuilt_mutated_A_64_HIS   -8963.742805538877292   7377.865010000002258  -9677.061788574123057   6407.921219999997447  0.190239765582266  -223.120164412494574  1403.563310000000456  -867.381612293304556       686.919620000000009
design2.pdb  rebuilt_mutated_A_134_LYS  -8963.699331236684884   7403.719270000001416  -9690.143101738185578   6438.468959999996514  0.190150156787347  -244.211853442914276  1407.818380000000161  -844.330121269999381       713.708380000000034
design2.pdb  rebuilt_mutated_A_126_ASP  -8963.209112410902890   7359.401120000000446  -9671.479113862744271   6404.553819999998268  0.187647695441827  -314.710268551962997  1380.974660000000313  -886.525465241561051       688.603849999999852
design2.pdb  rebuilt_mutated_A_84_THR   -8963.102801349014044   7359.561500000000706  -9673.307405550289332   6424.237299999997049  0.186825031627224  -276.180866220376288  1374.950310000000172  -872.109355448907309       677.383049999999798
design2.pdb  rebuilt_mutated_A_48_CYS   -8962.762044375020196   7354.634269999999560  -9701.204336683016663   6396.232529999997496  0.184300955049394  -286.783109446990466  1355.466120000000501  -878.874646144953545       686.721259999999916
design2.pdb  rebuilt_mutated_A_80_PHE   -8962.555933676187124   7416.887890000000880  -9733.829377248492165   6484.494009999997616  0.190742467862758  -246.504493449956072  1414.715500000000702  -885.107028106380767       688.603849999999852
design2.pdb  rebuilt_mutated_A_163_ALA  -8962.310569439143364   7362.854920000000675  -9715.577342013757516   6404.237269999997807  0.187490142750226  -287.139036919132593  1380.462720000000445  -885.611633147003317       688.603849999999852
design2.pdb  rebuilt_mutated_A_86_VAL   -8962.166661197525173   7356.461540000002060  -9673.805752996713636   6408.533689999998387  0.186527092208518  -241.541023681346189  1372.179380000000265  -822.095910237168027       682.097559999999930
design2.pdb  rebuilt_mutated_A_75_GLN   -8960.252315827796338   7388.178359999999884  -9667.855622846980623   6433.331059999995887  0.186916800422236  -321.072825135812877  1380.974660000000313  -879.282307372009200       688.603849999999852
design2.pdb  rebuilt_mutated_A_102_GLU  -8959.828103327319695   7382.514080000000831  -9679.155629679078629   6426.010159999996176  0.187969546005932  -301.439528918722601  1387.687820000000102  -865.150018207726134       679.060379999999782
design2.pdb  rebuilt_mutated_A_70_PHE   -8959.547153359524600   7306.395349999999780  -9590.872131012381942   6377.812059999996563  0.183099480101361  -302.877935176846790  1337.797190000000228  -814.663763308781881       652.851919999999950
design2.pdb  rebuilt_mutated_A_62_ASN   -8958.941370544082019   7349.137030000001687  -9655.439203996029391   6377.668029999997998  0.187735446266403  -250.287235111813743  1379.693520000000262  -863.534527458711409       686.919620000000009
design2.pdb  rebuilt_mutated_A_132_CYS  -8958.831628447182084   7372.413730000000214  -9663.420203987503555   6420.207669999997051  0.186958229757407  -312.065574023192994  1378.333420000000388  -875.769577340251203       688.603849999999852
design2.pdb  rebuilt_mutated_A_49_ASP   -8958.711846386640900   7385.826370000000679  -9670.868894779108814   6430.979069999998501  0.186976323409022  -278.582659371857176  1380.974660000000313  -857.712210820014548       688.603849999999852
design2.pdb  rebuilt_mutated_A_45_GLY   -8958.398311807610298   7314.373729999999341  -9641.746773029386532   6416.131479999998191  0.185716557581479  -366.157085068106653  1358.400310000000445  -886.643844417612513       688.603849999999852
design2.pdb  rebuilt_mutated_A_71_VAL   -8958.309295862642102   7380.137439999999515  -9676.205440765661479   6425.290139999996427  0.187104982966279  -281.546245658347061  1380.860490000000482  -869.907400670957600       688.720549999999776
design2.pdb  rebuilt_mutated_A_126_TYR  -8957.597599035125313   7365.929139999999279  -9669.597839532158105   6411.081839999998010  0.187481393555736  -325.578548903953845  1380.974660000000313  -901.039351309594849       688.603849999999852
design2.pdb  rebuilt_mutated_A_75_CYS   -8957.181955872762046   7371.384809999999561  -9671.330938075399899   6416.537509999996473  0.187342635826931  -296.173337244339450  1380.974660000000313  -872.527051823954821       688.603849999999852
design2.pdb  rebuilt_mutated_A_46_LEU   -8957.038998203368465   7349.443209999999453  -9685.326125450508698   6404.267749999997250  0.185780121158321  -298.936118199068233  1365.380450000000565  -878.721989358232122       689.426469999999881
design2.pdb  rebuilt_mutated_A_62_ASP   -8956.978478833816553   7349.137030000001687  -9653.155487664871544   6377.668029999997998  0.187735446266403  -251.547761400000468  1379.693520000000262  -864.179386098571626       686.919620000000009
design2.pdb  rebuilt_mutated_A_126_VAL  -8956.557225689595725   7359.882130000000870  -9668.806373861252723   6405.034829999997783  0.187635431601674  -313.385558789052425  1380.974660000000313  -886.264829708756679       688.603849999999852
design2.pdb  rebuilt_mutated_A_163_GLU  -8955.942317908629775   7393.203610000000481  -9708.858972905549308   6452.985659999996642  0.186967846811404  -268.588754997301180  1382.291360000000168  -883.585755903355903       688.603849999999852
design2.pdb  rebuilt_mutated_A_46_MET   -8955.326718864189388   7368.947140000000218  -9674.807984028406281   6419.862639999997555  0.186507686089875  -289.062020877259215  1374.365280000000439  -871.381972772272093       688.161579999999844
design2.pdb  rebuilt_mutated_A_70_HIS   -8955.314108610005860   7305.312710000001061  -9600.177538365982400   6358.605219999996734  0.183106506607025  -304.619675403937208  1337.650290000000268  -809.752300623375504       653.373820000000023
design2.pdb  rebuilt_mutated_A_35_LYS   -8954.604726002989992   7428.534580000000460  -9673.437217033475463   6499.104379999997946  0.191279893052608  -240.382628844323165  1420.929300000000239  -848.315522753763162       718.910699999999792
design2.pdb  rebuilt_mutated_A_64_GLN   -8954.559502460480871   7395.655120000001261  -9678.577988515053221   6410.867719999997462  0.192187628673523  -216.949653319585451  1421.353420000000369  -868.308247040459719       686.919620000000009
design2.pdb  rebuilt_mutated_A_62_SER   -8954.186496574362536   7351.626400000001922  -9650.377704093585635   6380.157399999997324  0.187671876253124  -250.701217510593324  1379.693520000000262  -863.394718183921782       686.919620000000009
design2.pdb  rebuilt_mutated_A_63_ALA   -8953.328510341703804   7301.005610000000161  -9749.213619129357539   6108.239189999997507  0.185286474529911  -276.060494175006966  1352.777590000000600  -881.842255763470689       686.655149999999935
design2.pdb  rebuilt_mutated_A_132_MET  -8952.966422890427566   7388.449330000000373  -9678.690269012497083   6423.816669999997430  0.188722864260341  -285.661616616156493  1394.369320000000471  -894.811878296424425       700.546549999999797
design2.pdb  rebuilt_mutated_A_84_VAL   -8952.807321406560732   7362.902240000000347  -9666.674464369545603   6427.578039999997600  0.186732625965166  -270.319244886617639  1374.894070000000283  -869.333291529265011       677.328349999999773
design2.pdb  rebuilt_mutated_A_164_VAL  -8952.643032989668427   7366.635330000000067  -9710.975434638734441   6417.752429999996821  0.187277976742199  -286.248010661388264  1379.608560000000352  -887.577030029155480       688.603849999999852
design2.pdb  rebuilt_mutated_A_136_LEU  -8952.490991447433771   7348.902770000001510  -9625.849802579235984   6338.771349999996346  0.184791052828149  -276.956589519477461  1358.011480000000120  -849.138345750191093       687.375509999999963
design2.pdb  rebuilt_mutated_A_48_ARG   -8951.783816582246800   7399.306419999998980  -9657.173306693770428   6461.580609999997250  0.187829822298399  -344.095695579969970  1389.810410000000502  -912.062569855912784       695.518059999999878
design2.pdb  rebuilt_mutated_A_35_LEU   -8951.747670382434080   7402.390699999999924  -9692.485058270000081   6444.658999999996922  0.188163215972915  -246.161032866276997  1392.857640000000629  -851.208914045200800       738.901089999999840
design2.pdb  rebuilt_mutated_A_164_GLN  -8951.269446973181402   7377.337470000000394  -9722.605756353215838   6420.834369999997762  0.187273059639496  -272.513864302307354  1381.576560000000200  -886.622354313371943       688.603849999999852
design2.pdb  rebuilt_mutated_A_164_PHE  -8951.256046480533769   7381.350730000000112  -9716.169525327664815   6415.930529999996907  0.188266228070157  -275.889580651220570  1389.659060000000409  -887.577030029155480       688.603849999999852
design2.pdb  rebuilt_mutated_A_31_LEU   -8951.229733747784849   7363.993349999999737  -9672.032824840287503   6399.143959999997605  0.186383537405014  -300.349167389860554  1372.527130000000398  -861.429507671160650       693.610619999999926
design2.pdb  rebuilt_mutated_A_35_PRO   -8949.570042300851128   7360.956870000000890  -9628.107585460331393   6423.060159999999087  0.187077656386268  -333.667750409246537  1377.070560000000114  -902.239834369950700       762.388630000000035
design2.pdb  rebuilt_mutated_A_63_CYS   -8949.114891278904906   7309.681459999999788  -9673.269804273961199   6347.184009999997215  0.184933050420504  -309.708553265666069  1351.801690000000463  -878.414605732052564       684.179049999999847
design2.pdb  rebuilt_mutated_A_70_TRP   -8948.084046990130446   7313.707260000001042  -9570.162017497628767   6388.028949999996257  0.182918339829751  -295.041934367994827  1337.811190000000352  -810.813401966019910       652.981419999999957
design2.pdb  rebuilt_mutated_A_134_ASN  -8948.055528658727781   7340.524110000000292  -9648.321928087303604   6405.246359999997367  0.183438986075342  -233.622650016692177  1346.538300000000163  -789.460744575901799       778.494770000000017
design2.pdb  rebuilt_mutated_A_35_SER   -8948.038325949764840   7366.841110000001208  -9635.174452761537395   6435.974109999997381  0.187350886138496  -288.478965314428365  1380.184210000000348  -880.028393089415090       690.502889999999979
design2.pdb  rebuilt_mutated_A_50_THR   -8947.655418187259784   7332.974750000000313  -9671.393196259283286   6378.127449999999953  0.184863841239873  -263.256667661707638  1355.601880000000619  -799.176334769627260       687.072230000000104
design2.pdb  rebuilt_mutated_A_164_TYR  -8947.626767362309693   7382.351630000000114  -9715.933157003019005   6415.928129999996600  0.188370729233335  -273.295831642846963  1390.618960000000470  -887.577030029155480       688.603849999999852
design2.pdb  rebuilt_mutated_A_75_TRP   -8947.523004368918919   7384.198710000001483  -9652.670830689214199   6401.072409999997944  0.187858387142455  -235.738604184008921  1387.183660000000600  -831.061691231157056       709.605689999999981
design2.pdb  rebuilt_mutated_A_134_LEU  -8947.324024531302712   7382.663779999998951  -9684.844031915243249   6344.513109999995322  0.186144710222738  -236.067252594211425  1374.243810000000394  -820.367146181830549       685.270319999999856
design2.pdb  rebuilt_mutated_A_64_CYS   -8946.964874715218684   7370.889610000001994  -9666.049293273401418   6379.332019999998010  0.189473453530666  -220.811983220628150  1396.587910000000647  -859.529255235572919       686.919620000000009
design2.pdb  rebuilt_mutated_A_136_GLU  -8946.231099970627838   7391.581569999996645  -9743.942501656792956   6368.813819999996667  0.187151462362878  -235.836888904823809  1383.345300000000179  -861.648130930234856       687.344209999999975
design2.pdb  rebuilt_mutated_A_78_GLU   -8946.162977331339789   7374.588350000000901  -9674.882554807038105   6425.489549999996598  0.186770704292939  -296.474675991455911  1377.357060000000274  -878.891285226083482       690.734749999999849
design2.pdb  rebuilt_mutated_A_126_CYS  -8945.192592991361380   7356.315080000002126  -9656.640324738011259   6401.467779999997219  0.187726415329127  -318.727683100222180  1380.974660000000313  -891.392055728050650       688.603849999999852
design2.pdb  rebuilt_mutated_A_48_LEU   -8944.737325600197437   7374.301699999999073  -9661.043758990839706   6434.091609999999491  0.187722550055146  -323.050968366164739  1384.322720000000572  -888.711567589916513       700.598009999999931
design2.pdb  rebuilt_mutated_A_78_HIS   -8943.945909233552811   7371.537379999999757  -9679.793807255893626   6437.518079999996189  0.187216829930801  -301.711788954593203  1380.075860000000375  -884.610040519045924       689.172749999999724
design2.pdb  rebuilt_mutated_A_78_ASP   -8943.790371967163082   7365.018280000001141  -9669.752000285474423   6413.053779999997460  0.187245979245553  -295.530154147003941  1379.070060000000467  -877.485482441376462       689.582049999999867
design2.pdb  rebuilt_mutated_A_31_GLU   -8943.619667220933479   7359.523500000000240  -9662.110654991944102   6394.674109999998109  0.186496738545641  -310.209049699810180  1372.527130000000398  -866.215268708817916       693.610619999999926
design2.pdb  rebuilt_mutated_A_164_HIS  -8943.511162735330799   7375.007729999999356  -9708.386344692891726   6416.766629999996439  0.187913994227095  -276.522955277296035  1385.867160000000240  -886.603779860521286       688.603849999999852
design2.pdb  rebuilt_mutated_A_88_LEU   -8943.510813076047270   7390.399779999999737  -9664.655982523008788   6435.552479999996649  0.188181535694947  -232.406654544491687  1390.736779999999953  -813.762951375798366       698.365969999999834
design2.pdb  rebuilt_mutated_A_63_GLN   -8942.865308916752838   7341.850070000001324  -9667.249918162067843   6184.454149999998663  0.186411462635602  -283.655973910467310  1368.605010000000220  -876.756618714915930       686.994019999999978
design2.pdb  rebuilt_mutated_A_44_GLN   -8942.371521950261013   7382.503410000000258  -9661.547101813292102   6427.656109999998989  0.187060483863698  -311.405335910329086  1380.974660000000313  -883.154662141010363       688.603849999999852
design2.pdb  rebuilt_mutated_A_134_THR  -8941.531170706493867   7335.152340000002368  -9657.734521587817653   6392.793229999997493  0.183607638611088  -233.235914643505595  1346.790000000000191  -810.726229898302677       680.779780000000073
design2.pdb  rebuilt_mutated_A_134_TYR  -8941.171420215723629   7384.712669999998980  -9693.805910321494594   6363.388059999997495  0.185460335588114  -186.168508975860533  1369.571289999999863  -754.837678536317867       713.882190000000037
design2.pdb  rebuilt_mutated_A_48_LYS   -8940.913916783194509   7381.901659999999538  -9648.683170524642264   6444.175849999996899  0.187107361167420  -322.506590533560029  1381.208140000000185  -875.853142092802045       710.988739999999893
design2.pdb  rebuilt_mutated_A_75_ASP   -8940.787300440884792   7374.297719999999572  -9652.068892970903107   6419.450419999996484  0.187268633900504  -314.816324956343237  1380.974660000000313  -877.732803539013162       688.603849999999852
design2.pdb  rebuilt_mutated_A_127_TYR  -8940.221857350248683   7356.177190000000337  -9693.896168106575715   6407.800109999996494  0.183397047835385  -205.786476478951357  1349.101179999999431  -778.547886957185710       801.199250000000006
design2.pdb  rebuilt_mutated_A_48_VAL   -8940.074811041284192   7359.523269999999684  -9682.115874849287138   6403.495229999997719  0.185020243845224  -259.826329725451387  1361.660790000000361  -867.988122702466285       690.198199999999929
design2.pdb  rebuilt_mutated_A_104_GLY  -8939.884334902202681   7350.039110000000619  -9656.472473094348970   6384.688640000000305  0.187249213154187  -307.814636405389649  1376.289040000000114  -860.095917656699157       691.971529999999916
design2.pdb  rebuilt_mutated_A_62_GLY   -8939.657603209250738   7348.971080000001166  -9635.952109966097851   6377.502079999997477  0.187739685594191  -248.494116522144623  1379.693520000000262  -863.480691437422138       686.919620000000009
design2.pdb  rebuilt_mutated_A_60_THR   -8939.324519916028294   7364.861510000000635  -9671.755524052399778   6400.701819999998406  0.186356799531998  -298.157670702578116  1372.492020000000139  -886.353415668998196       692.249349999999708
design2.pdb  rebuilt_mutated_A_63_GLU   -8938.369952709104837   7340.499260000002323  -9650.909323141106142   6183.278739999999743  0.186632926654637  -297.358084348095758  1369.978860000000168  -881.241264296500731       687.089319999999930
design2.pdb  rebuilt_mutated_A_126_ILE  -8938.047926059667589   7366.628060000000914  -9657.010286958578945   6411.780759999997827  0.187463605974427  -300.075473852539801  1380.974660000000313  -873.854494809392349       688.603849999999852
design2.pdb  rebuilt_mutated_A_136_GLY  -8937.789272030815482   7347.391569999997955  -9695.213068611232302   6334.491239999995742  0.187037981698313  -255.486469610252101  1374.241290000000163  -851.793024949813002       687.375509999999963
design2.pdb  rebuilt_mutated_A_100_ILE  -8937.607049391266628   7389.149110000000292  -9642.252115286848493   6437.823309999997946  0.187529896794842  -266.705948643919555  1385.686370000000124  -850.727160733957021       698.821839999999952
design2.pdb  rebuilt_mutated_A_44_VAL   -8936.802128692499537   7368.333539999998720  -9662.294625857297433   6413.486239999998361  0.187420215507780  -306.389140968291031  1380.974660000000313  -885.207989580189633       688.603849999999852
design2.pdb  rebuilt_mutated_A_100_LEU  -8936.673793963938806   7405.755740000001424  -9638.912743919632703   6462.641029999997954  0.186748322325845  -261.952613127993345  1383.012459999999919  -834.312343053529275       721.338219999999978
design2.pdb  rebuilt_mutated_A_164_TRP  -8936.196314411401545   7387.115360000000692  -9718.409033479569189   6417.451329999997142  0.189060143498287  -265.228633279181850  1396.609090000000378  -887.577030029155480       688.603849999999852
design2.pdb  rebuilt_mutated_A_126_SER  -8935.959046712503550   7351.148550000000796  -9646.903421128226910   6396.301249999998618  0.187858353100483  -315.542723131447190  1380.974660000000313  -887.640821881144120       688.603849999999852
design2.pdb  rebuilt_mutated_A_79_ARG   -8933.933783124835827   7383.036560000001373  -9681.902324437944117   6409.964859999998225  0.186615635559036  -281.483738868220939  1377.790060000000722  -885.033831195506195       688.603849999999852
design2.pdb  rebuilt_mutated_A_31_THR   -8933.888665454098373   7341.083129999999983  -9654.130060820054496   6376.233739999997852  0.186965207408025  -299.870344704883109  1372.527130000000398  -863.491877225369649       693.610619999999926
design2.pdb  rebuilt_mutated_A_163_TYR  -8933.516115589360197   7372.808700000000499  -9681.906019042313346   6424.931279999997969  0.187624705358217  -289.289766484609402  1383.321060000000443  -883.548551926194023       688.603849999999852
design2.pdb  rebuilt_mutated_A_45_MET   -8933.081072253447928   7359.351940000000468  -9650.229537771516334   6441.124989999997524  0.187297063822715  -327.322987707156017  1378.385010000000420  -886.319762136984423       688.603849999999852
design2.pdb  rebuilt_mutated_A_88_ASN   -8932.816926519446497   7371.684189999999944  -9647.263957197927084   6416.836889999997766  0.187304851159122  -266.242751366931202  1380.752210000000105  -835.080783996317336       692.862969999999905
design2.pdb  rebuilt_mutated_A_31_MET   -8932.810936328120079   7370.104790000000321  -9644.317871228418880   6415.543419999997241  0.186884193542111  -301.925062187084222  1377.356090000000222  -877.017593135831930       687.912349999999833
design2.pdb  rebuilt_mutated_A_123_ASP  -8931.153031935356921   7343.421449999998003  -9661.103864741411599   6444.105929999996079  0.186483717341322  -340.963717643957750  1369.428530000000364  -885.022493470666291       694.939759999999865
design2.pdb  rebuilt_mutated_A_60_VAL   -8930.499479897536730   7363.976480000001175  -9660.945852989125342   6400.584109999997963  0.186446676429363  -289.975113190355273  1372.988940000000184  -880.772088808372700       692.192549999999756
design2.pdb  rebuilt_mutated_A_132_VAL  -8929.799741415446988   7381.304840000000695  -9660.644687937956405   6419.318869999997332  0.188057675450239  -285.327993510021713  1388.111030000000483  -878.784763812542678       688.603849999999852
design2.pdb  rebuilt_mutated_A_127_ASP  -8929.345997276073831   7371.751390000002175  -9674.504421555564477   6393.697299999997085  0.187650046348077  -248.172743944976759  1383.309489999999869  -845.318466320955167       669.044849999999997
design2.pdb  rebuilt_mutated_A_78_MET   -8928.696943415503483   7378.890110000000277  -9663.555661290187345   6404.582689999996546  0.186672228406448  -271.638016873382753  1377.433860000000550  -872.534787644540756       690.652249999999867
design2.pdb  rebuilt_mutated_A_49_GLU   -8927.903980506254811   7397.605279999998857  -9638.442884700061768   6442.757979999998497  0.186678608513159  -274.536539520255246  1380.974660000000313  -855.635273642370294       688.603849999999852
design2.pdb  rebuilt_mutated_A_90_ILE   -8927.870838741191619   7370.905490000002828  -9620.010153730790989   6427.944509999998445  0.185761459274931  -266.142867584646069  1369.230160000000069  -821.566841850714127       683.793849999999793
design2.pdb  rebuilt_mutated_A_84_TRP   -8927.761898747716259   7373.699939999997696  -9743.273465280497476   6468.665139999997336  0.186836097374475  -306.635792343648461  1377.673320000000103  -879.285022991045139       672.953119999999899
design2.pdb  rebuilt_mutated_A_125_SER  -8927.360672345541388   7378.805359999999382  -9696.935117137136331   6348.490779999995539  0.186791675990217  -225.037888325969732  1378.299419999999827  -813.942990789778150       689.822459999999865
design2.pdb  rebuilt_mutated_A_86_GLN   -8925.910450143013804   7363.545800000001691  -9633.513832658185493   6430.829449999998360  0.186474217353276  -252.469516609481957  1373.111440000000130  -815.979424437581656       684.039179999999988
design2.pdb  rebuilt_mutated_A_125_ASN  -8925.794620841486903   7385.719740000003185  -9682.455002014596175   6333.530419999996411  0.186701267925447  -236.935382093006979  1378.923240000000078  -800.863400634275990       673.440549999999917
design2.pdb  rebuilt_mutated_A_100_PRO  -8925.193597490493630   7359.228179999998247  -9617.955536592011413   6410.433699999998680  0.185384080589821  -204.703812730803833  1364.283749999999827  -775.553873422088259       682.208100000000059
design2.pdb  rebuilt_mutated_A_64_TYR   -8925.089016825360886   7392.694680000000517  -9678.261189151015060   6379.332019999998010  0.191864136339525  -192.011421474329723  1418.392980000000534  -861.295788823615567       686.919620000000009
design2.pdb  rebuilt_mutated_A_62_LYS   -8925.021160670043173   7356.065750000002481  -9620.929361385247830   6384.596749999997883  0.187558617186096  -252.407401911735747  1379.693520000000262  -863.940765846468366       686.919620000000009
design2.pdb  rebuilt_mutated_A_86_ASN   -8924.094562827665868   7364.412989999999809  -9626.551871074118026   6411.872839999998178  0.187470364830802  -266.332079784275720  1380.609189999999899  -836.743783985272671       686.123129999999946
design2.pdb  rebuilt_mutated_A_77_THR   -8923.737736683387993   7353.303850000001148  -9665.919814321134254   6386.207849999998871  0.187801318722876  -305.832689933510551  1380.960160000000542  -878.887753195499613       688.617049999999836
design2.pdb  rebuilt_mutated_A_31_VAL   -8923.606857528071487   7342.513060000000223  -9642.108499978367036   6377.663669999997182  0.186928796555658  -291.140613560582779  1372.527130000000398  -856.452244245554766       693.610619999999926
design2.pdb  rebuilt_mutated_A_134_ILE  -8922.677551795350155   7357.432649999999740  -9655.420130486636481   6428.098229999997784  0.185257659137389  -232.840409110765279  1363.020749999999907  -811.389940394434234       682.729919999999993
design2.pdb  rebuilt_mutated_A_73_TYR   -8922.177764399959415   7361.411509999999907  -9643.757379073800621   6393.615909999998621  0.186885521632794  -221.879215273716142  1375.741230000000314  -864.112707726157169       674.777919999999881
design2.pdb  rebuilt_mutated_A_50_ASN   -8921.684628361343130   7337.748620000003029  -9648.752890573583500   6380.935259999999289  0.184030891480717  -325.087289663410843  1350.372420000000602  -842.547620026234199       659.751119999999901
design2.pdb  rebuilt_mutated_A_50_SER   -8920.381197863609486   7333.280500000001666  -9645.484105978919615   6378.433199999998578  0.184974615385297  -273.641272849641382  1356.470740000000660  -816.923409453945283       656.927220000000034
design2.pdb  rebuilt_mutated_A_78_GLN   -8920.221032836390805   7376.157250000000204  -9656.044486686718301   6427.316949999996723  0.186715197808452  -290.182936685185723  1377.240660000000389  -876.335738689125947       690.876849999999877
design2.pdb  rebuilt_mutated_A_63_LEU   -8918.220285591458378   7322.876380000000609  -9647.208846473185986   6173.081339999996999  0.184997820487583  -304.757330338998031  1354.716170000000602  -861.917641689807965       679.216529999999921
design2.pdb  rebuilt_mutated_A_71_ILE   -8918.110192448215457   7386.851969999998801  -9634.209467367778416   6432.004669999998441  0.186935263574803  -276.911252560827052  1380.863120000000436  -863.563235132496629       688.718649999999798
design2.pdb  rebuilt_mutated_A_136_MET  -8918.107152269436483   7394.240329999995993  -9703.943175242018697   6373.086289999995643  0.186000465040335  -251.636713423285670  1375.332140000000209  -853.931302538202317       687.375509999999963
design2.pdb  rebuilt_mutated_A_164_MET  -8917.629726616469270   7375.353070000000116  -9702.339728122431552   6420.517869999997856  0.187136445794588  -268.502029330183348  1380.197360000000344  -886.622354313371943       688.603849999999852
design2.pdb  rebuilt_mutated_A_84_ILE   -8917.027403716096160   7375.612250000000131  -9636.499391583574834   6440.288049999997384  0.186886890644231  -257.975180366370068  1378.405240000000504  -861.918435630402087       690.570649999999773
design2.pdb  rebuilt_mutated_A_31_ASN   -8917.012668936507907   7344.086820000000444  -9606.591712369772722   6237.709019999996599  0.186888739694937  -294.620298252769544  1372.527130000000398  -858.524930627170306       693.610619999999926
design2.pdb  rebuilt_mutated_A_64_PHE   -8916.471820260148888   7392.907400000000962  -9672.195429565410450   6379.332019999998010  0.191887389256357  -183.460962640527441  1418.605700000000525  -860.433164832222587       686.919620000000009
design2.pdb  rebuilt_mutated_A_164_GLY  -8916.231091140192802   7339.972960000000967  -9663.964574656030891   6409.187159999996766  0.187180902094222  -271.223810100197170  1373.902760000000171  -885.220426988071722       688.603849999999852
design2.pdb  rebuilt_mutated_A_164_ILE  -8915.407696773112548   7369.393629999999575  -9682.450354174839958   6417.438529999996717  0.187197662285818  -281.242379559600238  1379.533260000000155  -887.577030029155480       688.603849999999852
design2.pdb  rebuilt_mutated_A_46_TRP   -8914.959852646503350   7354.962110000000393  -9640.931615457515363   6399.141709999998056  0.186780285126445  -323.008870801875446  1373.761920000000373  -881.387312711317577       775.055769999999939
design2.pdb  rebuilt_mutated_A_77_ASP   -8913.220658667269163   7355.946860000001834  -9658.108918057851042   6384.051579999998467  0.187986861014382  -300.216896237830952  1382.821360000000368  -881.856942013030562       688.603849999999852
design2.pdb  rebuilt_mutated_A_73_ALA   -8912.891290267676595   7344.649950000000899  -9633.683146370769464   6379.532549999999901  0.187256797718454  -213.693532816396470  1375.335630000000492  -867.797335404750697       674.777919999999881
design2.pdb  rebuilt_mutated_A_50_PHE   -8912.665730135166086   7335.476730000001226  -9613.193712171852894   6383.141830000000482  0.184993393060631  -313.558578610531754  1357.014730000000554  -822.766505150314856       654.316429999999741
design2.pdb  rebuilt_mutated_A_163_ASN  -8912.132380815810393   7351.613929999999527  -9666.040159872232834   6411.430089999996198  0.187874590960736  -271.896972278204430  1381.181460000000243  -883.759952111304415       688.603849999999852
design2.pdb  rebuilt_mutated_A_75_ALA   -8912.062303386082931   7365.017790000000787  -9625.268884951228756   6410.170489999997699  0.187504592572070  -282.508702222952820  1380.974660000000313  -856.991607117170588       688.603849999999852
design2.pdb  rebuilt_mutated_A_134_TRP  -8911.572101050143829   7419.682110000000648  -9612.196802742026193   6501.936289999997825  0.190982911261140  -268.783809889992142  1417.032490000000280  -845.878413201794501       723.757279999999923
design2.pdb  rebuilt_mutated_A_125_LEU  -8910.838705520933217   7389.852999999999156  -9626.847378118825873   6453.340839999996206  0.186670725385200  -271.112220239673547  1379.469219999999268  -829.419328858172435       668.976710000000026
design2.pdb  rebuilt_mutated_A_64_GLU   -8909.728385535634516   7394.247530000001461  -9621.984982664112977   6419.523139999997511  0.192033851211903  -192.733477729081869  1419.945830000000569  -866.073607875580819       688.244789999999966
design2.pdb  rebuilt_mutated_A_77_LYS   -8909.434889028510952   7389.775960000001760  -9700.349340183642198   6457.069919999996273  0.188614337910185  -270.055248302016707  1393.817700000000514  -854.279592799476973       712.730749999999830
design2.pdb  rebuilt_mutated_A_100_SER  -8909.081589042789346   7357.581790000000183  -9614.507513890019254   6406.246509999997215  0.185269065150277  -218.628771952273240  1363.132300000000214  -799.899590071094053       678.211779999999862
design2.pdb  rebuilt_mutated_A_45_TYR   -8907.834778172382357   7367.512519999999313  -9655.525845008944088   6404.878869999998642  0.188782089779197  -333.272030660836435  1390.854410000000371  -887.099179830446815       688.603849999999852
design2.pdb  rebuilt_mutated_A_164_CYS  -8906.705567884700940   7346.506660000000011  -9661.891515853507372   6409.405159999997522  0.187874118118611  -267.665243299325198  1380.218460000000277  -885.220426988071722       688.603849999999852
design2.pdb  rebuilt_mutated_A_52_PHE   -8905.716958472763508   7369.659940000001370  -9617.399292319701999   6414.819479999998293  0.186677187441569  -244.511245569639556  1375.747390000000451  -838.491986791000954       683.499439999999822
design2.pdb  rebuilt_mutated_A_45_PHE   -8905.634161969170236   7363.141119999999319  -9639.921489922018736   6404.898969999998371  0.188286138674468  -345.850243055980968  1386.377410000000509  -886.864080676982439       688.603849999999852
design2.pdb  rebuilt_mutated_A_104_CYS  -8905.512367815570542   7394.889619999999013  -9683.719544597346612   6441.740639999996347  0.187754394094661  -256.823165157383130  1388.423020000000179  -879.103596222551346       690.521249999999782
design2.pdb  rebuilt_mutated_A_79_LYS   -8904.920422967454215   7362.056380000000900  -9631.961426741630930   6423.056509999997616  0.185147299836354  -276.812734958488932  1363.064860000000408  -884.712294486629730       688.731049999999868
design2.pdb  rebuilt_mutated_A_35_ARG   -8902.316247859360374   7449.008570000000873  -9648.971786151751076   6312.634929999999258  0.192493566966053  -223.425363367427877  1433.886230000000523  -866.619752184321669       715.752789999999891
design2.pdb  rebuilt_mutated_A_77_SER   -8900.488310202130378   7340.569780000000719  -9640.106972715468146   6372.084219999998822  0.187807513764960  -306.517779700718734  1378.614160000000538  -878.494556674202954       688.603849999999852
design2.pdb  rebuilt_mutated_A_75_GLU   -8900.229233810747246   7385.966059999998834  -9612.936861987034717   6431.118759999995746  0.186972787145464  -301.326741205812141  1380.974660000000313  -870.222676989350248       688.603849999999852
design2.pdb  rebuilt_mutated_A_64_MET   -8898.825848349559237   7398.966270000000804  -9639.228118000184622   6412.111799999997857  0.192549137002621  -179.864473074654768  1424.664570000000367  -860.165012565719167       687.926100000000019
design2.pdb  rebuilt_mutated_A_84_ALA   -8898.752543314405557   7347.893310000000383  -9629.220085119350188   6398.623469999997724  0.186945093246053  -292.486011200912003  1373.652600000000575  -879.382473058224605       678.424449999999979
design2.pdb  rebuilt_mutated_A_76_GLY   -8898.715196507286237   7339.577910000000884  -9618.377955769330583   6380.046009999997295  0.184458276293439  -256.413673602384392  1353.845890000000281  -818.011363005355975       753.410589999999956
design2.pdb  rebuilt_mutated_A_164_LEU  -8897.845853763623381   7369.426930000000539  -9680.823356270586373   6419.995229999996809  0.187206450800646  -269.862027674143349  1379.604260000000068  -887.577030029155480       688.603849999999852
design2.pdb  rebuilt_mutated_A_44_THR   -8897.173229629332127   7367.154370000001109  -9620.918716374486394   6412.307069999998930  0.187450213561902  -316.161558404133643  1380.974660000000313  -886.581569631149932       688.603849999999852
design2.pdb  rebuilt_mutated_A_100_TYR  -8896.671346239496415   7430.108010000001741  -9638.319615568529116   6431.015570000001389  0.186312364253235  -160.622628925892769  1384.320989999999711  -822.862288109527753       650.732389999999782
design2.pdb  rebuilt_mutated_A_60_CYS   -8896.501870416628662   7364.075690000000577  -9618.936222717862620   6399.948319999997693  0.186493880265916  -297.949308973641791  1373.355050000000119  -880.707157398614640       691.750749999999812
design2.pdb  rebuilt_mutated_A_75_PRO   -8896.429056529414083   7368.693740000000616  -9618.612703023369249   6409.055039999996552  0.187715829807306  -288.777496755422135  1383.220460000000458  -858.272957943603160       686.536649999999668
design2.pdb  rebuilt_mutated_A_89_THR   -8896.403393264985425   7367.660049999998591  -9607.816267036641875   6412.812749999997322  0.187437347899894  -323.150830767229536  1380.974660000000313  -890.953911786805406       688.603849999999852
design2.pdb  rebuilt_mutated_A_102_GLN  -8896.185621737309702   7383.626890000000458  -9614.692812879899066   6428.890559999997095  0.187833200493694  -268.248208220568927  1386.890270000000328  -850.446135690887445       699.561169999999720
design2.pdb  rebuilt_mutated_A_60_GLY   -8895.242694747257701   7309.993879999999990  -9612.590448870363616   6217.371859999997469  0.185963574295086  -279.298467617148390  1359.392590000000382  -849.011495954426209       674.328220000000101
design2.pdb  rebuilt_mutated_A_123_ILE  -8895.008121338451019   7368.860229999999319  -9615.253088611243584   6424.447669999995924  0.185196424875058  -276.058056584359974  1364.686570000000074  -818.087528458024167       792.137659999999983
design2.pdb  rebuilt_mutated_A_164_LYS  -8894.381198508533998   7378.527970000000096  -9696.789953596880878   6420.236069999997198  0.187339150250589  -261.225679541031127  1382.287160000000313  -886.622354313371943       688.603849999999852
design2.pdb  rebuilt_mutated_A_163_GLN  -8894.336069450560899   7396.206069999999272  -9660.551876300560252   6454.822459999996681  0.186938417739353  -253.034023798263377  1382.635060000000522  -880.332649372410515       688.603849999999852
design2.pdb  rebuilt_mutated_A_88_GLN   -8894.329463072570434   7390.661769999996977  -9609.975340539212993   6437.353089999996882  0.187696209510072  -184.425548454236718  1387.199200000000246  -740.632585070516711       677.278989999999794
design2.pdb  rebuilt_mutated_A_50_PRO   -8892.412128403426323   7338.963720000001558  -9616.996963991212397   6384.116419999998470  0.185248483555659  -248.038390855736594  1359.531900000000633  -811.916175875540944       678.719109999999887
design2.pdb  rebuilt_mutated_A_164_PRO  -8892.174299186106509   7343.183739999999489  -9660.360053956437696   6401.741119999996954  0.187729901471865  -268.903768889175296  1378.535160000000133  -881.762788005195944       688.603849999999852
design2.pdb  rebuilt_mutated_A_48_ASP   -8891.730127881299268   7351.408449999998993  -9656.014691336857140   6388.648959999996805  0.185636819023435  -300.134818595622733  1364.692080000000260  -882.392716298778282       771.714069999999879
design2.pdb  rebuilt_mutated_A_78_VAL   -8891.493204345502818   7359.780849999999191  -9635.009317433334218   6375.255849999996826  0.186711070343895  -258.232399372697614  1374.152560000000449  -863.282395946816791       690.600849999999809
design2.pdb  rebuilt_mutated_A_73_THR   -8889.702742016064803   7345.473430000000917  -9603.942744817495623   6380.273329999998168  0.187247063529301  -218.146945291884464  1375.418330000000424  -866.793835817590889       674.777919999999881
design2.pdb  rebuilt_mutated_A_44_ARG   -8888.912014194160292   7381.441630000001169  -9620.519669566079756   6423.684929999999440  0.186655958153259  -322.774532631452871  1377.790060000000722  -887.033500646412676       688.603849999999852
design2.pdb  rebuilt_mutated_A_163_GLY  -8885.552436495723668   7340.287859999999455  -9642.552118421075647   6383.933019999997668  0.186565549760333  -233.909623224666859  1369.444840000000113  -845.570434241104635       687.375509999999963
design2.pdb  rebuilt_mutated_A_33_GLN   -8883.893173842723627   7391.110630000000128  -9586.737329673815111   6450.534519999999247  0.188105049376050  -280.775898178335751  1390.305230000000847  -869.119848535874667       686.182459999999764
design2.pdb  rebuilt_mutated_A_134_VAL  -8883.619867340901692   7338.891540000000532  -9600.303006723055660   6399.956689999997252  0.183650092477045  -210.046201528712345  1347.788110000000188  -793.100305072950164       680.897310000000061
design2.pdb  rebuilt_mutated_A_102_ALA  -8882.574138438727459   7361.989319999999680  -9621.234948345871089   6394.686549999995805  0.187184798849993  -247.703303963082618  1378.052490000000034  -825.874543462004112       665.645489999999882
design2.pdb  rebuilt_mutated_A_77_VAL   -8882.090727288881681   7359.317250000000968  -9633.512697334690529   6389.393499999998312  0.187776516904472  -293.732987662946016  1381.906960000000709  -881.072776658616704       688.614549999999895
design2.pdb  rebuilt_mutated_A_75_SER   -8881.331729186471421   7367.280160000000251  -9595.459734043617573   6412.432859999997163  0.187447013010022  -271.162775547379624  1380.974660000000313  -851.877867223196631       688.603849999999852
design2.pdb  rebuilt_mutated_A_73_VAL   -8880.701116762758829   7365.473919999999453  -9620.070846379518116   6416.905119999997623  0.186911240872332  -230.988461649993639  1376.689870000000610  -852.842626087440522       676.193049999999971
design2.pdb  rebuilt_mutated_A_31_ASP   -8880.180647441215115   7345.660260000000562  -9601.665416103682219   6380.810869999996612  0.186848708137776  -300.258054501287461  1372.527130000000398  -865.417935865743857       693.610619999999926
design2.pdb  rebuilt_mutated_A_84_LYS   -8878.510693796535634   7391.931070000001455  -9633.798773324211652   6449.947729999998046  0.189555583883441  -233.943176623155864  1401.181810000000269  -858.539871655109550       689.982460000000060
design2.pdb  rebuilt_mutated_A_44_MET   -8878.462474722322440   7378.132979999999407  -9598.390107402268768   6423.285679999999047  0.187171288962049  -304.816420276646113  1380.974660000000313  -882.358872247010027       688.603849999999852
design2.pdb  rebuilt_mutated_A_73_ASN   -8877.067669614951228   7346.639890000000378  -9589.769425814050919   6381.532189999998991  0.187204756268515  -219.967869898181362  1375.325930000000426  -863.666994698052804       674.777919999999881
design2.pdb  rebuilt_mutated_A_78_SER   -8876.747900727159504   7357.115929999999025  -9616.412932852414087   6406.523849999996855  0.187139350949442  -259.638306751929917  1376.805900000000292  -862.687318248974861       691.232949999999846
design2.pdb  rebuilt_mutated_A_44_GLU   -8876.452270885427424   7381.433930000001055  -9604.660919385833040   6426.586629999998877  0.187087586652693  -307.082047697673829  1380.974660000000313  -882.493652596874881       688.603849999999852
design2.pdb  rebuilt_mutated_A_164_ARG  -8876.415339716768358   7383.270870000000286  -9688.591823957243832   6420.368569999996907  0.186895887242452  -259.999920790290275  1379.902960000000348  -886.622354313371943       688.603849999999852
design2.pdb  rebuilt_mutated_A_126_HIS  -8876.094885187718319   7358.777360000000044  -9589.797132725927440   6403.930059999998775  0.187663601226278  -328.487815352354801  1380.974660000000313  -903.988664865363376       688.603849999999852
design2.pdb  rebuilt_mutated_A_60_LYS   -8876.092893299357456   7374.882899999999609  -9587.240851773160102   6420.035599999998340  0.186919598411522  -211.877006442026556  1378.510150000000067  -844.533969644581703       685.678649999999834
design2.pdb  rebuilt_mutated_A_123_VAL  -8873.682890782494724   7342.676360000000386  -9610.033700001302350   6439.231059999996432  0.186209349692760  -328.926865433482476  1367.274990000000116  -880.566077142800282       688.373189999999909
design2.pdb  rebuilt_mutated_A_73_PHE   -8873.320398182804638   7359.613279999999577  -9599.429254794029475   6391.821889999998348  0.186931184786383  -208.215862417120917  1375.741230000000314  -858.327867392908615       674.777919999999881
design2.pdb  rebuilt_mutated_A_46_PHE   -8873.113363238058810   7343.762300000000323  -9603.158560280335223   6445.295939999999064  0.185615423581997  -344.427502809055341  1363.115550000000439  -885.333288965119664       772.252939999999967
design2.pdb  rebuilt_mutated_A_60_PRO   -8872.973107572994195   7316.613480000001800  -9583.569175309416096   6353.554179999997359  0.185794998425966  -271.185639845500646  1359.390190000000530  -846.759482278591122       674.325320000000033
design2.pdb  rebuilt_mutated_A_73_SER   -8872.862838378103334   7343.674130000000332  -9588.373021875964696   6378.566429999998945  0.187280359347862  -217.276309617258477  1375.325930000000426  -866.477993343761000       674.777919999999881
design2.pdb  rebuilt_mutated_A_60_ALA   -8872.633800077544947   7317.027480000000651  -9588.594378971189144   6352.216319999996813  0.185784486079312  -270.419498434669094  1359.390190000000530  -847.764407970382649       674.325320000000033
design2.pdb  rebuilt_mutated_A_60_SER   -8872.386039854114642   7327.018020000002252  -9593.108842542196726   6360.236839999998665  0.186020747632882  -257.532158883279067  1362.977370000000519  -860.622798405338358       691.651320000000055
design2.pdb  rebuilt_mutated_A_78_THR   -8871.913800537849966   7341.200970000001689  -9606.498922992357620   6412.409399999996822  0.185093847117497  -243.127122835477763  1358.811130000000503  -860.650679631820253       670.735149999999862
design2.pdb  rebuilt_mutated_A_134_HIS  -8871.630927574164161   7363.017439999999624  -9595.744524970345083   6405.748299999996561  0.185147418311697  -227.483045383233588  1363.243670000000520  -820.170564887084538       673.532479999999964
design2.pdb  rebuilt_mutated_A_125_HIS  -8871.335606348286092   7372.593060000001060  -9567.269094405090073   6414.083969999998772  0.184699704556866  -256.183091234879669  1361.715760000000046  -754.043811400213826       662.900170000000003
design2.pdb  rebuilt_mutated_A_78_PRO   -8871.181035266048639   7333.177150000000438  -9593.329258383564593   6407.709769999996752  0.185234018245420  -241.837922028129611  1358.353870000000370  -857.114639751153163       670.732149999999820
design2.pdb  rebuilt_mutated_A_100_ALA  -8870.141951366214926   7352.832280000000537  -9572.099551942705148   6403.443839999998090  0.185853355273323  -200.931822016580526  1366.548550000000205  -777.727613769966638       686.438050000000089
design2.pdb  rebuilt_mutated_A_125_PHE  -8869.806120064587958   7381.611350000001949  -9540.755757624059697   6420.193259999995462  0.185133671390055  -271.200798507263755  1366.584809999999834  -739.294210492445814       634.378500000000145
design2.pdb  rebuilt_mutated_A_125_MET  -8869.785563290501159   7404.139529999999468  -9651.171333824979229   6423.262289999994209  0.185898808959912  -196.604512407381378  1376.420719999999392  -779.195516856455242       672.450420000000008
design2.pdb  rebuilt_mutated_A_73_ASP   -8867.973063268933402   7344.640300000000025  -9579.652864682806467   6379.532599999999547  0.187255723061074  -223.686639188420173  1375.325930000000426  -865.637980498976049       674.777919999999881
design2.pdb  rebuilt_mutated_A_86_ASP   -8867.056174913934228   7361.479930000000422  -9577.868684789862527   6403.782049999997980  0.187315074293764  -238.677773780532846  1378.916160000000218  -809.594370182771968       683.694770000000062
design2.pdb  rebuilt_mutated_A_50_GLY   -8866.633107177105558   7338.583480000001146  -9592.914588113948412   6383.736179999999877  0.185695974395320  -254.044249078888015  1362.745410000000675  -797.973324373034416       661.251039999999989
design2.pdb  rebuilt_mutated_A_86_CYS   -8865.515470131083930   7359.110609999999724  -9578.219452967048710   6401.591449999998076  0.186922556664765  -223.757004713036252  1375.583770000000413  -796.933764862308180       680.541099999999915
design2.pdb  rebuilt_mutated_A_78_CYS   -8865.145658583334807   7363.190859999999702  -9599.773223112995765   6413.765259999997397  0.187076946148860  -263.342514985322509  1377.483260000000428  -869.175567269409271       690.534149999999840
design2.pdb  rebuilt_mutated_A_132_GLU  -8864.672345365728688   7377.538280000000668  -9584.394830756586089   6421.492119999997158  0.187522980904140  -270.600505671720327  1383.457970000000387  -866.529593657315331       688.603849999999852
design2.pdb  rebuilt_mutated_A_102_PRO  -8862.657882849587622   7369.403099999996812  -9579.898139692648328   6413.246179999995547  0.187656195655792  -242.098526173753868  1382.914150000000518  -810.498365082314422       667.041409999999814
design2.pdb  rebuilt_mutated_A_48_ASN   -8862.625961004119745   7355.335389999999279  -9633.568165013381076   6391.560379999998077  0.185668024310174  -291.811259670877689  1365.650590000000193  -874.686528677896490       782.272389999999859
design2.pdb  rebuilt_mutated_A_90_PRO   -8862.383787781658611   7345.132810000000973  -9577.648127113321607   6396.870299999997769  0.185987202047610  -247.447024808125803  1366.100700000000415  -836.912877305132611       664.906059999999911
design2.pdb  rebuilt_mutated_A_134_SER  -8861.516085155310066   7332.606889999999112  -9575.845940055709434   6392.970119999996314  0.183624203533431  -211.141148497350514  1346.444100000000390  -773.569689063606120       779.918800000000033
design2.pdb  rebuilt_mutated_A_48_TYR   -8861.439765614621138   7369.253910000000360  -9566.386419521431890   6437.381909999997333  0.187118941325771  -290.403520463792347  1378.926990000000387  -869.403385356592935       659.803539999999884
design2.pdb  rebuilt_mutated_A_31_HIS   -8860.344673427189264   7352.142219999999725  -9581.666750270416742   6387.292829999997593  0.186683974402225  -293.823703037552377  1372.527130000000398  -858.080643700610267       693.610619999999926
design2.pdb  rebuilt_mutated_A_48_PHE   -8860.260024548708316   7368.261409999999159  -9565.489370057346605   6436.389409999999771  0.187019916004853  -291.244058994336115  1378.011630000000423  -869.322343350082974       659.803539999999884
design2.pdb  rebuilt_mutated_A_102_ASP  -8859.291237313907914   7368.671629999998913  -9599.342662375893269   6401.368859999997767  0.187497605996591  -236.682351380163595  1381.608289999999897  -817.716583436604765       669.181730000000016
design2.pdb  rebuilt_mutated_A_134_CYS  -8858.642456611303714   7338.469279999999344  -9570.801666367513462   6403.191529999996419  0.183703239539895  -207.990731689399922  1348.100580000000491  -774.179290788099024       779.739669999999933
design2.pdb  rebuilt_mutated_A_50_ALA   -8857.804940266390986   7334.313730000000760  -9583.945496248688869   6379.466429999999491  0.184958255119528  -254.989147875389449  1356.541870000000699  -800.184805263344174       657.043749999999932
design2.pdb  rebuilt_mutated_A_74_ARG   -8857.754394208915983   7368.563990000000558  -9578.615109683796618   6414.650489999998172  0.186862511049456  -174.786379126536076  1376.908370000000332  -752.855436328751125       668.247159999999894
design2.pdb  rebuilt_mutated_A_62_MET   -8855.593107903476266   7369.460030000002007  -9605.337327794031808   6377.668029999997998  0.189975454687418  -183.986013958949570  1400.016520000000583  -862.699734846627962       686.919620000000009
design2.pdb  rebuilt_mutated_A_88_ASP   -8854.319252286079063   7370.884490000001279  -9570.651393551728688   6416.037189999997281  0.187210391354267  -231.550955175684663  1379.906170000000202  -803.048944177342378       683.318800000000010
design2.pdb  rebuilt_mutated_A_31_SER   -8854.167279451277864   7336.516739999999118  -9575.283556855109055   6371.667349999996986  0.187081578171387  -297.479013213472967  1372.527130000000398  -863.750294163637818       693.610619999999926
design2.pdb  rebuilt_mutated_A_163_CYS  -8854.079381559849935   7346.207510000001093  -9627.926709701467189   6402.934409999997115  0.188054810338457  -255.863481329390908  1381.489660000000185  -879.598735011983763       688.603849999999852
design2.pdb  rebuilt_mutated_A_134_MET  -8853.975570426266131   7388.700180000002547  -9599.936752491235893   6425.073599999996986  0.188387866077955  -221.043259641261102  1391.941460000000689  -845.635307795715335       694.591519999999946
design2.pdb  rebuilt_mutated_A_31_ALA   -8853.762401006000800   7335.608019999999669  -9575.802061772046727   6370.758629999997538  0.187104753451644  -291.184540857953948  1372.527130000000398  -858.774134489781204       693.610619999999926
design2.pdb  rebuilt_mutated_A_84_SER   -8853.124327252946387   7352.231029999999919  -9570.579969569445893   6416.906829999997171  0.186968265060082  -270.815939881875124  1374.633880000000318  -870.600686814716596       677.934649999999806
design2.pdb  rebuilt_mutated_A_77_TRP   -8850.682226377110055   7433.272980000002462  -9608.446236392941501   6377.580339999996795  0.195962314840212  -227.730469643022417  1456.641380000000481  -863.120226552365466       718.597549999999728
design2.pdb  rebuilt_mutated_A_75_GLY   -8850.590186370569427   7350.827620000000024  -9577.215343351257616   6387.251359999996566  0.187866554813865  -268.704473190567114  1380.974660000000313  -847.554981793648608       688.603849999999852
design2.pdb  rebuilt_mutated_A_90_SER   -8850.093129614877398   7348.799480000000585  -9550.287692690000767   6395.326999999999316  0.186088114626309  -263.379044533419119  1367.524240000000191  -840.731377697711309       669.121679999999969
design2.pdb  rebuilt_mutated_A_102_SER  -8848.986797204563118   7362.946759999999813  -9590.212533739699211   6395.643989999996847  0.187092523537410  -226.030551467826342  1377.552289999999857  -806.423072754025043       665.125729999999976
design2.pdb  rebuilt_mutated_A_127_ILE  -8847.444402037350301   7373.234919999998056  -9563.494258551610983   6413.926469999995788  0.186205324378841  -193.079114337916792  1372.935600000000477  -763.224301311852059       672.070259999999848
design2.pdb  rebuilt_mutated_A_125_CYS  -8843.768960095714647   7372.985690000003160  -9590.339233901533589   6399.079969999997047  0.186894342120987  -244.665766776950903  1377.969309999999723  -832.643484146582068       689.732719999999858
design2.pdb  rebuilt_mutated_A_102_CYS  -8842.890850164292715   7367.635519999999815  -9586.273935595372677   6401.642369999997754  0.186869033662512  -218.201013472518866  1376.782929999999851  -819.961100361997410       684.633979999999838
design2.pdb  rebuilt_mutated_A_134_PHE  -8841.647277718227997   7379.105879999995523  -9604.922867739762296   6358.946479999995972  0.185062208376932  -145.126906219598055  1365.593629999999848  -731.855471105429274       659.456329999999980
design2.pdb  rebuilt_mutated_A_46_TYR   -8841.473482266748761   7343.634550000000672  -9591.569660522554841   6445.151869999999690  0.185598066014873  -326.014202757481598  1362.964370000000372  -885.189797910132597       772.252939999999967
design2.pdb  rebuilt_mutated_A_48_TRP   -8841.286584968462194   7389.723799999999756  -9560.916942336811189   6450.401879999998528  0.189269176745144  -303.994332676307408  1398.646940000000541  -872.852811755228231       785.329929999999990
design2.pdb  rebuilt_mutated_A_125_PRO  -8841.081286321106745   7372.932719999997062  -9552.921453209230094   6414.502429999995002  0.187334243028329  -227.424680976885099  1381.202770000000328  -810.228676390329952       687.118689999999901
design2.pdb  rebuilt_mutated_A_78_ALA   -8840.391711086407668   7352.651810000000296  -9576.139498734566587   6404.076239999996687  0.187181506151044  -238.070389812838982  1376.280440000000453  -850.134889527500377       670.607849999999871
design2.pdb  rebuilt_mutated_A_100_GLY  -8839.877406401352346   7339.485350000000835  -9534.676201480191594   6394.529469999998582  0.185003223693334  -193.435387294731299  1357.828449999999748  -762.322583825747415       663.425389999999993
design2.pdb  rebuilt_mutated_A_84_CYS   -8838.928480478089114   7357.536659999999756  -9561.073908101659981   6422.212459999997009  0.186893657965138  -259.073629268835930  1375.076940000000377  -863.480616681371657       677.223249999999780
design2.pdb  rebuilt_mutated_A_48_HIS   -8838.914528211553261   7363.397049999999581  -9549.411201736133080   6264.512219999997797  0.186595068915916  -271.979483708859448  1373.973580000000311  -869.551447444715905       659.803539999999884
design2.pdb  rebuilt_mutated_A_78_GLY   -8838.043000528294215   7348.545349999999416  -9572.694291644005716   6401.355529999996179  0.187282790600183  -242.011219491361800  1376.256080000000566  -851.787289502110639       670.607849999999871
design2.pdb  rebuilt_mutated_A_31_ILE   -8836.879733223006042   7360.303139999999985  -9559.604175256201415   6395.453749999997854  0.186476983881400  -275.948575655364834  1372.527130000000398  -844.561704151953563       693.610619999999926
design2.pdb  rebuilt_mutated_A_72_ARG   -8835.650937668209735   7363.738889999999628  -9565.619779770593595   6448.842349999995349  0.188599298637000  -235.711181681841538  1388.795990000000529  -743.989611393027872       725.845260000000167
design2.pdb  rebuilt_mutated_A_127_PRO  -8833.749479838077605   7356.884109999998145  -9554.047977126339902   6400.114749999996093  0.185700535657887  -175.637197453285438  1366.177320000000236  -747.329979951926248       708.196770000000129
design2.pdb  rebuilt_mutated_A_134_ALA  -8832.664976612250030   7327.665379999998549  -9551.654734806927081   6388.016249999996944  0.183534776802267  -213.006797895723366  1344.881430000000364  -776.976314578860638       779.799579999999992
design2.pdb  rebuilt_mutated_A_102_ASN  -8832.528638825382586   7371.370059999999285  -9574.086463354156876   6404.067289999998138  0.187716578972024  -224.843449920780358  1383.728369999999586  -808.379939626505461       671.301809999999932
design2.pdb  rebuilt_mutated_A_89_ASN   -8831.947649946398087   7369.617499999998472  -9542.804056214541561   6414.770199999998113  0.187387562515965  -318.697745292224795  1380.974660000000313  -890.035990633243046       688.603849999999852
design2.pdb  rebuilt_mutated_A_52_TRP   -8831.565699905404472   7396.927730000000338  -9534.985908788881716   6424.503029999997125  0.187975412327031  -309.616805126149075  1390.440540000000510  -881.245914629857680       689.823889999999778
design2.pdb  rebuilt_mutated_A_89_ILE   -8831.555773710315407   7368.404169999999795  -9543.847287848555425   6413.556869999996707  0.187418418987188  -309.707971021653407  1380.974660000000313  -881.970830819081016       688.603849999999852
design2.pdb  rebuilt_mutated_A_77_ILE   -8831.014861185567497   7375.548900000001595  -9590.267289330084168   6406.926089999997203  0.187903867059983  -275.184996744696946  1385.894160000000738  -880.635906678236893       688.614549999999895
design2.pdb  rebuilt_mutated_A_31_TYR   -8827.807506588205797   7362.320340000000215  -9553.246659931992326   6395.959209999998166  0.186631225829003  -287.541555607700730  1374.038870000000315  -854.353235376069279       693.610619999999926
design2.pdb  rebuilt_mutated_A_163_PHE  -8826.323528197310225   7363.281779999999344  -9577.127174245755668   6419.671789999997600  0.187867068153950  -274.194545421434441  1383.318160000000262  -882.823399514344715       688.603849999999852
design2.pdb  rebuilt_mutated_A_73_LEU   -8826.178860015008468   7358.385760000001028  -9548.636327669633829   6393.278059999999641  0.186905929487448  -189.253790194542717  1375.325930000000426  -849.794368098522114       674.777919999999881
design2.pdb  rebuilt_mutated_A_77_ARG   -8823.880133772809131   7408.626120000001720  -9648.152638236084385   6459.795829999997295  0.189468104782699  -233.538903366372836  1403.698350000000573  -851.867694702831841       713.856049999999868
design2.pdb  rebuilt_mutated_A_74_GLU   -8823.787405892049719   7369.010459999999512  -9537.430937078688657   6415.583609999997861  0.186904519606287  -125.132053832449969  1377.301360000000386  -696.211341260789595       672.394359999999892
design2.pdb  rebuilt_mutated_A_163_ARG  -8823.420095827974365   7418.321060000001125  -9615.039152199471573   6458.750959999997576  0.187736534821802  -240.573965893776744  1392.689890000000332  -880.745329040424622       688.603849999999852
design2.pdb  rebuilt_mutated_A_134_ASP  -8823.285002409604203   7339.544090000001233  -9528.761272947511316   6404.266339999996489  0.183458148556473  -198.077539227201640  1346.499170000000277  -758.290692319990058       778.765809999999988
design2.pdb  rebuilt_mutated_A_125_GLU  -8823.093995768185778   7383.108469999999215  -9576.837044740044803   6430.197809999995116  0.186000904033853  -206.632373807581217  1373.264849999999797  -783.812851488666752       670.951009999999997
design2.pdb  rebuilt_mutated_A_63_MET   -8819.359417594281695   7350.600630000001729  -9539.348071225982494   6388.302089999998316  0.184710270404121  -284.907061544864405  1357.731430000000501  -825.866410926706521       655.324949999999944
design2.pdb  rebuilt_mutated_A_86_ALA   -8819.097901787308729   7353.198940000000221  -9528.946416510290874   6395.303839999998672  0.186547535459445  -196.676501113676352  1371.721140000000332  -777.831689604561575       668.528759999999920
design2.pdb  rebuilt_mutated_A_60_PHE   -8817.233920724413110   7354.442700000001423  -9536.674389580746720   6392.255219999998189  0.184358610884275  -345.992754118603898  1355.854840000000650  -845.605397715992012       685.684309999999982
design2.pdb  rebuilt_mutated_A_127_GLY  -8815.900092004023463   7355.614869999998518  -9571.859463069153207   6382.009469999995417  0.187164963681683  -194.494107797366581  1376.713390000000118  -792.297150798616826       673.072210000000041
design2.pdb  rebuilt_mutated_A_101_ILE  -8815.796234055651439   7360.936150000001362  -9528.100360957891098   6406.088849999998274  0.187608563891700  -285.813904398746558  1380.974660000000313  -858.565115523843588       688.603849999999852
design2.pdb  rebuilt_mutated_A_84_MET   -8815.499080237967064   7389.034589999999298  -9577.768980267041115   6428.315719999996873  0.187701493761718  -238.742522473119209  1386.932830000000649  -856.807845275005434       688.690449999999828
design2.pdb  rebuilt_mutated_A_50_VAL   -8814.677813611266174   7329.544690000003357  -9543.372066715652181   6372.731329999999616  0.183971718166848  -242.239146282718281  1348.428930000000491  -766.995182803038688       685.883599999999888
design2.pdb  rebuilt_mutated_A_163_LYS  -8814.307068198095294   7423.833929999999782  -9643.111403584811342   6442.795419999996739  0.189319244375931  -212.602496140871636  1405.474630000000161  -873.225340936491307       688.603849999999852
design2.pdb  rebuilt_mutated_A_86_SER   -8814.031085736269233   7355.206169999998565  -9527.113109198990060   6397.281369999998788  0.186693065872279  -205.635882101997510  1373.165990000000420  -781.443223980652533       673.545569999999998
design2.pdb  rebuilt_mutated_A_88_GLU   -8813.557136762108712   7386.292080000000169  -9512.431388002687527   6441.367659999997159  0.187738221692419  -191.676933609066339  1386.689340000000129  -747.247455291115898       698.452099999999859
design2.pdb  rebuilt_mutated_A_71_MET   -8813.487572583102519   7375.809810000000653  -9530.957425392805817   6420.962509999996655  0.187159892345435  -234.638632867234662  1380.455770000000484  -845.359285706852233       690.022349999999733
design2.pdb  rebuilt_mutated_A_125_GLN  -8812.889634043356637   7384.486789999999928  -9567.249782202754432   6431.577829999995629  0.185975346568397  -203.714663306233405  1373.332489999999780  -781.667928334750172       671.020350000000008
design2.pdb  rebuilt_mutated_A_163_MET  -8811.718373951172907   7414.035140000000865  -9667.454555619497114   6422.415629999996781  0.189615062979051  -202.189103595226754  1405.812740000000531  -875.624087971176664       688.603849999999852
design2.pdb  rebuilt_mutated_A_89_VAL   -8811.384162363136056   7368.638349999998354  -9523.520339064980362   6413.791049999997085  0.187412462710970  -312.128894918230003  1380.974660000000313  -883.555601844439934       688.603849999999852
design2.pdb  rebuilt_mutated_A_126_ALA  -8810.566449624939196   7343.723130000000310  -9522.625570107149542   6388.875829999997222  0.188048301325325  -309.330181230869243  1380.974660000000313  -881.512906956227994       688.603849999999852
design2.pdb  rebuilt_mutated_A_77_GLU   -8809.669576957687241   7371.100679999999556  -9543.297328360828033   6423.531859999997323  0.188535080489499  -270.220451867844417  1389.711060000000543  -876.853058276800084       688.603849999999852
design2.pdb  rebuilt_mutated_A_74_LEU   -8809.623047002987732   7362.571070000000873  -9522.720686067881616   6408.824969999997847  0.185691974583547  -103.178303180302635  1367.170360000000073  -665.609816524930920       680.382319999999936
design2.pdb  rebuilt_mutated_A_101_ARG  -8808.921847105546476   7385.130070000000160  -9521.153240035955605   6430.282769999997981  0.186993952294736  -295.201188130243054  1380.974660000000313  -867.778298094185971       688.603849999999852
design2.pdb  rebuilt_mutated_A_73_CYS   -8807.624981629100148   7342.736270000000331  -9530.868827458378291   6377.628569999998035  0.187304279961563  -192.873318405856139  1375.325930000000426  -854.272116161664258       674.777919999999881
design2.pdb  rebuilt_mutated_A_31_CYS   -8803.106926708869651   7340.318310000000565  -9526.097901207127506   6375.468919999997524  0.186984688134049  -286.077622315062058  1372.527130000000398  -853.975882142464116       693.610619999999926
design2.pdb  rebuilt_mutated_A_31_GLN   -8801.896367826067944   7361.745299999999588  -9523.692575103403215   6396.895909999998366  0.186440453189816  -297.419720116776489  1372.527130000000398  -857.909356364670316       693.610619999999926
design2.pdb  rebuilt_mutated_A_50_ARG   -8799.578928240842288   7400.522959999999330  -9528.636411990153647   6448.188059999997677  0.190545328704716  -213.374247766902869  1410.135080000000471  -822.600921851840667       680.319299999999771
design2.pdb  rebuilt_mutated_A_163_HIS  -8799.301344071538551   7354.573040000001129  -9567.551605199321784   6385.250179999997272  0.188051753987340  -265.260119361212219  1383.040360000000192  -881.823837187826484       688.603849999999852
design2.pdb  rebuilt_mutated_A_77_CYS   -8798.798898687386099   7351.483200000001489  -9559.111667465391292   6383.098099999999249  0.187879319373266  -262.048963532684752  1381.191660000000411  -871.657335336311917       688.603849999999852
design2.pdb  rebuilt_mutated_A_71_HIS   -8798.016166724604773   7376.872559999999794  -9533.585141201872830   6424.537659999997231  0.186982445308775  -178.748552612654350  1379.345670000000609  -853.909124738330092       664.070849999999837
design2.pdb  rebuilt_mutated_A_86_PRO   -8797.096516221050479   7352.118159999999989  -9521.116003730658122   6394.506869999998344  0.185914560981430  -202.006475771535349  1366.865819999999985  -793.229013712398114       665.826689999999985
design2.pdb  rebuilt_mutated_A_104_GLN  -8793.071115977922091   7384.725159999997231  -9611.012162719003754   6464.150219999994988  0.187759123049070  -268.994353028732803  1386.549520000000484  -872.355981177597073       696.508549999999900
design2.pdb  rebuilt_mutated_A_127_PHE  -8792.535432773480352   7351.097429999997075  -9554.977435243077707   6401.656309999996665  0.183503897594240  -159.557353626563497  1348.955029999999851  -740.159205122792059       799.989059999999995
design2.pdb  rebuilt_mutated_A_73_GLY   -8791.962856956652104   7338.564020000000710  -9512.471852112392298   6373.789219999998750  0.187365406400039  -195.618370135409577  1374.993030000000545  -852.141899621614925       674.777919999999881
design2.pdb  rebuilt_mutated_A_100_CYS  -8791.623425473550014   7380.593870000001516  -9502.809784499362650   6426.826289999999062  0.187959000919800  -192.574534221674526  1387.249049999999670  -773.162655577097325       675.097359999999867
design2.pdb  rebuilt_mutated_A_90_HIS   -8787.120837683365608   7386.123269999999138  -9465.304879928971786   6459.011249999998654  0.188898374559622  -207.101025278397714  1395.226680000000215  -819.186449251784097       676.589259999999967
design2.pdb  rebuilt_mutated_A_31_PRO   -8782.113071712536112   7339.279059999999845  -9499.853034832922276   6374.429669999998623  0.187011165371875  -286.276987766254592  1372.527130000000398  -855.192450730960445       693.610619999999926
design2.pdb  rebuilt_mutated_A_84_GLY   -8780.826530730726518   7326.106589999999414  -9503.363025935577753   6369.673059999998259  0.187053910991486  -280.526166994665800  1370.376890000000458  -865.350481460230185       678.424449999999979
design2.pdb  rebuilt_mutated_A_31_PHE   -8779.107051443186720   7359.614160000000084  -9502.631091887436924   6394.764769999997952  0.186494441170541  -282.632170153557695  1372.527130000000398  -850.058555134846642       693.610619999999926
design2.pdb  rebuilt_mutated_A_71_ASN   -8778.786409974121852   7370.441310000001067  -9510.484135946411698   6418.106409999998505  0.187121232229173  -162.649180603798470  1379.166060000000471  -848.483627755734233       658.964149999999904
design2.pdb  rebuilt_mutated_A_125_ALA  -8766.891359230385206   7366.262789999998859  -9504.043747814363087   6393.362549999996190  0.187226445664179  -211.815818751609839  1379.159199999999828  -802.921244166346128       690.708439999999996
design2.pdb  rebuilt_mutated_A_74_GLN   -8765.524381372490097   7368.111370000000534  -9479.014861340909192   6415.778019999997923  0.186809509368206  -90.629953620089054   1376.433270000000221  -669.542901177307385       680.832499999999982
design2.pdb  rebuilt_mutated_A_163_TRP  -8765.421217723984228   7372.305270000000746  -9550.389247848052037   6361.196659999997792  0.188700590799057  -250.077582791218902  1391.158360000000357  -884.349123174807914       688.603849999999852
design2.pdb  rebuilt_mutated_A_50_TYR   -8764.532778610566311   7395.774610000001303  -9508.644859825617459   6443.439709999998740  0.190840621088100  -167.698950382315218  1411.414220000000569  -850.838278479950304       689.287739999999758
design2.pdb  rebuilt_mutated_A_48_ILE   -8763.145161810691206   7361.667669999999816  -9517.308656854647779   6408.153089999997064  0.186187957870693  -263.331027937383169  1370.653870000000097  -872.754709106085443       686.605450000000019
design2.pdb  rebuilt_mutated_A_35_GLY   -8762.838358535094812   7345.075160000000324  -9464.219064298846206   6410.415239999999358  0.186577248040032  -224.289378430507242  1370.423910000000433  -847.255115059912896       698.716530000000148
design2.pdb  rebuilt_mutated_A_134_GLY  -8760.780260469351560   7314.704929999999877  -9480.140031574799650   6374.848989999996775  0.183733429148727  -219.780849287241438  1343.955820000000358  -734.680662669283038       655.711020000000076
design2.pdb  rebuilt_mutated_A_35_CYS   -8759.964144141067663   7378.042519999999968  -9496.732356803981020   6418.833309999998164  0.187561525465429  -244.265007249852857  1383.836910000000444  -850.420133775053046       690.411889999999971
design2.pdb  rebuilt_mutated_A_44_PRO   -8758.368719233123556   7365.076440000002549  -9512.194142435806498   6411.350540000000365  0.187070707442651  -307.867669585558701  1377.790060000000722  -881.801729499008388       688.603849999999852
design2.pdb  rebuilt_mutated_A_125_ARG  -8755.190274092987238   7411.716609999996763  -9439.123624564232159   6467.475169999996069  0.188459124046298  -177.716699783204433  1396.805619999999863  -764.042140221829754       699.457509999999957
design2.pdb  rebuilt_mutated_A_73_MET   -8753.048419359074614   7363.926970000001347  -9473.119474876495588   6398.819269999999051  0.186672240993178  -174.364867551061309  1374.640750000000480  -838.660956557072950       674.474519999999870
design2.pdb  rebuilt_mutated_A_126_LYS  -8752.448737066406466   7383.082900000001246  -9498.573403594338743   6370.873059999997167  0.187045801693490  -271.738121741048133  1380.974660000000313  -844.110304645070869       688.603849999999852
design2.pdb  rebuilt_mutated_A_88_ALA   -8749.788927507641347   7369.156129999997574  -9471.424387459961508   6414.308829999998125  0.187152652986333  -137.921380189231115  1379.157120000000077  -715.486223919061331       691.267880000000105
design2.pdb  rebuilt_mutated_A_44_ASN   -8749.415044590041362   7364.877080000000205  -9491.785713699619009   6410.029779999998937  0.187508174949744  -320.811697813099272  1380.974660000000313  -887.576542927316154       688.603849999999852
design2.pdb  rebuilt_mutated_A_44_HIS   -8744.277330235006957   7380.416229999998905  -9470.997581839637860   6425.568929999998545  0.187113384525198  -299.138216976744161  1380.974660000000313  -881.497038514420410       688.603849999999852
design2.pdb  rebuilt_mutated_A_134_PRO  -8742.958159488322053   7345.673810000001140  -9426.109063235353460   6378.743959999996150  0.186196018959900  -184.231100961732608  1367.735220000000481  -760.870824140400600       779.916750000000093
design2.pdb  rebuilt_mutated_A_71_CYS   -8736.266447210382466   7371.002900000000409  -9474.325357375990279   6418.667999999998756  0.187098374360971  -136.786908447617293  1379.102660000000469  -848.563924590722650       658.610449999999901
design2.pdb  rebuilt_mutated_A_73_GLN   -8735.068989585004601   7357.835560000001351  -9476.314618608057572   6399.481370000000425  0.184442976325500  -250.826311311289942  1357.101090000000568  -816.006224012177654       660.455519999999865
design2.pdb  rebuilt_mutated_A_102_ARG  -8724.368293736595660   7390.551549999998315  -9467.503804692229096   6424.558399999997164  0.187352736887411  -115.851143873873582  1384.640060000000403  -719.507466468796338       678.458379999999920
design2.pdb  rebuilt_mutated_A_86_GLY   -8718.937241322157206   7342.720659999999043  -9440.733137735160199   6383.461859999996705  0.186214315280789  -149.378622280053776  1367.319700000000239  -739.184910983174632       652.479789999999980
design2.pdb  rebuilt_mutated_A_89_CYS   -8717.699464563358561   7367.127039999999397  -9428.851686972027892   6412.279739999998128  0.187450908950255  -301.268378624208481  1380.974660000000313  -871.736183654312299       688.603849999999852
design2.pdb  rebuilt_mutated_A_101_LEU  -8711.167722070818854   7371.322380000001431  -9423.648002302681562   6416.475079999997433  0.187344222489425  -293.462842471542331  1380.974660000000313  -865.833921552086167       688.603849999999852
design2.pdb  rebuilt_mutated_A_125_LYS  -8705.397995321349299   7406.189859999997680  -9397.924789738995969   6462.277769999995144  0.188341972912912  -174.517670569886434  1394.896410000000287  -757.997195806398395       705.151419999999916
design2.pdb  rebuilt_mutated_A_78_LYS   -8703.100891511970985   7385.158050000000003  -9449.442818022866049   6411.829329999996844  0.186288776852921  -252.175263413795392  1375.772060000000465  -864.899967841963985       689.969150000000013
design2.pdb  rebuilt_mutated_A_129_TRP  -8702.988811494951733   7394.605440000002091  -9345.823349635285922   6491.861589999999524  0.188466443721438  -221.090312694941275  1393.634990000000244  -750.998447444200679       629.860999999999990
design2.pdb  rebuilt_mutated_A_101_THR  -8701.783130752724901   7356.713980000001357  -9416.302367147143741   6400.768659999998818  0.187716236318868  -304.149278214260903  1380.974660000000313  -875.528115739380610       688.603849999999852
design2.pdb  rebuilt_mutated_A_89_GLU   -8701.598784417234128   7368.518719999997302  -9411.665203211947301   6413.671419999996942  0.187415505405678  -291.737872941053411  1380.974660000000313  -867.904437966462069       688.603849999999852
design2.pdb  rebuilt_mutated_A_33_LEU   -8699.075191931646259   7375.583740000000944  -9407.877832165106156   6297.638809999999467  0.188127261368468  -164.464298517309714  1387.548370000000887  -862.366580265184098       655.432349999999929
design2.pdb  rebuilt_mutated_A_88_SER   -8697.016121087397551   7369.289279999997234  -9419.644823702794383   6414.441979999998694  0.187180601492143  -114.861699834100989  1379.388000000000375  -694.165637979456505       665.388189999999895
design2.pdb  rebuilt_mutated_A_101_GLN  -8694.743703113268566   7374.679350000000341  -9406.236985839059344   6419.832049999998162  0.187258942993908  -295.462476637297641  1380.974660000000313  -867.703071889174907       688.603849999999852
design2.pdb  rebuilt_mutated_A_44_ASP   -8692.398779178600307   7364.563100000000304  -9446.506178265157359   6409.715799999999035  0.187516169153334  -312.567115603097363  1380.974660000000313  -885.802700310114233       688.603849999999852
design2.pdb  rebuilt_mutated_A_90_TRP   -8688.628985731904322   7377.013570000001891  -9428.933409191515238   6439.272980000000643  0.182827862142593  -138.090476153992654  1348.723620000000210  -785.665223517744607       636.838409999999953
design2.pdb  rebuilt_mutated_A_101_ASN  -8686.575558300748526   7364.506670000002487  -9398.706594312729067   6409.659369999997580  0.187517605982425  -299.586143737604289  1380.974660000000313  -871.343617419468728       688.603849999999852
design2.pdb  rebuilt_mutated_A_33_PRO   -8686.031438115553101   7351.511710000001585  -9402.540711458579608   6363.481599999999162  0.188113078582038  -164.698503806370525  1382.915500000000520  -823.729670310775873       694.700860000000034
design2.pdb  rebuilt_mutated_A_88_TYR   -8680.913226680240768   7348.285979999995106  -9470.120726072967955   6341.535449999996672  0.184330334133240  -215.940174597735080  1354.512009999999918  -874.546392018803317       615.147889999999848
design2.pdb  rebuilt_mutated_A_78_TYR   -8680.434011695906520   7357.301020000000790  -9476.610918707796372   6409.339019999996708  0.186601493709170  -158.212785150512218  1372.883360000000266  -841.905647066619736       670.735149999999862
design2.pdb  rebuilt_mutated_A_102_GLY  -8674.823481238516251   7354.953070000000480  -9418.634696906028694   6387.650299999997515  0.187243348379380  -155.455264599527652  1377.166040000000066  -733.088795272841480       654.687209999999823
design2.pdb  rebuilt_mutated_A_89_ASP   -8672.882209895407868   7369.444519999999102  -9383.830540198416202   6414.597219999998742  0.187391960988669  -302.430440858521933  1380.974660000000313  -876.239038030897063       688.603849999999852
design2.pdb  rebuilt_mutated_A_49_TYR   -8658.628163507566569   7408.622350000000552  -9377.232465332086576   6453.775049999999283  0.186401006119579  -247.865467980969498  1380.974660000000313  -836.043761052275840       688.603849999999852
design2.pdb  rebuilt_mutated_A_60_HIS   -8654.663225742195209   7342.762110000001485  -9396.009741584814037   6376.718510000001515  0.184395490377667  -284.321774947745894  1353.972220000000561  -841.873616479342672       624.523439999999937
design2.pdb  rebuilt_mutated_A_50_MET   -8653.840658776849523   7354.760110000001987  -9397.609264421129410   6397.506109999999353  0.187544885131542  -136.107093699004565  1379.347640000000411  -847.462547579398802       659.069619999999873
design2.pdb  rebuilt_mutated_A_52_ARG   -8649.412572897932478   7384.961610000001201  -9412.176950031374872   6407.705510000000686  0.187811773878673  -137.037047052205025  1386.982740000000831  -814.324647474298217       652.690359999999941
design2.pdb  rebuilt_mutated_A_49_ARG   -8649.325222753333946   7415.199800000000323  -9355.708959445744767   6460.352499999999054  0.186235664209614  -233.836489146159295  1380.974660000000313  -819.856189943211916       688.603849999999852
design2.pdb  rebuilt_mutated_A_50_CYS   -8642.466599194200171   7333.664400000000569  -9367.492456531312200   6378.817099999997481  0.184866048683657  -148.798133353745357  1355.745560000000523  -750.106071575648343       673.547470000000089
design2.pdb  rebuilt_mutated_A_73_TRP   -8641.691384031399139   7371.543100000000777  -9353.169923391080374   6406.435399999999390  0.186628662593047  -207.863644593250257  1375.741230000000314  -850.816061868992961       674.777919999999995
design2.pdb  rebuilt_mutated_A_73_HIS   -8638.090897710128047   7354.364190000001145  -9359.061794393777745   6386.560980000000200  0.187064604696983  -212.654300664704152  1375.741230000000314  -856.049680685856060       674.777919999999995
design2.pdb  rebuilt_mutated_A_125_TRP  -8636.105917848854006   7388.782519999997930  -9400.233312569302143   6473.177909999996700  0.186828535860060  -208.488779808492012  1380.435420000000477  -785.206405032824591       699.884530000000041
design2.pdb  rebuilt_mutated_A_101_GLU  -8633.721333975252492   7369.645380000000841  -9345.493412582420206   6414.798079999998663  0.187386853612758  -291.331660425635050  1380.974660000000313  -863.856281134712390       688.603849999999852
design2.pdb  rebuilt_mutated_A_31_GLY   -8631.437151136371540   7320.951759999999013  -9373.760727594386481   6348.584259999998721  0.187479329873361  -269.462062678663870  1372.527130000000398  -844.147789097425630       693.610619999999926
design2.pdb  rebuilt_mutated_A_89_PHE   -8630.730503888016756   7363.732600000000275  -9343.137247219050550   6408.885299999999916  0.187537317691302  -276.934924517830609  1380.974660000000313  -858.765747696509607       688.603849999999852
design2.pdb  rebuilt_mutated_A_101_ASP  -8630.181128230067770   7364.635730000000876  -9342.260278286339599   6409.788429999997788  0.187514319869830  -294.447944927049321  1380.974660000000313  -866.134441797083014       688.603849999999852
design2.pdb  rebuilt_mutated_A_89_TYR   -8628.006351995149089   7364.491839999999684  -9340.268891276909926   6409.644540000000234  0.187517983589754  -278.582776192669371  1380.974660000000313  -860.840196463318875       688.603849999999852
design2.pdb  rebuilt_mutated_A_101_VAL  -8626.527909150836422   7355.104760000001079  -9341.540227882178442   6399.155449999997472  0.187757306668192  -290.201354566275313  1380.974660000000313  -862.780804656854798       688.603849999999852
design2.pdb  rebuilt_mutated_A_71_ALA   -8621.388200844539824   7346.632489999999962  -9361.730235104932945   6394.297589999999218  0.184885208542669  -136.528222964617669  1358.283680000000459  -796.174523447816682       618.593779999999924
design2.pdb  rebuilt_mutated_A_49_PHE   -8620.528231135578608   7409.830670000000282  -9338.868518219771431   6454.983369999998104  0.186370609734865  -240.534430598296296  1380.974660000000313  -828.586902966379057       688.603849999999852
design2.pdb  rebuilt_mutated_A_90_ARG   -8614.641961474175332   7359.955270000004020  -9297.236687883487321   6417.322200000001430  0.183626499132243  -112.960120969181560  1351.482820000000174  -759.771790701465079       645.420089999999959
design2.pdb  rebuilt_mutated_A_73_ILE   -8608.475903804250265   7346.891170000001694  -9358.213266407312403   6390.050680000002103  0.184605820151274  -216.785841841631878  1356.278870000000552  -790.085305274785128       660.693719999999871
design2.pdb  rebuilt_mutated_A_90_LYS   -8602.873596284671294   7371.068790000002082  -9386.669087125505030   6423.461479999999938  0.184319727397362  -174.373435120910017  1358.633390000000645  -803.843361891318864       649.665689999999927
design2.pdb  rebuilt_mutated_A_88_TRP   -8598.447908543594167   7389.263979999999719  -9356.125440073436039   6390.100420000000668  0.183832363233557  -87.718601535394782   1358.385860000000093  -725.815037566973160       629.037069999999858
design2.pdb  rebuilt_mutated_A_73_LYS   -8594.208326891961406   7364.528490000001511  -9311.062670001987499   6399.420789999999215  0.186634293270281  -143.184363132188366  1374.473570000000564  -808.220594121863428       674.479119999999853
design2.pdb  rebuilt_mutated_A_100_ARG  -8594.078971201541208   7416.376260000000912  -9348.648697887059825   6415.745790000000852  0.187433931514149  -144.825436681970189  1390.080560000000560  -789.213655340316677       667.864409999999907
design2.pdb  rebuilt_mutated_A_84_PRO   -8591.820087769703605   7346.236320000002706  -9371.201653431462546   6407.960879999996905  0.184615154062999  -174.351773904170159  1356.226550000000543  -834.207025681356072       674.961950000000002
design2.pdb  rebuilt_mutated_A_89_LEU   -8589.855122779334124   7344.556209999998828  -9333.711564347711828   6392.221309999999903  0.184937474935603  -146.428373285583461  1358.283680000000459  -807.776835451573561       618.593779999999924
design2.pdb  rebuilt_mutated_A_100_PHE  -8585.305048636873835   7406.115900000000693  -9350.880037190767325   6450.543890000000829  0.185605984102949  -111.333580216968357  1374.619429999999966  -758.333175922821169       679.288319999999885
design2.pdb  rebuilt_mutated_A_126_GLY  -8583.597929002780802   7330.498899999999594  -9297.041391731961994   6375.651599999995597  0.188387540717045  -299.193372767961307  1380.974660000000313  -870.994795387992212       688.603849999999852
design2.pdb  rebuilt_mutated_A_44_SER   -8580.899247247327366   7364.265680000001339  -9342.783626266558713   6404.259609999999157  0.187523742353630  -313.115840838929330  1380.974660000000313  -885.857686052511326       688.603849999999852
design2.pdb  rebuilt_mutated_A_88_ARG   -8580.222254039454128   7376.516510000001290  -9357.301963557551062   6366.903329999999187  0.186664336497228  -162.074593031019248  1376.932560000000194  -809.928022443016289       670.500949999999762
design2.pdb  rebuilt_mutated_A_100_GLU  -8577.461428229920784   7355.566380000001118  -9289.543616198410746   6429.356669999998303  0.184667567366852  -207.125772714072383  1358.334550000000263  -781.651079428948833       630.096809999999891
design2.pdb  rebuilt_mutated_A_71_LEU   -8573.170818693864931   7372.090730000000804  -9316.025477116858383   6419.755829999999150  0.186990939271850  -100.317730046734653  1378.514170000000377  -834.836914173372634       659.480149999999867
design2.pdb  rebuilt_mutated_A_125_GLY  -8571.263835793981343   7361.457669999998870  -9329.095944097349275   6385.176029999995080  0.187339691651042  -127.095238440035942  1379.093209999999999  -734.125953638243345       678.464950000000044
design2.pdb  rebuilt_mutated_A_44_ALA   -8570.729509116723420   7365.810189999997419  -9333.997092965582851   6405.938039999999091  0.187484421180829  -305.632558467780541  1380.974660000000313  -884.030259538979749       688.603849999999852
design2.pdb  rebuilt_mutated_A_125_TYR  -8569.085169356480037   7378.184599999998682  -9355.361057010632067   6459.937799999994240  0.186403358625644  -188.895243250349466  1375.318389999999908  -737.389156158995206       795.645189999999957
design2.pdb  rebuilt_mutated_A_33_THR   -8566.393396146084342   7345.066770000000361  -9315.504668479596148   6383.709760000000642  0.184597054384572  -137.883632220254185  1355.877690000000484  -797.407676131728181       602.180280000000039
design2.pdb  rebuilt_mutated_A_73_GLU   -8563.670212588485811   7358.758790000002591  -9279.786400106109795   6393.651089999998476  0.186896454857165  -158.560209211871324  1375.325930000000426  -825.925115067634465       674.777919999999881
design2.pdb  rebuilt_mutated_A_89_PRO   -8562.176160719965992   7366.691299999998591  -9275.703645226009030   6410.825679999999011  0.187461996676853  -291.622047254362883  1380.974660000000313  -865.186196695236504       688.603849999999852
design2.pdb  rebuilt_mutated_A_70_ASN   -8561.230406442744425   7300.115010000000439  -9227.924905291127288   6350.014319999998406  0.180464418464004  -222.193501488154624  1317.411010000000260  -746.666527805279770       600.360779999999977
design2.pdb  rebuilt_mutated_A_64_PRO   -8560.200584635162159   7353.799680000001899  -9255.429190972052311   6417.150169999998980  0.185663214856568  -169.403860218248553  1365.330090000000155  -748.826981345685113       608.600539999999910
design2.pdb  rebuilt_mutated_A_49_HIS   -8559.987481453623332   7391.069030000000566  -9279.081709066373151   6436.221729999998388  0.186843696682400  -249.938556152984233  1380.974660000000313  -838.372541942631528       688.603849999999852
design2.pdb  rebuilt_mutated_A_89_ALA   -8559.968608875011341   7361.329939999999624  -9271.309466775663168   6406.482639999997446  0.187598527882314  -296.988164370128288  1380.974660000000313  -869.962541600079021       688.603849999999852
design2.pdb  rebuilt_mutated_A_101_SER  -8554.679977215599138   7353.614360000000488  -9269.776822050826013   6397.444899999997688  0.187795360538868  -290.626523406578144  1380.974660000000313  -862.441639569005019       688.603849999999852
design2.pdb  rebuilt_mutated_A_52_HIS   -8553.005579972410487   7356.769970000001194  -9301.036508364404654   6392.745499999999083  0.186527402052235  -77.449154694659740   1372.239190000000235  -798.633473140819888       647.658819999999992
design2.pdb  rebuilt_mutated_A_33_ASP   -8552.272740207847164   7351.649750000001404  -9294.027872310760358   6394.308840000000600  0.186383850781248  -138.769217622447457  1370.228790000000572  -807.125401894550805       617.186889999999948
design2.pdb  rebuilt_mutated_A_70_PRO   -8551.989820911254355   7284.846680000000561  -9271.031666170738390   6320.129399999997077  0.180570872357742  -211.308525217942559  1315.431120000000419  -755.147719170959704       600.360779999999977
design2.pdb  rebuilt_mutated_A_60_ARG   -8548.413553575048354   7379.387860000001638  -9305.636788654650445   6420.744090000000142  0.188132144066486  -137.107375402144157  1388.300060000000485  -801.007016450967058       617.934679999999958
design2.pdb  rebuilt_mutated_A_101_PRO  -8542.980293649303349   7357.554270000002361  -9258.864442803285783   6401.132729999997537  0.187502675396508  -278.066719512962550  1379.561110000000099  -842.915233987504848       668.161959999999794
design2.pdb  rebuilt_mutated_A_33_ARG   -8541.349354072985079   7368.368829999999434  -9245.815019116205804   6328.594400000001770  0.185945294217852  -181.418265242815778  1370.113510000000133  -814.525379009116364       614.599129999999946
design2.pdb  rebuilt_mutated_A_129_ARG  -8540.002511510485419   7373.807290000002467  -9267.146349212764108   6429.879830000002585  0.184276622178988  -97.171361218380696   1358.820300000000316  -758.563406605154455       623.134939999999915
design2.pdb  rebuilt_mutated_A_71_PRO   -8538.662549651116933   7342.235700000000179  -9203.664111788943046   6412.333269999998265  0.184224719181924  -233.924388293784830  1352.621310000000449  -741.255056312190959       627.145139999999969
design2.pdb  rebuilt_mutated_A_70_ALA   -8535.085260855650631   7284.001250000001164  -9280.300304654934735   6313.748669999998128  0.180633612604062  -193.525978207426363  1315.735460000000330  -755.438456526928803       600.360779999999977
design2.pdb  rebuilt_mutated_A_33_GLU   -8533.801469423380695   7361.433560000001307  -9266.092461810148961   6423.369850000000952  0.185680059306275  -137.800151658452364  1366.871420000000398  -808.555581090724672       613.211089999999899
design2.pdb  rebuilt_mutated_A_74_LYS   -8532.483415788550701   7379.397549999999683  -9274.955538241081740   6425.591249999997672  0.188000940537483  74.592081667714865    1387.333680000000413  -542.452768536443614       659.229669999999714
design2.pdb  rebuilt_mutated_A_101_ALA  -8528.101879533644023   7352.615050000002157  -9245.330007877899334   6396.018609999997352  0.187820884217242  -290.435124677299086  1380.974660000000313  -861.809952776467185       688.603849999999852
design2.pdb  rebuilt_mutated_A_129_MET  -8526.461959792301059   7358.588420000002770  -9277.533137477206765   6369.546769999999924  0.185968779865528  -119.692261664582077  1368.467710000000352  -796.609605661328828       620.754879999999957
design2.pdb  rebuilt_mutated_A_70_ASP   -8525.236502853511411   7300.130359999999200  -9190.213937682899996   6350.115669999998318  0.180452429619353  -224.310354377858147  1317.326260000000275  -749.658701256278391       600.360779999999977
design2.pdb  rebuilt_mutated_A_71_GLY   -8521.876014184517771   7344.626450000000659  -9266.293440063236631   6392.291549999999006  0.184935706294498  -113.321602596402897  1358.283680000000459  -787.552840381106193       618.593779999999924
design2.pdb  rebuilt_mutated_A_90_THR   -8520.713758700538165   7335.958290000002307  -9273.965711974484293   6361.397789999999077  0.184632560117787  -133.730241449155130  1354.456760000000486  -781.958653884261366       598.578409999999849
design2.pdb  rebuilt_mutated_A_89_SER   -8520.030756661857595   7362.410259999998743  -9231.147413701137339   6407.562959999998384  0.187571000695634  -294.037276101460748  1380.974660000000313  -868.518094163722253       688.603849999999852
design2.pdb  rebuilt_mutated_A_64_LEU   -8516.185256499989919   7385.001540000002024  -9238.600248983439087   6434.648069999998370  0.188461118452252  -152.736451574272166  1391.785650000000487  -754.183341968066202       608.600539999999910
design2.pdb  rebuilt_mutated_A_60_ILE   -8516.174695282415996   7346.195690000001377  -9273.935072166677855   6380.128590000000258  0.184441084498254  -145.972771403619788  1354.940300000000434  -801.345093089540455       618.229179999999928
design2.pdb  rebuilt_mutated_A_90_ALA   -8514.523243923593327   7318.913990000000922  -9236.467722060991946   6387.153799999999137  0.184519735010576  -184.794695085587023  1350.484070000000429  -816.633855812640149       655.872539999999958
design2.pdb  rebuilt_mutated_A_70_THR   -8510.260141612987354   7293.525810000001002  -9223.135974054353937   6335.549199999996745  0.180457688679928  -186.362526085576633  1316.172810000000254  -747.900472993403923       600.360779999999977
design2.pdb  rebuilt_mutated_A_64_THR   -8510.206932064567809   7358.721530000002531  -9230.688136890094029   6241.224459999999453  0.186195269710118  -148.433699733253320  1370.159140000000434  -753.501636899109712       608.600539999999910
design2.pdb  rebuilt_mutated_A_70_GLY   -8509.938432225397264   7276.892529999999169  -9226.091961288891980   6314.710089999997763  0.180678606229189  -201.583220326751217  1314.778800000000274  -750.284179283837489       600.360779999999977
design2.pdb  rebuilt_mutated_A_52_ASN   -8508.383161460918927   7351.426150000002053  -9255.146050973040474   6386.926400000000285  0.186301394049915  -44.245045422135412   1369.580940000000282  -785.692975106048493       635.142320000000041
design2.pdb  rebuilt_mutated_A_44_GLY   -8507.158289509385213   7345.508969999998953  -9272.006930392673894   6390.661669999998594  0.188002583025911  -282.047234299892921  1380.974660000000313  -881.889945497550457       688.603849999999852
design2.pdb  rebuilt_mutated_A_70_GLU   -8502.213315602333751   7307.480050000000119  -9236.497891105129384   6363.579679999997097  0.181165512726922  -177.835114306690002  1323.863370000000259  -766.181611415748193       600.360779999999977
design2.pdb  rebuilt_mutated_A_74_TRP   -8501.777303186448989   7342.686030000001665  -9247.251760965640642   6390.811630000000150  0.184721177571581  -77.800624073408073   1356.349610000000439  -738.001111657857564       635.714309999999841
design2.pdb  rebuilt_mutated_A_70_SER   -8496.301354399076445   7289.776749999999993  -9249.421028677454160   6314.335269999998673  0.180488132232582  -184.671015985502493  1315.718190000000277  -753.599471616430378       600.360779999999977
design2.pdb  rebuilt_mutated_A_101_CYS  -8495.714921561619121   7353.516060000001744  -9214.105992154120031   6396.914549999999508  0.187797870941211  -283.076051382816104  1380.974660000000313  -853.879021650084269       688.603849999999852
design2.pdb  rebuilt_mutated_A_60_MET   -8493.507178506037235   7354.618960000002517  -9257.206658752844305   6378.753760000001421  0.185632272375400  -124.232384016122296  1365.254630000000361  -793.679684044459805       618.049679999999853
design2.pdb  rebuilt_mutated_A_88_MET   -8493.387185134553874   7378.029919999999947  -9270.756773944585802   6370.329249999999774  0.184767747594062  -3.328879538899230    1363.221970000000056  -649.744361957466936       611.166519999999991
design2.pdb  rebuilt_mutated_A_89_HIS   -8483.693238444799135   7362.803840000001401  -9194.275066393563975   6407.956540000000132  0.187560974054145  -280.905955925826675  1380.974660000000313  -855.372262720831827       688.603849999999852
design2.pdb  rebuilt_mutated_A_129_LYS  -8483.234745603607735   7368.839799999999741  -9308.044783158700739   6391.982889999998406  0.187249918230004  -62.726430293236270   1379.814650000000256  -777.486461157643816       601.418379999999956
design2.pdb  rebuilt_mutated_A_70_ILE   -8481.748659111850429   7296.543169999999918  -9204.040058561737169   6367.956579999999121  0.180298231552846  -182.728058927223287  1315.553830000000289  -748.748255888215681       609.582620000000020
design2.pdb  rebuilt_mutated_A_64_TRP   -8480.965223723382223   7401.934900000002017  -9216.907628699931593   6454.174169999999322  0.189783188987517  -97.959288979366022   1404.762810000000400  -715.163100129512486       630.778379999999856
design2.pdb  rebuilt_mutated_A_70_LYS   -8477.020998101192163   7308.839589999999589  -9224.932433127059994   6367.871609999997418  0.181762911012253  -143.885951958625810  1328.475960000000441  -769.156429335231337       600.360779999999977
design2.pdb  rebuilt_mutated_A_70_LEU   -8475.009978155092540   7306.812870000000657  -9163.849304582137847   6379.035199999997531  0.180567176616362  -190.558411304862261  1319.370570000000271  -752.555980948892511       600.360779999999977
design2.pdb  rebuilt_mutated_A_44_CYS   -8474.458538569069788   7363.379010000000562  -9234.722287068139849   6408.531709999999293  0.187546323247050  -303.917129343941383  1380.974660000000313  -885.103100502706525       688.603849999999852
design2.pdb  rebuilt_mutated_A_90_MET   -8471.003433957184825   7356.514900000001944  -9237.833661921529711   6398.438120000000708  0.184360140424646  -79.830618981552561   1356.248120000000199  -754.121650238006055       601.422329999999874
design2.pdb  rebuilt_mutated_A_90_ASN   -8470.908200487643626   7340.320600000002742  -9200.772283303682343   6410.902989999999591  0.184581067208427  -166.078699747866949  1354.884210000000394  -814.013345390611335       655.918529999999919
design2.pdb  rebuilt_mutated_A_86_ILE   -8467.253702571159010   7331.066360000000714  -9209.128862895355269   6387.402109999999084  0.184139353500546  -73.782283195747567   1349.937820000000329  -741.795016112231451       616.305819999999812
design2.pdb  rebuilt_mutated_A_101_HIS  -8461.657122546002938   7362.128830000000562  -9176.228973027951724   6406.184259999998176  0.187578170918805  -285.356915127649927  1380.974660000000313  -856.781746866142043       688.603849999999852
design2.pdb  rebuilt_mutated_A_33_MET   -8455.062085544637739   7369.212590000001001  -9164.518961908110214   6291.267659999999523  0.186624740866649  -115.874329053680299  1375.277390000000196  -786.264010549846262       613.676849999999945
design2.pdb  rebuilt_mutated_A_70_VAL   -8453.179205632270168   7294.408640000000560  -9162.960696472109703   6343.210649999997258  0.180477421127863  -159.301278950438871  1316.476060000000189  -742.283745748471802       600.360779999999977
design2.pdb  rebuilt_mutated_A_50_LYS   -8449.782892400080527   7336.978380000001380  -9190.107916061828291   6379.724379999998746  0.185380230055959  -92.142843171817162   1360.130740000000515  -745.958028154456315       618.515629999999874
design2.pdb  rebuilt_mutated_A_64_LYS   -8448.526436044887305   7394.045730000001640  -9146.675057406517226   6459.443919999998798  0.190022470959211  -90.554894882752308   1405.034840000000486  -740.059956819034937       614.912589999999909
design2.pdb  rebuilt_mutated_A_33_ASN   -8448.368498260990236   7352.853850000000421  -9180.279663703619008   6414.790140000000065  0.185469504470023  -112.710110185846645  1363.730160000000524  -795.146829252891735       616.440779999999904
design2.pdb  rebuilt_mutated_A_62_TRP   -8446.304037362178860   7420.616380000000390  -9253.681531013968197   6437.336489999999685  0.193471370366137  -20.388618903699818   1435.676820000000589  -772.118669172836690       649.781709999999862
design2.pdb  rebuilt_mutated_A_52_ASP   -8440.271995544599122   7351.390060000000631  -9185.805519968060253   6386.879110000000765  0.186326343565016  -23.798606703005031   1369.757630000000518  -776.344628757088003       635.205850000000055
design2.pdb  rebuilt_mutated_A_33_LYS   -8439.827555402507642   7359.429850000000442  -9179.619772809624919   6260.120449999999437  0.187238564411345  -139.161623303293993  1377.969080000000304  -793.008238782997296       613.669099999999958
design2.pdb  rebuilt_mutated_A_52_THR   -8438.832374975689163   7349.004570000000967  -9191.248427106322197   6384.586119999999028  0.186465280698553  -19.732834721409272   1370.334200000000237  -784.912945087460912       634.318880000000149
design2.pdb  rebuilt_mutated_A_73_ARG   -8432.412084878606038   7372.149370000000999  -9185.876255605442566   6405.791070000000218  0.187359944932858  -81.543472096200787   1381.245500000000447  -780.459077681392614       690.838609999999903
design2.pdb  rebuilt_mutated_A_90_VAL   -8430.659585946308653   7331.207240000000638  -9156.910090953986582   6375.664569999998093  0.183287164857176  -107.694074050490087  1343.716190000000552  -749.892736082518013       603.876889999999889
design2.pdb  rebuilt_mutated_A_33_TRP   -8430.277840912920510   7371.778950000001714  -9140.788695327337336   6293.834020000002056  0.186935201034480  -172.607144545400786  1378.044980000000123  -799.070249559241688       614.392609999999877
design2.pdb  rebuilt_mutated_A_60_LEU   -8429.396382919056123   7356.526810000001205  -9171.920023501164906   6404.191909999999552  0.184786051231695  -128.492750646494130  1359.383540000000494  -789.887625659094169       618.976579999999899
design2.pdb  rebuilt_mutated_A_70_GLN   -8428.133579384993936   7308.292349999999715  -9163.159035777744066   6363.289719999997942  0.181297896491511  -153.021286119252522  1324.978030000000444  -757.261648600468561       600.360779999999977
design2.pdb  rebuilt_mutated_A_64_VAL   -8421.419937030417714   7362.624790000002577  -9175.385894119433942   6242.037859999999455  0.186511324312644  -97.764702638821007   1373.212900000000218  -747.904883748787938       608.600539999999910
design2.pdb  rebuilt_mutated_A_64_ILE   -8420.617166184194502   7378.174670000002152  -9161.198489766606144   6428.633149999997840  0.188210410041702  -87.550517555858789   1388.649280000000317  -748.908678335892660       608.600539999999910
design2.pdb  rebuilt_mutated_A_50_ILE   -8416.164887643517432   7336.881350000001476  -9173.746760965697831   6379.627350000000661  0.185221373383665  -74.219558658817647   1358.947240000000420  -772.165280015824692       636.770329999999944
design2.pdb  rebuilt_mutated_A_70_CYS   -8410.720448137579297   7294.627370000000155  -9143.724475463086492   6337.046479999998155  0.180441539126899  -146.597076228940864  1316.253790000000436  -739.752396187170348       600.360779999999977
design2.pdb  rebuilt_mutated_A_33_SER   -8408.942692308042751   7345.943670000001475  -9163.769874015153619   6377.726959999999053  0.185506063103258  -98.140784660384895   1362.717090000000553  -786.121412590537261       619.089680000000044
design2.pdb  rebuilt_mutated_A_33_ALA   -8405.783207004638825   7343.327980000000935  -9157.718080450174966   6360.429670000000442  0.185691858475318  -103.737231433623947  1363.596220000000358  -790.506803127205558       619.069010000000162
design2.pdb  rebuilt_mutated_A_52_SER   -8405.032604243697278   7334.665359999999055  -9159.179292744909617   6368.620769999999538  0.185891306975728  3.839274940426940     1363.450530000000526  -796.306974475673201       610.158950000000004
design2.pdb  rebuilt_mutated_A_88_CYS   -8402.162940513284411   7326.547299999999268  -9074.471770616213689   6412.624429999998029  0.184195322126699  -152.250958318672076  1349.515740000000051  -713.751182188683401       615.852639999999838
design2.pdb  rebuilt_mutated_A_100_MET  -8398.931213867932456   7379.725500000000466  -9111.534583331336762   6407.722219999999652  0.184561664251604  -91.830202729508443   1362.014420000000200  -645.401358966231669       590.825229999999920
design2.pdb  rebuilt_mutated_A_74_MET   -8391.716839423635975   7348.272780000002058  -9135.144084897749053   6396.841879999999037  0.185165273627744  -8.776662434749277    1360.644940000000361  -669.895107782854666       622.956339999999841
design2.pdb  rebuilt_mutated_A_33_HIS   -8391.143963708405863   7349.995150000000649  -9118.220936539248214   6250.901570000001811  0.185411345475514  -124.817701768408369  1362.772490000000516  -803.173552185949688       618.428469999999834
design2.pdb  rebuilt_mutated_A_33_CYS   -8390.798248799115754   7349.207120000000032  -9141.800202430635181   6368.027330000000802  0.185292851019825  -97.216792641797838   1361.755540000000337  -795.590412665792996       618.630169999999907
design2.pdb  rebuilt_mutated_A_52_ALA   -8388.640051182052048   7335.286650000000009  -9142.290179189551054   6369.261579999999412  0.185884085388810  -0.179369128499438    1363.513050000000476  -797.052599510788241       610.158950000000004
design2.pdb  rebuilt_mutated_A_71_GLN   -8388.498105399465203   7361.629309999998441  -9118.085605961459805   6399.441829999999754  0.184656854176756  -240.478946473529220  1359.375310000000582  -792.784094180646434       656.095540000000028
design2.pdb  rebuilt_mutated_A_90_GLY   -8379.799733709376596   7300.675100000000384  -9062.538444367439297   6386.899679999999535  0.183402311657452  -143.643913981697096  1338.960690000000341  -704.729039593988318       586.223869999999920
design2.pdb  rebuilt_mutated_A_89_TRP   -8374.687914306150560   7370.759810000000471  -9086.894077208244198   6415.912509999999202  0.187358521454792  -256.206793699357604  1380.974660000000313  -844.425877295597616       688.603849999999852
design2.pdb  rebuilt_mutated_A_88_LYS   -8370.577544289228172   7400.034119999997529  -9090.093223141468116   6447.183589999996912  0.187657879339616  60.067593022909783    1388.674710000000005  -522.658531789561039       681.936149999999770
design2.pdb  rebuilt_mutated_A_52_GLN   -8370.215921468878150   7355.216810000000805  -9101.845703169037733   6255.543039999999564  0.187218144015526  -17.886059654335096   1377.030040000000554  -762.633288246339816       653.979849999999942
design2.pdb  rebuilt_mutated_A_70_MET   -8364.643179644794145   7309.028440000000046  -9075.025681893361252   6390.058729999998832  0.180943738399245  -108.915699534779264  1322.522930000000315  -752.746421247621811       600.360779999999977
design2.pdb  rebuilt_mutated_A_90_LEU   -8358.374370102435932   7382.950650000003407  -9117.036535129471304   6450.352810000000318  0.185840042151711  -89.213715369980150   1372.047860000000355  -732.985463630940899       650.865239999999858
design2.pdb  rebuilt_mutated_A_89_GLY   -8356.818127113496303   7351.175939999997354  -9067.942291248955371   6396.328639999997904  0.187857653152565  -292.142139220407216  1380.974660000000313  -869.202784837813169       688.603849999999852
design2.pdb  rebuilt_mutated_A_101_PHE  -8353.688192148223607   7361.260279999999511  -9066.015438232723682   6406.412979999999152  0.187600303137223  -290.846607498034359  1380.974660000000313  -864.878111366976782       688.603849999999852
design2.pdb  rebuilt_mutated_A_52_GLU   -8353.632643337905392   7353.115140000001702  -9080.774007577530938   6252.669439999998758  0.187204873552408  4.170597974289301     1376.538990000000467  -750.766678842600186       652.531909999999925
design2.pdb  rebuilt_mutated_A_101_GLY  -8350.203454173826685   7342.481860000000779  -9067.887716786808596   6385.852599999997437  0.188080091491026  -282.234498424561821  1380.974660000000313  -853.211125298024058       688.603849999999852
design2.pdb  rebuilt_mutated_A_52_PRO   -8349.498374432914716   7339.959250000000793  -9102.023156132459917   6374.960900000000038  0.185621461045577  -9.329582900939464    1362.453960000000507  -796.563663075259456       610.158950000000004
design2.pdb  rebuilt_mutated_A_90_GLN   -8342.619972335538478   7386.366260000001603  -9145.002317253418369   6429.826439999998001  0.186639740228641  -86.558744905475805   1378.589480000000549  -743.741513428662302       651.331079999999929
design2.pdb  rebuilt_mutated_A_101_TYR  -8325.565646869945340   7370.145680000001448  -9048.622652409476359   6415.298379999998360  0.187374133424185  -279.486450426279362  1380.974660000000313  -850.276906548771308       688.603849999999852
design2.pdb  rebuilt_mutated_A_33_PHE   -8322.676797326241285   7354.750940000001719  -9056.315027469434426   6252.974880000002486  0.185709181880196  -91.825540965071980   1365.844780000000355  -783.128361101196219       619.307559999999967
design2.pdb  rebuilt_mutated_A_49_GLY   -8313.816038395494616   7346.993830000001253  -9063.397187711418155   6394.658930000000510  0.185018875944803  -105.419053363327862  1359.332540000000336  -780.430500174103031       619.711230000000000
design2.pdb  rebuilt_mutated_A_89_GLN   -8312.282292312984282   7345.921690000000126  -9055.452551791462611   6393.586789999999382  0.184903098252331  -132.771884953936592  1358.283680000000459  -793.088632126316384       618.593779999999924
design2.pdb  rebuilt_mutated_A_52_VAL   -8307.590839396205411   7346.733850000000530  -9057.987081432953346   6382.318900000001122  0.186519658664374  17.435592832160957    1370.310290000000350  -768.412546855908317       621.630880000000047
design2.pdb  rebuilt_mutated_A_52_CYS   -8307.329321923405587   7348.935610000000452  -9059.706845702041392   6384.691660000001320  0.186543770792407  7.791764489795831     1370.898160000000189  -772.032181213085664       634.953520000000026
design2.pdb  rebuilt_mutated_A_52_GLY   -8297.822513289067501   7324.929729999999836  -9097.795695529304794   6340.401379999999335  0.185882194121745  37.640166207232056    1361.574010000000499  -794.066150005408076       610.158950000000004
design2.pdb  rebuilt_mutated_A_52_ILE   -8294.350577854205767   7355.717270000002827  -9044.035500759582646   6394.684870000000956  0.186643259876137  25.094040014378809    1372.895050000000538  -746.954866518916106       648.172629999999913
design2.pdb  rebuilt_mutated_A_33_GLY   -8291.007852505375922   7326.559889999999541  -9055.418673368845702   6352.397719999999936  0.185163488781636  -56.505547696084854   1356.611390000000483  -778.740105601474170       615.241280000000074
design2.pdb  rebuilt_mutated_A_31_TRP   -8286.901621936418451   7360.050740000001497  -9054.799147329504194   6382.978930000000219  0.184886433269345  -131.281619123304495  1360.773530000000392  -791.605403645484785       617.764579999999910
design2.pdb  rebuilt_mutated_A_44_LYS   -8284.973755908837120   7393.424349999998412  -9027.752370147311012   6438.577049999999872  0.186784173966695  -310.256348076719519  1380.974660000000313  -883.131431212401708       688.603849999999852
design2.pdb  rebuilt_mutated_A_52_LEU   -8282.553640355756215   7358.698620000000119  -9033.609398352604330   6397.892149999999674  0.186204295182835  26.129360920295628    1370.221290000000408  -744.141054118985608       651.078929999999900
design2.pdb  rebuilt_mutated_A_90_CYS   -8281.120915089468326   7337.241570000000138  -9063.363350494304541   6361.296909999999116  0.184836294002516  -58.407196946662374   1356.188540000000103  -747.615903012311492       601.422329999999874
design2.pdb  rebuilt_mutated_A_72_PRO   -8270.352965787013090   7303.272139999998217  -9058.477943968109685   6322.373439999994844  0.183289519319487  -23.194922048330337   1338.613240000000360  -656.232473241157209       596.229700000000093
design2.pdb  rebuilt_mutated_A_74_ASN   -8262.332541482946908   7322.551609999999528  -9016.101797318380704   6370.185209999998733  0.181999734652604  109.606545863028089   1332.702450000000454  -559.702102764339202       587.501819999999952
design2.pdb  rebuilt_mutated_A_74_ILE   -8255.203227232128484   7328.324560000000019  -9003.381973553779972   6377.884259999998903  0.182895659031783  95.252166042697695    1340.318750000000136  -572.937495644753312       595.212729999999851
design2.pdb  rebuilt_mutated_A_88_PHE   -8243.534862201471697   7331.469939999997223  -8946.517013538699757   6365.946689999997943  0.182673787243272  -61.501295560535929   1339.267380000000003  -634.153655416191327       596.612370000000055
design2.pdb  rebuilt_mutated_A_33_TYR   -8222.325041195723315   7338.052090000001044  -8990.470841236352499   6260.765220000002046  0.186128821824703  -93.310502390766146   1365.822990000000118  -795.436307908553090       620.625519999999938
design2.pdb  rebuilt_mutated_A_72_ASP   -8215.703252193006847   7301.041639999999461  -8853.892183920706884   6393.780389999997169  0.182643354982975  -116.803728233136326  1333.486740000000054  -644.065563830649353       604.512639999999919
design2.pdb  rebuilt_mutated_A_101_LYS  -8215.456931721602814   7376.279100000000653  -8926.925647976730033   6421.431799999998475  0.187218330716364  -251.102265226787267  1380.974660000000313  -823.960601002073076       688.603849999999852
design2.pdb  rebuilt_mutated_A_72_PHE   -8199.677866090038151   7341.683420000000297  -8908.936027259142065   6415.779759999997623  0.185138879224514  -12.257783203505404   1359.231040000000121  -668.651506005811370       626.015719999999874
design2.pdb  rebuilt_mutated_A_100_TRP  -8197.843532891554787   7427.545530000002145  -9025.610553707963845   6409.837170000000697  0.184570812048593  90.886032293175106    1370.908110000000079  -649.913627056355381       633.444999999999823
design2.pdb  rebuilt_mutated_A_74_VAL   -8192.419787509074013   7313.923320000001695  -8948.603771696181866   6361.749919999997473  0.181302993206661  148.653301466040432   1326.036190000000033  -547.441463772871771       545.915790000000015
design2.pdb  rebuilt_mutated_A_52_MET   -8189.220508912574587   7360.927060000000893  -8914.579263355244620   6263.173069999998006  0.187354121126151  30.702087208682496    1379.100020000000313  -725.846582112049759       659.239959999999996
design2.pdb  rebuilt_mutated_A_74_ASP   -8180.943467833423711   7321.288060000000769  -8937.415952505894893   6369.047459999997955  0.181982110126124  143.805649858385436   1332.343450000000303  -551.459002077312107       566.132249999999999
design2.pdb  rebuilt_mutated_A_74_THR   -8168.297136580060396   7305.359170000000631  -8939.991137344897652   6344.050019999998767  0.180457461340672  166.220568402115191   1318.306569999999965  -548.068217009495584       538.294169999999895
design2.pdb  rebuilt_mutated_A_74_PRO   -8165.697768382400682   7296.335160000001451  -8943.643312589951165   6335.972889999998188  0.179338511911232  148.884890887647714   1308.513889999999947  -555.137813382832746       540.487010000000055
design2.pdb  rebuilt_mutated_A_100_LYS  -8158.356741293036976   7424.606890000000931  -8927.214230646082797   6406.936729999999443  0.189728474634433  101.349375688931559   1408.659339999999929  -618.044268275743548       655.496209999999905
design2.pdb  rebuilt_mutated_A_50_LEU   -8150.264391318475646   7340.162600000001476  -8902.112074625292735   6387.827699999998003  0.184913571260669  0.534237903769188     1357.295680000000630  -716.693037556452509       643.493119999999976
design2.pdb  rebuilt_mutated_A_72_ASN   -8142.383126395119689   7300.705359999998109  -8791.926212180738730   6393.408409999997275  0.182531951953749  -64.789742811565731   1332.612000000000307  -605.191171603288126       604.472149999999942
design2.pdb  rebuilt_mutated_A_102_LYS  -8141.863465167140021   7383.991149999998015  -8904.743136266661168   6421.276549999997769  0.187183079167152  18.099882075747477    1382.158199999999852  -585.863260289859682       669.440279999999802
design2.pdb  rebuilt_mutated_A_72_HIS   -8133.826747851329856   7336.407049999998890  -8857.857847359080552   6410.503389999996216  0.184745133518730  64.142876760333223    1355.365500000000338  -634.231695806918310       617.829069999999888
design2.pdb  rebuilt_mutated_A_72_TYR   -8120.323884056487259   7329.568119999999908  -8815.326841037580380   6402.330159999997704  0.184429335790115  -20.816512690863501   1351.787380000000439  -635.243908065134747       597.239179999999919
design2.pdb  rebuilt_mutated_A_52_LYS   -8111.951951341051426   7359.962110000002212  -8874.621830269927159   6259.846480000000156  0.185664934082113  66.711946263767402    1366.486880000000383  -739.494911979445874       638.751319999999964
design2.pdb  rebuilt_mutated_A_74_CYS   -8088.930491977670499   7315.541070000000218  -8857.637547293606985   6363.280969999997978  0.181521319789406  219.992918045036674   1327.926670000000286  -507.681388996344765       548.173559999999952
design2.pdb  rebuilt_mutated_A_88_PRO   -8087.778546267848469   7325.683420000000297  -8858.474792101573257   6375.345289999998386  0.182248798297102  131.215229009029741   1335.097000000000889  -520.318872283363021       620.076060000000098
design2.pdb  rebuilt_mutated_A_74_ALA   -8087.659408472730320   7289.430270000000746  -8871.004143830627072   6331.092329999999492  0.178851512629944  219.799797804510774   1303.725630000000137  -486.707394347628338       540.322810000000004
design2.pdb  rebuilt_mutated_A_49_TRP   -8078.326139212902490   7363.107220000002599  -8826.586216428127955   6410.772320000001855  0.184613981487017  -84.099367133067005   1359.332540000000336  -764.315718322657176       619.711230000000000
design2.pdb  rebuilt_mutated_A_74_SER   -8078.231868822514116   7290.469130000001314  -8860.132562605784187   6332.161799999999857  0.178973046416287  219.443617642420350   1304.797470000000430  -486.032771780833571       538.383360000000039
design2.pdb  rebuilt_mutated_A_72_LEU   -8074.254880445173512   7312.015999999998712  -8713.925364139224257   6405.087849999998070  0.183764893293450  -60.792950622486408   1343.691840000000411  -606.099988427706990       619.210499999999911
design2.pdb  rebuilt_mutated_A_72_GLU   -8050.677214629011360   7308.493640000001506  -8777.786629295669627   6343.236939999998867  0.183713559337516  7.038230173336991     1342.669380000000274  -638.791507626698831       607.888319999999908
design2.pdb  rebuilt_mutated_A_89_ARG   -8032.877345805097320   7352.898470000000088  -8777.585720962377309   6400.563569999999345  0.184727653392989  -106.968782445592012  1358.283680000000459  -774.113660458009463       618.593779999999924
design2.pdb  rebuilt_mutated_A_72_ILE   -8020.741753900723779   7334.275450000001001  -8793.713331294424279   6381.084260000000540  0.185298506889321  165.994890203339651   1359.030290000000377  -562.474765376602363       626.051159999999982
design2.pdb  rebuilt_mutated_A_72_GLN   -8019.863889973493315   7353.386970000001384  -8760.497879251470295   6417.839219999999841  0.186522588243442  151.456314222073416   1371.572770000000219  -627.674353024395941       476.475340000000074
design2.pdb  rebuilt_mutated_A_44_TYR   -8004.309932853807368   7428.391749999999774  -8749.487181719992805   6473.607549999999719  0.185904931575533  -307.154306235016747  1380.974660000000313  -882.874326827646087       688.603849999999852
design2.pdb  rebuilt_mutated_A_74_GLY   -7993.307833229991957   7275.317759999999907  -8778.018996113680259   6319.049989999997706  0.178026811024128  259.868042407828909   1295.201620000000048  -476.474259288459223       544.775559999999928
design2.pdb  rebuilt_mutated_A_72_THR   -7962.871949424553350   7290.558730000001560  -8748.995037414115359   6310.623729999998432  0.181758788190984  72.894838827225868    1325.123120000000199  -618.205323658317070       584.457829999999944
design2.pdb  rebuilt_mutated_A_71_GLU   -7948.814281046591532   7354.396729999999479  -8700.852923262656986   6402.061829999998736  0.184690020115355  -50.614887952110628   1358.283680000000459  -750.832100464137511       618.593779999999924
design2.pdb  rebuilt_mutated_A_44_PHE   -7945.221389805664330   7425.494230000000243  -8693.364498342089064   6470.710029999999279  0.185977473986940  -305.762512178726411  1380.974660000000313  -882.827330703652365       688.603849999999852
design2.pdb  rebuilt_mutated_A_44_TRP   -7944.439902108619208   7432.658120000002782  -8685.622165721229976   6474.964520000000448  0.185369761094299  -313.127907735755116  1377.790060000000722  -883.669224301264762       688.603849999999852
design2.pdb  rebuilt_mutated_A_70_TYR   -7918.938670124117380   7320.855480000001080  -8587.026299835510144   6417.990629999998418  0.186633335917184  138.347633430842734   1366.315680000000157  -414.282100580852841       524.021070000000122
design2.pdb  rebuilt_mutated_A_72_ALA   -7910.743119821779146   7309.413429999999607  -8710.179598191056357   6352.249089999997523  0.181838266877182  227.797385781492039   1329.131070000000136  -600.926279739683878       547.063390000000140
design2.pdb  rebuilt_mutated_A_72_MET   -7894.302766351435821   7311.257890000000771  -8635.192293298356162   6350.006059999998797  0.184099424510931  93.772164672047239    1345.998370000000250  -587.958442108644704       492.643910000000062
design2.pdb  rebuilt_mutated_A_72_LYS   -7892.875761489597608   7323.740249999999833  -8626.519915771621527   6362.524649999998474  0.185566086945806  124.342541465960295   1359.037820000000238  -578.309750425830202       445.824790000000007
design2.pdb  rebuilt_mutated_A_72_CYS   -7886.491977232313729   7330.669750000000022  -8636.703814613829309   6395.121999999997570  0.184196808211146  240.440118537253397   1350.285970000000361  -533.136442511488553       598.337449999999990
design2.pdb  rebuilt_mutated_A_72_VAL   -7880.940679827817803   7289.038400000000365  -8671.091595925974616   6310.230899999998655  0.181690340662768  130.537045483438277   1324.347870000000285  -583.164942462710655       466.532450000000040
design2.pdb  rebuilt_mutated_A_72_SER   -7875.070328607889678   7309.400869999999486  -8677.332751874660971   6352.300899999998364  0.181838962404589  250.243573767762769   1329.133870000000343  -585.898391559933430       545.615980000000036
design2.pdb  rebuilt_mutated_A_72_GLY   -7848.317170559913393   7294.544909999999618  -8644.923006755152528   6336.767989999999372  0.180364377248039  260.046752876617120   1315.676050000000259  -557.473283395078965       522.474159999999983
design2.pdb  rebuilt_mutated_A_49_LYS   -7825.219210931853922   7407.311539999997876  -8538.370684749788779   6452.464239999998426  0.186433991947367  -148.623347242523266  1380.974660000000313  -743.753417280149051       688.603849999999852
design2.pdb  rebuilt_mutated_A_71_ARG   -7813.063987977173383   7365.615979999998672  -8557.591690553228545   6413.281080000000657  0.184408701687432  -52.459535659362309   1358.283680000000459  -747.164913804134244       618.593779999999924
design2.pdb  rebuilt_mutated_A_88_GLY   -7735.021123590183379   7300.221640000000662  -8421.049379335228878   6387.600279999996928  0.182274979530621  199.500128076556564   1330.647750000000087  -408.375512725416570       605.929089999999974
design2.pdb  rebuilt_mutated_A_89_LYS   -7724.961648348180461   7347.368350000000646  -8468.270597480204742   6395.033449999998993  0.184866691759098  -69.751296422324145   1358.283680000000459  -751.986485572499305       618.593779999999924
design2.pdb  rebuilt_mutated_A_71_LYS   -7496.384863795133242   7384.189390000001367  -8278.042443631866263   6431.854490000000624  0.183944859518290  53.350240062171999    1358.283680000000459  -695.049097781033424       618.593779999999924
design3.pdb  rebuilt_mutated_A_45_TRP   -876.071632332482636    3007.725399999997535  -1867.073095360910656   1603.543770000000450  0.436602443826821  152.703028474179206   1313.180260000000089  -680.303584838367556       622.334119999999984
design3.pdb  rebuilt_mutated_A_28_TYR   -810.044043306312574    2968.875409999998283  -1842.099972300885838   1692.896600000000262  0.424501868874316  301.080311066926697   1260.293159999999943  -611.185581547532593       618.920049999999947
design3.pdb  rebuilt_mutated_A_45_ARG   -681.434551706832053    3005.319749999998294  -1654.283042543473812   1605.336700000000292  0.436549781433407  152.170939185502021   1311.971680000000106  -671.647614061154741       625.692189999999982
design3.pdb  rebuilt_mutated_A_45_MET   -588.462745066772868    2984.456079999998565  -1588.235460030593686   1633.704169999999749  0.438559879896105  256.230871386149431   1308.862700000000132  -589.903740064074441       617.693560000000048
design3.pdb  rebuilt_mutated_A_55_HIS   -538.342411702917502    2971.887659999998959  -1500.200236618188001   1686.813970000000609  0.423582606080070  451.508573889955471   1258.839919999999665  -398.528795760063872       490.549530000000118
design3.pdb  rebuilt_mutated_A_20_TYR   -527.715157485862619    2997.053239999998368  -1578.043685937583177   1700.327489999999898  0.424897530348844  260.468576942468530   1273.440519999999424  -593.466518647051089       642.342270000000212
design3.pdb  rebuilt_mutated_A_24_TYR   -516.615136849069245    2974.875629999997727  -1582.235194242916350   1681.758920000000444  0.429281041910314  351.682227853322502   1277.057709999999361  -547.635958321844214       621.540810000000079
design3.pdb  rebuilt_mutated_A_27_TRP   -506.682727479644598    2958.382849999999053  -1569.414075754911437   1646.437630000000127  0.423954729185913  418.179411978374958   1254.220399999999472  -499.412355327535579       506.538489999999967
design3.pdb  rebuilt_mutated_A_24_HIS   -505.000223553455328    2962.406649999998535  -1576.189026835066670   1668.137260000000424  0.428112338999779  383.462482626046949   1268.242839999999205  -516.673337988558501       611.573260000000005
design3.pdb  rebuilt_mutated_A_42_TRP   -502.992794471686409    3000.762539999998353  -1619.036896479268762   1697.104840000000195  0.434873090624492  602.943132385110857   1304.950879999999643  -398.645294327474744       467.969980000000021
design3.pdb  rebuilt_mutated_A_59_PHE   -500.442813087490094    3005.488549999999123  -1446.638906445296698   1848.732460000000401  0.431640988950033  467.593236217453750   1297.292049999999790  -397.522934254432130       490.549530000000118
design3.pdb  rebuilt_mutated_A_20_HIS   -500.106790621916161    2988.271629999997458  -1594.572963973848800   1678.720920000000206  0.434285891875231  400.352100493812884   1297.764209999999139  -540.914840652586690       617.582629999999995
design3.pdb  rebuilt_mutated_A_59_TYR   -489.202094932925093    3004.382519999998294  -1409.459519039655106   1624.525990000000320  0.431586933876849  491.690053527055852   1296.652239999999892  -371.117999916812835       520.595450000000028
design3.pdb  rebuilt_mutated_A_59_ASP   -483.103794237895045    2963.869119999998020  -1442.476312840251012   1594.312670000000253  0.421499479032327  490.428655817475885   1249.269289999999501  -395.306563014401718       490.549530000000118
design3.pdb  rebuilt_mutated_A_55_TRP   -480.834945701954041    2971.173899999999321  -1535.271787001301391   1638.351870000000190  0.423718039526397  476.332384799610907   1258.939979999999878  -399.717025658807415       490.549530000000118
design3.pdb  rebuilt_mutated_A_59_PRO   -480.640153081580479    2949.880159999998796  -1445.793256123832634   1594.269770000000335  0.419092899692576  500.050920072919723   1236.273830000000089  -395.306563014401718       490.549530000000118
design3.pdb  rebuilt_mutated_A_24_GLN   -475.548580837943064    2960.712339999998221  -1549.806430603301806   1664.686160000000200  0.426657606324565  423.322156103919326   1263.210439999999608  -488.348135751696248       604.784070000000156
design3.pdb  rebuilt_mutated_A_20_LYS   -474.714884299507617    2973.839889999998832  -1556.319289135589770   1652.158140000000003  0.427788249218757  346.907295252758843   1272.173759999999447  -544.790557566407301       620.888050000000021
design3.pdb  rebuilt_mutated_A_59_ASN   -473.730242480228867    2965.551009999998769  -1445.298971256290542   1594.312670000000253  0.421768121938324  499.627934921090969   1250.774879999999939  -395.306563014401718       490.549530000000118
design3.pdb  rebuilt_mutated_A_55_ILE   -471.459039745351390    2959.507939999998143  -1484.763535170273826   1677.626290000000381  0.421574702718993  487.556729050529100   1247.653679999999895  -397.777773791506775       490.549530000000118
design3.pdb  rebuilt_mutated_A_49_ILE   -471.101596938836565    3018.764079999999012  -1477.140011316160098   1625.064019999999800  0.432566787398636  301.832304510116955   1305.817079999998896  -502.226958340645865       576.249090000000024
design3.pdb  rebuilt_mutated_A_59_ALA   -469.454622894953332    2952.668559999997797  -1428.735723624086859   1597.623330000000351  0.418462094506131  490.322923391276333   1235.579870000000028  -395.306563014401718       490.549530000000118
design3.pdb  rebuilt_mutated_A_62_TRP   -466.889530736186543    2980.677229999998417  -1497.038220792923312   1679.705990000000384  0.423234386904751  505.580368819515797   1261.525099999999838  -384.786099598937483       503.731930000000091
design3.pdb  rebuilt_mutated_A_59_HIS   -459.772480113943004    2973.881909999998697  -1421.949823157760420   1578.599470000000338  0.423504906420444  501.459580067727302   1259.453579999999647  -395.306563014401718       490.549530000000118
design3.pdb  rebuilt_mutated_A_20_LEU   -455.771613259741912    2974.233369999998558  -1526.188171741341876   1653.526470000000245  0.427754248483871  372.487930461197152   1272.240959999999404  -522.223788941604994       634.555860000000052
design3.pdb  rebuilt_mutated_A_59_GLY   -453.370916880101447    2951.307059999997819  -1417.761538246083092   1600.038720000000239  0.418655139868774  487.992989418559034   1235.579870000000028  -395.306563014401718       490.549530000000118
design3.pdb  rebuilt_mutated_A_63_GLY   -450.188776185783468    2916.843529999998736  -1490.682109834046969   1652.049380000000156  0.430444484624103  481.840026079165284   1255.539209999999912  -395.274075262267843       490.549530000000118
design3.pdb  rebuilt_mutated_A_59_THR   -447.817943715557476    2966.431549999998879  -1456.342100759414279   1611.225570000000289  0.422371424683641  501.111797953642451   1252.935919999999896  -402.338219201982838       490.549530000000118
design3.pdb  rebuilt_mutated_A_59_GLN   -443.180800401110957    2978.727909999999156  -1497.942493199157070   1665.946190000000570  0.423156299629932  512.698530723747581   1260.467479999999568  -395.306563014401718       490.549530000000118
design3.pdb  rebuilt_mutated_A_59_SER   -441.440835635206099    2952.394309999997859  -1418.620846638239072   1597.194880000000239  0.418500965746679  488.282230325348223   1235.579870000000028  -395.306563014401718       490.549530000000118
design3.pdb  rebuilt_mutated_A_24_PHE   -439.691115720560447    2972.246779999998125  -1515.814413868573183   1679.097500000000082  0.428711023786524  413.770928845258254   1274.234959999999546  -495.523354093180103       618.685490000000073
design3.pdb  rebuilt_mutated_A_63_SER   -439.528979252468389    2918.041359999998804  -1481.096031913676370   1662.763279999999895  0.430267790995259  482.382995862198868   1255.539209999999912  -395.274075262267843       490.549530000000118
design3.pdb  rebuilt_mutated_A_20_ASP   -438.932132908736548    2940.794599999999718  -1528.858419579310294   1620.410030000000233  0.422392050094216  433.385232880592980   1242.168259999999691  -465.679081455988694       591.826140000000123
design3.pdb  rebuilt_mutated_A_9_TRP    -438.278894942113936    2946.103669999999056  -1549.454120156984800   1660.296570000000202  0.425924193631652  415.242324422106662   1254.816829999999300  -432.798291412595574       528.206230000000005
design3.pdb  rebuilt_mutated_A_24_THR   -436.582768288877901    2954.923409999998512  -1514.982420238953182   1647.249950000000126  0.426693973093536  444.143814582044115   1260.848009999999476  -469.991785101528137       590.774360000000001
design3.pdb  rebuilt_mutated_A_49_VAL   -432.793142300599243    2988.170299999998406  -1493.036231229385066   1652.079509999999800  0.423067784992040  388.946204203253785   1264.198589999999740  -475.159365308619897       592.660290000000032
design3.pdb  rebuilt_mutated_A_42_ILE   -432.094838406365113    3018.747719999998480  -1489.058021752028253   1702.693310000000110  0.435069085534581  402.966284686958033   1313.363809999999603  -495.625792431768957       620.793850000000020
design3.pdb  rebuilt_mutated_A_42_ASN   -425.354773478034815    2999.072169999997186  -1509.363534996201452   1684.172780000000785  0.433176117932501  413.367838865828332   1299.126439999999548  -499.445188195563446       621.439779999999928
design3.pdb  rebuilt_mutated_A_48_TRP   -425.013358633409325    2985.768379999998615  -1551.339254268811828   1623.921230000000378  0.425840329248848  513.808207858000969   1271.460589999999456  -425.476999222108248       507.144120000000100
design3.pdb  rebuilt_mutated_A_16_GLY   -421.701409109538986    2972.431509999997616  -1529.387773857213460   1684.934510000000046  0.420112630282270  360.362397047052980   1248.756019999999580  -542.807836000305429       635.318529999999896
design3.pdb  rebuilt_mutated_A_24_ASN   -418.912348618597207    2958.115709999998671  -1491.903484868276337   1661.366220000000339  0.427497746530003  449.300844186533823   1264.587799999999561  -452.571983764152719       605.438120000000026
design3.pdb  rebuilt_mutated_A_3_ARG    -418.475765477417838    3003.457229999998617  -1422.927366438135095   1594.312670000000253  0.418946135617187  548.680681936138967   1258.286799999999857  -395.306563014401718       490.549530000000118
design3.pdb  rebuilt_mutated_A_59_CYS   -413.594664868273526    2970.278879999998480  -1448.876040896738004   1611.639870000000201  0.423016659634330  515.408127216448293   1256.477449999999635  -402.338219201982838       490.549530000000118
design3.pdb  rebuilt_mutated_A_3_ASN    -410.680109524308875    2958.752829999998539  -1433.062057384252739   1594.312670000000253  0.421253640169733  540.181051134612403   1246.385399999999663  -395.306563014401718       490.549530000000118
design3.pdb  rebuilt_mutated_A_42_PRO   -409.271847717211074    3005.156809999999041  -1494.033878552076203   1634.837830000000622  0.436412308214958  387.447410150609926   1311.487419999999247  -524.978750059287677       601.049029999999902
design3.pdb  rebuilt_mutated_A_24_GLU   -407.509700022597031    2961.378309999998237  -1485.417673583551959   1665.422160000000304  0.426298374556542  471.346122120763482   1262.430759999999509  -442.612575995635041       604.074420000000032
design3.pdb  rebuilt_mutated_A_6_HIS    -406.065570779309041    2930.650079999998979  -1449.522094046981692   1595.319459999999935  0.423822809306528  489.238901003107401   1242.076349999999593  -403.123021036337377       491.030430000000138
design3.pdb  rebuilt_mutated_A_24_LYS   -402.090414227191673    2962.593609999998534  -1480.108475889883948   1655.480100000000220  0.426125515743619  438.541477829442783   1262.436729999999670  -447.161350511787532       627.062960000000203
design3.pdb  rebuilt_mutated_A_20_GLN   -401.858353669952862    2953.431169999998929  -1442.430448380355756   1598.527910000000247  0.425537822843523  451.086034853180536   1256.796669999999494  -409.182746447336910       522.294090000000097
design3.pdb  rebuilt_mutated_A_63_THR   -401.052143658965576    2909.599539999999251  -1407.812773116008429   1589.689259999999877  0.429723992188973  495.198517942898832   1250.324729999999818  -395.274075262267843       490.549530000000118
design3.pdb  rebuilt_mutated_A_24_PRO   -401.028461454547596    2945.423619999998209  -1471.646768429583744   1621.663970000000290  0.425508942581237  461.117351117588669   1253.304089999999405  -439.281501081734007       567.144250000000056
design3.pdb  rebuilt_mutated_A_45_LEU   -400.704168207312478    2954.954619999997703  -1453.138978239093149   1645.331790000000410  0.423011156090106  440.402236494544013   1249.978769999999486  -436.232769149287833       609.242039999999974
design3.pdb  rebuilt_mutated_A_63_ILE   -400.013179217501204    2942.902419999999438  -1427.460203943273882   1617.147759999999835  0.428245938919035  466.592940758528755   1260.286009999999806  -402.246218507729509       490.549530000000118
design3.pdb  rebuilt_mutated_A_6_TYR    -397.211199641035137    2925.087859999998273  -1378.573721888587443   1613.175820000000158  0.420144316622339  381.933435403376563   1228.959039999999732  -421.922000551730378       582.128420000000006
design3.pdb  rebuilt_mutated_A_16_ASP   -397.057827550483239    2976.169889999997849  -1506.090289713667062   1692.630800000000136  0.424337976888813  345.309344714320389   1262.901909999999816  -546.377593607473841       641.820619999999963
design3.pdb  rebuilt_mutated_A_3_GLY    -396.189174891999301    2961.530159999998887  -1446.935677458600139   1649.204170000000204  0.425955962575779  507.609217044848947   1261.481430000000046  -402.246218507729509       490.549530000000118
design3.pdb  rebuilt_mutated_A_6_ASP    -394.696025286929682    2923.405459999998584  -1376.016134005635195   1645.219310000000405  0.421324878417652  374.389418590906928   1231.703449999999975  -430.577443312878245       615.968020000000024
design3.pdb  rebuilt_mutated_A_63_MET   -391.402857277386545    2993.339589999998225  -1531.814475885928914   1701.569510000000264  0.426886893912361  510.000153485532337   1277.817439999999806  -402.246218507729509       490.549530000000118
design3.pdb  rebuilt_mutated_A_12_ASN   -391.066773823881590    2935.298609999999371  -1394.876321328721360   1623.653460000000223  0.422646904057233  466.508569746367016   1240.594869999999673  -391.118567455815196       565.608069999999998
design3.pdb  rebuilt_mutated_A_37_PRO   -390.514546984236119    2961.363169999998718  -1434.448071656298907   1609.627750000000333  0.431774067076008  493.476935659270112   1278.639819999999190  -426.970199343188085       491.667730000000006
design3.pdb  rebuilt_mutated_A_24_MET   -385.295003421310298    2958.840669999998227  -1471.389353770792241   1645.778270000000475  0.422862066445775  447.351966056351046   1251.181479999999965  -442.316857632359074       609.858820000000264
design3.pdb  rebuilt_mutated_A_26_TRP   -384.799814366745409    2963.194409999999607  -1482.707999476780515   1627.159450000000561  0.427842744884228  475.218806706925477   1267.781229999999823  -421.118187645230705       483.978630000000123
design3.pdb  rebuilt_mutated_A_6_ASN    -384.523791251091325    2924.948239999998805  -1375.790367156640968   1645.219310000000405  0.421538409855759  382.952564714267623   1232.978029999999762  -430.418140146274368       615.968020000000024
design3.pdb  rebuilt_mutated_A_63_ALA   -382.336153020914196    2949.719139999998333  -1484.855102303746889   1652.049380000000156  0.428458595552931  514.927442327324115   1263.832519999999931  -395.274075262267843       490.549530000000118
design3.pdb  rebuilt_mutated_A_37_THR   -382.324446936698507    2965.902489999999489  -1422.453123372478103   1608.437540000000354  0.432643738061665  496.589700910074271   1283.179139999999052  -418.398046776693377       490.477520000000027
design3.pdb  rebuilt_mutated_A_24_LEU   -380.812898697651462    2963.364159999999174  -1488.247420023765699   1662.974459999999908  0.429020657386907  457.049841007327700   1271.344440000000077  -479.353329048567218       606.623710000000074
design3.pdb  rebuilt_mutated_A_16_ASN   -377.141836604187120    2976.392699999998058  -1490.192132696005956   1693.120210000000043  0.424381070414532  363.042361550994087   1263.124719999999570  -531.739289128759651       642.310029999999983
design3.pdb  rebuilt_mutated_A_6_PHE    -377.071884349958623    2922.000989999998183  -1359.746539238130708   1613.408320000000231  0.420235240919614  380.746688390913448   1227.927789999999959  -421.378861459623465       582.128420000000006
design3.pdb  rebuilt_mutated_A_3_MET    -376.623436665457859    2981.990829999998368  -1415.620106180432458   1594.312670000000253  0.420027213832847  536.086078456961786   1252.517299999999523  -395.306563014401718       490.549530000000118
design3.pdb  rebuilt_mutated_A_63_PRO   -375.506478623629846    2941.011409999999159  -1430.122453086852829   1591.498960000000352  0.427954150643707  517.762359549692064   1258.618039999999837  -395.274075262267843       490.549530000000118
design3.pdb  rebuilt_mutated_A_12_ILE   -374.769992446290246    2934.261369999999260  -1401.637903013569712   1653.994760000000269  0.422646367729675  451.534403828563541   1240.154909999999518  -415.877514750227419       595.950569999999971
design3.pdb  rebuilt_mutated_A_24_ASP   -371.273563827210126    2956.480499999998756  -1451.407912205859020   1654.756710000000567  0.427137185582655  485.741202431959778   1262.822759999999334  -422.332507903656733       598.698780000000056
design3.pdb  rebuilt_mutated_A_37_ASP   -370.972762801617307    2970.419909999999163  -1420.464852736702369   1609.681280000000243  0.433506574496398  514.141670023302595   1287.696559999999181  -412.284147411652100       491.721260000000029
design3.pdb  rebuilt_mutated_A_37_SER   -369.166333992916805    2965.209649999999328  -1422.312392594191806   1608.363890000000310  0.432511171680559  508.569184225262688   1282.486299999999346  -417.498059108990617       490.403870000000097
design3.pdb  rebuilt_mutated_A_37_GLY   -367.747549426346438    2955.729809999998906  -1433.683343299105445   1610.821790000000192  0.430691078627380  510.226210502665595   1273.006459999999151  -427.394611789938949       492.861769999999979
design3.pdb  rebuilt_mutated_A_42_ASP   -365.831536091723422    2998.092389999997067  -1461.858930897683194   1682.948600000000397  0.433407697619352  434.768632100003515   1299.396319999999378  -481.318226923444570       621.465260000000058
design3.pdb  rebuilt_mutated_A_13_TYR   -364.696876054452900    2989.512919999998303  -1439.211611411246622   1864.273890000000847  0.433347794328984  374.101553663578727   1295.498829999999316  -445.348997202617397       613.405370000000062
design3.pdb  rebuilt_mutated_A_9_PHE    -363.531905331509620    2975.016209999998864  -1483.569584574518103   1619.201549999999997  0.429657292522786  488.600380687644133   1278.237409999999500  -438.634481112697301       606.980950000000007
design3.pdb  rebuilt_mutated_A_63_ASN   -362.723465217688670    2972.094249999997828  -1515.961721028151942   1651.223280000000386  0.428952560976154  500.015602088381740   1274.887439999999742  -402.246218507729509       490.549530000000118
design3.pdb  rebuilt_mutated_A_16_PRO   -359.737387092106587    2970.540149999997993  -1461.649083261002488   1716.305260000000317  0.423246987589109  370.439563604161890   1257.272169999999505  -521.858656111829418       638.925379999999905
design3.pdb  rebuilt_mutated_A_13_ARG   -359.632251617253075    2951.218259999999646  -1396.100167369852215   1717.972980000001144  0.424561448735411  486.528535439378118   1252.973499999999831  -374.662667601398425       507.237180000000080
design3.pdb  rebuilt_mutated_A_37_ALA   -359.120678936302795    2962.118309999998928  -1425.444310755724700   1609.656390000000329  0.431918926290287  518.799383754518203   1279.394959999999173  -419.862832805665846       491.696370000000002
design3.pdb  rebuilt_mutated_A_6_ALA    -355.145832754877119    2928.069599999999355  -1415.824122095846633   1608.472150000000283  0.423148353440779  518.414168473683389   1239.007829999999558  -396.830306322307933       490.549530000000118
design3.pdb  rebuilt_mutated_A_2_TYR    -354.206640101894436    2959.287919999998849  -1460.550739158134547   1625.836750000000393  0.428976407270300  522.725684675767525   1269.464699999999539  -414.360117358608534       598.088350000000105
design3.pdb  rebuilt_mutated_A_37_ASN   -353.927076467560539    2973.147139999999126  -1409.771709397877203   1609.681280000000243  0.434026211699701  526.582307072694562   1290.423789999999144  -403.525896097336840       491.721260000000029
design3.pdb  rebuilt_mutated_A_3_PRO    -352.586021837912369    2979.057489999998779  -1461.151210965220116   1626.725470000000314  0.428161646521296  575.183723546433271   1275.518159999999625  -402.338219201982838       490.549530000000118
design3.pdb  rebuilt_mutated_A_24_CYS   -352.259983533260254    2957.823909999998705  -1438.042768802889896   1661.982629999999972  0.427289537327460  477.751754467228523   1263.847209999999222  -434.946033654993187       605.605740000000083
design3.pdb  rebuilt_mutated_A_20_GLU   -351.691101521582198    2952.418759999999111  -1413.880396098325036   1598.651940000000195  0.425340834780497  494.961445906029894   1255.784259999999676  -388.115860547965269       522.418120000000044
design3.pdb  rebuilt_mutated_A_55_PRO   -351.228453923963741    2922.833849999999074  -1426.207585534466489   1608.509550000000445  0.422020984873978  526.363195590541295   1233.497219999999515  -398.984596819048875       490.549530000000118
design3.pdb  rebuilt_mutated_A_63_VAL   -350.136306770526289    2917.298879999998917  -1392.352834453841979   1590.483060000000023  0.428589863922342  499.291149853079503   1250.324729999999818  -395.274075262267843       490.549530000000118
design3.pdb  rebuilt_mutated_A_16_ALA   -348.086341962452650    2971.991989999997713  -1475.122568957490557   1688.892500000000155  0.423528735688147  379.933913373778921   1258.724009999999680  -523.914887552840355       638.082319999999982
design3.pdb  rebuilt_mutated_A_26_TYR   -347.214428287441876    2948.974169999999503  -1445.550516156309413   1632.293210000000499  0.425168522245822  499.943280215912011   1253.810989999999720  -412.542022880682339       459.926490000000115
design3.pdb  rebuilt_mutated_A_37_CYS   -346.264961808668488    2962.827199999999266  -1408.343386416157045   1609.681280000000243  0.432054846128049  529.391738867505637   1280.103849999999284  -403.128639618331363       491.721260000000029
design3.pdb  rebuilt_mutated_A_42_LEU   -345.696691949061858    3003.748399999997218  -1439.950324773758439   1694.659140000000207  0.431740567885113  434.761166489315883   1296.840039999999590  -483.239690155409846       619.431180000000040
design3.pdb  rebuilt_mutated_A_24_VAL   -344.316149645756070    2969.556229999997868  -1423.779234602591487   1670.112239999999929  0.424908882765961  463.411701037304795   1261.790819999999485  -447.856244451274392       600.791169999999966
design3.pdb  rebuilt_mutated_A_63_TRP   -342.589631892552575    3015.103979999998501  -1505.395699132652908   1738.535770000000184  0.427322864666180  561.255850356535348   1288.422869999999193  -395.274075262267843       490.549530000000118
design3.pdb  rebuilt_mutated_A_27_PRO   -342.140541647566863    2914.843569999999090  -1427.863789593982347   1593.215190000000348  0.422823571969593  533.309507143011842   1232.464569999999412  -398.450404464270378       538.284490000000005
design3.pdb  rebuilt_mutated_A_42_ALA   -341.778497088687402    2999.748629999998684  -1436.388871267771265   1624.788700000000290  0.436578700929351  421.856198957941842   1309.626359999999522  -489.123169208395154       604.942679999999996
design3.pdb  rebuilt_mutated_A_6_GLY    -341.529186075067287    2925.098299999998744  -1404.948380939928711   1609.887890000000425  0.423578185389530  518.344721937782879   1239.007829999999558  -396.593040089159558       490.549530000000118
design3.pdb  rebuilt_mutated_A_24_ALA   -341.285604037919654    2944.893169999998463  -1426.899934127161259   1622.747450000000072  0.424900323294240  490.725725856644033   1251.286059999999679  -421.861341744797983       566.740149999999971
design3.pdb  rebuilt_mutated_A_58_TYR   -341.224711969948601    2973.450409999998556  -1447.813928900726751   1653.282570000000533  0.423498732571767  571.091160824723033   1259.252479999999423  -395.248697797417776       490.549530000000118
design3.pdb  rebuilt_mutated_A_24_ILE   -341.201096407287707    2968.241439999997510  -1417.482124611727386   1680.969800000000077  0.425100894083603  468.175754121248815   1261.802089999999453  -440.707548422558546       607.083590000000072
design3.pdb  rebuilt_mutated_A_6_SER    -340.801259543322374    2928.054149999999026  -1407.838900608168160   1608.509550000000445  0.423150586200737  522.868443612312944   1239.007829999999558  -396.266175183227801       490.549530000000118
design3.pdb  rebuilt_mutated_A_9_ILE    -339.609234485654838    2915.446519999999055  -1410.542703416763061   1603.523570000000291  0.420042134746481  517.048993982056118   1224.610379999999623  -393.368458401763746       490.370030000000042
design3.pdb  rebuilt_mutated_A_55_GLY   -336.612577374657008    2915.677249999999276  -1412.871300503245720   1608.509550000000445  0.420602321467508  531.793590408095952   1226.340619999999490  -397.772181270053011       490.549530000000118
design3.pdb  rebuilt_mutated_A_24_SER   -335.631777259260332    2950.926659999998265  -1408.001368128482909   1621.879310000000487  0.426134223207025  490.526802079376750   1257.490839999999707  -410.181825044340542       566.043299999999931
design3.pdb  rebuilt_mutated_A_44_TRP   -335.239366658159895    2947.976709999998548  -1417.806963313239976   1636.093810000000076  0.426718259249748  539.027833309574135   1257.955489999999145  -399.671968934334473       377.680489999999963
design3.pdb  rebuilt_mutated_A_63_HIS   -332.110643262007102    2962.262829999998758  -1489.866109985606272   1651.803680000000440  0.428713211109630  538.955836628182738   1269.961209999999937  -395.274075262267843       490.549530000000118
design3.pdb  rebuilt_mutated_A_37_VAL   -331.975527837770471    2970.844869999998991  -1395.737489748964663   1608.617910000000165  0.432886376191026  527.072239260812239   1286.038269999998874  -395.684646268149208       490.657890000000066
design3.pdb  rebuilt_mutated_A_45_GLN   -330.804219475761386    2996.542219999995723  -1374.559008918422933   1680.953809999999976  0.432885537651460  460.888393545074109   1297.159789999999020  -433.126489140024319       610.099829999999884
design3.pdb  rebuilt_mutated_A_27_HIS   -330.631948672993133    2926.956789999999273  -1444.772290340499467   1581.844990000000053  0.420833749308612  531.027857315171559   1231.762199999999439  -426.574171115008255       463.556469999999933
design3.pdb  rebuilt_mutated_A_55_ASP   -329.999969009650499    2936.015499999999520  -1408.562054302494289   1612.705290000000332  0.424615902061825  545.483697877722420   1246.678869999999279  -398.934110828860184       490.549530000000118
design3.pdb  rebuilt_mutated_A_20_ARG   -327.817547675667299    2990.852479999997740  -1382.959683098928053   1723.955169999999953  0.424324656092700  400.771944600957738   1269.092449999999417  -461.187029192496311       646.831309999999917
design3.pdb  rebuilt_mutated_A_49_GLU   -327.313563335710398    2975.455889999998817  -1418.148086520811830   1558.408250000000862  0.432437901137899  519.707337965249280   1286.699899999999616  -405.769535488279814       507.343800000000101
design3.pdb  rebuilt_mutated_A_20_ILE   -326.793057521915273    2940.109609999999066  -1422.968010723773205   1626.036090000000058  0.421655201487539  494.236847257672480   1239.712509999999611  -422.784600786735155       547.358650000000011
design3.pdb  rebuilt_mutated_A_16_CYS   -326.290473564208298    2975.608849999997801  -1445.804465736915517   1691.310859999999821  0.424229437951833  394.851396754761083   1262.340869999999768  -502.469299161581262       640.500679999999988
design3.pdb  rebuilt_mutated_A_49_GLN   -325.571400883161630    2987.393039999998564  -1456.536863400058337   1607.875860000000557  0.433763720625124  571.149092579328453   1295.822719999999208  -403.219297527248841       505.256650000000093
design3.pdb  rebuilt_mutated_A_12_GLN   -325.237914321145752    2942.904399999998986  -1349.919742300843382   1624.223860000000286  0.422972288872177  425.313002435480314   1244.767009999999800  -423.660953551261287       594.972570000000019
design3.pdb  rebuilt_mutated_A_9_VAL    -324.250293875397062    2914.621999999999389  -1402.251738719914783   1585.687770000000228  0.419878069952124  524.196875443511658   1223.785859999999502  -390.841258543224512       490.371730000000071
design3.pdb  rebuilt_mutated_A_3_ALA    -323.639239389153033    2974.860789999998815  -1446.021425713253620   1627.095470000000205  0.427044608026852  575.697964409301335   1270.398259999999709  -402.338219201982838       490.549530000000118
design3.pdb  rebuilt_mutated_A_42_SER   -323.330800865054869    2998.702629999998408  -1430.963859382532291   1623.015100000000302  0.436715620581558  429.233404811680828   1309.580279999999448  -487.943215958471683       604.980879999999956
design3.pdb  rebuilt_mutated_A_12_ARG   -323.249622608032098    2955.646119999998518  -1404.363492356166262   1645.498870000000579  0.425459841586177  442.190710694158895   1257.508729999999332  -472.166379589909354       634.380879999999934
design3.pdb  rebuilt_mutated_A_26_PHE   -322.769565887815418    2948.910049999999501  -1438.056092424582175   1632.305390000000671  0.425164331479015  519.340104153420612   1253.771369999999251  -410.927090231574823       459.938670000000116
design3.pdb  rebuilt_mutated_A_26_HIS   -322.476870570742960    2945.926229999999578  -1444.766212605270994   1633.165070000000696  0.424640351567799  523.150543922410066   1250.959149999999454  -411.375769932573803       453.879350000000102
design3.pdb  rebuilt_mutated_A_45_ASP   -322.160776072251736    2943.561459999997624  -1403.583003135745457   1637.788930000000391  0.425036605147018  442.726130315047271   1251.121369999999615  -444.135881493133013       614.234940000000051
design3.pdb  rebuilt_mutated_A_2_GLY    -322.077703950070202    2936.005909999999403  -1428.138203581042035   1625.836750000000393  0.422128377118968  530.755565259352238   1239.371409999999514  -402.230202298143240       490.549530000000118
design3.pdb  rebuilt_mutated_A_31_GLU   -322.020582028847969    2978.142599999998765  -1451.933974643623287   1614.914840000000140  0.430216615550914  541.609107850627197   1281.246429999999464  -438.619547816645309       492.102130000000045
design3.pdb  rebuilt_mutated_A_20_ASN   -320.866019464319777    2941.957479999999123  -1425.908860484586512   1620.307929999999942  0.422328782263706  513.096075698941263   1242.473319999999831  -404.770240133860341       548.416680000000042
design3.pdb  rebuilt_mutated_A_58_HIS   -320.243799730038972    2956.418509999999515  -1442.674659445506450   1606.928850000000466  0.425565042886976  579.673737974649043   1258.148369999999431  -395.248697797417776       490.549530000000118
design3.pdb  rebuilt_mutated_A_49_ARG   -319.437082146287651    3037.771459999998115  -1472.577895841273403   1669.473909999999705  0.435048356139339  607.219284758442882   1321.577479999999014  -404.105586822752173       580.728229999999940
design3.pdb  rebuilt_mutated_A_37_TYR   -318.472739275804145    2940.440169999999398  -1404.550456212434028   1609.681280000000243  0.425248900745360  550.495336161756882   1250.418949999999541  -402.074521471629055       491.721260000000029
design3.pdb  rebuilt_mutated_A_12_CYS   -318.327876462179404    2934.907549999999446  -1360.190019040284369   1623.653460000000450  0.422703219391016  482.235844177724914   1240.594869999999673  -386.252039921422863       565.608069999999998
design3.pdb  rebuilt_mutated_A_6_CYS    -318.270456843810848    2928.307449999999335  -1397.715578105231543   1608.509550000000445  0.423113983471920  530.504749430775291   1239.007829999999558  -395.707576478372971       490.549530000000118
design3.pdb  rebuilt_mutated_A_26_THR   -316.802718250513919    2948.426279999999224  -1415.535637714692484   1608.312320000000682  0.426907774000712  555.650533826663718   1258.706099999999651  -397.417290028119055       489.960500000000138
design3.pdb  rebuilt_mutated_A_55_ASN   -316.479890155839826    2937.059839999998985  -1410.171251088361714   1612.421640000000480  0.424820493272619  556.710473094994995   1247.723209999999426  -399.371643897779791       490.549530000000118
design3.pdb  rebuilt_mutated_A_55_ALA   -315.632749820387858    2923.354449999999360  -1412.069909949010707   1608.509550000000445  0.422123913164207  548.444272415544219   1234.017819999999347  -398.136523218547495       490.549530000000118
design3.pdb  rebuilt_mutated_A_34_ARG   -315.529124335309291    2979.849979999999050  -1397.832090435977989   1669.075240000000349  0.422624836301323  566.595164230763658   1259.358609999999544  -391.077412498745844       513.619580000000042
design3.pdb  rebuilt_mutated_A_12_GLU   -315.037210520288170    2946.736909999999170  -1432.461532451006860   1586.877850000000535  0.424232786360286  540.293056092914298   1250.102409999999736  -414.351668754781599       506.398030000000063
design3.pdb  rebuilt_mutated_A_12_PRO   -314.676420012305414    2939.185089999999036  -1341.927170200705859   1594.110360000000355  0.422084724851404  470.768141184431329   1240.585129999999708  -390.364224763100822       565.595269999999914
design3.pdb  rebuilt_mutated_A_26_ARG   -314.370276217433855    2966.166939999999158  -1427.742911030561345   1555.984350000000632  0.425863936707487  517.681964846472738   1263.183529999999564  -409.912607298067371       490.274030000000039
design3.pdb  rebuilt_mutated_A_63_ASP   -313.541749514410867    2958.633589999998094  -1480.569613595590226   1651.837580000000344  0.427147323775230  527.569711246971906   1263.772419999999784  -395.274075262267843       490.549530000000118
design3.pdb  rebuilt_mutated_A_20_PRO   -309.454107186682961    2926.094699999999193  -1409.094567948346366   1595.097340000000486  0.420164870262060  542.428252821113574   1229.442199999999730  -385.841080762728211       515.145400000000109
design3.pdb  rebuilt_mutated_A_58_PHE   -309.283281466732205    2962.800389999999425  -1436.303981544114549   1624.812950000000228  0.425017019118186  590.144682351859615   1259.240589999999202  -395.248697797417776       490.549530000000118
design3.pdb  rebuilt_mutated_A_30_SER   -308.170558959777566    2941.809449999998833  -1394.034192760552287   1606.764860000000226  0.423268390139953  538.273915311963719   1245.174949999999853  -392.969903944963278       488.804840000000070
design3.pdb  rebuilt_mutated_A_44_PHE   -308.040726960082793    2938.920819999998457  -1369.289533669685852   1618.479890000000296  0.424951768520256  557.784050115655077   1248.899599999999509  -359.948792678220741       423.807050000000004
design3.pdb  rebuilt_mutated_A_6_ILE    -307.409737970929257    2933.719679999999244  -1410.250671563538845   1604.297410000000127  0.423501777784031  554.348048082389141   1242.435499999999593  -395.997163961784622       490.549530000000118
design3.pdb  rebuilt_mutated_A_62_PRO   -307.268477363209797    2939.699669999999060  -1416.775510763419334   1608.509550000000445  0.422854478192325  563.627099107691038   1243.065169999999398  -395.248697797417776       490.549530000000118
design3.pdb  rebuilt_mutated_A_58_TRP   -304.684906322755296    2960.262739999998757  -1445.283261777372672   1624.659250000000384  0.425720883815874  604.430414347885062   1260.245669999999336  -395.248697797417776       490.549530000000118
design3.pdb  rebuilt_mutated_A_27_SER   -304.104302662191174    2884.074979999998959  -1404.889356102502006   1559.021050000000059  0.413102609419676  545.455523353388685   1191.418899999999894  -382.364887413523661       507.893850000000100
design3.pdb  rebuilt_mutated_A_3_LYS    -303.161326047936541    3004.736399999998412  -1427.568013903553492   1632.685620000000426  0.421518879326652  599.832342750620683   1266.553119999999581  -395.274075262267843       490.549530000000118
design3.pdb  rebuilt_mutated_A_59_LEU   -302.795581904342839    2987.816689999998289  -1437.026080109929353   1723.701730000000680  0.430985171985233  520.304610891811080   1287.704689999999800  -402.230202298143240       490.549530000000118
design3.pdb  rebuilt_mutated_A_45_TYR   -302.666309213978650    2964.568299999999454  -1463.430936971626352   1614.384200000000192  0.425453712771603  553.462658590019942   1261.286589999999478  -441.541608535187379       493.883499999999970
design3.pdb  rebuilt_mutated_A_28_TRP   -301.577272012527430    2959.220649999999296  -1445.367019444491461   1637.755650000000287  0.425002789163424  623.342709070530418   1257.677029999999604  -372.897293986952548       513.675719999999956
design3.pdb  rebuilt_mutated_A_31_GLN   -299.988446344026954    2979.295179999999164  -1441.866316142309870   1610.237250000000358  0.430379805467950  554.768030012983786   1282.228479999999536  -431.334240670854285       491.995630000000062
design3.pdb  rebuilt_mutated_A_20_TRP   -299.869211949081148    2971.908449999998538  -1425.670296191645775   1625.877650000000358  0.429109433031156  546.339795887766286   1275.273949999999559  -401.685647213625145       579.514650000000188
design3.pdb  rebuilt_mutated_A_9_HIS    -299.533950021226417    2960.696249999999054  -1443.138799697046124   1614.461050000000114  0.426898723568823  544.467555372495667   1263.917449999999235  -413.353820804685881       510.427630000000022
design3.pdb  rebuilt_mutated_A_37_ARG   -298.425522550268226    3015.790149999998448  -1422.990378566607205   1608.509550000000445  0.442029031761378  576.780652570960001   1333.066799999999375  -418.423000031654794       490.549530000000118
design3.pdb  rebuilt_mutated_A_9_TYR    -297.198993647173438    2942.753349999999500  -1441.257682951159950   1575.708150000000160  0.423404343418724  551.542580457532495   1245.974549999999681  -415.788289449958370       507.596430000000112
design3.pdb  rebuilt_mutated_A_45_THR   -296.661566144052301    2939.736499999998159  -1389.013983694223953   1633.529170000000249  0.424496613897198  464.269120614147369   1247.908189999999877  -430.933155628673205       610.586960000000090
design3.pdb  rebuilt_mutated_A_52_THR   -295.952178855773525    2948.808999999998832  -1400.924079574974485   1549.885780000000295  0.426539765715582  561.856910430717448   1257.784299999999575  -400.068631734475446       469.286260000000084
design3.pdb  rebuilt_mutated_A_30_GLY   -295.628482179779610    2935.404509999998936  -1400.535030328744597   1556.126170000000457  0.422009983898267  552.671398811218523   1238.770009999999502  -414.883342786268372       453.879350000000102
design3.pdb  rebuilt_mutated_A_6_LYS    -295.547070199718576    2953.801729999999225  -1351.243577260645679   1645.219310000000405  0.425951412791677  458.104420959632762   1258.176019999999653  -421.114921428181788       615.968020000000024
design3.pdb  rebuilt_mutated_A_27_ARG   -295.141201509453879    2928.670519999999669  -1300.684704105555511   1646.402840000000424  0.421527359110372  453.539764842959073   1234.514750000000049  -367.016043771741806       616.542150000000106
design3.pdb  rebuilt_mutated_A_2_GLN    -294.120517081573325    2956.188399999999092  -1430.145490922039471   1625.836750000000393  0.426073622371294  570.736270490831657   1259.553899999999658  -402.230202298143240       490.549530000000118
design3.pdb  rebuilt_mutated_A_55_SER   -292.683842660565460    2927.911929999999302  -1408.565726906387226   1608.509550000000445  0.423023413822423  570.174215915973718   1238.575299999999515  -397.346304971319569       490.549530000000118
design3.pdb  rebuilt_mutated_A_2_MET    -292.090218634922564    2971.778599999999187  -1427.411888951716719   1625.836750000000393  0.429084488326284  561.713101245410712   1275.144099999999753  -402.230202298143240       490.549530000000118
design3.pdb  rebuilt_mutated_A_30_THR   -291.960231028999203    2942.665489999999409  -1391.730079724308098   1606.760800000000472  0.423436165012422  549.131845256581983   1246.030989999999520  -392.288800978864117       488.800780000000088
design3.pdb  rebuilt_mutated_A_2_ALA    -291.240920180254477    2946.202909999999520  -1429.080102524426820   1625.836750000000393  0.424128428411606  562.218357164658528   1249.568409999999631  -402.230202298143240       490.549530000000118
design3.pdb  rebuilt_mutated_A_37_LEU   -291.092769516603823    2993.763289999998960  -1394.663301881823600   1595.019490000000360  0.437923714402951  583.071761682477018   1311.039939999998978  -391.134638427864445       477.059469999999976
design3.pdb  rebuilt_mutated_A_2_VAL    -291.092544873474708    2955.719559999999092  -1428.134813346191095   1625.836750000000393  0.425982585438518  566.661356699548492   1259.085059999999658  -402.230202298143240       490.549530000000118
design3.pdb  rebuilt_mutated_A_26_SER   -291.001850021609755    2946.437949999999546  -1414.144576467816705   1608.901350000000321  0.426549104826728  587.266721413983532   1256.800469999999450  -393.720463890942767       490.549530000000118
design3.pdb  rebuilt_mutated_A_62_ASN   -289.811827613381183    2944.239709999998922  -1411.753780105631222   1608.509550000000445  0.423744440971486  578.824811182976532   1247.605209999999488  -395.248697797417776       490.549530000000118
design3.pdb  rebuilt_mutated_A_6_LEU    -288.874560805706039    2937.436529999999038  -1397.475352373052374   1608.509550000000445  0.423200636781078  560.060939445172266   1243.125009999999747  -395.017736047880703       490.549530000000118
design3.pdb  rebuilt_mutated_A_45_ASN   -288.620858547906494    2943.269169999998212  -1368.762080541183650   1637.480740000000196  0.425009490382424  466.915360436849085   1250.917329999999538  -423.696622775662206       614.015000000000100
design3.pdb  rebuilt_mutated_A_2_ASP    -287.521898321396975    2954.820609999998851  -1429.005929414656293   1625.836750000000393  0.425807951163573  569.882217918050628   1258.186109999999417  -402.230202298143240       490.549530000000118
design3.pdb  rebuilt_mutated_A_17_GLN   -286.998836279318880    2992.054339999998319  -1408.736338856949715   1581.281190000000379  0.435080400311179  565.937334651230117   1301.784200000000055  -385.251011217993607       509.592710000000068
design3.pdb  rebuilt_mutated_A_37_HIS   -286.301807802279370    2944.453189999999267  -1395.628694854450032   1595.019490000000360  0.426032233849165  583.649490560152685   1254.431969999999410  -392.153724931031320       477.059469999999976
design3.pdb  rebuilt_mutated_A_2_CYS    -286.102774642783743    2951.661009999999351  -1427.806946763318820   1625.836750000000393  0.425193308360298  568.386740268651693   1255.026509999999462  -402.230202298143240       490.549530000000118
design3.pdb  rebuilt_mutated_A_37_PHE   -286.089888316970189    2945.828749999999218  -1392.244167182448564   1595.019490000000360  0.426300249123443  584.161071829889124   1255.807529999999360  -389.970670737218995       477.059469999999976
design3.pdb  rebuilt_mutated_A_30_PRO   -285.577804464824737    2940.838299999998981  -1394.445316502583864   1609.213260000000446  0.423077936655001  555.801220655121597   1244.203799999999546  -410.846177357028523       462.285240000000101
design3.pdb  rebuilt_mutated_A_37_MET   -285.461403628840628    3001.666339999998399  -1409.232691473418754   1657.388270000000375  0.439403598069464  587.783019797287125   1318.942989999999327  -399.227552650033886       490.549530000000118
design3.pdb  rebuilt_mutated_A_2_THR    -285.456368307058142    2951.618309999999383  -1427.300005504795990   1625.836750000000393  0.425184992838725  566.518608845823678   1254.983809999999494  -402.230202298143240       490.549530000000118
design3.pdb  rebuilt_mutated_A_20_ALA   -285.420343046316418    2926.603419999999460  -1371.924395252362274   1595.621849999999995  0.420275467319723  547.174172069599649   1229.979619999999386  -366.285971146758584       515.698610000000031
design3.pdb  rebuilt_mutated_A_52_ARG   -285.348022552083137    2999.540679999999611  -1400.635278889931669   1633.961310000000822  0.435433911168026  559.801182115320898   1306.101729999999861  -390.312472097386149       511.875750000000096
design3.pdb  rebuilt_mutated_A_62_ALA   -285.162771984807932    2939.699669999999060  -1404.753671465344496   1608.509550000000445  0.422854478192325  566.660798376981006   1243.065169999999398  -395.248697797417776       490.549530000000118
design3.pdb  rebuilt_mutated_A_2_ASN    -285.138513003561172    2955.931209999998828  -1428.983096499236126   1625.836750000000393  0.426023686119543  572.136034767362048   1259.296709999999393  -402.230202298143240       490.549530000000118
design3.pdb  rebuilt_mutated_A_26_ILE   -284.966399116186210    2954.383629999998902  -1394.020690756424983   1607.599050000000489  0.426546037286295  546.693323295014011   1260.180629999999610  -400.826100564938940       489.645430000000033
design3.pdb  rebuilt_mutated_A_12_LEU   -284.432018416867948    2941.256999999999152  -1321.111350516207949   1624.559460000000399  0.422649095267772  459.576962045890127   1243.119609999999966  -401.777465368209562       595.308170000000018
design3.pdb  rebuilt_mutated_A_30_ALA   -284.035871351158050    2939.280509999999140  -1389.220350305895408   1600.997270000000299  0.422772173588835  563.367131187502991   1242.646009999999706  -411.081963180736409       453.879350000000102
design3.pdb  rebuilt_mutated_A_30_ASN   -283.630404073789407    2944.169259999999213  -1392.372989884614299   1609.440250000000333  0.423730651953074  564.109124608555248   1247.534759999999778  -416.134287983300680       453.879350000000102
design3.pdb  rebuilt_mutated_A_9_PRO    -283.572723621715909    2926.441829999999300  -1418.515173127357457   1559.142150000000129  0.420190491194558  560.662268346591077   1229.663029999999480  -401.855760699770940       491.030430000000138
design3.pdb  rebuilt_mutated_A_42_VAL   -283.500334064125525    2997.327419999996891  -1376.624895758586717   1695.322310000000016  0.433222794191767  493.285508636590066   1298.510559999999487  -430.987364907007247       620.083700000000022
design3.pdb  rebuilt_mutated_A_63_LYS   -282.442673515615184    2994.615099999998620  -1414.749218018737338   1622.761780000000044  0.425815210776170  519.607009198516835   1275.152659999999742  -402.246218507729509       490.549530000000118
design3.pdb  rebuilt_mutated_A_63_LEU   -282.374629765678321    2980.151109999998880  -1425.099651550648105   1619.870370000000321  0.427526032396391  525.935224017499195   1274.092179999999416  -402.246218507729509       490.549530000000118
design3.pdb  rebuilt_mutated_A_2_SER    -282.320025965928437    2946.955809999999474  -1427.634208556250314   1625.836750000000393  0.424275554372836  563.532159958723469   1250.321309999999585  -402.230202298143240       490.549530000000118
design3.pdb  rebuilt_mutated_A_30_ASP   -282.189453935803101    2944.175389999998970  -1391.435405434083577   1609.499330000000327  0.423731851790256  563.350051905922101   1247.540889999999536  -417.476677191992394       453.879350000000102
design3.pdb  rebuilt_mutated_A_44_TYR   -282.157545285981200    2941.096019999997679  -1369.272928983511974   1618.443890000000238  0.425377067424001  582.981373732697307   1251.074799999999186  -357.564963741114923       508.421820000000082
design3.pdb  rebuilt_mutated_A_16_SER   -281.558365152671342    2973.814459999997780  -1390.097731992120544   1668.100999999999658  0.423882019862127  428.501757744905944   1260.546479999999747  -472.635860806697622       573.437620000000038
design3.pdb  rebuilt_mutated_A_62_ASP   -281.472385584817800    2942.675369999999020  -1406.978892976033876   1608.509550000000445  0.423438100819119  579.488869651582490   1246.040869999999359  -395.248697797417776       490.549530000000118
design3.pdb  rebuilt_mutated_A_55_CYS   -281.353594122727714    2933.844539999999142  -1399.002401949264140   1608.509550000000445  0.424190134491584  568.910510914897031   1244.507909999999356  -397.528885666479482       490.549530000000118
design3.pdb  rebuilt_mutated_A_55_GLU   -280.890841212274267    2946.694249999999556  -1402.297223501261669   1608.509550000000445  0.426701080371674  575.856892073697509   1257.357619999999315  -397.613436055371153       490.549530000000118
design3.pdb  rebuilt_mutated_A_63_CYS   -280.253743839915785    2944.449789999998757  -1393.810182136571484   1591.903060000000096  0.427922301232381  537.652784979328544   1259.995729999999867  -395.274075262267843       490.549530000000118
design3.pdb  rebuilt_mutated_A_62_SER   -280.203099463873627    2939.699669999999060  -1402.572286590964495   1608.509550000000445  0.422854478192325  568.203683603005629   1243.065169999999398  -395.248697797417776       490.549530000000118
design3.pdb  rebuilt_mutated_A_24_GLY   -279.881818192551634    2932.516159999998308  -1377.130205608462347   1603.208359999999630  0.425898570325355  525.774249471475059   1248.954439999999749  -391.638186705361193       568.827350000000024
design3.pdb  rebuilt_mutated_A_44_PRO   -279.797258361165689    2938.175969999997960  -1387.849542559728206   1603.091490000000476  0.424805989411179  591.000508673829472   1248.154749999999467  -377.916893414608239       493.069420000000093
design3.pdb  rebuilt_mutated_A_62_GLY   -279.282209245880551    2939.699669999999060  -1403.225473951526283   1608.509550000000445  0.422854478192325  566.037935979952749   1243.065169999999398  -395.248697797417776       490.549530000000118
design3.pdb  rebuilt_mutated_A_27_ASN   -278.818042512650834    2905.952459999999519  -1378.488614654416779   1624.760420000000067  0.417532253779541  588.448425342927180   1213.328879999999799  -337.926057038937302       569.862219999999866
design3.pdb  rebuilt_mutated_A_37_ILE   -278.766153969666050    2987.809509999998681  -1408.587937876346359   1687.784060000000636  0.436080173665422  580.025359933731352   1302.924489999999196  -395.689095215149052       628.874940000000038
design3.pdb  rebuilt_mutated_A_63_GLN   -278.136325730707654    2994.482429999998203  -1463.307378676245662   1700.132620000000315  0.426911895422275  503.575174735671226   1278.380169999999907  -402.246218507729509       490.549530000000118
design3.pdb  rebuilt_mutated_A_55_GLN   -277.943952999848534    2948.897169999999278  -1405.525153300574402   1608.509550000000445  0.427129352903139  581.186212674019316   1259.560539999999037  -397.658759981105050       490.549530000000118
design3.pdb  rebuilt_mutated_A_37_GLU   -277.800697419195956    2997.595009999999093  -1396.190166229363740   1595.019490000000360  0.438642196698879  594.165920312666003   1314.871659999999110  -392.732374526119429       477.059469999999976
design3.pdb  rebuilt_mutated_A_52_VAL   -277.536932870825012    2979.418999999998505  -1392.109757709838959   1549.918780000000424  0.434052602201973  575.517812511000329   1293.224569999999176  -400.240554510396862       469.286260000000084
design3.pdb  rebuilt_mutated_A_58_PRO   -277.083548156863344    2956.928239999997913  -1447.988503355202056   1705.632200000000466  0.425188613978674  568.689532958362861   1257.252219999999397  -395.248697797417776       490.549530000000118
design3.pdb  rebuilt_mutated_A_27_ASP   -275.879071586680027    2898.233629999999266  -1390.132020354219094   1618.334210000000212  0.415975419483349  584.550788220843742   1205.593949999999722  -356.952906235626017       563.419910000000073
design3.pdb  rebuilt_mutated_A_31_HIS   -274.922166814954096    2976.448569999999108  -1366.305098520549564   1651.738660000000664  0.430011831180406  580.754870467160117   1279.908099999999422  -388.253637950623443       511.996930000000020
design3.pdb  rebuilt_mutated_A_44_ASP   -274.654443681682153    2938.283549999998286  -1391.021627103709534   1603.153390000000172  0.424827049111717  592.020993770798555   1248.262329999999338  -381.992001995914336       493.131320000000073
design3.pdb  rebuilt_mutated_A_44_ASN   -274.609945872422657    2938.283549999998286  -1391.708920168278610   1603.153390000000172  0.424827049111717  590.977758490632596   1248.262329999999338  -382.904037714148387       493.131320000000073
design3.pdb  rebuilt_mutated_A_51_TYR   -274.113710941874501    3013.617379999999230  -1376.203395582785333   1621.383150000000342  0.437292069240721  572.527307263014450   1317.830979999999272  -376.942888195854891       503.423130000000128
design3.pdb  rebuilt_mutated_A_30_GLN   -274.033358065397067    2939.257409999998799  -1382.075032288036255   1601.025270000000319  0.422767637081504  567.674118618155148   1242.622909999999365  -411.765090853102834       453.879350000000102
design3.pdb  rebuilt_mutated_A_17_LEU   -273.780352834788232    2999.455949999998666  -1427.697130486049218   1580.948070000000598  0.436258622167797  584.620997820268485   1308.538519999999380  -394.495083563756225       505.802350000000104
design3.pdb  rebuilt_mutated_A_52_TRP   -273.702576254756934    2988.744659999998930  -1367.578842068830454   1583.335990000000265  0.432895706118970  568.766304023850580   1293.814729999999599  -374.784826217174043       497.776960000000031
design3.pdb  rebuilt_mutated_A_55_TYR   -272.262845878581686    2980.387859999999364  -1388.705245292974269   1622.798100000000431  0.433182287220832  583.449435496729848   1291.051229999999123  -388.250334550381069       493.495080000000144
design3.pdb  rebuilt_mutated_A_62_THR   -272.073150764251864    2942.066329999999198  -1400.183596943670409   1608.509550000000445  0.423318746182041  573.499290936981311   1245.431829999999309  -395.248697797417776       490.549530000000118
design3.pdb  rebuilt_mutated_A_30_HIS   -271.417145469080822    2943.182029999999031  -1390.461057347483575   1609.511370000000397  0.423583528742869  570.459585808789939   1246.683429999999817  -415.763036123173435       453.879350000000102
design3.pdb  rebuilt_mutated_A_20_GLY   -270.294975668232780    2923.061999999998989  -1386.703614742184072   1595.314439999999877  0.419559044590912  570.721225016357039   1226.397099999999455  -381.134485617778523       506.751830000000098
design3.pdb  rebuilt_mutated_A_47_GLY   -269.355017366532309    2944.878429999999298  -1404.064399829102967   1608.509550000000445  0.423869426080179  580.146413777505700   1248.243929999999409  -394.994085172849395       490.549530000000118
design3.pdb  rebuilt_mutated_A_20_THR   -268.568259787864861    2935.996959999999035  -1385.872963949419955   1618.850230000000010  0.421271812216045  547.362821600034749   1236.852759999999535  -377.793939167762971       591.419730000000300
design3.pdb  rebuilt_mutated_A_62_CYS   -268.269845828718189    2939.699669999999060  -1395.526219280433907   1608.509550000000445  0.422854478192325  567.974789235553772   1243.065169999999398  -395.248697797417776       490.549530000000118
design3.pdb  rebuilt_mutated_A_12_VAL   -267.990570920469963    2940.427479999998923  -1322.067090452927232   1610.466560000000300  0.421728853520305  456.575967042121363   1240.063109999999824  -412.309903647586111       596.098970000000008
design3.pdb  rebuilt_mutated_A_28_PRO   -267.338871046106419    2945.833059999998113  -1404.530944663130185   1651.508099999999786  0.427199781646826  460.064117139335622   1258.459239999999909  -466.191588517178786       608.877739999999903
design3.pdb  rebuilt_mutated_A_55_PHE   -266.940318107105327    2970.792939999998907  -1400.246661130064467   1611.322850000000471  0.431351607426400  593.460350390491271   1281.456309999999348  -389.141530252927396       493.362830000000145
design3.pdb  rebuilt_mutated_A_27_GLU   -266.601148007694235    2911.431099999999333  -1400.577356252118534   1571.034200000000055  0.417560841470712  601.288293832888485   1215.699619999999641  -399.151332024746580       435.470470000000034
design3.pdb  rebuilt_mutated_A_44_GLU   -266.414654426523100    2966.783059999997931  -1383.276865363837260   1603.153390000000172  0.432812134905476  605.570150110829445   1284.059709999999086  -374.884848924223661       493.131320000000073
design3.pdb  rebuilt_mutated_A_16_GLN   -266.167603225850200    2953.488399999998819  -1373.521764881787249   1643.557410000000345  0.425040101731905  482.954219664100776   1255.351009999999633  -441.388436880626330       632.502120000000104
design3.pdb  rebuilt_mutated_A_35_TRP   -265.406729810312584    3010.753339999999298  -1379.541990707885361   1614.501670000000104  0.438335011529041  616.727411612532251   1319.718599999999469  -382.440980481094471       467.256700000000023
design3.pdb  rebuilt_mutated_A_16_LYS   -263.905209768766213    2973.677979999999025  -1359.672940338569333   1565.055970000000343  0.433490293390813  551.031463803823499   1289.060539999999946  -385.201968789723480       487.001559999999984
design3.pdb  rebuilt_mutated_A_2_PRO    -263.312399248017471    2935.586119999999482  -1398.733149656186697   1608.509550000000445  0.422045741243660  581.005324600959284   1238.951619999999593  -395.248697797417776       490.549530000000118
design3.pdb  rebuilt_mutated_A_59_TRP   -263.234163021493316    3019.464929999998731  -1402.835734676613129   1592.981750000000375  0.440314734836149  548.293921997528741   1329.514899999999216  -397.465069037448188       490.549530000000118
design3.pdb  rebuilt_mutated_A_12_GLY   -263.125071449779682    2929.521009999999023  -1382.099683886066487   1617.239010000000235  0.424502342108139  550.118180477150418   1243.588529999999309  -391.901828286956913       557.135689999999954
design3.pdb  rebuilt_mutated_A_31_ASN   -263.043474064798204    2963.182929999999033  -1407.960918525394618   1612.035240000000385  0.427247102155789  585.919245806259710   1266.011319999999387  -408.945760555721108       492.752130000000079
design3.pdb  rebuilt_mutated_A_47_PRO   -262.991125648098716    2950.216529999999238  -1407.133574706231684   1608.509550000000445  0.424911872485509  593.383032702162836   1253.582029999999349  -397.097831718833049       490.549530000000118
design3.pdb  rebuilt_mutated_A_31_ASP   -262.884653599941942    2961.753859999998895  -1375.735894898970628   1445.961380000000418  0.427321688372848  586.981096155309274   1265.621659999999565  -404.761502457815709       497.111130000000117
design3.pdb  rebuilt_mutated_A_42_THR   -262.532642929906103    2968.942669999998088  -1348.766089341704856   1659.926660000000084  0.429317175060171  553.502877425834527   1274.618079999999509  -385.232063446936138       589.430819999999926
design3.pdb  rebuilt_mutated_A_44_ALA   -261.458383052244415    2938.323509999997896  -1382.389192861352967   1603.126790000000483  0.424834871229002  603.345056872526243   1248.302289999999402  -373.780704955612123       493.104720000000100
design3.pdb  rebuilt_mutated_A_44_GLY   -261.412448768981960    2935.487489999997706  -1373.679092787934678   1604.129590000000235  0.424279195276012  602.391379504125439   1245.466269999999668  -355.499331249706813       553.614989999999921
design3.pdb  rebuilt_mutated_A_44_SER   -261.136233325009073    2939.193929999997636  -1383.807934160200375   1601.038090000000238  0.425005202021495  608.656726991894743   1249.172709999999597  -390.560569391400918       371.337220000000002
design3.pdb  rebuilt_mutated_A_62_VAL   -261.085091908872300    2942.401229999999032  -1393.779162354641130   1608.509550000000445  0.423384383237224  576.007080730800112   1245.766729999999370  -395.248697797417776       490.549530000000118
design3.pdb  rebuilt_mutated_A_42_GLY   -259.832068156765388    2991.024159999998119  -1414.038445905954177   1549.139960000000201  0.437386049064879  419.531060436702091   1308.232239999999138  -496.155806756118352       605.563879999999926
design3.pdb  rebuilt_mutated_A_9_GLU    -259.292487554150910    2949.637289999999211  -1426.952259301860977   1610.205450000000383  0.424750017314841  576.675196242617289   1252.858489999999392  -400.335921473802671       513.999280000000113
design3.pdb  rebuilt_mutated_A_2_PHE    -258.595773763368470    2984.526099999999133  -1431.929220680199251   1625.836750000000393  0.431522981152686  607.237475198644461   1287.891599999999698  -402.230202298143240       490.549530000000118
design3.pdb  rebuilt_mutated_A_26_PRO   -258.485895111745378    2947.550159999998868  -1410.017957103532808   1607.435730000000376  0.426324164742967  591.550998089908262   1256.611859999999297  -401.371237603742088       490.579810000000066
design3.pdb  rebuilt_mutated_A_28_PHE   -258.224358766889679    2952.136469999999008  -1386.407977050413820   1622.244080000000849  0.426290401134471  669.164091487693099   1258.467439999999669  -337.284041577498328       495.480940000000032
design3.pdb  rebuilt_mutated_A_9_SER    -257.471357897840221    2929.407139999999345  -1410.754917164147855   1559.142150000000129  0.420777406857826  583.019802886370940   1232.628339999999525  -395.078767802045490       491.030430000000138
design3.pdb  rebuilt_mutated_A_51_SER   -256.930809680446487    2955.583669999999984  -1400.756815065053161   1608.509550000000445  0.426499182816232  589.399875446478291   1260.554019999999355  -395.032954182468188       490.549530000000118
design3.pdb  rebuilt_mutated_A_9_THR    -256.827347152699531    2941.887589999999363  -1420.244290317487184   1573.129750000000286  0.423234658670286  577.881693145231793   1245.108789999999544  -397.676314337110171       490.399530000000141
design3.pdb  rebuilt_mutated_A_30_TYR   -256.631706741643541    2943.352299999998650  -1379.925057753435340   1609.477000000000317  0.423494102286023  575.103602224239694   1246.492339999999558  -413.176216472670035       453.879350000000102
design3.pdb  rebuilt_mutated_A_62_HIS   -256.527882567274673    2949.780769999999393  -1409.680143006482467   1608.509550000000445  0.424826916883047  604.384082509139489   1253.146269999999276  -395.248697797417776       490.549530000000118
design3.pdb  rebuilt_mutated_A_37_GLN   -256.373096634477577    2999.541609999998855  -1389.962887738915924   1595.019490000000360  0.439006498729651  614.114527625187293   1316.818259999999327  -388.048013387601429       477.059469999999976
design3.pdb  rebuilt_mutated_A_27_CYS   -256.270432439130616    2892.000789999999597  -1392.800563788221780   1569.151090000000295  0.414711058913646  586.477575068368196   1199.344709999999623  -376.575856832967474       518.023890000000051
design3.pdb  rebuilt_mutated_A_20_SER   -255.620576067431699    2930.460099999998874  -1367.873663304684442   1613.769840000000158  0.420108248530666  559.094473323249417   1231.110459999999648  -364.089758040832976       515.084090000000174
design3.pdb  rebuilt_mutated_A_30_PHE   -255.422233510082748    2943.151419999998780  -1377.264067493703351   1609.477470000000267  0.423524206579898  578.094818980372111   1246.495869999999513  -412.269096097331044       453.879350000000102
design3.pdb  rebuilt_mutated_A_44_GLN   -252.506380099880772    2938.283549999998286  -1384.081179562716443   1603.153390000000172  0.424827049111717  610.038366869900756   1248.262329999999338  -376.187265960298021       493.131320000000073
design3.pdb  rebuilt_mutated_A_9_GLN    -252.247381062964024    2949.805539999999382  -1414.343040374361408   1591.923750000000382  0.424782828226704  576.867535658918769   1253.026739999999563  -399.504016139812109       513.793680000000109
design3.pdb  rebuilt_mutated_A_51_PHE   -251.446724144996011    3003.791289999998753  -1374.570059679571614   1619.120450000000346  0.435458150622708  593.199749262898763   1308.025399999999308  -391.724901047953324       490.549530000000118
design3.pdb  rebuilt_mutated_A_17_THR   -250.572860524335255    2978.770259999998871  -1339.305285565789745   1591.072570000000269  0.433316445156130  493.015541501421239   1290.750139999999192  -403.617701288583817       597.019380000000183
design3.pdb  rebuilt_mutated_A_52_GLY   -250.188733519216413    2951.519439999999122  -1254.159415867710095   1968.645870000000514  0.431393435104734  466.041898106852841   1273.266109999999344  -378.106746422724257       555.486900000000105
design3.pdb  rebuilt_mutated_A_31_LEU   -250.102793893008453    2969.163809999998648  -1352.066145563473128   1655.876900000000205  0.430089012165348  589.178175460009925   1277.004729999999427  -386.824004729305329       515.160510000000045
design3.pdb  rebuilt_mutated_A_52_GLN   -249.723364776629438    2942.377549999998791  -1394.016878141245570   1533.333210000000236  0.424087629407042  602.702651566785562   1247.825919999999542  -386.044662589475763       469.286260000000084
design3.pdb  rebuilt_mutated_A_12_MET   -249.411575769109419    2943.710409999999229  -1315.784307222073039   1629.008760000000393  0.422352214326680  482.821850405460339   1243.282609999999977  -397.065177138321474       599.757470000000012
design3.pdb  rebuilt_mutated_A_59_ILE   -249.342974431575044    2969.466309999998430  -1405.307556119961873   1784.894030000000612  0.428397926494745  575.728283375651813   1272.113209999999526  -395.248697797417776       490.549530000000118
design3.pdb  rebuilt_mutated_A_38_PRO   -249.031795292437124    2987.046609999998509  -1362.184392231424681   1682.881630000000314  0.432289608631182  583.334082432920923   1291.269209999999703  -349.308980802258475       483.978569999999991
design3.pdb  rebuilt_mutated_A_52_TYR   -248.943525675984034    2997.510949999998957  -1371.533946352748671   1561.487870000000839  0.437980838735552  583.025940403394770   1312.852359999999635  -398.222593198300046       493.959360000000117
design3.pdb  rebuilt_mutated_A_30_CYS   -248.618959525854876    2939.257409999998799  -1379.334543712409641   1601.025270000000319  0.422767637081504  581.212396011384158   1242.622909999999365  -407.205443608147732       453.879350000000102
design3.pdb  rebuilt_mutated_A_3_CYS    -247.794472139355207    2954.755209999998897  -1416.245620801404129   1625.836750000000393  0.426013432767583  580.516021641079533   1258.765409999999292  -402.230202298143240       490.549530000000118
design3.pdb  rebuilt_mutated_A_52_MET   -247.710774051785080    2992.662499999999000  -1369.310223947476061   1414.237120000000459  0.435245548069654  574.717650245113191   1302.543029999999135  -397.396710624320860       489.802180000000135
design3.pdb  rebuilt_mutated_A_47_ALA   -246.979169680991077    2950.928429999999480  -1394.089044650593678   1608.509550000000445  0.425050610258277  593.002830030056998   1254.293929999999591  -394.150119837637646       490.549530000000118
design3.pdb  rebuilt_mutated_A_33_ASP   -246.899497958416987    2957.748559999999088  -1412.358430325916288   1608.509550000000445  0.426276491873264  606.372519649096034   1260.818679999999176  -396.898778212013724       490.549530000000118
design3.pdb  rebuilt_mutated_A_52_PHE   -246.769189690661619    2990.212019999998574  -1374.147090681043437   1561.493980000000647  0.436570992715092  583.524673839188040   1305.439829999999574  -397.590777095213411       493.969860000000097
design3.pdb  rebuilt_mutated_A_52_ASP   -246.015429125861147    2972.793819999998959  -1382.460939267787353   1529.727980000000571  0.433997171724476  585.016896826291259   1290.184109999999237  -396.512885014851008       481.235760000000028
design3.pdb  rebuilt_mutated_A_52_HIS   -245.877015225894127    2980.716919999998481  -1375.298209328475423   1529.174270000000206  0.435307811786434  583.849507852460306   1297.529359999999542  -397.052518868240043       480.556660000000079
design3.pdb  rebuilt_mutated_A_63_PHE   -245.215195974758871    2985.021389999998974  -1459.597643833739767   1667.818380000000388  0.431357240626004  607.206388996880833   1287.610589999999320  -395.274075262267843       490.549530000000118
design3.pdb  rebuilt_mutated_A_47_SER   -244.369342370427148    2950.973229999999148  -1399.542242369731412   1608.509550000000445  0.425059338813453  602.133807085920921   1254.338729999999259  -395.761343442476971       490.549530000000118
design3.pdb  rebuilt_mutated_A_48_ARG   -244.194415767833220    2976.253759999998238  -1380.573915712612916   1584.806180000000495  0.433980575634787  565.948408031009762   1291.636319999999614  -394.498497676906084       489.562770000000057
design3.pdb  rebuilt_mutated_A_35_PRO   -243.990773087393336    2956.607789999999113  -1402.739603705319723   1607.725550000000339  0.426155032893287  607.429726302899326   1259.973289999999224  -368.058029759082558       474.476230000000101
design3.pdb  rebuilt_mutated_A_6_THR    -243.796511240586455    2962.742729999998573  -1417.227609787050369   1605.045270000000301  0.420471135541357  571.905315220669081   1245.747799999999870  -395.804890539999406       490.549530000000118
design3.pdb  rebuilt_mutated_A_58_ASP   -243.435208340574547    2971.204169999998612  -1419.259370719860271   1614.058400000000347  0.428767471741937  639.943383526257662   1273.955699999999524  -395.248697797417776       490.549530000000118
design3.pdb  rebuilt_mutated_A_51_THR   -243.417331351259065    2972.972419999999147  -1394.791432746010514   1608.509550000000445  0.431768482399847  605.098681586265684   1283.635789999998906  -393.805863983072584       490.549530000000118
design3.pdb  rebuilt_mutated_A_37_LYS   -243.352638273661455    3011.695999999999003  -1394.008791819524504   1595.019490000000360  0.441270516678974  628.006844750494338   1328.972649999999021  -391.580068195753199       477.059469999999976
design3.pdb  rebuilt_mutated_A_62_TYR   -242.449742979926356    2952.236899999998968  -1395.063962705665517   1608.509550000000445  0.425305435346330  600.535409462787698   1255.602399999999534  -395.248697797417776       490.549530000000118
design3.pdb  rebuilt_mutated_A_47_THR   -241.555286113313684    2937.983159999999316  -1390.084470286220494   1608.509550000000445  0.422517282229759  594.809243591191830   1241.348659999998972  -391.575389525927960       490.549530000000118
design3.pdb  rebuilt_mutated_A_49_LYS   -241.451444015760558    3004.604659999998603  -1407.555119404478546   1616.322899999999663  0.433363566040665  634.983911393146855   1302.086189999999306  -376.131259619286766       552.380460000000085
design3.pdb  rebuilt_mutated_A_27_THR   -241.371460036344160    2898.760259999999562  -1362.995258018035884   1587.205590000000029  0.416074725682903  615.681280956487967   1206.100879999999734  -339.146252827547130       418.374069999999961
design3.pdb  rebuilt_mutated_A_44_LYS   -241.003944095519728    2938.283549999998286  -1377.222232049594822   1603.153390000000172  0.424827049111717  619.155876352154905   1248.262329999999338  -370.654203120700799       493.131320000000073
design3.pdb  rebuilt_mutated_A_20_CYS   -240.695561141703024    2936.207309999999325  -1345.465870000264204   1651.063140000000203  0.422168014424022  576.743675935629881   1239.572809999999436  -354.259678929029462       592.154020000000173
design3.pdb  rebuilt_mutated_A_20_MET   -240.503562101777106    2953.004729999998744  -1334.956566605031185   1650.492860000000064  0.425454865424479  578.856195734099174   1256.370229999999310  -342.246849824390495       591.583740000000034
design3.pdb  rebuilt_mutated_A_58_ASN   -239.591390972642984    2971.854399999998805  -1409.998037500675537   1614.281400000000303  0.428701968037196  634.266566434703464   1274.039829999999483  -395.248697797417776       490.549530000000118
design3.pdb  rebuilt_mutated_A_58_GLY   -239.529369937612358    2956.914039999998295  -1426.378393529685582   1706.784260000000131  0.425215624462320  580.302265580791754   1257.326049999999441  -395.248697797417776       490.549530000000118
design3.pdb  rebuilt_mutated_A_51_GLY   -239.203359393762781    2952.440119999999297  -1401.922748489760352   1608.509650000000420  0.426401105130626  590.665774443252076   1258.923729999999068  -395.498482841328212       490.549530000000118
design3.pdb  rebuilt_mutated_A_13_PHE   -238.674428005445293    2979.702189999998609  -1348.928609790262044   1427.639410000000680  0.432871236034498  545.306326230776108   1289.827369999999974  -410.561749352253173       498.150770000000023
design3.pdb  rebuilt_mutated_A_45_VAL   -238.494348702105071    2936.855789999997796  -1342.131981261879218   1630.811320000000251  0.424025392816445  504.673161630539369   1245.301429999999300  -403.238346110838847       608.143060000000105
design3.pdb  rebuilt_mutated_A_44_LEU   -238.082228026559164    2938.283549999998286  -1367.396836935744204   1603.153390000000172  0.424827049111717  623.623077037680446   1248.262329999999338  -360.016055402351355       493.131320000000073
design3.pdb  rebuilt_mutated_A_33_GLY   -237.318093878126774    2955.194239999998899  -1398.473974466335903   1608.509550000000445  0.426412691573194  612.181663490419282   1260.132329999999229  -395.356352260877884       490.549530000000118
design3.pdb  rebuilt_mutated_A_33_ALA   -236.961156186047901    2955.194239999998899  -1396.859030244659152   1608.509550000000445  0.426412691573194  611.285061907650402   1260.132329999999229  -394.806004899796960       490.549530000000118
design3.pdb  rebuilt_mutated_A_2_TRP    -236.849678959873017    2982.433169999998881  -1400.886117309155907   1608.509550000000445  0.431124050970772  605.559351119258395   1285.798669999999447  -395.248697797417776       490.549530000000118
design3.pdb  rebuilt_mutated_A_52_ALA   -236.796192481833486    2956.871929999998883  -1269.715376241493914   1552.198410000000649  0.430612532481243  463.043114596863006   1273.266109999999344  -379.791298878592443       555.486900000000105
design3.pdb  rebuilt_mutated_A_30_MET   -236.786545604087223    2955.587089999999080  -1388.422378306783912   1605.435910000000149  0.425956857864067  614.616405942506162   1258.952589999999645  -384.749152407187523       487.475890000000049
design3.pdb  rebuilt_mutated_A_62_PHE   -236.265193966689026    2952.240719999999328  -1397.820513341650212   1608.509550000000445  0.425306178962263  608.283698933866617   1255.606219999999439  -395.248697797417776       490.549530000000118
design3.pdb  rebuilt_mutated_A_42_ARG   -235.669097939569951    3001.045999999997093  -1310.441836995139283   1701.427270000000135  0.425360131100956  524.078544824846063   1276.525319999999738  -393.843762254225680       608.288679999999886
design3.pdb  rebuilt_mutated_A_34_GLN   -235.440536093607875    2954.687119999999595  -1384.193275439892659   1610.748160000000780  0.425995710841965  613.398192596993226   1258.684039999999413  -393.175447548405316       496.766490000000090
design3.pdb  rebuilt_mutated_A_13_ASN   -235.201783567634493    2958.054869999999028  -1363.481255195188623   1556.759160000000747  0.431723786786957  569.388735075499540   1277.062649999999849  -389.901597858420132       482.981950000000097
design3.pdb  rebuilt_mutated_A_31_ARG   -234.704283305832291    2981.992839999998978  -1331.669884303664958   1667.390270000000100  0.431995222362774  602.731529212454120   1288.206659999999601  -342.891539758864724       541.818840000000023
design3.pdb  rebuilt_mutated_A_6_MET    -234.699406306350426    2968.500649999998586  -1407.922021562730833   1625.836750000000393  0.428059400963918  570.981274899338814   1270.694609999999329  -401.496106061588307       490.549530000000118
design3.pdb  rebuilt_mutated_A_47_GLN   -234.481443371845785    2956.031129999999393  -1401.804642464948984   1608.509550000000445  0.426043087712679  615.305039137591052   1259.396629999999504  -398.214911007307649       490.549530000000118
design3.pdb  rebuilt_mutated_A_33_VAL   -234.475483458934377    2956.116649999999026  -1401.356777156704993   1608.509550000000445  0.426591670528292  616.318917785405233   1261.054739999999356  -395.464556357362540       490.549530000000118
design3.pdb  rebuilt_mutated_A_47_LYS   -234.469030518026671    2965.743749999999181  -1434.704891242208760   1606.745850000000246  0.424572530920785  605.510984454754407   1259.173329999999396  -403.495370700555952       490.549530000000118
design3.pdb  rebuilt_mutated_A_42_GLU   -234.426572113779912    2989.565499999997428  -1382.118116059587464   1644.872280000000046  0.437131864145475  573.765893267145202   1306.834339999999202  -419.336414558273248       466.247459999999933
design3.pdb  rebuilt_mutated_A_9_MET    -234.405066812976344    2947.942689999999402  -1410.927303065656133   1592.107650000000149  0.424419339712469  600.737156265963449   1251.163889999999583  -393.036451737550465       489.804630000000088
design3.pdb  rebuilt_mutated_A_62_GLU   -234.233913618895315    2952.500819999998839  -1398.467001572408435   1608.509550000000445  0.425356806505476  605.249362074581882   1255.866319999999405  -395.248697797417776       490.549530000000118
design3.pdb  rebuilt_mutated_A_17_HIS   -233.737302793174422    2973.699389999998402  -1366.951387653563870   1609.877090000000635  0.430797337588316  606.444755231012891   1281.061779999999544  -371.215055933861322       507.872870000000034
design3.pdb  rebuilt                    -233.506189086371705    2956.766829999999118  -1397.724229696076918   1608.509550000000445  0.426185899143085  609.737680109847361   1260.132329999999229  -395.248697797417776       490.549530000000118
design3.pdb  rebuilt_mutated_A_44_THR   -232.796180247077359    2953.727879999997640  -1355.397864315290917   1604.076860000000352  0.430305221617098  638.869148413786888   1271.004529999999249  -350.555150350951806       494.054790000000025
design3.pdb  rebuilt_mutated_A_51_ILE   -231.816565326596390    2984.914549999999053  -1387.240343197517404   1608.509550000000445  0.434041879021294  608.352008007154041   1295.577919999999494  -392.864280528193035       490.549530000000118
design3.pdb  rebuilt_mutated_A_55_MET   -231.520703930063178    2961.943429999999807  -1398.462338660966452   1608.509550000000445  0.429652635195669  620.254556760628020   1272.606799999999339  -396.502270639320159       490.549530000000118
design3.pdb  rebuilt_mutated_A_16_ARG   -231.124024537526168    2976.499799999998686  -1349.518315984427318   1543.862370000000283  0.434027363280858  583.095725494575845   1291.882360000000062  -381.876921219907615       487.016660000000059
design3.pdb  rebuilt_mutated_A_27_ALA   -231.076371920423639    2913.753479999998945  -1362.232693447236443   1550.831210000000056  0.422607639408122  623.909364732891163   1231.374479999999494  -357.093345192874267       372.443379999999991
design3.pdb  rebuilt_mutated_A_30_LYS   -230.973666894279859    2956.979969999998957  -1391.634750778330954   1609.156990000000405  0.426227259834973  610.291469509363992   1260.345469999999523  -408.538652328597891       462.011070000000075
design3.pdb  rebuilt_mutated_A_12_TYR   -230.919796595457797    2940.973929999999200  -1354.630649579913097   1665.969190000000253  0.426643339881629  585.934614959133796   1254.746939999999313  -375.986886287494031       492.133050000000082
design3.pdb  rebuilt_mutated_A_2_LEU    -230.911997177429754    2953.265229999999065  -1397.571412018501860   1608.509550000000445  0.425505544586661  611.457357433602738   1256.630729999999630  -395.248697797417776       490.549530000000118
design3.pdb  rebuilt_mutated_A_62_ILE   -230.111576640887847    2952.256829999998445  -1393.533670731085067   1608.509550000000445  0.425309314975825  606.102603167445750   1255.622329999999465  -395.248697797417776       490.549530000000118
design3.pdb  rebuilt_mutated_A_35_THR   -230.087780780553317    2962.739839999999276  -1396.091922064173104   1607.294160000000375  0.427342658611564  609.547688203985331   1266.105119999999033  -394.396173411297241       489.334140000000048
design3.pdb  rebuilt_mutated_A_9_LEU    -229.752375150202596    2939.746769999999287  -1399.973871758710402   1575.398450000000139  0.422814639235066  608.500132523040747   1242.967969999999468  -384.852902577990676       507.286730000000148
design3.pdb  rebuilt_mutated_A_13_GLU   -229.576360792230901    2978.447709999999006  -1421.069207457680932   1665.666980000000876  0.434570415876128  543.625283655678004   1294.345259999999598  -400.127391763789092       595.515880000000152
design3.pdb  rebuilt_mutated_A_16_TRP   -229.171922627019740    2970.300039999998717  -1307.303213799517607   1545.116590000000542  0.432057914257039  550.446377275140435   1283.341640000000098  -339.158474956878081       536.233240000000137
design3.pdb  rebuilt_mutated_A_33_SER   -228.833334718319179    2955.194239999998899  -1394.672397298092619   1608.509550000000445  0.426412691573194  615.426614311053868   1260.132329999999229  -393.741471984825523       490.549530000000118
design3.pdb  rebuilt_mutated_A_62_LEU   -228.824168217639482    2949.533669999998892  -1393.508756103465203   1608.509550000000445  0.424778731208720  602.086984411700996   1252.899169999999458  -395.248697797417776       490.549530000000118
design3.pdb  rebuilt_mutated_A_31_SER   -228.443513177780233    2946.687249999999040  -1376.088076835453421   1608.790450000000419  0.423811702446535  590.600443869715036   1248.840539999999464  -387.498901837773076       490.548830000000123
design3.pdb  rebuilt_mutated_A_55_LEU   -228.414766929342989    2988.812399999998888  -1440.690000879526906   1718.180470000000696  0.433341975561932  620.122983129878207   1295.177869999999530  -397.430947367566091       490.549530000000118
design3.pdb  rebuilt_mutated_A_30_ARG   -228.348924032205787    2976.912469999998848  -1407.025090950764024   1609.138260000000400  0.430069067499321  618.214423397421456   1280.277969999999414  -407.821139843699541       461.992340000000127
design3.pdb  rebuilt_mutated_A_44_CYS   -228.251317486813036    2938.283549999998286  -1362.765815627835082   1603.153390000000172  0.424827049111717  630.599053305688358   1248.262329999999338  -356.553523652690330       493.131320000000073
design3.pdb  rebuilt_mutated_A_3_THR    -227.746646110562324    2950.994339999999283  -1394.697391504551888   1608.509550000000445  0.420410406480143  597.194621828187451   1240.628729999999678  -395.248697797417776       490.549530000000118
design3.pdb  rebuilt_mutated_A_52_ILE   -227.682528144233231    2982.288899999998648  -1357.491795469490626   1417.949460000000272  0.434626896810701  618.053326400393189   1296.182969999999159  -383.403253017753570       493.675160000000119
design3.pdb  rebuilt_mutated_A_27_GLN   -227.512936911496809    2906.685439999999289  -1376.919636172686523   1575.177349999999933  0.417667953777620  632.158271421989525   1214.029359999999770  -338.966936391659999       546.816350000000057
design3.pdb  rebuilt_mutated_A_26_LEU   -227.252705970512238    2957.017479999999068  -1381.489142033029339   1607.931100000000470  0.427627833975469  575.445389517455283   1264.502979999999525  -396.520644511056162       489.971080000000029
design3.pdb  rebuilt_mutated_A_34_THR   -227.127864330333864    2952.571069999999054  -1386.297677600827456   1607.418440000000373  0.426465219683941  597.007357668846339   1259.168869999999288  -397.427529948823235       498.294420000000059
design3.pdb  rebuilt_mutated_A_30_LEU   -226.722615387917017    2952.919649999998910  -1375.918098165766423   1608.835070000000314  0.425438311536855  615.760418084308071   1256.285149999999476  -404.716140985693301       461.690150000000131
design3.pdb  rebuilt_mutated_A_26_ASN   -226.451195739485001    2946.390809999998964  -1462.628099635925764   1634.577450000000454  0.426941438226927  582.760560915847122   1257.936329999999316  -403.572254368608526       490.549530000000118
design3.pdb  rebuilt_mutated_A_55_THR   -225.757568306068890    2976.286989999999150  -1437.533121059384257   1717.864570000000640  0.430957251202445  623.137931410348301   1282.652459999999564  -397.539044448936011       490.549530000000118
design3.pdb  rebuilt_mutated_A_27_LEU   -225.714455620049534    2905.694369999999253  -1395.696426300541589   1626.884160000000520  0.417469332812177  619.473832262721544   1213.038289999999733  -376.878493359847425       571.953459999999950
design3.pdb  rebuilt_mutated_A_51_ASN   -225.367525999443728    2951.045659999999316  -1396.007644146643543   1608.509550000000445  0.425068096032103  615.402853891499717   1254.395359999999755  -392.934740923118227       490.549530000000118
design3.pdb  rebuilt_mutated_A_33_HIS   -225.300597938732153    2956.788319999999203  -1394.700517052920532   1608.509550000000445  0.426182801614963  614.898399532419603   1260.132329999999229  -393.992685706383895       490.549530000000118
design3.pdb  rebuilt_mutated_A_35_GLY   -225.178474944319532    2952.001989999999296  -1404.107359469123821   1603.182380000000421  0.425259703161650  612.268999647343549   1255.367489999999407  -375.024884370527616       575.433980000000133
design3.pdb  rebuilt_mutated_A_52_PRO   -224.973872070406117    2923.376059999999143  -1261.868898745330625   1552.083400000000665  0.423422684798205  461.637702327669729   1237.823739999999589  -376.846110695837751       555.486900000000105
design3.pdb  rebuilt_mutated_A_33_CYS   -224.658212971855164    2955.194239999998899  -1391.967562175851981   1608.509550000000445  0.426412691573194  617.299775147393916   1260.132329999999229  -392.653280138140303       490.549530000000118
design3.pdb  rebuilt_mutated_A_38_ASN   -224.447913797117735    2959.703109999999469  -1394.093337182856430   1612.429130000000214  0.426755172075350  611.105437850461271   1263.068609999999580  -394.741340239307135       493.448450000000093
design3.pdb  rebuilt_mutated_A_44_MET   -224.186318754154627    2962.533729999997831  -1347.156253218695610   1614.595060000000331  0.431998585211045  648.350871042836388   1279.810379999998986  -373.253640926520575       382.226189999999974
design3.pdb  rebuilt_mutated_A_12_THR   -223.867184369755478    2929.650959999999031  -1312.295396151107752   1995.576430000000528  0.423305993421141  472.601150920991586   1240.138809999999694  -406.815362624423869       596.564269999999965
design3.pdb  rebuilt_mutated_A_33_PHE   -223.780223777077595    2957.234439999998813  -1395.115647007902226   1608.509550000000445  0.426118508886296  614.195822566769721   1260.132329999999229  -394.408411357002990       490.549530000000118
design3.pdb  rebuilt_mutated_A_31_GLY   -223.701451978275486    2952.956429999998818  -1364.414646271438642   1616.274750000000267  0.423537027940504  569.883778069156847   1250.686389999999619  -412.507560919768252       461.546230000000094
design3.pdb  rebuilt_mutated_A_17_VAL   -223.480655291412347    2974.575649999998404  -1401.562948683229251   1592.909620000000814  0.428311497137415  623.258573395179610   1274.044949999999290  -397.796793343098443       506.657100000000128
design3.pdb  rebuilt_mutated_A_33_GLU   -223.304577279257842    2955.194239999998899  -1394.853244574487690   1608.509550000000445  0.426412691573194  617.341200934509629   1260.132329999999229  -394.232290326667282       490.549530000000118
design3.pdb  rebuilt_mutated_A_44_HIS   -223.169115187870830    2924.626439999998638  -1358.693888357745664   1604.536260000000084  0.423136036477876  640.609246951174441   1237.514839999999595  -357.057488086083197       494.514190000000099
design3.pdb  rebuilt_mutated_A_51_ASP   -223.039228964043673    2950.177559999999630  -1402.522445067250374   1608.509550000000445  0.424898920321257  623.807650436857784   1253.527259999999160  -392.764709236927956       490.549530000000118
design3.pdb  rebuilt_mutated_A_13_TRP   -222.996545837038639    3002.586469999998826  -1353.399577725186646   1576.143800000000510  0.432117993257993  614.896630946423329   1297.471640000000207  -382.400027027640078       475.576280000000111
design3.pdb  rebuilt_mutated_A_63_TYR   -222.763452052578629    2996.019199999998364  -1469.408091744370495   1667.504280000000335  0.432077194298354  625.156881357810789   1294.511569999999665  -395.274075262267843       490.549530000000118
design3.pdb  rebuilt_mutated_A_49_ALA   -222.726635286916462    2942.194729999999254  -1409.041172017078452   1536.032970000000432  0.424455501624802  668.200290326732329   1248.830739999999651  -364.856419026031517       450.006060000000105
design3.pdb  rebuilt_mutated_A_48_HIS   -222.306839943617945    2952.067309999998088  -1370.749673625254218   1580.420930000000453  0.423627766129764  609.633099831407549   1250.577679999999646  -382.615778281430835       470.896010000000047
design3.pdb  rebuilt_mutated_A_35_ASN   -222.171082933873777    2967.096299999999701  -1380.149136729503198   1611.551430000000664  0.428031341618403  617.768456994350231   1270.010209999999233  -375.515163471840253       493.591410000000110
design3.pdb  rebuilt_mutated_A_51_PRO   -221.954950880710584    2952.714249999999538  -1397.812197016936580   1608.509650000000420  0.426907713809421  604.763590922185699   1260.536489999999276  -395.304302039196386       490.549530000000118
design3.pdb  rebuilt_mutated_A_27_PHE   -221.109243591025574    2943.545299999999315  -1391.085019224751022   1587.614579999999933  0.423622265979735  620.437494746305674   1246.951329999999643  -391.511941151573467       469.646160000000066
design3.pdb  rebuilt_mutated_A_30_TRP   -220.818445685298343    2959.579589999998916  -1374.004299998994384   1591.457610000000386  0.426733646314948  602.486749413229518   1262.952189999999291  -390.074657770195415       489.210790000000088
design3.pdb  rebuilt_mutated_A_47_ARG   -220.779675692053388    2966.674739999999019  -1394.013604790491627   1648.323910000000524  0.428642194189445  623.125939522568729   1271.641969999999446  -385.294634340498590       464.759770000000003
design3.pdb  rebuilt_mutated_A_35_ASP   -220.648084749843065    2967.192849999998998  -1405.627381354681802   1606.820010000000366  0.428096771667538  621.468473425046568   1270.245679999999766  -370.586496682438451       473.570690000000070
design3.pdb  rebuilt_mutated_A_26_LYS   -220.487965802217332    2960.147899999998572  -1390.828328878809316   1608.509550000000445  0.425481284229075  609.080219914777786   1259.487529999999651  -393.589835252087880       490.549530000000118
design3.pdb  rebuilt_mutated_A_62_GLN   -220.477251074947048    2950.866419999998470  -1393.310237155710865   1608.676950000000033  0.427266043442251  617.207985431930524   1260.805019999999331  -395.248697797417776       490.549530000000118
design3.pdb  rebuilt_mutated_A_48_PRO   -219.600381733802692    2957.134289999998600  -1381.990703725108688   1613.424630000000434  0.428725088436887  626.623169540244135   1267.797659999999041  -389.663391699990655       495.464610000000107
design3.pdb  rebuilt_mutated_A_34_MET   -219.261659815690109    2973.057939999999235  -1318.583379302909862   1662.574600000000373  0.424761705114970  610.608445539065656   1262.841159999999263  -341.161091373607746       527.213430000000017
design3.pdb  rebuilt_mutated_A_13_THR   -219.004792457701512    2950.593999999999141  -1348.331327155633289   1542.226190000000543  0.431776103387996  569.043114735916902   1273.995979999999690  -388.380690268288163       482.504180000000019
design3.pdb  rebuilt_mutated_A_35_ARG   -218.878513501470820    3013.053629999998975  -1361.824622748630645   1693.699780000000601  0.437658197275433  623.304974249860152   1318.687619999999470  -371.260787417323229       483.015459999999962
design3.pdb  rebuilt_mutated_A_31_LYS   -218.820985260520274    2968.827399999999216  -1323.603546839678074   1657.213659999999891  0.429539005871476  612.544820870556009   1275.227169999999433  -353.137959460339971       527.164240000000063
design3.pdb  rebuilt_mutated_A_38_THR   -218.738896024618043    2964.546089999997548  -1352.817672855602495   1639.760649999999941  0.428931863899610  641.381799883820236   1271.588280000000168  -325.022664366800825       587.836369999999874
design3.pdb  rebuilt_mutated_A_13_ASP   -218.592548299358327    2954.634019999999509  -1351.345373161596854   1555.545950000000857  0.432017323079493  585.907667982770022   1276.453079999999773  -376.039308847360189       504.547100000000057
design3.pdb  rebuilt_mutated_A_9_CYS    -218.299585119233996    2931.871389999999337  -1394.125659103739963   1559.142150000000129  0.421264245837195  611.056746287909846   1235.092589999999518  -385.946780561092623       491.030430000000138
design3.pdb  rebuilt_mutated_A_33_PRO   -218.081187906043738    2966.839179999999033  -1404.983665629363713   1608.509550000000445  0.428664040360961  636.357064480552481   1271.777269999999362  -399.064848389880240       490.549530000000118
design3.pdb  rebuilt_mutated_A_6_PRO    -218.080173337536166    2948.462679999999182  -1428.390741753476505   1576.943870000000061  0.413069006523766  575.443978692983592   1217.918549999999641  -397.052432334350897       491.030430000000138
design3.pdb  rebuilt_mutated_A_47_ASP   -217.532451875773290    2964.121259999999438  -1403.720205817306805   1608.509550000000445  0.423601168732213  606.694464491462327   1255.605229999999437  -393.807485802343706       490.549530000000118
design3.pdb  rebuilt_mutated_A_34_HIS   -217.449950401131900    2970.194319999999607  -1377.865578071514619   1602.459450000000516  0.424924696509419  627.179724102108821   1262.108919999999443  -379.531162174649012       491.924520000000030
design3.pdb  rebuilt_mutated_A_33_LYS   -217.406092335316202    2955.194239999998899  -1394.547024931126089   1608.509550000000445  0.426412691573194  620.815327011903264   1260.132329999999229  -394.072018198653609       490.549530000000118
design3.pdb  rebuilt_mutated_A_41_TYR   -217.369930325454447    2961.737449999998262  -1386.577115151724456   1613.487970000000360  0.427148918956338  622.161123186815985   1265.102949999999282  -388.034296911135584       495.517679999999984
design3.pdb  rebuilt_mutated_A_17_GLU   -217.025643278461246    2958.650679999998829  -1365.208627469610974   1584.648300000000063  0.425372977792701  593.260119537812443   1258.530049999999619  -384.933445653388901       482.802050000000065
design3.pdb  rebuilt_mutated_A_28_GLN   -216.145237467549578    2954.016249999999218  -1393.441291243779915   1596.674480000000358  0.426696406967971  604.142715206504363   1260.468119999999317  -400.629126049919307       490.885320000000036
design3.pdb  rebuilt_mutated_A_48_GLY   -215.767085808278239    2951.868819999998323  -1367.269703349175188   1607.267250000000104  0.427706062493658  621.783806750915119   1262.532189999999218  -366.824801569309614       556.752650000000017
design3.pdb  rebuilt_mutated_A_12_ASP   -214.191326298955687    2932.791809999999259  -1298.721917949718545   1996.030490000000782  0.423008160950913  499.707374613817308   1240.594869999999673  -374.325143534530696       565.608069999999998
design3.pdb  rebuilt_mutated_A_48_TYR   -213.821548326057268    2992.024169999998321  -1378.577595304126362   1635.192320000000109  0.426051130462626  619.776138133046857   1274.755280000000084  -371.603454703983346       511.466310000000021
design3.pdb  rebuilt_mutated_A_26_GLU   -213.641882033494767    2956.427529999999024  -1389.559435777569206   1608.509550000000445  0.426526277814765  621.206752608811485   1260.994029999999611  -391.975145219208969       490.549530000000118
design3.pdb  rebuilt_mutated_A_26_GLY   -213.283783351818670    2940.303229999999076  -1388.290213632247514   1609.189550000000509  0.425484595342229  595.009862522426715   1251.053729999999405  -390.195233395656260       491.229530000000125
design3.pdb  rebuilt_mutated_A_35_ALA   -212.748882010908005    2956.749329999998736  -1391.314741452504904   1608.537250000000313  0.426182502931353  619.839310259596573   1260.114829999999301  -363.403524723161809       580.788850000000139
design3.pdb  rebuilt_mutated_A_27_GLY   -212.698264646248845    2907.760989999998856  -1365.876253477907994   1553.152320000000145  0.421417714253055  646.944440560349449   1225.381989999999405  -356.905496773785785       374.764490000000023
design3.pdb  rebuilt_mutated_A_28_ALA   -211.870985457107565    2947.687629999998080  -1373.471004146927726   1637.277289999999994  0.427210474130192  496.123686369948246   1259.283029999999826  -447.856096920111213       607.332249999999931
design3.pdb  rebuilt_mutated_A_33_LEU   -211.830421521843732    2959.136599999998907  -1394.088846964950790   1608.509550000000445  0.425844596021691  614.809886407664635   1260.132329999999229  -394.174147299134745       490.549530000000118
design3.pdb  rebuilt_mutated_A_47_MET   -211.684436510229489    2963.292029999999158  -1391.854420744903564   1608.509550000000445  0.427449443786342  610.674823536755980   1266.657529999999269  -391.834809831248720       490.549530000000118
design3.pdb  rebuilt_mutated_A_47_ASN   -210.992484978625725    2966.271729999999479  -1406.875359003974836   1608.509550000000445  0.423414118570991  608.724304163324405   1255.961329999999407  -397.688967919842355       490.549530000000118
design3.pdb  rebuilt_mutated_A_17_ASP   -210.349460364296590    2991.854239999998754  -1360.640198656045641   1573.310530000000654  0.437426724371439  601.746295326453151   1308.716999999999189  -371.412814498548414       510.635400000000175
design3.pdb  rebuilt_mutated_A_3_HIS    -210.189827023767748    2968.409009999998943  -1395.166538440419799   1608.509550000000445  0.427158139504502  615.440653102535293   1267.980069999999387  -395.248697797417776       490.549530000000118
design3.pdb  rebuilt_mutated_A_51_MET   -209.599121857689909    2997.229829999999311  -1384.407318057044677   1611.260590000000548  0.436367337235530  635.229839693765825   1307.893199999999297  -394.281179259187411       490.549530000000118
design3.pdb  rebuilt_mutated_A_52_SER   -209.529508735163347    2926.356819999999061  -1258.420921934874968   1552.209530000000314  0.422991390366401  469.994722298483453   1237.823739999999589  -376.647181526936834       555.486900000000105
design3.pdb  rebuilt_mutated_A_23_PRO   -209.225358224506635    2953.599889999999050  -1391.625212370846839   1608.571850000000495  0.424692167766840  625.270488451042752   1254.370739999999614  -392.187967806926565       490.549530000000118
design3.pdb  rebuilt_mutated_A_12_SER   -208.954892357368408    2928.333099999998922  -1297.664534699104024   1996.040840000000799  0.423655088965118  487.986548159341282   1240.603219999999737  -379.472939449109049       565.608069999999998
design3.pdb  rebuilt_mutated_A_51_HIS   -208.069769738926482    2990.369949999998880  -1392.519320538456213   1608.509550000000445  0.432869254187095  631.577768607477992   1294.439210000000003  -392.278906136604576       490.549530000000118
design3.pdb  rebuilt_mutated_A_58_ALA   -207.953527949243352    2964.049999999998818  -1393.243545494572118   1608.676950000000033  0.429813464685144  632.143517482543416   1273.988599999999451  -395.248697797417776       490.549530000000118
design3.pdb  rebuilt_mutated_A_38_TYR   -207.507630645916265    2931.597859999998036  -1319.541248378914361   1584.257420000000593  0.420329526369623  675.774913807144117   1232.237139999999954  -309.147711810029762       460.378980000000013
design3.pdb  rebuilt_mutated_A_26_ALA   -206.536631196045050    2948.388029999999162  -1388.964953426491547   1608.493620000000419  0.426277992317042  595.272138939718729   1256.832929999999351  -395.563683410525471       490.533600000000092
design3.pdb  rebuilt_mutated_A_31_ALA   -206.389229909630217    2947.786959999998999  -1360.941348430639209   1611.955550000000358  0.424045725475358  599.420991733036089   1249.996459999999615  -380.872722900883389       493.740130000000079
design3.pdb  rebuilt_mutated_A_33_TYR   -205.692659736909832    2947.884809999999106  -1383.884856259848675   1608.509550000000445  0.427470003483616  614.901091596587321   1260.132329999999229  -394.329564521021894       490.549530000000118
design3.pdb  rebuilt_mutated_A_52_ASN   -205.411906915332565    2973.615739999998823  -1365.115870376223256   1529.490970000000516  0.434111116858697  615.995365392120107   1290.879649999999174  -389.355377389962086       480.960860000000025
design3.pdb  rebuilt_mutated_A_12_ALA   -204.982201738135586    2928.335099999998874  -1295.748381479982527   1996.025960000000623  0.423649718230677  493.761719948656548   1240.588339999999562  -377.756269293271316       588.259200000000078
design3.pdb  rebuilt_mutated_A_20_VAL   -204.372606202513452    2937.047949999999219  -1322.169403301329567   1626.291960000000245  0.422089145667506  587.465401881710477   1239.696059999999534  -345.438246021960026       557.839740000000006
design3.pdb  rebuilt_mutated_A_51_VAL   -204.186963802932496    2969.441799999999148  -1385.555771681128817   1608.509550000000445  0.431092863985413  632.399746885413833   1280.105169999999362  -392.673276871167957       490.549530000000118
design3.pdb  rebuilt_mutated_A_38_GLU   -203.969141173682146    2990.795099999998456  -1284.833677563532774   1667.457409999999982  0.433018059311385  622.343033800438889   1295.068289999999934  -301.813009404175318       465.605969999999957
design3.pdb  rebuilt_mutated_A_33_THR   -203.669007383236135    2963.387229999998908  -1395.178480537176938   1608.509550000000445  0.427998510339805  642.676582792212457   1268.325319999999238  -394.415644002730971       490.549530000000118
design3.pdb  rebuilt_mutated_A_35_GLN   -203.643953428429768    2967.232279999999264  -1399.140564641895480   1606.922570000000405  0.427154668187959  625.382979737979440   1267.467119999999568  -367.115552330468915       473.673250000000110
design3.pdb  rebuilt_mutated_A_58_ARG   -203.552267628417013    2958.828619999999319  -1395.430719995615163   1608.465850000000501  0.425958398361038  633.760023498353462   1260.337899999999308  -395.248697797417776       490.549530000000118
design3.pdb  rebuilt_mutated_A_34_TRP   -203.528373114772648    2987.631739999999354  -1395.545397384365515   1658.748460000000250  0.421283009264053  678.414434182101786   1258.638489999999592  -363.468783801104905       512.990890000000149
design3.pdb  rebuilt_mutated_A_6_VAL    -203.493122957734727    2962.357769999998709  -1401.491712456461300   1604.552110000000312  0.420525775993627  573.434694135146287   1245.747799999999870  -395.253893118824180       490.549530000000118
design3.pdb  rebuilt_mutated_A_48_ALA   -202.066440596238181    2955.912049999998999  -1364.411401226050657   1613.964080000000195  0.428488871987920  635.866779003604051   1266.575419999999212  -380.901632771087350       496.004059999999981
design3.pdb  rebuilt_mutated_A_27_ILE   -201.197123690228750    2909.725399999999354  -1360.697284178269456   1588.636300000000119  0.418275215936184  648.082631783453394   1217.066019999999526  -328.434225840915474       560.271999999999935
design3.pdb  rebuilt_mutated_A_9_ALA    -200.710424026730038    2919.107019999999011  -1367.561668103708143   1560.336350000000039  0.422298915919842  590.468354888097906   1232.735729999999648  -389.478709358697301       491.030430000000138
design3.pdb  rebuilt_mutated_A_44_ILE   -200.668932751660464    2953.980169999997543  -1335.043251038983044   1603.872060000000374  0.430353877426334  664.581451946578682   1271.256819999999152  -333.661579654192735       493.849989999999991
design3.pdb  rebuilt_mutated_A_55_LYS   -200.493852829494074    2965.527119999998831  -1396.823746223936041   1608.509550000000445  0.430341871228613  650.053583545993888   1276.190489999999500  -396.829122023412424       490.549530000000118
design3.pdb  rebuilt_mutated_A_47_CYS   -200.439075961639105    2954.122289999999339  -1384.430423291041279   1608.509550000000445  0.425061763438371  617.441342548463354   1255.684429999999566  -389.657113206619897       490.549530000000118
design3.pdb  rebuilt_mutated_A_9_ASP    -199.078559132599281    2920.833879999999226  -1368.660826997031336   1577.996849999999995  0.422640465263297  601.235677265381241   1234.462589999999409  -386.449835600219103       491.030430000000138
design3.pdb  rebuilt_mutated_A_44_VAL   -199.056519039486147    2953.918989999997848  -1333.878349896878262   1603.934760000000324  0.430342079218631  665.737432909648760   1271.195639999999003  -332.512089146628853       493.912690000000055
design3.pdb  rebuilt_mutated_A_34_GLU   -198.809852339334157    2953.462739999999485  -1353.153967831096907   1610.203680000000304  0.426212138366100  626.957324628419997   1258.801669999999149  -382.546514007400845       497.564020000000085
design3.pdb  rebuilt_mutated_A_31_PRO   -198.667267935747077    2945.294429999999011  -1359.179912726157681   1607.325550000000248  0.423614028971630  625.022487942280804   1247.668039999999792  -372.801661862936157       446.278930000000116
design3.pdb  rebuilt_mutated_A_55_VAL   -198.369854926302452    2979.403159999998934  -1422.620582656821398   1717.840970000000652  0.431552415350194  637.788855897402641   1285.768629999999575  -396.643867688640853       490.549530000000118
design3.pdb  rebuilt_mutated_A_42_CYS   -198.239424926450397    2996.621809999997367  -1332.663368727240595   1681.095620000000281  0.433433580328911  500.382549046671897   1298.836519999999609  -422.811394336945568       620.523059999999873
design3.pdb  rebuilt_mutated_A_9_LYS    -198.235199234677026    2936.130439999999453  -1399.702899560260903   1559.142150000000129  0.422103740050459  637.993611881329230   1239.351639999999634  -387.356487301440666       491.030430000000138
design3.pdb  rebuilt_mutated_A_34_TYR   -197.982531476504164    2986.354809999999361  -1375.464165575850075   1646.772460000000365  0.422930565976519  632.486150090511615   1263.020729999999958  -387.219136027231855       498.233590000000106
design3.pdb  rebuilt_mutated_A_28_GLU   -197.672128327403243    2951.712509999998474  -1391.864943301958647   1594.982200000000375  0.426962390724156  605.033104058955018   1260.270229999999401  -398.546065279797801       490.687430000000063
design3.pdb  rebuilt_mutated_A_35_TYR   -197.614298546268628    2978.916589999998905  -1379.787006089964734   1609.733510000000251  0.431588220467764  644.290759027364857   1285.665309999999636  -365.285137314325368       476.484190000000069
design3.pdb  rebuilt_mutated_A_59_VAL   -197.605508026107032    2968.680519999998523  -1378.255602442928421   1640.115950000000339  0.428670249771437  589.080641182291743   1272.585019999999986  -402.230202298143240       490.549530000000118
design3.pdb  rebuilt_mutated_A_28_HIS   -197.513852500486564    2944.126239999999143  -1343.547493564518618   1613.781670000000304  0.426721949939212  664.677064607306079   1256.323289999999588  -332.266035511481164       481.409409999999980
design3.pdb  rebuilt_mutated_A_58_GLN   -197.315525951657548    2966.795249999998759  -1406.919874912961632   1608.676950000000033  0.430341072576545  665.741814119336482   1276.733849999999620  -395.248697797417776       490.549530000000118
design3.pdb  rebuilt_mutated_A_34_ASP   -197.091408151796145    2959.148359999999229  -1351.757289509752809   1598.716720000000578  0.426525427741649  621.077453441722355   1262.152019999999311  -385.460047982202582       491.282170000000121
design3.pdb  rebuilt_mutated_A_17_PRO   -197.017383949588691    2978.122889999998733  -1235.168051384116552   1582.232250000000249  0.432529256709081  485.174101933622410   1288.125279999999293  -355.702913225106727       572.166270000000054
design3.pdb  rebuilt_mutated_A_6_TRP    -196.465525115306491    3011.908909999998286  -1348.170503834488272   1665.208410000000413  0.427374880337932  506.783147831801045   1287.214209999999866  -416.463166089969604       635.957120000000145
design3.pdb  rebuilt_mutated_A_31_TYR   -195.752020321817895    2969.962819999999738  -1386.304045883891149   1611.227770000000646  0.429506245468756  612.768810808648936   1275.617579999999407  -424.829355747547538       485.638070000000027
design3.pdb  rebuilt_mutated_A_45_GLU   -195.729388778458087    2985.745679999998174  -1264.331125304299803   1587.099290000000110  0.434764648139757  559.717880161720814   1298.096669999999222  -349.613984684238574       576.771860000000061
design3.pdb  rebuilt_mutated_A_33_MET   -195.601392935763442    2962.824429999999211  -1391.846455150926886   1608.509550000000445  0.427889856436751  646.690924847494330   1267.762519999999540  -391.590987847272856       490.549530000000118
design3.pdb  rebuilt_mutated_A_51_LEU   -195.504091349119562    2967.752109999999448  -1390.306061205741571   1608.509550000000445  0.428304576287539  637.765807801598612   1271.101809999999432  -391.797472553183695       490.549530000000118
design3.pdb  rebuilt_mutated_A_48_GLU   -195.249226956776653    2955.063539999998284  -1383.492118195905960   1609.138370000000350  0.425727394003853  644.362906883016308   1258.051499999999805  -384.074125725790452       491.178350000000023
design3.pdb  rebuilt_mutated_A_12_PHE   -195.077322128949049    2937.992449999999280  -1343.585084334877592   1588.707290000000285  0.426061496516099  614.112416399764584   1251.765459999999393  -367.107323688173722       492.126470000000097
design3.pdb  rebuilt_mutated_A_33_ARG   -194.958454127896857    2961.193439999999100  -1394.366437775848226   1608.509550000000445  0.425548805079076  619.839002909304213   1260.132329999999229  -394.014469817599377       490.549530000000118
design3.pdb  rebuilt_mutated_A_48_SER   -194.950006652473121    2955.837699999998677  -1359.032199691264395   1613.992030000000341  0.428474496417716  641.114165444791297   1266.501069999999345  -377.359524795966593       496.032010000000014
design3.pdb  rebuilt_mutated_A_48_ASP   -194.845550348836923    2967.023149999998623  -1370.182131875385039   1613.414030000000366  0.430629103787073  652.760453168426920   1277.686519999999064  -377.323838026547662       495.454010000000096
design3.pdb  rebuilt_mutated_A_33_GLN   -194.627207753992366    2960.362959999999021  -1393.598202115507320   1608.509550000000445  0.425668185633562  618.288255617770801   1260.132329999999229  -393.631668820005984       490.549530000000118
design3.pdb  rebuilt_mutated_A_38_PHE   -194.594099174772850    2928.735719999998764  -1331.223957577754845   1581.279880000000276  0.419911896318183  694.341158474725489   1229.810969999999770  -339.287949700608237       443.247070000000065
design3.pdb  rebuilt_mutated_A_48_ASN   -194.407232084879524    2967.740329999998266  -1370.409383948272989   1613.036430000000564  0.430766697165854  653.061823675366895   1278.403699999999390  -377.833639355809566       495.076410000000067
design3.pdb  rebuilt_mutated_A_9_ASN    -194.256997337927999    2921.626719999999295  -1367.178935403384912   1577.823250000000144  0.422797142956031  603.859038587533178   1235.255429999999478  -386.860735863734590       491.030430000000138
design3.pdb  rebuilt_mutated_A_26_ASP   -194.157297245106520    2945.291209999998955  -1451.239014836119168   1634.235250000000406  0.427047392030209  602.778333645151292   1257.778929999999264  -398.768507982892515       490.549530000000118
design3.pdb  rebuilt_mutated_A_30_ILE   -193.787071625463341    2948.381129999999303  -1359.926876072160894   1596.881550000000516  0.424553873738840  624.786467087348797   1251.746629999999413  -374.716902562856319       478.921530000000018
design3.pdb  rebuilt_mutated_A_48_PHE   -193.786210102477128    2987.520399999998972  -1362.443771878824236   1634.656380000000127  0.425393115307263  639.612857403676685   1270.870609999999260  -363.537773611112925       510.491770000000088
design3.pdb  rebuilt_mutated_A_9_GLY    -193.678452770771315    2914.468629999999393  -1373.119533358606304   1560.336350000000039  0.421379502032931  593.156096818632591   1228.097339999999576  -392.953447485030665       491.030430000000138
design3.pdb  rebuilt_mutated_A_51_CYS   -193.321915964656171    2948.400729999999385  -1381.602448776356368   1608.509550000000445  0.424552340278385  627.288624837493899   1251.750429999999369  -390.691403123236512       490.549530000000118
design3.pdb  rebuilt_mutated_A_63_GLU   -192.969374395454992    2981.543129999998200  -1408.841054450613001   1700.318360000000439  0.424703442072965  532.453873836252342   1266.271629999999959  -395.274075262267843       490.549530000000118
design3.pdb  rebuilt_mutated_A_62_MET   -192.040803179399234    2955.744969999998830  -1394.280269406895741   1608.509550000000445  0.425987520161457  628.692543953938298   1259.110469999999395  -395.248697797417776       490.549530000000118
design3.pdb  rebuilt_mutated_A_51_LYS   -191.372521133225860    2974.109979999999268  -1386.736175453136411   1608.509550000000445  0.429526711718980  633.248332077115947   1277.459679999999707  -392.322812877432852       490.549530000000118
design3.pdb  rebuilt_mutated_A_45_ALA   -190.533158809292445    2940.892099999997754  -1284.842551647624532   1634.656570000000556  0.424978784498758  518.975506876056670   1249.816749999999729  -376.109442520588118       612.467320000000200
design3.pdb  rebuilt_mutated_A_52_LEU   -190.519876782183559    2982.741549999999279  -1340.982005955450859   1416.784800000000587  0.435137784566014  614.605309004441779   1297.903549999999086  -383.005625636422280       492.866100000000017
design3.pdb  rebuilt_mutated_A_35_GLU   -189.898134242595916    2987.927489999999125  -1366.746676696014447   1617.369380000000547  0.432170122709370  641.989799033888971   1291.292989999999691  -388.134420327883959       484.519640000000095
design3.pdb  rebuilt_mutated_A_27_VAL   -189.542818735164815    2902.456639999999425  -1345.970920552885900   1578.373209999999972  0.416818374933587  656.633286557710790   1209.797259999999596  -321.456440920100704       422.434950000000072
design3.pdb  rebuilt_mutated_A_51_GLN   -189.442792028368103    2973.613679999999476  -1391.196770960592403   1608.509550000000445  0.429431498983418  643.444319196847800   1276.963379999999006  -392.164044018292600       490.549530000000118
design3.pdb  rebuilt_mutated_A_62_LYS   -188.984782030725540    2960.743069999999079  -1395.645476892551642   1608.509550000000445  0.426956524126898  647.155338513949914   1264.108569999999418  -395.248697797417776       490.549530000000118
design3.pdb  rebuilt_mutated_A_26_MET   -188.959678445721352    2959.114099999998871  -1377.552215355638054   1608.509550000000445  0.425631113717447  622.101707705938907   1259.491029999999455  -392.874129190769224       490.549530000000118
design3.pdb  rebuilt_mutated_A_17_SER   -188.531355973102848    2991.321339999998600  -1363.175449388148991   1555.237400000000662  0.438163176410863  607.342511221931659   1310.686859999999342  -391.213573043449401       498.232030000000009
design3.pdb  rebuilt_mutated_A_27_MET   -188.272243099014986    2918.343349999999191  -1388.012449286970877   1587.610600000000204  0.419994196364866  666.975584891245603   1225.687269999999671  -353.206815402437599       559.249599999999987
design3.pdb  rebuilt_mutated_A_58_SER   -188.011190349914926    2965.662209999999050  -1391.215333945302973   1608.676950000000033  0.429568713424042  643.665422918726222   1273.955699999999524  -395.248697797417776       490.549530000000118
design3.pdb  rebuilt_mutated_A_3_SER    -187.971298471187026    2975.278069999998934  -1424.510346968416343   1625.836750000000393  0.429978328042461  662.654268112067143   1279.305089999999609  -402.230202298143240       490.549530000000118
design3.pdb  rebuilt_mutated_A_51_GLU   -187.617361922567568    2969.398359999999684  -1392.194899507815762   1608.509550000000445  0.428621527224121  644.640728470007048   1272.748059999999214  -392.749166333384665       490.549530000000118
design3.pdb  rebuilt_mutated_A_17_MET   -186.906115941072926    2998.006149999997888  -1337.275542081571984   1574.254450000000361  0.431457073562041  612.697658124161080   1293.510960000000068  -380.815508213216560       467.291159999999991
design3.pdb  rebuilt_mutated_A_26_VAL   -186.584126496851695    2941.140419999999267  -1389.090145809994283   1458.565370000000257  0.428025677196330  574.297760309526780   1258.883619999999382  -394.972126837535200       489.729720000000043
design3.pdb  rebuilt_mutated_A_47_HIS   -186.406387859206006    2977.118829999999434  -1407.215307010264041   1608.509550000000445  0.421921563003248  609.995176760445929   1256.110629999999446  -396.117600978046596       490.549530000000118
design3.pdb  rebuilt_mutated_A_12_HIS   -185.651008859423769    2934.005749999998898  -1349.963400039722501   1576.327090000000226  0.425281634161760  631.622838493951235   1247.778759999999465  -371.682685767147916       494.643670000000100
design3.pdb  rebuilt_mutated_A_59_ARG   -185.510375124450263    3020.788409999998748  -1481.406352898119394   1653.194360000000415  0.427460819740102  632.167663268877504   1291.268689999999879  -379.808005682740998       502.059230000000127
design3.pdb  rebuilt_mutated_A_34_ILE   -184.896356136403256    2962.524249999999483  -1342.242364826298171   1618.883690000000570  0.425379559340316  621.209717927570978   1260.197259999999233  -380.684640939408780       490.626430000000028
design3.pdb  rebuilt_mutated_A_30_VAL   -183.666082384501237    2939.205329999999321  -1351.666922375907916   1601.220460000000458  0.422757409057910  634.154445834942976   1242.570829999999887  -368.141252658764415       483.260440000000074
design3.pdb  rebuilt_mutated_A_23_GLN   -183.594966037258928    2969.367009999999027  -1371.069173379779613   1612.531170000000429  0.427837180692595  641.449781346493751   1270.405609999999569  -383.751507337726423       494.571150000000102
design3.pdb  rebuilt_mutated_A_47_TYR   -182.686063044160534    2994.439269999999397  -1443.760399892830719   1759.282130000000734  0.420178075610129  604.141777646069386   1258.197729999999638  -391.471485486844642       490.549530000000118
design3.pdb  rebuilt_mutated_A_33_TRP   -182.362027049103290    2968.483939999998711  -1394.696696318267868   1608.509550000000445  0.424503671055738  614.479490579404001   1260.132329999999229  -394.564510968877471       490.549530000000118
design3.pdb  rebuilt_mutated_A_47_PHE   -182.301594378560964    2988.171689999998762  -1433.978126826438256   1727.903770000000577  0.421115739169592  606.468840855107032   1258.366129999999202  -391.756839737136488       490.549530000000118
design3.pdb  rebuilt_mutated_A_48_LEU   -182.269463773617247    2947.967029999998431  -1338.925015031719113   1568.078300000000581  0.422944180620636  639.378234646738065   1246.825499999999693  -364.133654414821763       469.494070000000079
design3.pdb  rebuilt_mutated_A_49_PRO   -181.736086837084713    2943.719059999999899  -1385.158669739119432   1553.988470000000234  0.424979709171024  681.807616398803020   1251.020869999999604  -359.201422651751727       450.006060000000105
design3.pdb  rebuilt_mutated_A_45_HIS   -181.215626481930599    2949.411769999999251  -1346.397832298262983   1599.276180000000068  0.426992806772450  623.282134061053284   1259.377609999999777  -372.845786754831011       471.172800000000052
design3.pdb  rebuilt_mutated_A_31_VAL   -179.061015841895369    2951.790139999999155  -1375.253206972605540   1602.256600000000162  0.425300800686325  623.122043117689145   1255.398709999999710  -397.982829112043021       485.286270000000059
design3.pdb  rebuilt_mutated_A_23_THR   -178.579032841833623    2956.764399999999114  -1361.745168598150258   1607.293680000000450  0.425447022427624  639.349358251204535   1257.946609999999282  -378.031070427195573       490.547930000000122
design3.pdb  rebuilt_mutated_A_45_PRO   -178.019314221071227    2938.478219999997236  -1268.581361693734607   1633.197980000000598  0.424531058800906  526.899596179053447   1247.475269999999682  -366.919331246675597       611.081130000000144
design3.pdb  rebuilt_mutated_A_52_LYS   -177.576123118848983    2995.981919999998809  -1335.622286822501337   1413.691260000000511  0.436211807980470  653.715634833887862   1306.882689999999229  -376.672050316768718       489.262060000000133
design3.pdb  rebuilt_mutated_A_58_LEU   -177.286351083414530    2961.257049999997889  -1411.546985975312055   1724.691480000000638  0.425044539784211  595.916929177539373   1258.666139999999587  -395.248697797417776       490.549530000000118
design3.pdb  rebuilt_mutated_A_35_VAL   -176.627960130042538    2962.579989999999270  -1383.643423226433015   1606.617310000000316  0.427133027385363  634.570005060097969   1265.415759999999182  -364.784317150825075       473.367990000000134
design3.pdb  rebuilt_mutated_A_3_GLN    -175.994325425266737    2957.651929999999084  -1376.180795916416400   1608.055740000000242  0.418590476263378  608.699455147198250   1238.044929999999340  -395.248697797417776       490.549530000000118
design3.pdb  rebuilt_mutated_A_17_GLY   -174.581725815591739    2961.651249999998981  -1207.166910519624253   1574.415290000000368  0.431588874618509  475.422281211736959   1278.215729999999894  -347.166836770762075       573.828150000000051
design3.pdb  rebuilt_mutated_A_33_ILE   -172.537686038095558    2977.101539999998749  -1382.834234306876851   1614.513490000000502  0.430633491258078  675.463282075382722   1282.039629999999534  -398.915962775633716       489.681350000000009
design3.pdb  rebuilt_mutated_A_12_TRP   -172.443960460426297    2940.022639999999228  -1337.239361964879208   1595.467000000000326  0.425587732889023  638.219449727389360   1251.237569999999550  -377.289706308299515       493.214980000000025
design3.pdb  rebuilt_mutated_A_35_PHE   -171.541937572079974    2982.159149999999045  -1351.807509739293209   1615.643970000000309  0.432204957941296  668.675403476026872   1288.903969999999617  -372.656462841722373       467.256700000000023
design3.pdb  rebuilt_mutated_A_3_VAL    -171.085901576330230    2956.618339999999080  -1379.621165527441690   1608.509550000000445  0.421649224431179  614.781254985069609   1246.655829999999469  -395.248697797417776       490.549530000000118
design3.pdb  rebuilt_mutated_A_16_HIS   -170.982486500386926    2954.870519999998578  -1368.168123974259288   1603.070250000000215  0.429339804033105  628.805975858407123   1268.643529999999600  -387.883776656495911       488.488130000000069
design3.pdb  rebuilt_mutated_A_31_CYS   -170.008559077353084    2959.029759999998532  -1352.625568822904825   1616.535770000000184  0.426532094087489  630.749445261485107   1262.121159999999463  -386.071530944532299       493.710630000000094
design3.pdb  rebuilt_mutated_A_23_VAL   -169.787127762920363    2964.195269999999255  -1360.349744554807330   1608.546550000000479  0.426914988633660  647.745991202316532   1265.459389999999303  -378.093908638434527       491.800800000000095
design3.pdb  rebuilt_mutated_A_17_LYS   -169.696391483539742    3000.936879999997927  -1330.413120703622326   1581.389100000000326  0.431409610321428  626.694057186833788   1294.633010000000013  -356.933517054191270       452.023860000000013
design3.pdb  rebuilt_mutated_A_13_PRO   -169.387661003728937    2933.495899999998073  -1232.561764013607444   1555.624810000000707  0.428332049143140  505.051780791830311   1256.510309999999663  -378.220154277907397       536.440540000000055
design3.pdb  rebuilt_mutated_A_49_THR   -169.197438404731088    2947.944439999999304  -1370.260493613925973   1576.722890000000461  0.425624687146410  665.486536032821846   1254.717929999999569  -376.228881448111849       465.261360000000082
design3.pdb  rebuilt_mutated_A_48_THR   -166.984808651030619    2939.022999999998319  -1359.053291867546022   1613.933720000000221  0.422448704892748  658.736142290353541   1241.586459999999306  -378.563006350686408       494.362540000000081
design3.pdb  rebuilt_mutated_A_47_LEU   -166.559076930112951    2981.138689999998860  -1392.229968942422147   1690.100530000000617  0.423412917431225  612.582491484600382   1262.252629999999272  -390.984686156535588       490.549530000000118
design3.pdb  rebuilt_mutated_A_59_MET   -166.006167361502236    2971.525509999998576  -1387.853861945249264   1592.981750000000375  0.428820787744137  612.312013494028974   1274.251909999999270  -395.248697797417776       490.549530000000118
design3.pdb  rebuilt_mutated_A_51_ARG   -165.238048123337478    2986.047840000000178  -1391.461775139281599   1608.509550000000445  0.432035439191088  669.424189193861821   1290.078489999999192  -392.470700519947798       490.549530000000118
design3.pdb  rebuilt_mutated_A_23_LEU   -162.825621725907126    2965.761859999999160  -1354.514563836721209   1608.509550000000445  0.427562066632012  661.310304628203539   1268.047269999999344  -376.042174375874879       490.549530000000118
design3.pdb  rebuilt_mutated_A_45_CYS   -161.853880941691159    2960.958489999997710  -1213.078373538778351   1662.734099999999899  0.417893176881382  590.019114066641578   1237.364349999999604  -286.902307001378972       577.945490000000177
design3.pdb  rebuilt_mutated_A_47_TRP   -161.541612799777369    3026.632389999999305  -1433.570977097710966   1637.429950000000190  0.418909023834242  603.512625855081069   1267.883619999999382  -389.246166212937396       490.549530000000118
design3.pdb  rebuilt_mutated_A_28_ASP   -161.200313603877021    2927.268679999999222  -1347.752617643388021   1522.915420000000040  0.430436300093915  613.080675207308900   1260.002699999999322  -376.309151506553917       498.357850000000099
design3.pdb  rebuilt_mutated_A_3_ILE    -160.840239540783642    2966.414839999999003  -1376.585636569074495   1608.509550000000445  0.423662332406616  625.350096322533091   1256.758229999999230  -395.248697797417776       490.549530000000118
design3.pdb  rebuilt_mutated_A_17_ILE   -160.130663348162926    2965.191409999997632  -1256.218815322980618   1576.117390000000569  0.430626247497459  570.310694691297272   1276.889249999999720  -337.397605135905792       571.648860000000127
design3.pdb  rebuilt_mutated_A_49_SER   -159.834034992747775    2946.884099999999307  -1378.017260783419260   1552.808569999999918  0.425257074073595  686.998023257336627   1253.183309999999665  -364.657734906199835       516.731480000000033
design3.pdb  rebuilt_mutated_A_31_ILE   -159.820261045978441    2962.400369999999384  -1377.262741786177003   1600.853700000000345  0.427357578948723  635.093008829152154   1266.004249999999729  -398.068522410426965       483.883370000000014
design3.pdb  rebuilt_mutated_A_13_ALA   -159.669316135098512    2954.795779999999468  -1343.299898046111139   1534.558690000000752  0.432780532128687  601.579393432365350   1278.778089999999793  -382.251369459793068       477.832880000000102
design3.pdb  rebuilt_mutated_A_34_PHE   -159.479215660739328    2982.320359999999255  -1329.917395293278787   1659.204700000000003  0.423490285262312  643.074336375225698   1262.983699999999544  -373.431007758435044       498.126650000000097
design3.pdb  rebuilt_mutated_A_28_ASN   -159.339311149342848    2929.670029999999315  -1354.590536371732014   1539.984619999999950  0.430521095237473  614.600499987454100   1261.284749999999576  -375.642765405088198       498.462980000000073
design3.pdb  rebuilt_mutated_A_58_LYS   -158.918992115629834    2959.326169999999820  -1365.389217908257706   1628.068950000000314  0.425641310771769  629.617968840031835   1259.611469999999372  -395.248697797417776       490.549530000000118
design3.pdb  rebuilt_mutated_A_38_HIS   -158.322338759194167    2934.023709999999028  -1351.053076871569374   1596.393790000000308  0.422729300302757  750.884727971599318   1240.297789999999850  -325.330458152091580       401.892220000000009
design3.pdb  rebuilt_mutated_A_13_GLN   -157.817562716487799    2971.551659999999174  -1329.841602117930961   1702.337330000001202  0.432298743882514  592.895810060724330   1284.598050000000057  -369.496127089424476       500.414580000000115
design3.pdb  rebuilt_mutated_A_52_CYS   -156.361167893719482    2967.886389999999210  -1348.883758623148424   1517.536620000000312  0.433219793834494  629.214076896316783   1285.747129999999288  -388.888478835564172       469.286260000000084
design3.pdb  rebuilt_mutated_A_35_CYS   -155.803184868678272    2963.661369999999351  -1352.402949294361406   1612.823990000000549  0.427520796682652  667.032075700859423   1267.026869999999462  -347.480845555811584       471.754890000000103
design3.pdb  rebuilt_mutated_A_58_MET   -155.173718453402330    2951.249589999999444  -1372.556250807345123   1608.460350000000290  0.426934866596627  632.338023262659704   1259.991349999999329  -395.248697797417776       490.549530000000118
design3.pdb  rebuilt_mutated_A_27_LYS   -154.896716571048501    2927.350379999999404  -1321.699312916859299   1582.224190000000135  0.421778789596072  704.815512848289700   1234.694299999999885  -291.064031777527020       531.096990000000005
design3.pdb  rebuilt_mutated_A_31_PHE   -154.762217576899388    2973.935979999998835  -1306.356556370926683   1656.426850000000513  0.430238034243091  644.210561516233952   1279.500369999999521  -332.198060283293330       538.185229999999933
design3.pdb  rebuilt_mutated_A_34_LEU   -154.471798243327157    2970.122679999999036  -1282.044603123116758   1446.980920000000424  0.425355659046380  633.325247585676948   1263.358489999999392  -360.290457788442609       493.552500000000123
design3.pdb  rebuilt_mutated_A_23_ILE   -154.424191003077340    2967.547939999999016  -1358.304757561805445   1608.608390000000554  0.427572479250327  660.660366024573705   1268.841829999999618  -376.468017135719890       491.862640000000113
design3.pdb  rebuilt_mutated_A_2_ARG    -154.059541314470380    3041.432299999999032  -1409.854338225707124   1642.512450000000399  0.433389127221408  640.505653153509115   1318.123689999999897  -402.230202298143240       490.549530000000118
design3.pdb  rebuilt_mutated_A_38_GLN   -153.941221830170775    2994.833739999998215  -1256.721392404207563   1670.971209999999928  0.433782654659153  667.206265291120076   1299.106929999999693  -285.696805438133140       466.160309999999981
design3.pdb  rebuilt_mutated_A_35_HIS   -152.749290114822202    2981.521299999998973  -1340.985478623067820   1600.982180000000426  0.432607987741023  694.526080322969733   1289.829929999999649  -365.215589658775343       452.594909999999970
design3.pdb  rebuilt_mutated_A_48_ILE   -152.664540893006631    2947.189439999999195  -1338.749054589351545   1611.927020000000311  0.424198031871341  668.798658246565878   1250.191959999999426  -360.926986934929289       492.465200000000095
design3.pdb  rebuilt_mutated_A_34_ASN   -152.390172310960224    2959.724829999999201  -1317.445694437915336   1597.683570000000600  0.426361041137733  638.974023197656720   1261.911359999999377  -373.484682477363208       491.177870000000041
design3.pdb  rebuilt_mutated_A_48_CYS   -152.315400959808471    2958.628769999998440  -1331.923858463062970   1613.894930000000386  0.429013654186835  678.002143874920876   1269.292139999999108  -352.633989050874618       495.934910000000116
design3.pdb  rebuilt_mutated_A_49_ASP   -150.244834556314345    2951.639819999998963  -1344.028522633598868   1565.100440000000162  0.425926334738227  674.705437937130796   1257.181129999999712  -356.280987689482345       466.890730000000019
design3.pdb  rebuilt_mutated_A_16_ILE   -149.655165760085197    2953.149209999999130  -1343.640401213114274   1629.965490000000273  0.429007181794245  633.950068186177077   1266.922219999999243  -378.946063773330820       492.284770000000094
design3.pdb  rebuilt_mutated_A_34_CYS   -147.493860319852843    2955.536699999999200  -1318.291208324829995   1596.796940000000632  0.426470062104118  650.722610880047682   1260.447919999999385  -363.612583574058988       492.552430000000072
design3.pdb  rebuilt_mutated_A_13_GLY   -147.044902977766839    2945.162049999999454  -1334.736803478164347   1518.476990000000796  0.431559360205663  617.117049586713506   1271.012249999999767  -374.003741316275750       460.870780000000082
design3.pdb  rebuilt_mutated_A_49_ASN   -146.230381725769462    2953.808119999999235  -1349.570578016735681   1564.539200000000392  0.425666857466693  668.011435496944273   1257.338219999999865  -369.115738964100842       465.731220000000064
design3.pdb  rebuilt_mutated_A_23_ASN   -146.156800307033905    2946.732319999999163  -1341.451880089483893   1609.703750000000355  0.427763771227106  643.489880105886982   1260.505329999999276  -381.853383088612816       490.549530000000118
design3.pdb  rebuilt_mutated_A_13_ILE   -145.519201863578331    2951.220789999998942  -1315.441180163625859   1543.542700000000877  0.431782835197498  621.826216260159072   1274.286479999999756  -375.880655341802367       486.264999999999986
design3.pdb  rebuilt_mutated_A_42_PHE   -145.234531426937565    2971.435699999998178  -1303.652823868202859   1632.542170000000169  0.428495360003920  609.975916640050627   1273.246409999999514  -370.772540300731350       522.738660000000095
design3.pdb  rebuilt_mutated_A_23_GLU   -144.341481989226509    2955.258009999999103  -1334.149366789708210   1613.674150000000282  0.429414628335615  637.401467822854329   1269.031019999999671  -383.185591338938707       494.519930000000102
design3.pdb  rebuilt_mutated_A_45_SER   -144.003590453586639    2939.753429999998843  -1247.395523924378267   1633.517900000000282  0.424755201323126  553.459775504625895   1248.675559999999450  -349.570957186521071       611.326130000000035
design3.pdb  rebuilt_mutated_A_16_LEU   -143.888264788820038    2957.781789999999091  -1334.072973292456936   1616.530540000000201  0.429901490467963  649.456175262137208   1271.554799999999659  -377.752695562223380       489.311520000000087
design3.pdb  rebuilt_mutated_A_3_PHE    -143.695971001480757    2973.809229999998934  -1378.852302896327728   1608.509550000000445  0.426879507667679  635.904550476110103   1269.458219999999301  -395.248697797417776       490.549530000000118
design3.pdb  rebuilt_mutated_A_23_GLY   -143.638931486378283    2928.550259999999525  -1377.477748196530683   1580.673360000000685  0.424306970917412  598.442065666336248   1242.604289999999537  -391.910702294080636       491.951510000000098
design3.pdb  rebuilt_mutated_A_42_GLN   -143.359254999994619    2955.201669999999012  -1324.706322963487764   1605.796830000000227  0.427493911100829  612.852917644576905   1263.330719999999701  -387.840079463529207       493.304989999999918
design3.pdb  rebuilt_mutated_A_16_TYR   -142.795084252019706    2957.493709999998828  -1332.539724460214757   1606.145650000000387  0.429845958996139  642.044062519895988   1271.266719999999395  -372.785811325749250       493.260830000000055
design3.pdb  rebuilt_mutated_A_38_TRP   -141.956510629535387    2926.281239999998888  -1267.351848622630541   1652.816730000000234  0.419068452217532  720.879464236360150   1226.312149999999519  -301.523528244559145       422.907299999999964
design3.pdb  rebuilt_mutated_A_23_ALA   -141.363036568624807    2940.871029999999337  -1337.242837540657092   1609.692430000000513  0.426623278342131  639.391695146317261   1254.644039999999450  -388.034648513095021       490.549530000000118
design3.pdb  rebuilt_mutated_A_3_TYR    -141.298679856594987    2974.535939999998845  -1382.581393284965770   1608.509550000000445  0.427285921446960  644.626528911500600   1270.977329999999483  -395.248697797417776       490.549530000000118
design3.pdb  rebuilt_mutated_A_49_GLY   -140.625119436617524    2942.004079999999249  -1340.324420140238999   1546.897820000000138  0.424494088397049  675.695919172216918   1248.863339999999653  -357.728499974627766       450.006060000000105
design3.pdb  rebuilt_mutated_A_42_HIS   -140.600973426767638    2998.549879999998211  -1319.632141358219314   1633.951000000000022  0.438356279736124  611.750170970986119   1314.433169999999109  -390.384450473336585       483.808129999999949
design3.pdb  rebuilt_mutated_A_16_THR   -140.419864471688356    2951.862179999999171  -1340.481956641999432   1624.762879999999996  0.428758225426364  648.970555644374940   1265.635189999999284  -376.269048958576036       487.303060000000073
design3.pdb  rebuilt_mutated_A_58_CYS   -140.264596185552193    2966.271919999997863  -1372.318569818762853   1608.294450000000325  0.429480416616694  640.061585971652221   1273.955699999999524  -395.248697797417776       490.549530000000118
design3.pdb  rebuilt_mutated_A_23_HIS   -139.824274428616377    2948.802049999999326  -1342.956007156178430   1609.703750000000355  0.428165417207303  647.269144224575939   1262.575059999999439  -386.067161512688926       490.549530000000118
design3.pdb  rebuilt_mutated_A_23_SER   -139.368052850477966    2942.735869999999522  -1334.875728231624180   1609.703750000000355  0.426986632680696  643.476502117252153   1256.508879999999635  -384.096656780401815       490.549530000000118
design3.pdb  rebuilt_mutated_A_45_ILE   -138.994924489646337    2942.611699999998564  -1262.778074158952904   1647.750230000000329  0.426190992172022  603.260979758053168   1254.114599999999655  -350.974067960416676       593.999300000000062
design3.pdb  rebuilt_mutated_A_58_THR   -136.047424848494757    2964.690139999998337  -1377.239677597950958   1608.677050000000008  0.430840914119949  655.283080633920463   1277.309809999999516  -395.248697797417776       490.549530000000118
design3.pdb  rebuilt_mutated_A_35_ILE   -135.751380622369311    2984.925599999999122  -1382.378522427563439   1644.092510000000630  0.432421652318570  673.702781613902289   1290.746459999999161  -386.195500464711301       460.528369999999995
design3.pdb  rebuilt_mutated_A_59_LYS   -135.025757635685665    2988.645509999998922  -1360.988836149732379   1610.955050000000483  0.431182288326995  624.616853045438916   1288.651009999999133  -395.248697797417776       490.549530000000118
design3.pdb  rebuilt_mutated_A_48_MET   -134.644631517529064    2976.283389999998235  -1302.818721686599474   1560.433410000000549  0.433986210567133  646.369085701167137   1291.665949999999611  -363.496345501786891       494.275500000000136
design3.pdb  rebuilt_mutated_A_23_LYS   -133.849725481378186    2968.425289999998768  -1353.272091501724390   1608.509550000000445  0.427709989628878  685.855936862902695   1269.625149999999621  -370.796728783869241       490.549530000000118
design3.pdb  rebuilt_mutated_A_34_ALA   -132.938999733508808    2942.974409999999352  -1333.406681275291476   1593.858820000000605  0.427358676897228  651.734668338944743   1257.705649999999196  -372.809403984679022       492.571430000000078
design3.pdb  rebuilt_mutated_A_16_VAL   -132.769713469762223    2952.719599999998991  -1333.963609092196293   1626.480700000000070  0.428924104408695  648.216152691018578   1266.492609999999559  -372.025562457364174       488.461280000000102
design3.pdb  rebuilt_mutated_A_23_PHE   -131.789534572940852    2953.167579999999361  -1330.829875217267727   1609.703750000000355  0.429010733620474  646.774869093019447   1266.940589999999474  -385.654647983201016       490.549530000000118
design3.pdb  rebuilt_mutated_A_49_LEU   -131.548761179370786    2957.943239999999150  -1328.816156161040226   1586.881330000000162  0.425626050890686  660.063009863487991   1258.977699999999686  -370.852024903420954       468.854000000000099
design3.pdb  rebuilt_mutated_A_35_LYS   -131.506282839499136    3003.794369999998707  -1390.439497290785539   1644.823950000000650  0.436161374122290  705.804151087206037   1310.139079999999240  -385.941146213119680       461.259810000000016
design3.pdb  rebuilt_mutated_A_26_CYS   -131.021563276542565    2939.455379999998968  -1385.466301403069565   1459.446680000000242  0.427595937857033  621.997421242325913   1256.899179999999660  -390.956621337191450       490.549530000000118
design3.pdb  rebuilt_mutated_A_13_LYS   -127.898228594659159    2986.452039999998760  -1319.439031771787540   1592.606670000000804  0.433896812218689  629.111129872115043   1295.812019999999848  -370.670209815445105       462.913660000000050
design3.pdb  rebuilt_mutated_A_16_PHE   -127.279598622660743    2957.181739999998626  -1324.984084152729565   1607.105380000000650  0.429785810188318  660.648713192444461   1270.954749999999194  -365.244330134862309       493.303360000000112
design3.pdb  rebuilt_mutated_A_38_SER   -126.861114866424955    2940.151309999998830  -1313.955182132019445   1587.521800000000212  0.422943134174955  712.545830670938813   1243.516809999999396  -332.164255300833133       444.077730000000088
design3.pdb  rebuilt_mutated_A_35_LEU   -126.249385744351926    2983.393329999998969  -1367.602394150648934   1610.303960000000643  0.430585688143239  683.798596468137816   1284.606469999999490  -386.938262552963636       484.524160000000052
design3.pdb  rebuilt_mutated_A_31_MET   -125.142707111501309    2980.450719999998455  -1323.446499919330336   1439.237630000000081  0.430682611655461  641.502835093548697   1283.628299999999626  -395.184938994235381       490.387380000000064
design3.pdb  rebuilt_mutated_A_38_ALA   -124.369098742142924    2937.013989999999467  -1311.981518916069490   1581.482720000000427  0.422330044808537  716.743874496550802   1240.389249999999493  -326.218089407150785       450.693280000000073
design3.pdb  rebuilt_mutated_A_34_LYS   -123.822158113631772    2976.667989999999008  -1243.594483230431479   1661.007580000000644  0.424735632004428  661.610241577838110   1264.296959999999444  -325.796383026007220       521.590160000000083
design3.pdb  rebuilt_mutated_A_13_VAL   -123.625614307544154    2950.630589999998847  -1308.403658147413580   1406.163610000000290  0.431709636684815  627.516769393254322   1273.815659999999752  -378.496772832179204       484.138260000000059
design3.pdb  rebuilt_mutated_A_49_CYS   -123.181822339136843    2951.672029999999268  -1354.159769347729025   1563.251570000000811  0.425661973020763  698.160376948043222   1256.414539999999533  -365.932820238624345       464.243060000000128
design3.pdb  rebuilt_mutated_A_13_SER   -123.135907951340030    2943.901939999999286  -1323.229314676628974   1516.535890000000791  0.430981637927791  634.965997114340666   1268.767679999999928  -374.150769996197141       477.801680000000090
design3.pdb  rebuilt_mutated_A_17_ALA   -122.680123915271579    3003.098179999999502  -1311.871181647832373   1574.768380000000434  0.437197171489078  652.497030773957817   1312.946029999999155  -360.790273895686596       498.390460000000132
design3.pdb  rebuilt_mutated_A_3_LEU    -121.931720149660407    2965.405039999999190  -1364.998241568806407   1608.509550000000445  0.425287309149512  632.727469459021449   1261.149129999999559  -395.248697797417776       490.549530000000118
design3.pdb  rebuilt_mutated_A_3_TRP    -120.388548131184422    3007.041769999998905  -1360.887004127049977   1439.118180000000393  0.428423367062174  688.586396015566493   1288.286959999999453  -395.248697797417776       490.549530000000118
design3.pdb  rebuilt_mutated_A_3_ASP    -119.948692840359470    2983.750039999998990  -1395.940281914445677   1608.509550000000445  0.424578202938206  667.432526468228616   1266.835229999999683  -395.248697797417776       490.549530000000118
design3.pdb  rebuilt_mutated_A_16_MET   -115.556455321001707    2956.423239999998714  -1300.125657704076048   1623.724780000000237  0.429639516025452  675.992668469371097   1270.196249999999281  -348.579674185721785       493.122360000000072
design3.pdb  rebuilt_mutated_A_34_SER   -114.959714811487245    2946.116229999999632  -1312.756362647415244   1594.287450000000717  0.427050126939493  640.325582116284750   1258.139309999999341  -381.540637180692784       491.907830000000104
design3.pdb  rebuilt_mutated_A_6_ARG    -113.221051840042733    3005.746079999998528  -1351.640782606105404   1645.219310000000405  0.425796406594665  572.769672320731615   1279.835879999999861  -422.651187724321460       615.968020000000024
design3.pdb  rebuilt_mutated_A_34_PRO   -113.199932006745669    2943.926999999999225  -1310.785940574053029   1595.262650000000349  0.427097146090919  646.841898123943793   1257.342819999999620  -369.452747542875954       492.774029999999982
design3.pdb  rebuilt_mutated_A_48_VAL   -110.021239614829327    2940.041689999998653  -1323.953121186190629   1613.511150000000498  0.422762889460931  707.164283763861818   1242.940519999999424  -350.587927364107031       494.028930000000059
design3.pdb  rebuilt_mutated_A_58_VAL   -108.180721782422793    2973.328549999998813  -1362.084013176560347   1608.359850000000506  0.429708587031191  668.868851467822992   1277.664809999999534  -395.248697797417776       490.549530000000118
design3.pdb  rebuilt_mutated_A_13_CYS   -107.526239977803058    2953.631789999999455  -1291.005355689786711   1416.262390000000778  0.432067109488959  630.192799581683289   1276.167149999999765  -363.700586650897776       499.766780000000153
design3.pdb  rebuilt_mutated_A_47_VAL   -105.880696545698001    2934.786809999998695  -1338.816990914627240   1609.929120000000466  0.422879755957469  712.801982925981747   1241.061929999999165  -356.243390020799154       491.969100000000026
design3.pdb  rebuilt_mutated_A_58_ILE   -104.185599232269141    2974.676799999998366  -1359.599521779847919   1608.362750000000460  0.429781379946890  667.567360890356554   1278.460699999999633  -395.248697797417776       490.549530000000118
design3.pdb  rebuilt_mutated_A_23_CYS   -103.210836997691970    2945.361259999999675  -1311.858070918651492   1609.703750000000355  0.427497396363528  668.357500955895830   1259.134269999999333  -374.623114653545485       490.549530000000118
design3.pdb  rebuilt_mutated_A_47_ILE   -102.056114133903478    2939.278509999998732  -1336.573314404761049   1609.929120000000466  0.423313349098041  705.737065339196306   1244.235829999999396  -356.023298972263603       491.969100000000026
design3.pdb  rebuilt_mutated_A_23_ARG   -100.558058571416055    2971.426269999999022  -1343.839646392568739   1608.509550000000445  0.428288139890478  717.170844534303910   1272.626629999999523  -369.499757215013346       490.549530000000118
design3.pdb  rebuilt_mutated_A_6_GLN    -100.554550017931021    3008.428659999998217  -1419.137941361191452   1625.836750000000393  0.427328314974901  660.489913562994730   1285.586749999999938  -402.180153893935881       490.549530000000118
design3.pdb  rebuilt_mutated_A_2_HIS    -98.839196381430540     3016.442419999998947  -1419.308450572781794   1628.416860000000497  0.428695008870748  698.915474598567812   1293.133809999999812  -402.230202298143240       490.549530000000118
design3.pdb  rebuilt_mutated_A_23_TYR   -97.103708227254927     2949.835899999999128  -1311.666421532724598   1609.703750000000355  0.428365832146798  675.851324943309010   1263.608909999999241  -368.205233916824795       490.549530000000118
design3.pdb  rebuilt_mutated_A_41_HIS   -94.881550101513838     2947.781599999998434  -1264.471409072968072   1599.313020000000506  0.424436837518763  740.187769211938530   1251.147099999999455  -266.365842776033276       489.290949999999953
design3.pdb  rebuilt_mutated_A_2_ILE    -93.459270846770494     3019.760949999998957  -1425.264131719625084   1625.836750000000393  0.429322837623952  681.868803368009139   1296.452339999999822  -402.230202298143240       490.549530000000118
design3.pdb  rebuilt_mutated_A_28_ARG   -91.793728553202712     2960.619689999999082  -1288.379229250373555   1622.667059999999992  0.425651526353255  632.251993864386691   1260.192289999999275  -372.035473819809908       490.609490000000051
design3.pdb  rebuilt_mutated_A_17_CYS   -88.750659105344667     2944.977029999998649  -1170.309099320162431   1620.001050000000532  0.424060316015436  560.977795990966911   1248.847889999999779  -329.672718429335589       573.151510000000030
design3.pdb  rebuilt_mutated_A_28_GLY   -87.036163892427354     2946.204129999998258  -1250.977656284565455   1652.885950000000321  0.427540497677600  515.097947579166885   1259.621579999999767  -432.078741541939223       607.425249999999892
design3.pdb  rebuilt_mutated_A_51_TRP   -84.464449319617316     2994.093039999999746  -1378.660259160319129   1608.509550000000445  0.429111261018128  678.038023855436336   1284.799039999999195  -392.951840355693207       490.549530000000118
design3.pdb  rebuilt_mutated_A_35_MET   -83.628734654393170     2995.372899999998481  -1371.271553791597171   1644.747400000000653  0.434576145761351  732.642630485534937   1301.717609999999468  -368.591203485682968       461.183259999999962
design3.pdb  rebuilt_mutated_A_38_VAL   -79.647965753501197     2969.833409999998366  -1270.252376792472432   1639.074610000000121  0.430356883216558  743.999194406430775   1278.088250000000016  -270.726483693382249       588.362979999999993
design3.pdb  rebuilt_mutated_A_38_GLY   -77.126125972667481     2936.510309999998753  -1252.500602547337621   1575.703580000000329  0.422216818302266  748.818959960529355   1239.844039999999723  -290.475179456553860       441.158340000000067
design3.pdb  rebuilt_mutated_A_48_LYS   -74.531985350233569     2986.582109999998920  -1349.806239212878381   1612.222290000000385  0.434357882094191  765.540020068043304   1297.245479999999134  -362.752926770033639       494.262270000000058
design3.pdb  rebuilt_mutated_A_28_CYS   -72.909804644439717     2921.385599999998703  -1279.977346791389891   1523.707549999999856  0.431264465738450  655.024349511779178   1259.889799999999696  -353.418739142158017       490.307000000000073
design3.pdb  rebuilt_mutated_A_13_LEU   -72.543284062243018     2967.836649999998826  -1311.308244438464726   1415.851190000000543  0.427983581913108  662.721155087789384   1270.185359999999264  -381.431495562163605       486.772200000000112
design3.pdb  rebuilt_mutated_A_49_HIS   -65.570883640525850     2958.677439999998569  -1272.478992180657087   1580.312040000000252  0.424730287597691  714.969986323934791   1256.639919999999847  -329.657398028800571       474.979140000000143
design3.pdb  rebuilt_mutated_A_42_TYR   -57.955955656867403     2975.898729999998977  -1227.404877564386652   1637.315100000000484  0.429278764469247  661.034110359709189   1277.490129999999454  -322.720155575950457       527.292280000000119
design3.pdb  rebuilt_mutated_A_45_GLY   -57.372467391548255     2933.888529999996990  -1183.945629450990282   1617.267090000000280  0.425075706608390  633.412733418454991   1247.124739999999520  -283.631933865895974       601.370380000000068
design3.pdb  rebuilt_mutated_A_24_TRP   -56.576095576636718     2964.947089999998752  -1263.966664797352450   1604.861020000000053  0.429772623699670  713.013951129227621   1274.253089999999929  -335.352646750473241       514.023450000000139
design3.pdb  rebuilt_mutated_A_23_MET   -53.763578986934533     2965.053299999999126  -1263.578936778094885   1614.228040000000419  0.431299602607481  719.983712413161243   1278.826309999999694  -343.568200628018246       490.549530000000118
design3.pdb  rebuilt_mutated_A_34_GLY   -46.310220336299352     2932.595119999999497  -1279.274748322495952   1579.757020000000466  0.428542471283932  668.832581813086563   1256.741559999999708  -359.074127737429819       492.901729999999986
design3.pdb  rebuilt_mutated_A_38_ARG   -42.756986414851525     2961.104739999997946  -1213.169222752159840   1420.258649999999761  0.427242938390623  809.358371333383161   1265.111090000000104  -256.646859154926858       506.662250000000029
design3.pdb  rebuilt_mutated_A_49_PHE   -41.139850787246630     2984.422259999998460  -1201.983009692032738   1581.674900000000434  0.433591592364011  744.047191444263035   1294.020399999999654  -253.727634602061556       482.579209999999989
design3.pdb  rebuilt_mutated_A_28_THR   -40.417045349901883     2922.581289999998262  -1283.292660216459808   1533.514959999999974  0.431446808447884  658.051199520822479   1260.938369999999622  -347.489163859592225       491.355570000000000
design3.pdb  rebuilt_mutated_A_38_ILE   -24.362661532005376     2945.391349999998965  -1227.091460719059341   1556.432289999999966  0.425326135353796  801.768293241377364   1252.751919999999473  -268.499601347882617       426.872110000000077
design3.pdb  rebuilt_mutated_A_28_LEU   -20.256557973709533     2948.419399999998859  -1267.219497400978526   1590.989890000000287  0.427895353015246  648.911660366008050   1261.614959999999201  -353.347841519403232       497.880800000000136
design3.pdb  rebuilt_mutated_A_2_LYS    -16.452962215037111     3042.572549999998500  -1426.647155959181646   1625.836750000000393  0.433601473200697  761.924270097195858   1319.263939999999820  -402.230202298143240       490.549530000000118
design3.pdb  rebuilt_mutated_A_13_MET   -12.640425826672768     2979.320569999998952  -1243.150488652327113   1437.641720000000987  0.433344740744028  644.616925367314821   1291.072900000000118  -339.915766264519846       510.913780000000088
design3.pdb  rebuilt_mutated_A_41_TRP   -12.264021357122971     2959.483399999998710  -1223.455607304017349   1572.326769999999669  0.429194382370923  770.381862240808459   1270.193649999999479  -289.789760713762803       479.677030000000059
design3.pdb  rebuilt_mutated_A_28_VAL   -4.493027451953905      2925.540519999998651  -1241.657627453440455   1538.921519999999873  0.430692229824251  675.520928903788899   1260.007569999999532  -334.508271373796958       490.424770000000080
design3.pdb  rebuilt_mutated_A_41_MET   1.161185842609301       2976.933339999998225  -1078.336698037972610   1324.213970000000018  0.430212988914290  816.848889831633414   1280.715389999999388  -148.889083987154663       461.462579999999946
design3.pdb  rebuilt_mutated_A_17_TRP   3.603525481646559       2994.784999999998490  -1232.601244486982523   1580.375720000000001  0.435248730710218  763.755773079280289   1303.476370000000088  -302.609560343627720       521.209670000000074
design3.pdb  rebuilt_mutated_A_45_LYS   7.733275928370462       2971.410079999998743  -1097.650731302174563   1547.871680000000197  0.428689334593629  667.535567171720686   1273.811810000000150  -201.697099273480831       539.250009999999975
design3.pdb  rebuilt_mutated_A_38_LEU   11.387710817597268      2939.727969999998550  -1210.708013874464996   1602.644700000000057  0.422907140622267  822.007673598315137   1243.231950000000097  -271.348980617155576       445.430990000000008
design3.pdb  rebuilt_mutated_A_23_TRP   22.678133762792289      2955.411269999999149  -1290.095809922430362   1583.922570000000633  0.429539304017068  754.333958542276150   1269.465299999999615  -340.311957056846381       490.356680000000097
design3.pdb  rebuilt_mutated_A_17_TYR   27.207218951822853      3012.740399999997862  -1180.527289169709775   1458.440080000000080  0.438375410639430  770.163017400583044   1320.711310000000140  -274.904052919762876       528.145959999999945
design3.pdb  rebuilt_mutated_A_38_MET   28.477066093100163      2995.868849999998929  -1161.971754192055187   1403.495050000000219  0.433492110310503  829.727127204284670   1298.685509999999567  -215.234159267501923       464.340500000000020
design3.pdb  rebuilt_mutated_A_28_ILE   33.815417653523795      2944.133469999999306  -1239.436944088333348   1584.325920000000451  0.427978192170751  678.844485400513804   1260.024919999999611  -333.283306585871969       490.442119999999989
design3.pdb  rebuilt_mutated_A_41_PRO   36.759867119152588      2924.008839999998145  -1072.263871130287725   1534.255959999999959  0.416329117527565  836.145714823942285   1217.350019999999631  -144.088055930953516       378.370669999999905
design3.pdb  rebuilt_mutated_A_38_CYS   42.222706556796609      2932.989129999999022  -1236.380794087160893   1538.751009999999951  0.421515660373416  842.767706895113520   1236.300849999999855  -268.835109727048916       417.674910000000068
design3.pdb  rebuilt_mutated_A_31_TRP   49.629041763399854      2964.537129999998797  -1188.308749523800316   1653.649480000000040  0.426609033566060  801.661169069565290   1264.698319999999740  -236.259201127229858       537.046350000000189
design3.pdb  rebuilt_mutated_A_17_ARG   52.535544888678473      3016.312729999998737  -1203.209372947643942   1599.172640000000456  0.432591182281023  774.457754080803625   1304.830290000000332  -328.226959705797469       481.010919999999942
design3.pdb  rebuilt_mutated_A_41_GLU   63.046243348200733      2974.621209999998428  -1121.805090047007297   1552.280400000000100  0.433084987651251  895.320034093156210   1288.263789999998835  -174.632814688027366       366.280210000000011
design3.pdb  rebuilt_mutated_A_41_ASN   67.218038418236276      2927.575019999997949  -1062.938138984469106   1574.011489999999640  0.417922407330829  874.538327485757122   1223.499199999999519  -131.928036161385421       379.249300000000005
design3.pdb  rebuilt_mutated_A_41_ARG   67.314865084976063      2947.462859999997818  -1126.691573179090938   1558.907570000000533  0.425584996175321  906.156883190328927   1254.395969999999352  -174.238352899701283       346.065519999999992
design3.pdb  rebuilt_mutated_A_41_SER   67.628163495123502      2927.674729999997908  -1046.106879458542380   1573.883640000000014  0.417044454251924  873.493405233091153   1220.970509999999422  -128.996805843452591       378.498749999999973
design3.pdb  rebuilt_mutated_A_41_LEU   70.073021917363391      2942.550609999997960  -1096.850614888755672   1574.578219999999874  0.423413655406933  873.251433897021684   1245.916109999999890  -158.160621954029921       378.762569999999982
design3.pdb  rebuilt_mutated_A_41_ALA   70.927790082149215      2927.304399999998623  -1036.380559894844055   1520.166069999999763  0.416534775133054  870.950353460745987   1219.324079999999640  -128.322993880509785       379.988169999999968
design3.pdb  rebuilt_mutated_A_41_GLN   71.408189585415300      2937.606579999998303  -1147.711950627396845   1621.001270000000432  0.422489665038809  907.068163788086508   1241.108419999999342  -170.727285653536086       375.242509999999925
design3.pdb  rebuilt_mutated_A_17_PHE   72.217622855286152      3007.646369999997660  -1157.325705343398113   1449.700270000000273  0.437398692586323  806.096860077062388   1315.540590000000066  -256.883030093615673       519.344000000000051
design3.pdb  rebuilt_mutated_A_41_ASP   80.360697588393066      2926.799499999997806  -1049.620410946378342   1573.370669999999791  0.417809959308795  883.921086152298699   1222.845979999999827  -131.058997875598607       379.040179999999964
design3.pdb  rebuilt_mutated_A_49_TYR   83.700639787645329      3003.211649999999281  -1084.777417975203662   1589.565200000000232  0.437379276948396  790.192965246858421   1313.542539999999462  -214.545930675913041       339.458949999999959
design3.pdb  rebuilt_mutated_A_38_LYS   112.724202922233061     2951.922499999998763  -1128.127268579499969   1575.787059999999883  0.424769661127621  906.018602310045594   1253.887119999999641  -194.544791481964694       443.226910000000089
design3.pdb  rebuilt_mutated_A_41_VAL   118.276570513257283     2945.451579999998103  -1026.859041517183869   1324.209180000000060  0.421030265247137  908.617237940318091   1240.124259999999367  -143.232271572281235       355.090439999999944
design3.pdb  rebuilt_mutated_A_28_SER   137.009525162947966     2923.748289999999088  -1098.543649614650803   1565.715630000000147  0.428102249527096  745.311507305331133   1251.663219999999683  -283.400539442090007       480.762530000000140
design3.pdb  rebuilt_mutated_A_49_TRP   137.846365665411128     3005.539299999999457  -1034.171242898966739   1467.828790000000481  0.429415789039924  840.114782217596371   1290.626029999999901  -174.537525913045556       513.885770000000093
design3.pdb  rebuilt_mutated_A_41_CYS   159.445125443516616     2908.166919999997845  -1043.116594652028880   1560.330930000000080  0.417034621245193  952.087924772464589   1212.806289999999763  -93.624436399776172        368.866339999999980
design3.pdb  rebuilt_mutated_A_41_GLY   171.750390418182434     2888.608919999998761  -1045.839620090257313   1502.689149999999927  0.412621878907720  972.459083352200082   1191.903239999999869  -121.868310755913924       327.025909999999953
design3.pdb  rebuilt_mutated_A_41_THR   176.585679110345126     2926.930339999997614  -1028.997697537679869   1528.420439999999871  0.420484557893510  973.195739428694424   1230.729009999999789  -93.162770553508381        361.004079999999988
design3.pdb  rebuilt_mutated_A_41_LYS   188.875128526811011     2962.900839999998425  -1017.657396745993083   1585.987830000000031  0.428379354740741  1015.163392149529614  1269.245549999999866  -83.464574311322821        359.898929999999950
design3.pdb  rebuilt_mutated_A_42_LYS   195.138238510146806     3003.506949999997232  -1021.230788723424212   1594.686290000000099  0.436126522031188  781.642602739418408   1309.909039999999322  -231.320356762624726       482.309809999999970
design3.pdb  rebuilt_mutated_A_41_ILE   219.172282986855549     2944.603369999997994  -1002.960169250771969   1572.028560000000198  0.424219031577078  1016.856622730871550  1249.156789999999773  -92.958854992328639        327.804110000000037
design3.pdb  rebuilt_mutated_A_28_LYS   277.543152856089478     2957.714929999999185  -1005.042967442126155   1617.495200000000295  0.426069557014408  689.724492153962728   1260.192289999999275  -316.377208217317445       490.609490000000051
