ID                                     area_pseudoenergy  area_total  area_expected_to_persist  area_goodness_pseudoenergy  best_core_pseudoenergy  best_core_area
design1_rebuilt_mutated_A_27_GLY.pdb   -12532.544176569   9367.67309  6788.98565163151          -16542.5806329682           -12985.2028334516       9062.8429
design1_rebuilt_mutated_A_27_ARG.pdb   -12448.6172465226  9297.47381  6722.54225913344          -16474.3961843179           -12908.8653621068       8988.81033
design1_rebuilt_mutated_A_27_ALA.pdb   -12428.673593631   9366.84161  6769.26216817623          -16476.5971091361           -12881.3322505135       9062.01142
design1_rebuilt_mutated_A_27_PRO.pdb   -12426.0230765351  9369.46373  6769.68399058976          -16480.0710759244           -12878.6817334176       9064.63354
design1_rebuilt_mutated_A_27_CYS.pdb   -12322.5990235994  9364.44278  6746.89034800897          -16420.4446300954           -12775.2576804819       9059.61259
design1_rebuilt_mutated_A_27_LEU.pdb   -12319.7033316581  9365.61485  6741.07013398554          -16432.7674550886           -12772.3619885406       9060.78466
design1_rebuilt_mutated_A_27_GLN.pdb   -12303.9917653754  9351.51406  6735.72506398897          -16374.0147499857           -12755.4799568548       9046.68387
design1_rebuilt_mutated_A_230_ARG.pdb  -12264.3747575616  9345.28512  6700.13643473279          -16484.7841696065           -12718.28394953         9040.45493
design1_rebuilt_mutated_A_27_GLU.pdb   -12253.8821521805  9350.03239  6726.02848985999          -16346.0637473966           -12705.3703436599       9045.2022
design1_rebuilt_mutated_A_27_ILE.pdb   -12192.1209773653  9366.95925  6715.47805692402          -16378.7743870066           -12645.1842736404       9062.12906
design1_rebuilt_mutated_A_161_PHE.pdb  -12188.3466741662  9346.75507  6715.92235171472          -16327.2276988448           -12576.451219694        9052.99577
design1_rebuilt_mutated_A_161_TRP.pdb  -12170.0170310254  9370.78009  6725.98044069986          -16334.1451423349           -12571.6554338488       9068.07631
design1_rebuilt_mutated_A_27_LYS.pdb   -12132.1947865988  9378.05539  6715.15070624306          -16390.2823091182           -12584.8534443307       9073.2252
design1_rebuilt_mutated_A_161_TYR.pdb  -12115.1701235057  9347.9233   6702.61303089485          -16287.6402071553           -12520.6276284929       9054.14186
design1_rebuilt_mutated_A_227_TRP.pdb  -12111.2173542868  9372.48878  6716.74035065026          -16274.0775070894           -12496.8175519571       9090.94195
design1_rebuilt_mutated_A_230_PRO.pdb  -12110.1683087559  9346.76045  6671.84937497475          -16381.1461568272           -12562.0403509325       9041.93026
design1_rebuilt_mutated_A_230_GLN.pdb  -12109.3493156043  9356.27344  6681.32622972525          -16376.8253278609           -12563.4132029493       9051.44325
design1_rebuilt_mutated_A_97_GLU.pdb   -12103.8812135702  9337.54786  6679.73546274087          -16315.8310071303           -12554.9916286161       9032.71767
design1_rebuilt_mutated_A_27_HIS.pdb   -12095.3541233092  9375.00186  6709.59968053908          -16318.0696859889           -12548.6154024275       9070.17167
design1_rebuilt_mutated_A_32_TRP.pdb   -12088.7265831098  9370.59631  6715.22120740328          -16275.7565463425           -12538.8299168795       9068.56534
design1_rebuilt_mutated_A_97_LEU.pdb   -12083.8599966807  9336.49124  6681.24930735488          -16283.3768671545           -12535.2937039356       9031.66105
design1_rebuilt_mutated_A_161_PRO.pdb  -12081.4375369273  9309.24404  6679.63287336609          -16216.0083590762           -12475.1735672724       9015.77985
design1_rebuilt_mutated_A_27_ASP.pdb   -12074.0976257954  9347.51235  6699.62444840704          -16233.416932722            -12526.7502681844       9042.68216
design1_rebuilt_mutated_A_97_THR.pdb   -12070.7594397917  9304.49956  6659.57359190421          -16262.8165046595           -12543.0105411456       8896.39318
design1_rebuilt_mutated_A_230_GLU.pdb  -12067.2613426673  9355.23206  6677.80417281067          -16338.7049543389           -12521.2814116096       9050.40187
design1_rebuilt_mutated_A_2_ASP.pdb    -12065.8973730472  9353.46779  6691.50887936171          -16262.7668815837           -12518.4560465984       9048.6376
design1_rebuilt_mutated_A_161_ASP.pdb  -12056.9993704591  9316.58551  6677.26965399603          -16208.412724274            -12459.1515614772       9027.09758
design1_rebuilt_mutated_A_105_ARG.pdb  -12056.3160345899  9350.18593  6687.06440337363          -16297.016522053            -12507.7174125605       9045.35574
design1_rebuilt_mutated_A_161_GLY.pdb  -12052.0504382257  9294.10394  6666.62962857501          -16188.8815864136           -12450.7747205383       9008.24593
design1_rebuilt_mutated_A_2_PRO.pdb    -12050.577740752   9360.44223  6671.21940717816          -16336.2747511864           -12499.5756068977       9058.84443
design1_rebuilt_mutated_A_161_THR.pdb  -12039.6947654414  9313.55551  6671.58156700609          -16188.1465662854           -12425.3879282349       9015.93825
design1_rebuilt_mutated_A_161_HIS.pdb  -12037.6765988107  9337.78727  6682.40613676538          -16229.1521038991           -12431.1407628187       9045.56995
design1_rebuilt_mutated_A_32_HIS.pdb   -12032.3414409111  9334.85701  6677.16566761908          -16247.5196976844           -12486.9856151954       9027.59827
design1_rebuilt_mutated_A_161_ASN.pdb  -12030.4428835305  9318.5835   6672.67635737308          -16195.7933079829           -12439.0334945565       9027.18519
design1_rebuilt_mutated_A_230_TYR.pdb  -12029.7799893717  9335.3414   6663.47863438162          -16290.8589831478           -12483.382817595        9030.51121
design1_rebuilt_mutated_A_2_ASN.pdb    -12025.7300301357  9354.81595  6684.26414251229          -16251.0273592863           -12478.0834254386       9049.98576
design1_rebuilt_mutated_A_53_ARG.pdb   -12024.1264399567  9397.44696  6704.42711620219          -16312.032682217            -12467.8100483793       9097.99689
design1_rebuilt_mutated_A_161_SER.pdb  -12023.356364073   9308.62479  6666.86126847598          -16183.2693126934           -12423.7331013154       9014.21615
design1_rebuilt_mutated_A_97_ASP.pdb   -12023.2315609272  9313.5974   6655.09659542789          -16237.6217230624           -12482.1215111982       8909.17564
design1_rebuilt_mutated_A_108_GLN.pdb  -12020.9079245431  9317.80507  6661.66106573784          -16249.8130929754           -12455.4936387573       8985.8264
design1_rebuilt_mutated_A_97_GLN.pdb   -12018.8748424817  9339.22849  6673.28907365046          -16244.9938394184           -12470.413228921        9034.3983
design1_rebuilt_mutated_A_161_CYS.pdb  -12015.8175237929  9314.38687  6667.70719701139          -16180.6378263786           -12417.842922118        9016.92775
design1_rebuilt_mutated_A_2_LYS.pdb    -12011.0449910439  9388.57052  6694.82075272035          -16287.8937275477           -12460.5990240172       9084.96772
design1_rebuilt_mutated_A_2_TYR.pdb    -12010.6513745063  9401.00286  6702.65554921171          -16283.543996512            -12476.4505708709       9090.71737
design1_rebuilt_mutated_A_230_TRP.pdb  -12001.2249077282  9359.13692  6668.22911037307          -16289.028975284            -12454.5218146272       9054.30673
design1_rebuilt_mutated_A_225_GLU.pdb  -11996.167838778   9358.45608  6677.35656448911          -16271.663642853            -12449.2828889819       9053.62589
design1_rebuilt_mutated_A_100_GLU.pdb  -11993.9961772714  9370.5687   6688.83383055821          -16259.2184723286           -12455.0427040822       9060.75112
design1_rebuilt_mutated_A_227_PRO.pdb  -11980.6141015169  9313.53508  6654.05365938372          -16199.6557270223           -12421.3960288006       9005.98061
design1_rebuilt_mutated_A_161_VAL.pdb  -11980.3812462521  9315.5195   6660.71387421341          -16161.540958776            -12387.0470523144       9015.90885
design1_rebuilt_mutated_A_2_ARG.pdb    -11979.7500061604  9383.81633  6700.04656740989          -16272.5011086859           -12431.8543488502       9078.98614
design1_rebuilt_mutated_A_32_ARG.pdb   -11978.7939405943  9366.44786  6678.6241991419           -16263.4562642357           -12435.8048969958       9060.95226
design1_rebuilt_mutated_A_161_ALA.pdb  -11973.3768964616  9302.81903  6653.54780199028          -16148.7200619208           -12373.6017358281       9010.22865
design1_rebuilt_mutated_A_97_SER.pdb   -11973.1077496549  9297.75987  6638.85685830788          -16202.3459254529           -12447.5568652155       8889.65349
design1_rebuilt_mutated_A_27_ASN.pdb   -11970.9169893986  9386.75713  6694.91417578594          -16264.1416804012           -12431.0033974414       9081.528
design1_rebuilt_mutated_A_161_LEU.pdb  -11970.8380603101  9332.94148  6666.36993014639          -16177.3178093524           -12379.0443732649       9029.42547
design1_rebuilt_mutated_A_161_ARG.pdb  -11966.0005166861  9366.65094  6684.26751218294          -16225.4432578663           -12372.1426710871       9105.67205
design1_rebuilt_mutated_A_32_LYS.pdb   -11965.0178017598  9346.90676  6663.92185351012          -16250.4638838897           -12417.8006976915       9041.77943
design1_rebuilt_mutated_A_25_PRO.pdb   -11960.5441182898  9355.43688  6674.60876175138          -16203.8164861898           -12413.4713578698       9050.60669
design1_rebuilt_mutated_A_58_GLN.pdb   -11952.53979632    9363.4651   6667.14316605375          -16250.2545965557           -12400.9239219726       8764.03495
design1_rebuilt_mutated_A_97_ALA.pdb   -11952.3787533554  9293.56074  6634.24809329654          -16182.685101227            -12427.4519319244       8885.45436
design1_rebuilt_mutated_A_27_SER.pdb   -11948.885396863   9369.29998  6684.40038373866          -16206.1660635283           -12402.1466768307       9064.46979
design1_rebuilt_mutated_A_97_VAL.pdb   -11947.1689310863  9305.75341  6643.6627737478           -16188.221732225            -12423.7045057878       8897.64703
design1_rebuilt_mutated_A_1_SER.pdb    -11943.5925155655  9334.98762  6662.35813954903          -16164.2368422443           -12396.6040628124       9030.15743
design1_rebuilt_mutated_A_1_ASP.pdb    -11942.7817452503  9341.99172  6665.94796042832          -16170.2448910944           -12395.7932924972       9037.16153
design1_rebuilt_mutated_A_99_CYS.pdb   -11941.3755439482  9322.17307  6657.79071966071          -16174.0455369809           -12385.4703657674       9022.98964
design1_rebuilt_mutated_A_99_ARG.pdb   -11933.4922338117  9373.89414  6679.40135808884          -16222.4604567404           -12415.9434695652       9029.93887
design1_rebuilt_mutated_A_161_GLU.pdb  -11932.8846130561  9345.109    6667.32017083847          -16178.2079331624           -12357.3855991024       9032.59994
design1_rebuilt_mutated_A_53_THR.pdb   -11932.5980324782  9358.45501  6667.58215521683          -16218.9732426979           -12384.7977030134       9053.62482
design1_rebuilt_mutated_A_97_ASN.pdb   -11929.8988494595  9321.35518  6646.09602001104          -16192.6256244017           -12382.0606869451       9016.52499
design1_rebuilt_mutated_A_227_THR.pdb  -11929.1449494534  9322.62151  6648.93668161525          -16187.7189448172           -12366.2010656804       9018.58772
design1_rebuilt_mutated_A_1_ALA.pdb    -11928.6483720407  9334.99212  6659.72882635264          -16157.0512949532           -12381.6599192876       9030.16193
design1_rebuilt_mutated_A_134_TRP.pdb  -11927.1116096188  9393.42476  6686.57589797085          -16210.4353876254           -12367.9583388643       9069.54897
design1_rebuilt_mutated_A_108_LYS.pdb  -11925.2681043167  9354.19505  6665.21513872143          -16242.9486030553           -12476.0927776889       8919.20999
design1_rebuilt_mutated_A_99_ASP.pdb   -11921.3342304866  9333.32924  6655.81378065376          -16171.1618570378           -12377.0657885821       9016.92082
design1_rebuilt_mutated_A_99_ILE.pdb   -11919.0829495364  9336.03258  6659.90936075447          -16170.6218986639           -12368.1515811271       9035.71334
design1_rebuilt_mutated_A_230_LEU.pdb  -11912.6365419157  9357.55253  6661.14257217321          -16213.5787953185           -12366.7083673501       9052.72234
design1_rebuilt_mutated_A_1_THR.pdb    -11910.2974905495  9337.98232  6657.44056518583          -16154.5991361162           -12363.3090377964       9033.15213
design1_rebuilt_mutated_A_108_VAL.pdb  -11907.5948040851  9310.82631  6640.89574014752          -16186.0582820517           -12361.0434097034       9005.83104
design1_rebuilt_mutated_A_25_ASP.pdb   -11905.6011508694  9353.62918  6662.84963034493          -16180.0853479683           -12365.7087879443       9047.00444
design1_rebuilt_mutated_A_183_SER.pdb  -11902.6431573894  9334.99806  6650.76005973589          -16180.2335091786           -12355.5643966266       9030.16787
design1_rebuilt_mutated_A_58_GLU.pdb   -11902.605734727   9363.72226  6661.20457939526          -16208.3598562634           -12354.6691449818       8764.86431
design1_rebuilt_mutated_A_161_LYS.pdb  -11901.0956728603  9361.16874  6668.41049779557          -16186.4686275464           -12301.6973595083       8985.88294
design1_rebuilt_mutated_A_225_HIS.pdb  -11901.0305130467  9362.14312  6662.03829589438          -16208.3265563198           -12354.8245261942       9057.31293
design1_rebuilt_mutated_A_27_THR.pdb   -11898.2838990668  9366.66873  6671.97262734579          -16195.9974278766           -12351.5451790345       9061.83854
design1_rebuilt_mutated_A_99_GLU.pdb   -11897.718910856   9336.60511  6655.08952681533          -16157.0359014878           -12349.6060569981       9034.86332
design1_rebuilt_mutated_A_55_ARG.pdb   -11897.0842668194  9428.91463  6697.61640939572          -16262.655194587            -12349.9077489437       9132.01712
design1_rebuilt_mutated_A_97_ILE.pdb   -11896.5601511749  9327.3219   6641.47506930749          -16181.8675442665           -12361.4140849996       9019.07707
design1_rebuilt_mutated_A_97_MET.pdb   -11896.3731954603  9338.10431  6655.75752678034          -16151.6803820185           -12348.5616616786       9033.27412
design1_rebuilt_mutated_A_225_THR.pdb  -11895.335366553   9340.66223  6647.72461197271          -16193.4520095026           -12352.3099675025       9035.83204
design1_rebuilt_mutated_A_161_ILE.pdb  -11893.6024420542  9332.62727  6651.71910017644          -16136.5612605306           -12326.4117075127       9018.07065
design1_rebuilt_mutated_A_2_CYS.pdb    -11893.4738916935  9353.04527  6660.97995386031          -16168.7849572506           -12345.970826675        9048.21508
design1_rebuilt_mutated_A_53_ASN.pdb   -11892.7926484725  9351.34355  6652.91402652875          -16201.8537482493           -12347.008415627        9046.51336
design1_rebuilt_mutated_A_162_ASP.pdb  -11892.3533406108  9352.36549  6661.81066500156          -16177.3593310699           -12333.4612909349       9037.95374
design1_rebuilt_mutated_A_53_ASP.pdb   -11891.0058611466  9355.54618  6661.21808911412          -16187.4615236592           -12343.6792905309       9050.71599
design1_rebuilt_mutated_A_2_SER.pdb    -11889.6629491727  9340.65195  6644.13700975514          -16189.5182082111           -12341.236216072        9035.82176
design1_rebuilt_mutated_A_25_ASN.pdb   -11889.5697987426  9356.11791  6661.86975258349          -16174.6297327573           -12352.1661105361       9048.76873
design1_rebuilt_mutated_A_99_PRO.pdb   -11888.9368146472  9315.64147  6645.99708178121          -16125.4578373013           -12332.3208122762       9016.45804
design1_rebuilt_mutated_A_53_PRO.pdb   -11888.7921012477  9347.89939  6658.156318053            -16167.8362873583           -12341.4113233205       9043.0692
design1_rebuilt_mutated_A_230_ASP.pdb  -11888.6572208678  9350.64097  6653.44346470373          -16192.0863868561           -12342.4127267763       9045.81078
design1_rebuilt_mutated_A_229_TYR.pdb  -11886.6776505439  9381.74913  6672.92639772673          -16202.6573758049           -12323.1915529784       9076.49863
design1_rebuilt_mutated_A_54_ASN.pdb   -11886.6026632777  9360.54523  6661.41160074393          -16190.8444347412           -12342.793869554        9055.71504
design1_rebuilt_mutated_A_54_ARG.pdb   -11884.6586182263  9411.61208  6686.23867678869          -16225.4714164217           -12346.8761969837       9098.24973
design1_rebuilt_mutated_A_97_LYS.pdb   -11884.4737807675  9342.96511  6651.19918619344          -16191.2686543792           -12335.8707629984       9038.13492
design1_rebuilt_mutated_A_31_TRP.pdb   -11883.0608591709  9403.96446  6686.88652731879          -16208.5069287797           -12341.2986858139       9096.26401
design1_rebuilt_mutated_A_105_ALA.pdb  -11880.0654512642  9333.27822  6645.64248786798          -16168.8803947822           -12332.2713458371       9028.44803
design1_rebuilt_mutated_A_100_ASP.pdb  -11879.8611741451  9359.7312   6661.9762991509           -16184.1625630495           -12347.5250297604       9050.47814
design1_rebuilt_mutated_A_54_TYR.pdb   -11879.7384878332  9424.50111  6694.06405816937          -16236.736951152            -12338.2409627695       9120.31545
design1_rebuilt_mutated_A_26_GLU.pdb   -11879.41034076    9381.17398  6674.96796682674          -16177.2009115423           -12332.33758034         9076.34379
design1_rebuilt_mutated_A_31_TYR.pdb   -11878.8516338827  9382.94671  6677.16753503503          -16177.1074281989           -12328.4765020552       9074.5658
design1_rebuilt_mutated_A_230_ILE.pdb  -11878.5727162662  9354.88408  6651.08920261328          -16192.3650445507           -12332.1674107504       9050.05389
design1_rebuilt_mutated_A_56_ARG.pdb   -11878.4960414002  9399.15896  6678.99411780681          -16212.9560161008           -12324.3453392834       9000.36756
design1_rebuilt_mutated_A_32_GLN.pdb   -11877.8101353382  9336.67956  6648.90224210936          -16175.3415568305           -12332.1567495089       9029.1482
design1_rebuilt_mutated_A_2_GLN.pdb    -11877.2565515938  9346.61834  6651.4714755515           -16215.8712615577           -12330.0814213892       9041.78826
design1_rebuilt_mutated_A_28_TRP.pdb   -11876.3352430393  9411.42241  6689.14760308196          -16210.1486615962           -12337.2800750942       9101.18739
design1_rebuilt_mutated_A_99_ALA.pdb   -11873.884650031   9311.99341  6635.91691948252          -16128.0322037327           -12336.0924823896       8995.31968
design1_rebuilt_mutated_A_100_TRP.pdb  -11873.8375340443  9400.63681  6678.18588815332          -16208.9237322526           -12343.775264914        9072.06611
design1_rebuilt_mutated_A_1_LEU.pdb    -11872.8521927888  9344.42652  6654.22474693007          -16145.258284094            -12325.8637400357       9039.59633
design1_rebuilt_mutated_A_97_PRO.pdb   -11871.7988342089  9293.37817  6618.41947774941          -16140.5488245076           -12347.2821890137       8885.27179
design1_rebuilt_mutated_A_184_GLN.pdb  -11867.4400474172  9345.12478  6653.5959697198           -16164.0599965501           -12320.7307404019       9040.29459
design1_rebuilt_mutated_A_226_ASP.pdb  -11865.4150755208  9345.81099  6653.55650730542          -16155.1498335633           -12324.6602107798       9030.60609
design1_rebuilt_mutated_A_230_PHE.pdb  -11862.8252146075  9353.12048  6651.20225128815          -16168.0766026124           -12315.978081909        9048.29029
design1_rebuilt_mutated_A_99_SER.pdb   -11862.5501469819  9314.10526  6637.3584986749           -16116.5314065783           -12307.5394148918       9014.92183
design1_rebuilt_mutated_A_100_PRO.pdb  -11861.0519504209  9336.0046   6643.48571344142          -16147.4372704211           -12303.0424323592       9034.1561
design1_rebuilt_mutated_A_183_TYR.pdb  -11860.7572847621  9340.56979  6649.7377686449           -16150.883063317            -12313.2717861029       9035.7396
design1_rebuilt_mutated_A_99_HIS.pdb   -11859.7391189657  9359.46794  6658.98152636965          -16163.9570696074           -12331.0123284951       9047.39746
design1_rebuilt_mutated_A_108_TRP.pdb  -11859.6931478893  9366.20699  6666.20399539971          -16144.2752222175           -12306.2326716282       9064.38013
design1_rebuilt_mutated_A_31_HIS.pdb   -11858.823475079   9363.95822  6661.16817537344          -16158.3178799055           -12312.3712650571       9057.27223
design1_rebuilt_mutated_A_31_PHE.pdb   -11856.850643293   9374.98373  6668.56986771531          -16158.4120338635           -12311.5180509228       9064.74503
design1_rebuilt_mutated_A_99_ASN.pdb   -11854.7296635756  9333.15863  6645.89036033837          -16124.4719263614           -12308.7041218684       9018.66352
design1_rebuilt_mutated_A_108_ARG.pdb  -11854.4587971255  9357.48158  6656.51894773679          -16167.2595676924           -12362.8297973778       8934.39207
design1_rebuilt_mutated_A_26_TRP.pdb   -11854.3373555311  9411.67406  6686.50152064353          -16195.4460282793           -12362.7913524572       9083.77247
design1_rebuilt_mutated_A_53_GLN.pdb   -11854.0758768938  9363.19117  6656.90663067624          -16160.7964810817           -12305.5291541373       9058.36098
design1_rebuilt_mutated_A_162_ASN.pdb  -11853.3264408396  9353.46801  6654.61140113116          -16153.4136179053           -12301.470049156        9039.09724
design1_rebuilt_mutated_A_225_ILE.pdb  -11852.3299823717  9358.21219  6653.84758643838          -16169.9845030064           -12310.3716231025       9053.382
design1_rebuilt_mutated_A_99_THR.pdb   -11852.0198604726  9321.17487  6640.90914434479          -16106.5400818553           -12296.3873969723       9021.99144
design1_rebuilt_mutated_A_54_THR.pdb   -11851.7053540957  9355.53293  6653.19778413668          -16160.9487052434           -12302.8168436074       9050.70274
design1_rebuilt_mutated_A_229_TRP.pdb  -11850.2911200122  9382.45871  6674.41144637868          -16157.9762494249           -12279.2256864604       9063.02987
design1_rebuilt_mutated_A_227_HIS.pdb  -11848.9122933484  9336.11804  6638.45608628519          -16136.7272919136           -12278.6528525957       9034.94868
design1_rebuilt_mutated_A_1_PRO.pdb    -11846.632112525   9348.45577  6652.19856026938          -16105.3983771004           -12299.3628871712       9043.62558
design1_rebuilt_mutated_A_31_ASP.pdb   -11845.9882133543  9347.41455  6650.46774037692          -16147.6053336423           -12307.7431101484       9036.56678
design1_rebuilt_mutated_A_25_ALA.pdb   -11845.6714070962  9348.17079  6649.1286183319           -16144.4101469093           -12298.5986475256       9043.3406
design1_rebuilt_mutated_A_105_PRO.pdb  -11845.4568617093  9351.44377  6645.18953836229          -16155.2940376154           -12297.9240890554       9046.61358
design1_rebuilt_mutated_A_108_MET.pdb  -11845.453981583   9325.16423  6644.4075058229           -16143.6225849964           -12323.0908707166       9013.44946
design1_rebuilt_mutated_A_54_PRO.pdb   -11844.6750391645  9343.6008   6646.02637156971          -16146.0220712848           -12298.0869506253       9038.77061
design1_rebuilt_mutated_A_225_VAL.pdb  -11844.6637247684  9341.97083  6643.03912130096          -16153.5535283156           -12302.5693436174       9037.14064
design1_rebuilt_mutated_A_225_TYR.pdb  -11844.5821500793  9383.23773  6666.63521050724          -16176.9582935947           -12298.0811901469       9078.40754
design1_rebuilt_mutated_A_26_THR.pdb   -11844.1084112723  9364.5511   6661.2199891109           -16165.0836288631           -12297.0356517017       9059.72091
design1_rebuilt_mutated_A_134_PRO.pdb  -11843.8579619512  9348.83612  6650.60140726143          -16138.5301339906           -12291.9863093797       9044.61393
design1_rebuilt_mutated_A_32_PHE.pdb   -11842.9616463806  9346.48919  6649.92900585182          -16143.0945640817           -12297.9689975488       9040.18525
design1_rebuilt_mutated_A_99_VAL.pdb   -11841.3549639623  9321.317    6640.35259156487          -16101.9574100049           -12286.1800487491       9022.13357
design1_rebuilt_mutated_A_56_GLU.pdb   -11840.8971340762  9337.51759  6644.13533774062          -16133.7456407298           -12286.392940724        8938.72619
design1_rebuilt_mutated_A_108_THR.pdb  -11840.5188063307  9313.61757  6629.06522624927          -16168.229962754            -12294.1108316594       9008.6223
design1_rebuilt_mutated_A_25_GLU.pdb   -11840.2385759122  9359.65243  6653.85187205843          -16148.2959619098           -12293.1658163416       9054.82224
design1_rebuilt_mutated_A_30_ALA.pdb   -11840.0806919921  9337.57723  6646.22718426397          -16127.6448945959           -12306.145156867        9026.36471
design1_rebuilt_mutated_A_58_LYS.pdb   -11839.2304925325  9380.37339  6659.22336924152          -16182.583522822            -12294.1623235857       8793.65286
design1_rebuilt_mutated_A_162_VAL.pdb  -11839.2155596062  9356.20452  6653.98499108731          -16144.6141970745           -12288.1416999813       9051.05463
design1_rebuilt_mutated_A_99_GLN.pdb   -11838.797039331   9339.66899  6646.8019731188           -16121.4811979837           -12297.0147828618       9036.12281
design1_rebuilt_mutated_A_99_PHE.pdb   -11838.4648944638  9375.04404  6662.30266353026          -16166.8492903212           -12321.5422590058       9053.93811
design1_rebuilt_mutated_A_2_GLU.pdb    -11837.5972976793  9373.77026  6656.11939160735          -16178.9273392962           -12286.790839442        9072.17246
design1_rebuilt_mutated_A_56_GLN.pdb   -11837.3558159079  9337.23059  6644.19017938479          -16129.2758375755           -12282.9859621586       8938.43919
design1_rebuilt_mutated_A_134_TYR.pdb  -11836.5402140631  9388.23861  6665.34452561392          -16169.8834960655           -12306.3736806362       9060.95532
design1_rebuilt_mutated_A_31_GLU.pdb   -11835.7787365074  9345.85862  6647.44855368822          -16132.0498932728           -12278.9458869265       9046.40855
design1_rebuilt_mutated_A_55_ASP.pdb   -11833.2376482433  9381.20498  6666.208505304            -16163.6676494528           -12285.9555209841       9084.27282
design1_rebuilt_mutated_A_162_THR.pdb  -11833.1363836728  9353.26032  6651.09504596855          -16138.6214691405           -12281.5464536005       9048.08063
design1_rebuilt_mutated_A_226_TRP.pdb  -11832.4801576085  9401.16076  6674.51253273675          -16159.7322752169           -12241.6853699511       9131.64504
design1_rebuilt_mutated_A_64_PRO.pdb   -11832.2644250529  9349.44412  6646.71962959671          -16141.5242877156           -12285.1326876345       9044.61393
design1_rebuilt_mutated_A_2_ALA.pdb    -11830.9144613829  9353.57625  6639.91090377478          -16180.3087262567           -12287.4640688982       9049.23041
design1_rebuilt_mutated_A_3_TYR.pdb    -11830.1305147452  9351.10447  6649.05030324945          -16121.0313972784           -12283.0577551746       9046.27428
design1_rebuilt_mutated_A_100_HIS.pdb  -11830.0637562228  9365.67967  6653.81804365146          -16163.8520912664           -12305.8271780615       9048.01739
design1_rebuilt_mutated_A_64_GLY.pdb   -11829.3762005363  9349.44412  6646.46172961957          -16139.4240101684           -12281.2421144214       9044.61393
design1_rebuilt_mutated_A_134_GLY.pdb  -11829.0901552121  9344.14282  6645.93635904161          -16127.5494263463           -12272.0639297532       9044.61393
design1_rebuilt_mutated_A_104_ARG.pdb  -11828.5631964218  9345.70669  6638.5799240199           -16149.8273264297           -12284.9505042173       9040.8765
design1_rebuilt_mutated_A_183_HIS.pdb  -11828.1422971278  9338.72857  6642.07889266981          -16129.1181513863           -12281.0312069294       9033.89838
design1_rebuilt_mutated_A_100_TYR.pdb  -11826.3698547397  9381.87691  6663.8708173243           -16173.223586322            -12321.4209555928       9057.07101
design1_rebuilt_mutated_A_54_GLN.pdb   -11826.3159417006  9352.42536  6650.59819842853          -16133.4776224513           -12282.6002639625       9047.59517
design1_rebuilt_mutated_A_64_GLU.pdb   -11825.7132864743  9367.537    6652.47949399365          -16172.9431517106           -12320.500595329        8762.40739
design1_rebuilt_mutated_A_227_TYR.pdb  -11824.4634951664  9362.51761  6649.49811735176          -16114.4941443344           -12216.7848712111       9101.9951
design1_rebuilt_mutated_A_30_ASN.pdb   -11824.3816867528  9354.1603   6648.81635419923          -16142.9800492275           -12290.7371716929       9045.19271
design1_rebuilt_mutated_A_1_GLY.pdb    -11823.0623963356  9338.47061  6643.00556093847          -16090.9271227443           -12275.7931709818       9033.64042
design1_rebuilt_mutated_A_105_ASP.pdb  -11822.0599780977  9343.17002  6638.45490223902          -16136.0054516047           -12273.8514096538       9038.33983
design1_rebuilt_mutated_A_134_GLU.pdb  -11821.8252775599  9365.3498   6653.55801796927          -16138.7801217122           -12281.2239455584       9044.61393
design1_rebuilt_mutated_A_100_ASN.pdb  -11821.538329341   9354.51359  6647.11849573886          -16150.1717457139           -12290.3148697725       9042.82565
design1_rebuilt_mutated_A_134_ALA.pdb  -11821.025055558   9349.50172  6646.56318893897          -16128.153672123            -12273.1145229881       9044.61393
design1_rebuilt_mutated_A_58_MET.pdb   -11820.5192765511  9368.35646  6655.83519167355          -16136.2073580474           -12268.4003674277       8783.20851
design1_rebuilt_mutated_A_134_ASN.pdb  -11820.4952234137  9354.67512  6648.54643392115          -16131.9351024859           -12276.3391453168       9044.61393
design1_rebuilt_mutated_A_64_GLN.pdb   -11820.3556268309  9368.81204  6650.80194290473          -16176.3952038256           -12319.5293246593       8762.28223
design1_rebuilt_mutated_A_64_ARG.pdb   -11820.2586512977  9379.12709  6653.61764947046          -16175.5869156593           -12313.9084672772       8760.74218
design1_rebuilt_mutated_A_229_PHE.pdb  -11820.1619658204  9374.59308  6655.70497395419          -16155.7843044731           -12285.1182980395       9058.22579
design1_rebuilt_mutated_A_3_PHE.pdb    -11819.7260008806  9351.11629  6647.25166631625          -16119.7965920815           -12272.65324131         9046.2861
design1_rebuilt_mutated_A_162_ILE.pdb  -11819.1140243542  9356.57512  6649.98287038403          -16132.55501713             -12268.7931870155       9051.42523
design1_rebuilt_mutated_A_99_TYR.pdb   -11819.0785705763  9383.79332  6662.80851581355          -16167.0948722191           -12320.2577637258       9053.75271
design1_rebuilt_mutated_A_134_ASP.pdb  -11817.6571393338  9350.20015  6647.09402153762          -16121.2276185159           -12268.1596427982       9044.58086
design1_rebuilt_mutated_A_54_SER.pdb   -11817.631355203   9346.16957  6641.92926733335          -16130.0763076229           -12273.0953132956       9041.33938
design1_rebuilt_mutated_A_225_LYS.pdb  -11817.6225323395  9374.40567  6656.86821192403          -16148.9628946939           -12271.4963508609       9069.57548
design1_rebuilt_mutated_A_54_ASP.pdb   -11817.5259881174  9349.28996  6644.37699526439          -16130.6422237419           -12274.4379782189       9044.45977
design1_rebuilt_mutated_A_105_SER.pdb  -11816.6951803039  9335.73738  6638.84733183971          -16119.1382022427           -12269.0383326946       9030.90719
design1_rebuilt_mutated_A_162_TRP.pdb  -11816.1602563599  9389.83377  6666.33131256487          -16155.7224509188           -12277.6801572831       9071.60593
design1_rebuilt_mutated_A_100_PHE.pdb  -11815.0887862236  9378.36483  6659.7942221848           -16161.6886389032           -12308.407299304        9053.68683
design1_rebuilt_mutated_A_64_ALA.pdb   -11814.957662467   9349.44412  6644.92114138407          -16127.0884746981           -12267.2612681102       9044.61393
design1_rebuilt_mutated_A_183_PHE.pdb  -11814.3257516915  9340.68441  6641.99642052543          -16117.4066021299           -12266.9231461728       9035.85422
design1_rebuilt.pdb                    -11813.9717984396  9349.44412  6645.08861973754          -16126.1229700424           -12266.899038869        9044.61393
design1_rebuilt_mutated_A_26_ASP.pdb   -11812.8268282076  9368.76309  6656.14491691243          -16148.9281459263           -12265.7540677876       9063.9329
design1_rebuilt_mutated_A_134_THR.pdb  -11812.7996308515  9352.26332  6646.48273098831          -16128.6313419529           -12271.5688285089       9044.61393
design1_rebuilt_mutated_A_105_ASN.pdb  -11812.2290261568  9353.17988  6643.45032288726          -16130.982184104            -12263.6068516768       9048.34969
design1_rebuilt_mutated_A_64_SER.pdb   -11811.7014404896  9349.44412  6644.5313370682           -16124.492862501            -12264.0959586736       9044.61393
design1_rebuilt_mutated_A_100_GLY.pdb  -11811.465541048   9325.64886  6636.71225979182          -16098.2819611211           -12260.949713006        9021.35382
design1_rebuilt_mutated_A_162_PRO.pdb  -11810.9013706017  9354.71452  6647.09187036297          -16129.7572910339           -12256.2435721579       8959.65106
design1_rebuilt_mutated_A_105_THR.pdb  -11810.8597561481  9351.188    6644.49523998164          -16122.9757859468           -12262.5594339701       9046.35781
design1_rebuilt_mutated_A_54_ALA.pdb   -11810.1407880716  9346.75804  6640.65723499475          -16125.680531442            -12264.6962096715       9041.92785
design1_rebuilt_mutated_A_25_GLY.pdb   -11809.4698728214  9339.62953  6639.6719048927           -16111.7202481338           -12262.3971138099       9034.79934
design1_rebuilt_mutated_A_3_GLY.pdb    -11809.2202800566  9344.78987  6639.84391454778          -16123.2589742145           -12262.041804696        9039.95968
design1_rebuilt_mutated_A_162_HIS.pdb  -11809.1537535911  9353.96051  6647.19725014845          -16122.1170320292           -12257.01820061         9040.57956
design1_rebuilt_mutated_A_105_GLY.pdb  -11807.707524404   9326.64788  6630.41121305304          -16115.0794074513           -12260.0858548707       9021.81769
design1_rebuilt_mutated_A_2_GLY.pdb    -11807.4373086743  9354.12889  6624.12330431805          -16222.9791365382           -12263.1707340965       9049.78305
design1_rebuilt_mutated_A_53_GLU.pdb   -11804.5843100118  9367.48216  6649.30179820117          -16143.1500990978           -12258.6509651737       9062.65197
design1_rebuilt_mutated_A_162_ALA.pdb  -11804.5501849374  9349.17934  6642.89977552689          -16119.7500878294           -12258.692375177        9044.31063
design1_rebuilt_mutated_A_30_LEU.pdb   -11803.5949122978  9374.3395   6655.78414190698          -16157.556421127            -12299.1293395983       9053.61101
design1_rebuilt_mutated_A_162_CYS.pdb  -11803.2316346421  9349.90492  6643.22367414996          -16116.2897700134           -12253.1632451899       9045.07473
design1_rebuilt_mutated_A_183_GLY.pdb  -11803.0526176724  9333.64867  6632.68871725768          -16108.7924727078           -12257.9133174823       9004.63868
design1_rebuilt_mutated_A_26_VAL.pdb   -11802.8311681525  9367.78337  6655.06887711216          -16148.7143313657           -12255.7584085819       9062.95318
design1_rebuilt_mutated_A_56_PRO.pdb   -11802.7617692393  9330.92186  6634.81651602692          -16099.839926609            -12247.165051706        8932.13046
design1_rebuilt_mutated_A_162_PHE.pdb  -11802.216895898   9373.4368   6654.59378757162          -16136.0498359342           -12254.9042345081       9066.98453
design1_rebuilt_mutated_A_64_HIS.pdb   -11802.0602453157  9349.44412  6643.38724715002          -16115.5637619257           -12253.8443837439       9044.61393
design1_rebuilt_mutated_A_105_VAL.pdb  -11800.769233952   9348.38062  6645.70207043966          -16107.8460514195           -12252.7454966235       9043.55043
design1_rebuilt_mutated_A_26_PRO.pdb   -11800.7248387639  9361.79344  6649.00126412892          -16134.8201790673           -12253.6520791933       9056.96325
design1_rebuilt_mutated_A_134_CYS.pdb  -11800.511422549   9352.62012  6644.65183102025          -16125.9974646691           -12266.3589000776       9044.61393
design1_rebuilt_mutated_A_25_HIS.pdb   -11799.7751042896  9362.11942  6650.5675004196           -16132.0393189369           -12260.1617186969       9055.19607
design1_rebuilt_mutated_A_134_PHE.pdb  -11799.7126282778  9382.18367  6656.46327153194          -16149.9733661197           -12276.2709914211       9061.02818
design1_rebuilt_mutated_A_134_VAL.pdb  -11799.3148030935  9354.03404  6644.95159460093          -16124.6447563964           -12261.0303311106       9046.18215
design1_rebuilt_mutated_A_64_PHE.pdb   -11798.3758367326  9349.44412  6643.26345017325          -16112.0718351219           -12250.5024725668       9044.61393
design1_rebuilt_mutated_A_64_LYS.pdb   -11798.240523174   9374.38202  6648.74932247267          -16179.6496296869           -12314.3511858431       8761.39311
design1_rebuilt_mutated_A_26_ASN.pdb   -11797.1701853745  9372.13724  6655.94302039871          -16149.0067813555           -12250.0974264679       9067.30705
design1_rebuilt_mutated_A_227_ASP.pdb  -11797.1304472627  9326.72122  6625.61866478764          -16100.1192498793           -12229.9360266163       9022.3745
design1_rebuilt_mutated_A_25_PHE.pdb   -11797.0031489925  9367.50803  6651.79299356155          -16135.6165576503           -12273.6060995234       9044.88124
design1_rebuilt_mutated_A_162_TYR.pdb  -11796.7747943917  9373.45367  6653.39957413008          -16132.8084557447           -12248.1914829058       9066.92773
design1_rebuilt_mutated_A_30_PRO.pdb   -11795.66901541    9345.76373  6639.12717660114          -16109.8478925235           -12256.3276013828       9034.89664
design1_rebuilt_mutated_A_26_ALA.pdb   -11795.3699832933  9355.26036  6646.97567852202          -16132.0415546777           -12248.2972237227       9050.43017
design1_rebuilt_mutated_A_25_LYS.pdb   -11795.2436843359  9371.49773  6651.03092022738          -16138.9741686377           -12247.8844900496       9066.66754
design1_rebuilt_mutated_A_30_HIS.pdb   -11793.9066717762  9352.57889  6643.17988981106          -16103.6934121776           -12250.2807260693       9030.54587
design1_rebuilt_mutated_A_30_CYS.pdb   -11793.7127459554  9348.05093  6642.23634441406          -16108.4269367951           -12252.2860019388       9042.0933
design1_rebuilt_mutated_A_64_TYR.pdb   -11793.5625445721  9349.44412  6642.69003237414          -16108.1479847812           -12245.8400445334       9044.61393
design1_rebuilt_mutated_A_27_VAL.pdb   -11793.1970456972  9365.03824  6654.03616376653          -16150.6384979369           -12246.458325665        9060.20805
design1_rebuilt_mutated_A_134_GLN.pdb  -11793.0241766885  9365.9071   6648.67120741154          -16130.7239146762           -12266.7610342913       9044.61393
design1_rebuilt_mutated_A_3_ASN.pdb    -11792.7160938078  9350.28267  6642.80966854706          -16115.0872186506           -12245.6433342372       9045.45248
design1_rebuilt_mutated_A_54_PHE.pdb   -11792.5415920037  9410.06906  6671.0387676508           -16170.9334260883           -12267.167224475        9101.83249
design1_rebuilt_mutated_A_166_TYR.pdb  -11792.4710851748  9379.2656   6656.58879975492          -16136.4019634229           -12251.3020008178       9070.19102
design1_rebuilt_mutated_A_2_HIS.pdb    -11792.2958079731  9395.70506  6656.51532653643          -16151.9194754905           -12248.1020795988       9089.33537
design1_rebuilt_mutated_A_55_ALA.pdb   -11790.0110277192  9358.9694   6647.53114330806          -16107.9811891255           -12239.853202383        9045.31551
design1_rebuilt_mutated_A_64_TRP.pdb   -11789.2090025877  9349.44412  6642.05100779831          -16104.6771688705           -12241.7356907268       9044.61393
design1_rebuilt_mutated_A_1_LYS.pdb    -11789.0673421268  9338.47211  6636.09216294111          -16079.1082977752           -12241.798116773        9033.64192
design1_rebuilt_mutated_A_28_THR.pdb   -11788.4614651933  9357.56462  6643.05414719393          -16117.7537248227           -12241.3513629836       9052.73443
design1_rebuilt_mutated_A_3_ASP.pdb    -11788.3068418821  9350.07696  6641.24359820499          -16115.9997531647           -12241.2340823115       9045.24677
design1_rebuilt_mutated_A_162_GLY.pdb  -11788.2952153464  9344.69163  6637.30752328869          -16107.7960176096           -12243.2151957196       9040.61073
design1_rebuilt_mutated_A_58_HIS.pdb   -11788.0388176455  9360.91034  6647.65734017759          -16106.8628425009           -12231.2611612702       9059.20991
design1_rebuilt_mutated_A_30_GLU.pdb   -11787.2484209312  9370.30824  6652.49988687531          -16143.5548253266           -12299.5481983886       9022.65028
design1_rebuilt_mutated_A_100_ALA.pdb  -11787.2286493087  9331.02592  6633.92941194438          -16086.6978976419           -12248.645980481        9015.70393
design1_rebuilt_mutated_A_25_TYR.pdb   -11786.5421884791  9373.56528  6653.39115233858          -16138.9695948598           -12257.1385667326       8958.26803
design1_rebuilt_mutated_A_1_ASN.pdb    -11786.3888709276  9338.50772  6635.47958231142          -16078.2596279529           -12239.1196455738       9033.67753
design1_rebuilt_mutated_A_1_ARG.pdb    -11786.324823344   9339.38207  6637.86208065623          -16081.5410017635           -12239.0555979902       9034.55188
design1_rebuilt_mutated_A_32_VAL.pdb   -11785.9832932636  9311.0315   6626.02163819362          -16069.7528862277           -12257.3721751248       9002.34165
design1_rebuilt_mutated_A_64_VAL.pdb   -11785.1260005456  9349.44412  6641.46588205702          -16102.5747279751           -12237.9187271867       9044.61393
design1_rebuilt_mutated_A_102_PHE.pdb  -11784.8069294611  9343.25522  6636.20746047529          -16102.1319869807           -12237.8799961276       9038.42503
design1_rebuilt_mutated_A_108_ILE.pdb  -11784.360522677   9329.28329  6630.93841253301          -16166.7697404437           -12237.9265594856       9024.28802
design1_rebuilt_mutated_A_28_PHE.pdb   -11784.0558446077  9400.14008  6665.63562151758          -16159.8873044489           -12237.1383399999       9095.30989
design1_rebuilt_mutated_A_53_ALA.pdb   -11783.8340653691  9348.27507  6641.64766847766          -16100.0009908967           -12237.2345956875       9043.44488
design1_rebuilt_mutated_A_64_ASP.pdb   -11783.5282113804  9354.35963  6643.61084194527          -16114.7571847556           -12252.6362113312       9044.61393
design1_rebuilt_mutated_A_28_TYR.pdb   -11783.1727293244  9403.27041  6667.18857344718          -16155.3378573556           -12247.479473518        9088.9881
design1_rebuilt_mutated_A_58_LEU.pdb   -11781.61344991    9359.72498  6647.44198182393          -16101.8536029603           -12238.0320105288       8762.0581
design1_rebuilt_mutated_A_162_GLU.pdb  -11781.4677960338  9352.33419  6639.37646545132          -16109.7780227513           -12237.5126624506       9046.45553
design1_rebuilt_mutated_A_183_PRO.pdb  -11781.3057121793  9334.94921  6634.87709103833          -16083.1859288757           -12234.0674895619       9030.11902
design1_rebuilt_mutated_A_55_ASN.pdb   -11781.2226962811  9382.98035  6658.02723139737          -16133.5534825109           -12242.1191167184       8970.27838
design1_rebuilt_mutated_A_32_PRO.pdb   -11780.9629054438  9288.88513  6615.77805173365          -16056.2723851042           -12264.1434109791       8976.69179
design1_rebuilt_mutated_A_3_SER.pdb    -11780.5581459688  9349.35982  6638.76896042694          -16109.8963375914           -12233.4853863982       9044.52963
design1_rebuilt_mutated_A_166_ARG.pdb  -11780.0841321805  9375.55567  6654.47686499555          -16116.877691327            -12233.3186878214       9070.99952
design1_rebuilt_mutated_A_183_ALA.pdb  -11779.9102159648  9333.39048  6631.80588640448          -16085.9187699078           -12233.7310275899       9004.38049
design1_rebuilt_mutated_A_1_HIS.pdb    -11779.7544258715  9340.221    6636.95694393442          -16078.8789002869           -12232.4852005177       9035.39081
design1_rebuilt_mutated_A_2_THR.pdb    -11779.5905344112  9357.14825  6632.85223603625          -16170.5594880172           -12235.7276891188       9052.80241
design1_rebuilt_mutated_A_28_ARG.pdb   -11779.5366368836  9398.45236  6662.57038068398          -16146.7546295968           -12232.686691669        9093.62217
design1_rebuilt_mutated_A_166_HIS.pdb  -11779.5281941418  9362.40126  6644.96902756215          -16115.1453772998           -12232.1971185823       9057.73976
design1_rebuilt_mutated_A_3_PRO.pdb    -11778.7163498751  9352.02647  6640.20305404729          -16106.9553469007           -12231.6435903045       9047.19628
design1_rebuilt_mutated_A_26_SER.pdb   -11778.1164779311  9358.86414  6645.30016325136          -16129.9310989522           -12231.0437183605       9054.03395
design1_rebuilt_mutated_A_230_ASN.pdb  -11777.9861132564  9353.59134  6643.87910363071          -16092.5046865892           -12230.2606233397       9048.76115
design1_rebuilt_mutated_A_30_ASP.pdb   -11777.817953956   9347.07443  6636.25340593187          -16100.3005283581           -12252.5063889473       9023.27805
design1_rebuilt_mutated_A_134_HIS.pdb  -11777.7955033747  9364.32023  6646.88884673039          -16127.7309293216           -12268.9065697085       9044.61393
design1_rebuilt_mutated_A_1_ILE.pdb    -11777.7633778348  9340.4697   6635.37461381604          -16088.024933424            -12230.494152481        9035.63951
design1_rebuilt_mutated_A_57_ILE.pdb   -11776.3899882347  9349.28555  6639.60539446127          -16096.3368594612           -12229.2374072432       9044.45536
design1_rebuilt_mutated_A_56_TYR.pdb   -11776.2124423651  9372.95758  6649.09368210464          -16125.0119725152           -12247.2932975277       9056.27633
design1_rebuilt_mutated_A_56_HIS.pdb   -11776.1598916608  9355.76825  6644.49035792455          -16125.2258038782           -12259.0128583226       8949.98655
design1_rebuilt_mutated_A_183_ASN.pdb  -11775.7364856939  9337.37269  6633.53107697762          -16086.6164802258           -12228.7370354497       9032.5425
design1_rebuilt_mutated_A_230_MET.pdb  -11775.7191832301  9356.38636  6642.80268515204          -16102.6513784259           -12229.3831131385       9051.55617
design1_rebuilt_mutated_A_166_TRP.pdb  -11775.6494469132  9415.97079  6676.94940675425          -16157.5221027889           -12248.2130240381       9104.43525
design1_rebuilt_mutated_A_28_ASP.pdb   -11775.3461989451  9356.55482  6639.30321052014          -16114.7950307774           -12228.1977947513       9051.72463
design1_rebuilt_mutated_A_31_THR.pdb   -11775.0945498981  9337.90635  6632.66973266832          -16097.9949935127           -12228.3433740517       9032.05345
design1_rebuilt_mutated_A_229_ASP.pdb  -11774.941568094   9347.14782  6638.03636423429          -16093.3714143764           -12224.2207049879       9028.37338
design1_rebuilt_mutated_A_166_PHE.pdb  -11773.6619294827  9370.11776  6647.73167262756          -16118.3066499589           -12225.9889350296       9065.62555
design1_rebuilt_mutated_A_183_GLN.pdb  -11772.7048050492  9336.73464  6633.15386721891          -16082.0793970608           -12225.8884666902       9031.90445
design1_rebuilt_mutated_A_25_GLN.pdb   -11771.3880764563  9366.54673  6646.73433787029          -16111.4353516062           -12224.034544285        9061.71654
design1_rebuilt_mutated_A_103_HIS.pdb  -11770.7385158292  9368.43703  6645.60831045631          -16122.0515555629           -12253.6806890131       9037.17214
design1_rebuilt_mutated_A_55_PRO.pdb   -11770.5857488936  9359.47357  6645.94458640706          -16095.4558220025           -12223.4184120917       9044.29368
design1_rebuilt_mutated_A_229_HIS.pdb  -11770.2874921744  9357.03339  6645.68363740908          -16087.815640841            -12222.3742850965       9037.05839
design1_rebuilt_mutated_A_28_ALA.pdb   -11770.2742883953  9349.27751  6635.34351131117          -16104.4502319583           -12231.5289489118       9037.98169
design1_rebuilt_mutated_A_100_SER.pdb  -11770.080053174   9332.80719  6631.1062705457           -16079.0897368543           -12235.7735892693       9015.77359
design1_rebuilt_mutated_A_3_HIS.pdb    -11768.4824634365  9350.80932  6638.57907386866          -16098.0552332227           -12221.4097038659       9045.97913
design1_rebuilt_mutated_A_64_ASN.pdb   -11767.3434164494  9354.74994  6641.71808721417          -16106.6226418816           -12242.2309589322       9044.59593
design1_rebuilt_mutated_A_3_TRP.pdb    -11767.2562691276  9350.78105  6638.04556367204          -16093.9619929154           -12220.183509557        9045.95086
design1_rebuilt_mutated_A_97_CYS.pdb   -11766.9453975823  9306.19745  6612.33339161642          -16079.4533051532           -12245.2940054129       8898.09107
design1_rebuilt_mutated_A_30_GLN.pdb   -11766.3819252899  9373.87371  6650.63718472371          -16131.4293877282           -12283.8093539979       9022.1143
design1_rebuilt_mutated_A_55_SER.pdb   -11766.0420093596  9362.91326  6644.84891183584          -16097.5159665847           -12221.1250020692       9048.70397
design1_rebuilt_mutated_A_184_HIS.pdb  -11765.0517585505  9344.21102  6635.30255418407          -16086.9559369731           -12218.226350951        9039.38083
design1_rebuilt_mutated_A_230_VAL.pdb  -11764.9515187241  9349.07099  6636.27545017992          -16090.1017188121           -12217.9983017015       9044.2408
design1_rebuilt_mutated_A_134_MET.pdb  -11764.2952082231  9384.21153  6651.32211083102          -16134.4388639809           -12217.2348413673       8977.50331
design1_rebuilt_mutated_A_58_THR.pdb   -11763.9486937833  9343.18327  6636.77041806203          -16074.1256504775           -12129.1230315108       8712.06272
design1_rebuilt_mutated_A_30_ILE.pdb   -11763.7344633703  9364.87556  6641.88738424456          -16106.0846330363           -12225.6134549335       9041.11997
design1_rebuilt_mutated_A_162_GLN.pdb  -11763.6425924675  9354.82147  6637.4493389453           -16102.7573925133           -12225.6739218125       9047.43323
design1_rebuilt_mutated_A_3_ALA.pdb    -11763.3143547876  9349.44275  6636.42248730874          -16100.4404666875           -12216.241595217        9044.61256
design1_rebuilt_mutated_A_225_PRO.pdb  -11763.2734619767  9350.65615  6631.76916035031          -16100.6097729062           -12218.0389126272       9045.82596
design1_rebuilt_mutated_A_27_TYR.pdb   -11763.1489416248  9349.40317  6638.77620385184          -16107.4878936163           -12216.0509672163       9044.57298
design1_rebuilt_mutated_A_57_VAL.pdb   -11762.9628699868  9349.5206   6639.85036039217          -16082.3862533181           -12216.2059777475       9044.69041
design1_rebuilt_mutated_A_105_ILE.pdb  -11762.8007063167  9355.53693  6645.28601079902          -16080.8068574745           -12214.9789663723       9050.70674
design1_rebuilt_mutated_A_183_CYS.pdb  -11761.9403675162  9335.3629   6631.76924123707          -16076.2310991338           -12214.5560130842       9030.53271
design1_rebuilt_mutated_A_134_ARG.pdb  -11761.8573390611  9402.90192  6660.46175716814          -16150.0022326511           -12184.5063201798       8499.47897
design1_rebuilt_mutated_A_28_ASN.pdb   -11761.7757096445  9357.87108  6637.12488528628          -16104.8292879936           -12221.3021056498       9050.48521
design1_rebuilt_mutated_A_30_GLY.pdb   -11760.787519521   9332.69497  6626.25274091227          -16082.6133218713           -12226.7235007518       9020.53581
design1_rebuilt_mutated_A_26_HIS.pdb   -11760.609273377   9382.23324  6655.53540891984          -16145.7259055102           -12251.9394431481       9064.31115
design1_rebuilt_mutated_A_30_TYR.pdb   -11760.105111314   9409.83845  6665.23206624289          -16152.7945088759           -12273.8235084678       9052.02921
design1_rebuilt_mutated_A_162_LEU.pdb  -11758.9273343803  9365.63882  6641.29906414347          -16106.5388292307           -12217.2503197151       9060.80863
design1_rebuilt_mutated_A_134_LEU.pdb  -11758.441585176   9374.87205  6647.18620140328          -16129.9182811698           -12265.1799413851       9044.61393
design1_rebuilt_mutated_A_184_LYS.pdb  -11758.3225690556  9348.10743  6636.50112808071          -16090.1760279608           -12211.4089168504       9043.27724
design1_rebuilt_mutated_A_184_ALA.pdb  -11758.1820245412  9321.11024  6626.60193245966          -16058.5992953186           -12211.4282393752       9016.28005
design1_rebuilt_mutated_A_54_VAL.pdb   -11757.8777270376  9356.31895  6640.57558838124          -16093.1574438206           -12219.8771105514       9051.48876
design1_rebuilt_mutated_A_108_HIS.pdb  -11757.5541126794  9365.05075  6636.16823814183          -16145.2593323999           -12246.4349821294       8947.32408
design1_rebuilt_mutated_A_162_LYS.pdb  -11757.353025314   9354.13167  6635.49739351363          -16101.0657039185           -12220.9255449225       9047.51053
design1_rebuilt_mutated_A_103_TYR.pdb  -11757.2819750063  9391.15035  6662.27066695755          -16118.6644849941           -12225.1642048898       9081.6851
design1_rebuilt_mutated_A_30_LYS.pdb   -11757.1517208246  9378.31568  6651.93049330056          -16142.0645265539           -12289.2985064271       9023.25286
design1_rebuilt_mutated_A_108_ASP.pdb  -11756.6469519669  9320.88992  6622.2394940975           -16068.4582741961           -12232.9082427808       8978.70751
design1_rebuilt_mutated_A_184_ASP.pdb  -11755.8385734705  9332.36266  6629.05883883713          -16070.5868022601           -12209.0774486295       9027.53247
design1_rebuilt_mutated_A_1_PHE.pdb    -11755.5731833402  9340.99288  6633.80094047986          -16074.1146563021           -12208.3039579864       9036.16269
design1_rebuilt_mutated_A_30_ARG.pdb   -11755.1673774613  9395.26202  6658.62089587214          -16150.7077189958           -12294.7714186429       9025.42774
design1_rebuilt_mutated_A_31_SER.pdb   -11754.7186092551  9335.97448  6625.71158023601          -16082.9789997445           -12205.8224409612       9030.10615
design1_rebuilt_mutated_A_30_PHE.pdb   -11754.6374522273  9398.60074  6658.16863740433          -16142.3726106179           -12259.7354015604       9051.81385
design1_rebuilt_mutated_A_184_GLY.pdb  -11754.4446516999  9315.57138  6623.45024327099          -16048.2945896078           -12207.6503759176       9010.74119
design1_rebuilt_mutated_A_31_PRO.pdb   -11753.872187134   9324.69404  6620.47151089382          -16088.1242234559           -12204.7153928984       9018.82571
design1_rebuilt_mutated_A_30_VAL.pdb   -11753.4903675021  9356.91771  6635.70609449364          -16096.0667015406           -12216.3615797502       9042.03322
design1_rebuilt_mutated_A_183_GLU.pdb  -11753.0156142682  9336.86761  6628.55136298179          -16068.9561904437           -12206.1940547358       9032.03742
design1_rebuilt_mutated_A_56_TRP.pdb   -11752.626333767   9392.26718  6656.1514485798           -16115.509502298            -12209.3340429654       8971.74578
design1_rebuilt_mutated_A_229_THR.pdb  -11752.04746417    9346.17667  6630.74668635086          -16089.8958505017           -12206.9541225427       9028.37448
design1_rebuilt_mutated_A_230_SER.pdb  -11751.9036299496  9350.47575  6640.18266945883          -16067.4107845141           -12205.2537805905       9045.64556
design1_rebuilt_mutated_A_103_SER.pdb  -11751.8973218275  9336.02871  6630.84699305966          -16066.8837806364           -12204.3995706421       9031.19852
design1_rebuilt_mutated_A_58_ILE.pdb   -11751.5117255951  9350.17837  6638.80069029794          -16070.1920701551           -12128.301499624        9102.6995
design1_rebuilt_mutated_A_56_SER.pdb   -11750.8306456125  9331.89985  6627.27778235299          -16061.2785033319           -12196.1870278109       8933.10845
design1_rebuilt_mutated_A_25_MET.pdb   -11750.3921124462  9374.09057  6649.80614766255          -16095.7608718145           -12203.0413766447       9069.26038
design1_rebuilt_mutated_A_57_ASN.pdb   -11749.4893565147  9354.16922  6641.70190607517          -16071.537764915            -12201.4363612711       9049.33903
design1_rebuilt_mutated_A_226_SER.pdb  -11749.1129716396  9328.10474  6622.43729727688          -16063.1848416493           -12203.1422498733       9023.94443
design1_rebuilt_mutated_A_26_MET.pdb   -11749.1034533785  9392.20005  6658.93999771662          -16152.9501008617           -12202.0306944719       9087.36986
design1_rebuilt_mutated_A_56_PHE.pdb   -11748.46048706    9364.34426  6641.52976575393          -16101.2394259558           -12220.3272056201       8953.55526
design1_rebuilt_mutated_A_229_GLU.pdb  -11748.3502274609  9353.50507  6632.07979326051          -16100.069621592            -12208.1689962683       9043.48797
design1_rebuilt_mutated_A_97_GLY.pdb   -11747.9557744847  9274.42116  6595.62568524734          -16026.7603991427           -12249.0259647939       8807.01238
design1_rebuilt_mutated_A_227_ALA.pdb  -11747.5386617853  9330.29652  6627.00300364804          -16057.2444234282           -12208.5645986722       9023.85854
design1_rebuilt_mutated_A_2_PHE.pdb    -11747.50475528    9396.61318  6654.52471127997          -16173.7607188085           -12223.8197968764       9084.31729
design1_rebuilt_mutated_A_64_CYS.pdb   -11747.4943054102  9350.93028  6637.71682842375          -16075.0546960944           -12205.6943064606       9044.61393
design1_rebuilt_mutated_A_56_LEU.pdb   -11746.8872395715  9363.26649  6645.44854855432          -16080.2511891711           -12199.5261702725       8962.86748
design1_rebuilt_mutated_A_56_ASP.pdb   -11746.2077491195  9343.6388   6633.40049393366          -16064.3307344402           -12191.594743601        8944.8474
design1_rebuilt_mutated_A_25_ILE.pdb   -11746.096345486   9369.62282  6644.88631219273          -16110.411722284            -12210.0626753261       9060.28624
design1_rebuilt_mutated_A_1_MET.pdb    -11745.3418107023  9337.2858   6626.39620477254          -16072.317158324            -12198.0725853485       9032.45561
design1_rebuilt_mutated_A_225_ARG.pdb  -11745.2292524522  9377.7971   6646.48176534309          -16101.3151322879           -12198.9372829611       9072.96691
design1_rebuilt_mutated_A_56_THR.pdb   -11745.1656692482  9338.32105  6630.97162815005          -16060.3861702834           -12192.9269658338       8938.12185
design1_rebuilt_mutated_A_162_MET.pdb  -11744.2530019019  9357.28069  6634.91656545269          -16093.3149914983           -12204.5367368261       9049.92563
design1_rebuilt_mutated_A_1_TYR.pdb    -11744.070910717   9341.63165  6632.05920744324          -16068.5818893762           -12196.8016853633       9036.80146
design1_rebuilt_mutated_A_28_GLY.pdb   -11743.97139553    9342.88065  6627.30028279894          -16090.1553543374           -12207.5316097715       9031.58483
design1_rebuilt_mutated_A_184_ASN.pdb  -11743.6511783987  9333.27036  6627.82889298748          -16062.4476667042           -12196.898766135        9028.44017
design1_rebuilt_mutated_A_30_SER.pdb   -11742.8124292549  9340.73281  6626.8235990293           -16080.8442246724           -12215.6987996439       9024.37627
design1_rebuilt_mutated_A_57_GLU.pdb   -11742.4683758807  9346.32059  6630.34885872747          -16075.7849505203           -12200.9564169609       9039.98663
design1_rebuilt_mutated_A_226_TYR.pdb  -11740.7362791885  9413.02117  6662.47479526404          -16113.7709411369           -12182.4076607751       9112.24277
design1_rebuilt_mutated_A_28_VAL.pdb   -11740.6240077063  9363.06408  6636.1363292738           -16101.9456158571           -12193.536488384        9058.23389
design1_rebuilt_mutated_A_1_GLU.pdb    -11740.4421839074  9338.47211  6626.79061144423          -16063.3452723496           -12193.1729585536       9033.64192
design1_rebuilt_mutated_A_56_ILE.pdb   -11740.0584439599  9356.82337  6641.16445436823          -16066.1696119927           -12185.8662721238       8958.03197
design1_rebuilt_mutated_A_184_LEU.pdb  -11739.5809185338  9339.96721  6631.51050301073          -16063.8788754184           -12200.1339319918       9032.81907
design1_rebuilt_mutated_A_99_GLY.pdb   -11738.9596391864  9300.21348  6612.27281202178          -16021.7683293886           -12223.1671808727       8968.99729
design1_rebuilt_mutated_A_25_ARG.pdb   -11737.4281802025  9376.99013  6642.44800362327          -16121.4412504513           -12190.0746480312       9072.15994
design1_rebuilt_mutated_A_103_ARG.pdb  -11737.1386804925  9391.73878  6658.58487502204          -16106.8260669198           -12206.7867000546       9082.14267
design1_rebuilt_mutated_A_103_GLY.pdb  -11736.8023702309  9341.28907  6632.58115674373          -16057.6405824599           -12189.0645205191       9036.45888
design1_rebuilt_mutated_A_30_TRP.pdb   -11736.559270569   9419.85528  6659.5200261251           -16227.1768704169           -12224.4306673588       9045.70201
design1_rebuilt_mutated_A_99_TRP.pdb   -11735.9071786601  9404.16363  6656.03488143107          -16122.9815112903           -12212.943500133        9068.06392
design1_rebuilt_mutated_A_225_SER.pdb  -11735.5710908731  9343.27605  6626.08168460498          -16071.0222995769           -12190.4464828312       9038.44586
design1_rebuilt_mutated_A_184_THR.pdb  -11735.3637916536  9327.38875  6623.6442086875           -16051.3194986256           -12188.658667336        9022.55856
design1_rebuilt_mutated_A_162_ARG.pdb  -11735.3494156897  9364.04488  6637.00398060145          -16098.7545068349           -12207.9330672485       9054.46793
design1_rebuilt_mutated_A_56_LYS.pdb   -11734.5025207492  9371.2412   6642.91376038232          -16093.9684729234           -12211.2096948736       8954.6065
design1_rebuilt_mutated_A_227_SER.pdb  -11734.461378242   9331.16723  6625.35652018774          -16051.2256419896           -12194.3529823866       9024.72925
design1_rebuilt_mutated_A_1_VAL.pdb    -11734.4474551225  9341.66131  6627.20689369424          -16063.2597544288           -12187.1782297687       9036.83112
design1_rebuilt_mutated_A_3_VAL.pdb    -11733.6605599926  9348.62247  6631.35176890552          -16079.8728211244           -12186.3070278213       9043.79228
design1_rebuilt_mutated_A_28_PRO.pdb   -11732.9183707941  9358.7886   6632.65699185902          -16102.6664897252           -12196.843866356        9047.49278
design1_rebuilt_mutated_A_55_THR.pdb   -11731.9870098962  9390.31151  6649.6737129868           -16116.5545163226           -12200.8768128548       9083.65075
design1_rebuilt_mutated_A_31_GLN.pdb   -11731.8039535272  9364.20531  6636.03923361073          -16096.994761475            -12179.8956995435       9052.48144
design1_rebuilt_mutated_A_53_ILE.pdb   -11730.7937301775  9368.82218  6635.67206046202          -16097.3739206504           -12186.8611012208       9063.9937
design1_rebuilt_mutated_A_1_CYS.pdb    -11729.9798419824  9338.47367  6624.69650153252          -16059.6883612731           -12182.7106166286       9033.64348
design1_rebuilt_mutated_A_58_PRO.pdb   -11729.0327195298  9344.05035  6634.1974209348           -16043.3174076332           -12092.7989158951       8712.9298
design1_rebuilt_mutated_A_26_CYS.pdb   -11728.6089234309  9364.76474  6640.43454340422          -16121.952016089            -12186.1425418973       9058.87269
design1_rebuilt_mutated_A_25_LEU.pdb   -11728.1092958514  9369.97184  6641.40419976426          -16103.6839742005           -12180.7557643441       9065.14165
design1_rebuilt_mutated_A_53_GLY.pdb   -11727.9359468709  9337.84758  6625.70008464805          -16051.9189206098           -12182.2098574447       9033.01739
design1_rebuilt_mutated_A_30_MET.pdb   -11727.8342664538  9385.68167  6647.73421835577          -16121.5296719803           -12244.1672851458       9054.87126
design1_rebuilt_mutated_A_227_GLU.pdb  -11727.4690982237  9342.10945  6630.21219973234          -16045.135918278            -12167.6203052378       8949.62936
design1_rebuilt_mutated_A_226_ILE.pdb  -11727.27495165    9333.76771  6613.20355427563          -16054.023296483            -12155.769463981        9028.42317
design1_rebuilt_mutated_A_226_ALA.pdb  -11726.4860882587  9322.81525  6615.89932299233          -16041.169532753            -12175.722903047        9020.94284
design1_rebuilt_mutated_A_227_CYS.pdb  -11726.1977534447  9323.19824  6610.43385686409          -16056.0748634152           -12162.6651289279       9019.38199
design1_rebuilt_mutated_A_103_THR.pdb  -11725.4047609136  9346.70112  6625.91950429764          -16075.6059294399           -12178.9779185203       9041.87093
design1_rebuilt_mutated_A_184_SER.pdb  -11724.9490834361  9324.77378  6621.89956340866          -16039.8461665717           -12178.1626733317       9019.94359
design1_rebuilt_mutated_A_226_PHE.pdb  -11724.3158705517  9403.451    6652.21769783387          -16124.5173127738           -12186.6182970925       9087.345
design1_rebuilt_mutated_A_28_LEU.pdb   -11723.6413565084  9362.21798  6631.57331460507          -16093.0677242584           -12176.6926245405       9057.38779
design1_rebuilt_mutated_A_28_GLN.pdb   -11722.1127939516  9382.93563  6642.75804599372          -16112.1077088941           -12192.9506110199       9069.00443
design1_rebuilt_mutated_A_26_GLN.pdb   -11721.4088199885  9374.9905   6642.6303952838           -16127.5362482223           -12180.3126095635       9068.71215
design1_rebuilt_mutated_A_100_GLN.pdb  -11720.5631732342  9376.98281  6641.67770267423          -16095.5400170973           -12205.2242755456       9043.82261
design1_rebuilt_mutated_A_31_ILE.pdb   -11719.5195370464  9333.84802  6609.08399688993          -16113.2125512459           -12175.5509080649       9027.99765
design1_rebuilt_mutated_A_108_GLY.pdb  -11718.9039837854  9303.10286  6599.2350295198           -16060.8985021281           -12171.5715102986       8991.29257
design1_rebuilt_mutated_A_55_GLU.pdb   -11718.1655507593  9397.1149   6651.75878688722          -16110.7670878162           -12173.1062555059       9003.14517
design1_rebuilt_mutated_A_3_THR.pdb    -11717.880978172   9348.51566  6627.70755891454          -16072.8062580043           -12170.5274460007       9043.68547
design1_rebuilt_mutated_A_226_PRO.pdb  -11717.8780404286  9316.58616  6611.51540317235          -16029.9932581962           -12165.0978635568       9015.80776
design1_rebuilt_mutated_A_54_LEU.pdb   -11717.3716047442  9389.35927  6649.50126768842          -16091.3065266847           -12183.0639294582       9084.52908
design1_rebuilt_mutated_A_183_ASP.pdb  -11716.9117915324  9337.10904  6622.72629849016          -16044.8069717615           -12169.9517934836       9032.27885
design1_rebuilt_mutated_A_64_ILE.pdb   -11716.6109761479  9362.55874  6637.683916382            -16093.9853525172           -12222.0050177086       8762.21373
design1_rebuilt_mutated_A_105_CYS.pdb  -11714.9908997045  9351.71761  6632.22221845782          -16044.6556320828           -12166.8439081788       9046.88742
design1_rebuilt_mutated_A_184_ILE.pdb  -11714.7936583244  9341.17427  6629.54632060418          -16040.956800103            -12168.0430937933       9036.34408
design1_rebuilt_mutated_A_161_MET.pdb  -11713.4908360223  9346.12493  6620.99765106626          -16067.981657187            -12182.6508378776       9020.51693
design1_rebuilt_mutated_A_31_ALA.pdb   -11712.0048157394  9328.7096   6612.9052501378           -16058.5621580334           -12164.234356909        9022.84127
design1_rebuilt_mutated_A_57_HIS.pdb   -11711.7516386301  9343.92492  6629.36578416586          -16038.5401259834           -12165.2537422168       9039.09473
design1_rebuilt_mutated_A_3_ILE.pdb    -11711.2884645453  9351.19641  6628.20121320149          -16074.416428928            -12163.934932374        9046.36622
design1_rebuilt_mutated_A_183_LEU.pdb  -11711.2555104601  9326.97378  6618.49691224663          -16034.3821370866           -12180.6738585198       9014.69696
design1_rebuilt_mutated_A_59_HIS.pdb   -11710.4616272244  9341.19859  6628.31880079438          -16034.2530170011           -12163.58895462         9036.3684
design1_rebuilt_mutated_A_54_TRP.pdb   -11710.0089190759  9357.37032  6635.95296618365          -16053.0326719045           -12170.5432909268       9052.54013
design1_rebuilt_mutated_A_54_CYS.pdb   -11709.0230218103  9357.92649  6632.62243165697          -16060.0188697037           -12170.1326175548       9053.0963
design1_rebuilt_mutated_A_227_VAL.pdb  -11708.8477636916  9321.22111  6603.1685579101           -16066.7334871739           -12146.4776639204       9017.22054
design1_rebuilt_mutated_A_64_LEU.pdb   -11708.3761305005  9362.00222  6637.33080739635          -16080.1636518166           -12209.4990424012       9044.30523
design1_rebuilt_mutated_A_58_SER.pdb   -11707.8334903568  9338.78466  6625.40208622781          -16029.1418588755           -12078.0540907418       8707.66411
design1_rebuilt_mutated_A_99_MET.pdb   -11706.0113528194  9339.09424  6623.82375488671          -16042.8330145679           -12176.9673085946       9029.64602
design1_rebuilt_mutated_A_230_HIS.pdb  -11704.2045867292  9353.17852  6631.35084547363          -16039.2249066558           -12157.4103233926       9048.34833
design1_rebuilt_mutated_A_225_MET.pdb  -11703.8601774145  9371.96906  6639.75969551217          -16060.603980444            -12158.0937684939       9067.13887
design1_rebuilt_mutated_A_229_ASN.pdb  -11703.4544710181  9344.7307   6625.58000999225          -16041.6396925685           -12154.550338279        9026.46223
design1_rebuilt_mutated_A_97_TRP.pdb   -11702.7186159846  9330.34641  6614.8473189652           -16074.8908107948           -12154.1267688546       9025.6947
design1_rebuilt_mutated_A_108_ASN.pdb  -11701.3751337955  9322.7236   6612.77378684853          -16046.3621199458           -12165.4819476149       8984.22143
design1_rebuilt_mutated_A_28_GLU.pdb   -11701.160399139   9379.42794  6636.83423916458          -16105.618808616            -12166.6045977354       9068.13657
design1_rebuilt_mutated_A_227_GLY.pdb  -11701.0066453109  9322.36721  6615.8043229042           -16013.0648242448           -12179.9697343079       9007.38758
design1_rebuilt_mutated_A_105_GLN.pdb  -11700.5900526085  9362.80967  6633.58380041561          -16048.5021882308           -12151.8262673332       9057.97948
design1_rebuilt_mutated_A_225_PHE.pdb  -11699.6629062616  9367.82252  6636.10583322986          -16055.3169407686           -12155.0367585143       9062.63182
design1_rebuilt_mutated_A_108_ALA.pdb  -11699.4960495077  9301.12774  6602.76162192843          -16030.1042256586           -12166.5682723372       8976.84677
design1_rebuilt_mutated_A_134_LYS.pdb  -11699.4607528586  9386.03144  6644.07265189286          -16126.1740765025           -12211.483767835        9060.04513
design1_rebuilt_mutated_A_225_GLN.pdb  -11698.1114798632  9361.72956  6637.9240012482           -16034.3726350095           -12150.9339913194       9056.89937
design1_rebuilt_mutated_A_100_ARG.pdb  -11698.0705293693  9400.5289   6648.1508954226           -16133.4179646518           -12214.4403072631       8968.97586
design1_rebuilt_mutated_A_225_ASP.pdb  -11697.4018115315  9347.33231  6625.08690041955          -16040.703300919            -12151.6432415117       9042.50212
design1_rebuilt_mutated_A_3_LEU.pdb    -11696.9693723118  9352.63776  6625.82986819817          -16069.8828238524           -12149.6158392911       9047.80757
design1_rebuilt_mutated_A_58_VAL.pdb   -11695.6834237805  9346.60864  6630.12112858591          -16019.7612545681           -12095.7837111969       9063.30982
design1_rebuilt_mutated_A_59_PHE.pdb   -11695.1949347017  9345.5853   6629.99341855051          -16022.5670256807           -12148.3245004938       9040.75511
design1_rebuilt_mutated_A_58_ALA.pdb   -11694.5346307754  9335.24017  6622.1862006932           -16014.8639140083           -12062.0043874771       8704.11962
design1_rebuilt_mutated_A_57_ASP.pdb   -11694.3175825264  9354.05999  6634.8885299633           -16025.6887516784           -12146.6009571202       9049.2298
design1_rebuilt_mutated_A_31_LEU.pdb   -11693.8232094142  9362.73078  6627.91256084204          -16078.5242995284           -12156.134307084        9047.34795
design1_rebuilt_mutated_A_58_ASN.pdb   -11693.485080425   9347.94125  6630.17287143099          -16023.1814091885           -12148.7199849703       9041.39523
design1_rebuilt_mutated_A_166_VAL.pdb  -11692.0893930697  9334.26278  6603.74317754925          -16063.9560979471           -12147.5734508372       9028.75191
design1_rebuilt_mutated_A_184_GLU.pdb  -11692.0505776236  9335.55277  6619.4079287177           -16035.2254953858           -12166.8768589345       9021.9621
design1_rebuilt_mutated_A_184_MET.pdb  -11691.796995739   9351.31067  6629.34083639325          -16032.0071533101           -12145.2249185827       9046.48048
design1_rebuilt_mutated_A_55_MET.pdb   -11690.496306594   9406.12503  6652.43659285321          -16090.3557681626           -12143.5079717951       9110.56847
design1_rebuilt_mutated_A_56_MET.pdb   -11690.2978507119  9368.4865   6639.12476379595          -16053.9750355566           -12157.3424834452       8964.16516
design1_rebuilt_mutated_A_3_LYS.pdb    -11689.6901658523  9351.16831  6624.29163977123          -16062.427712067            -12142.336633681        9046.33812
design1_rebuilt_mutated_A_57_TYR.pdb   -11688.1191826162  9345.11232  6627.86632665969          -16017.6205275595           -12140.8730611476       9040.28213
design1_rebuilt_mutated_A_28_LYS.pdb   -11687.7839068442  9394.63621  6643.63251001717          -16111.2257317538           -12175.7361630687       9076.88272
design1_rebuilt_mutated_A_54_MET.pdb   -11687.2644389264  9368.21155  6638.85742585016          -16037.3585929484           -12146.4185589794       9063.38136
design1_rebuilt_mutated_A_229_VAL.pdb  -11687.2128449094  9347.10245  6621.29527774713          -16045.4267058605           -12141.1469172388       9030.52775
design1_rebuilt_mutated_A_25_VAL.pdb   -11687.0729447467  9360.33115  6629.07621450789          -16068.1047387248           -12151.9854896629       9051.07014
design1_rebuilt_mutated_A_31_GLY.pdb   -11686.1935838918  9322.22688  6603.62089061615          -16043.5164822349           -12138.4874721142       9016.35855
design1_rebuilt_mutated_A_229_ILE.pdb  -11685.2398861641  9353.20675  6624.1885433335           -16049.0603631102           -12140.1581800066       9038.06239
design1_rebuilt_mutated_A_28_CYS.pdb   -11685.1198686787  9353.46183  6620.46080645577          -16074.9674273728           -12138.1828086087       9048.63164
design1_rebuilt_mutated_A_53_VAL.pdb   -11684.9621777572  9356.95102  6624.6964304831           -16049.4121901514           -12138.8846397136       9052.12083
design1_rebuilt_mutated_A_26_LYS.pdb   -11684.054459625   9397.40442  6649.57464594779          -16135.3872463366           -12141.8355590029       9091.50882
design1_rebuilt_mutated_A_3_MET.pdb    -11682.5519758004  9359.40857  6629.6583850362           -16066.0239769189           -12135.4792162298       9054.57838
design1_rebuilt_mutated_A_59_ASN.pdb   -11682.4130070093  9331.09001  6619.52940259401          -16005.8579631716           -12136.6788983197       9026.25982
design1_rebuilt_mutated_A_104_PHE.pdb  -11681.7080245595  9345.36221  6628.47620415077          -16013.0281513769           -12135.5234743915       9040.53202
design1_rebuilt_mutated_A_227_PHE.pdb  -11681.5320717583  9352.51616  6616.3012933915           -16046.9788330932           -12096.4364174242       9088.4948
design1_rebuilt_mutated_A_100_CYS.pdb  -11681.4288036513  9343.27326  6619.80545781775          -16034.3016462022           -12131.8915664566       9038.8713
design1_rebuilt_mutated_A_25_THR.pdb   -11680.5333913285  9357.99363  6624.60737941037          -16055.3945927158           -12133.1798591572       9053.16344
design1_rebuilt_mutated_A_103_TRP.pdb  -11680.4425992404  9396.8108   6653.38539497473          -16060.7454829901           -12146.7424392295       9087.21469
design1_rebuilt_mutated_A_57_PHE.pdb   -11679.8432067808  9345.07352  6626.81641028361          -16010.8308912908           -12132.7443529907       9040.24333
design1_rebuilt_mutated_A_31_MET.pdb   -11678.1822835998  9372.55769  6629.2930655712           -16075.8377930633           -12133.3622681144       9058.3644
design1_rebuilt_mutated_A_56_ALA.pdb   -11677.6863518227  9331.58669  6617.12255759898          -16002.7241411523           -12122.8128596657       8932.79529
design1_rebuilt_mutated_A_64_MET.pdb   -11677.6105818723  9372.55615  6635.04609862465          -16069.3869414703           -12189.2009412997       8762.33354
design1_rebuilt_mutated_A_3_CYS.pdb    -11676.7585840174  9348.41673  6620.10646023868          -16050.035130324            -12129.4050518461       9043.58654
design1_rebuilt_mutated_A_226_HIS.pdb  -11676.1332848852  9384.09734  6633.69568826511          -16092.0830695277           -12188.7046156927       9054.72424
design1_rebuilt_mutated_A_3_GLU.pdb    -11675.720189349   9352.46049  6621.88901016585          -16053.1155840654           -12128.3666571777       9047.6303
design1_rebuilt_mutated_A_101_GLU.pdb  -11675.6841603437  9337.02458  6613.01513602226          -16046.3099661266           -12127.3280598615       9034.83646
design1_rebuilt_mutated_A_227_GLN.pdb  -11675.6036069902  9335.17541  6606.37223718333          -16049.2671333802           -12105.9154019425       9033.73765
design1_rebuilt_mutated_A_57_SER.pdb   -11673.39898207    9348.10434  6628.84500418533          -16004.9043872899           -12126.5105000134       9043.27415
design1_rebuilt_mutated_A_184_VAL.pdb  -11672.3073995034  9333.20229  6618.27994667576          -16004.2310977785           -12125.6452732818       9028.3721
design1_rebuilt_mutated_A_25_TRP.pdb   -11672.0138252326  9404.23797  6650.28725924508          -16106.8779806047           -12140.2352527559       9088.19528
design1_rebuilt_mutated_A_225_LEU.pdb  -11671.4027557081  9346.5215   6618.86817939339          -16022.0773206332           -12129.0277588338       9041.69131
design1_rebuilt_mutated_A_134_ILE.pdb  -11669.3433576557  9369.0951   6630.96935900866          -16061.5865552905           -12168.9469221922       9045.62106
design1_rebuilt_mutated_A_53_MET.pdb   -11668.7314086621  9378.62197  6630.72133800126          -16054.1058975266           -12112.1040065181       9079.1719
design1_rebuilt_mutated_A_53_HIS.pdb   -11667.0133392981  9356.09626  6617.42657835639          -16048.2642992508           -12124.770907684        9051.26607
design1_rebuilt_mutated_A_103_ALA.pdb  -11666.927300507   9336.67085  6619.5116426583           -16002.7403825928           -12119.3027367055       9031.84066
design1_rebuilt_mutated_A_97_PHE.pdb   -11666.0392829346  9334.56682  6620.72070510914          -16024.6039548892           -12119.0283143528       9029.73663
design1_rebuilt_mutated_A_184_PRO.pdb  -11665.8724987316  9319.01677  6610.98071803757          -15986.1066316032           -12119.1191784755       9014.18658
design1_rebuilt_mutated_A_56_CYS.pdb   -11664.7927475867  9334.89355  6618.36399243999          -15991.8818436144           -12110.1313798261       8936.10215
design1_rebuilt_mutated_A_28_HIS.pdb   -11664.7132570947  9385.19484  6633.15509242741          -16095.1405183599           -12151.9058456337       9061.65733
design1_rebuilt_mutated_A_31_CYS.pdb   -11664.1383389585  9342.43199  6610.3531684075           -16038.4037354289           -12107.3142579872       9042.98192
design1_rebuilt_mutated_A_54_HIS.pdb   -11663.812098789   9351.79864  6622.44664817577          -16013.8002146767           -12122.8097696324       9046.96845
design1_rebuilt_mutated_A_56_VAL.pdb   -11662.8072018775  9342.64864  6622.49601302297          -15995.8951243489           -12108.5652919993       8943.85724
design1_rebuilt_mutated_A_108_CYS.pdb  -11662.2549437227  9313.98506  6607.24132322668          -16015.6208289393           -12116.2225544654       9008.98979
design1_rebuilt_mutated_A_108_PRO.pdb  -11660.9092699257  9298.33632  6610.35484323788          -15918.8950975166           -12114.3851973284       8993.34105
design1_rebuilt_mutated_A_101_PHE.pdb  -11660.5943599299  9339.55405  6609.63992808538          -16043.1103885772           -12117.2699919728       9034.71957
design1_rebuilt_mutated_A_226_THR.pdb  -11658.7974312001  9338.99501  6610.3296683898           -16017.9080784705           -12119.8646963504       9030.06812
design1_rebuilt_mutated_A_102_HIS.pdb  -11658.4748362208  9326.43115  6606.99360456738          -15999.0219598798           -12111.8571118102       9021.60096
design1_rebuilt_mutated_A_2_ILE.pdb    -11657.6365254875  9353.04128  6619.06647425397          -16065.4172568042           -12111.1245379311       9048.21109
design1_rebuilt_mutated_A_59_ASP.pdb   -11657.6214278775  9329.97123  6615.04171827354          -15985.53127654             -12111.8373627542       9025.14104
design1_rebuilt_mutated_A_3_ARG.pdb    -11657.3092141992  9350.99241  6618.52319068018          -16048.2927698709           -12109.9556820279       9046.16222
design1_rebuilt_mutated_A_229_GLN.pdb  -11656.9147583941  9353.65955  6617.4532308003           -16044.7044320253           -12126.2102393996       9043.11906
design1_rebuilt_mutated_A_108_GLU.pdb  -11655.3610162309  9326.86877  6606.86277398208          -16041.0877547204           -12109.3286269736       9021.8735
design1_rebuilt_mutated_A_25_CYS.pdb   -11655.1636028778  9356.19483  6619.48409429523          -16041.0492721836           -12107.8100707065       9051.36464
design1_rebuilt_mutated_A_166_GLU.pdb  -11655.1453853902  9353.82735  6618.03358994586          -16022.9411048468           -12109.6390243377       9048.26208
design1_rebuilt_mutated_A_166_LEU.pdb  -11654.4305955242  9358.0501   6618.95929043879          -16035.7563043773           -12112.6836226675       9047.68464
design1_rebuilt_mutated_A_53_TRP.pdb   -11654.1517298514  9390.18872  6634.48972653971          -16066.8594419318           -12112.9564185168       9085.35853
design1_rebuilt_mutated_A_28_ILE.pdb   -11653.7893875368  9375.27703  6624.61563386549          -16081.5569322689           -12106.7161032293       9070.44684
design1_rebuilt_mutated_A_27_MET.pdb   -11653.7010121835  9367.76885  6622.16397910165          -16095.3916824401           -12102.9836698422       9066.17094
design1_rebuilt_mutated_A_26_ILE.pdb   -11653.3967613287  9377.10063  6635.19548586819          -16114.5659681898           -12106.3240009086       9072.27044
design1_rebuilt_mutated_A_183_TRP.pdb  -11652.2809055176  9364.80246  6628.63177286672          -16043.7577213862           -12135.2926750353       9044.85134
design1_rebuilt_mutated_A_183_LYS.pdb  -11648.3069808858  9343.18671  6611.9527916487           -16017.1642234678           -12102.4694508027       9038.35652
design1_rebuilt_mutated_A_229_ARG.pdb  -11647.6765314315  9398.51147  6648.71440285705          -16047.9547116589           -12110.4817968482       9097.13422
design1_rebuilt_mutated_A_55_VAL.pdb   -11647.4105080077  9373.11442  6628.87227319937          -16037.827571414            -12091.0412297103       8976.02296
design1_rebuilt_mutated_A_59_ARG.pdb   -11646.9245960005  9341.01768  6620.63780031695          -15984.1628752087           -12099.6294780457       9036.18749
design1_rebuilt_mutated_A_226_CYS.pdb  -11645.5479291068  9337.97017  6607.53979823511          -16009.2439106934           -12109.5035185371       9027.71007
design1_rebuilt_mutated_A_184_CYS.pdb  -11645.54224976    9328.6093   6610.20194683535          -15982.6613796548           -12098.8790115065       9023.77911
design1_rebuilt_mutated_A_105_MET.pdb  -11645.4277603658  9353.4419   6626.8838087569           -15982.0952561468           -12097.9924325556       9048.61171
design1_rebuilt_mutated_A_229_MET.pdb  -11643.2588791047  9366.84691  6625.79575260164          -16021.9932028603           -12093.06993362         9064.83029
design1_rebuilt_mutated_A_100_LYS.pdb  -11640.4465610779  9379.29698  6629.28373100601          -16088.9580855249           -12131.737229713        9066.25421
design1_rebuilt_mutated_A_227_ILE.pdb  -11640.2723927395  9341.98295  6600.37398601987          -16050.0610735521           -12078.6951124135       9040.62612
design1_rebuilt_mutated_A_103_PRO.pdb  -11639.2902980462  9336.52515  6613.93632794183          -15986.4777267882           -12091.6195924516       9031.69496
design1_rebuilt_mutated_A_101_HIS.pdb  -11639.255592408   9340.97009  6611.3594818636           -16055.9254170315           -12101.5175546196       9035.77346
design1_rebuilt_mutated_A_53_LEU.pdb   -11638.7653412804  9380.13727  6626.05363624603          -16047.6550286636           -12082.5129400701       9080.6872
design1_rebuilt_mutated_A_226_GLN.pdb  -11637.9036787035  9362.33013  6616.25427200396          -16043.5300274936           -12138.7772858997       9038.7066
design1_rebuilt_mutated_A_54_GLU.pdb   -11637.4354000841  9350.20533  6617.44152726327          -15995.3758686074           -12097.5563019586       9045.37514
design1_rebuilt_mutated_A_57_GLN.pdb   -11636.6512024896  9358.51051  6630.43173413139          -15980.1833672781           -12068.3527236902       9070.97192
design1_rebuilt_mutated_A_108_PHE.pdb  -11635.2130912509  9356.05173  6618.95541697633          -16065.4176296673           -12149.1080925498       8934.9198
design1_rebuilt_mutated_A_32_MET.pdb   -11634.6759606586  9344.12261  6605.84324179534          -16037.7104899783           -12092.5344096172       9035.52877
design1_rebuilt_mutated_A_53_CYS.pdb   -11634.0189385381  9344.89328  6603.2005488346           -16027.1137624158           -12090.4319668148       9040.06309
design1_rebuilt_mutated_A_103_GLU.pdb  -11633.8474401496  9368.04634  6624.65145719008          -16023.4048996326           -12122.035206483        9029.87245
design1_rebuilt_mutated_A_55_ILE.pdb   -11632.5690907597  9385.49776  6631.49801581151          -16037.4511460156           -12076.362282641        9092.58758
design1_rebuilt_mutated_A_102_TRP.pdb  -11632.3924965439  9353.47196  6620.13048773476          -15991.2259888204           -12087.9088004468       9048.64177
design1_rebuilt_mutated_A_53_LYS.pdb   -11632.0272894536  9380.00612  6621.45930099007          -16044.194185097            -12075.5201290767       9080.55605
design1_rebuilt_mutated_A_226_GLY.pdb  -11631.9628521726  9311.86032  6592.22444290466          -15976.8318956515           -12082.7375538667       9011.08192
design1_rebuilt_mutated_A_59_GLN.pdb   -11631.5204357586  9340.95576  6618.63637884519          -15970.0610355171           -12083.9855803194       9036.12557
design1_rebuilt_mutated_A_31_VAL.pdb   -11630.6698228872  9336.32539  6601.66546362733          -16024.1492031482           -12086.1430340986       9030.46858
design1_rebuilt_mutated_A_184_ARG.pdb  -11630.3001711383  9341.38571  6609.76396753503          -15994.9737548485           -12097.102905429        9029.27012
design1_rebuilt_mutated_A_100_MET.pdb  -11628.9697622185  9384.69457  6629.14592815293          -16048.5171104264           -12099.9390657098       9071.54147
design1_rebuilt_mutated_A_26_LEU.pdb   -11627.02755698    9379.31713  6637.95620455675          -16119.0624489377           -12079.95479656         9074.48694
design1_rebuilt_mutated_A_108_SER.pdb  -11625.8896746375  9305.77485  6594.10414260247          -15998.848135061            -12111.7371076398       8976.99158
design1_rebuilt_mutated_A_58_CYS.pdb   -11625.5416576641  9339.22969  6616.222662606            -15959.3029759905           -12010.6059194671       8708.10924
design1_rebuilt_mutated_A_226_LYS.pdb  -11623.0930191053  9379.73151  6624.12319210143          -16053.0249382027           -12149.0269167017       9045.15651
design1_rebuilt_mutated_A_26_ARG.pdb   -11621.7882127419  9413.30289  6645.90475208394          -16091.7896144966           -12074.4346812346       9108.4727
design1_rebuilt_mutated_A_57_TRP.pdb   -11619.9827326496  9358.67252  6622.30788248511          -15989.646968601            -12101.7783053659       9040.37733
design1_rebuilt_mutated_A_59_LYS.pdb   -11619.5923280793  9347.03849  6620.13450175315          -15965.5862496084           -12072.1825329168       9042.2083
design1_rebuilt_mutated_A_101_THR.pdb  -11619.3103625127  9315.29798  6593.06428185111          -15999.7057914439           -12097.4162241078       9001.88963
design1_rebuilt_mutated_A_166_GLN.pdb  -11617.6539374823  9352.56847  6610.47884195401          -15997.3191858705           -12073.0241235653       9046.99691
design1_rebuilt_mutated_A_1_TRP.pdb    -11615.9162601825  9359.94428  6622.27479329578          -16091.3609247011           -12104.8690693492       9046.35343
design1_rebuilt_mutated_A_229_CYS.pdb  -11614.38067156    9345.82306  6612.29304270654          -15974.9380584312           -12065.5966899118       9026.90828
design1_rebuilt_mutated_A_103_MET.pdb  -11613.833820006   9365.24595  6618.65707853987          -16011.2464205146           -12102.0313201779       9029.40166
design1_rebuilt_mutated_A_227_ARG.pdb  -11612.8606222628  9380.30772  6625.77410530871          -16041.1376849214           -12073.3793071048       9086.01769
design1_rebuilt_mutated_A_166_THR.pdb  -11609.2813376328  9343.36736  6604.63382269129          -15986.9335388368           -12064.8428255071       9037.79158
design1_rebuilt_mutated_A_225_ALA.pdb  -11607.1148403432  9340.24626  6606.66345643635          -15968.4169881189           -12062.8577553058       9035.41607
design1_rebuilt_mutated_A_32_ASP.pdb   -11607.1112242601  9319.92195  6598.72025698896          -15986.5312031591           -12077.9698066119       9011.2321
design1_rebuilt_mutated_A_55_LYS.pdb   -11605.4874016907  9404.68833  6633.68866801247          -16059.3910003184           -12137.7342594816       9053.98564
design1_rebuilt_mutated_A_103_PHE.pdb  -11605.1154355946  9376.98282  6628.65935817697          -16005.1342460003           -12100.1597913149       9048.45803
design1_rebuilt_mutated_A_101_GLN.pdb  -11604.0623560219  9339.48364  6599.26435108418          -16011.1754878579           -12055.6446608441       9037.29552
design1_rebuilt_mutated_A_55_CYS.pdb   -11603.895970018   9369.90914  6620.73988498683          -15994.4700532906           -12064.1955741278       9054.03755
design1_rebuilt_mutated_A_57_CYS.pdb   -11603.0274088437  9351.9719   6621.71287862518          -15949.4918040939           -12056.3018974001       9047.14171
design1_rebuilt_mutated_A_101_ILE.pdb  -11602.3685922821  9330.85956  6599.07212726105          -16000.8427262176           -12077.0496826701       9018.01716
design1_rebuilt_mutated_A_229_SER.pdb  -11601.2301385877  9338.6148   6609.60349898937          -15958.1911163202           -12054.2363931057       9018.48463
design1_rebuilt_mutated_A_228_TYR.pdb  -11600.8342371674  9343.93536  6612.98355460271          -15949.435516817            -12048.5988639979       8758.78741
design1_rebuilt_mutated_A_183_ILE.pdb  -11598.4354514059  9324.67258  6602.15925303405          -15943.3448986315           -12052.6837093662       9019.84239
design1_rebuilt_mutated_A_229_LYS.pdb  -11598.2195347641  9391.07184  6636.07761683397          -16022.8295300416           -12054.260321004        9097.78232
design1_rebuilt_mutated_A_55_GLN.pdb   -11597.3359545787  9391.39253  6628.07394898771          -16017.6082443124           -12092.1321314849       9052.87486
design1_rebuilt_mutated_A_26_TYR.pdb   -11595.6160947304  9395.00803  6640.52238856962          -16120.6494424255           -12120.9025302257       9070.79444
design1_rebuilt_mutated_A_100_LEU.pdb  -11595.3557740773  9369.28311  6612.89916992304          -16033.1380775201           -12081.38670972         9048.29423
design1_rebuilt_mutated_A_57_ALA.pdb   -11593.0642512765  9344.99742  6616.95230638984          -15936.673986556            -12046.9264053423       9040.16723
design1_rebuilt_mutated_A_166_ASP.pdb  -11589.9053609418  9349.27703  6605.43401014504          -15969.9891719394           -12045.3228058827       9043.72942
design1_rebuilt_mutated_A_183_THR.pdb  -11589.8653256223  9316.5981   6598.02324539182          -15927.6254925228           -12044.6676572576       9011.76791
design1_rebuilt_mutated_A_54_ILE.pdb   -11589.504895602   9364.67235  6618.90488885255          -15975.4594800892           -12058.4775141339       9059.84216
design1_rebuilt_mutated_A_227_LEU.pdb  -11589.4621000695  9338.07225  6587.75143363519          -16018.9348968718           -12022.8411154366       9036.63608
design1_rebuilt_mutated_A_53_PHE.pdb   -11588.8439107165  9367.22099  6609.36617381854          -16011.1087190207           -12047.8968350164       9062.3908
design1_rebuilt_mutated_A_99_LYS.pdb   -11588.8069804972  9356.19379  6608.26985281433          -16009.3511375214           -12065.25908422         9047.37388
design1_rebuilt_mutated_A_225_CYS.pdb  -11584.8566106612  9350.23658  6606.8007472849           -15964.2660964583           -12041.5083369682       9045.40639
design1_rebuilt_mutated_A_230_ALA.pdb  -11583.9248437981  9348.9501   6619.17126052564          -15927.9955836133           -12037.7380940526       9044.11991
design1_rebuilt_mutated_A_28_MET.pdb   -11580.0901242123  9384.67959  6615.98272031219          -16065.8575844206           -12033.2374418662       9079.8494
design1_rebuilt_mutated_A_32_GLY.pdb   -11580.0383131547  9292.24307  6578.81850862591          -15972.2453157926           -12050.9123362632       8983.55322
design1_rebuilt_mutated_A_184_TRP.pdb  -11579.337974396   9352.73542  6619.1922786839           -15937.4364010678           -12034.937542342        9001.72649
design1_rebuilt_mutated_A_59_TRP.pdb   -11578.5887687967  9353.21107  6617.17347679947          -15934.1119581694           -12032.7460464816       9048.38088
design1_rebuilt_mutated_A_105_HIS.pdb  -11578.4890293203  9356.60948  6604.39532277029          -15997.4975441896           -12030.6911766988       9051.77929
design1_rebuilt_mutated_A_103_ASN.pdb  -11578.2105089897  9359.97585  6610.94709594902          -15982.9608152051           -12074.1069657299       9022.21406
design1_rebuilt_mutated_A_101_ASN.pdb  -11574.443641934   9326.86968  6589.06155916569          -15986.2310686657           -12035.013822715        9021.67305
design1_rebuilt_mutated_A_59_LEU.pdb   -11570.3446797277  9338.49439  6611.89751231943          -15913.0167946225           -12022.0130073773       9033.6642
design1_rebuilt_mutated_A_26_PHE.pdb   -11568.720362642   9392.27307  6636.12008472557          -16113.9245053521           -12087.737035945        9071.00298
design1_rebuilt_mutated_A_230_CYS.pdb  -11565.8725635869  9349.24431  6611.95181524567          -15926.2527712611           -12019.8361974106       9044.41412
design1_rebuilt_mutated_A_59_CYS.pdb   -11565.4463743729  9329.76812  6603.64432619758          -15910.069484965            -12019.7563067082       9024.93793
design1_rebuilt_mutated_A_100_VAL.pdb  -11563.9809845151  9359.77795  6601.96261906502          -15990.2738710909           -12020.0423636757       9053.89103
design1_rebuilt_mutated_A_58_ARG.pdb   -11563.34441762    9371.46285  6609.16956554785          -15962.7368428505           -12012.8831149762       9036.70439
design1_rebuilt_mutated_A_166_MET.pdb  -11563.3180134072  9366.20587  6607.23741681699          -15976.8404560389           -12022.0062274471       9059.64274
design1_rebuilt_mutated_A_56_GLY.pdb   -11561.0827745958  9317.5864   6591.96244809566          -15902.9335136001           -12006.1192773726       8918.795
design1_rebuilt_mutated_A_226_VAL.pdb  -11559.5201095632  9332.57192  6587.54686934808          -15957.4134758011           -12019.812966893        9024.52793
design1_rebuilt_mutated_A_229_ALA.pdb  -11558.4407132085  9334.73071  6601.24270921602          -15924.3964698051           -12013.8899786279       9013.28973
design1_rebuilt_mutated_A_226_GLU.pdb  -11558.1302814741  9350.00219  6594.74070648917          -15977.9123698894           -12029.5465023705       9040.13906
design1_rebuilt_mutated_A_59_GLU.pdb   -11557.9115885997  9339.49698  6606.90758314426          -15913.0297379026           -12010.6027460411       9034.66679
design1_rebuilt_mutated_A_31_LYS.pdb   -11557.266921798   9396.03297  6619.31329511748          -16060.578623633            -12034.6148394935       9077.23008
design1_rebuilt_mutated_A_166_SER.pdb  -11556.9826141514  9339.94584  6593.78966359407          -15947.0442086125           -12018.2327915118       9023.98107
design1_rebuilt_mutated_A_53_TYR.pdb   -11554.5716440916  9370.54008  6605.69854324795          -15991.7850777759           -12015.0420732781       9065.70989
design1_rebuilt_mutated_A_103_GLN.pdb  -11552.1041117021  9370.35525  6612.27725719007          -15970.4181461574           -12046.3877998232       9032.22786
design1_rebuilt_mutated_A_183_VAL.pdb  -11549.0712898657  9315.14187  6589.38087112016          -15899.9879711126           -12012.742215634        9005.42864
design1_rebuilt_mutated_A_166_LYS.pdb  -11542.3195588171  9402.04141  6620.0456317879           -16029.8160859726           -12018.1787184666       9089.59438
design1_rebuilt_mutated_A_227_MET.pdb  -11542.1186349353  9360.98482  6600.67662278709          -16008.3725157813           -12015.5526600244       9061.17492
design1_rebuilt_mutated_A_103_LEU.pdb  -11541.3108826788  9362.21996  6609.99836827472          -15947.2869481585           -12034.9376820394       9028.83607
design1_rebuilt_mutated_A_57_PRO.pdb   -11537.291380949   9343.72538  6608.35094595812          -15888.5572941759           -11983.5656292598       8944.93398
design1_rebuilt_mutated_A_59_VAL.pdb   -11536.7200066105  9326.98997  6600.33702542352          -15881.8017576885           -11994.3612492681       9022.15978
design1_rebuilt_mutated_A_226_ARG.pdb  -11534.9422880256  9395.87903  6614.05044564516          -16000.9313277977           -12038.5688243897       9074.62238
design1_rebuilt_mutated_A_166_ILE.pdb  -11532.5096657008  9353.75647  6596.11804453295          -15949.9187626109           -11988.2012241884       9048.30751
design1_rebuilt_mutated_A_102_ILE.pdb  -11532.2618073785  9300.80076  6563.36814372462          -15954.2571458947           -12010.7115876248       8987.15375
design1_rebuilt_mutated_A_59_PRO.pdb   -11528.6456959953  9316.65159  6594.8907774875           -15865.2030331935           -11982.6417466698       9011.8214
design1_rebuilt_mutated_A_102_VAL.pdb  -11524.357915805   9291.43293  6560.29958542337          -15930.959666933            -12003.0085592676       8977.78592
design1_rebuilt_mutated_A_102_THR.pdb  -11524.2652791116  9292.07771  6561.81247374812          -15926.6656448873           -12002.7460598509       8978.4307
design1_rebuilt_mutated_A_101_LEU.pdb  -11524.2351460753  9303.60607  6567.94142842017          -15943.1448217356           -12007.3025585444       8989.95906
design1_rebuilt_mutated_A_166_PRO.pdb  -11522.2084966529  9334.10244  6585.85320234671          -15909.6884484              -11980.0706284109       9018.5733
design1_rebuilt_mutated_A_102_ASN.pdb  -11521.9805684999  9284.23948  6560.07158654262          -15915.8939493889           -12000.4287640305       8970.59247
design1_rebuilt_mutated_A_31_ARG.pdb   -11521.9613977088  9402.94386  6614.12263061867          -16041.1785843337           -11981.3633980743       9090.01677
design1_rebuilt_mutated_A_166_GLY.pdb  -11518.9652106202  9322.27926  6578.31181221545          -15901.1691418047           -11977.9217714271       9005.94008
design1_rebuilt_mutated_A_59_THR.pdb   -11515.5413692007  9322.83083  6596.86777432099          -15859.5141996815           -11972.7128866157       9018.00064
design1_rebuilt_mutated_A_103_LYS.pdb  -11513.8044215961  9382.9794   6612.82834318421          -15971.6020825981           -11983.468710458        9073.38329
design1_rebuilt_mutated_A_32_THR.pdb   -11513.132881696   9312.56748  6579.39401759664          -15938.3058171409           -12001.6734832119       8994.67872
design1_rebuilt_mutated_A_101_TRP.pdb  -11510.0327301021  9322.89174  6578.34137400088          -15941.356223008            -11988.7033790515       9009.24473
design1_rebuilt_mutated_A_101_SER.pdb  -11509.7913609747  9296.90413  6560.99381870043          -15937.2676634713           -11990.0823882447       8983.25712
design1_rebuilt_mutated_A_97_HIS.pdb   -11508.2358154461  9308.40764  6582.10901629738          -15914.2062274135           -11993.3690876314       8900.30126
design1_rebuilt_mutated_A_59_ALA.pdb   -11508.1798950943  9315.9824   6591.31497534953          -15848.5573742495           -11962.7337183474       9011.15221
design1_rebuilt_mutated_A_32_LEU.pdb   -11507.6976526163  9336.2539   6593.0411315825           -15946.6156143537           -11967.3547528427       9027.56405
design1_rebuilt_mutated_A_102_LEU.pdb  -11505.0677945503  9296.64617  6562.86660779435          -15917.4277899288           -11983.5079595086       8982.99916
design1_rebuilt_mutated_A_32_ASN.pdb   -11500.9793188742  9323.03649  6581.18550075508          -15934.4097879275           -11961.7927233869       9014.34664
design1_rebuilt_mutated_A_102_ASP.pdb  -11500.7854978362  9283.55069  6558.20997831024          -15896.2641491757           -11979.1749899556       8969.90368
design1_rebuilt_mutated_A_105_LEU.pdb  -11500.1395910159  9359.5293   6600.78054500551          -15904.8342076359           -11951.6712875658       9054.69911
design1_rebuilt_mutated_A_226_LEU.pdb  -11497.0972998531  9362.92055  6589.72749002758          -15961.3549057216           -11982.6943979305       9051.80336
design1_rebuilt_mutated_A_103_VAL.pdb  -11493.0094096952  9345.86827  6587.90080199282          -15928.0547156419           -11947.6395018251       9041.03808
design1_rebuilt_mutated_A_101_ALA.pdb  -11491.5656314988  9298.3507   6559.28616386217          -15925.1497970087           -11971.9111711204       8984.70369
design1_rebuilt_mutated_A_166_ALA.pdb  -11490.1542881614  9333.05374  6578.89364362733          -15890.9378501415           -11947.9525006002       9016.71456
design1_rebuilt_mutated_A_59_MET.pdb   -11489.2079907466  9337.44163  6599.25183290093          -15852.2873030391           -11941.454175947        9032.61144
design1_rebuilt_mutated_A_184_PHE.pdb  -11487.8526885548  9341.5376   6587.26146990937          -15890.0038723895           -11939.0506898498       9036.70741
design1_rebuilt_mutated_A_58_GLY.pdb   -11487.707876892   9321.04222  6589.718283617            -15834.1169201973           -11852.949169324        8973.36919
design1_rebuilt_mutated_A_54_LYS.pdb   -11487.083054274   9396.93917  6600.74816161598          -15994.6170430879           -11969.9790766486       9089.77155
design1_rebuilt_mutated_A_59_SER.pdb   -11486.6746387184  9316.18646  6588.59539455504          -15830.6304928335           -11941.1008797117       9011.35627
design1_rebuilt_mutated_A_101_ASP.pdb  -11485.6999483508  9321.32283  6569.3512588173           -15939.76953138             -11977.343163652        9005.00778
design1_rebuilt_mutated_A_166_CYS.pdb  -11483.7012708206  9346.05321  6583.55107581198          -15903.5651446767           -11939.7557414108       9040.55368
design1_rebuilt_mutated_A_32_ILE.pdb   -11480.9381810519  9309.97044  6572.13119530198          -15945.014369448            -11952.2335505599       9001.28059
design1_rebuilt_mutated_A_101_VAL.pdb  -11477.4007658496  9302.85111  6558.87166122014          -15920.4206547068           -11956.2852858578       8989.78732
design1_rebuilt_mutated_A_57_ARG.pdb   -11469.1547685082  9369.02024  6609.92629832577          -15876.4537936139           -11925.4002499791       9072.75833
design1_rebuilt_mutated_A_52_TYR.pdb   -11463.093353228   9329.65317  6592.79930826838          -15820.2989813665           -11912.0385105481       9019.60585
design1_rebuilt_mutated_A_229_LEU.pdb  -11462.6848018729  9363.85096  6610.56077644849          -15855.2683249044           -11919.4554667555       9048.37564
design1_rebuilt_mutated_A_103_CYS.pdb  -11459.9849897317  9356.70205  6588.85709570109          -15901.9951152332           -11959.97681954         9017.71876
design1_rebuilt_mutated_A_183_MET.pdb  -11457.8527789524  9349.86152  6580.70616840051          -15895.3460232241           -11920.2575906685       9042.47437
design1_rebuilt_mutated_A_57_GLY.pdb   -11456.220573626   9342.84674  6597.47354784056          -15825.9060485017           -11909.7541949732       9038.01655
design1_rebuilt_mutated_A_101_GLY.pdb  -11452.7611530651  9287.87143  6546.73882639974          -15891.0853173569           -11940.5640858908       8971.68143
design1_rebuilt_mutated_A_103_ILE.pdb  -11449.9380808871  9339.67674  6577.31067284621          -15893.2238814335           -11903.7894829082       9034.84655
design1_rebuilt_mutated_A_226_MET.pdb  -11448.9579643687  9361.55471  6581.43761865499          -15955.7940097871           -11915.6549739647       9051.81421
design1_rebuilt_mutated_A_101_ARG.pdb  -11448.130824594   9311.5631   6556.64655772918          -15903.5991972756           -11921.4591574691       9002.04086
design1_rebuilt_mutated_A_102_LYS.pdb  -11442.381424164   9347.34249  6580.15245317526          -15914.1272661828           -11903.8756410963       9042.17268
design1_rebuilt_mutated_A_101_CYS.pdb  -11440.0429992408  9316.33686  6557.73462581497          -15903.681900203            -11923.0619123148       9001.48668
design1_rebuilt_mutated_A_102_CYS.pdb  -11435.1589402968  9281.94054  6547.50697299069          -15843.792269619            -11913.7863418659       8968.29353
design1_rebuilt_mutated_A_101_LYS.pdb  -11432.2971209103  9338.56625  6562.44539548302          -15936.6896326479           -11892.6507853415       9033.36962
design1_rebuilt_mutated_A_32_ALA.pdb   -11431.2578618991  9295.83712  6555.58848866341          -15874.3025632208           -11919.4219908873       8982.3202
design1_rebuilt_mutated_A_57_LYS.pdb   -11431.0665302274  9366.05632  6600.71443761286          -15848.0056338101           -11884.2949189437       9061.22613
design1_rebuilt_mutated_A_102_SER.pdb  -11430.5208289018  9281.97842  6547.59277557536          -15837.5789116535           -11909.0197616133       8968.33141
design1_rebuilt_mutated_A_32_SER.pdb   -11426.9845038694  9307.08802  6559.06046801945          -15888.091446407            -11912.7848043597       8993.50581
design1_rebuilt_mutated_A_229_GLY.pdb  -11426.9552599476  9333.35265  6577.54785520401          -15828.6569256667           -11885.0479056895       9011.19069
design1_rebuilt_mutated_A_59_ILE.pdb   -11425.4588966329  9335.34292  6589.60068192265          -15801.2381639902           -11882.2676292874       9030.51273
design1_rebuilt_mutated_A_228_ARG.pdb  -11423.0772592302  9365.83327  6587.16882474267          -15890.2108583399           -11917.4613689444       8746.83265
design1_rebuilt_mutated_A_102_ALA.pdb  -11422.7372933415  9282.62771  6545.88967486254          -15833.3980565135           -11901.6903475205       8968.9807
design1_rebuilt_mutated_A_108_LEU.pdb  -11410.4418959374  9327.91874  6566.83413551389          -15977.6809266194           -11863.9090398805       9022.92347
design1_rebuilt_mutated_A_59_GLY.pdb   -11408.5622984415  9308.12569  6574.09107528074          -15762.6824992387           -11864.0351133362       9003.2955
design1_rebuilt_mutated_A_228_PHE.pdb  -11405.1539737192  9334.56409  6575.90066247275          -15803.4332757766           -11861.8763497716       8721.78724
design1_rebuilt_mutated_A_104_LYS.pdb  -11397.9022786934  9336.90398  6572.66739736793          -15802.9179962854           -11850.9378668415       9032.07379
design1_rebuilt_mutated_A_101_MET.pdb  -11395.1481198015  9335.0987   6559.69232334217          -15928.5770396047           -11862.9045934603       9028.59163
design1_rebuilt_mutated_A_104_HIS.pdb  -11389.56828418    9333.62002  6581.00228841713          -15774.9354652001           -11844.3145559103       9028.78983
design1_rebuilt_mutated_A_102_GLN.pdb  -11388.9604596378  9296.65441  6543.56846309861          -15833.6001730277           -11865.8454746235       8720.02382
design1_rebuilt_mutated_A_228_THR.pdb  -11384.1602565749  9335.80551  6565.98110671772          -15833.8834401032           -11852.3876681493       9022.16063
design1_rebuilt_mutated_A_225_GLY.pdb  -11373.376202379   9327.45813  6567.48768256349          -15769.7160496247           -11827.0474302647       9022.62794
design1_rebuilt_mutated_A_228_HIS.pdb  -11371.7868715943  9322.31235  6562.04658579915          -15776.870969736            -11837.3524178854       8724.6581
design1_rebuilt_mutated_A_2_MET.pdb    -11370.6505801822  9362.36716  6574.45793451039          -16011.9470761358           -11828.0906740851       9058.02132
design1_rebuilt_mutated_A_105_LYS.pdb  -11367.7338524164  9350.12714  6564.42723204381          -15825.7997309141           -11820.7655890618       9045.29695
design1_rebuilt_mutated_A_100_ILE.pdb  -11366.3832089243  9371.66575  6581.18748122533          -15842.8711145279           -11845.0926893395       9051.57448
design1_rebuilt_mutated_A_32_GLU.pdb   -11364.1271256647  9341.12546  6564.86459265224          -15897.5783403526           -11822.4407006732       9033.0782
design1_rebuilt_mutated_A_102_MET.pdb  -11362.9875309245  9286.97783  6536.25638945704          -15800.0735234647           -11842.9844264324       8973.33082
design1_rebuilt_mutated_A_52_PHE.pdb   -11357.4597659811  9331.63839  6577.1554172525           -15740.9171428284           -11807.2070016224       9021.5951
design1_rebuilt_mutated_A_55_TYR.pdb   -11343.0598575368  9422.24843  6605.35437500194          -15862.7897427774           -11842.4233650166       9087.29684
design1_rebuilt_mutated_A_104_LEU.pdb  -11334.6750932815  9323.69247  6570.20127737806          -15723.0836025057           -11791.362495227        9018.86228
design1_rebuilt_mutated_A_52_ARG.pdb   -11334.1609387177  9342.12185  6584.82765190479          -15717.6599522338           -11787.775344671        9037.29166
design1_rebuilt_mutated_A_101_PRO.pdb  -11333.6485768524  9319.68029  6542.42345774983          -15866.4945937079           -11787.9808275467       9017.49217
design1_rebuilt_mutated_A_58_PHE.pdb   -11329.2427718264  9363.23277  6580.64325617924          -15759.2795781837           -11786.3962598039       8745.02679
design1_rebuilt_mutated_A_105_TRP.pdb  -11325.2527298349  9369.79512  6568.67197872839          -15856.0989580125           -11778.068498365        9064.96493
design1_rebuilt_mutated_A_227_LYS.pdb  -11320.577630854   9355.68181  6567.68820049934          -15928.927951166            -11828.7197818511       8721.90608
design1_rebuilt_mutated_A_225_TRP.pdb  -11315.6231183477  9379.33559  6575.66678612936          -15812.1257709442           -11772.440026827        9074.14489
design1_rebuilt_mutated_A_230_GLY.pdb  -11304.3266790454  9344.9179   6577.13824536287          -15703.777841638            -11757.8876214439       9040.08771
design1_rebuilt_mutated_A_104_ASP.pdb  -11296.09115448    9313.97626  6555.88161171308          -15691.199688958            -11750.5625669775       9009.14607
design1_rebuilt_mutated_A_102_GLY.pdb  -11291.6277798834  9277.76199  6524.59176544732          -15728.7065995435           -11771.5695856218       8964.11498
design1_rebuilt_mutated_A_32_CYS.pdb   -11284.4298134751  9316.06524  6540.41999133724          -15820.2323123001           -11769.6788828096       9001.87832
design1_rebuilt_mutated_A_52_HIS.pdb   -11280.0669918096  9328.73464  6565.43057584308          -15675.7792192428           -11731.280170324        9018.68648
design1_rebuilt_mutated_A_228_ASN.pdb  -11279.9516377159  9339.67518  6556.71718887207          -15737.1829509946           -11762.6216412949       8720.70254
design1_rebuilt_mutated_A_102_ARG.pdb  -11278.948676457   9319.32267  6536.90649294584          -15782.2151344477           -11757.7767961234       9005.67566
design1_rebuilt_mutated_A_102_GLU.pdb  -11274.5737583938  9291.22086  6524.69189338227          -15745.4536250566           -11755.159348862        8977.57385
design1_rebuilt_mutated_A_57_LEU.pdb   -11269.5587075039  9357.22725  6573.24107821013          -15695.0257424934           -11722.4071867941       9052.39706
design1_rebuilt_mutated_A_55_PHE.pdb   -11261.8705404257  9416.88524  6586.5466483304           -15816.4002682623           -11745.8504216928       8994.64267
design1_rebuilt_mutated_A_27_TRP.pdb   -11259.4513048198  9385.14545  6567.89977089452          -15994.7153754616           -11708.3500145319       9083.54754
design1_rebuilt_mutated_A_104_GLU.pdb  -11259.3956674137  9314.93412  6555.73948289959          -15653.1168404692           -11713.8690626486       9010.10393
design1_rebuilt_mutated_A_230_LYS.pdb  -11245.964297465   9360.11991  6566.5349700136           -15691.3105002699           -11699.6877573146       9055.28972
design1_rebuilt_mutated_A_57_MET.pdb   -11242.0828772686  9355.75604  6567.08713409514          -15688.4187335813           -11696.4354670966       9050.92585
design1_rebuilt_mutated_A_104_MET.pdb  -11239.8506285208  9330.19312  6556.29349096671          -15658.3014093989           -11694.2968816798       9025.36293
design1_rebuilt_mutated_A_228_LYS.pdb  -11236.6142807647  9352.88254  6551.82180183606          -15739.9357531573           -11733.9038416416       8730.80309
design1_rebuilt_mutated_A_55_LEU.pdb   -11233.3573294159  9394.44967  6573.02275001303          -15770.5552921988           -11780.2538818498       9006.16853
design1_rebuilt_mutated_A_58_TYR.pdb   -11229.6407121239  9364.33224  6560.02358279931          -15703.204966428            -11710.2429649979       8746.12676
design1_rebuilt_mutated_A_228_GLN.pdb  -11224.9556308052  9349.68804  6550.35046318466          -15719.9508555068           -11713.0327402814       8730.66692
design1_rebuilt_mutated_A_52_GLU.pdb   -11222.2141615503  9330.6051   6559.9206196532           -15627.8011710252           -11675.1718162213       9025.77491
design1_rebuilt_mutated_A_228_ASP.pdb  -11222.0703034005  9336.21855  6544.97768740872          -15695.669847667            -11705.4409119537       8717.19519
design1_rebuilt_mutated_A_104_THR.pdb  -11217.5748642674  9308.53953  6546.07009040674          -15616.7160735562           -11672.0481248436       9003.70934
design1_rebuilt_mutated_A_104_GLN.pdb  -11216.4905295567  9318.11433  6547.23696797127          -15630.5420770944           -11670.9434595665       9013.28414
design1_rebuilt_mutated_A_55_TRP.pdb   -11197.0228556842  9445.40926  6588.56181867122          -15808.6992240233           -11689.6021582049       9025.7937
design1_rebuilt_mutated_A_104_VAL.pdb  -11190.341427031   9310.68984  6545.21408463642          -15595.6842751975           -11647.6823519466       9005.85965
design1_rebuilt_mutated_A_97_TYR.pdb   -11188.8680170245  9319.83262  6542.84905874516          -15741.7738233747           -11683.4239411163       8911.72624
design1_rebuilt_mutated_A_55_HIS.pdb   -11166.1243251407  9399.49098  6561.83033397826          -15766.0432588956           -11644.4415053464       8321.46632
design1_rebuilt_mutated_A_104_ASN.pdb  -11154.911136312   9315.86598  6539.0396536591           -15575.1616765095           -11609.4180160684       9011.03579
design1_rebuilt_mutated_A_58_TRP.pdb   -11135.4039994996  9366.82756  6564.56213027237          -15610.1360038494           -11612.6506651206       8748.92858
design1_rebuilt_mutated_A_104_TRP.pdb  -11130.0200870027  9357.28444  6568.89583513073          -15554.1585684631           -11581.9503170971       9052.45425
design1_rebuilt_mutated_A_104_PRO.pdb  -11121.7842799354  9294.2569   6525.45417552289          -15529.1645216156           -11576.2563358109       8989.42671
design1_rebuilt_mutated_A_105_TYR.pdb  -11117.7144343276  9369.95588  6532.30077816397          -15754.6377281243           -11570.1175904361       9065.12569
design1_rebuilt_mutated_A_228_MET.pdb  -11113.8271989686  9353.33348  6534.96834834516          -15655.7765646759           -11618.9667970296       8508.37907
design1_rebuilt_mutated_A_228_LEU.pdb  -11106.98695765    9307.66844  6510.13182922114          -15600.7470670618           -11597.435255522        8703.66871
design1_rebuilt_mutated_A_2_TRP.pdb    -11099.5557206404  9410.90342  6563.88159888782          -15930.5360458991           -11556.3698295477       9106.14099
design1_rebuilt_mutated_A_228_ILE.pdb  -11064.9069562159  9351.44626  6524.4476161982           -15624.1071546849           -11562.2172485473       8732.42074
design1_rebuilt_mutated_A_105_PHE.pdb  -11059.8869708793  9365.9936   6521.99307953753          -15713.8333886532           -11512.2772537939       9061.16341
design1_rebuilt_mutated_A_52_GLN.pdb   -11055.3133985274  9324.98891  6535.3221988107           -15489.6716604729           -11509.3983361333       9020.15872
design1_rebuilt_mutated_A_228_PRO.pdb  -11051.8969032248  9298.73211  6487.39189939743          -15596.1564059082           -11582.6446451583       8675.35806
design1_rebuilt_mutated_A_102_PRO.pdb  -11040.3899981472  9297.65479  6486.60918729786          -15600.7040122024           -11500.7528944195       8968.08202
design1_rebuilt_mutated_A_228_VAL.pdb  -11039.5446735278  9337.48777  6514.78220110898          -15611.1579769061           -11562.8920976218       8437.66022
design1_rebuilt_mutated_A_2_LEU.pdb    -11038.0144760246  9383.6053   6528.05953082596          -15796.964873429            -11487.9135850692       9082.00739
design1_rebuilt_mutated_A_228_GLU.pdb  -11036.9617341999  9347.89821  6515.59444143956          -15602.4283583197           -11531.8007461785       8728.87269
design1_rebuilt_mutated_A_52_ASP.pdb   -11019.6718404535  9301.12842  6519.37921208559          -15437.2262556538           -11470.7523997451       8991.08026
design1_rebuilt_mutated_A_104_ILE.pdb  -10999.9504117533  9320.42154  6520.99846050325          -15454.7370695236           -11457.2911922978       9015.59135
design1_rebuilt_mutated_A_104_SER.pdb  -10993.8322268221  9302.38402  6508.09881328388          -15439.0409263208           -11448.3056149356       8997.55383
design1_rebuilt_mutated_A_52_THR.pdb   -10988.2000491579  9301.34959  6514.384552291            -15415.1699467952           -11440.9184674696       8991.30143
design1_rebuilt_mutated_A_228_CYS.pdb  -10987.4569862543  9328.09547  6501.02940697694          -15572.5015856416           -11509.6961197493       8702.87552
design1_rebuilt_mutated_A_52_ASN.pdb   -10981.9165786702  9301.18351  6513.91637889771          -15408.3262988476           -11433.3535065995       8991.13535
design1_rebuilt_mutated_A_104_ALA.pdb  -10972.4257868872  9294.57855  6501.87545927125          -15418.856156153            -11426.8991750007       8989.74836
design1_rebuilt_mutated_A_228_SER.pdb  -10963.2439640949  9311.68739  6488.79155530213          -15531.9375781666           -11497.5350519437       8677.53337
design1_rebuilt_mutated_A_228_ALA.pdb  -10961.2689595211  9308.05921  6486.7436677927           -15531.2641456013           -11519.5460810572       8668.93192
design1_rebuilt_mutated_A_52_ILE.pdb   -10951.9527659623  9308.48386  6514.26361657435          -15393.9193791494           -11405.8548910237       8998.4357
design1_rebuilt_mutated_A_52_PRO.pdb   -10937.0743263964  9294.12462  6500.31760039885          -15374.7187557242           -11389.8269104898       8984.07646
design1_rebuilt_mutated_A_228_GLY.pdb  -10893.6154368379  9292.08099  6466.00902075275          -15496.6780330111           -11472.9537461914       8651.92667
design1_rebuilt_mutated_A_52_LYS.pdb   -10889.7961429128  9331.43499  6510.56564627176          -15386.385543012            -11346.8899456607       9021.38709
design1_rebuilt_mutated_A_52_SER.pdb   -10887.6295717625  9299.95824  6493.85948618913          -15348.2676378634           -11340.8994080611       8989.91008
design1_rebuilt_mutated_A_104_GLY.pdb  -10883.3520959085  9285.24185  6479.38342836151          -15350.8042405066           -11337.825484022        8980.41166
design1_rebuilt_mutated_A_104_CYS.pdb  -10859.9423357948  9311.77583  6491.816119903            -15346.2780496829           -11314.4149444753       9006.94564
design1_rebuilt_mutated_A_52_ALA.pdb   -10851.4552600553  9300.08444  6487.12728055868          -15325.612297555            -11306.3558160386       8990.03628
design1_rebuilt_mutated_A_52_LEU.pdb   -10848.1405627027  9329.62788  6504.98212231863          -15339.9521843088           -11309.7318837997       9017.30061
design1_rebuilt_mutated_A_52_VAL.pdb   -10840.8653690424  9302.65672  6490.06116375601          -15314.2621236583           -11295.4952561294       8992.60856
design1_rebuilt_mutated_A_52_GLY.pdb   -10820.0572996741  9287.15101  6475.62008881512          -15294.0403061052           -11294.0517648836       8964.26381
design1_rebuilt_mutated_A_52_CYS.pdb   -10774.1965993475  9303.96127  6477.45454204083          -15271.1781711288           -11230.7029785803       8993.91311
design1_rebuilt_mutated_A_52_MET.pdb   -10718.4512230139  9330.38427  6478.69806923729          -15268.3685489594           -11173.1967128693       9025.55408
design2_rebuilt_mutated_A_76_TYR.pdb   -9394.60596726699  7396.88388  5212.88663411164          -13025.3216160552           -10097.4584279247       6455.27248
design2_rebuilt_mutated_A_104_ARG.pdb  -9362.4488388981   7408.3864   5217.52069873977          -12963.1224613628           -9998.20522355855       6492.67377
design2_rebuilt_mutated_A_123_GLN.pdb  -9361.68855645126  7356.33733  5192.98494200485          -12885.9376617932           -9982.51113397848       6395.8819
design2_rebuilt_mutated_A_76_PHE.pdb   -9342.27319340892  7389.46575  5204.69615215108          -12973.242474984            -10048.6802554038       6447.82465
design2_rebuilt_mutated_A_136_TRP.pdb  -9334.10443026261  7407.5944   5214.61679381864          -12957.465944502            -9994.93513365077       6467.66841
design2_rebuilt_mutated_A_123_ALA.pdb  -9295.33286534482  7333.90293  5171.88075382951          -12821.2777368035           -9935.74912911855       6361.90467
design2_rebuilt_mutated_A_76_ARG.pdb   -9295.12234569467  7417.91632  5218.54396775596          -12948.8494665763           -10020.5354952069       6497.78534
design2_rebuilt_mutated_A_71_TYR.pdb   -9290.23754525029  7368.53936  5208.16972722925          -12845.0479506429           -9974.11837862905       6416.20446
design2_rebuilt_mutated_A_123_LEU.pdb  -9278.21007716697  7388.44802  5197.21334283701          -12887.5814630416           -9974.16413596814       6371.51811
design2_rebuilt_mutated_A_86_TRP.pdb   -9277.44303420562  7399.28683  5199.50582872635          -12897.436098275            -10006.9625599259       6411.02661
design2_rebuilt_mutated_A_123_SER.pdb  -9275.56374926981  7334.82043  5170.0566721091           -12805.0118748284           -9919.6988488982        6361.15983
design2_rebuilt_mutated_A_76_LEU.pdb   -9271.89031375808  7386.20439  5196.74039440064          -12910.3883635951           -9991.48519750128       6467.35489
design2_rebuilt_mutated_A_76_LYS.pdb   -9269.18694324266  7405.20824  5206.2287881141           -12921.973286606            -9993.04518198357       6486.35874
design2_rebuilt_mutated_A_104_ILE.pdb  -9267.32560466615  7402.9639   5198.22130822173          -12908.4049388999           -9995.40574454443       6410.62679
design2_rebuilt_mutated_A_104_LYS.pdb  -9263.67361331894  7413.073    5203.63642983883          -12886.4749141615           -10012.3342142063       6464.13811
design2_rebuilt_mutated_A_129_THR.pdb  -9262.15222203078  7365.68911  5185.89680907859          -12849.3277437003           -9887.7886863297        6446.58193
design2_rebuilt_mutated_A_136_TYR.pdb  -9257.08848390129  7401.06927  5201.12523318203          -12860.4781184544           -9964.0777521506        6417.89786
design2_rebuilt_mutated_A_63_ARG.pdb   -9255.70341748126  7386.96697  5208.21891873239          -12833.6227993911           -9939.79724639775       6432.11967
design2_rebuilt_mutated_A_125_THR.pdb  -9240.98244118693  7386.25873  5187.47137549057          -12870.4982824447           -9977.51073428245       6371.77052
design2_rebuilt_mutated_A_123_TYR.pdb  -9240.82393464357  7383.93738  5197.73409967132          -12806.540731287            -9974.51275886307       6440.03237
design2_rebuilt_mutated_A_77_TYR.pdb   -9239.25297341879  7365.7537   5190.7419888475           -12834.4008175325           -9955.8475616242        6458.0258
design2_rebuilt_mutated_A_63_ASP.pdb   -9230.75073430018  7306.09207  5168.61409589233          -12735.7553557335           -9930.12160251694       6354.9777
design2_rebuilt_mutated_A_102_TRP.pdb  -9230.53283550721  7393.7199   5198.90362365074          -12843.4376413609           -9941.29949648275       6385.79044
design2_rebuilt_mutated_A_123_GLY.pdb  -9215.80598022077  7307.07071  5151.29707977674          -12714.3794455034           -9895.7529684551        6388.28722
design2_rebuilt_mutated_A_102_LEU.pdb  -9215.0116826123   7391.77004  5191.90904470495          -12843.5420113917           -9953.79812402715       6378.50508
design2_rebuilt_mutated_A_123_ARG.pdb  -9212.77740742793  7412.93473  5202.79293672598          -12836.7158376835           -9916.34877287183       6408.29169
design2_rebuilt_mutated_A_76_TRP.pdb   -9209.59260228159  7390.99444  5192.29227685666          -12861.6661883702           -9942.86424530286       6450.36894
design2_rebuilt_mutated_A_125_ILE.pdb  -9201.23868832831  7387.62768  5184.14357806571          -12817.1846615228           -9925.82341990461       6410.90807
design2_rebuilt_mutated_A_126_MET.pdb  -9197.86048260262  7346.11287  5158.86252085263          -12825.4450204914           -9970.7645991797        6199.22996
design2_rebuilt_mutated_A_86_ARG.pdb   -9196.66913565214  7395.87607  5190.31317077728          -12840.0354932032           -9861.15267378825       6467.95767
design2_rebuilt_mutated_A_127_GLN.pdb  -9189.24305127982  7372.49926  5177.97029285135          -12826.6306953452           -9879.85717895333       6402.28236
design2_rebuilt_mutated_A_104_TRP.pdb  -9186.36120926395  7432.3309   5200.60411512603          -12926.4049090462           -10135.993628988        6552.36379
design2_rebuilt_mutated_A_76_HIS.pdb   -9186.00866935192  7380.81726  5183.06550110604          -12833.0603326101           -9894.01389536558       6438.31366
design2_rebuilt_mutated_A_104_HIS.pdb  -9184.15822513236  7425.35887  5206.62073981826          -12870.5943107272           -9984.66599639812       6414.61706
design2_rebuilt_mutated_A_63_PRO.pdb   -9180.61877816746  7332.77287  5173.38657013082          -12727.0591295291           -9889.94887834347       6375.26124
design2_rebuilt_mutated_A_35_TYR.pdb   -9180.35214383163  7408.02797  5196.39449927526          -12839.5984619768           -9877.27447879728       6492.33854
design2_rebuilt_mutated_A_77_PHE.pdb   -9176.21186462052  7365.10762  5179.2429357224           -12791.5024030137           -9900.0052629455        6457.57932
design2_rebuilt_mutated_A_136_PHE.pdb  -9168.81650367147  7400.17412  5189.13095507344          -12795.9832666107           -9890.69823869453       6415.73087
design2_rebuilt_mutated_A_129_ASP.pdb  -9166.79424232233  7366.51293  5171.79520897683          -12802.2180295057           -9865.12804105274       6416.93686
design2_rebuilt_mutated_A_31_ARG.pdb   -9165.3975155294   7375.58404  5174.71641960925          -12818.3899261645           -9879.36648834813       6419.70509
design2_rebuilt_mutated_A_101_TRP.pdb  -9164.99574958842  7380.61501  5176.66482302394          -12827.1514669337           -9876.79332206977       6425.76771
design2_rebuilt_mutated_A_80_TRP.pdb   -9160.46972400199  7350.234    5160.84538190424          -12798.8708344543           -9842.07357955485       6487.16114
design2_rebuilt_mutated_A_129_ASN.pdb  -9160.27532018568  7368.35159  5171.25982141212          -12802.7918173952           -9863.11605680095       6418.24399
design2_rebuilt_mutated_A_123_LYS.pdb  -9159.15833363898  7400.24629  5180.04684149085          -12827.413025413            -9916.03797502207       6228.89685
design2_rebuilt_mutated_A_9_THR.pdb    -9159.00706601168  7369.04638  5169.73475696388          -12811.557540014            -9860.42840620924       6425.95078
design2_rebuilt_mutated_A_9_VAL.pdb    -9158.09081144056  7369.62148  5169.52893998297          -12811.9147221307           -9860.00115017935       6426.52588
design2_rebuilt_mutated_A_100_THR.pdb  -9155.6611496407   7373.65697  5162.98526589448          -12824.0859682061           -9860.99189538223       6420.23481
design2_rebuilt_mutated_A_104_PRO.pdb  -9154.79499820909  7380.0857   5175.09558976188          -12779.148044009            -9877.04461704086       6372.0454
design2_rebuilt_mutated_A_63_TYR.pdb   -9153.41442941681  7338.95618  5160.76706113584          -12758.961984344            -9883.84235289358       6381.70218
design2_rebuilt_mutated_A_71_TRP.pdb   -9152.77933249602  7394.17968  5183.3250357403           -12809.4382496762           -9791.26424409523       6450.87022
design2_rebuilt_mutated_A_9_ILE.pdb    -9147.72225763868  7373.55125  5170.97830324862          -12804.7221751693           -9840.14604835842       6415.94085
design2_rebuilt_mutated_A_127_ARG.pdb  -9143.79003319732  7394.24448  5177.94572050944          -12827.2909417912           -9873.31415875563       6430.78043
design2_rebuilt_mutated_A_104_TYR.pdb  -9142.96500789885  7423.10803  5193.00230015753          -12876.9267596193           -9918.09997211378       6499.58206
design2_rebuilt_mutated_A_86_TYR.pdb   -9139.53005551842  7378.09913  5169.17966329401          -12804.6509172318           -9839.01634363533       6423.57313
design2_rebuilt_mutated_A_76_ILE.pdb   -9136.28999830056  7378.96398  5172.18619316698          -12801.1207996253           -9859.80064863212       6448.90658
design2_rebuilt_mutated_A_123_PHE.pdb  -9136.28517053306  7379.75887  5183.55320503345          -12723.8606873804           -9881.49990633957       6437.55518
design2_rebuilt_mutated_A_129_SER.pdb  -9135.6168156512   7356.69822  5160.56739330221          -12768.2992104467           -9823.39309744689       6411.37892
design2_rebuilt_mutated_A_129_HIS.pdb  -9134.85355095891  7383.06762  5171.5938658731           -12798.1904174299           -9823.71348393542       6437.74832
design2_rebuilt_mutated_A_102_MET.pdb  -9131.62945499027  7385.70677  5179.41254354904          -12767.12607084             -9866.21199418545       6373.03895
design2_rebuilt_mutated_A_123_THR.pdb  -9131.00132371288  7352.12974  5161.58817117683          -12764.0927478669           -9820.25408412275       6429.17511
design2_rebuilt_mutated_A_63_TRP.pdb   -9129.35021369319  7379.33056  5181.43019218438          -12771.0654654783           -9866.70535657964       6415.89939
design2_rebuilt_mutated_A_129_ILE.pdb  -9129.0227880629   7368.43811  5167.36469774774          -12773.781235657            -9824.31366473477       6419.98668
design2_rebuilt_mutated_A_88_ILE.pdb   -9126.3079372308   7380.26829  5170.10261196604          -12795.2830705479           -9836.25296182439       6425.42099
design2_rebuilt_mutated_A_76_GLN.pdb   -9125.65747690017  7373.77601  5171.03702718381          -12784.3488381103           -9834.75919220419       6418.63071
design2_rebuilt_mutated_A_127_ASN.pdb  -9125.24876550345  7354.86073  5155.09442551434          -12767.3043170753           -9824.62806380689       6390.78968
design2_rebuilt_mutated_A_104_ASN.pdb  -9124.12770082365  7388.46292  5173.57855849279          -12804.5685219483           -9839.23589565943       6453.1264
design2_rebuilt_mutated_A_163_THR.pdb  -9123.87976818685  7388.12298  5173.24792217299          -12782.7497977002           -9883.94421438377       6370.01381
design2_rebuilt_mutated_A_100_ASN.pdb  -9122.34444290978  7375.38882  5167.69783485564          -12788.5421340927           -9832.4707984347        6421.92729
design2_rebuilt_mutated_A_90_TYR.pdb   -9121.61064271387  7384.83978  5180.88025680093          -12784.2763386569           -9841.30948236773       6446.18876
design2_rebuilt_mutated_A_123_HIS.pdb  -9121.46279952918  7371.07975  5174.25951115107          -12712.6321146814           -9860.7621048256        6431.62458
design2_rebuilt_mutated_A_129_VAL.pdb  -9120.30772923436  7366.28107  5165.13053877674          -12767.9745682131           -9819.59668981945       6418.90595
design2_rebuilt_mutated_A_104_THR.pdb  -9118.20208136957  7381.11966  5169.81165397624          -12793.4662772019           -9831.1187726919        6446.30363
design2_rebuilt_mutated_A_102_TYR.pdb  -9117.60102522872  7398.413    5179.30994386248          -12792.0280415698           -9842.80092847234       6434.41662
design2_rebuilt_mutated_A_86_PHE.pdb   -9116.99638345891  7374.29124  5164.45645746159          -12783.4094376404           -9817.36003814278       6419.89665
design2_rebuilt_mutated_A_75_ILE.pdb   -9115.78220076846  7386.43186  5175.5033282408           -12783.3818984347           -9827.3102731163        6431.58456
design2_rebuilt_mutated_A_129_GLY.pdb  -9115.51504057389  7341.30721  5148.27367812956          -12747.2623242186           -9810.11282312476       6392.72333
design2_rebuilt_mutated_A_63_SER.pdb   -9114.16572576484  7303.75836  5144.09733017965          -12674.7703887976           -9820.07640593152       6352.64399
design2_rebuilt_mutated_A_127_LEU.pdb  -9112.82496956227  7364.88227  5157.07444165704          -12771.898272795            -9807.66822569595       6401.29211
design2_rebuilt_mutated_A_49_LEU.pdb   -9110.42839216345  7398.95079  5180.76513563111          -12793.8042519886           -9820.2638637381        6444.10349
design2_rebuilt_mutated_A_77_HIS.pdb   -9108.74991639696  7360.493    5165.19196915239          -12736.5962757675           -9786.95925473536       6423.5002
design2_rebuilt_mutated_A_123_CYS.pdb  -9107.70913884491  7355.85691  5159.68593408812          -12733.4330040148           -9839.46148989859       6358.25782
design2_rebuilt_mutated_A_49_THR.pdb   -9105.65547065115  7382.93522  5172.24628076165          -12773.7596843237           -9819.13748664848       6428.08792
design2_rebuilt_mutated_A_126_ARG.pdb  -9105.44813149171  7391.17831  5181.03504828513          -12754.0049422696           -9847.84925830333       6378.96847
design2_rebuilt_mutated_A_60_TYR.pdb   -9104.96414832424  7362.48484  5163.34875269441          -12740.7966617783           -9787.58190161289       6410.59804
design2_rebuilt_mutated_A_104_VAL.pdb  -9102.99075808695  7382.08231  5166.920058616            -12780.366470381            -9808.08958226241       6447.60041
design2_rebuilt_mutated_A_80_ALA.pdb   -9102.4340941743   7343.04883  5150.31721662441          -12746.2058947624           -9825.9076364242        6451.27136
design2_rebuilt_mutated_A_74_TYR.pdb   -9101.8757129713   7380.8352   5169.65942456815          -12774.0159384563           -9814.3318489688        6425.9813
design2_rebuilt_mutated_A_134_ARG.pdb  -9101.39584416798  7419.63369  5189.49368921159          -12799.8893672672           -9810.60832034281       6464.33081
design2_rebuilt_mutated_A_45_THR.pdb   -9100.2846134391   7335.32822  5145.19568143861          -12720.0334444058           -9780.20145289403       6437.08597
design2_rebuilt_mutated_A_60_TRP.pdb   -9099.88321645927  7361.34259  5167.79431159682          -12724.4562863745           -9783.7254946443        6409.45579
design2_rebuilt_mutated_A_75_TYR.pdb   -9099.59253376656  7386.20655  5177.65650054795          -12758.4015998835           -9802.25775513382       6431.35925
design2_rebuilt_mutated_A_35_PHE.pdb   -9098.53608224483  7399.49689  5180.4564448729           -12775.9938446752           -9750.50564900404       6449.05729
design2_rebuilt_mutated_A_75_LEU.pdb   -9098.29381659625  7385.3465   5174.92658691263          -12765.3334856004           -9806.59942545148       6430.4992
design2_rebuilt_mutated_A_126_THR.pdb  -9098.0163982085   7356.67253  5154.11163642436          -12752.27041992             -9807.44201093542       6401.82523
design2_rebuilt_mutated_A_9_HIS.pdb    -9097.4722764139   7377.88161  5165.38707589274          -12769.7898513833           -9795.33961765107       6414.56971
design2_rebuilt_mutated_A_63_GLY.pdb   -9097.06886255681  7286.63279  5133.59152838557          -12645.7297252773           -9835.21344064589       6281.72345
design2_rebuilt_mutated_A_129_ALA.pdb  -9095.25691358533  7354.15856  5153.18567829867          -12738.3061929794           -9781.94211549623       6408.83926
design2_rebuilt_mutated_A_48_SER.pdb   -9094.13506782258  7352.28215  5157.5532252156           -12728.1667414656           -9817.77613339279       6393.88041
design2_rebuilt_mutated_A_9_TYR.pdb    -9094.07344957037  7395.62186  5171.34689828007          -12791.0010824546           -9819.35484249107       6438.36346
design2_rebuilt_mutated_A_75_ARG.pdb   -9089.10009746032  7404.54517  5186.7800364128           -12770.5096180203           -9857.0781611313        6464.24527
design2_rebuilt_mutated_A_62_TYR.pdb   -9087.88079429078  7382.72349  5167.9349415644           -12763.8986555              -9798.07276714562       6427.87619
design2_rebuilt_mutated_A_63_THR.pdb   -9086.48680849791  7317.15425  5143.91128403512          -12672.4504061221           -9809.51776503675       6351.40431
design2_rebuilt_mutated_A_80_PRO.pdb   -9086.28116206949  7343.28443  5147.67897961436          -12736.5731627628           -9813.65574977977       6450.46687
design2_rebuilt_mutated_A_77_GLN.pdb   -9086.0639691262   7357.83582  5157.60092548478          -12736.3262172544           -9794.32193658941       6400.31862
design2_rebuilt_mutated_A_80_SER.pdb   -9085.96277630499  7343.02577  5147.76024949148          -12734.3655105418           -9810.9146703537        6451.2483
design2_rebuilt_mutated_A_100_HIS.pdb  -9085.94852233786  7424.80909  5187.20647341936          -12793.9116463729           -9757.15766303296       6471.02758
design2_rebuilt_mutated_A_9_PHE.pdb    -9085.854352556    7385.21232  5167.76570616373          -12771.3257112022           -9802.33077683168       6436.9013
design2_rebuilt_mutated_A_104_MET.pdb  -9085.07557104052  7421.1434   5188.75669412179          -12771.2824067551           -9836.7193463268        6422.44586
design2_rebuilt_mutated_A_79_TYR.pdb   -9081.46065394055  7378.12067  5163.80297496809          -12752.8197908054           -9775.85854147189       6423.25497
design2_rebuilt_mutated_A_136_THR.pdb  -9079.84677951063  7373.61255  5161.35262617977          -12738.5114800311           -9826.03766800116       6349.47532
design2_rebuilt_mutated_A_136_VAL.pdb  -9079.40235518977  7376.61121  5160.9822631209           -12745.5847330978           -9832.30414248435       6377.3904
design2_rebuilt_mutated_A_78_TRP.pdb   -9079.14779558416  7401.98631  5185.33588790275          -12754.8717906804           -9809.93686261826       6473.30266
design2_rebuilt_mutated_A_46_SER.pdb   -9079.09067198737  7323.59095  5139.78009991011          -12686.8556939567           -9769.63654446678       6398.49022
design2_rebuilt_mutated_A_136_ILE.pdb  -9076.58447802972  7385.60833  5167.01382527776          -12744.4920847943           -9824.17326626575       6385.36492
design2_rebuilt_mutated_A_9_TRP.pdb    -9076.4749734062   7387.11801  5165.65433621135          -12771.208125243            -9802.51147214147       6434.73922
design2_rebuilt_mutated_A_75_PHE.pdb   -9075.54755652915  7385.28685  5173.31390192183          -12740.9726154693           -9779.58806148108       6430.43955
design2_rebuilt_mutated_A_79_TRP.pdb   -9074.38121772779  7397.05377  5173.53189863483          -12758.8217546508           -9769.24350807285       6396.60537
design2_rebuilt_mutated_A_129_CYS.pdb  -9073.43509015225  7367.11584  5158.66965342666          -12734.7071081699           -9777.5544529579        6418.50717
design2_rebuilt_mutated_A_63_ASN.pdb   -9073.10004429667  7310.15731  5134.0827709594           -12666.5182112602           -9793.53096220922       6349.20269
design2_rebuilt_mutated_A_79_ASN.pdb   -9073.00396625221  7357.14517  5152.25341926308          -12745.7282163967           -9768.09989702524       6426.84347
design2_rebuilt_mutated_A_76_THR.pdb   -9071.8989572835   7371.01786  5161.09442766369          -12742.7701758904           -9775.39644447514       6415.08126
design2_rebuilt_mutated_A_48_ALA.pdb   -9071.47450288876  7351.1883   5154.37426017224          -12708.3945741506           -9794.07427610914       6392.79606
design2_rebuilt_mutated_A_79_PHE.pdb   -9071.33614029158  7381.75907  5164.50067451297          -12748.9569060573           -9783.21727297903       6395.47867
design2_rebuilt_mutated_A_62_HIS.pdb   -9071.26571314524  7378.64204  5163.0544670083           -12750.427290984            -9781.12656351706       6423.79474
design2_rebuilt_mutated_A_126_ASN.pdb  -9071.12303505379  7372.29798  5160.82147533395          -12720.314510092            -9812.7266369774        6360.08814
design2_rebuilt_mutated_A_84_ASP.pdb   -9068.54821465323  7361.57573  5155.81844385192          -12732.6934267507           -9787.22681893207       6426.25153
design2_rebuilt_mutated_A_86_MET.pdb   -9067.50122937463  7375.78945  5162.94696851028          -12736.1455607592           -9772.46107398896       6443.13718
design2_rebuilt.pdb                    -9067.31718589444  7375.05497  5161.35904309455          -12742.4887272501           -9778.55886269862       6420.20767
design2_rebuilt_mutated_A_45_PRO.pdb   -9067.2761221632   7331.79307  5141.44800465935          -12685.742652764            -9745.14797784705       6433.55082
design2_rebuilt_mutated_A_80_GLY.pdb   -9066.8445771013   7337.5544   5140.61474266407          -12718.7869004223           -9791.63149656147       6445.77693
design2_rebuilt_mutated_A_46_PRO.pdb   -9066.50161547945  7324.63563  5139.02935490787          -12677.1927968959           -9744.66239785961       6399.5349
design2_rebuilt_mutated_A_123_MET.pdb  -9065.79090985649  7388.54636  5165.49999494103          -12730.7873132892           -9813.21180995287       6381.59289
design2_rebuilt_mutated_A_102_ILE.pdb  -9065.77938441648  7386.72219  5168.92099860583          -12747.9434458466           -9780.2830834423        6431.87489
design2_rebuilt_mutated_A_48_THR.pdb   -9065.70581687097  7356.3787   5153.36872951644          -12720.4182984444           -9795.59506834883       6400.16256
design2_rebuilt_mutated_A_45_LEU.pdb   -9065.34251535481  7350.48744  5148.93603890575          -12708.9698113308           -9749.62479484171       6448.64678
design2_rebuilt_mutated_A_136_PRO.pdb  -9064.36379355947  7366.88791  5158.34793996738          -12715.3484273877           -9812.68463289247       6352.52648
design2_rebuilt_mutated_A_46_ARG.pdb   -9064.29699370837  7394.0988   5174.32298036493          -12744.5639024696           -9765.70817668348       6465.58633
design2_rebuilt_mutated_A_45_VAL.pdb   -9064.00059019255  7336.74123  5141.98996664684          -12691.9493312083           -9744.89588758165       6438.49898
design2_rebuilt_mutated_A_77_LEU.pdb   -9063.71249156176  7373.13931  5163.15929340561          -12734.8039102673           -9780.80751048027       6408.81975
design2_rebuilt_mutated_A_76_MET.pdb   -9063.7057316107   7397.31786  5174.1469193272           -12757.4215183734           -9786.66450034376       6478.46836
design2_rebuilt_mutated_A_45_ILE.pdb   -9062.65798314577  7341.91596  5146.33848518352          -12693.9699430006           -9745.58830091709       6442.3535
design2_rebuilt_mutated_A_9_MET.pdb    -9062.44677231531  7373.30694  5160.2646470432           -12736.5124199294           -9770.39367880208       6418.76484
design2_rebuilt_mutated_A_33_ILE.pdb   -9062.12948372495  7383.0049   5168.07306727443          -12733.3355121721           -9763.78590362015       6442.42879
design2_rebuilt_mutated_A_79_HIS.pdb   -9061.73366617473  7380.06007  5162.18468315846          -12741.9992930091           -9775.87665444653       6395.49747
design2_rebuilt_mutated_A_46_ASP.pdb   -9061.41520949105  7330.63687  5141.50263921375          -12679.2764289691           -9755.33388750486       6402.74073
design2_rebuilt_mutated_A_78_PHE.pdb   -9060.47106374617  7379.61162  5164.9819652605           -12741.5110713583           -9786.51683493624       6459.40465
design2_rebuilt_mutated_A_80_ASN.pdb   -9059.16113704042  7376.62927  5160.69411489883          -12737.0329251275           -9768.66287582218       6420.36617
design2_rebuilt_mutated_A_104_PHE.pdb  -9059.13628755589  7421.24644  5183.16084761744          -12807.6936101755           -9840.94104650363       6498.43669
design2_rebuilt_mutated_A_79_THR.pdb   -9059.01941167056  7373.07177  5157.18664113338          -12738.660386952            -9772.30948080619       6416.28497
design2_rebuilt_mutated_A_136_ASN.pdb  -9057.96014488056  7375.94385  5160.89911039789          -12718.5591156089           -9802.32071345007       6372.41524
design2_rebuilt_mutated_A_44_LEU.pdb   -9057.75492138962  7384.19874  5166.06913058483          -12737.1492487534           -9760.98571500927       6429.35144
design2_rebuilt_mutated_A_35_ASN.pdb   -9057.60116821957  7387.10232  5167.26707828426          -12740.5409249205           -9762.99737136128       6407.0791
design2_rebuilt_mutated_A_46_GLN.pdb   -9056.92565641874  7353.0119   5151.29078963672          -12697.1627308007           -9765.87077718483       6404.25675
design2_rebuilt_mutated_A_84_TYR.pdb   -9053.8176489527   7363.58086  5152.91268681408          -12711.0790314894           -9741.7176962203        6432.41632
design2_rebuilt_mutated_A_71_PHE.pdb   -9052.94833798604  7356.99213  5165.6321024332           -12668.0339918994           -9729.76493768761       6414.58011
design2_rebuilt_mutated_A_79_LEU.pdb   -9052.72601303662  7381.02107  5161.1825668143           -12736.1883943333           -9770.35794074356       6394.33347
design2_rebuilt_mutated_A_75_ASN.pdb   -9052.32636647027  7376.6683   5165.81095059251          -12713.731199358            -9756.18799423934       6421.821
design2_rebuilt_mutated_A_46_ALA.pdb   -9051.55389809462  7323.57359  5137.39135981612          -12661.2726730955           -9742.35684446934       6398.47286
design2_rebuilt_mutated_A_127_GLU.pdb  -9051.41646959882  7371.10319  5158.64832279228          -12716.4603515682           -9755.00726778037       6401.55659
design2_rebuilt_mutated_A_35_TRP.pdb   -9051.37600134978  7409.26827  5175.45957592729          -12749.6876490291           -9704.41661730054       6421.08677
design2_rebuilt_mutated_A_9_PRO.pdb    -9050.05699576789  7365.93028  5154.39249938759          -12722.7153078656           -9759.51056842095       6418.64426
design2_rebuilt_mutated_A_50_HIS.pdb   -9050.04712812824  7332.07928  5146.72896512799          -12657.5578393492           -9752.27142940383       6379.74438
design2_rebuilt_mutated_A_9_GLN.pdb    -9049.85060429049  7376.63641  5160.08724069249          -12729.767415109            -9761.57565777948       6420.30471
design2_rebuilt_mutated_A_136_ASP.pdb  -9049.54573865956  7374.756    5160.37430287985          -12708.9201275206           -9793.31739962173       6386.91319
design2_rebuilt_mutated_A_9_CYS.pdb    -9048.95080266982  7370.24656  5155.8699055338           -12723.6916925543           -9752.87833239526       6427.15096
design2_rebuilt_mutated_A_86_HIS.pdb   -9048.0476259581   7367.63028  5156.71982387492          -12718.269043116            -9747.13810384333       6412.27356
design2_rebuilt_mutated_A_49_PRO.pdb   -9047.47732218303  7378.0615   5161.97787516411          -12728.6538205987           -9759.20210527304       6423.2142
design2_rebuilt_mutated_A_129_GLN.pdb  -9047.35368726424  7370.15369  5151.90402676907          -12727.7091223801           -9758.98833992319       6415.55738
design2_rebuilt_mutated_A_80_GLU.pdb   -9047.0321546993   7364.40372  5153.17669671639          -12740.2336575044           -9758.28015190211       6426.37005
design2_rebuilt_mutated_A_79_ALA.pdb   -9046.43534896215  7371.89127  5154.67388316919          -12731.0298987113           -9766.97988685046       6414.14617
design2_rebuilt_mutated_A_79_PRO.pdb   -9046.17841560639  7371.53827  5155.19031327646          -12726.8086492068           -9758.39166532046       6413.62147
design2_rebuilt_mutated_A_62_THR.pdb   -9046.10365362315  7372.92117  5157.88223329384          -12726.125182134            -9757.45005663437       6418.07387
design2_rebuilt_mutated_A_62_ARG.pdb   -9045.9447195328   7376.91306  5160.77049459407          -12725.3030311795           -9767.9942778417        6387.75175
design2_rebuilt_mutated_A_136_GLN.pdb  -9045.78283982184  7375.80244  5159.25598329293          -12709.6270438209           -9796.38603152304       6358.9209
design2_rebuilt_mutated_A_136_ARG.pdb  -9043.88559071173  7412.91434  5169.93229997979          -12757.4028411234           -9799.79546888912       6400.4881
design2_rebuilt_mutated_A_48_PRO.pdb   -9043.0295011538   7349.85683  5154.49656608823          -12671.474928684            -9761.06989933693       6391.40669
design2_rebuilt_mutated_A_49_ASN.pdb   -9041.90081602163  7385.78788  5167.92207774313          -12721.0784886638           -9749.52221796549       6430.94058
design2_rebuilt_mutated_A_79_SER.pdb   -9041.16532754758  7357.14517  5147.6626353174           -12723.620717825            -9739.92391880934       6426.84347
design2_rebuilt_mutated_A_46_THR.pdb   -9040.43659837605  7327.37896  5138.5643095963           -12657.5058435251           -9737.95760748939       6399.13893
design2_rebuilt_mutated_A_9_ASP.pdb    -9039.93558152882  7369.65457  5155.84098710911          -12713.9902789194           -9748.47126307934       6418.06273
design2_rebuilt_mutated_A_80_THR.pdb   -9039.28689711803  7369.05728  5153.4446043469           -12718.7219502549           -9758.30086729473       6475.49619
design2_rebuilt_mutated_A_76_VAL.pdb   -9039.17735606165  7369.0371   5155.31329665777          -12715.6518708943           -9751.33758793027       6418.0528
design2_rebuilt_mutated_A_79_VAL.pdb   -9039.1127212387   7373.45097  5153.44007280068          -12729.0990669176           -9759.04620058448       6415.85717
design2_rebuilt_mutated_A_79_MET.pdb   -9039.08023729526  7371.87037  5153.68181151542          -12721.2942990082           -9749.15922125725       6414.11367
design2_rebuilt_mutated_A_35_HIS.pdb   -9039.02043184497  7390.30045  5166.51831575678          -12726.8126859259           -9729.83997226704       6414.04465
design2_rebuilt_mutated_A_76_GLU.pdb   -9038.41945702555  7388.02837  5167.4296929661           -12722.2682308479           -9760.50034419355       6469.17887
design2_rebuilt_mutated_A_9_ASN.pdb    -9038.41760033741  7370.37538  5156.58303471251          -12712.1845219359           -9746.18111563231       6418.12423
design2_rebuilt_mutated_A_62_ALA.pdb   -9038.28832138915  7370.21834  5155.37971223292          -12716.0860224668           -9749.83857909256       6415.37104
design2_rebuilt_mutated_A_126_GLU.pdb  -9037.42650492642  7349.7114   5159.88546060996          -12625.2141381851           -9761.95730327597       6383.19623
design2_rebuilt_mutated_A_104_ALA.pdb  -9037.21324967054  7370.46686  5155.56958649244          -12703.9315583339           -9743.03114124102       6416.91273
design2_rebuilt_mutated_A_132_PRO.pdb  -9036.61235776264  7372.41373  5154.46227799672          -12710.8169558945           -9734.8265513797        6420.20767
design2_rebuilt_mutated_A_79_GLU.pdb   -9035.76627047041  7373.03512  5154.71862287745          -12724.554819906            -9761.10369979032       6413.03046
design2_rebuilt_mutated_A_49_SER.pdb   -9035.02760173205  7377.10446  5160.16649956087          -12713.9702842027           -9745.51641873898       6422.25716
design2_rebuilt_mutated_A_9_ALA.pdb    -9034.45937785707  7366.20841  5153.29718460057          -12708.746986326            -9743.09270775326       6418.43945
design2_rebuilt_mutated_A_163_VAL.pdb  -9034.29294708638  7397.5862   5159.90354650436          -12745.2653118879           -9801.49402672742       6245.92647
design2_rebuilt_mutated_A_63_HIS.pdb   -9034.18726612507  7331.86419  5137.24643179642          -12688.3571273511           -9775.22774687516       6374.61019
design2_rebuilt_mutated_A_104_ASP.pdb  -9033.70927637053  7391.60024  5166.12122325942          -12740.4960424784           -9762.2117307827        6453.32008
design2_rebuilt_mutated_A_60_ASN.pdb   -9032.02729742735  7371.00617  5158.93809820938          -12700.9553777092           -9747.68583768019       6402.43557
design2_rebuilt_mutated_A_63_VAL.pdb   -9031.62699157294  7323.93968  5136.71521900636          -12647.7494869948           -9730.759714356         6366.30736
design2_rebuilt_mutated_A_49_CYS.pdb   -9031.39800869335  7382.62396  5161.48652824007          -12717.9297042771           -9743.51603675003       6427.77666
design2_rebuilt_mutated_A_62_CYS.pdb   -9031.2032461099   7370.19678  5154.78525070827          -12711.1220156629           -9742.68005666398       6415.34948
design2_rebuilt_mutated_A_88_HIS.pdb   -9029.61627848575  7401.31811  5164.51688111871          -12736.3177153654           -9743.84511815929       6450.18071
design2_rebuilt_mutated_A_80_HIS.pdb   -9029.50073944943  7397.17007  5162.51347346136          -12746.9141693655           -9825.57824964827       6446.53667
design2_rebuilt_mutated_A_123_TRP.pdb  -9029.19346906832  7388.73576  5164.0196163547           -12714.0606189725           -9758.79208976052       6473.63511
design2_rebuilt_mutated_A_75_THR.pdb   -9029.00458314913  7373.41945  5157.12980699747          -12705.8914687609           -9739.79050506391       6418.57215
design2_rebuilt_mutated_A_46_ASN.pdb   -9029.00161247763  7327.6759   5136.62995627363          -12648.9027624599           -9722.86793547275       6396.92181
design2_rebuilt_mutated_A_123_ASN.pdb  -9028.54982417027  7367.17256  5154.67305060963          -12686.4060232795           -9727.98577286548       6432.16828
design2_rebuilt_mutated_A_132_ARG.pdb  -9028.2628895172   7374.71241  5153.80602015481          -12726.0271804692           -9781.34386630024       6425.13566
design2_rebuilt_mutated_A_136_LYS.pdb  -9028.20086678125  7406.5124   5163.32834285573          -12755.5309173927           -9789.55018988807       6401.58011
design2_rebuilt_mutated_A_79_GLY.pdb   -9027.83004536575  7357.14517  5146.06678078729          -12713.632446703            -9730.20335134301       6426.84347
design2_rebuilt_mutated_A_163_LEU.pdb  -9027.507509642    7423.80845  5170.16917322729          -12763.3338543132           -9818.19759300235       6410.31131
design2_rebuilt_mutated_A_164_ASN.pdb  -9027.30500035508  7376.36057  5154.37485118342          -12718.974726613            -9753.5009591796        6419.39407
design2_rebuilt_mutated_A_48_GLN.pdb   -9027.03731460931  7375.42711  5156.03619352345          -12710.0999499601           -9742.77039537417       6420.39071
design2_rebuilt_mutated_A_80_VAL.pdb   -9026.58108824208  7369.31938  5151.63301087275          -12710.5758076554           -9740.10206374692       6418.44928
design2_rebuilt_mutated_A_49_VAL.pdb   -9026.36475070542  7386.18785  5164.51465562221          -12712.0992729135           -9741.24925050609       6431.34055
design2_rebuilt_mutated_A_127_LYS.pdb  -9025.83545677064  7391.49745  5160.10156996617          -12733.5629428302           -9754.40505158075       6424.18539
design2_rebuilt_mutated_A_132_TYR.pdb  -9025.14261255552  7374.58574  5153.24963977733          -12709.6925564617           -9729.56812783946       6420.20767
design2_rebuilt_mutated_A_104_GLU.pdb  -9024.68327817385  7409.14201  5172.3868423475           -12735.0559316838           -9737.46057271487       6466.87071
design2_rebuilt_mutated_A_79_ILE.pdb   -9024.6390385225   7373.41987  5151.00065772537          -12719.7399541271           -9743.59036704227       6415.82607
design2_rebuilt_mutated_A_80_ILE.pdb   -9024.59723009617  7371.04425  5152.44343768885          -12709.8501403551           -9736.78492512693       6415.93915
design2_rebuilt_mutated_A_132_GLY.pdb  -9024.45396359918  7372.41373  5152.29133558736          -12707.9922471346           -9729.40185651072       6420.20767
design2_rebuilt_mutated_A_164_SER.pdb  -9024.43467144746  7367.91087  5148.45009850464          -12720.8260171474           -9762.72534369471       6434.41297
design2_rebuilt_mutated_A_45_CYS.pdb   -9024.12721750991  7335.73068  5134.94432702953          -12662.9782643354           -9707.37444643326       6437.48843
design2_rebuilt_mutated_A_45_ASN.pdb   -9023.99218996578  7339.19109  5135.68735770211          -12667.7875311683           -9705.10839083849       6440.94884
design2_rebuilt_mutated_A_90_GLU.pdb   -9023.59767490988  7372.16293  5160.11151789887          -12688.4773046839           -9683.97189958756       6442.04406
design2_rebuilt_mutated_A_75_LYS.pdb   -9023.43301565013  7396.61801  5171.27013163694          -12719.9171021747           -9741.15330099322       6437.29775
design2_rebuilt_mutated_A_77_GLY.pdb   -9022.46270881848  7321.55031  5132.83531020168          -12652.1494558435           -9736.1394131431        6367.02782
design2_rebuilt_mutated_A_79_CYS.pdb   -9021.83887242716  7371.87037  5149.96589506971          -12716.1393154811           -9743.56805286891       6414.11367
design2_rebuilt_mutated_A_62_VAL.pdb   -9021.16105137917  7374.63119  5155.04134893859          -12710.7022715062           -9732.60252469501       6419.78389
design2_rebuilt_mutated_A_164_THR.pdb  -9020.88204195888  7371.06297  5149.8412840603           -12717.4066400965           -9755.83165208596       6434.74407
design2_rebuilt_mutated_A_102_PHE.pdb  -9020.82080513798  7393.21937  5164.47251089719          -12712.5244568244           -9749.89065719842       6429.22299
design2_rebuilt_mutated_A_9_LYS.pdb    -9020.7077934445   7388.4807   5159.25768033467          -12731.6360905378           -9747.47661912485       6439.97959
design2_rebuilt_mutated_A_100_GLN.pdb  -9020.58610123353  7388.02872  5162.88292541161          -12728.7467222948           -9738.10021657992       6434.26114
design2_rebuilt_mutated_A_132_ASN.pdb  -9018.50438507038  7372.41373  5151.33153801304          -12698.0891886875           -9715.58567100117       6420.20767
design2_rebuilt_mutated_A_62_PHE.pdb   -9018.34977632666  7418.55519  5175.3324911417           -12755.9261895656           -9804.07352232878       6416.0112
design2_rebuilt_mutated_A_132_TRP.pdb  -9017.96113903859  7390.83978  5155.16884970181          -12754.097263684            -9742.50445518445       6432.29678
design2_rebuilt_mutated_A_9_SER.pdb    -9017.77258755982  7366.28237  5150.4035959308           -12697.013678882            -9728.98760096147       6418.00264
design2_rebuilt_mutated_A_62_ILE.pdb   -9017.21156514448  7374.9216   5154.49227525956          -12709.9515331347           -9728.55610883714       6420.0743
design2_rebuilt_mutated_A_64_ARG.pdb   -9016.29192553918  7417.17951  5172.80888406305          -12732.1061598927           -9698.98484362816       6428.46342
design2_rebuilt_mutated_A_46_GLY.pdb   -9016.21197339024  7317.65493  5128.54082456083          -12632.1962104847           -9708.50509386761       6392.5542
design2_rebuilt_mutated_A_129_LEU.pdb  -9016.02093453802  7377.70187  5153.73299504635          -12724.9663804969           -9753.9880747157        6418.23704
design2_rebuilt_mutated_A_129_PRO.pdb  -9015.0794846942   7366.49558  5147.2711721396           -12699.6871920303           -9737.50188302552       6409.47965
design2_rebuilt_mutated_A_49_GLN.pdb   -9014.81974566844  7393.27533  5168.10840527351          -12707.374766824            -9723.96094502606       6438.42803
design2_rebuilt_mutated_A_9_LEU.pdb    -9014.37783044856  7372.943    5155.76017570115          -12694.384188077            -9720.00187439316       6429.8474
design2_rebuilt_mutated_A_163_ILE.pdb  -9014.22398043821  7415.18205  5164.47732764955          -12751.7177251097           -9808.56203632139       6246.60326
design2_rebuilt_mutated_A_134_GLN.pdb  -9014.02149565098  7375.7863   5155.00294835944          -12699.4968646457           -9720.51235794037       6423.05713
design2_rebuilt_mutated_A_126_TRP.pdb  -9013.92235836279  7381.66008  5150.05268416556          -12712.6877476189           -9765.44075636901       6369.45024
design2_rebuilt_mutated_A_78_ARG.pdb   -9013.60355745801  7399.20512  5168.93538374748          -12716.1650237915           -9759.23563590782       6466.40777
design2_rebuilt_mutated_A_86_THR.pdb   -9013.48124606078  7356.28233  5143.57903123692          -12688.3897468251           -9710.73907009337       6406.05078
design2_rebuilt_mutated_A_132_HIS.pdb  -9013.12430566428  7372.41373  5150.65482785905          -12694.7871239063           -9712.0633083531        6420.20767
design2_rebuilt_mutated_A_164_ALA.pdb  -9012.55678639878  7367.51227  5146.36968365972          -12710.7289495541           -9746.26291478453       6433.98647
design2_rebuilt_mutated_A_45_HIS.pdb   -9012.07278423489  7384.81183  5157.28085186806          -12702.0115503364           -9752.37782687575       6480.30176
design2_rebuilt_mutated_A_76_SER.pdb   -9011.83032070888  7362.72124  5149.07814393373          -12688.8526612479           -9711.93031562212       6405.61164
design2_rebuilt_mutated_A_132_PHE.pdb  -9011.68787819376  7374.53922  5151.47827460996          -12700.1773947771           -9718.43896604009       6420.20767
design2_rebuilt_mutated_A_80_CYS.pdb   -9011.56725497448  7355.96598  5142.44676807591          -12700.2546953501           -9705.29580839549       6430.64927
design2_rebuilt_mutated_A_84_PHE.pdb   -9010.71665556999  7365.01961  5150.39179922287          -12674.4558905021           -9711.75152940588       6433.91127
design2_rebuilt_mutated_A_80_TYR.pdb   -9010.54148523171  7421.11774  5170.84184815909          -12764.2466259026           -9827.17075892112       6452.80489
design2_rebuilt_mutated_A_80_GLN.pdb   -9010.49990424259  7387.56496  5157.9600677857           -12727.424984188            -9749.01061780058       6419.44476
design2_rebuilt_mutated_A_46_GLU.pdb   -9010.18231053635  7349.47285  5142.38742620158          -12671.3680165676           -9735.31972376423       6404.81415
design2_rebuilt_mutated_A_75_HIS.pdb   -9009.82776896941  7378.36355  5161.62677515349          -12684.1016570541           -9717.43603081184       6423.51625
design2_rebuilt_mutated_A_123_PRO.pdb  -9008.33457586591  7348.17158  5145.16973363047          -12667.6702118829           -9716.28071580989       6428.2869
design2_rebuilt_mutated_A_78_ILE.pdb   -9008.33342289055  7353.00025  5138.61814258829          -12702.6261970428           -9717.76039360273       6428.16955
design2_rebuilt_mutated_A_86_LYS.pdb   -9006.87712584903  7382.21516  5161.77849482414          -12675.7863145362           -9697.66238338918       6451.31748
design2_rebuilt_mutated_A_35_ASP.pdb   -9006.55258309564  7384.97597  5160.08564996463          -12696.3890456201           -9718.51184610613       6429.69137
design2_rebuilt_mutated_A_80_LEU.pdb   -9005.22989252835  7377.33039  5152.59179156853          -12730.1326920996           -9775.14838714451       6468.56786
design2_rebuilt_mutated_A_127_TRP.pdb  -9004.72145491352  7402.367    5158.69647495814          -12731.264548135            -9798.76652316965       6350.79498
design2_rebuilt_mutated_A_84_HIS.pdb   -9004.59893746156  7360.91138  5147.3090754435           -12666.5813393611           -9711.48035428918       6429.64304
design2_rebuilt_mutated_A_35_MET.pdb   -9004.11869977795  7388.02794  5160.95612186286          -12686.1153790888           -9703.99233588766       6461.68554
design2_rebuilt_mutated_A_50_ASP.pdb   -9003.73329026178  7337.84491  5142.51453085603          -12624.3640326921           -9727.51025334196       6381.03155
design2_rebuilt_mutated_A_132_LEU.pdb  -9003.50833821763  7376.43006  5151.4883654777           -12704.0672601101           -9723.96911158059       6420.20767
design2_rebuilt_mutated_A_48_MET.pdb   -9002.96509474712  7376.04744  5155.82998556237          -12676.8031486645           -9709.01018024734       6438.32163
design2_rebuilt_mutated_A_75_MET.pdb   -9002.92926036747  7393.42851  5168.68349398942          -12695.7686152843           -9722.37958020517       6435.45527
design2_rebuilt_mutated_A_164_GLU.pdb  -9002.65719770618  7375.59897  5148.3315266796           -12711.3855367185           -9750.31659775954       6420.59107
design2_rebuilt_mutated_A_71_ASP.pdb   -9001.59874801273  7356.55166  5141.43938400722          -12683.5067996105           -9695.52302252626       6385.08266
design2_rebuilt_mutated_A_77_ASN.pdb   -9001.35841533341  7359.1229   5140.8112167618           -12686.5045356843           -9708.29271446669       6404.7541
design2_rebuilt_mutated_A_9_ARG.pdb    -9000.41863280404  7400.31208  5162.39598845947          -12724.7260030137           -9732.02693964036       6433.90887
design2_rebuilt_mutated_A_46_CYS.pdb   -8999.92914324768  7328.6973   5132.3795098313           -12633.6751507833           -9686.39199051159       6406.85562
design2_rebuilt_mutated_A_86_GLU.pdb   -8998.94838290688  7373.11573  5155.11723728875          -12680.1981627885           -9704.38226972911       6420.52208
design2_rebuilt_mutated_A_132_ALA.pdb  -8998.59347717769  7372.41373  5148.33752812566          -12690.4371882174           -9705.73796280233       6420.20767
design2_rebuilt_mutated_A_163_SER.pdb  -8997.54361555982  7366.36806  5141.34034018484          -12701.7192874101           -9742.00596431027       6408.60606
design2_rebuilt_mutated_A_84_ASN.pdb   -8996.61815699507  7361.99848  5147.17751459753          -12674.7161136962           -9717.73842171801       6426.67428
design2_rebuilt_mutated_A_104_LEU.pdb  -8996.48009803003  7411.86531  5173.39496250569          -12687.543766187            -9795.98655026813       6294.70016
design2_rebuilt_mutated_A_76_PRO.pdb   -8995.83019583674  7364.2715   5145.32452752355          -12681.2397526204           -9716.01145083624       6407.9584
design2_rebuilt_mutated_A_64_SER.pdb   -8995.60526595776  7365.12204  5144.26118520633          -12694.1396188594           -9689.26211775175       6409.012
design2_rebuilt_mutated_A_88_THR.pdb   -8995.10110704916  7375.55534  5154.92670926345          -12679.260636264            -9710.65014185993       6420.70804
design2_rebuilt_mutated_A_132_THR.pdb  -8994.94364389299  7372.41373  5147.47908234406          -12684.0725503394           -9696.85218420612       6420.20767
design2_rebuilt_mutated_A_45_ASP.pdb   -8994.8799611537   7336.35744  5128.70372432827          -12648.7778178412           -9676.21785007742       6438.11519
design2_rebuilt_mutated_A_102_THR.pdb  -8994.69994108666  7367.06613  5150.88203613852          -12676.0426203148           -9724.73960623898       6401.07298
design2_rebuilt_mutated_A_163_PRO.pdb  -8994.52091549405  7350.17125  5132.26888150744          -12682.5423845079           -9783.22584189493       6343.5454
design2_rebuilt_mutated_A_80_MET.pdb   -8994.49691058591  7365.94843  5145.90802007517          -12704.3466332224           -9694.51264033946       6430.4878
design2_rebuilt_mutated_A_45_LYS.pdb   -8994.38283002989  7366.50631  5144.26743757804          -12688.5980345205           -9723.4005537675        6442.45126
design2_rebuilt_mutated_A_80_LYS.pdb   -8993.56702183901  7394.33933  5157.55185992494          -12723.7410361886           -9744.10189244124       6419.66533
design2_rebuilt_mutated_A_90_PHE.pdb   -8993.30551964972  7396.13768  5169.01134332048          -12696.7099752816           -9660.44638614242       6470.41435
design2_rebuilt_mutated_A_62_LEU.pdb   -8993.12599414957  7377.8961   5152.0694251176           -12704.1856600164           -9727.19618629984       6415.34948
design2_rebuilt_mutated_A_64_ALA.pdb   -8992.36369882355  7363.45525  5142.6565704253           -12687.2944453199           -9686.13747257307       6407.96752
design2_rebuilt_mutated_A_127_SER.pdb  -8992.064056988    7360.60328  5142.11401839069          -12685.7759895973           -9738.13830370319       6388.08214
design2_rebuilt_mutated_A_77_PRO.pdb   -8991.90879858581  7343.23419  5136.66104117238          -12654.8729966693           -9696.43556439711       6396.34985
design2_rebuilt_mutated_A_45_GLN.pdb   -8991.77463707936  7350.65428  5137.40360193834          -12660.9839890808           -9696.46853438672       6441.87263
design2_rebuilt_mutated_A_71_THR.pdb   -8990.80536350961  7376.98467  5154.84927454665          -12683.5019229628           -9707.9935765979        6422.13737
design2_rebuilt_mutated_A_46_VAL.pdb   -8990.04613963247  7327.15495  5131.20628471504          -12619.3713713597           -9685.71579290485       6399.04984
design2_rebuilt_mutated_A_46_HIS.pdb   -8990.02463589303  7333.16236  5134.4950312239           -12629.6863845277           -9698.94896967869       6395.67591
design2_rebuilt_mutated_A_132_ASP.pdb  -8989.7200078261   7372.41373  5146.60215462776          -12680.990416304            -9692.14553133352       6420.20767
design2_rebuilt_mutated_A_84_ARG.pdb   -8989.44171373583  7432.24784  5181.4475559748           -12733.801504527            -9814.87540240646       6389.28681
design2_rebuilt_mutated_A_76_ASP.pdb   -8988.36179930476  7374.42456  5148.47016604381          -12685.0859341293           -9717.57553660609       6419.13896
design2_rebuilt_mutated_A_127_HIS.pdb  -8987.2073988007   7383.40749  5150.93085520301          -12681.3294485443           -9766.12091994173       6348.49325
design2_rebuilt_mutated_A_132_ILE.pdb  -8986.22838336564  7381.34198  5150.67181216324          -12696.3159379181           -9714.44446010136       6419.22897
design2_rebuilt_mutated_A_127_VAL.pdb  -8985.53547163036  7360.76117  5141.94227608917          -12666.445128052            -9700.6311371535        6403.99181
design2_rebuilt_mutated_A_129_TYR.pdb  -8985.19815010845  7394.18913  5150.59849470754          -12718.6271327937           -9738.16670750523       6414.35904
design2_rebuilt_mutated_A_35_VAL.pdb   -8985.1238894957   7380.70794  5151.53212398603          -12690.3999260967           -9704.95234158753       6424.82144
design2_rebuilt_mutated_A_49_MET.pdb   -8984.98395412192  7402.17987  5170.14354473607          -12687.090291333            -9698.61926315821       6447.33257
design2_rebuilt_mutated_A_127_THR.pdb  -8984.93232438525  7361.28559  5143.55474889139          -12660.4967788811           -9699.43811323555       6404.51623
design2_rebuilt_mutated_A_127_CYS.pdb  -8984.46636225508  7354.58999  5140.64186461303          -12656.8654120474           -9701.41632829662       6391.11937
design2_rebuilt_mutated_A_60_ASP.pdb   -8984.27846398765  7342.0966   5134.97426331618          -12646.4745132952           -9678.3802486594        6379.364
design2_rebuilt_mutated_A_60_GLN.pdb   -8983.94490959811  7355.75181  5137.42860669477          -12672.6959915515           -9688.03438113345       6382.33231
design2_rebuilt_mutated_A_35_ALA.pdb   -8983.15703511432  7360.23083  5143.12758445941          -12658.7127479783           -9665.8874935389        6421.16369
design2_rebuilt_mutated_A_129_PHE.pdb  -8982.40494804891  7386.16604  5147.39818599192          -12710.6796430124           -9729.27204709104       6414.36993
design2_rebuilt_mutated_A_76_ALA.pdb   -8982.18418853871  7355.35972  5139.24902408209          -12665.0779989481           -9697.91250036082       6393.06784
design2_rebuilt_mutated_A_46_ILE.pdb   -8981.75534614445  7334.80831  5133.66693146454          -12626.7835845237           -9691.74832732124       6400.44532
design2_rebuilt_mutated_A_77_ALA.pdb   -8981.74837004484  7332.98156  5131.13323249877          -12635.1277077236           -9700.61114871225       6369.87506
design2_rebuilt_mutated_A_35_GLN.pdb   -8981.16795731341  7405.97522  5164.29668892477          -12694.4810146777           -9678.24192124047       6491.2914
design2_rebuilt_mutated_A_64_ASP.pdb   -8980.11404137621  7376.22123  5146.64120280997          -12691.6894979084           -9692.29041380017       6379.33202
design2_rebuilt_mutated_A_45_SER.pdb   -8979.05456402631  7326.91125  5122.07348998775          -12631.4122477627           -9664.12931889877       6428.669
design2_rebuilt_mutated_A_132_GLN.pdb  -8978.214008767    7379.80409  5149.21309857688          -12683.7660183469           -9692.42946061527       6421.86515
design2_rebuilt_mutated_A_126_PHE.pdb  -8977.93960708922  7361.49316  5138.74862730754          -12678.2918654763           -9694.17582899291       6406.64586
design2_rebuilt_mutated_A_62_GLN.pdb   -8977.4387488965   7384.6172   5152.76966648042          -12713.6865001772           -9736.850806534         6415.34948
design2_rebuilt_mutated_A_100_VAL.pdb  -8976.28800830412  7379.4349   5142.82828968648          -12706.8040950159           -9689.26130622578       6426.01274
design2_rebuilt_mutated_A_50_TRP.pdb   -8975.51699053809  7373.08693  5165.59917725283          -12594.2627550457           -9656.24847147832       6453.01024
design2_rebuilt_mutated_A_127_ALA.pdb  -8975.14144481132  7359.3935   5137.57224462746          -12677.1111887865           -9724.91231656416       6386.87236
design2_rebuilt_mutated_A_79_GLN.pdb   -8975.0413637023   7358.70662  5139.72772817798          -12680.5462215234           -9685.00993527503       6425.36291
design2_rebuilt_mutated_A_84_LEU.pdb   -8974.23507642519  7369.06079  5147.12045106226          -12665.3766706003           -9687.58862132273       6433.73659
design2_rebuilt_mutated_A_126_GLN.pdb  -8973.61123479006  7372.79853  5152.38358467704          -12654.7773642026           -9686.25151921223       6417.95123
design2_rebuilt_mutated_A_132_SER.pdb  -8973.18688946091  7372.41373  5144.36811877045          -12670.5165169503           -9680.2392904153        6420.20767
design2_rebuilt_mutated_A_49_ILE.pdb   -8972.4363999888   7398.17657  5162.98809838847          -12680.400813029            -9688.35579940511       6443.32927
design2_rebuilt_mutated_A_80_ARG.pdb   -8971.3117631397   7399.67356  5156.22846246329          -12716.1365916149           -9739.43653579164       6419.71056
design2_rebuilt_mutated_A_45_GLU.pdb   -8971.18350335251  7350.24573  5132.72183814932          -12653.0997954302           -9673.81006946493       6441.70728
design2_rebuilt_mutated_A_48_GLY.pdb   -8970.78475545755  7346.22515  5136.53365810965          -12631.6086512817           -9716.48317501987       6359.99654
design2_rebuilt_mutated_A_35_GLU.pdb   -8970.7018834124   7401.2447   5157.15224870684          -12699.5723853639           -9664.24403157524       6487.7904
design2_rebuilt_mutated_A_76_CYS.pdb   -8970.41109012042  7371.54267  5145.62945151008          -12667.1651415185           -9694.76992927507       6415.30517
design2_rebuilt_mutated_A_62_GLU.pdb   -8970.3000111443   7359.04122  5135.79009781711          -12673.1089377939           -9665.61025134482       6387.57222
design2_rebuilt_mutated_A_125_ASP.pdb  -8970.20116813484  7383.72664  5152.2607470925           -12652.5768768761           -9738.88465266703       6352.45838
design2_rebuilt_mutated_A_45_TRP.pdb   -8970.19371750564  7374.61784  5148.10974595689          -12651.0726496607           -9653.4767943053        6463.4885
design2_rebuilt_mutated_A_50_GLN.pdb   -8969.54731522782  7377.18352  5147.06749568151          -12677.7781108135           -9695.28778419605       6424.84862
design2_rebuilt_mutated_A_126_PRO.pdb  -8968.6145108236   7347.55118  5134.56403549201          -12636.8054428553           -9676.87409131395       6392.70388
design2_rebuilt_mutated_A_45_ALA.pdb   -8967.92292236459  7325.90149  5120.56481505738          -12620.8849486321           -9653.89985169963       6427.65924
design2_rebuilt_mutated_A_74_HIS.pdb   -8967.86015483173  7365.86762  5143.94400017127          -12653.6045810482           -9686.93791296669       6410.93002
design2_rebuilt_mutated_A_63_ILE.pdb   -8967.49383115892  7327.16616  5125.63609160672          -12616.5838269044           -9671.23066499659       6369.57514
design2_rebuilt_mutated_A_64_ASN.pdb   -8967.27278166823  7378.34234  5145.94795446209          -12691.3515586306           -9691.47631001418       6379.33202
design2_rebuilt_mutated_A_63_PHE.pdb   -8967.00267802177  7337.0882   5131.78737609924          -12635.5235920445           -9701.3286952066        6379.8342
design2_rebuilt_mutated_A_84_GLN.pdb   -8966.95744518319  7377.00103  5151.12374989581          -12663.1130029315           -9691.58917840955       6440.57325
design2_rebuilt_mutated_A_78_ASN.pdb   -8966.82833158335  7367.6743   5144.83478412924          -12659.7691471882           -9690.38615596487       6415.4871
design2_rebuilt_mutated_A_102_HIS.pdb  -8966.44465269699  7385.77213  5155.47998404544          -12659.8587060627           -9694.97266713025       6421.77575
design2_rebuilt_mutated_A_9_GLY.pdb    -8966.03108670871  7361.34238  5142.13048586246          -12648.9185278812           -9671.27813514531       6418.24678
design2_rebuilt_mutated_A_35_ILE.pdb   -8965.9572460186   7397.75256  5158.11606477817          -12687.9056383308           -9689.71500896025       6454.65696
design2_rebuilt_mutated_A_136_CYS.pdb  -8965.87465420063  7370.23799  5141.5998538826           -12657.0381750462           -9730.9698638555        6353.17165
design2_rebuilt_mutated_A_136_ALA.pdb  -8965.1317275884   7360.48731  5138.44765307607          -12644.2461346117           -9730.43997697903       6344.80007
design2_rebuilt_mutated_A_136_SER.pdb  -8964.95682023734  7364.88965  5140.33684030551          -12647.2673444651           -9730.3825911248        6344.69276
design2_rebuilt_mutated_A_64_HIS.pdb   -8963.74757462949  7377.86501  5143.29998082317          -12691.7302566544           -9677.06319516775       6407.92122
design2_rebuilt_mutated_A_134_LYS.pdb  -8963.70282996284  7403.71927  5157.25265583707          -12700.8843159798           -9690.14306204993       6438.46896
design2_rebuilt_mutated_A_126_ASP.pdb  -8963.21576066849  7359.40112  5141.92741368301          -12637.4815634126           -9671.48262969904       6404.55382
design2_rebuilt_mutated_A_84_THR.pdb   -8963.10766641076  7359.5615   5136.9063496406           -12657.7674627509           -9673.30953264496       6424.2373
design2_rebuilt_mutated_A_48_CYS.pdb   -8962.76799952855  7354.63427  5139.49517212008          -12636.496005847            -9701.20606022484       6396.23253
design2_rebuilt_mutated_A_80_PHE.pdb   -8962.56166255919  7416.88789  5161.66628537561          -12727.0073162859           -9733.83278449719       6484.49401
design2_rebuilt_mutated_A_163_ALA.pdb  -8962.31666984426  7362.85492  5133.50723239935          -12676.682331459            -9715.58071750384       6404.23727
design2_rebuilt_mutated_A_86_VAL.pdb   -8962.17270968776  7356.46154  5135.44473729925          -12649.8144185984           -9673.81036071267       6408.53369
design2_rebuilt_mutated_A_75_GLN.pdb   -8960.2534516695   7388.17836  5159.25534232172          -12652.3376941994           -9667.85475299453       6433.33106
design2_rebuilt_mutated_A_102_GLU.pdb  -8959.83070599042  7382.51408  5158.64105730927          -12646.9041258361           -9679.15598956008       6426.01016
design2_rebuilt_mutated_A_70_PHE.pdb   -8959.54791300307  7306.39535  5119.91062072125          -12556.7406226491           -9590.86931994955       6377.81206
design2_rebuilt_mutated_A_62_ASN.pdb   -8958.95003204379  7349.13703  5129.8870154535           -12655.146159103            -9655.44444067517       6377.66803
design2_rebuilt_mutated_A_132_CYS.pdb  -8958.83476882276  7372.41373  5142.24198772528          -12658.1375108029           -9663.41933159251       6420.20767
design2_rebuilt_mutated_A_49_ASP.pdb   -8958.71389362464  7385.82637  5159.92780013798          -12649.8190697944           -9670.86828016191       6430.97907
design2_rebuilt_mutated_A_45_GLY.pdb   -8958.40541034121  7314.37373  5115.89193138707          -12600.3489561216           -9641.75071244958       6416.13148
design2_rebuilt_mutated_A_71_VAL.pdb   -8958.31084664419  7380.13744  5150.31023559721          -12670.0654171044           -9676.2045509414        6425.29014
design2_rebuilt_mutated_A_126_TYR.pdb  -8957.59762261621  7365.92914  5142.31377451769          -12656.9464716964           -9669.59426641086       6411.08184
design2_rebuilt_mutated_A_75_CYS.pdb   -8957.18227081006  7371.38481  5145.94321832165          -12652.4229745516           -9671.32892582619       6416.53751
design2_rebuilt_mutated_A_46_LEU.pdb   -8957.04264558898  7349.44321  5136.70117089929          -12629.7715658093           -9685.32609551732       6404.26775
design2_rebuilt_mutated_A_62_ASP.pdb   -8956.98722257708  7349.13703  5129.44238511003          -12654.2308889719           -9653.16079095315       6377.66803
design2_rebuilt_mutated_A_126_VAL.pdb  -8956.55421250276  7359.88213  5134.87203011423          -12649.0155367575           -9668.80050925487       6405.03483
design2_rebuilt_mutated_A_163_GLU.pdb  -8955.94738296344  7393.20361  5148.32974960725          -12704.053136852            -9708.86106371112       6452.98566
design2_rebuilt_mutated_A_46_MET.pdb   -8955.33204899637  7368.94714  5143.51417164953          -12656.2192921982           -9674.80932051831       6419.86264
design2_rebuilt_mutated_A_70_HIS.pdb   -8955.32087798078  7305.31271  5117.5246906286           -12556.3530413027           -9600.18083356196       6358.60522
design2_rebuilt_mutated_A_35_LYS.pdb   -8954.6150071238   7428.53458  5165.57553553447          -12723.3965886511           -9673.44337209715       6499.10438
design2_rebuilt_mutated_A_64_GLN.pdb   -8954.56878853566  7395.65512  5150.28022833346          -12700.2912492723           -9678.58375986907       6410.86772
design2_rebuilt_mutated_A_62_SER.pdb   -8954.19168088186  7351.6264   5130.02832561844          -12654.5346182507           -9650.37945577671       6380.1574
design2_rebuilt_mutated_A_63_ALA.pdb   -8953.33036109203  7301.00561  5108.88789167147          -12599.2256983065           -9749.2122737665        6108.23919
design2_rebuilt_mutated_A_132_MET.pdb  -8952.97037884225  7388.44933  5146.79510356132          -12680.6536054876           -9678.69086589392       6423.81667
design2_rebuilt_mutated_A_84_VAL.pdb   -8952.81010884076  7362.90224  5137.46508296925          -12652.6584806302           -9666.67452959119       6427.57804
design2_rebuilt_mutated_A_164_VAL.pdb  -8952.64801815556  7366.63533  5134.99516843639          -12677.1825084044           -9710.97760436107       6417.75243
design2_rebuilt_mutated_A_136_LEU.pdb  -8952.49393515242  7348.90277  5138.03774784537          -12624.6732271266           -9625.85211632566       6338.77135
design2_rebuilt_mutated_A_48_ARG.pdb   -8951.78844605449  7399.30642  5160.02696728966          -12654.8338273795           -9657.17379608142       6461.58061
design2_rebuilt_mutated_A_35_LEU.pdb   -8951.75280706451  7402.3907   5158.14972609322          -12685.0243415506           -9692.48611832364       6444.659
design2_rebuilt_mutated_A_164_GLN.pdb  -8951.27505326316  7377.33747  5139.78652676397          -12686.750897485            -9722.60813599871       6420.83437
design2_rebuilt_mutated_A_164_PHE.pdb  -8951.26175045535  7381.35073  5141.84960564945          -12684.5137510704           -9716.17226885944       6415.93053
design2_rebuilt_mutated_A_31_LEU.pdb   -8951.23427857142  7363.99335  5143.29803473153          -12636.840364366            -9672.03420594411       6399.14396
design2_rebuilt_mutated_A_35_PRO.pdb   -8949.57121109571  7360.95687  5142.06001370074          -12625.1340429318           -9628.10597831725       6423.06016
design2_rebuilt_mutated_A_63_CYS.pdb   -8949.11818356574  7309.68146  5114.60379023815          -12587.2709156042           -9673.26952074624       6347.18401
design2_rebuilt_mutated_A_70_TRP.pdb   -8948.08735456241  7313.70726  5120.12110260854          -12564.3986779745           -9570.1622166254        6388.02895
design2_rebuilt_mutated_A_134_ASN.pdb  -8948.06404505977  7340.52411  5132.0578818872           -12617.5667140375           -9648.32781724255       6405.24636
design2_rebuilt_mutated_A_35_SER.pdb   -8948.04230593121  7366.84111  5140.59008489287          -12639.5143684478           -9635.17402589864       6435.97411
design2_rebuilt_mutated_A_50_THR.pdb   -8947.65627803026  7332.97475  5121.01494698505          -12617.5451041949           -9671.39056907004       6378.12745
design2_rebuilt_mutated_A_164_TYR.pdb  -8947.63255866929  7382.35163  5141.59675397414          -12684.3213771332           -9715.93578794715       6415.92813
design2_rebuilt_mutated_A_75_TRP.pdb   -8947.5282040808   7384.19871  5152.44397206049          -12655.4107325618           -9652.67321429901       6401.07241
design2_rebuilt_mutated_A_134_LEU.pdb  -8947.33288112527  7382.66378  5149.39601785244          -12636.1174979714           -9684.84908867813       6344.51311
design2_rebuilt_mutated_A_64_CYS.pdb   -8946.97184553746  7370.88961  5139.05769668955          -12677.3555895479           -9666.05283651909       6379.33202
design2_rebuilt_mutated_A_136_GLU.pdb  -8946.23633960657  7391.58157  5149.47918368038          -12673.030487585            -9743.94497628171       6368.81382
design2_rebuilt_mutated_A_78_GLU.pdb   -8946.16596365968  7374.58835  5145.9974955945           -12647.1225736525           -9674.88296215779       6425.48955
design2_rebuilt_mutated_A_126_CYS.pdb  -8945.19451988208  7356.31508  5130.67948809266          -12640.7343503889           -9656.6393413685        6401.46778
design2_rebuilt_mutated_A_48_LEU.pdb   -8944.74367184816  7374.3017   5145.56240282015          -12635.8770297816           -9661.04631334356       6434.09161
design2_rebuilt_mutated_A_78_HIS.pdb   -8943.95124193476  7371.53738  5145.8477702829           -12643.3543405078           -9679.79640272778       6437.51808
design2_rebuilt_mutated_A_78_ASP.pdb   -8943.79579353826  7365.01828  5140.76593198293          -12638.1976625886           -9669.75375424          6413.05378
design2_rebuilt_mutated_A_31_GLU.pdb   -8943.62368884515  7359.5235   5140.73511165515          -12622.9842246209           -9662.1117057047        6394.67411
design2_rebuilt_mutated_A_164_HIS.pdb  -8943.519428592    7375.00773  5137.18265928169          -12676.250898459            -9708.39140612012       6416.76663
design2_rebuilt_mutated_A_88_LEU.pdb   -8943.51295008526  7390.39978  5156.17363427676          -12648.2786785077           -9664.65549970712       6435.55248
design2_rebuilt_mutated_A_63_GLN.pdb   -8942.87008460054  7341.85007  5128.83236595298          -12621.8125050248           -9667.25134027002       6184.45415
design2_rebuilt_mutated_A_44_GLN.pdb   -8942.37577816598  7382.50341  5150.40225453465          -12640.0010013187           -9661.54836330774       6427.65611
design2_rebuilt_mutated_A_134_THR.pdb  -8941.53612794414  7335.15234  5126.12738041846          -12615.7555989464           -9657.73656120765       6392.79323
design2_rebuilt_mutated_A_134_TYR.pdb  -8941.17407296024  7384.71267  5152.14947427655          -12618.135253673            -9693.8052756265        6363.38806
design2_rebuilt_mutated_A_48_LYS.pdb   -8940.9194727024   7381.90166  5146.46749946134          -12656.5099651641           -9648.6847297687        6444.17585
design2_rebuilt_mutated_A_75_ASP.pdb   -8940.7871077518   7374.29772  5146.63741589773          -12633.6121061239           -9652.06728608544       6419.45042
design2_rebuilt_mutated_A_127_TYR.pdb  -8940.22579609145  7356.17719  5138.1093315919           -12618.2746055801           -9693.89749075419       6407.80011
design2_rebuilt_mutated_A_48_VAL.pdb   -8940.07480562686  7359.52327  5136.57014096104          -12636.9007524395           -9682.11294454883       6403.49523
design2_rebuilt_mutated_A_104_GLY.pdb  -8939.88673810715  7350.03911  5132.34424006412          -12608.6042536615           -9656.47230219822       6384.68864
design2_rebuilt_mutated_A_62_GLY.pdb   -8939.66428870573  7348.97108  5126.18231734599          -12642.7795132606           -9635.95530984397       6377.50208
design2_rebuilt_mutated_A_60_THR.pdb   -8939.33184287933  7364.86151  5141.57305152006          -12634.6137136549           -9671.75949239506       6400.70182
design2_rebuilt_mutated_A_63_GLU.pdb   -8938.37660479605  7340.49926  5128.98578413406          -12613.8342774086           -9650.91194158515       6183.27874
design2_rebuilt_mutated_A_126_ILE.pdb  -8938.04737521625  7366.62806  5138.3332072152           -12641.908666056            -9657.007319969         6411.78076
design2_rebuilt_mutated_A_136_GLY.pdb  -8937.79395480821  7347.39157  5126.23283467678          -12613.220430539            -9695.21447373176       6334.49124
design2_rebuilt_mutated_A_100_ILE.pdb  -8937.61287498811  7389.14911  5145.16125471305          -12668.2339926947           -9642.2549347615        6437.82331
design2_rebuilt_mutated_A_44_VAL.pdb   -8936.80766360415  7368.33354  5136.1584211579           -12644.0774026654           -9662.29698597628       6413.48624
design2_rebuilt_mutated_A_100_LEU.pdb  -8936.67882964759  7405.75574  5159.39722235569          -12699.7121447645           -9638.91546826642       6462.64103
design2_rebuilt_mutated_A_164_TRP.pdb  -8936.20151880516  7387.11536  5141.85751785214          -12686.6233582576           -9718.41113116185       6417.45133
design2_rebuilt_mutated_A_126_SER.pdb  -8935.9644479135   7351.14855  5127.46519857835          -12626.4068434638           -9646.90553446486       6396.30125
design2_rebuilt_mutated_A_79_ARG.pdb   -8933.93789045419  7383.03656  5141.48561105618          -12671.9007766214           -9681.9033867602        6409.96486
design2_rebuilt_mutated_A_31_THR.pdb   -8933.89667212571  7341.08313  5126.04304952675          -12611.2971326409           -9654.13529147409       6376.23374
design2_rebuilt_mutated_A_163_TYR.pdb  -8933.52377983682  7372.8087   5137.446383889            -12661.5704566809           -9681.91034773072       6424.93128
design2_rebuilt_mutated_A_45_MET.pdb   -8933.08587346859  7359.35194  5130.64154325352          -12632.1300437311           -9650.23184151654       6441.12499
design2_rebuilt_mutated_A_31_MET.pdb   -8932.81893163723  7370.10479  5145.39552222704          -12624.2039221125           -9644.32295580921       6415.54342
design2_rebuilt_mutated_A_88_ASN.pdb   -8932.81646829581  7371.68419  5146.51264035234          -12626.2455183567           -9647.26078966563       6416.83689
design2_rebuilt_mutated_A_123_ASP.pdb  -8931.16011222091  7343.42145  5122.88494024513          -12625.3117482214           -9661.10946465556       6444.10593
design2_rebuilt_mutated_A_60_VAL.pdb   -8930.50543071838  7363.97648  5140.00593741756          -12628.9006778427           -9660.94874032558       6400.58411
design2_rebuilt_mutated_A_132_VAL.pdb  -8929.80187308465  7381.30484  5141.19836081793          -12658.283159813            -9660.64437906732       6419.31887
design2_rebuilt_mutated_A_127_ASP.pdb  -8929.35110573362  7371.75139  5139.08138826957          -12643.5978931033           -9674.50569611182       6393.6973
design2_rebuilt_mutated_A_78_MET.pdb   -8928.70217402742  7378.89011  5144.92047778338          -12640.3473624546           -9663.55824964061       6404.58269
design2_rebuilt_mutated_A_49_GLU.pdb   -8927.90937575439  7397.60528  5164.63029851271          -12632.0233650037           -9638.44576803224       6442.75798
design2_rebuilt_mutated_A_90_ILE.pdb   -8927.87132691895  7370.90549  5140.02728453331          -12635.3228108759           -9620.00816287579       6427.94451
design2_rebuilt_mutated_A_84_TRP.pdb   -8927.77133318654  7373.69994  5129.81752472295          -12667.6810534251           -9743.28014052292       6468.66514
design2_rebuilt_mutated_A_125_SER.pdb  -8927.36630314209  7378.80536  5144.12282021428          -12617.157349153            -9696.93874827639       6348.49078
design2_rebuilt_mutated_A_86_GLN.pdb   -8925.91531550002  7363.5458   5142.58955098585          -12606.1973580263           -9633.51655550943       6430.82945
design2_rebuilt_mutated_A_125_ASN.pdb  -8925.79259227849  7385.71974  5150.50370926686          -12614.3696280965           -9682.44905690413       6333.53042
design2_rebuilt_mutated_A_100_PRO.pdb  -8925.19412546027  7359.22818  5134.56178873398          -12617.3761836396           -9617.95360744449       6410.4337
design2_rebuilt_mutated_A_64_TYR.pdb   -8925.09621597869  7392.69468  5145.768769842            -12687.0246244465           -9678.26493665324       6379.33202
design2_rebuilt_mutated_A_62_LYS.pdb   -8925.0277730305   7356.06575  5127.1185629382           -12644.8263322507           -9620.93211170403       6384.59675
design2_rebuilt_mutated_A_86_ASN.pdb   -8924.09992633739  7364.41299  5142.00043971659          -12614.3360425838           -9626.55568937834       6411.87284
design2_rebuilt_mutated_A_77_THR.pdb   -8923.74155183315  7353.30385  5127.76658776641          -12619.7943643251           -9665.91988636782       6386.20785
design2_rebuilt_mutated_A_31_VAL.pdb   -8923.61249298975  7342.51306  5126.12175723787          -12601.5329551603           -9642.11112007623       6377.66367
design2_rebuilt_mutated_A_134_ILE.pdb  -8922.67703683268  7357.43265  5134.94676969029          -12615.7645106251           -9655.41703491398       6428.09823
design2_rebuilt_mutated_A_73_TYR.pdb   -8922.18554739009  7361.41151  5129.02259275482          -12639.9654385233           -9643.76115940735       6393.61591
design2_rebuilt_mutated_A_50_ASN.pdb   -8921.68870033505  7337.74862  5128.25992762582          -12574.2438597249           -9648.75384546073       6380.93526
design2_rebuilt_mutated_A_50_SER.pdb   -8920.3861299506   7333.2805   5121.12163326533          -12591.7127959043           -9645.48554451395       6378.4332
design2_rebuilt_mutated_A_78_GLN.pdb   -8920.2239108736   7376.15725  5144.83365966684          -12625.8849169352           -9656.04517578983       6427.31695
design2_rebuilt_mutated_A_63_LEU.pdb   -8918.22722445729  7322.87638  5120.17919688231          -12569.1635812671           -9647.21190114911       6173.08134
design2_rebuilt_mutated_A_136_MET.pdb  -8918.11334517838  7394.24033  5147.50951980178          -12643.3865135741           -9703.9466744323        6373.08629
design2_rebuilt_mutated_A_71_ILE.pdb   -8918.11181218236  7386.85197  5150.34656884785          -12642.1920654402           -9634.20888251771       6432.00467
design2_rebuilt_mutated_A_164_MET.pdb  -8917.63398517917  7375.35307  5132.69627740049          -12669.4900201202           -9702.34106981085       6420.51787
design2_rebuilt_mutated_A_84_ILE.pdb   -8917.03124697222  7375.61225  5141.27899447884          -12632.6646601159           -9636.50131725381       6440.28805
design2_rebuilt_mutated_A_31_ASN.pdb   -8917.02230180332  7344.08682  5123.09033405197          -12584.0343330665           -9606.59804636716       6237.70902
design2_rebuilt_mutated_A_64_PHE.pdb   -8916.47833021848  7392.9074   5144.66549123239          -12686.0537925443           -9672.19806919954       6379.33202
design2_rebuilt_mutated_A_164_GLY.pdb  -8916.2379467975   7339.97296  5115.46222412509          -12635.5117617347           -9663.96857304559       6409.18716
design2_rebuilt_mutated_A_164_ILE.pdb  -8915.41310877266  7369.39363  5129.64794232229          -12657.4060857463           -9682.45279371264       6417.43853
design2_rebuilt_mutated_A_46_TRP.pdb   -8914.96463218145  7354.96211  5132.13021402969          -12596.2499578254           -9640.93309136014       6399.14171
design2_rebuilt_mutated_A_77_ASP.pdb   -8913.22590334249  7355.94686  5128.24222003536          -12625.3730161246           -9658.11050357911       6384.05158
design2_rebuilt_mutated_A_73_ALA.pdb   -8912.90075548193  7344.64995  5119.35606540201          -12618.2557958211           -9633.68940827417       6379.53255
design2_rebuilt_mutated_A_50_PHE.pdb   -8912.67406208042  7335.47673  5131.26850509312          -12544.2703752592           -9613.19975714702       6383.14183
design2_rebuilt_mutated_A_163_ASN.pdb  -8912.13986123934  7351.61393  5120.69289591369          -12641.5110264482           -9666.04529323308       6411.43009
design2_rebuilt_mutated_A_75_ALA.pdb   -8912.06441621442  7365.01779  5135.5420667395           -12614.218696065            -9625.2677899341        6410.17049
design2_rebuilt_mutated_A_134_TRP.pdb  -8911.57183781731  7419.68211  5162.49519286824          -12648.7576377549           -9612.19371162662       6501.93629
design2_rebuilt_mutated_A_125_LEU.pdb  -8910.84313475063  7389.853    5155.54231361341          -12609.7091028807           -9626.84950753016       6453.34084
design2_rebuilt_mutated_A_64_GLU.pdb   -8909.73504587882  7394.24753  5141.43225135447          -12679.7564674667           -9621.98789099289       6419.52314
design2_rebuilt_mutated_A_77_LYS.pdb   -8909.43466094437  7389.77596  5138.9949199971           -12671.1213505867           -9700.34631107792       6457.06992
design2_rebuilt_mutated_A_100_SER.pdb  -8909.08606248159  7357.58179  5129.39773297985          -12622.8384919639           -9614.50898110975       6406.24651
design2_rebuilt_mutated_A_45_TYR.pdb   -8907.83993697417  7367.51252  5131.13592563082          -12618.2564159733           -9655.52784018502       6404.87887
design2_rebuilt_mutated_A_164_CYS.pdb  -8906.71111772588  7346.50666  5116.57208821019          -12634.635436382            -9661.89453839147       6409.40516
design2_rebuilt_mutated_A_52_PHE.pdb   -8905.72322632261  7369.65994  5135.4590918455           -12617.7742976958           -9617.40249234822       6414.81948
design2_rebuilt_mutated_A_45_PHE.pdb   -8905.63936584367  7363.14112  5129.79228388061          -12607.9968907518           -9639.92340369088       6404.89897
design2_rebuilt_mutated_A_104_CYS.pdb  -8905.51783519275  7394.88962  5152.26758471691          -12645.8546365725           -9683.7234352751        6441.74064
design2_rebuilt_mutated_A_79_LYS.pdb   -8904.92749053197  7362.05638  5129.69093639929          -12639.0271799296           -9631.96584792805       6423.05651
design2_rebuilt_mutated_A_35_ARG.pdb   -8902.31962793769  7449.00857  5171.27980101781          -12696.6500225937           -9648.97080524309       6312.63493
design2_rebuilt_mutated_A_77_SER.pdb   -8900.49524019589  7340.56978  5122.0370041173           -12588.3737648388           -9640.11067568811       6372.08422
design2_rebuilt_mutated_A_75_GLU.pdb   -8900.22644044824  7385.96606  5146.87938375903          -12613.1552370213           -9612.9315827075        6431.11876
design2_rebuilt_mutated_A_64_MET.pdb   -8898.83590352538  7398.96627  5142.70572883389          -12685.2758806163           -9639.23390495419       6412.1118
design2_rebuilt_mutated_A_84_ALA.pdb   -8898.75640789878  7347.89331  5125.7145320501           -12593.5213134983           -9629.22146562794       6398.62347
design2_rebuilt_mutated_A_76_GLY.pdb   -8898.71572438581  7339.57791  5120.83046025279          -12584.5405660175           -9618.37613713775       6380.04601
design2_rebuilt_mutated_A_164_LEU.pdb  -8897.85107931763  7369.42693  5127.25909532941          -12652.4221121587           -9680.82539212366       6419.99523
design2_rebuilt_mutated_A_44_THR.pdb   -8897.17804449957  7367.15437  5131.36474368865          -12603.5434254217           -9620.92072414581       6412.30707
design2_rebuilt_mutated_A_100_TYR.pdb  -8896.67271743124  7430.10801  5155.92526024098          -12702.5069821197           -9638.31763505584       6431.01557
design2_rebuilt_mutated_A_60_CYS.pdb   -8896.50701800436  7364.07569  5134.28849747646          -12597.3881560846           -9618.93876000457       6399.94832
design2_rebuilt_mutated_A_75_PRO.pdb   -8896.42698829367  7368.69374  5134.9983773549           -12604.6874710624           -9618.6091622739        6409.05504
design2_rebuilt_mutated_A_89_THR.pdb   -8896.40985395075  7367.66005  5141.84196354207          -12583.8514223959           -9607.81984516791       6412.81275
design2_rebuilt_mutated_A_102_GLN.pdb  -8896.19106132442  7383.62689  5150.25454696002          -12597.3002845558           -9614.69548701127       6428.89056
design2_rebuilt_mutated_A_60_GLY.pdb   -8895.25292674314  7309.99388  5104.88387094024          -12551.1489417349           -9612.59725382702       6217.37186
design2_rebuilt_mutated_A_123_ILE.pdb  -8895.01475269984  7368.86023  5134.84191495982          -12591.8590277527           -9615.2572014437        6424.44767
design2_rebuilt_mutated_A_164_LYS.pdb  -8894.38563374066  7378.52797  5131.52228335259          -12663.0720157701           -9696.79139700265       6420.23607
design2_rebuilt_mutated_A_163_GLN.pdb  -8894.34349429382  7396.20607  5139.03075109606          -12674.3191623782           -9660.55635020455       6454.82246
design2_rebuilt_mutated_A_88_GLN.pdb   -8894.32769639511  7390.66177  5148.66586148747          -12603.8512940768           -9609.9721613359        6437.35309
design2_rebuilt_mutated_A_50_PRO.pdb   -8892.41914016473  7338.96372  5116.30341648435          -12585.7069241521           -9616.99995885234       6384.11642
design2_rebuilt_mutated_A_164_PRO.pdb  -8892.17853905147  7343.18374  5113.59545990634          -12624.1868714351           -9660.36156828467       6401.74112
design2_rebuilt_mutated_A_48_ASP.pdb   -8891.73336256014  7351.40845  5128.59745046277          -12596.6280575555           -9656.01392165911       6388.64896
design2_rebuilt_mutated_A_78_VAL.pdb   -8891.49595894725  7359.78085  5127.38617211651          -12606.3428463751           -9635.00939793479       6375.25585
design2_rebuilt_mutated_A_73_THR.pdb   -8889.71146707292  7345.47343  5120.02370079744          -12593.265643766            -9603.94785179947       6380.27333
design2_rebuilt_mutated_A_44_ARG.pdb   -8888.91643374311  7381.44163  5143.01406522399          -12590.8264439302           -9620.52077280867       6423.68493
design2_rebuilt_mutated_A_163_GLY.pdb  -8885.55757380439  7340.28786  5113.48685709956          -12602.2983094461           -9642.55490196367       6383.93302
design2_rebuilt_mutated_A_33_GLN.pdb   -8883.89726589706  7391.11063  5146.58837035061          -12601.1009709464           -9586.73858494588       6450.53452
design2_rebuilt_mutated_A_134_VAL.pdb  -8883.62602749039  7338.89154  5119.12330442567          -12577.0165781495           -9600.30596715223       6399.95669
design2_rebuilt_mutated_A_102_ALA.pdb  -8882.57086516052  7361.98932  5134.19016170719          -12584.4216666391           -9621.22895918846       6394.68655
design2_rebuilt_mutated_A_77_VAL.pdb   -8882.09351923912  7359.31725  5123.77060311293          -12601.7495753932           -9633.51310811318       6389.3935
design2_rebuilt_mutated_A_75_SER.pdb   -8881.33000176278  7367.28016  5132.89358905446          -12590.3945570631           -9595.45563077325       6412.43286
design2_rebuilt_mutated_A_73_VAL.pdb   -8880.70662286347  7365.47392  5129.52987548198          -12604.837241036            -9620.07361508084       6416.90512
design2_rebuilt_mutated_A_31_ASP.pdb   -8880.18654519341  7345.66026  5123.39041642995          -12566.6530657196           -9601.66801149586       6380.81087
design2_rebuilt_mutated_A_84_LYS.pdb   -8878.51476595568  7391.93107  5143.23514824925          -12626.8833075119           -9633.8001369207        6449.94773
design2_rebuilt_mutated_A_44_MET.pdb   -8878.4676115512   7378.13298  5136.88352725595          -12600.5466641066           -9598.39240624821       6423.28568
design2_rebuilt_mutated_A_73_ASN.pdb   -8877.07558314832  7346.63989  5118.23793118233          -12584.9128221358           -9589.77441862181       6381.53219
design2_rebuilt_mutated_A_78_SER.pdb   -8876.75067877041  7357.11593  5123.36389867929          -12594.734178582            -9616.41307123962       6406.52385
design2_rebuilt_mutated_A_44_GLU.pdb   -8876.46010241895  7381.43393  5140.13139715767          -12589.2638194223           -9604.66472923098       6426.58663
design2_rebuilt_mutated_A_164_ARG.pdb  -8876.42019658034  7383.27087  5130.88812500769          -12656.9466700863           -9688.59375730329       6420.36857
design2_rebuilt_mutated_A_126_HIS.pdb  -8876.09484404253  7358.77736  5127.31654660462          -12584.9012659731           -9589.79501652993       6403.93006
design2_rebuilt_mutated_A_60_LYS.pdb   -8876.09213695264  7374.8829   5131.22356495234          -12625.8391139502           -9587.23682351184       6420.0356
design2_rebuilt_mutated_A_123_VAL.pdb  -8873.68957639456  7342.67636  5113.68088728879          -12572.7059320202           -9610.03839142231       6439.23106
design2_rebuilt_mutated_A_73_PHE.pdb   -8873.32260456866  7359.61328  5121.16486072023          -12601.266344402            -9599.42915915633       6391.82189
design2_rebuilt_mutated_A_46_PHE.pdb   -8873.11781936929  7343.7623   5116.80652964454          -12562.1185399565           -9603.15926105365       6445.29594
design2_rebuilt_mutated_A_60_PRO.pdb   -8872.97976820903  7316.61348  5106.63785734483          -12542.4292385037           -9583.57248537515       6353.55418
design2_rebuilt_mutated_A_73_SER.pdb   -8872.8702930177   7343.67413  5115.61890669418          -12582.0345736839           -9588.37661776734       6378.56643
design2_rebuilt_mutated_A_60_ALA.pdb   -8872.64417138147  7317.02748  5107.42881315017          -12544.5296877898           -9588.60153068675       6352.21632
design2_rebuilt_mutated_A_60_SER.pdb   -8872.39477129988  7327.01802  5111.2961793433           -12559.2009640301           -9593.11442464574       6360.23684
design2_rebuilt_mutated_A_78_THR.pdb   -8871.9179855449   7341.20097  5115.66119852781          -12589.3372420052           -9606.50044074311       6412.4094
design2_rebuilt_mutated_A_134_HIS.pdb  -8871.63271855808  7363.01744  5130.64070394367          -12584.1959421592           -9595.74298560255       6405.7483
design2_rebuilt_mutated_A_125_HIS.pdb  -8871.3365956648   7372.59306  5129.58052682357          -12568.5505163134           -9567.26742179031       6414.08397
design2_rebuilt_mutated_A_78_PRO.pdb   -8871.18610913533  7333.17715  5111.12512926902          -12580.9377245997           -9593.33179245557       6407.70977
design2_rebuilt_mutated_A_100_ALA.pdb  -8870.14315751683  7352.83228  5119.51106759518          -12594.5301182215           -9572.09864271752       6403.44384
design2_rebuilt_mutated_A_125_PHE.pdb  -8869.80841992476  7381.61135  5136.99992097257          -12561.7834678277           -9540.75510847993       6420.19326
design2_rebuilt_mutated_A_125_MET.pdb  -8869.79023545717  7404.13953  5155.21104584887          -12580.623418463            -9651.17401647857       6423.26229
design2_rebuilt_mutated_A_73_ASP.pdb   -8867.97955636452  7344.6403   5116.92376784442          -12574.9630482693           -9579.65615048645       6379.5326
design2_rebuilt_mutated_A_86_ASP.pdb   -8867.0546826388   7361.47993  5133.21508791654          -12566.214604588            -9577.86569463714       6403.78205
design2_rebuilt_mutated_A_50_GLY.pdb   -8866.63860170912  7338.58348  5115.78137539766          -12562.6837050684           -9592.91693488809       6383.73618
design2_rebuilt_mutated_A_86_CYS.pdb   -8865.51804982605  7359.11061  5128.91870290968          -12569.0406949046           -9578.21972775124       6401.59145
design2_rebuilt_mutated_A_78_CYS.pdb   -8865.15176772337  7363.19086  5126.38499489644          -12587.9725980386           -9599.77689034978       6413.76526
design2_rebuilt_mutated_A_132_GLU.pdb  -8864.67821471222  7377.53828  5128.03987256516          -12614.8049193733           -9584.39763576516       6421.49212
design2_rebuilt_mutated_A_102_PRO.pdb  -8862.66106287426  7369.4031   5138.63340809923          -12563.6804719579           -9579.89862238479       6413.24618
design2_rebuilt_mutated_A_48_ASN.pdb   -8862.630527189    7355.33539  5125.97840793176          -12581.1917510762           -9633.5688060108        6391.56038
design2_rebuilt_mutated_A_90_PRO.pdb   -8862.38384376655  7345.13281  5120.97913330899          -12571.6564760744           -9577.64578320225       6396.8703
design2_rebuilt_mutated_A_134_SER.pdb  -8861.52043370834  7332.60689  5112.52986907459          -12554.2518372273           -9575.84749421265       6392.97012
design2_rebuilt_mutated_A_48_TYR.pdb   -8861.44298141518  7369.25391  5130.22445905033          -12586.5626259284           -9566.38589924158       6437.38191
design2_rebuilt_mutated_A_31_HIS.pdb   -8860.34666770999  7352.14222  5125.00268889625          -12554.1721125867           -9581.66578754787       6387.29283
design2_rebuilt_mutated_A_48_PHE.pdb   -8860.2612783518   7368.26141  5129.04603876917          -12586.4394303553           -9565.48676499877       6436.38941
design2_rebuilt_mutated_A_102_ASP.pdb  -8859.29127749672  7368.67163  5138.04947547697          -12564.5937488504           -9599.34022457556       6401.36886
design2_rebuilt_mutated_A_134_CYS.pdb  -8858.64898470318  7338.46928  5114.31078408817          -12557.4093294967           -9570.80578905979       6403.19153
design2_rebuilt_mutated_A_50_ALA.pdb   -8857.80863297876  7334.31373  5111.35790183768          -12552.9620809186           -9583.94598590792       6379.46643
design2_rebuilt_mutated_A_74_ARG.pdb   -8857.75551293052  7368.56399  5132.72127969209          -12568.0865650923           -9578.61365125817       6414.65049
design2_rebuilt_mutated_A_62_MET.pdb   -8855.60023035267  7369.46003  5122.18467594628          -12629.5781357145           -9605.34079598107       6377.66803
design2_rebuilt_mutated_A_88_ASP.pdb   -8854.32423820722  7370.88449  5139.62931643989          -12556.443279425            -9570.65351972997       6416.03719
design2_rebuilt_mutated_A_31_SER.pdb   -8854.17242767362  7336.51674  5114.1879141939           -12542.2371670228           -9575.285777879         6371.66735
design2_rebuilt_mutated_A_163_CYS.pdb  -8854.08717817805  7346.20751  5108.39632418279          -12606.0815753118           -9627.93166033514       6402.93441
design2_rebuilt_mutated_A_134_MET.pdb  -8853.97976966785  7388.70018  5133.42639019902          -12609.1371397516           -9599.93813903443       6425.0736
design2_rebuilt_mutated_A_31_ALA.pdb   -8853.77101923635  7335.60802  5112.97209158801          -12543.6534345868           -9575.80742895798       6370.75863
design2_rebuilt_mutated_A_84_SER.pdb   -8853.13001182445  7352.23103  5120.67232723929          -12562.5394451467           -9570.58264283785       6416.90683
design2_rebuilt_mutated_A_77_TRP.pdb   -8850.68846497728  7433.27298  5143.03234074271          -12671.2569142741           -9608.44935543532       6377.58034
design2_rebuilt_mutated_A_75_GLY.pdb   -8850.59056661506  7350.82762  5119.00524620618          -12562.2751428164           -9577.21286068708       6387.25136
design2_rebuilt_mutated_A_90_SER.pdb   -8850.10242111063  7348.79948  5120.84874496209          -12552.8976194408           -9550.29514070335       6395.327
design2_rebuilt_mutated_A_102_SER.pdb  -8848.98572015529  7362.94676  5132.76684751247          -12553.825502892            -9590.2088599753        6395.64399
design2_rebuilt_mutated_A_127_ILE.pdb  -8847.4471270927   7373.23492  5129.90890941677          -12568.0161188535           -9563.49403487288       6413.92647
design2_rebuilt_mutated_A_125_CYS.pdb  -8843.7689749062   7372.98569  5130.02236808809          -12570.3810015351           -9590.33625811246       6399.07997
design2_rebuilt_mutated_A_102_CYS.pdb  -8842.88903321246  7367.63552  5130.71176345086          -12560.3785434938           -9586.26879193831       6401.64237
design2_rebuilt_mutated_A_134_PHE.pdb  -8841.65371386819  7379.10588  5133.54881651924          -12547.768118649            -9604.926508328         6358.94648
design2_rebuilt_mutated_A_46_TYR.pdb   -8841.47903368842  7343.63455  5112.27444146558          -12549.0757693923           -9591.5715990202        6445.15187
design2_rebuilt_mutated_A_48_TRP.pdb   -8841.28903213196  7389.7238   5138.32793849629          -12578.1940222766           -9560.91557905303       6450.40188
design2_rebuilt_mutated_A_125_PRO.pdb  -8841.08226561472  7372.93272  5128.94440718881          -12563.7851996633           -9552.92009955387       6414.50243
design2_rebuilt_mutated_A_78_ALA.pdb   -8840.39661996434  7352.65181  5114.74415816271          -12566.268528695            -9576.14111423118       6404.07624
design2_rebuilt_mutated_A_100_GLY.pdb  -8839.87594270902  7339.48535  5112.95522690776          -12544.9523421297           -9534.67231366844       6394.52947
design2_rebuilt_mutated_A_84_CYS.pdb   -8838.93054353264  7357.53666  5123.17046282136          -12552.5148240547           -9561.07460839584       6422.21246
design2_rebuilt_mutated_A_48_HIS.pdb   -8838.91318448898  7363.39705  5125.01612089203          -12578.372161515            -9549.40575437933       6264.51222
design2_rebuilt_mutated_A_78_GLY.pdb   -8838.04399207042  7348.54535  5114.0094906841           -12553.1667834861           -9572.69254008499       6401.35553
design2_rebuilt_mutated_A_31_ILE.pdb   -8836.88539597404  7360.30314  5124.58712557319          -12546.278855883            -9559.6068049992        6395.45375
design2_rebuilt_mutated_A_72_ARG.pdb   -8835.64835672894  7363.73889  5130.23520555087          -12538.4693095782           -9565.6160587314        6448.84235
design2_rebuilt_mutated_A_127_PRO.pdb  -8833.7526134059   7356.88411  5120.43911949125          -12542.8072798814           -9554.04835617342       6400.11475
design2_rebuilt_mutated_A_134_ALA.pdb  -8832.66821956164  7327.66538  5105.3336258306           -12529.9093626753           -9551.65509426334       6388.01625
design2_rebuilt_mutated_A_102_ASN.pdb  -8832.52659610407  7371.37006  5136.2688488835           -12544.9134242801           -9574.08177050879       6404.06729
design2_rebuilt_mutated_A_89_ASN.pdb   -8831.94964578141  7369.6175   5139.36054352607          -12525.7023539951           -9542.80334696873       6414.7702
design2_rebuilt_mutated_A_52_TRP.pdb   -8831.5717603772   7396.92773  5158.43142046389          -12569.9037781473           -9534.98913729718       6424.50303
design2_rebuilt_mutated_A_89_ILE.pdb   -8831.56455137449  7368.40417  5134.04986599986          -12532.3016124571           -9543.85280074743       6413.55687
design2_rebuilt_mutated_A_77_ILE.pdb   -8831.01879468607  7375.5489   5118.44923226906          -12599.3876197636           -9590.26842045464       6406.92609
design2_rebuilt_mutated_A_31_TYR.pdb   -8827.81328106296  7362.32034  5125.32187537536          -12544.7437973771           -9553.24933835458       6395.95921
design2_rebuilt_mutated_A_163_PHE.pdb  -8826.33227464254  7363.28178  5113.26971250203          -12585.3065295332           -9577.13293660615       6419.67179
design2_rebuilt_mutated_A_73_LEU.pdb   -8826.18611643776  7358.38576  5113.55566022351          -12564.7198899627           -9548.64097779061       6393.27806
design2_rebuilt_mutated_A_77_ARG.pdb   -8823.8813161624   7408.62612  5134.87824944228          -12633.2462667434           -9648.15080592384       6459.79583
design2_rebuilt_mutated_A_74_GLU.pdb   -8823.78837351632  7369.01046  5127.37104211272          -12544.004970551            -9537.42944786353       6415.58361
design2_rebuilt_mutated_A_163_ARG.pdb  -8823.42534613321  7418.32106  5137.09216133165          -12662.7556689372           -9615.04140950469       6458.75096
design2_rebuilt_mutated_A_134_ASP.pdb  -8823.2938199585   7339.54409  5112.00093286764          -12522.7887832994           -9528.76669391674       6404.26634
design2_rebuilt_mutated_A_125_GLU.pdb  -8823.09473014828  7383.10847  5137.14017079637          -12548.6718485192           -9576.83564976171       6430.19781
design2_rebuilt_mutated_A_63_MET.pdb   -8819.35995420792  7350.60063  5124.16062494489          -12505.4534770767           -9539.34548025766       6388.30209
design2_rebuilt_mutated_A_86_ALA.pdb   -8819.09996487941  7353.19894  5120.10908907443          -12529.4822726389           -9528.94575154043       6395.30384
design2_rebuilt_mutated_A_60_PHE.pdb   -8817.23508947036  7354.4427   5135.83321094845          -12483.2018956642           -9536.67176825747       6392.25522
design2_rebuilt_mutated_A_127_GLY.pdb  -8815.9063223659   7355.61487  5112.22451954999          -12555.6020142489           -9571.86171083874       6382.00947
design2_rebuilt_mutated_A_101_ILE.pdb  -8815.79939692658  7360.93615  5120.22101142703          -12531.3534655673           -9528.10054717287       6406.08885
design2_rebuilt_mutated_A_84_MET.pdb   -8815.50281530762  7389.03459  5138.2928169156           -12565.8408049147           -9577.76986568168       6428.31572
design2_rebuilt_mutated_A_50_VAL.pdb   -8814.67946797629  7329.54469  5100.29092858904          -12516.4683945376           -9543.36995815877       6372.73133
design2_rebuilt_mutated_A_163_LYS.pdb  -8814.3153626041   7423.83393  5140.18450065891          -12655.7128964669           -9643.11619851593       6442.79542
design2_rebuilt_mutated_A_86_SER.pdb   -8814.03486847795  7355.20617  5120.50301831197          -12526.3095301289           -9527.11448398308       6397.28137
design2_rebuilt_mutated_A_88_GLU.pdb   -8813.5617723683   7386.29208  5141.69301444322          -12534.0635001454           -9512.43327782016       6441.36766
design2_rebuilt_mutated_A_71_MET.pdb   -8813.49028102782  7375.80981  5123.93795539416          -12581.9210893932           -9530.9572977999        6420.96251
design2_rebuilt_mutated_A_125_GLN.pdb  -8812.88897489472  7384.48679  5136.59079650738          -12541.4776831127           -9567.24665906807       6431.57783
design2_rebuilt_mutated_A_163_MET.pdb  -8811.72446543227  7414.03514  5132.80269764086          -12649.7495803993           -9667.45812524258       6422.41563
design2_rebuilt_mutated_A_89_VAL.pdb   -8811.3846196647   7368.63835  5132.08184792667          -12516.9773358759           -9523.51711411429       6413.79105
design2_rebuilt_mutated_A_126_ALA.pdb  -8810.57024220382  7343.72313  5109.12601889501          -12516.4885296399           -9522.62589997946       6388.87583
design2_rebuilt_mutated_A_77_GLU.pdb   -8809.67064098417  7371.10068  5116.43194127165          -12577.5954659378           -9543.29547851607       6423.53186
design2_rebuilt_mutated_A_74_LEU.pdb   -8809.62655744532  7362.57107  5116.9208797002           -12538.3616796749           -9522.72147092994       6408.82497
design2_rebuilt_mutated_A_101_ARG.pdb  -8808.92098992748  7385.13007  5144.28139063239          -12520.6655447225           -9521.14882765616       6430.28277
design2_rebuilt_mutated_A_73_CYS.pdb   -8807.62753341625  7342.73627  5106.35032487367          -12529.0665125559           -9530.86831230729       6377.62857
design2_rebuilt_mutated_A_31_CYS.pdb   -8803.11641674381  7340.31831  5110.3948772056           -12505.7536836993           -9526.10440947398       6375.46892
design2_rebuilt_mutated_A_31_GLN.pdb   -8801.90226205718  7361.7453   5124.72714307797          -12511.2519123808           -9523.69561527444       6396.89591
design2_rebuilt_mutated_A_50_ARG.pdb   -8799.58653441453  7400.52296  5129.84166920081          -12613.7211089359           -9528.6400107021        6448.18806
design2_rebuilt_mutated_A_163_HIS.pdb  -8799.30894706354  7354.57304  5103.61203246896          -12563.6074611337           -9567.55564732917       6385.25018
design2_rebuilt_mutated_A_77_CYS.pdb   -8798.80187466947  7351.4832   5105.22295947001          -12543.9085820561           -9559.11146377648       6383.0981
design2_rebuilt_mutated_A_71_HIS.pdb   -8798.02220992462  7376.87256  5119.77735867581          -12588.3826039026           -9533.58852200778       6424.53766
design2_rebuilt_mutated_A_86_PRO.pdb   -8797.09972576063  7352.11816  5121.06412207997          -12501.8272172588           -9521.11636921256       6394.50687
design2_rebuilt_mutated_A_104_GLN.pdb  -8793.07666850149  7384.72516  5127.99937829797          -12567.0407822919           -9611.01664204005       6464.15022
design2_rebuilt_mutated_A_127_PHE.pdb  -8792.54117814509  7351.09743  5113.38682115376          -12503.8451364702           -9554.97987871354       6401.65631
design2_rebuilt_mutated_A_73_GLY.pdb   -8791.96971346939  7338.56402  5100.12048708409          -12516.8757429086           -9512.47553017312       6373.78922
design2_rebuilt_mutated_A_100_CYS.pdb  -8791.63078646782  7380.59387  5123.20293053536          -12550.2951325072           -9502.81427273194       6426.82629
design2_rebuilt_mutated_A_90_HIS.pdb   -8787.1267670873   7386.12327  5133.93862391101          -12571.158148333            -9465.30800323516       6459.01125
design2_rebuilt_mutated_A_31_PRO.pdb   -8782.12100312473  7339.27906  5112.50553636441          -12473.2564384833           -9499.85836213971       6374.42967
design2_rebuilt_mutated_A_84_GLY.pdb   -8780.82941207882  7326.10659  5100.26220736067          -12478.6747428896           -9503.36412744027       6369.67306
design2_rebuilt_mutated_A_31_PHE.pdb   -8779.11088990115  7359.61416  5119.19335566689          -12499.2791744762           -9502.63177712842       6394.76477
design2_rebuilt_mutated_A_71_ASN.pdb   -8778.79726375738  7370.44131  5109.81205497206          -12575.6184138546           -9510.49212063392       6418.10641
design2_rebuilt_mutated_A_125_ALA.pdb  -8766.89744363132  7366.26279  5115.97377980159          -12503.2263800071           -9504.04685718783       6393.36255
design2_rebuilt_mutated_A_74_GLN.pdb   -8765.52689945013  7368.11137  5117.84620270567          -12500.9563249898           -9479.01506441669       6415.77802
design2_rebuilt_mutated_A_163_TRP.pdb  -8765.42888332822  7372.30527  5105.20633686532          -12567.419902541            -9550.39381604158       6361.19666
design2_rebuilt_mutated_A_50_TYR.pdb   -8764.53563552682  7395.77461  5120.41165022642          -12624.2462451303           -9508.64665522927       6443.43971
design2_rebuilt_mutated_A_48_ILE.pdb   -8763.14555986331  7361.66767  5111.82285348756          -12516.1884541825           -9517.30535440807       6408.15309
design2_rebuilt_mutated_A_35_GLY.pdb   -8762.84012846356  7345.07516  5101.46670943821          -12495.8938307134           -9464.21781614022       6410.41524
design2_rebuilt_mutated_A_134_GLY.pdb  -8760.78511787879  7314.70493  5085.56159374991          -12469.4140118529           -9480.14248325924       6374.84899
design2_rebuilt_mutated_A_35_CYS.pdb   -8759.9695874264   7378.04252  5120.62903532744          -12505.7700423759           -9496.73342371503       6418.83331
design2_rebuilt_mutated_A_44_PRO.pdb   -8758.37448455214  7365.07644  5108.54499175695          -12493.3313793992           -9512.1971145316        6411.35054
design2_rebuilt_mutated_A_125_ARG.pdb  -8755.19361583254  7411.71661  5130.15290415073          -12517.8895962921           -9439.12517431782       6467.47517
design2_rebuilt_mutated_A_73_MET.pdb   -8753.05403180086  7363.92697  5108.49307618782          -12504.2735448259           -9473.12198797843       6398.81927
design2_rebuilt_mutated_A_126_LYS.pdb  -8752.45480042816  7383.0829   5121.0553715206           -12491.4004053387           -9498.57670101665       6370.87306
design2_rebuilt_mutated_A_88_ALA.pdb   -8749.79132575362  7369.15613  5122.49648629769          -12476.8515897551           -9471.42412435254       6414.30883
design2_rebuilt_mutated_A_44_ASN.pdb   -8749.41759839536  7364.87708  5107.86115038798          -12487.0710831726           -9491.78487563965       6410.02978
design2_rebuilt_mutated_A_44_HIS.pdb   -8744.28165382592  7380.41623  5115.33058628227          -12501.1484833331           -9470.99802995594       6425.56893
design2_rebuilt_mutated_A_134_PRO.pdb  -8742.96434573307  7345.67381  5096.16029094213          -12483.3681436346           -9426.11177462437       6378.74396
design2_rebuilt_mutated_A_71_CYS.pdb   -8736.28070506813  7371.0029   5102.52862114287          -12557.7625090464           -9474.33804207197       6418.668
design2_rebuilt_mutated_A_73_GLN.pdb   -8735.07461589252  7357.83556  5116.12045801585          -12451.3379915774           -9476.31807647816       6399.48137
design2_rebuilt_mutated_A_102_ARG.pdb  -8724.36695361247  7390.55155  5132.22932132327          -12475.5457987942           -9467.49981472147       6424.5584
design2_rebuilt_mutated_A_86_GLY.pdb   -8718.94045765529  7342.72066  5101.20435183027          -12446.2519498615           -9440.73466966728       6383.46186
design2_rebuilt_mutated_A_89_CYS.pdb   -8717.70405604963  7367.12704  5122.56838623854          -12431.9428198198           -9428.85391399765       6412.27974
design2_rebuilt_mutated_A_101_LEU.pdb  -8711.17183818872  7371.32238  5115.98094451901          -12445.5989038166           -9423.64878417598       6416.47508
design2_rebuilt_mutated_A_125_LYS.pdb  -8705.40634260238  7406.18986  5116.00313916604          -12488.8338248833           -9397.93080038077       6462.27777
design2_rebuilt_mutated_A_78_LYS.pdb   -8703.10860935308  7385.15805  5115.08295305277          -12487.5385075709           -9449.44675518416       6411.82933
design2_rebuilt_mutated_A_129_TRP.pdb  -8702.99256610536  7394.60544  5123.86749190579          -12465.3948253672           -9345.82328828926       6491.86159
design2_rebuilt_mutated_A_101_THR.pdb  -8701.77918315087  7356.71398  5107.37172443631          -12429.2450047985           -9416.29498147266       6400.76866
design2_rebuilt_mutated_A_89_GLU.pdb   -8701.60210024236  7368.51872  5130.47030814224          -12407.1167747163           -9411.66579093535       6413.67142
design2_rebuilt_mutated_A_33_LEU.pdb   -8699.07962140517  7375.58374  5099.84228864896          -12489.6880612315           -9407.88058784696       6297.63881
design2_rebuilt_mutated_A_88_SER.pdb   -8697.01901090879  7369.28928  5116.12008442604          -12433.5402432224           -9419.64469856672       6414.44198
design2_rebuilt_mutated_A_101_GLN.pdb  -8694.74830892261  7374.67935  5121.42561448008          -12425.9471295132           -9406.23809581077       6419.83205
design2_rebuilt_mutated_A_44_ASP.pdb   -8692.40135580356  7364.5631   5097.31413558908          -12449.9488417001           -9446.50599734881       6409.7158
design2_rebuilt_mutated_A_90_TRP.pdb   -8688.62845372555  7377.01357  5112.20826250204          -12498.0992652996           -9428.93027508897       6439.27298
design2_rebuilt_mutated_A_101_ASN.pdb  -8686.57962758205  7364.50667  5113.88544941687          -12413.1132525304           -9398.70691774427       6409.65937
design2_rebuilt_mutated_A_33_PRO.pdb   -8686.034921292    7351.51171  5099.6493699054           -12442.6086565552           -9402.54127781955       6363.4816
design2_rebuilt_mutated_A_88_TYR.pdb   -8680.91930093996  7348.28598  5100.74426382325          -12463.0526404738           -9470.12362031747       6341.53545
design2_rebuilt_mutated_A_78_TYR.pdb   -8680.44130814056  7357.30102  5094.94055008709          -12490.9950114367           -9476.61523351542       6409.33902
design2_rebuilt_mutated_A_102_GLY.pdb  -8674.82179301668  7354.95307  5105.89174791494          -12408.2292860061           -9418.630096501         6387.6503
design2_rebuilt_mutated_A_89_ASP.pdb   -8672.88818368599  7369.44452  5123.35875347065          -12389.2006416511           -9383.83383166781       6414.59722
design2_rebuilt_mutated_A_49_TYR.pdb   -8658.62639691164  7408.62235  5140.78920949955          -12417.1320301404           -9377.22748213735       6453.77505
design2_rebuilt_mutated_A_60_HIS.pdb   -8654.6669127547   7342.76211  5100.54968253875          -12385.1392687317           -9396.00952981119       6376.71851
design2_rebuilt_mutated_A_50_MET.pdb   -8653.84142055136  7354.76011  5088.69679029508          -12491.7092960014           -9397.60716338164       6397.50611
design2_rebuilt_mutated_A_52_ARG.pdb   -8649.42377770474  7384.96161  5107.54008041963          -12480.3634722469           -9412.18616519695       6407.70551
design2_rebuilt_mutated_A_49_ARG.pdb   -8649.32870901206  7415.1998   5136.14891933099          -12423.0131037849           -9355.70882124818       6460.3525
design2_rebuilt_mutated_A_50_CYS.pdb   -8642.46984568112  7333.6644   5075.53922809106          -12420.6924205584           -9367.49179703779       6378.8171
design2_rebuilt_mutated_A_73_TRP.pdb   -8641.70107427922  7371.5431   5099.42436011464          -12413.374025164            -9353.1772842638        6406.4354
design2_rebuilt_mutated_A_73_HIS.pdb   -8638.09913338555  7354.36419  5093.52183487226          -12402.0955871007           -9359.06767242022       6386.56098
design2_rebuilt_mutated_A_125_TRP.pdb  -8636.11216871237  7388.78252  5101.57512655691          -12434.6865129828           -9400.23932538617       6473.17791
design2_rebuilt_mutated_A_101_GLU.pdb  -8633.7216343395   7369.64538  5109.55720518035          -12374.1912576636           -9345.49018806397       6414.79808
design2_rebuilt_mutated_A_31_GLY.pdb   -8631.44062534548  7320.95176  5078.76911098584          -12356.5034357762           -9373.76154027138       6348.58426
design2_rebuilt_mutated_A_89_PHE.pdb   -8630.72904028388  7363.7326   5094.16418343681          -12399.2723193261           -9343.13324567046       6408.8853
design2_rebuilt_mutated_A_101_ASP.pdb  -8630.18210539583  7364.63573  5108.07470349897          -12366.2590124259           -9342.25766220277       6409.78843
design2_rebuilt_mutated_A_89_TYR.pdb   -8628.00485240549  7364.49184  5095.56815418548          -12395.1871594777           -9340.26519582952       6409.64454
design2_rebuilt_mutated_A_101_VAL.pdb  -8626.52856302224  7355.10476  5094.7438937398           -12374.3837942391           -9341.53738753967       6399.15545
design2_rebuilt_mutated_A_71_ALA.pdb   -8621.39104518404  7346.63249  5078.40393046624          -12436.92952104             -9361.73051669414       6394.29759
design2_rebuilt_mutated_A_49_PHE.pdb   -8620.53261654211  7409.83067  5136.24660105036          -12387.4023063675           -9338.8690351211        6454.98337
design2_rebuilt_mutated_A_90_ARG.pdb   -8614.64190089906  7359.95527  5095.96053726895          -12438.0896510839           -9297.23407173611       6417.3222
design2_rebuilt_mutated_A_73_ILE.pdb   -8608.47927480434  7346.89117  5094.93814732572          -12345.9246692558           -9358.21448208125       6390.05068
design2_rebuilt_mutated_A_90_LYS.pdb   -8602.86819040212  7371.06879  5091.66178745475          -12468.0306069372           -9386.66171501849       6423.46148
design2_rebuilt_mutated_A_88_TRP.pdb   -8598.44433800917  7389.26398  5106.20244879137          -12402.4653971143           -9356.1204993832        6390.10042
design2_rebuilt_mutated_A_73_LYS.pdb   -8594.21285323169  7364.52849  5081.20571262833          -12399.3300753326           -9311.06475474883       6399.42079
design2_rebuilt_mutated_A_100_ARG.pdb  -8594.08625457809  7416.37626  5109.73545364122          -12447.6952793857           -9348.65311458352       6415.74579
design2_rebuilt_mutated_A_84_PRO.pdb   -8591.82633626817  7346.23632  5078.78696761104          -12395.2722202109           -9371.20574146054       6407.96088
design2_rebuilt_mutated_A_89_LEU.pdb   -8589.85458016683  7344.55621  5075.47473262008          -12410.4528190138           -9333.70767245498       6392.22131
design2_rebuilt_mutated_A_100_PHE.pdb  -8585.31321128848  7406.1159   5105.6163279504           -12477.0769449725           -9350.88496656329       6450.54389
design2_rebuilt_mutated_A_126_GLY.pdb  -8583.60511897254  7330.4989   5068.33351993124          -12338.3314003735           -9297.04516104871       6375.6516
design2_rebuilt_mutated_A_44_SER.pdb   -8580.90612406072  7364.26568  5081.68244394515          -12365.3889380616           -9342.7881072603        6404.25961
design2_rebuilt_mutated_A_88_ARG.pdb   -8580.21952173766  7376.51651  5110.11012815604          -12363.5204515432           -9357.29614851877       6366.90333
design2_rebuilt_mutated_A_100_GLU.pdb  -8577.45512743129  7355.56638  5086.78459942443          -12387.0091383967           -9289.53408800093       6429.35667
design2_rebuilt_mutated_A_71_LEU.pdb   -8573.18165954124  7372.09073  5077.90127403087          -12483.9174670069           -9316.0349466859        6419.75583
design2_rebuilt_mutated_A_125_GLY.pdb  -8571.26971048152  7361.45767  5080.63550684777          -12368.0952377591           -9329.09917270485       6385.17603
design2_rebuilt_mutated_A_44_ALA.pdb   -8570.7347323901   7365.81019  5081.26238943062          -12360.4662219092           -9333.9998650995        6405.93804
design2_rebuilt_mutated_A_125_TYR.pdb  -8569.08332443052  7378.1846   5092.46005257032          -12381.5290684408           -9355.35872693159       6459.9378
design2_rebuilt_mutated_A_33_THR.pdb   -8566.40374906829  7345.06677  5076.27232329834          -12374.9257617083           -9315.51264690358       6383.70976
design2_rebuilt_mutated_A_73_GLU.pdb   -8563.68129719023  7358.75879  5091.80759086633          -12336.8837341848           -9279.79394287869       6393.65109
design2_rebuilt_mutated_A_89_PRO.pdb   -8562.17637774669  7366.6913   5110.53694732886          -12298.0780893871           -9275.70129114832       6410.82568
design2_rebuilt_mutated_A_70_ASN.pdb   -8561.23254788717  7300.11501  5063.46337000919          -12275.5329062301           -9227.92451106411       6350.01432
design2_rebuilt_mutated_A_64_PRO.pdb   -8560.2064235362   7353.79968  5079.71116380998          -12349.5974281512           -9255.43272023433       6417.15017
design2_rebuilt_mutated_A_49_HIS.pdb   -8559.99430380874  7391.06903  5118.68261888686          -12323.2833383228           -9279.08487023255       6436.22173
design2_rebuilt_mutated_A_89_ALA.pdb   -8559.97051749689  7361.32994  5107.38892067361          -12289.4965465764           -9271.30845241837       6406.48264
design2_rebuilt_mutated_A_101_SER.pdb  -8554.67862902074  7353.61436  5091.5498659984           -12301.0274117773           -9269.77190840785       6397.4449
design2_rebuilt_mutated_A_52_HIS.pdb   -8553.01387003561  7356.76997  5071.36861599962          -12400.632989429            -9301.04334038022       6392.7455
design2_rebuilt_mutated_A_33_ASP.pdb   -8552.27453375327  7351.64975  5078.14166066999          -12362.3286437446           -9294.02730294094       6394.30884
design2_rebuilt_mutated_A_70_PRO.pdb   -8551.99160412518  7284.84668  5054.69350661116          -12259.3921446572           -9271.02942338891       6320.1294
design2_rebuilt_mutated_A_60_ARG.pdb   -8548.41857315539  7379.38786  5089.8825130357           -12392.8624513173           -9305.63896827574       6420.74409
design2_rebuilt_mutated_A_101_PRO.pdb  -8542.98751052835  7357.55427  5094.17940428874          -12289.6294756763           -9258.86802054928       6401.13273
design2_rebuilt_mutated_A_33_ARG.pdb   -8541.35312912129  7368.36883  5082.11771276437          -12345.2024793622           -9245.81706354361       6328.5944
design2_rebuilt_mutated_A_129_ARG.pdb  -8540.00201100283  7373.80729  5083.26204314634          -12392.1550585478           -9267.14289372928       6429.87983
design2_rebuilt_mutated_A_71_PRO.pdb   -8538.66453040728  7342.2357   5070.61021214166          -12326.4450701122           -9203.66363813795       6412.33327
design2_rebuilt_mutated_A_70_ALA.pdb   -8535.08674968001  7284.00125  5049.20091976538          -12265.2630191869           -9280.29871225672       6313.74867
design2_rebuilt_mutated_A_33_GLU.pdb   -8533.80550829264  7361.43356  5079.63010807341          -12358.2006226324           -9266.09407072318       6423.36985
design2_rebuilt_mutated_A_74_LYS.pdb   -8532.48311124965  7379.39755  5083.15924868104          -12361.7505563228           -9274.95240477887       6425.59125
design2_rebuilt_mutated_A_101_ALA.pdb  -8528.10576100094  7352.61505  5084.7271815986           -12285.4189675966           -9245.33061151508       6396.01861
design2_rebuilt_mutated_A_129_MET.pdb  -8526.46595637108  7358.58842  5068.68976356407          -12377.4668546181           -9277.53472415451       6369.54677
design2_rebuilt_mutated_A_70_ASP.pdb   -8525.23751966225  7300.13036  5058.59738131692          -12256.2295741974           -9190.21192341112       6350.11567
design2_rebuilt_mutated_A_71_GLY.pdb   -8521.87576300628  7344.62645  5063.87199167441          -12366.2046895389           -9266.29015109221       6392.29155
design2_rebuilt_mutated_A_90_THR.pdb   -8520.71735065022  7335.95829  5066.4837290278           -12337.8485650232           -9273.96689238217       6361.39779
design2_rebuilt_mutated_A_89_SER.pdb   -8520.03051917364  7362.41026  5103.2060917507           -12259.213190554            -9231.14419958418       6407.56296
design2_rebuilt_mutated_A_64_LEU.pdb   -8516.19096837006  7385.00154  5087.29590883734          -12355.7619975415           -9238.60342366673       6434.64807
design2_rebuilt_mutated_A_60_ILE.pdb   -8516.18242561848  7346.19569  5070.51041888264          -12337.2859561695           -9273.93960903196       6380.12859
design2_rebuilt_mutated_A_90_ALA.pdb   -8514.5199510908   7318.91399  5062.09080451182          -12306.3395043329           -9236.46242897005       6387.1538
design2_rebuilt_mutated_A_70_THR.pdb   -8510.25979128264  7293.52581  5050.57750463484          -12250.1416726127           -9223.13225485935       6335.5492
design2_rebuilt_mutated_A_64_THR.pdb   -8510.21367082509  7358.72153  5078.39643000451          -12342.8429181989           -9230.69341501986       6241.22446
design2_rebuilt_mutated_A_70_GLY.pdb   -8509.93832898135  7276.89253  5045.789599424            -12219.7960551963           -9226.08857859409       6314.71009
design2_rebuilt_mutated_A_52_ASN.pdb   -8508.38719578902  7351.42615  5059.66679950739          -12368.9465773189           -9255.14826253173       6386.9264
design2_rebuilt_mutated_A_44_GLY.pdb   -8507.1629014552   7345.50897  5060.77805509386          -12302.7056921801           -9272.00903001021       6390.66167
design2_rebuilt_mutated_A_70_GLU.pdb   -8502.21331131688  7307.48005  5053.39828371034          -12298.0513439996           -9236.49495847779       6363.57968
design2_rebuilt_mutated_A_74_TRP.pdb   -8501.77725876365  7342.68603  5063.82070305865          -12333.9943758056           -9247.2493802177        6390.81163
design2_rebuilt_mutated_A_70_SER.pdb   -8496.30222717499  7289.77675  5045.60670463123          -12244.0059959189           -9249.41830188979       6314.33527
design2_rebuilt_mutated_A_101_CYS.pdb  -8495.71387697096  7353.51606  5079.18408444716          -12266.1211386548           -9214.10161696497       6396.91455
design2_rebuilt_mutated_A_60_MET.pdb   -8493.51298813995  7354.61896  5069.38461673786          -12339.5718590906           -9257.20942105877       6378.75376
design2_rebuilt_mutated_A_88_MET.pdb   -8493.38589627654  7378.02992  5089.43915881534          -12302.9665896404           -9270.75289447746       6370.32925
design2_rebuilt_mutated_A_89_HIS.pdb   -8483.69127427446  7362.80384  5087.75534805863          -12250.4966258305           -9194.27112005699       6407.95654
design2_rebuilt_mutated_A_129_LYS.pdb  -8483.23422934182  7368.8398   5071.90448765594          -12386.230824017            -9308.04147613521       6391.98289
design2_rebuilt_mutated_A_70_ILE.pdb   -8481.74968274027  7296.54317  5052.39345674436          -12259.1554511336           -9204.03768938774       6367.95658
design2_rebuilt_mutated_A_64_TRP.pdb   -8480.96936028101  7401.9349   5091.80211782496          -12367.9843401101           -9216.90852167277       6454.17417
design2_rebuilt_mutated_A_70_LYS.pdb   -8477.02049103071  7308.83959  5050.85538961547          -12298.3408639409           -9224.92935420834       6367.87161
design2_rebuilt_mutated_A_70_LEU.pdb   -8475.01066961305  7306.81287  5051.9251281877           -12259.808447921            -9163.84735880907       6379.0352
design2_rebuilt_mutated_A_44_CYS.pdb   -8474.45862333372  7363.37901  5062.97291706644          -12298.3398166495           -9234.72002643509       6408.53171
design2_rebuilt_mutated_A_90_MET.pdb   -8470.99730353705  7356.5149   5073.78688464636          -12315.7965647264           -9237.82500156897       6398.43812
design2_rebuilt_mutated_A_90_ASN.pdb   -8470.90040744355  7340.3206   5068.74843077004          -12297.489057391            -9200.76154707798       6410.90299
design2_rebuilt_mutated_A_86_ILE.pdb   -8467.25436212936  7331.06636  5052.62548929313          -12297.7383935051           -9209.12780501656       6387.40211
design2_rebuilt_mutated_A_101_HIS.pdb  -8461.66254111305  7362.12883  5083.68847800196          -12231.9630541192           -9176.23103908241       6406.18426
design2_rebuilt_mutated_A_33_MET.pdb   -8455.06371085253  7369.21259  5066.46605663562          -12292.8739203472           -9164.51826377439       6291.26766
design2_rebuilt_mutated_A_70_VAL.pdb   -8453.17913572798  7294.40864  5040.70401894183          -12228.8460129972           -9162.95750765079       6343.21065
design2_rebuilt_mutated_A_50_LYS.pdb   -8449.78859551072  7336.97838  5051.53452150669          -12345.0660474418           -9190.10998035619       6379.72438
design2_rebuilt_mutated_A_64_LYS.pdb   -8448.53355795669  7394.04573  5081.29926350601          -12342.4690485552           -9146.67967628297       6459.44392
design2_rebuilt_mutated_A_33_ASN.pdb   -8448.37287304455  7352.85385  5061.46686947326          -12292.7144731734           -9180.28146541111       6414.79014
design2_rebuilt_mutated_A_62_TRP.pdb   -8446.3092341255   7420.61638  5091.11154157271          -12399.0333319708           -9253.68364739131       6437.33649
design2_rebuilt_mutated_A_52_ASP.pdb   -8440.27455216252  7351.39006  5051.00112582673          -12322.9729750299           -9185.80619884249       6386.87911
design2_rebuilt_mutated_A_33_LYS.pdb   -8439.82941309614  7359.42985  5057.6939924139           -12275.7351959067           -9179.61976574786       6260.12045
design2_rebuilt_mutated_A_52_THR.pdb   -8438.83550800341  7349.00457  5047.42608210058          -12339.7980841857           -9191.25030945648       6384.58612
design2_rebuilt_mutated_A_73_ARG.pdb   -8432.4115285577   7372.14937  5061.12151247452          -12316.7733306473           -9185.87202183846       6405.79107
design2_rebuilt_mutated_A_90_VAL.pdb   -8430.66119837138  7331.20724  5053.28689658325          -12267.3117124768           -9156.9077440942        6375.66457
design2_rebuilt_mutated_A_33_TRP.pdb   -8430.28052538779  7371.77895  5071.30904492588          -12254.5467859536           -9140.78933746086       6293.83402
design2_rebuilt_mutated_A_60_LEU.pdb   -8429.40407095507  7356.52681  5063.05197124707          -12285.2602687182           -9171.92487470642       6404.19191
design2_rebuilt_mutated_A_70_GLN.pdb   -8428.13696607775  7308.29235  5043.39677569864          -12236.0746169353           -9163.1592685154        6363.28972
design2_rebuilt_mutated_A_64_VAL.pdb   -8421.42510966729  7362.62479  5069.29989442319          -12319.7656446704           -9175.38957131224       6242.03786
design2_rebuilt_mutated_A_64_ILE.pdb   -8420.62151983813  7378.17467  5072.94280914848          -12325.9108219603           -9161.20096631336       6428.63315
design2_rebuilt_mutated_A_50_ILE.pdb   -8416.1711681509   7336.88135  5042.3381660989           -12325.6908094602           -9173.75021472936       6379.62735
design2_rebuilt_mutated_A_70_CYS.pdb   -8410.72044595341  7294.62737  5037.60668548068          -12190.8265677778           -9143.72131326804       6337.04648
design2_rebuilt_mutated_A_33_SER.pdb   -8408.94492377252  7345.94367  5053.36438116296          -12258.9791149044           -9163.76964492426       6377.72696
design2_rebuilt_mutated_A_33_ALA.pdb   -8405.7852836395   7343.32798  5053.83729374596          -12248.0530743586           -9157.71754334419       6360.42967
design2_rebuilt_mutated_A_52_SER.pdb   -8405.03934509747  7334.66536  5037.04378946232          -12310.4910258998           -9159.18412911792       6368.62077
design2_rebuilt_mutated_A_88_CYS.pdb   -8402.16573232116  7326.5473   5057.10406621689          -12173.4346570788           -9074.47173067291       6412.62443
design2_rebuilt_mutated_A_100_MET.pdb  -8398.93976665861  7379.7255   5074.3113337609           -12226.0395218162           -9111.54054018532       6407.72222
design2_rebuilt_mutated_A_74_MET.pdb   -8391.71869359257  7348.27278  5056.22347782493          -12240.2846178758           -9135.1431912228        6396.84188
design2_rebuilt_mutated_A_33_HIS.pdb   -8391.15288317588  7349.99515  5053.35978902969          -12221.6918219654           -9118.22786214284       6250.90157
design2_rebuilt_mutated_A_33_CYS.pdb   -8390.80352567958  7349.20712  5051.2077753406           -12252.3996714193           -9141.80277947204       6368.02733
design2_rebuilt_mutated_A_52_ALA.pdb   -8388.64149287573  7335.28665  5035.44977303245          -12298.2600922561           -9142.28976939979       6369.26158
design2_rebuilt_mutated_A_71_GLN.pdb   -8388.50131149213  7361.62931  5079.24814327479          -12170.6114248621           -9118.08461735177       6399.44183
design2_rebuilt_mutated_A_90_GLY.pdb   -8379.7958636176   7300.6751   5034.02660255656          -12156.541080628            -9062.53093252327       6386.89968
design2_rebuilt_mutated_A_89_TRP.pdb   -8374.69104952844  7370.75981  5076.50032241888          -12177.6539327735           -9086.89522872206       6415.91251
design2_rebuilt_mutated_A_88_LYS.pdb   -8370.57991046309  7400.03412  5087.36188145424          -12192.3539550562           -9090.09323633078       6447.18359
design2_rebuilt_mutated_A_52_GLN.pdb   -8370.22307915523  7355.21681  5043.07213970844          -12267.2548246174           -9101.85120658993       6255.54304
design2_rebuilt_mutated_A_70_MET.pdb   -8364.64104887658  7309.02844  5036.05455721871          -12213.870141681            -9075.02028833322       6390.05873
design2_rebuilt_mutated_A_90_LEU.pdb   -8358.37266236379  7382.95065  5067.60694459989          -12274.856921107            -9117.03250126189       6450.35281
design2_rebuilt_mutated_A_89_GLY.pdb   -8356.8252369986   7351.17594  5076.47773388988          -12126.020692269            -9067.94634596432       6396.32864
design2_rebuilt_mutated_A_101_PHE.pdb  -8353.68863903703  7361.26028  5067.06703988904          -12151.8362248098           -9066.0122142062        6406.41298
design2_rebuilt_mutated_A_52_GLU.pdb   -8353.63695398322  7353.11514  5038.94003125327          -12256.7204689923           -9080.77732908546       6252.66944
design2_rebuilt_mutated_A_101_GLY.pdb  -8350.21134430585  7342.48186  5059.82529750526          -12125.9750708869           -9067.89271003281       6385.8526
design2_rebuilt_mutated_A_52_PRO.pdb   -8349.50586727177  7339.95925  5035.92213798163          -12253.876592308            -9102.02897889528       6374.9609
design2_rebuilt_mutated_A_90_GLN.pdb   -8342.62178492916  7386.36626  5068.16182889434          -12279.8908649898           -9145.00109797741       6429.82644
design2_rebuilt_mutated_A_101_TYR.pdb  -8325.56830717443  7370.14568  5055.31233319323          -12178.2603429377           -9048.62175287776       6415.29838
design2_rebuilt_mutated_A_33_PHE.pdb   -8322.67687338005  7354.75094  5044.10842557702          -12182.7280028247           -9056.31164163527       6252.97488
design2_rebuilt_mutated_A_49_GLY.pdb   -8313.82166944255  7346.99383  5042.13976429508          -12185.465969182            -9063.40098023212       6394.65893
design2_rebuilt_mutated_A_89_GLN.pdb   -8312.28490265677  7345.92169  5055.74785035947          -12156.890228672            -9055.45190619588       6393.58679
design2_rebuilt_mutated_A_52_VAL.pdb   -8307.59180651322  7346.73385  5029.36705492824          -12255.9382988041           -9057.98656919306       6382.3189
design2_rebuilt_mutated_A_52_CYS.pdb   -8307.33759382347  7348.93561  5030.16844609668          -12246.5406278606           -9059.71333347147       6384.69166
design2_rebuilt_mutated_A_52_GLY.pdb   -8297.82996983852  7324.92973  5017.64062396165          -12238.0899408329           -9097.80152078928       6340.40138
design2_rebuilt_mutated_A_52_ILE.pdb   -8294.35346566821  7355.71727  5032.26825814406          -12257.4448737119           -9044.03668267024       6394.68487
design2_rebuilt_mutated_A_33_GLY.pdb   -8291.0096243301   7326.55989  5025.29330607756          -12162.3318357974           -9055.41783858526       6352.39772
design2_rebuilt_mutated_A_31_TRP.pdb   -8286.90430340953  7360.05074  5050.65013484871          -12169.8861023524           -9054.79875019522       6382.97893
design2_rebuilt_mutated_A_44_LYS.pdb   -8284.97530725566  7393.42435  5054.42525417671          -12160.555661155            -9027.75082202254       6438.57705
design2_rebuilt_mutated_A_52_LEU.pdb   -8282.55676827361  7358.69862  5032.56263090734          -12255.1648408087           -9033.61107317302       6397.89215
design2_rebuilt_mutated_A_90_CYS.pdb   -8281.11567340173  7337.24157  5036.14099391179          -12173.8743974801           -9063.35574041191       6361.29691
design2_rebuilt_mutated_A_72_PRO.pdb   -8270.35517932622  7303.27214  5019.88452432962          -12100.2880231609           -9058.47770197536       6322.37344
design2_rebuilt_mutated_A_74_ASN.pdb   -8262.33523444206  7322.55161  5019.35032650349          -12137.2621944819           -9016.10171873229       6370.18521
design2_rebuilt_mutated_A_74_ILE.pdb   -8255.2054872695   7328.32456  5026.01162297994          -12122.9137852768           -9003.38155202261       6377.88426
design2_rebuilt_mutated_A_88_PHE.pdb   -8243.54179977477  7331.46994  5045.13074855615          -12023.4256620354           -8946.52136954696       6365.94669
design2_rebuilt_mutated_A_33_TYR.pdb   -8222.32537577301  7338.05209  5019.2747153918           -12120.6739169864           -8990.46973120761       6260.76522
design2_rebuilt_mutated_A_72_ASP.pdb   -8215.70328516961  7301.04164  5015.06351729456          -12002.983541646            -8853.88943456632       6393.78039
design2_rebuilt_mutated_A_101_LYS.pdb  -8215.46296501673  7376.2791   5055.72346486846          -12052.3797706432           -8926.92825879552       6421.4318
design2_rebuilt_mutated_A_72_PHE.pdb   -8199.67635082404  7341.68342  5031.70924432595          -12084.4539284794           -8908.93135236135       6415.77976
design2_rebuilt_mutated_A_100_TRP.pdb  -8197.85245595873  7427.54553  5080.30421498918          -12160.3383653758           -9025.61615164337       6409.83717
design2_rebuilt_mutated_A_74_VAL.pdb   -8192.42027608643  7313.92332  5006.88732276609          -12079.3880607622           -8948.60196104109       6361.74992
design2_rebuilt_mutated_A_52_MET.pdb   -8189.2322156858   7360.92706  5020.0812231585           -12148.2388803351           -8914.58979860575       6263.17307
design2_rebuilt_mutated_A_74_ASP.pdb   -8180.94497949582  7321.28806  5008.83875667645          -12072.5095897959           -8937.41500019885       6369.04746
design2_rebuilt_mutated_A_74_THR.pdb   -8168.29788728551  7305.35917  4998.05394905889          -12054.4475512963           -8939.98947757952       6344.05002
design2_rebuilt_mutated_A_74_PRO.pdb   -8165.70340921339  7296.33516  4995.0118621613           -12037.885403597            -8943.64607477318       6335.97289
design2_rebuilt_mutated_A_100_LYS.pdb  -8158.36004864751  7424.60689  5053.12947665571          -12161.3484659976           -8927.21404690259       6406.93673
design2_rebuilt_mutated_A_50_LEU.pdb   -8150.27003213299  7340.1626   5008.55492434795          -12188.1409153176           -8902.11507485787       6387.8277
design2_rebuilt_mutated_A_72_ASN.pdb   -8142.37888712927  7300.70536  5002.64450748814          -11957.9655951762           -8791.91896420447       6393.40841
design2_rebuilt_mutated_A_102_LYS.pdb  -8141.86288935663  7383.99115  5058.26057098402          -11994.1761913367           -8904.7410189537        6421.27655
design2_rebuilt_mutated_A_72_HIS.pdb   -8133.82477416818  7336.40705  5015.70234992132          -12055.0090531426           -8857.85286129354       6410.50339
design2_rebuilt_mutated_A_72_TYR.pdb   -8120.32289771616  7329.56812  5012.02148905295          -11992.5073694339           -8815.32345859396       6402.33016
design2_rebuilt_mutated_A_52_LYS.pdb   -8111.95416925546  7359.96211  5010.96532088298          -12112.4338477361           -8874.62430005075       6259.84648
design2_rebuilt_mutated_A_74_CYS.pdb   -8088.93043760328  7315.54107  4987.29611817246          -12016.2104997727           -8857.63485112281       6363.28097
design2_rebuilt_mutated_A_88_PRO.pdb   -8087.77632816893  7325.68342  5014.72387400506          -11973.254543754            -8858.470644241         6375.34529
design2_rebuilt_mutated_A_74_ALA.pdb   -8087.6603194159   7289.43027  4975.63001623208          -11989.4895174481           -8871.00260463464       6331.09233
design2_rebuilt_mutated_A_49_TRP.pdb   -8078.33332651263  7363.10722  5025.40486589855          -12013.1679009252           -8826.58996423681       6410.77232
design2_rebuilt_mutated_A_74_SER.pdb   -8078.23194518453  7290.46913  4976.28793962264          -11979.0045214734           -8860.1301653347        6332.1618
design2_rebuilt_mutated_A_72_LEU.pdb   -8074.25080618104  7312.016    5003.22344470421          -11923.5720602397           -8713.91825698683       6405.08785
design2_rebuilt_mutated_A_72_GLU.pdb   -8050.6828085224   7308.49364  4994.08682021494          -11947.288010544            -8777.78898193736       6343.23694
design2_rebuilt_mutated_A_89_ARG.pdb   -8032.88242149617  7352.89847  5021.71302096558          -11940.1961561222           -8777.58704975562       6400.56357
design2_rebuilt_mutated_A_72_ILE.pdb   -8020.75002320742  7334.27545  4994.25170360935          -12008.5793637148           -8793.71936553294       6381.08426
design2_rebuilt_mutated_A_72_GLN.pdb   -8019.86232999126  7353.38697  5005.18362707165          -12021.8927827815           -8760.49327514052       6417.83922
design2_rebuilt_mutated_A_44_TYR.pdb   -8004.30814592512  7428.39175  5014.44508287768          -12020.117495421            -8749.48314061139       6473.60755
design2_rebuilt_mutated_A_74_GLY.pdb   -7993.3083490601   7275.31776  4956.65736713982          -11904.936599062            -8778.01662674104       6319.04999
design2_rebuilt_mutated_A_72_THR.pdb   -7962.86689106963  7290.55873  4968.12940883363          -11892.9651508154           -8748.98746285496       6310.62373
design2_rebuilt_mutated_A_71_GLU.pdb   -7948.82034500545  7354.39673  5003.00318825187          -11917.7041155984           -8700.85547920673       6402.06183
design2_rebuilt_mutated_A_44_PHE.pdb   -7945.223747799    7425.49423  5004.52891334037          -11975.4669098621           -8693.36355888997       6470.71003
design2_rebuilt_mutated_A_44_TRP.pdb   -7944.44335199163  7432.65812  5008.02383955085          -11975.0257070918           -8685.62305194587       6474.96452
design2_rebuilt_mutated_A_70_TYR.pdb   -7918.93408538427  7320.85548  4984.17557079981          -11811.1196002738           -8587.02014365694       6417.99063
design2_rebuilt_mutated_A_72_ALA.pdb   -7910.74126956423  7309.41343  4965.13420243635          -11931.8829618966           -8710.17491570615       6352.24909
design2_rebuilt_mutated_A_72_MET.pdb   -7894.30196961529  7311.25789  4972.57742413469          -11848.6026245326           -8635.18846635381       6350.00606
design2_rebuilt_mutated_A_72_LYS.pdb   -7892.87793292759  7323.74025  4975.64063558751          -11868.7792091759           -8626.51877270809       6362.52465
design2_rebuilt_mutated_A_72_CYS.pdb   -7886.48991778495  7330.66975  4971.06026015857          -11920.5179894677           -8636.69919902521       6395.122
design2_rebuilt_mutated_A_72_VAL.pdb   -7880.93841029196  7289.0384   4957.0682048844           -11838.3585384569           -8671.08711142169       6310.2309
design2_rebuilt_mutated_A_72_SER.pdb   -7875.07323549794  7309.40087  4960.06905105579          -11906.3357414056           -8677.33256854629       6352.3009
design2_rebuilt_mutated_A_72_GLY.pdb   -7848.32003236285  7294.54491  4951.91967182865          -11857.2193861672           -8644.9219792973        6336.76799
design2_rebuilt_mutated_A_49_LYS.pdb   -7825.22938945274  7407.31154  4997.31679998178          -11855.1226209883           -8538.37789669041       6452.46424
design2_rebuilt_mutated_A_71_ARG.pdb   -7813.06275118187  7365.61598  4996.84461743521          -11814.0992963054           -8557.58796786946       6413.28108
design2_rebuilt_mutated_A_88_GLY.pdb   -7735.02243455763  7300.22164  4955.49439282602          -11625.57498765             -8421.04751622053       6387.60028
design2_rebuilt_mutated_A_89_LYS.pdb   -7724.96673303678  7347.36835  4983.84788322081          -11683.1233252866           -8468.27260724537       6395.03345
design2_rebuilt_mutated_A_71_LYS.pdb   -7496.38765362949  7384.18939  4951.49030976009          -11645.7288016424           -8278.04297855804       6431.85449
design3_rebuilt_mutated_A_45_TRP.pdb   -876.076175470652  3007.7254   1666.28007252737          -3296.13853659774           -1867.07576092542       1603.54377
design3_rebuilt_mutated_A_28_TYR.pdb   -810.047908198568  2968.87541  1651.57886703991          -3203.29243531399           -1842.1016767807        1692.8966
design3_rebuilt_mutated_A_45_ARG.pdb   -681.440632093646  3005.31975  1634.37506169559          -3135.14493890418           -1654.28681769311       1605.3367
design3_rebuilt_mutated_A_45_MET.pdb   -588.469621782176  2984.45608  1612.00022158901          -3056.57008103006           -1588.23874898051       1633.70417
design3_rebuilt_mutated_A_55_HIS.pdb   -538.339688531392  2971.88766  1596.53998534033          -2946.24437919281           -1500.1983733855        1686.81397
design3_rebuilt_mutated_A_20_TYR.pdb   -527.71640363593   2997.05324  1612.09796482941          -3035.78588481505           -1578.04560551344       1700.32749
design3_rebuilt_mutated_A_24_TYR.pdb   -516.623491715453  2974.87563  1599.38271346096          -3030.61704300908           -1582.24017854243       1681.75892
design3_rebuilt_mutated_A_27_TRP.pdb   -506.688379018803  2958.38285  1591.32042669913          -2980.15111379857           -1569.4189283479        1646.43763
design3_rebuilt_mutated_A_24_HIS.pdb   -505.00014934659   2962.40665  1590.93001456095          -3002.20717398878           -1576.18755279492       1668.13726
design3_rebuilt_mutated_A_42_TRP.pdb   -502.994806566693  3000.76254  1607.29750388911          -3023.40189196094           -1619.03716378043       1697.10484
design3_rebuilt_mutated_A_59_PHE.pdb   -500.441252513511  3005.48855  1606.53001259273          -2949.54376471398           -1446.63576161209       1848.73246
design3_rebuilt_mutated_A_20_HIS.pdb   -500.109968188939  2988.27163  1596.79891395702          -3017.44182015038           -1594.57257997665       1678.72092
design3_rebuilt_mutated_A_59_TYR.pdb   -489.204471896833  3004.38252  1603.26100691397          -2942.49487389473           -1409.4624046691        1624.52599
design3_rebuilt_mutated_A_59_ASP.pdb   -483.101960905664  2963.86912  1583.1006977729           -2923.26025899369           -1442.47409509871       1594.31267
design3_rebuilt_mutated_A_55_TRP.pdb   -480.83503584895   2971.1739   1585.49681069414          -2932.29958726252           -1535.27229755228       1638.35187
design3_rebuilt_mutated_A_59_PRO.pdb   -480.641466737754  2949.88016  1576.74795466766          -2920.29100872107           -1445.79408675533       1594.26977
design3_rebuilt_mutated_A_24_GLN.pdb   -475.554383721407  2960.71234  1586.12739288418          -2975.96493266023           -1549.80933091467       1664.68616
design3_rebuilt_mutated_A_20_LYS.pdb   -474.724154938044  2973.83989  1591.02648812456          -3005.72285747203           -1556.32749642857       1652.15814
design3_rebuilt_mutated_A_59_ASN.pdb   -473.729952124824  2965.55101  1582.35500956149          -2922.37442823568           -1445.29882202152       1594.31267
design3_rebuilt_mutated_A_55_ILE.pdb   -471.456782480065  2959.50794  1579.68755763775          -2906.8590866157            -1484.76303153106       1677.62629
design3_rebuilt_mutated_A_49_ILE.pdb   -471.10664038207   3018.76408  1611.42927533805          -2991.66854154683           -1477.14342438286       1625.06402
design3_rebuilt_mutated_A_59_ALA.pdb   -469.45452225986   2952.66856  1576.76980418766          -2912.47798241115           -1428.73388006202       1597.62333
design3_rebuilt_mutated_A_62_TRP.pdb   -466.885862146781  2980.67723  1588.33463057403          -2927.67845583045           -1497.03555527203       1679.70599
design3_rebuilt_mutated_A_59_HIS.pdb   -459.772107105978  2973.88191  1583.73678852206          -2916.63402485486           -1421.95081698888       1578.59947
design3_rebuilt_mutated_A_20_LEU.pdb   -455.771881006755  2974.23337  1589.3760727905           -2980.30675899333           -1526.18783523034       1653.52647
design3_rebuilt_mutated_A_59_GLY.pdb   -453.374633842698  2951.30706  1572.59305437121          -2903.23555209324           -1417.76356002328       1600.03872
design3_rebuilt_mutated_A_63_GLY.pdb   -450.191920185566  2916.84353  1552.28615309319          -2860.98244149297           -1490.68110051267       1652.04938
design3_rebuilt_mutated_A_59_THR.pdb   -447.816492984907  2966.43155  1582.57942592794          -2912.69802754959           -1456.34110502973       1611.22557
design3_rebuilt_mutated_A_59_GLN.pdb   -443.180068788401  2978.72791  1584.09314551785          -2912.12855614802           -1497.94176893937       1665.94619
design3_rebuilt_mutated_A_59_SER.pdb   -441.442429865239  2952.39431  1572.31535591788          -2890.5974933329            -1418.62207665044       1597.19488
design3_rebuilt_mutated_A_24_PHE.pdb   -439.6952032311    2972.24678  1584.30407252659          -2979.65188070822           -1515.81788824433       1679.0975
design3_rebuilt_mutated_A_63_SER.pdb   -439.535279740109  2918.04136  1551.91803497242          -2853.8417512194            -1481.10011228113       1662.76328
design3_rebuilt_mutated_A_20_ASP.pdb   -438.936638603067  2940.7946   1567.41025134636          -2953.17957095918           -1528.86116892887       1620.41003
design3_rebuilt_mutated_A_9_TRP.pdb    -438.283115977966  2946.10367  1571.27369807278          -2917.07207043801           -1549.45538186725       1660.29657
design3_rebuilt_mutated_A_24_THR.pdb   -436.586759059122  2954.92341  1575.37424329169          -2945.12228354086           -1514.9846394484        1647.24995
design3_rebuilt_mutated_A_49_VAL.pdb   -432.795802178812  2988.1703   1592.72728700623          -2969.20460289526           -1493.0366741515        1652.07951
design3_rebuilt_mutated_A_42_ILE.pdb   -432.104433171426  3018.74772  1601.23851632178          -2977.33691669682           -1489.06518296623       1702.69331
design3_rebuilt_mutated_A_42_ASN.pdb   -425.358111539548  2999.07217  1591.19079872812          -2951.88969413055           -1509.36631654557       1684.17278
design3_rebuilt_mutated_A_48_TRP.pdb   -425.018793760238  2985.76838  1588.21988400614          -2981.27130837263           -1551.3433499057        1623.92123
design3_rebuilt_mutated_A_16_GLY.pdb   -421.70509901061   2972.43151  1578.7665727172           -2948.56942561931           -1529.39244779708       1684.93451
design3_rebuilt_mutated_A_24_ASN.pdb   -418.914493119558  2958.11571  1574.19712924312          -2934.83630642731           -1491.90321357272       1661.36622
design3_rebuilt_mutated_A_3_ARG.pdb    -418.477196148559  3003.45723  1593.47303627005          -2933.0326079241            -1422.92831179178       1594.31267
design3_rebuilt_mutated_A_59_CYS.pdb   -413.593773782141  2970.27888  1578.62383924466          -2900.30659393136           -1448.87571974942       1611.63987
design3_rebuilt_mutated_A_3_ASN.pdb    -410.681744171123  2958.75283  1569.32982598144          -2895.11619197616           -1433.06309923706       1594.31267
design3_rebuilt_mutated_A_42_PRO.pdb   -409.272912448957  3005.15681  1588.91324083758          -2949.59326098206           -1494.03559622193       1634.83783
design3_rebuilt_mutated_A_24_GLU.pdb   -407.515216620952  2961.37831  1574.03408304466          -2930.91614017906           -1485.4211814107        1665.42216
design3_rebuilt_mutated_A_6_HIS.pdb    -406.071372800063  2930.65008  1555.86748745907          -2877.08416894767           -1449.52633371728       1595.31946
design3_rebuilt_mutated_A_24_LYS.pdb   -402.086249076331  2962.59361  1574.50048416261          -2932.01534183644           -1480.10229393156       1655.4801
design3_rebuilt_mutated_A_20_GLN.pdb   -401.863308514988  2953.43117  1567.67594269268          -2931.45976691269           -1442.43298604037       1598.52791
design3_rebuilt_mutated_A_63_THR.pdb   -401.055368099317  2909.59954  1541.70280066291          -2832.46966137501           -1407.81473766104       1589.68926
design3_rebuilt_mutated_A_24_PRO.pdb   -401.035216382654  2945.42362  1564.93988032796          -2908.69400717247           -1471.6526263127        1621.66397
design3_rebuilt_mutated_A_45_LEU.pdb   -400.705759884133  2954.95462  1569.76520127653          -2917.31900457874           -1453.13795794507       1645.33179
design3_rebuilt_mutated_A_63_ILE.pdb   -400.020619314881  2942.90242  1557.55232762375          -2860.24525599447           -1427.46312941323       1617.14776
design3_rebuilt_mutated_A_6_TYR.pdb    -397.215303700157  2925.08786  1554.16135099545          -2851.16427185284           -1378.5742919241        1613.17582
design3_rebuilt_mutated_A_16_ASP.pdb   -397.058430572118  2976.16989  1578.53082649648          -2925.38030587224           -1506.09296080824       1692.6308
design3_rebuilt_mutated_A_3_GLY.pdb    -396.192214652737  2961.53016  1565.4477693866           -2896.64351704099           -1446.93675415002       1649.20417
design3_rebuilt_mutated_A_6_ASP.pdb    -394.701339484746  2923.40546  1550.88589439408          -2860.15561890181           -1376.01849600653       1645.21931
design3_rebuilt_mutated_A_63_MET.pdb   -391.405593254867  2993.33959  1578.67138464768          -2915.28298016018           -1531.81391482531       1701.56951
design3_rebuilt_mutated_A_12_ASN.pdb   -391.065785699216  2935.29861  1556.81078616024          -2907.94196836044           -1394.87500626702       1623.65346
design3_rebuilt_mutated_A_37_PRO.pdb   -390.519001209429  2961.36317  1562.52266752413          -2900.03709946234           -1434.45026443324       1609.62775
design3_rebuilt_mutated_A_24_MET.pdb   -385.294822133385  2958.84067  1569.56423166313          -2914.6257341372            -1471.38763599429       1645.77827
design3_rebuilt_mutated_A_26_TRP.pdb   -384.803826994178  2963.19441  1568.42269405088          -2898.26524739603           -1482.71028699079       1627.15945
design3_rebuilt_mutated_A_6_ASN.pdb    -384.528394370933  2924.94824  1549.90718442165          -2858.10332230062           -1375.79254507649       1645.21931
design3_rebuilt_mutated_A_63_ALA.pdb   -382.341862803498  2949.71914  1555.28259277879          -2858.65023181107           -1484.85616041115       1652.04938
design3_rebuilt_mutated_A_37_THR.pdb   -382.327877205284  2965.90249  1562.92459635825          -2901.77836377607           -1422.45519875327       1608.43754
design3_rebuilt_mutated_A_24_LEU.pdb   -380.823160521669  2963.36416  1568.6294317411           -2938.46658126025           -1488.25449404197       1662.97446
design3_rebuilt_mutated_A_16_ASN.pdb   -377.14349786663   2976.3927   1574.29438260989          -2914.1319819343            -1490.19469998286       1693.12021
design3_rebuilt_mutated_A_6_PHE.pdb    -377.078979975192  2922.00099  1549.44343877111          -2832.90340829681           -1359.74953067579       1613.40832
design3_rebuilt_mutated_A_3_MET.pdb    -376.625756799404  2981.99083  1572.65220218325          -2889.90877619015           -1415.62190404018       1594.31267
design3_rebuilt_mutated_A_63_PRO.pdb   -375.507703591112  2941.01141  1549.64966732106          -2855.17439179158           -1430.12113396931       1591.49896
design3_rebuilt_mutated_A_12_ILE.pdb   -374.770393223369  2934.26137  1554.83564687777          -2893.60673181904           -1401.6364628445        1653.99476
design3_rebuilt_mutated_A_24_ASP.pdb   -371.279803606656  2956.4805   1564.53701850614          -2899.04261734326           -1451.41331471612       1654.75671
design3_rebuilt_mutated_A_37_ASP.pdb   -370.977957296483  2970.41991  1562.64908343349          -2904.63467151344           -1420.46717043717       1609.68128
design3_rebuilt_mutated_A_37_SER.pdb   -369.169176795098  2965.20965  1560.47570359429          -2891.89424335173           -1422.31397229769       1608.36389
design3_rebuilt_mutated_A_37_GLY.pdb   -367.751963941035  2955.72981  1555.1677595608           -2881.17817035036           -1433.68608422448       1610.82179
design3_rebuilt_mutated_A_42_ASP.pdb   -365.83769973382   2998.09239  1578.09762682496          -2919.1783729072            -1461.86411650158       1682.9486
design3_rebuilt_mutated_A_13_TYR.pdb   -364.699368439371  2989.51292  1579.98105488048          -2908.29423674405           -1439.21011190827       1864.27389
design3_rebuilt_mutated_A_9_PHE.pdb    -363.535611722646  2975.01621  1573.12911690962          -2916.02306722191           -1483.57057100501       1619.20155
design3_rebuilt_mutated_A_63_ASN.pdb   -362.725066695392  2972.09425  1565.35283333035          -2877.57378826789           -1515.96096848155       1651.22328
design3_rebuilt_mutated_A_16_PRO.pdb   -359.737272565032  2970.54015  1569.67214045342          -2895.33630016688           -1461.64960835907       1716.30526
design3_rebuilt_mutated_A_13_ARG.pdb   -359.63392647046   2951.21826  1552.46276880942          -2855.7738723159            -1396.09775231625       1717.97298
design3_rebuilt_mutated_A_37_ALA.pdb   -359.123558797437  2962.11831  1556.68952768701          -2879.76622417882           -1425.4457506875        1609.65639
design3_rebuilt_mutated_A_6_ALA.pdb    -355.148556236244  2928.0696   1543.01284633216          -2856.10194374205           -1415.82525660835       1608.47215
design3_rebuilt_mutated_A_2_TYR.pdb    -354.212651404711  2959.28792  1559.85326583107          -2889.08369880251           -1460.55436653757       1625.83675
design3_rebuilt_mutated_A_37_ASN.pdb   -353.93291296278   2973.14714  1560.69584963134          -2898.69578820553           -1409.77578489817       1609.68128
design3_rebuilt_mutated_A_3_PRO.pdb    -352.590461276425  2979.05749  1570.15756498592          -2897.5351774249            -1461.15316075294       1626.72547
design3_rebuilt_mutated_A_24_CYS.pdb   -352.262173685974  2957.82391  1560.12489601683          -2894.56893332167           -1438.04166195742       1661.98263
design3_rebuilt_mutated_A_20_GLU.pdb   -351.693179264986  2952.41876  1557.54847797952          -2900.75603118505           -1413.882178337         1598.65194
design3_rebuilt_mutated_A_55_PRO.pdb   -351.231066359327  2922.83385  1540.7960775236           -2861.22637631326           -1426.20660987333       1608.50955
design3_rebuilt_mutated_A_63_VAL.pdb   -350.141759072262  2917.29888  1536.74593003579          -2813.08238317443           -1392.35693482381       1590.48306
design3_rebuilt_mutated_A_16_ALA.pdb   -348.089551415472  2971.99199  1566.40188717784          -2897.21733907567           -1475.12606656977       1688.8925
design3_rebuilt_mutated_A_26_TYR.pdb   -347.220562763335  2948.97417  1553.80086852634          -2863.84773553108           -1445.55480593307       1632.29321
design3_rebuilt_mutated_A_37_CYS.pdb   -346.268970787655  2962.8272   1554.42942673746          -2877.61179097441           -1408.34613831683       1609.68128
design3_rebuilt_mutated_A_42_LEU.pdb   -345.707831201469  3003.7484   1576.18640229861          -2913.79821969603           -1439.95945291215       1694.65914
design3_rebuilt_mutated_A_24_VAL.pdb   -344.316185194275  2969.55623  1566.7448038183           -2878.86656292015           -1423.77689763815       1670.11224
design3_rebuilt_mutated_A_63_TRP.pdb   -342.594989511072  3015.10398  1580.97323400782          -2914.74498768643           -1505.4002870125        1738.53577
design3_rebuilt_mutated_A_27_PRO.pdb   -342.140631145685  2914.84357  1531.03238862118          -2829.67335596805           -1427.86450127631       1593.21519
design3_rebuilt_mutated_A_42_ALA.pdb   -341.781454542308  2999.74863  1573.72131805706          -2902.38152233174           -1436.39224554287       1624.7887
design3_rebuilt_mutated_A_6_GLY.pdb    -341.534005080557  2925.0983   1539.38712331255          -2847.00775816751           -1404.95090122445       1609.88789
design3_rebuilt_mutated_A_24_ALA.pdb   -341.28766959277   2944.89317  1551.93093970383          -2876.14202488292           -1426.90119617947       1622.74745
design3_rebuilt_mutated_A_58_TYR.pdb   -341.225265360583  2973.45041  1563.3945917066           -2906.70905063807           -1447.81420514438       1653.28257
design3_rebuilt_mutated_A_24_ILE.pdb   -341.205937758729  2968.24144  1564.76892971057          -2876.04322788767           -1417.48502594302       1680.9698
design3_rebuilt_mutated_A_6_SER.pdb    -340.803824621713  2928.05415  1539.95547521208          -2850.25498083882           -1407.84020565225       1608.50955
design3_rebuilt_mutated_A_9_ILE.pdb    -339.611556347193  2915.44652  1533.52556963358          -2838.64102021183           -1410.54384271536       1603.52357
design3_rebuilt_mutated_A_55_GLY.pdb   -336.618306224607  2915.67725  1534.62589890388          -2848.51781996875           -1412.87505879938       1608.50955
design3_rebuilt_mutated_A_24_SER.pdb   -335.633503006277  2950.92666  1554.63594538588          -2872.51159473215           -1408.00258793416       1621.87931
design3_rebuilt_mutated_A_44_TRP.pdb   -335.2452961083    2947.97671  1549.74654162937          -2862.8535898008            -1417.81183839182       1636.09381
design3_rebuilt_mutated_A_63_HIS.pdb   -332.111333752294  2962.26283  1555.06654498406          -2856.26844576687           -1489.86605528524       1651.80368
design3_rebuilt_mutated_A_37_VAL.pdb   -331.977855155331  2970.84487  1557.43421188898          -2884.07111015091           -1395.73824875258       1608.61791
design3_rebuilt_mutated_A_45_GLN.pdb   -330.809249957166  2996.54222  1573.11233999917          -2864.68938003251           -1374.56147496484       1680.95381
design3_rebuilt_mutated_A_27_HIS.pdb   -330.634759453937  2926.95679  1539.54794005453          -2860.7693662313            -1444.77336030263       1581.84499
design3_rebuilt_mutated_A_55_ASP.pdb   -330.005128842858  2936.0155   1541.68052189896          -2860.08981970414           -1408.56501796956       1612.70529
design3_rebuilt_mutated_A_20_ARG.pdb   -327.825185277755  2990.85248  1571.85626773258          -2889.76665688481           -1382.96608214155       1723.95517
design3_rebuilt_mutated_A_49_GLU.pdb   -327.319440362953  2975.45589  1558.71964193176          -2895.31618403014           -1418.15131238213       1558.40825
design3_rebuilt_mutated_A_20_ILE.pdb   -326.798066217555  2940.10961  1544.39227930457          -2884.18951629358           -1422.97115489663       1626.03609
design3_rebuilt_mutated_A_16_CYS.pdb   -326.296225178589  2975.60885  1564.16319766109          -2882.38521355721           -1445.81141017922       1691.31086
design3_rebuilt_mutated_A_49_GLN.pdb   -325.579932123517  2987.39304  1566.75119060192          -2911.70958885416           -1456.54237952345       1607.87586
design3_rebuilt_mutated_A_12_GLN.pdb   -325.239427760438  2942.9044   1548.62116773228          -2873.29420236358           -1349.91840115045       1624.22386
design3_rebuilt_mutated_A_9_VAL.pdb    -324.251006363703  2914.622    1529.75209480527          -2830.36045366843           -1402.25223533816       1585.68777
design3_rebuilt_mutated_A_3_ALA.pdb    -323.643020327811  2974.86079  1562.45915144748          -2881.2924584176            -1446.02372771198       1627.09547
design3_rebuilt_mutated_A_42_SER.pdb   -323.338832541818  2998.70263  1568.80951862108          -2898.73487888907           -1430.96856526932       1623.0151
design3_rebuilt_mutated_A_12_ARG.pdb   -323.250359925425  2955.64612  1556.32984838006          -2882.06347815589           -1404.36175638003       1645.49887
design3_rebuilt_mutated_A_26_PHE.pdb   -322.774759938989  2948.91005  1548.41876455398          -2851.97396036046           -1438.05961693133       1632.30539
design3_rebuilt_mutated_A_26_HIS.pdb   -322.480793346205  2945.92623  1546.68062819617          -2850.06142566981           -1444.76845675274       1633.16507
design3_rebuilt_mutated_A_45_ASP.pdb   -322.163500374451  2943.56146  1551.70231730183          -2859.08640750202           -1403.58383623771       1637.78893
design3_rebuilt_mutated_A_2_GLY.pdb    -322.082664519588  2936.00591  1544.11869942028          -2862.48848644518           -1428.14205657302       1625.83675
design3_rebuilt_mutated_A_31_GLU.pdb   -322.022013587229  2978.1426   1562.00774347467          -2891.22267827901           -1451.93703461931       1614.91484
design3_rebuilt_mutated_A_20_ASN.pdb   -320.869424232613  2941.95748  1546.4208806105           -2877.59316359363           -1425.90983758141       1620.30793
design3_rebuilt_mutated_A_58_HIS.pdb   -320.247584349847  2956.41851  1549.24152848674          -2882.68977931269           -1442.67702204826       1606.92885
design3_rebuilt_mutated_A_49_ARG.pdb   -319.441391798199  3037.77146  1589.97164455903          -2943.26341955296           -1472.5800001682        1669.47391
design3_rebuilt_mutated_A_37_TYR.pdb   -318.476584533905  2940.44017  1542.83918251507          -2860.62854390427           -1404.55254306726       1609.68128
design3_rebuilt_mutated_A_12_CYS.pdb   -318.327519215002  2934.90755  1544.13866203013          -2858.31697900939           -1360.18912951          1623.65346
design3_rebuilt_mutated_A_6_CYS.pdb    -318.273979980468  2928.30745  1535.96363409075          -2841.2518001036            -1397.71728276496       1608.50955
design3_rebuilt_mutated_A_26_THR.pdb   -316.805513305281  2948.42628  1547.53058448848          -2864.07366174691           -1415.53820539879       1608.31232
design3_rebuilt_mutated_A_55_ASN.pdb   -316.484916215591  2937.05984  1541.28947436444          -2858.64857322834           -1410.17505863905       1612.42164
design3_rebuilt_mutated_A_55_ALA.pdb   -315.637251394073  2923.35445  1535.25327391451          -2846.47160219047           -1412.07306915432       1608.50955
design3_rebuilt_mutated_A_34_ARG.pdb   -315.531845804114  2979.84998  1562.84199967249          -2886.51955526253           -1397.83189937185       1669.07524
design3_rebuilt_mutated_A_12_GLU.pdb   -315.036367465225  2946.73691  1548.10589049263          -2868.89257444133           -1432.46059824731       1586.87785
design3_rebuilt_mutated_A_12_PRO.pdb   -314.673613743927  2939.18509  1541.13632457132          -2869.83139514289           -1341.92129855814       1594.11036
design3_rebuilt_mutated_A_26_ARG.pdb   -314.374417389974  2966.16694  1556.08032809318          -2879.60360978379           -1427.74640479351       1555.98435
design3_rebuilt_mutated_A_63_ASP.pdb   -313.545081667406  2958.63359  1549.29451861335          -2839.88943812142           -1480.57074355486       1651.83758
design3_rebuilt_mutated_A_20_PRO.pdb   -309.460060308095  2926.0947   1534.86076052546          -2854.91780388849           -1409.09902722465       1595.09734
design3_rebuilt_mutated_A_58_PHE.pdb   -309.286373915571  2962.80039  1553.80746087422          -2886.18602660669           -1436.30587015538       1624.81295
design3_rebuilt_mutated_A_30_SER.pdb   -308.174584222898  2941.80945  1542.8301195258           -2847.9114613982            -1394.03741809516       1606.76486
design3_rebuilt_mutated_A_44_PHE.pdb   -308.046172018866  2938.92082  1539.57940463074          -2827.19728662216           -1369.29249000092       1618.47989
design3_rebuilt_mutated_A_6_ILE.pdb    -307.413191018269  2933.71968  1537.51812848885          -2844.11095332846           -1410.25276542976       1604.29741
design3_rebuilt_mutated_A_62_PRO.pdb   -307.273189859999  2939.69967  1539.45285551048          -2860.94976071622           -1416.77798282406       1608.50955
design3_rebuilt_mutated_A_58_TRP.pdb   -304.689392259376  2960.26274  1550.45084757399          -2888.14453837644           -1445.28669485267       1624.65925
design3_rebuilt_mutated_A_27_SER.pdb   -304.108143226695  2884.07498  1513.41123423508          -2802.14451421748           -1404.89280826746       1559.02105
design3_rebuilt_mutated_A_3_LYS.pdb    -303.164810292501  3004.7364   1574.40338399857          -2907.43193862608           -1427.56889957248       1632.68562
design3_rebuilt_mutated_A_59_LEU.pdb   -302.800880676535  2987.81669  1563.02501421111          -2860.11903711559           -1437.02931839599       1723.70173
design3_rebuilt_mutated_A_45_TYR.pdb   -302.670171506506  2964.5683   1553.11368652921          -2895.45235454951           -1463.43098826312       1614.3842
design3_rebuilt_mutated_A_28_TRP.pdb   -301.577200442654  2959.22065  1553.5449455086           -2881.65322416983           -1445.36618709068       1637.75565
design3_rebuilt_mutated_A_31_GLN.pdb   -299.989297129408  2979.29518  1557.73644973739          -2880.5623515654            -1441.86766908711       1610.23725
design3_rebuilt_mutated_A_20_TRP.pdb   -299.872965885739  2971.90845  1556.79751977296          -2890.6377313502            -1425.67233238075       1625.87765
design3_rebuilt_mutated_A_9_HIS.pdb    -299.540353105537  2960.69625  1552.69359253467          -2868.44749430541           -1443.1425011874        1614.46105
design3_rebuilt_mutated_A_37_ARG.pdb   -298.429896479051  3015.79015  1571.79865615859          -2897.39977745166           -1422.99273122611       1608.50955
design3_rebuilt_mutated_A_9_TYR.pdb    -297.202746572238  2942.75335  1543.37847431176          -2859.26095682371           -1441.26071064485       1575.70815
design3_rebuilt_mutated_A_45_THR.pdb   -296.661485640181  2939.7365   1544.14617411716          -2845.59067285933           -1389.01156439072       1633.52917
design3_rebuilt_mutated_A_52_THR.pdb   -295.95998062552   2948.809    1545.14319198014          -2861.87059004136           -1400.93119951252       1549.88578
design3_rebuilt_mutated_A_30_GLY.pdb   -295.631753993677  2935.40451  1536.61463775663          -2840.23468002626           -1400.53705997963       1556.12617
design3_rebuilt_mutated_A_6_LYS.pdb    -295.551427266642  2953.80173  1547.8446156298           -2845.74499968744           -1351.24591897736       1645.21931
design3_rebuilt_mutated_A_27_ARG.pdb   -295.147990047129  2928.67052  1535.8220961162           -2824.0374864125            -1300.68986535738       1646.40284
design3_rebuilt_mutated_A_2_GLN.pdb    -294.125373432964  2956.1884   1548.53638804278          -2867.28550512419           -1430.14847855888       1625.83675
design3_rebuilt_mutated_A_55_SER.pdb   -292.687627303754  2927.91193  1534.02681318313          -2845.06632794685           -1408.56709965318       1608.50955
design3_rebuilt_mutated_A_2_MET.pdb    -292.094801524337  2971.7786   1555.62575977565          -2876.53129038623           -1427.41485971792       1625.83675
design3_rebuilt_mutated_A_30_THR.pdb   -291.96375657644   2942.66549  1539.87015452888          -2842.13075570254           -1391.73246423489       1606.7608
design3_rebuilt_mutated_A_2_ALA.pdb    -291.246312851523  2946.20291  1544.81155805921          -2863.18690752045           -1429.08336964153       1625.83675
design3_rebuilt_mutated_A_2_VAL.pdb    -291.098226096372  2955.71956  1547.40399963694          -2865.47680522152           -1428.13856256446       1625.83675
design3_rebuilt_mutated_A_37_LEU.pdb   -291.096655703991  2993.76329  1560.91986708002          -2871.97695017929           -1394.66520959431       1595.01949
design3_rebuilt_mutated_A_26_SER.pdb   -291.010392681778  2946.43795  1542.02513799412          -2859.86105098114           -1414.15113645282       1608.90135
design3_rebuilt_mutated_A_62_ASN.pdb   -289.816302320063  2944.23971  1538.38477791895          -2858.803191264             -1411.75613792912       1608.50955
design3_rebuilt_mutated_A_6_LEU.pdb    -288.877760298668  2937.43653  1536.59293893495          -2838.72280842228           -1397.47766264694       1608.50955
design3_rebuilt_mutated_A_45_ASN.pdb   -288.620602926923  2943.26917  1544.69386768874          -2838.2020324525            -1368.76094081657       1637.48074
design3_rebuilt_mutated_A_2_ASP.pdb    -287.526151015258  2954.82061  1546.9665221834           -2865.71884825654           -1429.00885505688       1625.83675
design3_rebuilt_mutated_A_17_GLN.pdb   -287.001470615785  2992.05434  1559.8800513019           -2871.72650791263           -1408.73678525507       1581.28119
design3_rebuilt_mutated_A_37_HIS.pdb   -286.305187310305  2944.45319  1537.82632667033          -2839.60134121434           -1395.63135782677       1595.01949
design3_rebuilt_mutated_A_2_CYS.pdb    -286.10719313603   2951.66101  1545.68467032284          -2863.79269254333           -1427.80991139437       1625.83675
design3_rebuilt_mutated_A_37_PHE.pdb   -286.092209561084  2945.82875  1539.05634532084          -2837.70320548338           -1392.24496273384       1595.01949
design3_rebuilt_mutated_A_30_PRO.pdb   -285.58213538124   2940.8383   1537.91944933411          -2838.52050680639           -1394.44849297461       1609.21326
design3_rebuilt_mutated_A_37_MET.pdb   -285.465991781539  3001.66634  1564.1938289377           -2880.73484450189           -1409.23417011898       1657.38827
design3_rebuilt_mutated_A_2_THR.pdb    -285.462687704795  2951.61831  1545.39628161871          -2862.77030936823           -1427.30407689215       1625.83675
design3_rebuilt_mutated_A_20_ALA.pdb   -285.419844623147  2926.60342  1531.69528606495          -2837.74281903887           -1371.9237498941        1595.62185
design3_rebuilt_mutated_A_52_ARG.pdb   -285.352832481321  2999.54068  1564.45304582021          -2878.64449153108           -1400.63786668025       1633.96131
design3_rebuilt_mutated_A_62_ALA.pdb   -285.167318330383  2939.69967  1535.65604210546          -2848.52810604206           -1404.75539003547       1608.50955
design3_rebuilt_mutated_A_2_ASN.pdb    -285.142425896028  2955.93121  1547.03372710932          -2865.67835817734           -1428.98540005442       1625.83675
design3_rebuilt_mutated_A_26_ILE.pdb   -284.968031034582  2954.38363  1546.18359646335          -2849.03649974594           -1394.02198508074       1607.59905
design3_rebuilt_mutated_A_12_LEU.pdb   -284.429073963423  2941.257    1540.04242387056          -2844.24123857098           -1321.10700318586       1624.55946
design3_rebuilt_mutated_A_30_ALA.pdb   -284.035944335912  2939.28051  1536.65969323838          -2837.05124282624           -1389.22129659551       1600.99727
design3_rebuilt_mutated_A_30_ASN.pdb   -283.635280627663  2944.16926  1539.56417262642          -2842.96239175839           -1392.37630910258       1609.44025
design3_rebuilt_mutated_A_9_PRO.pdb    -283.575856912266  2926.44183  1531.58571971783          -2835.30567159999           -1418.51693607906       1559.14215
design3_rebuilt_mutated_A_42_VAL.pdb   -283.507110397301  2997.32742  1561.38923584286          -2885.83876570621           -1376.63206541195       1695.32231
design3_rebuilt_mutated_A_63_LYS.pdb   -282.444133718877  2994.6151   1561.66933945732          -2867.7162661169            -1414.74953978335       1622.76178
design3_rebuilt_mutated_A_63_LEU.pdb   -282.37627663383   2980.15111  1554.38659563769          -2854.23407316892           -1425.10069167993       1619.87037
design3_rebuilt_mutated_A_2_SER.pdb    -282.324654228199  2946.95581  1543.64469546271          -2860.88003508902           -1427.63719870309       1625.83675
design3_rebuilt_mutated_A_30_ASP.pdb   -282.19197528431   2944.17539  1538.88560010674          -2841.70164904277           -1391.43739591139       1609.49933
design3_rebuilt_mutated_A_44_TYR.pdb   -282.163234935903  2941.09602  1536.73401622772          -2823.67837714707           -1369.27601706329       1618.44389
design3_rebuilt_mutated_A_16_SER.pdb   -281.556472333473  2973.81446  1554.38059901042          -2849.66703309175           -1390.09740589033       1668.101
design3_rebuilt_mutated_A_62_ASP.pdb   -281.474920604955  2942.67537  1536.86069780852          -2852.89642665067           -1406.97963074347       1608.50955
design3_rebuilt_mutated_A_55_CYS.pdb   -281.357120617218  2933.84454  1533.97478607015          -2838.51784108495           -1399.0036102952        1608.50955
design3_rebuilt_mutated_A_55_GLU.pdb   -280.892227877052  2946.69425  1538.08574156922          -2846.29326534694           -1402.29723675235       1608.50955
design3_rebuilt_mutated_A_63_CYS.pdb   -280.256281152958  2944.44979  1535.88500219211          -2805.63792305736           -1393.81078463239       1591.90306
design3_rebuilt_mutated_A_62_SER.pdb   -280.205258611938  2939.69967  1534.93946792837          -2845.85787307627           -1402.57267940972       1608.50955
design3_rebuilt_mutated_A_24_GLY.pdb   -279.884241099228  2932.51616  1535.10583903812          -2819.56151367878           -1377.13177901575       1603.20836
design3_rebuilt_mutated_A_44_PRO.pdb   -279.801106878645  2938.17597  1535.99027143968          -2831.17253365489           -1387.85062730017       1603.09149
design3_rebuilt_mutated_A_62_GLY.pdb   -279.285347194042  2939.69967  1535.02401403488          -2846.08197879689           -1403.22814611985       1608.50955
design3_rebuilt_mutated_A_27_ASN.pdb   -278.817687179349  2905.95246  1521.23891738229          -2813.47648277937           -1378.48804974235       1624.76042
design3_rebuilt_mutated_A_37_ILE.pdb   -278.768363065513  2987.80951  1557.76221162278          -2875.8863540715            -1408.58882452486       1687.78406
design3_rebuilt_mutated_A_63_GLN.pdb   -278.137761863322  2994.48243  1558.90434287074          -2861.91410559669           -1463.30590193573       1700.13262
design3_rebuilt_mutated_A_55_GLN.pdb   -277.949097126245  2948.89717  1538.40144511717          -2848.47871183741           -1405.5277906803        1608.50955
design3_rebuilt_mutated_A_37_GLU.pdb   -277.804764703594  2997.59501  1559.16904597168          -2865.79864770056           -1396.19347288578       1595.01949
design3_rebuilt_mutated_A_52_VAL.pdb   -277.542127260172  2979.419    1553.19345152351          -2864.83617741079           -1392.11319298903       1549.91878
design3_rebuilt_mutated_A_58_PRO.pdb   -277.086936430827  2956.92824  1544.82462369313          -2846.19102587077           -1447.99137811279       1705.6322
design3_rebuilt_mutated_A_27_ASP.pdb   -275.878130019626  2898.23363  1516.13824874915          -2815.42751031947           -1390.13042002319       1618.33421
design3_rebuilt_mutated_A_31_HIS.pdb   -274.925617926802  2976.44857  1552.73438554485          -2867.99707163704           -1366.30679374775       1651.73866
design3_rebuilt_mutated_A_44_ASP.pdb   -274.658848545217  2938.28355  1534.17571167803          -2831.16949396949           -1391.02417006258       1603.15339
design3_rebuilt_mutated_A_44_ASN.pdb   -274.614803406754  2938.28355  1534.22822816053          -2831.22608508453           -1391.71080848137       1603.15339
design3_rebuilt_mutated_A_51_TYR.pdb   -274.119588843683  3013.61738  1569.07138363453          -2882.98132916303           -1376.20741107223       1621.38315
design3_rebuilt_mutated_A_30_GLN.pdb   -274.035087282308  2939.25741  1534.63158102797          -2832.49985764698           -1382.07520534525       1601.02527
design3_rebuilt_mutated_A_17_LEU.pdb   -273.785899207402  2999.45595  1562.46096252077          -2884.53736617057           -1427.70045708772       1580.94807
design3_rebuilt_mutated_A_52_TRP.pdb   -273.707352994735  2988.74466  1558.43716917185          -2868.58065732485           -1367.58237269822       1583.33599
design3_rebuilt_mutated_A_55_TYR.pdb   -272.268702764888  2980.38786  1551.60117323548          -2861.59115829938           -1388.70820927049       1622.7981
design3_rebuilt_mutated_A_62_THR.pdb   -272.076352585804  2942.06633  1534.91502540697          -2844.10618031387           -1400.18363401136       1608.50955
design3_rebuilt_mutated_A_30_HIS.pdb   -271.422632359924  2943.18203  1536.31822190836          -2836.73507146361           -1390.46385712516       1609.51137
design3_rebuilt_mutated_A_20_GLY.pdb   -270.299190534573  2923.062    1525.12226754033          -2827.70524090951           -1386.70666675598       1595.31444
design3_rebuilt_mutated_A_47_GLY.pdb   -269.363083741253  2944.87843  1536.60954256677          -2848.08871063386           -1404.06834616291       1608.50955
design3_rebuilt_mutated_A_20_THR.pdb   -268.575968362869  2935.99696  1531.74022622448          -2839.45036589486           -1385.87990673907       1618.85023
design3_rebuilt_mutated_A_62_CYS.pdb   -268.27387212613   2939.69967  1533.12441238959          -2837.7430783309            -1395.52764270841       1608.50955
design3_rebuilt_mutated_A_12_VAL.pdb   -267.988662282694  2940.42748  1536.91579332587          -2831.26095931443           -1322.06331386817       1610.46656
design3_rebuilt_mutated_A_28_PRO.pdb   -267.344422030322  2945.83306  1534.72822975189          -2854.98930832838           -1404.53403703517       1651.5081
design3_rebuilt_mutated_A_55_PHE.pdb   -266.94642021156   2970.79294  1546.03745845743          -2856.95319117881           -1400.25012886217       1611.32285
design3_rebuilt_mutated_A_27_GLU.pdb   -266.602851518955  2911.4311   1522.20008337907          -2827.13211537785           -1400.57788979271       1571.0342
design3_rebuilt_mutated_A_44_GLU.pdb   -266.419546203792  2966.78306  1544.48461999076          -2835.9093897597            -1383.27870342616       1603.15339
design3_rebuilt_mutated_A_16_GLN.pdb   -266.170400945711  2953.4884   1543.40831400493          -2845.0492032667            -1373.52111713651       1643.55741
design3_rebuilt_mutated_A_35_TRP.pdb   -265.410064869909  3010.75334  1563.75240562725          -2881.08290667091           -1379.54465469486       1614.50167
design3_rebuilt_mutated_A_16_LYS.pdb   -263.907850899937  2973.67798  1546.52832766435          -2840.5612328433            -1359.67543026026       1565.05597
design3_rebuilt_mutated_A_2_PRO.pdb    -263.315760115782  2935.58612  1532.77849233534          -2837.54544591467           -1398.73467834216       1608.50955
design3_rebuilt_mutated_A_59_TRP.pdb   -263.239723026654  3019.46493  1570.17180651043          -2872.50720824114           -1402.83878703648       1592.98175
design3_rebuilt_mutated_A_12_GLY.pdb   -263.127135958871  2929.52101  1530.11890943899          -2821.15890676278           -1382.1003717087        1617.23901
design3_rebuilt_mutated_A_31_ASN.pdb   -263.047195232808  2963.18293  1544.79819276599          -2855.50144506642           -1407.9635126067        1612.03524
design3_rebuilt_mutated_A_47_PRO.pdb   -262.998754552137  2950.21653  1539.27316061565          -2854.23691134881           -1407.13837848697       1608.50955
design3_rebuilt_mutated_A_31_ASP.pdb   -262.887857533791  2961.75386  1544.84941493116          -2858.16297169577           -1375.73902131672       1445.96138
design3_rebuilt_mutated_A_42_THR.pdb   -262.541117716929  2968.94267  1545.37019834096          -2835.95222002045           -1348.77176670438       1659.92666
design3_rebuilt_mutated_A_44_ALA.pdb   -261.461603890661  2938.32351  1532.46223485111          -2822.60078819349           -1382.38975671175       1603.12679
design3_rebuilt_mutated_A_44_GLY.pdb   -261.417082459594  2935.48749  1531.23070298225          -2815.76917582516           -1373.68005413132       1604.12959
design3_rebuilt_mutated_A_44_SER.pdb   -261.139982781318  2939.19393  1532.16786487403          -2822.93972244463           -1383.81031653795       1601.03809
design3_rebuilt_mutated_A_62_VAL.pdb   -261.087568030621  2942.40123  1533.1345025327           -2838.09208885034           -1393.77877288512       1608.50955
design3_rebuilt_mutated_A_42_GLY.pdb   -259.838842246296  2991.02416  1550.7220781564           -2858.19237441697           -1414.04492745359       1549.13996
design3_rebuilt_mutated_A_9_GLU.pdb    -259.295981447475  2949.63729  1538.06374375892          -2842.11494781488           -1426.95319011478       1610.20545
design3_rebuilt_mutated_A_2_PHE.pdb    -258.599996504177  2984.5261   1555.16382745783          -2875.42970593585           -1431.93273124425       1625.83675
design3_rebuilt_mutated_A_26_PRO.pdb   -258.486930832263  2947.55016  1536.84660379195          -2848.12672967986           -1410.01795924652       1607.43573
design3_rebuilt_mutated_A_28_PHE.pdb   -258.230030117332  2952.13647  1542.04146977536          -2835.91508632858           -1386.41267637184       1622.24408
design3_rebuilt_mutated_A_9_SER.pdb    -257.475742302912  2929.40714  1528.14293469665          -2828.07782387003           -1410.75758117828       1559.14215
design3_rebuilt_mutated_A_51_SER.pdb   -256.937103559256  2955.58367  1538.64053883675          -2845.13316929157           -1400.75994963373       1608.50955
design3_rebuilt_mutated_A_9_THR.pdb    -256.833271621591  2941.88759  1534.40455972849          -2835.29292760462           -1420.24707967089       1573.12975
design3_rebuilt_mutated_A_30_TYR.pdb   -256.633246810004  2943.3523   1533.93440239498          -2831.0425523505            -1379.92737655891       1609.477
design3_rebuilt_mutated_A_62_HIS.pdb   -256.531366690143  2949.78077  1536.6468063188           -2853.51995665819           -1409.6822173887        1608.50955
design3_rebuilt_mutated_A_37_GLN.pdb   -256.377432141662  2999.54161  1556.77156125805          -2860.75110085301           -1389.96394698578       1595.01949
design3_rebuilt_mutated_A_27_CYS.pdb   -256.27630654407   2892.00079  1509.15751195263          -2790.61491431817           -1392.80549145306       1569.15109
design3_rebuilt_mutated_A_20_SER.pdb   -255.618210714476  2930.4601   1526.85007382869          -2828.01570370124           -1367.87057526449       1613.76984
design3_rebuilt_mutated_A_30_PHE.pdb   -255.424860861815  2943.15142  1533.40725926943          -2829.92540667237           -1377.2655875805        1609.47747
design3_rebuilt_mutated_A_44_GLN.pdb   -252.509671898892  2938.28355  1530.29848602332          -2820.62232130565           -1384.0826436002        1603.15339
design3_rebuilt_mutated_A_9_GLN.pdb    -252.252176111343  2949.80554  1537.17732822174          -2838.04917136344           -1414.34509951939       1591.92375
design3_rebuilt_mutated_A_51_PHE.pdb   -251.454235186629  3003.79129  1559.77252380828          -2870.77484041116           -1374.57433433958       1619.12045
design3_rebuilt_mutated_A_17_THR.pdb   -250.570917040467  2978.77026  1548.17738532817          -2846.87717922832           -1339.30119614891       1591.07257
design3_rebuilt_mutated_A_52_GLY.pdb   -250.192528074194  2951.51944  1537.23926167543          -2812.61489302608           -1254.16082606819       1968.64587
design3_rebuilt_mutated_A_31_LEU.pdb   -250.105637793404  2969.16381  1544.75000000896          -2852.23915397015           -1352.06724828825       1655.8769
design3_rebuilt_mutated_A_52_GLN.pdb   -249.731314962874  2942.37755  1529.74627736133          -2834.87175872714           -1394.02059533493       1533.33321
design3_rebuilt_mutated_A_12_MET.pdb   -249.407109149777  2943.71041  1533.72033237577          -2824.28329962836           -1315.77988472734       1629.00876
design3_rebuilt_mutated_A_59_ILE.pdb   -249.347033014867  2969.46631  1542.28527081986          -2838.17645260708           -1405.30891587326       1784.89403
design3_rebuilt_mutated_A_38_PRO.pdb   -249.033345303117  2987.04661  1557.12617709763          -2870.82633674176           -1362.18277862696       1682.88163
design3_rebuilt_mutated_A_52_TYR.pdb   -248.946641710037  2997.51095  1557.07753122349          -2863.25778670664           -1371.53764789694       1561.48787
design3_rebuilt_mutated_A_30_CYS.pdb   -248.622972311938  2939.25741  1529.6394191958           -2821.1206678302            -1379.33807797264       1601.02527
design3_rebuilt_mutated_A_3_CYS.pdb    -247.79914949195   2954.75521  1538.98061119257          -2849.1910847119            -1416.24875442594       1625.83675
design3_rebuilt_mutated_A_52_MET.pdb   -247.717030278713  2992.6625   1555.48308468667          -2857.18497850287           -1369.31465601879       1414.23712
design3_rebuilt_mutated_A_47_ALA.pdb   -246.985424850381  2950.92843  1535.32224887994          -2841.61443730828           -1394.09203418735       1608.50955
design3_rebuilt_mutated_A_33_ASP.pdb   -246.906103260715  2957.74856  1539.64244409927          -2849.9104922102            -1412.3632246513        1608.50955
design3_rebuilt_mutated_A_52_PHE.pdb   -246.771643907525  2990.21202  1553.97147536044          -2859.45611715897           -1374.14886382998       1561.49398
design3_rebuilt_mutated_A_52_ASP.pdb   -246.020977444306  2972.79382  1544.22192567984          -2839.38228195649           -1382.46414610065       1529.72798
design3_rebuilt_mutated_A_52_HIS.pdb   -245.879794346255  2980.71692  1547.03607005473          -2844.88508871843           -1375.30058823102       1529.17427
design3_rebuilt_mutated_A_63_PHE.pdb   -245.217032327284  2985.02139  1552.9934504704           -2849.29670415898           -1459.60009892737       1667.81838
design3_rebuilt_mutated_A_47_SER.pdb   -244.376217767188  2950.97323  1536.02756363998          -2845.32169491831           -1399.54844289576       1608.50955
design3_rebuilt_mutated_A_48_ARG.pdb   -244.200761855048  2976.25376  1543.00494618939          -2842.77980866822           -1380.5776138271        1584.80618
design3_rebuilt_mutated_A_35_PRO.pdb   -243.99462551061   2956.60779  1537.02237342725          -2843.04457579457           -1402.74146743331       1607.72555
design3_rebuilt_mutated_A_6_THR.pdb    -243.798400575866  2962.74273  1538.02383558019          -2850.51038990823           -1417.230702467         1605.04527
design3_rebuilt_mutated_A_58_ASP.pdb   -243.442188969241  2971.20417  1546.06597066091          -2866.34855812712           -1419.26381702613       1614.0584
design3_rebuilt_mutated_A_51_THR.pdb   -243.423669197831  2972.97242  1545.11704049726          -2848.42219373118           -1394.79606256802       1608.50955
design3_rebuilt_mutated_A_37_LYS.pdb   -243.356530128949  3011.696    1560.01426636888          -2859.56435259495           -1394.01101315815       1595.01949
design3_rebuilt_mutated_A_62_TYR.pdb   -242.45462481755   2952.2369   1535.12458058257          -2841.63056609015           -1395.06617555298       1608.50955
design3_rebuilt_mutated_A_47_THR.pdb   -241.561436567112  2937.98316  1529.6757041175           -2832.65678276408           -1390.08953817128       1608.50955
design3_rebuilt_mutated_A_49_LYS.pdb   -241.453625945899  3004.60466  1559.90239245316          -2876.2855123426            -1407.55558890135       1616.3229
design3_rebuilt_mutated_A_27_THR.pdb   -241.371250758294  2898.76026  1510.66358417722          -2787.55033747614           -1362.99509892114       1587.20559
design3_rebuilt_mutated_A_44_LYS.pdb   -241.008145919043  2938.28355  1528.36951964883          -2813.7413139268            -1377.22398995842       1603.15339
design3_rebuilt_mutated_A_20_CYS.pdb   -240.698707793621  2936.20731  1527.10652814685          -2818.06433526871           -1345.46853716316       1651.06314
design3_rebuilt_mutated_A_20_MET.pdb   -240.508603474328  2953.00473  1537.01790146441          -2827.25285395535           -1334.96042432058       1650.49286
design3_rebuilt_mutated_A_58_ASN.pdb   -239.597840151351  2971.8544   1545.62191288052          -2861.26249887977           -1410.00210208283       1614.2814
design3_rebuilt_mutated_A_58_GLY.pdb   -239.535978235599  2956.91404  1538.84564539739          -2824.57512632773           -1426.382116833         1706.78426
design3_rebuilt_mutated_A_51_GLY.pdb   -239.206434509409  2952.44012  1533.86951117637          -2837.55753852723           -1401.92439074279       1608.50965
design3_rebuilt_mutated_A_13_PHE.pdb   -238.679222813374  2979.70219  1545.54798155567          -2830.75906043092           -1348.93016160356       1427.63941
design3_rebuilt_mutated_A_45_VAL.pdb   -238.496539248249  2936.85579  1529.81978710394          -2811.71315694082           -1342.13169950331       1630.81132
design3_rebuilt_mutated_A_44_LEU.pdb   -238.085060367877  2938.28355  1527.80570925929          -2808.34957673115           -1367.39765153982       1603.15339
design3_rebuilt_mutated_A_33_GLY.pdb   -237.322488691575  2955.19424  1535.61678825803          -2840.05851222254           -1398.47620280519       1608.50955
design3_rebuilt_mutated_A_33_ALA.pdb   -236.965464828852  2955.19424  1535.29875344158          -2839.27706320744           -1396.86182161528       1608.50955
design3_rebuilt_mutated_A_2_TRP.pdb    -236.854342945985  2982.43317  1547.49178516569          -2854.21008719859           -1400.88828764724       1608.50955
design3_rebuilt_mutated_A_52_ALA.pdb   -236.800141183611  2956.87193  1535.89506028521          -2810.28314369364           -1269.71755518677       1552.19841
design3_rebuilt_mutated_A_30_MET.pdb   -236.789350759356  2955.58709  1537.0774496957           -2840.1145902177            -1388.42351427124       1605.43591
design3_rebuilt_mutated_A_62_PHE.pdb   -236.268998588954  2952.24072  1534.594292977            -2842.2582636465            -1397.82210949291       1608.50955
design3_rebuilt_mutated_A_42_ARG.pdb   -235.67189191685   3001.046    1554.58471413666          -2825.26304042173           -1310.44394670299       1701.42727
design3_rebuilt_mutated_A_34_GLN.pdb   -235.448201749352  2954.68712  1534.0427204272           -2833.02744908514           -1384.19711345873       1610.74816
design3_rebuilt_mutated_A_13_ASN.pdb   -235.207565796631  2958.05487  1533.45774755046          -2812.54538204087           -1363.48306782249       1556.75916
design3_rebuilt_mutated_A_31_ARG.pdb   -234.705836911795  2981.99284  1547.11248196114          -2857.9120837538            -1331.67063642552       1667.39027
design3_rebuilt_mutated_A_6_MET.pdb    -234.702003856862  2968.50065  1544.11236513192          -2853.09820477431           -1407.923637313         1625.83675
design3_rebuilt_mutated_A_47_GLN.pdb   -234.48884515116   2956.03113  1536.35671277594          -2846.95194962609           -1401.80824015763       1608.50955
design3_rebuilt_mutated_A_33_VAL.pdb   -234.478826431114  2956.11665  1535.86543078077          -2841.85255864199           -1401.35905096069       1608.50955
design3_rebuilt_mutated_A_47_LYS.pdb   -234.478764446056  2965.74375  1542.64454930082          -2857.38411877424           -1434.71119454971       1606.74585
design3_rebuilt_mutated_A_42_GLU.pdb   -234.434601978735  2989.5655   1547.42987388814          -2838.36169283001           -1382.12290902658       1644.87228
design3_rebuilt_mutated_A_9_MET.pdb    -234.408337857329  2947.94269  1531.30052871456          -2830.24260766141           -1410.92860717744       1592.10765
design3_rebuilt_mutated_A_62_GLU.pdb   -234.234558532098  2952.50082  1534.0454128099           -2839.09296152813           -1398.46545981958       1608.50955
design3_rebuilt_mutated_A_17_HIS.pdb   -233.740276666367  2973.69939  1539.83396727947          -2837.29059017048           -1366.94989164466       1609.87709
design3_rebuilt.pdb                    -233.510762067375  2956.76683  1536.07697973271          -2840.81436556844           -1397.7269088269        1608.50955
design3_rebuilt_mutated_A_44_THR.pdb   -232.806029379898  2953.72788  1531.03043025262          -2807.79749903798           -1355.40332486979       1604.07686
design3_rebuilt_mutated_A_51_ILE.pdb   -231.819287841964  2984.91455  1547.10463504786          -2847.0735145131            -1387.24167218076       1608.50955
design3_rebuilt_mutated_A_55_MET.pdb   -231.526536594937  2961.94343  1537.07585520492          -2842.67378446562           -1398.46527033928       1608.50955
design3_rebuilt_mutated_A_16_ARG.pdb   -231.127417163892  2976.4998   1539.86486864034          -2827.11328084398           -1349.5215055879        1543.86237
design3_rebuilt_mutated_A_27_ALA.pdb   -231.080946281059  2913.75348  1509.48142731241          -2785.66743803782           -1362.236714547         1550.83121
design3_rebuilt_mutated_A_30_LYS.pdb   -230.977290578216  2956.97997  1536.29264125788          -2836.71064458              -1391.63773343361       1609.15699
design3_rebuilt_mutated_A_12_TYR.pdb   -230.919938414254  2940.97393  1528.12627947269          -2813.36329178512           -1354.63014780553       1665.96919
design3_rebuilt_mutated_A_2_LEU.pdb    -230.915506436513  2953.26523  1534.64027262814          -2839.2663948311            -1397.57306468488       1608.50955
design3_rebuilt_mutated_A_62_ILE.pdb   -230.114330507644  2952.25683  1533.33521449677          -2836.80032392823           -1393.53452889805       1608.50955
design3_rebuilt_mutated_A_35_THR.pdb   -230.092895783085  2962.73984  1537.58683898212          -2840.65821657775           -1396.09578177573       1607.29416
design3_rebuilt_mutated_A_9_LEU.pdb    -229.753521866123  2939.74677  1528.24446744034          -2824.50810996532           -1399.97388969235       1575.39845
design3_rebuilt_mutated_A_13_GLU.pdb   -229.583876938489  2978.44771  1545.78688809751          -2826.7615429455            -1421.07345269414       1665.66698
design3_rebuilt_mutated_A_16_TRP.pdb   -229.175573861684  2970.30004  1537.72490462112          -2811.6919246511            -1307.3047538561        1545.11659
design3_rebuilt_mutated_A_33_SER.pdb   -228.837031684941  2955.19424  1533.79850485485          -2836.56222276474           -1394.67496330157       1608.50955
design3_rebuilt_mutated_A_62_LEU.pdb   -228.824418026438  2949.53367  1532.21632348876          -2833.45106714865           -1393.50718398699       1608.50955
design3_rebuilt_mutated_A_31_SER.pdb   -228.447203916082  2946.68725  1528.58977231087          -2823.25199103088           -1376.09047896323       1608.79045
design3_rebuilt_mutated_A_55_LEU.pdb   -228.417827621134  2988.8124   1549.30398586829          -2844.69483494756           -1440.69172962934       1718.18047
design3_rebuilt_mutated_A_30_ARG.pdb   -228.353119279895  2976.91247  1546.52382515517          -2851.19011469872           -1407.02875991329       1609.13826
design3_rebuilt_mutated_A_44_CYS.pdb   -228.255445433318  2938.28355  1526.84089487913          -2802.63009579552           -1362.76781516366       1603.15339
design3_rebuilt_mutated_A_3_THR.pdb    -227.748402317334  2950.99434  1532.21977266248          -2834.48716850533           -1394.69875057237       1608.50955
design3_rebuilt_mutated_A_52_ILE.pdb   -227.6873010479    2982.2889   1544.05282394368          -2847.56531611475           -1357.49569350758       1417.94946
design3_rebuilt_mutated_A_27_GLN.pdb   -227.516975029085  2906.68544  1511.21482725114          -2800.65680194482           -1376.92117999176       1575.17735
design3_rebuilt_mutated_A_26_LEU.pdb   -227.259520390279  2957.01748  1534.41678910278          -2821.61091982336           -1381.49539702661       1607.9311
design3_rebuilt_mutated_A_34_THR.pdb   -227.132588008332  2952.57107  1531.16551028528          -2833.72575960133           -1386.3005276935        1607.41844
design3_rebuilt_mutated_A_30_LEU.pdb   -226.724965604912  2952.91965  1532.80396023345          -2832.35414410282           -1375.91977564216       1608.83507
design3_rebuilt_mutated_A_26_ASN.pdb   -226.456223488211  2946.39081  1526.09712669372          -2825.92343050232           -1462.63172333718       1634.57745
design3_rebuilt_mutated_A_55_THR.pdb   -225.762079977232  2976.28699  1544.0298425828           -2839.72163636333           -1437.53696441997       1717.86457
design3_rebuilt_mutated_A_27_LEU.pdb   -225.718070567728  2905.69437  1513.87845940707          -2802.75648390622           -1395.69829793328       1626.88416
design3_rebuilt_mutated_A_51_ASN.pdb   -225.370158452409  2951.04566  1532.52319942298          -2835.67293514397           -1396.01041779798       1608.50955
design3_rebuilt_mutated_A_33_HIS.pdb   -225.304198677527  2956.78832  1534.71755061897          -2838.27176491868           -1394.70244683404       1608.50955
design3_rebuilt_mutated_A_35_GLY.pdb   -225.183347971499  2952.00199  1532.96632760961          -2835.86844859609           -1404.11010047519       1603.18238
design3_rebuilt_mutated_A_52_PRO.pdb   -224.974566752567  2923.37606  1520.24946034931          -2788.4552885453            -1261.86733294756       1552.0834
design3_rebuilt_mutated_A_33_CYS.pdb   -224.66336616514   2955.19424  1532.90730458715          -2834.77264133935           -1391.97046235768       1608.50955
design3_rebuilt_mutated_A_38_ASN.pdb   -224.451539008301  2959.70311  1536.30767954718          -2841.68459855741           -1394.09449916748       1612.42913
design3_rebuilt_mutated_A_44_MET.pdb   -224.193635561874  2962.53373  1534.40977791002          -2808.06569884739           -1347.1610062572        1614.59506
design3_rebuilt_mutated_A_12_THR.pdb   -223.865966653458  2929.65096  1523.26215299607          -2797.59808094196           -1312.29384595183       1995.57643
design3_rebuilt_mutated_A_33_PHE.pdb   -223.784428572578  2957.23444  1534.68280507054          -2838.25021242366           -1395.11821689849       1608.50955
design3_rebuilt_mutated_A_31_GLY.pdb   -223.70533390451   2952.95643  1530.4148765102           -2825.85969273281           -1364.41693439281       1616.27475
design3_rebuilt_mutated_A_17_VAL.pdb   -223.485758748504  2974.57565  1542.28703761548          -2854.59513752177           -1401.56666151253       1592.90962
design3_rebuilt_mutated_A_33_GLU.pdb   -223.309004127614  2955.19424  1532.87037486103          -2835.14719171889           -1394.85649280769       1608.50955
design3_rebuilt_mutated_A_44_HIS.pdb   -223.174863699268  2924.62644  1517.21199256425          -2793.94166466331           -1358.69796116377       1604.53626
design3_rebuilt_mutated_A_51_ASP.pdb   -223.04380471859   2950.17756  1532.64085616312          -2837.7584804278            -1402.52596934422       1608.50955
design3_rebuilt_mutated_A_13_TRP.pdb   -223.002892728763  3002.58647  1552.2597713702           -2846.80865905598           -1353.40346658885       1576.1438
design3_rebuilt_mutated_A_63_TYR.pdb   -222.767986443367  2996.0192   1554.69068542732          -2855.47433407278           -1469.41096448255       1667.50428
design3_rebuilt_mutated_A_49_ALA.pdb   -222.728056416636  2942.19473  1527.64234752948          -2834.86779687244           -1409.03958395586       1536.03297
design3_rebuilt_mutated_A_48_HIS.pdb   -222.30942245097   2952.06731  1532.10022093251          -2826.1644195522            -1370.74999892649       1580.42093
design3_rebuilt_mutated_A_35_ASN.pdb   -222.176376174334  2967.0963   1538.53370243146          -2836.5629313514            -1380.15294665739       1611.55143
design3_rebuilt_mutated_A_51_PRO.pdb   -221.959022415049  2952.71425  1532.14849810784          -2833.71810471507           -1397.8152085532        1608.50965
design3_rebuilt_mutated_A_27_PHE.pdb   -221.108665833807  2943.5453   1527.77274712648          -2825.1284128764            -1391.08372518214       1587.61458
design3_rebuilt_mutated_A_30_TRP.pdb   -220.823950104664  2959.57959  1534.59400977554          -2838.27938495151           -1374.00769060038       1591.45761
design3_rebuilt_mutated_A_47_ARG.pdb   -220.784724713819  2966.67474  1535.79417028539          -2835.72490562591           -1394.01816971765       1648.32391
design3_rebuilt_mutated_A_35_ASP.pdb   -220.653637542695  2967.19285  1538.3098610284           -2844.87823224233           -1405.63092943506       1606.82001
design3_rebuilt_mutated_A_26_LYS.pdb   -220.493347833926  2960.1479   1536.30309689118          -2840.12834242517           -1390.83215715797       1608.50955
design3_rebuilt_mutated_A_62_GLN.pdb   -220.483095688575  2950.86642  1532.27696166135          -2828.50024684341           -1393.31150175851       1608.67695
design3_rebuilt_mutated_A_48_PRO.pdb   -219.606612065025  2957.13429  1530.96449636374          -2824.44136845693           -1381.99416370718       1613.42463
design3_rebuilt_mutated_A_34_MET.pdb   -219.26969495296   2973.05794  1539.91797505387          -2843.78063424483           -1318.58908876116       1662.5746
design3_rebuilt_mutated_A_13_THR.pdb   -219.011644289135  2950.594    1526.57889506682          -2799.53814485597           -1348.33379089789       1542.22619
design3_rebuilt_mutated_A_35_ARG.pdb   -218.883452381598  3013.05363  1558.27141775376          -2862.26409388819           -1361.82737698246       1693.69978
design3_rebuilt_mutated_A_31_LYS.pdb   -218.81868142714   2968.8274   1538.95075657733          -2843.75282691109           -1323.60341099166       1657.21366
design3_rebuilt_mutated_A_38_THR.pdb   -218.742925252647  2964.54609  1543.30101814572          -2843.85788358126           -1352.81933798696       1639.76065
design3_rebuilt_mutated_A_13_ASP.pdb   -218.596510893732  2954.63402  1528.95082783136          -2802.58240454087           -1351.34669477463       1555.54595
design3_rebuilt_mutated_A_9_CYS.pdb    -218.302856078258  2931.87139  1520.95218655644          -2809.59251135353           -1394.1284423824        1559.14215
design3_rebuilt_mutated_A_33_PRO.pdb   -218.085997548447  2966.83918  1538.84898684367          -2845.65432145525           -1404.98648058449       1608.50955
design3_rebuilt_mutated_A_6_PRO.pdb    -218.082147522009  2948.46268  1531.47943059258          -2840.62912377902           -1428.39268402765       1576.94387
design3_rebuilt_mutated_A_47_ASP.pdb   -217.536863576835  2964.12126  1538.4871397719           -2849.67156564866           -1403.72259094656       1608.50955
design3_rebuilt_mutated_A_34_HIS.pdb   -217.452894551937  2970.19432  1540.33861519533          -2833.94338012609           -1377.86733552219       1602.45945
design3_rebuilt_mutated_A_33_LYS.pdb   -217.411041861845  2955.19424  1532.05953554533          -2833.84758212313           -1394.55013869193       1608.50955
design3_rebuilt_mutated_A_41_TYR.pdb   -217.372900438691  2961.73745  1536.26325328091          -2833.69097025596           -1386.57734787638       1613.48797
design3_rebuilt_mutated_A_17_GLU.pdb   -217.036226907909  2958.65068  1531.47031451583          -2822.51730777077           -1365.21605515995       1584.6483
design3_rebuilt_mutated_A_28_GLN.pdb   -216.152382928601  2954.01625  1530.41325819053          -2837.55952399613           -1393.445183429         1596.67448
design3_rebuilt_mutated_A_48_GLY.pdb   -215.7713118141    2951.86882  1527.11890377822          -2811.98883339127           -1367.27150356976       1607.26725
design3_rebuilt_mutated_A_12_ASP.pdb   -214.187240768702  2932.79181  1521.35512327754          -2794.89529588564           -1298.71802202167       1996.03049
design3_rebuilt_mutated_A_48_TYR.pdb   -213.823813829726  2992.02417  1549.72152268938          -2860.92811395112           -1378.57766624639       1635.19232
design3_rebuilt_mutated_A_26_GLU.pdb   -213.647148211079  2956.42753  1532.07448778024          -2831.42775806771           -1389.56322379673       1608.50955
design3_rebuilt_mutated_A_26_GLY.pdb   -213.289080952727  2940.30323  1523.4477412113           -2812.05540053461           -1388.29377340974       1609.18955
design3_rebuilt_mutated_A_35_ALA.pdb   -212.754318413982  2956.74933  1531.91530425486          -2834.17794330219           -1391.31742851642       1608.53725
design3_rebuilt_mutated_A_27_GLY.pdb   -212.701494351956  2907.76099  1502.81730035788          -2776.17305071201           -1365.87788912619       1553.15232
design3_rebuilt_mutated_A_28_ALA.pdb   -211.873561320103  2947.68763  1525.26371014397          -2826.22660363976           -1373.471914535         1637.27729
design3_rebuilt_mutated_A_33_LEU.pdb   -211.834985567283  2959.1366   1533.46402240084          -2836.22568361079           -1394.09104156298       1608.50955
design3_rebuilt_mutated_A_47_MET.pdb   -211.69196850593   2963.29203  1535.0578446067           -2830.36930689472           -1391.86243458287       1608.50955
design3_rebuilt_mutated_A_47_ASN.pdb   -210.99895772246   2966.27173  1538.76796585742          -2851.53529028707           -1406.88076018528       1608.50955
design3_rebuilt_mutated_A_17_ASP.pdb   -210.356379457881  2991.85424  1545.78171261177          -2840.92050013312           -1360.64548303915       1573.31053
design3_rebuilt_mutated_A_3_HIS.pdb    -210.193247868012  2968.40901  1537.39225658444          -2842.11308756424           -1395.1684708637        1608.50955
design3_rebuilt_mutated_A_51_MET.pdb   -209.602794727778  2997.22983  1549.01848241814          -2851.56776587408           -1384.40986255823       1611.26059
design3_rebuilt_mutated_A_52_SER.pdb   -209.53112174535   2926.35682  1518.35925069308          -2784.44282878378           -1258.4212842584        1552.20953
design3_rebuilt_mutated_A_23_PRO.pdb   -209.227392817651  2953.59989  1529.53237993869          -2829.72356698633           -1391.62563549305       1608.57185
design3_rebuilt_mutated_A_12_SER.pdb   -208.950519642725  2928.3331   1519.98335774686          -2785.94516512699           -1297.65966342587       1996.04084
design3_rebuilt_mutated_A_51_HIS.pdb   -208.077324713775  2990.36995  1545.36273229712          -2851.72318324917           -1392.52363646648       1608.50955
design3_rebuilt_mutated_A_58_ALA.pdb   -207.958439860272  2964.05     1536.61884419835          -2830.79547246487           -1393.24511902938       1608.67695
design3_rebuilt_mutated_A_38_TYR.pdb   -207.512148878887  2931.59786  1520.89904660288          -2808.3782931962            -1319.54527119758       1584.25742
design3_rebuilt_mutated_A_26_ALA.pdb   -206.541263512947  2948.38803  1525.78579779097          -2813.56102020078           -1388.96872573819       1608.49362
design3_rebuilt_mutated_A_31_ALA.pdb   -206.389276710312  2947.78696  1525.18363686669          -2814.21177944344           -1360.94084201196       1611.95555
design3_rebuilt_mutated_A_33_TYR.pdb   -205.696175980351  2947.88481  1526.16371703149          -2825.19277373465           -1383.88726078084       1608.50955
design3_rebuilt_mutated_A_52_ASN.pdb   -205.417000413062  2973.61574  1536.06479364018          -2823.16103164487           -1365.11915740315       1529.49097
design3_rebuilt_mutated_A_12_ALA.pdb   -204.976924175505  2928.3351   1518.59667352028          -2784.26630014658           -1295.74334593332       1996.02596
design3_rebuilt_mutated_A_20_VAL.pdb   -204.375429346134  2937.04795  1519.91524730154          -2800.49566470361           -1322.17194502906       1626.29196
design3_rebuilt_mutated_A_51_VAL.pdb   -204.192163777877  2969.4418   1537.3708709422           -2833.02586160051           -1385.5592890801        1608.50955
design3_rebuilt_mutated_A_38_GLU.pdb   -203.97232682231   2990.7951   1551.46122939324          -2849.6667850338            -1284.83653516062       1667.45741
design3_rebuilt_mutated_A_33_THR.pdb   -203.674987549847  2963.38723  1534.70613245585          -2838.07585082814           -1395.18200714498       1608.50955
design3_rebuilt_mutated_A_35_GLN.pdb   -203.649493379651  2967.23228  1535.61040034599          -2839.71171404615           -1399.14435587353       1606.92257
design3_rebuilt_mutated_A_58_ARG.pdb   -203.554335260841  2958.82862  1533.6833174759           -2836.33266627566           -1395.43056710346       1608.46585
design3_rebuilt_mutated_A_34_TRP.pdb   -203.532916041377  2987.63174  1550.3225365262           -2871.18822252558           -1395.54985264814       1658.74846
design3_rebuilt_mutated_A_6_VAL.pdb    -203.496188627777  2962.35777  1531.39424793663          -2833.26794333619           -1401.49351276595       1604.55211
design3_rebuilt_mutated_A_48_ALA.pdb   -202.07068746159   2955.91205  1526.93968632239          -2812.13112075331           -1364.41421889045       1613.96408
design3_rebuilt_mutated_A_27_ILE.pdb   -201.194536502902  2909.7254   1510.46232768127          -2785.37887279264           -1360.694099683         1588.6363
design3_rebuilt_mutated_A_9_ALA.pdb    -200.712947373293  2919.10702  1514.36272268306          -2777.30373845962           -1367.56277154946       1560.33635
design3_rebuilt_mutated_A_44_ILE.pdb   -200.674573797987  2953.98017  1525.62137736163          -2789.47865757592           -1335.04631875197       1603.87206
design3_rebuilt_mutated_A_55_LYS.pdb   -200.501007299023  2965.52712  1535.91770179402          -2840.24043690943           -1396.82792623219       1608.50955
design3_rebuilt_mutated_A_47_CYS.pdb   -200.443142500535  2954.12229  1530.46702270911          -2824.45587790414           -1384.4317905131        1608.50955
design3_rebuilt_mutated_A_9_ASP.pdb    -199.076995684753  2920.83388  1514.66136656417          -2777.44448228899           -1368.65995493381       1577.99685
design3_rebuilt_mutated_A_44_VAL.pdb   -199.062550628329  2953.91899  1525.21170177295          -2788.11190040724           -1333.88110009238       1603.93476
design3_rebuilt_mutated_A_34_GLU.pdb   -198.812256888395  2953.46274  1525.83676535555          -2812.1672949733            -1353.15420020051       1610.20368
design3_rebuilt_mutated_A_31_PRO.pdb   -198.668903925109  2945.29443  1523.67052290605          -2812.3328360675            -1359.182089932         1607.32555
design3_rebuilt_mutated_A_55_VAL.pdb   -198.371950582342  2979.40316  1540.81317958759          -2829.7419196745            -1422.62105978159       1717.84097
design3_rebuilt_mutated_A_42_CYS.pdb   -198.246331904116  2996.62181  1542.07741213276          -2835.01257583584           -1332.66804848001       1681.09562
design3_rebuilt_mutated_A_9_LYS.pdb    -198.23631049668   2936.13044  1520.81629114586          -2812.99808521711           -1399.7032917608        1559.14215
design3_rebuilt_mutated_A_34_TYR.pdb   -197.983825806455  2986.35481  1545.0425602885           -2846.57520027281           -1375.46431000754       1646.77246
design3_rebuilt_mutated_A_28_GLU.pdb   -197.679926336412  2951.71251  1525.91558413542          -2827.24003358331           -1391.87040116825       1594.9822
design3_rebuilt_mutated_A_35_TYR.pdb   -197.618559004665  2978.91659  1537.27659316888          -2839.43737995089           -1379.78887748795       1609.73351
design3_rebuilt_mutated_A_59_VAL.pdb   -197.607590119438  2968.68052  1538.06320866745          -2823.87881688157           -1378.25508420651       1640.11595
design3_rebuilt_mutated_A_28_HIS.pdb   -197.511355956446  2944.12624  1525.67940712222          -2802.29359638439           -1343.5449527058        1613.78167
design3_rebuilt_mutated_A_58_GLN.pdb   -197.319911702099  2966.79525  1538.71470458482          -2840.56997231397           -1406.92231588843       1608.67695
design3_rebuilt_mutated_A_34_ASP.pdb   -197.095163619855  2959.14836  1529.17764778529          -2813.41091958147           -1351.75913349081       1598.71672
design3_rebuilt_mutated_A_17_PRO.pdb   -197.018247107639  2978.12289  1537.54816787488          -2815.69405312412           -1235.16713070553       1582.23225
design3_rebuilt_mutated_A_6_TRP.pdb    -196.466279868879  3011.90891  1556.83408443706          -2853.69716378988           -1348.17130751865       1665.20841
design3_rebuilt_mutated_A_31_TYR.pdb   -195.75570887749   2969.96282  1533.59574048627          -2829.36212899011           -1386.30790574165       1611.22777
design3_rebuilt_mutated_A_45_GLU.pdb   -195.732420994245  2985.74568  1538.88970093626          -2808.62716900277           -1264.33108743948       1587.09929
design3_rebuilt_mutated_A_33_MET.pdb   -195.605778119225  2962.82443  1532.90554337966          -2834.78761228089           -1391.84950431329       1608.50955
design3_rebuilt_mutated_A_51_LEU.pdb   -195.508958616375  2967.75211  1534.86610671902          -2832.76947450516           -1390.31058275267       1608.50955
design3_rebuilt_mutated_A_48_GLU.pdb   -195.254696559451  2955.06354  1527.73579882973          -2820.72910666202           -1383.49635694873       1609.13837
design3_rebuilt_mutated_A_12_PHE.pdb   -195.080620382603  2937.99245  1519.65459504597          -2790.33443693606           -1343.58880930144       1588.70729
design3_rebuilt_mutated_A_33_ARG.pdb   -194.961833335927  2961.19344  1530.58699395876          -2831.7444851297            -1394.36799531975       1608.50955
design3_rebuilt_mutated_A_48_SER.pdb   -194.954779058763  2955.8377   1525.5561304853           -2808.21985269655           -1359.03624336078       1613.99203
design3_rebuilt_mutated_A_48_ASP.pdb   -194.848461720606  2967.02315  1530.96082814128          -2818.59550164504           -1370.18331678609       1613.41403
design3_rebuilt_mutated_A_33_GLN.pdb   -194.630082301184  2960.36296  1530.61581668759          -2831.61887537415           -1393.60007836494       1608.50955
design3_rebuilt_mutated_A_38_PHE.pdb   -194.602144616825  2928.73572  1518.41873732621          -2805.19163750397           -1331.22768615355       1581.27988
design3_rebuilt_mutated_A_48_ASN.pdb   -194.412831071353  2967.74033  1531.03290191634          -2819.29483090911           -1370.41263161088       1613.03643
design3_rebuilt_mutated_A_9_ASN.pdb    -194.258351505174  2921.62672  1514.34017933813          -2776.38725655684           -1367.18063646283       1577.82325
design3_rebuilt_mutated_A_26_ASP.pdb   -194.16291654755   2945.29121  1519.06515093952          -2810.34957927657           -1451.24312022625       1634.23525
design3_rebuilt_mutated_A_48_PHE.pdb   -193.793974536418  2987.5204   1543.53148844651          -2848.73426597585           -1362.44909804105       1634.65638
design3_rebuilt_mutated_A_30_ILE.pdb   -193.78942742445   2948.38113  1523.6820929906           -2811.63793311021           -1359.92793703268       1596.88155
design3_rebuilt_mutated_A_9_GLY.pdb    -193.680509510885  2914.46863  1510.14049843269          -2768.51188428729           -1373.12131932971       1560.33635
design3_rebuilt_mutated_A_51_CYS.pdb   -193.327968478818  2948.40073  1526.13493121481          -2818.12266690851           -1381.60754795029       1608.50955
design3_rebuilt_mutated_A_63_GLU.pdb   -192.974412761797  2981.54313  1536.64758215942          -2811.77847469438           -1408.8412854189        1700.31836
design3_rebuilt_mutated_A_62_MET.pdb   -192.042824006123  2955.74497  1530.38403224704          -2827.50656635003           -1394.28079961335       1608.50955
design3_rebuilt_mutated_A_51_LYS.pdb   -191.378843931226  2974.10998  1538.22295904364          -2836.02976998864           -1386.74051266722       1608.50955
design3_rebuilt_mutated_A_45_ALA.pdb   -190.532780553656  2940.8921   1522.47776109137          -2779.91468625406           -1284.83956847794       1634.65657
design3_rebuilt_mutated_A_52_LEU.pdb   -190.523415624252  2982.74155  1537.48308470129          -2822.76020672138           -1340.98253761213       1416.7848
design3_rebuilt_mutated_A_35_GLU.pdb   -189.90331692606   2987.92749  1542.8269911016           -2838.0245995769            -1366.75003143488       1617.36938
design3_rebuilt_mutated_A_27_VAL.pdb   -189.540658638734  2902.45664  1503.22626026422          -2769.40730722751           -1345.9672945384        1578.37321
design3_rebuilt_mutated_A_51_GLN.pdb   -189.448491216667  2973.61368  1536.12851158828          -2835.77158910589           -1391.20023568458       1608.50955
design3_rebuilt_mutated_A_62_LYS.pdb   -188.986812933243  2960.74307  1533.04452862395          -2835.77477326775           -1395.64555842607       1608.50955
design3_rebuilt_mutated_A_26_MET.pdb   -188.963697807598  2959.1141   1530.85522297588          -2819.2809295706            -1377.55432445186       1608.50955
design3_rebuilt_mutated_A_17_SER.pdb   -188.532202975269  2991.32134  1541.2940712302           -2825.08692083701           -1363.17575244298       1555.2374
design3_rebuilt_mutated_A_27_MET.pdb   -188.277449439021  2918.34335  1511.64500751091          -2808.17580248844           -1388.01596966693       1587.6106
design3_rebuilt_mutated_A_58_SER.pdb   -188.016910841917  2965.66221  1534.8105354558           -2827.25661540187           -1391.21938336349       1608.67695
design3_rebuilt_mutated_A_3_SER.pdb    -187.9746588985    2975.27807  1543.42858066604          -2861.20537451304           -1424.51287566515       1625.83675
design3_rebuilt_mutated_A_51_GLU.pdb   -187.624810324137  2969.39836  1534.79627978527          -2834.0553626182            -1392.20050313954       1608.50955
design3_rebuilt_mutated_A_17_MET.pdb   -186.909587014572  2998.00615  1544.68208154718          -2810.3538213281            -1337.27781375542       1574.25445
design3_rebuilt_mutated_A_26_VAL.pdb   -186.588393254369  2941.14042  1517.23201245161          -2787.78052255215           -1389.09344018445       1458.56537
design3_rebuilt_mutated_A_47_HIS.pdb   -186.411786603478  2977.11883  1538.60254333155          -2847.51075042641           -1407.2187406464        1608.50955
design3_rebuilt_mutated_A_12_HIS.pdb   -185.653089047375  2934.00575  1514.88923430153          -2784.44301637304           -1349.96588249638       1576.32709
design3_rebuilt_mutated_A_59_ARG.pdb   -185.513595800565  3020.78841  1557.88417571284          -2874.6176562803            -1481.40782582573       1653.19436
design3_rebuilt_mutated_A_34_ILE.pdb   -184.897058363006  2962.52425  1528.53281131889          -2814.29687070623           -1342.23957544363       1618.88369
design3_rebuilt_mutated_A_30_VAL.pdb   -183.667710277749  2939.20533  1518.50447491795          -2803.64430172461           -1351.66745603683       1601.22046
design3_rebuilt_mutated_A_23_GLN.pdb   -183.599715992682  2969.36701  1532.59145439972          -2825.75136533558           -1371.07333591779       1612.53117
design3_rebuilt_mutated_A_47_TYR.pdb   -182.690629008834  2994.43927  1544.48673402698          -2863.29500827667           -1443.76287612844       1759.28213
design3_rebuilt_mutated_A_33_TRP.pdb   -182.366205907301  2968.48394  1531.12128203651          -2831.65729434615           -1394.69927395129       1608.50955
design3_rebuilt_mutated_A_47_PHE.pdb   -182.304402562389  2988.17169  1541.49571343998          -2857.44389529872           -1433.98057835475       1727.90377
design3_rebuilt_mutated_A_48_LEU.pdb   -182.276015706278  2947.96703  1521.33983123372          -2801.0270425753            -1338.92918362876       1568.0783
design3_rebuilt_mutated_A_49_PRO.pdb   -181.741453476094  2943.71906  1520.8485182177           -2807.3358512095            -1385.16068166647       1553.98847
design3_rebuilt_mutated_A_45_HIS.pdb   -181.221584648487  2949.41177  1523.06432693885          -2796.35988047382           -1346.39985301032       1599.27618
design3_rebuilt_mutated_A_31_VAL.pdb   -179.061704622382  2951.79014  1522.41106827944          -2818.11598767073           -1375.25473592388       1602.2566
design3_rebuilt_mutated_A_23_THR.pdb   -178.583027279133  2956.7644   1525.84627014506          -2809.16280322365           -1361.7481591499        1607.29368
design3_rebuilt_mutated_A_45_PRO.pdb   -178.02253752562   2938.47822  1518.55573799942          -2768.5047698               -1268.58061622163       1633.19798
design3_rebuilt_mutated_A_52_LYS.pdb   -177.582163423256  2995.98192  1539.61967119129          -2828.07253922827           -1335.62550870528       1413.69126
design3_rebuilt_mutated_A_58_LEU.pdb   -177.290748500672  2961.25705  1528.34888160657          -2801.79935450485           -1411.54888738111       1724.69148
design3_rebuilt_mutated_A_35_VAL.pdb   -176.631757393577  2962.57999  1528.17423178412          -2824.43583963903           -1383.64559673616       1606.61731
design3_rebuilt_mutated_A_3_GLN.pdb    -175.996238366502  2957.65193  1527.8675997529           -2819.58747671139           -1376.18248534674       1608.05574
design3_rebuilt_mutated_A_17_GLY.pdb   -174.58620232569   2961.65125  1524.25725123122          -2774.48551699599           -1207.16984269334       1574.41529
design3_rebuilt_mutated_A_33_ILE.pdb   -172.539271701228  2977.10154  1537.71946335632          -2838.20357422296           -1382.8355528571        1614.51349
design3_rebuilt_mutated_A_12_TRP.pdb   -172.44504065312   2940.02264  1515.24315092495          -2788.01825635097           -1337.24064114364       1595.467
design3_rebuilt_mutated_A_35_PHE.pdb   -171.547760222707  2982.15915  1535.54131324253          -2829.27958852699           -1351.81080839632       1615.64397
design3_rebuilt_mutated_A_3_VAL.pdb    -171.090475584686  2956.61834  1524.65581356537          -2817.37550637602           -1379.62294543946       1608.50955
design3_rebuilt_mutated_A_16_HIS.pdb   -170.987652043703  2954.87052  1525.20953132899          -2792.21522673599           -1368.17199142336       1603.07025
design3_rebuilt_mutated_A_31_CYS.pdb   -170.007962874652  2959.02976  1524.73806480741          -2817.43618058501           -1352.62578979237       1616.53577
design3_rebuilt_mutated_A_23_VAL.pdb   -169.789527947105  2964.19527  1527.759213567            -2812.5106826023            -1360.35115580466       1608.54655
design3_rebuilt_mutated_A_17_LYS.pdb   -169.699378072753  3000.93688  1542.65372991935          -2805.74911175061           -1330.41294046271       1581.3891
design3_rebuilt_mutated_A_13_PRO.pdb   -169.3923043189    2933.4959   1509.2501829511           -2754.7869216088            -1232.56080941084       1555.62481
design3_rebuilt_mutated_A_49_THR.pdb   -169.201990781616  2947.94444  1520.24151564251          -2801.80232937999           -1370.26140980797       1576.72289
design3_rebuilt_mutated_A_48_THR.pdb   -166.993023241034  2939.023    1514.38051656371          -2796.25129711591           -1359.05825845667       1613.93372
design3_rebuilt_mutated_A_47_LEU.pdb   -166.565980948376  2981.13869  1535.2974222529           -2833.44519783626           -1392.23391506451       1690.10053
design3_rebuilt_mutated_A_59_MET.pdb   -166.009402146502  2971.52551  1531.50974167249          -2804.25960824032           -1387.85449925934       1592.98175
design3_rebuilt_mutated_A_51_ARG.pdb   -165.242943267805  2986.04784  1538.04420080674          -2838.27399633016           -1391.466268433         1608.50955
design3_rebuilt_mutated_A_23_LEU.pdb   -162.828672901543  2965.76186  1527.44899621956          -2810.60572546842           -1354.51727930668       1608.50955
design3_rebuilt_mutated_A_45_CYS.pdb   -161.855972588879  2960.95849  1532.4776213834           -2747.39521260997           -1213.07876690033       1662.7341
design3_rebuilt_mutated_A_47_TRP.pdb   -161.546880315718  3026.63239  1553.97434499376          -2858.79505273285           -1433.57669794641       1637.42995
design3_rebuilt_mutated_A_28_ASP.pdb   -161.207465675529  2927.26868  1507.89325211735          -2773.1514309941            -1347.75699141655       1522.91542
design3_rebuilt_mutated_A_3_ILE.pdb    -160.842617743393  2966.41484  1526.69774872653          -2818.37316250418           -1376.58676066404       1608.50955
design3_rebuilt_mutated_A_17_ILE.pdb   -160.133002034166  2965.19141  1523.80913376422          -2779.93312968622           -1256.2181455804        1576.11739
design3_rebuilt_mutated_A_49_SER.pdb   -159.839989920646  2946.8841   1518.05047727037          -2799.6758867618            -1378.02043141541       1552.80857
design3_rebuilt_mutated_A_31_ILE.pdb   -159.825702434582  2962.40037  1522.76552913914          -2821.7325794208            -1377.26660587789       1600.8537
design3_rebuilt_mutated_A_13_ALA.pdb   -159.67353358438   2954.79578  1516.38814088418          -2775.73757541571           -1343.30029778395       1534.55869
design3_rebuilt_mutated_A_34_PHE.pdb   -159.482747456604  2982.32036  1535.69294305416          -2824.50682465409           -1329.91817003753       1659.2047
design3_rebuilt_mutated_A_28_ASN.pdb   -159.343456311843  2929.67003  1508.3408890266           -2777.73976278985           -1354.59315208997       1539.98462
design3_rebuilt_mutated_A_58_LYS.pdb   -158.921758695969  2959.32617  1524.43597644678          -2812.29228726606           -1365.39084961443       1628.06895
design3_rebuilt_mutated_A_38_HIS.pdb   -158.330028292369  2934.02371  1512.19957047965          -2786.6597681486            -1351.0572096601        1596.39379
design3_rebuilt_mutated_A_13_GLN.pdb   -157.821379531519  2971.55166  1525.20019613158          -2786.76542622629           -1329.84130815963       1702.33733
design3_rebuilt_mutated_A_52_CYS.pdb   -156.364564091941  2967.88639  1523.8088557197           -2792.16704680248           -1348.88687829826       1517.53662
design3_rebuilt_mutated_A_35_CYS.pdb   -155.808175468246  2963.66137  1525.94190023464          -2810.77637672098           -1352.40746063173       1612.82399
design3_rebuilt_mutated_A_58_MET.pdb   -155.174364632596  2951.24959  1520.34602857428          -2806.43480974123           -1372.55803969678       1608.46035
design3_rebuilt_mutated_A_27_LYS.pdb   -154.898671572919  2927.35038  1510.25516197252          -2791.76084949681           -1321.7001228752        1582.22419
design3_rebuilt_mutated_A_31_PHE.pdb   -154.76497079051   2973.93598  1528.84828847348          -2822.13486048908           -1306.3591346197        1656.42685
design3_rebuilt_mutated_A_34_LEU.pdb   -154.47873625375   2970.12268  1526.5030196096           -2794.97281573866           -1282.04871605992       1446.98092
design3_rebuilt_mutated_A_23_ILE.pdb   -154.427663759958  2967.54794  1526.65543438358          -2808.73508460675           -1358.3059785807        1608.60839
design3_rebuilt_mutated_A_2_ARG.pdb    -154.06029423371   3041.4323   1563.94292942581          -2883.32807785304           -1409.8561250284        1642.51245
design3_rebuilt_mutated_A_38_GLN.pdb   -153.943331494386  2994.83374  1544.74544928465          -2830.19311360486           -1256.72395747582       1670.97121
design3_rebuilt_mutated_A_35_HIS.pdb   -152.753828794824  2981.5213   1529.84973007864          -2806.21613909179           -1340.98892406226       1600.98218
design3_rebuilt_mutated_A_48_ILE.pdb   -152.669791571246  2947.18944  1515.85313929978          -2787.82492573318           -1338.75132556657       1611.92702
design3_rebuilt_mutated_A_34_ASN.pdb   -152.39398902153   2959.72483  1520.98002185154          -2793.13681038415           -1317.44865332786       1597.68357
design3_rebuilt_mutated_A_48_CYS.pdb   -152.317779554071  2958.62877  1520.27676661746          -2786.91234027804           -1331.92341992738       1613.89493
design3_rebuilt_mutated_A_49_ASP.pdb   -150.252401663236  2951.63982  1518.10893208545          -2793.68794305757           -1344.03301053121       1565.10044
design3_rebuilt_mutated_A_16_ILE.pdb   -149.65844217195   2953.14921  1520.22161579318          -2778.02128844425           -1343.64252565836       1629.96549
design3_rebuilt_mutated_A_34_CYS.pdb   -147.497621959729  2955.5367   1518.58168755774          -2793.44289563759           -1318.29302801143       1596.79694
design3_rebuilt_mutated_A_13_GLY.pdb   -147.051663015946  2945.16205  1509.23067313981          -2766.20721321574           -1334.73832935752       1518.47699
design3_rebuilt_mutated_A_49_ASN.pdb   -146.232637286112  2953.80812  1518.3474804567           -2795.93565456641           -1349.56990103072       1564.5392
design3_rebuilt_mutated_A_23_ASN.pdb   -146.158591301566  2946.73232  1516.61956443256          -2776.23340288857           -1341.45470162393       1609.70375
design3_rebuilt_mutated_A_13_ILE.pdb   -145.524355865984  2951.22079  1512.34092620796          -2762.11034219681           -1315.44413407803       1543.5427
design3_rebuilt_mutated_A_42_PHE.pdb   -145.24069288826   2971.4357   1524.97846041842          -2777.39149699612           -1303.6565116443        1632.54217
design3_rebuilt_mutated_A_23_GLU.pdb   -144.342564228802  2955.25801  1520.25685581473          -2779.74465387404           -1334.15150757171       1613.67415
design3_rebuilt_mutated_A_45_SER.pdb   -144.001589603196  2939.75343  1512.76142325609          -2751.8578970181            -1247.3924675997        1633.5179
design3_rebuilt_mutated_A_16_LEU.pdb   -143.890146980482  2957.78179  1521.14064167026          -2781.60438078396           -1334.07512243019       1616.53054
design3_rebuilt_mutated_A_3_PHE.pdb    -143.700103950608  2973.80923  1529.11041839204          -2824.69360795408           -1378.85541558797       1608.50955
design3_rebuilt_mutated_A_23_GLY.pdb   -143.643100600521  2928.55026  1504.65930065837          -2739.39494843022           -1377.48041742525       1580.67336
design3_rebuilt_mutated_A_42_GLN.pdb   -143.368656792783  2955.20167  1517.04939864599          -2781.85430644451           -1324.71317609859       1605.79683
design3_rebuilt_mutated_A_16_TYR.pdb   -142.798110016449  2957.49371  1521.01251558208          -2779.60331805653           -1332.54167062772       1606.14565
design3_rebuilt_mutated_A_38_TRP.pdb   -141.963727508472  2926.28124  1507.50283751551          -2765.02603068598           -1267.35685632382       1652.81673
design3_rebuilt_mutated_A_23_ALA.pdb   -141.363968607377  2940.87103  1512.47098710172          -2769.28599782349           -1337.24468198562       1609.69243
design3_rebuilt_mutated_A_3_TYR.pdb    -141.300909309832  2974.53594  1529.50202255521          -2827.00982192879           -1382.5821455229        1608.50955
design3_rebuilt_mutated_A_49_GLY.pdb   -140.626503354592  2942.00408  1512.86614531715          -2771.17905369116           -1340.32231281556       1546.89782
design3_rebuilt_mutated_A_42_HIS.pdb   -140.604558411634  2998.54988  1533.28047905546          -2781.90064382453           -1319.63327763971       1633.951
design3_rebuilt_mutated_A_16_THR.pdb   -140.428602772851  2951.86218  1516.52818147916          -2775.24588958409           -1340.48933108019       1624.76288
design3_rebuilt_mutated_A_58_CYS.pdb   -140.27012209106   2966.27192  1524.29138870743          -2806.37325921361           -1372.32160511868       1608.29445
design3_rebuilt_mutated_A_23_HIS.pdb   -139.827172406262  2948.80205  1515.80230922479          -2776.4632067321            -1342.95793117146       1609.70375
design3_rebuilt_mutated_A_23_SER.pdb   -139.368076947136  2942.73587  1513.09342939278          -2768.12681132594           -1334.87554503298       1609.70375
design3_rebuilt_mutated_A_45_ILE.pdb   -138.997451249043  2942.6117   1510.20972205836          -2758.24867540095           -1262.77784252024       1647.75023
design3_rebuilt_mutated_A_58_THR.pdb   -136.052671488353  2964.69014  1524.94372494924          -2803.55991544054           -1377.2428992111        1608.67705
design3_rebuilt_mutated_A_35_ILE.pdb   -135.751078120404  2984.9256   1530.82163305             -2826.04562743756           -1382.37782917434       1644.09251
design3_rebuilt_mutated_A_59_LYS.pdb   -135.029928734406  2988.64551  1533.06205125915          -2803.96242416266           -1360.98755929319       1610.95505
design3_rebuilt_mutated_A_48_MET.pdb   -134.647093009359  2976.28339  1523.23104994928          -2788.06697483262           -1302.81995206333       1560.43341
design3_rebuilt_mutated_A_23_LYS.pdb   -133.853820007724  2968.42529  1524.50055990449          -2805.63991707879           -1353.27544899067       1608.50955
design3_rebuilt_mutated_A_34_ALA.pdb   -132.943256061597  2942.97441  1508.76738113928          -2781.67501080568           -1333.40889974424       1593.85882
design3_rebuilt_mutated_A_16_VAL.pdb   -132.771499605745  2952.7196   1516.34281600654          -2769.22884167955           -1333.96553413809       1626.4807
design3_rebuilt_mutated_A_23_PHE.pdb   -131.788583617295  2953.16758  1515.59455264888          -2770.70294955499           -1330.82918567725       1609.70375
design3_rebuilt_mutated_A_49_LEU.pdb   -131.553560086757  2957.94324  1517.02473372516          -2788.78783281414           -1328.81545852475       1586.88133
design3_rebuilt_mutated_A_35_LYS.pdb   -131.511066655376  3003.79437  1538.49725127915          -2837.43468202798           -1390.44064849627       1644.82395
design3_rebuilt_mutated_A_26_CYS.pdb   -131.027650696301  2939.45538  1506.11127141864          -2772.10240087222           -1385.47087028141       1459.44668
design3_rebuilt_mutated_A_13_LYS.pdb   -127.903539395728  2986.45204  1525.20233175707          -2787.00545976467           -1319.44031416776       1592.60667
design3_rebuilt_mutated_A_16_PHE.pdb   -127.280533958055  2957.18174  1517.18626937917          -2770.93680666867           -1324.98468860171       1607.10538
design3_rebuilt_mutated_A_38_SER.pdb   -126.865180246125  2940.15131  1508.70729244556          -2757.99660041711           -1313.95635285571       1587.5218
design3_rebuilt_mutated_A_35_LEU.pdb   -126.254481687884  2983.39333  1530.6977699806           -2822.50101040603           -1367.60665771377       1610.30396
design3_rebuilt_mutated_A_31_MET.pdb   -125.143034169079  2980.45072  1523.43323095924          -2816.2785630747            -1323.44748066838       1439.23763
design3_rebuilt_mutated_A_38_ALA.pdb   -124.373015983692  2937.01399  1506.33630246065          -2754.87749502398           -1311.98189974473       1581.48272
design3_rebuilt_mutated_A_34_LYS.pdb   -123.82082361385   2976.66799  1523.27120836558          -2799.31654401628           -1243.59378798799       1661.00758
design3_rebuilt_mutated_A_13_VAL.pdb   -123.631063265925  2950.63059  1507.43281278843          -2753.47328775533           -1308.40849248875       1406.16361
design3_rebuilt_mutated_A_49_CYS.pdb   -123.184911938359  2951.67203  1513.36093105367          -2782.1164960388            -1354.15900938097       1563.25157
design3_rebuilt_mutated_A_13_SER.pdb   -123.138634744481  2943.90194  1503.16913487773          -2751.59686827227           -1323.22805576899       1516.53589
design3_rebuilt_mutated_A_17_ALA.pdb   -122.686776097371  3003.09818  1532.76604464831          -2799.03268546377           -1311.87476050084       1574.76838
design3_rebuilt_mutated_A_3_LEU.pdb    -121.93320001674   2965.40504  1518.89671560914          -2805.22862936704           -1365.00080056435       1608.50955
design3_rebuilt_mutated_A_3_TRP.pdb    -120.392473708087  3007.04177  1541.15128271146          -2845.57422450804           -1360.89050047825       1439.11818
design3_rebuilt_mutated_A_3_ASP.pdb    -119.952877134451  2983.75004  1530.76952833539          -2831.87012511684           -1395.94147068053       1608.50955
design3_rebuilt_mutated_A_16_MET.pdb   -115.558213345403  2956.42324  1514.95032247289          -2768.36223334736           -1300.12742697921       1623.72478
design3_rebuilt_mutated_A_34_SER.pdb   -114.964357059627  2946.11623  1505.52455207649          -2779.11773515935           -1312.75889185105       1594.28745
design3_rebuilt_mutated_A_6_ARG.pdb    -113.225121498251  3005.74608  1544.42002203986          -2838.42640018489           -1351.64446698669       1645.21931
design3_rebuilt_mutated_A_34_PRO.pdb   -113.203951354297  2943.927    1505.42418865429          -2764.73593260111           -1310.78814164667       1595.26265
design3_rebuilt_mutated_A_48_VAL.pdb   -110.027588192734  2940.04169  1505.80087550472          -2769.20027734839           -1323.95591566813       1613.51115
design3_rebuilt_mutated_A_58_VAL.pdb   -108.182737121289  2973.32855  1523.25778707072          -2800.02956312127           -1362.08453303547       1608.35985
design3_rebuilt_mutated_A_13_CYS.pdb   -107.530067688785  2953.63179  1506.16265238127          -2744.87187394566           -1291.00415522894       1416.26239
design3_rebuilt_mutated_A_47_VAL.pdb   -105.883986671609  2934.78681  1505.09801143721          -2772.5615481064            -1338.81857174118       1609.92912
design3_rebuilt_mutated_A_58_ILE.pdb   -104.191488082779  2974.6768   1522.57058307004          -2797.46125597221           -1359.60220461782       1608.36275
design3_rebuilt_mutated_A_23_CYS.pdb   -103.213303187857  2945.36126  1507.55826085716          -2753.0238438396            -1311.86006018114       1609.70375
design3_rebuilt_mutated_A_47_ILE.pdb   -102.062938869814  2939.27851  1505.62909506774          -2772.21817243839           -1336.57780140426       1609.92912
design3_rebuilt_mutated_A_23_ARG.pdb   -100.560716422544  2971.42627  1519.08260900761          -2794.96553245659           -1343.84012084408       1608.50955
design3_rebuilt_mutated_A_6_GLN.pdb    -100.553002379053  3008.42866  1542.4757108037           -2852.92516814611           -1419.13899797359       1625.83675
design3_rebuilt_mutated_A_2_HIS.pdb    -98.8401648593057  3016.44242  1546.38452005084          -2861.67843439756           -1419.31090091429       1628.41686
design3_rebuilt_mutated_A_23_TYR.pdb   -97.1029616122138  2949.8359   1508.85251586691          -2750.79595633176           -1311.66669779058       1609.70375
design3_rebuilt_mutated_A_41_HIS.pdb   -94.8833508513371  2947.7816   1509.91910903801          -2729.07704643302           -1264.47072703928       1599.31302
design3_rebuilt_mutated_A_2_ILE.pdb    -93.4608222818904  3019.76095  1545.32256566083          -2859.19411005122           -1425.26790446553       1625.83675
design3_rebuilt_mutated_A_28_ARG.pdb   -91.7996079904976  2960.61969  1506.76484170674          -2779.36857108974           -1288.38364774794       1622.66706
design3_rebuilt_mutated_A_17_CYS.pdb   -88.7504970466721  2944.97703  1502.40449167095          -2737.85229860155           -1170.30658234964       1620.00105
design3_rebuilt_mutated_A_28_GLY.pdb   -87.0468649947075  2946.20413  1497.81957803633          -2765.06841850906           -1250.98706921409       1652.88595
design3_rebuilt_mutated_A_51_TRP.pdb   -84.4689272218498  2994.09304  1530.42598207407          -2819.28248905718           -1378.66346787946       1608.50955
design3_rebuilt_mutated_A_35_MET.pdb   -83.6336265131303  2995.3729   1527.56339359848          -2815.30372805815           -1371.27430743657       1644.7474
design3_rebuilt_mutated_A_38_VAL.pdb   -79.6566834223707  2969.83341  1520.66055738557          -2775.14140906262           -1270.25843338833       1639.07461
design3_rebuilt_mutated_A_38_GLY.pdb   -77.1270329425472  2936.51031  1495.31683236709          -2723.93950522987           -1252.49925217858       1575.70358
design3_rebuilt_mutated_A_48_LYS.pdb   -74.5354537673729  2986.58211  1522.81926654784          -2799.1938193043            -1349.80728668336       1612.22229
design3_rebuilt_mutated_A_28_CYS.pdb   -72.910937759712   2921.3856   1486.18802575292          -2726.96239346678           -1279.97854859298       1523.70755
design3_rebuilt_mutated_A_13_LEU.pdb   -72.5520043239301  2967.83665  1509.40926095808          -2767.82204320215           -1311.31291267887       1415.85119
design3_rebuilt_mutated_A_49_HIS.pdb   -65.5796091998617  2958.67744  1501.24818301513          -2758.65554067059           -1272.4841886432        1580.31204
design3_rebuilt_mutated_A_42_TYR.pdb   -57.9554056464644  2975.89873  1509.56358564816          -2729.03038296172           -1227.40035417563       1637.3151
design3_rebuilt_mutated_A_45_GLY.pdb   -57.3770321558007  2933.88853  1494.14856853077          -2690.1059370952            -1183.94665742551       1617.26709
design3_rebuilt_mutated_A_24_TRP.pdb   -56.5771645129158  2964.94709  1503.02574584197          -2759.49047773272           -1263.96396981861       1604.86102
design3_rebuilt_mutated_A_23_MET.pdb   -53.7638981442846  2965.0533   1510.31011212774          -2748.33356970208           -1263.57909296864       1614.22804
design3_rebuilt_mutated_A_34_GLY.pdb   -46.3153548834084  2932.59512  1486.23705068899          -2734.26088080834           -1279.27589336598       1579.75702
design3_rebuilt_mutated_A_38_ARG.pdb   -42.7621598577453  2961.10474  1507.41882650307          -2750.22647542213           -1213.1732764363        1420.25865
design3_rebuilt_mutated_A_49_PHE.pdb   -41.1387382711474  2984.42226  1505.8493454894           -2744.27668533446           -1201.97965490055       1581.6749
design3_rebuilt_mutated_A_28_THR.pdb   -40.4250681443241  2922.58129  1480.93620900346          -2711.85385376747           -1283.29862822147       1533.51496
design3_rebuilt_mutated_A_38_ILE.pdb   -24.3696415209867  2945.39135  1496.40171641457          -2727.71886017762           -1227.09798100973       1556.43229
design3_rebuilt_mutated_A_28_LEU.pdb   -20.2612503347775  2948.4194   1488.69442417057          -2728.80478735418           -1267.22150564872       1590.98989
design3_rebuilt_mutated_A_2_LYS.pdb    -16.4555316079366  3042.57255  1545.80391129813          -2860.10607620396           -1426.65104589726       1625.83675
design3_rebuilt_mutated_A_13_MET.pdb   -12.6459500651782  2979.32057  1501.09387210902          -2716.00098101502           -1243.15291486805       1437.64172
design3_rebuilt_mutated_A_41_TRP.pdb   -12.2721512639757  2959.4834   1493.21296581768          -2709.04338618753           -1223.4607012255        1572.32677
design3_rebuilt_mutated_A_28_VAL.pdb   -4.49379427923376  2925.54052  1475.79363899656          -2692.8948947779            -1241.65860390505       1538.92152
design3_rebuilt_mutated_A_41_MET.pdb   1.15805508699807   2976.93334  1498.63148482274          -2654.84714732345           -1078.34045048427       1324.21397
design3_rebuilt_mutated_A_17_TRP.pdb   3.60148719730788   2994.785    1503.0580617688           -2731.36266818976           -1232.60021603734       1580.37572
design3_rebuilt_mutated_A_45_LYS.pdb   7.72762815519125   2971.41008  1497.57720303208          -2650.28289392929           -1097.65172220148       1547.87168
design3_rebuilt_mutated_A_38_LEU.pdb   11.38204882777     2939.72797  1482.68281837852          -2714.67394861739           -1210.71000936592       1602.6447
design3_rebuilt_mutated_A_23_TRP.pdb   22.6772399956492   2955.41127  1486.38353418693          -2689.79270254411           -1290.09690985161       1583.92257
design3_rebuilt_mutated_A_17_TYR.pdb   27.2018187232998   3012.7404   1507.01162195008          -2727.43463821769           -1180.52900427931       1458.44008
design3_rebuilt_mutated_A_38_MET.pdb   28.47297622747     2995.86885  1515.82283355794          -2761.75107930784           -1161.97205917229       1403.49505
design3_rebuilt_mutated_A_28_ILE.pdb   33.8064083103313   2944.13347  1477.00385801565          -2697.52931517505           -1239.44383593952       1584.32592
design3_rebuilt_mutated_A_41_PRO.pdb   36.7516117610557   2924.00884  1468.36242665021          -2605.50715649027           -1072.27001120666       1534.25596
design3_rebuilt_mutated_A_38_CYS.pdb   42.219367777842    2932.98913  1475.62134534987          -2689.82529058044           -1236.38302596214       1538.75101
design3_rebuilt_mutated_A_31_TRP.pdb   49.6291259830867   2964.53713  1490.76697274879          -2744.51641096682           -1188.30714020581       1653.64948
design3_rebuilt_mutated_A_17_ARG.pdb   52.5329633003184   3016.31273  1503.32474145765          -2729.55682853106           -1203.21000836639       1599.17264
design3_rebuilt_mutated_A_41_GLU.pdb   63.0411601984143   2974.62121  1485.20462849127          -2636.10450207802           -1121.80652025632       1552.2804
design3_rebuilt_mutated_A_41_ASN.pdb   67.2162193987699   2927.57502  1462.46348757216          -2595.36064094441           -1062.93716147928       1574.01149
design3_rebuilt_mutated_A_41_ARG.pdb   67.3124073035849   2947.46286  1474.02028551721          -2625.74260571458           -1126.69318658477       1558.90757
design3_rebuilt_mutated_A_41_SER.pdb   67.6249571191804   2927.67473  1463.31001282387          -2590.88374485879           -1046.10806577209       1573.88364
design3_rebuilt_mutated_A_41_LEU.pdb   70.0654102098537   2942.55061  1472.71260028667          -2630.78645689372           -1096.85310950565       1574.57822
design3_rebuilt_mutated_A_41_ALA.pdb   70.9242595068861   2927.3044   1462.08760091192          -2591.11725666995           -1036.38071633182       1520.16607
design3_rebuilt_mutated_A_41_GLN.pdb   71.4052976345601   2937.60658  1476.47205895642          -2638.93891961054           -1147.71244867769       1621.00127
design3_rebuilt_mutated_A_17_PHE.pdb   72.2107431363076   3007.64637  1495.60404902904          -2706.87089602972           -1157.32943009103       1449.70027
design3_rebuilt_mutated_A_41_ASP.pdb   80.3584210402131   2926.7995   1460.11471917602          -2588.37152581572           -1049.62016290407       1573.37067
design3_rebuilt_mutated_A_49_TYR.pdb   83.6983929547267   3003.21165  1485.09043321931          -2680.96098979136           -1084.77750724849       1589.5652
design3_rebuilt_mutated_A_38_LYS.pdb   112.721023883856   2951.9225   1475.46191676487          -2680.96504153591           -1128.13069917529       1575.78706
design3_rebuilt_mutated_A_41_VAL.pdb   118.268069639102   2945.45158  1461.80244233809          -2589.58692208361           -1026.86248894657       1324.20918
design3_rebuilt_mutated_A_28_SER.pdb   137.004083954923   2923.74829  1445.18687228953          -2605.61110003276           -1098.5457394178        1565.71563
design3_rebuilt_mutated_A_49_TRP.pdb   137.842772881853   3005.5393   1481.40372145665          -2667.06945000466           -1034.17212748473       1467.82879
design3_rebuilt_mutated_A_41_CYS.pdb   159.443473278345   2908.16692  1436.86220043951          -2551.20498599499           -1043.11629189614       1560.33093
design3_rebuilt_mutated_A_41_GLY.pdb   171.748949004222   2888.60892  1424.10940748428          -2522.930668381             -1045.8386614917        1502.68915
design3_rebuilt_mutated_A_41_THR.pdb   176.582428252389   2926.93034  1444.00681001846          -2558.69688430937           -1028.99612133323       1528.42044
design3_rebuilt_mutated_A_41_LYS.pdb   188.870805636481   2962.90084  1457.86326819934          -2572.3264364998            -1017.65754116042       1585.98783
design3_rebuilt_mutated_A_42_LYS.pdb   195.129711267832   3003.50695  1465.13649791866          -2605.1430267451            -1021.23669985983       1594.68629
design3_rebuilt_mutated_A_41_ILE.pdb   219.165308515482   2944.60337  1443.44236166368          -2550.90242596437           -1002.96279888667       1572.02856
design3_rebuilt_mutated_A_28_LYS.pdb   277.54079715284    2957.71493  1431.51807556842          -2624.25212640686           -1005.04529222806       1617.4952
