ID                                             area_pseudoenergy  area_total  area_expected_to_persist  area_goodness_pseudoenergy  best_core_pseudoenergy  best_core_area
design1_rebuilt_mutated_A_1_PHE_relaxed.pdb    -16462.6371550817  9514.40632  7388.80269080237          -19672.9161482824           -16854.1006987434       9235.20411
design1_rebuilt_mutated_A_27_TRP_relaxed.pdb   -16418.1172338043  9558.19451  7424.52948939522          -19675.1676613005           -16777.616765421        9276.97637
design1_rebuilt_mutated_A_1_TYR_relaxed.pdb    -16408.92147782    9516.80575  7379.99786760714          -19638.6500571774           -16801.0859695195       9236.71102
design1_rebuilt_mutated_A_26_TRP_relaxed.pdb   -16331.7141417147  9589.39683  7388.98276177361          -19692.0287728637           -16789.0333579494       9265.30815
design1_rebuilt_mutated_A_30_TRP_relaxed.pdb   -16330.0024058599  9595.55765  7399.01240829116          -19719.4708565329           -16785.6441796021       9205.63191
design1_rebuilt_mutated_A_27_VAL_relaxed.pdb   -16297.7562980739  9534.61627  7376.42106126058          -19580.2637456796           -16717.4639391825       9194.12887
design1_rebuilt_mutated_A_161_ARG_relaxed.pdb  -16260.6475978945  9523.04573  7363.23491429279          -19528.7041893642           -16644.6828475125       9198.37257
design1_rebuilt_mutated_A_162_GLY_relaxed.pdb  -16257.1280530382  9517.79717  7355.11368432753          -19553.7467727605           -16678.6629416583       9183.78572
design1_rebuilt_mutated_A_166_TRP_relaxed.pdb  -16250.229383993   9583.02781  7406.00541900989          -19576.7055465903           -16698.1239157949       9246.09571
design1_rebuilt_mutated_A_183_ASP_relaxed.pdb  -16243.1464013464  9500.67618  7356.48651601735          -19504.3090594838           -16661.2909088105       9186.83976
design1_rebuilt_mutated_A_162_ILE_relaxed.pdb  -16240.668113435   9527.8998   7361.48830527911          -19561.329362206            -16694.9801361755       9187.08365
design1_rebuilt_mutated_A_54_TYR_relaxed.pdb   -16239.0476325422  9591.21699  7383.34698333625          -19619.8418772822           -16686.1047806344       9275.49011
design1_rebuilt_mutated_A_27_ILE_relaxed.pdb   -16224.7003681363  9522.62022  7368.19760351032          -19502.6996127081           -16646.981330441        9208.49993
design1_rebuilt_mutated_A_184_ALA_relaxed.pdb  -16223.8325457156  9482.69543  7350.23809487951          -19450.0332392525           -16641.2185438807       9149.21227
design1_rebuilt_mutated_A_229_PHE_relaxed.pdb  -16216.8887478487  9539.54057  7364.10572678257          -19534.7149386665           -16661.0785431913       9195.83943
design1_rebuilt_mutated_A_161_LYS_relaxed.pdb  -16215.1447779932  9514.57762  7360.1611673084           -19480.192473296            -16615.1965642535       9201.22711
design1_rebuilt_mutated_A_225_LYS_relaxed.pdb  -16209.3939312551  9539.26273  7370.38453648746          -19537.3644700462           -16655.9845726708       9209.55429
design1_rebuilt_mutated_A_26_MET_relaxed.pdb   -16209.1089361114  9563.14662  7379.72229318418          -19545.4225378865           -16639.3053446424       9230.86988
design1_rebuilt_mutated_A_25_GLN_relaxed.pdb   -16200.5773395567  9538.61014  7364.27684478708          -19498.951034352            -16604.8506109249       9237.90141
design1_rebuilt_mutated_A_3_PRO_relaxed.pdb    -16197.4718972307  9507.76505  7347.77180990574          -19462.8480255562           -16595.218391952        9181.09788
design1_rebuilt_mutated_A_3_VAL_relaxed.pdb    -16196.0473101001  9520.80382  7349.45811921763          -19502.2663138302           -16570.650404413        9252.03987
design1_rebuilt_mutated_A_28_LEU_relaxed.pdb   -16192.6418577314  9540.40589  7351.50884426729          -19526.7595116212           -16654.0978726534       9191.2618
design1_rebuilt_mutated_A_161_TRP_relaxed.pdb  -16191.6162845545  9542.11721  7369.07102426715          -19464.1853990645           -16586.0241683607       9215.32232
design1_rebuilt_mutated_A_2_TRP_relaxed.pdb    -16190.3365798493  9586.5307   7392.25010206866          -19533.4980857593           -16590.036981014        9286.24173
design1_rebuilt_mutated_A_227_TRP_relaxed.pdb  -16180.3890124213  9555.27869  7385.43125967894          -19449.7484246998           -16576.0602881572       9267.10568
design1_rebuilt_mutated_A_31_THR_relaxed.pdb   -16174.6514185809  9520.00602  7359.23683170534          -19454.067694821            -16584.9013189714       9213.78873
design1_rebuilt_mutated_A_1_GLY_relaxed.pdb    -16170.1421299403  9493.75346  7335.34445739661          -19442.5423997417           -16598.6896187084       9186.87212
design1_rebuilt_mutated_A_230_ARG_relaxed.pdb  -16168.9609556355  9522.42965  7350.69216556257          -19486.3111294273           -16597.5042110905       9182.49771
design1_rebuilt_mutated_A_225_HIS_relaxed.pdb  -16167.1830353963  9540.71081  7361.95382086             -19482.5856139889           -16601.3125819127       9203.70282
design1_rebuilt_mutated_A_161_PRO_relaxed.pdb  -16163.1561946794  9486.25358  7337.20365113487          -19426.5758418261           -16599.5945241968       9150.79944
design1_rebuilt_mutated_A_230_TYR_relaxed.pdb  -16158.7355713237  9504.14275  7316.12864141151          -19512.3138988259           -16581.4085810502       9177.15564
design1_rebuilt_mutated_A_64_LYS_relaxed.pdb   -16157.1447384585  9518.06619  7328.43802124035          -19521.2695055008           -16641.2564699225       9174.0741
design1_rebuilt_mutated_A_229_ARG_relaxed.pdb  -16151.8401098412  9561.47009  7351.75662179088          -19562.0759034563           -16605.2515914199       9201.7073
design1_rebuilt_mutated_A_64_ARG_relaxed.pdb   -16137.6240785266  9528.72941  7330.99044179634          -19505.4724790553           -16614.9932405873       9177.42955
design1_rebuilt_mutated_A_26_ASN_relaxed.pdb   -16134.6834517116  9547.19319  7355.29501974588          -19476.5495622558           -16541.1827099699       9229.04972
design1_rebuilt_mutated_A_27_GLY_relaxed.pdb   -16128.5306724946  9547.42637  7374.98925800495          -19433.5675456694           -16537.1474916645       9184.66641
design1_rebuilt_mutated_A_2_ALA_relaxed.pdb    -16128.2251995844  9518.259    7338.82005994501          -19436.323900753            -16496.8129147035       9022.34775
design1_rebuilt_mutated_A_27_LEU_relaxed.pdb   -16126.401461487   9532.84356  7364.74993047808          -19421.6275088258           -16554.313117209        9222.38413
design1_rebuilt_mutated_A_26_TYR_relaxed.pdb   -16123.8005245428  9558.53537  7353.96446589564          -19480.938741814            -16560.3614283004       9229.51091
design1_rebuilt_mutated_A_53_ARG_relaxed.pdb   -16122.4859559363  9557.48201  7351.24592389802          -19504.7026107615           -16551.9911764268       9251.01858
design1_rebuilt_mutated_A_161_HIS_relaxed.pdb  -16121.748402287   9529.46598  7344.48718875114          -19453.4897223023           -16547.6187187525       9196.87013
design1_rebuilt_mutated_A_108_LEU_relaxed.pdb  -16121.3441229368  9490.14504  7321.57289691042          -19421.0665129988           -16536.9466172504       9178.45992
design1_rebuilt_mutated_A_108_TRP_relaxed.pdb  -16117.804837314   9530.84962  7363.50201728408          -19409.863874795            -16531.6109658679       9226.52306
design1_rebuilt_mutated_A_54_MET_relaxed.pdb   -16116.1433356417  9517.02554  7331.56141219737          -19458.968057442            -16529.8309641765       9193.04279
design1_rebuilt_mutated_A_30_ASN_relaxed.pdb   -16105.614980238   9513.87275  7341.39397885742          -19434.151573197            -16549.4051805752       9180.25286
design1_rebuilt_mutated_A_25_PRO_relaxed.pdb   -16103.8050089795  9511.33604  7346.83681866952          -19370.5351283186           -16517.7014008926       9198.58469
design1_rebuilt_mutated_A_25_LYS_relaxed.pdb   -16103.5185139062  9537.54284  7354.85945644624          -19448.2092909171           -16500.3608968509       9191.70693
design1_rebuilt_mutated_A_53_GLN_relaxed.pdb   -16098.2978326604  9530.74364  7342.98463644606          -19425.5903985966           -16490.2671399362       9213.64858
design1_rebuilt_mutated_A_25_ASN_relaxed.pdb   -16098.1160207143  9527.66998  7342.15008960965          -19429.2286393932           -16490.8203657897       9222.86348
design1_rebuilt_mutated_A_226_GLN_relaxed.pdb  -16095.7267016547  9520.57625  7328.57703759625          -19470.6040680267           -16614.657306497        8914.62713
design1_rebuilt_mutated_A_28_ASN_relaxed.pdb   -16093.5273246591  9544.3672   7354.62704894994          -19439.9495460518           -16496.0478077747       9242.53113
design1_rebuilt_mutated_A_27_ASP_relaxed.pdb   -16089.6470620523  9492.38946  7334.63944445395          -19367.2117640017           -16507.0575414534       8940.62925
design1_rebuilt_mutated_A_99_THR_relaxed.pdb   -16088.462824342   9474.55241  7329.54384087483          -19340.5712338143           -16493.8276088049       9164.20002
design1_rebuilt_mutated_A_99_VAL_relaxed.pdb   -16088.449169119   9500.16465  7340.88569026438          -19360.4344213808           -16517.1617075378       9189.8176
design1_rebuilt_mutated_A_162_LEU_relaxed.pdb  -16087.6668294656  9529.08054  7334.69607586679          -19466.4205480248           -16510.8652475922       9208.72424
design1_rebuilt_mutated_A_26_LYS_relaxed.pdb   -16084.0902093035  9554.89515  7364.52433304             -19435.8827041648           -16532.4955036069       9222.86787
design1_rebuilt_mutated_A_134_GLN_relaxed.pdb  -16083.5108610889  9545.29983  7356.0600995573           -19447.1897605026           -16498.1662760269       9230.37559
design1_rebuilt_mutated_A_1_THR_relaxed.pdb    -16079.8358100921  9491.73468  7327.65065493427          -19345.7973143437           -16485.9668714238       9167.96776
design1_rebuilt_mutated_A_225_VAL_relaxed.pdb  -16078.893758771   9517.5698   7332.52912872228          -19411.8056978982           -16509.0146236436       8984.56753
design1_rebuilt_mutated_A_2_GLN_relaxed.pdb    -16074.2480404436  9506.23452  7332.12609765753          -19385.5821493486           -16470.0683335731       9179.98527
design1_rebuilt_mutated_A_3_MET_relaxed.pdb    -16072.8961005649  9540.05728  7350.15631784285          -19431.2972314092           -16455.5727967075       9271.30126
design1_rebuilt_mutated_A_3_PHE_relaxed.pdb    -16067.4169094559  9523.38724  7343.45784306587          -19358.9834697641           -16449.5379974902       9251.04928
design1_rebuilt_mutated_A_56_ARG_relaxed.pdb   -16065.6413247212  9549.40161  7339.33637694012          -19457.7408752529           -16439.9942584523       9173.30882
design1_rebuilt_mutated_A_27_SER_relaxed.pdb   -16065.2293269026  9529.73973  7361.62338049933          -19358.5319111514           -16452.0187991985       9234.92842
design1_rebuilt_mutated_A_161_TYR_relaxed.pdb  -16064.1309551769  9532.78471  7347.52207233414          -19367.6629242716           -16460.9648794922       9207.08938
design1_rebuilt_mutated_A_162_LYS_relaxed.pdb  -16049.9145131442  9533.94137  7342.05223762377          -19402.2061984319           -16464.9604982077       9244.78681
design1_rebuilt_mutated_A_27_GLN_relaxed.pdb   -16049.9012974678  9507.65949  7337.94990021968          -19346.4706495068           -16454.2891335229       9184.22279
design1_rebuilt_mutated_A_161_THR_relaxed.pdb  -16048.7798394089  9493.39111  7320.06704383945          -19337.9778330856           -16465.5610847956       9167.60888
design1_rebuilt_mutated_A_2_THR_relaxed.pdb    -16048.4224982523  9551.27926  7338.00314141083          -19455.7661784177           -16464.9859065575       9252.70152
design1_rebuilt_mutated_A_99_GLY_relaxed.pdb   -16045.9661294796  9463.08162  7304.66716968451          -19348.2707243215           -16514.532601836        9121.35437
design1_rebuilt_mutated_A_99_ILE_relaxed.pdb   -16044.237949535   9517.92495  7325.46179465701          -19395.7548386014           -16447.5468445804       9188.08364
design1_rebuilt_mutated_A_225_GLN_relaxed.pdb  -16042.8007730976  9504.89995  7331.53150528397          -19335.2577302108           -16455.7943207386       9177.90459
design1_rebuilt_mutated_A_1_ILE_relaxed.pdb    -16040.698497385   9508.29961  7322.10731072558          -19343.2753174843           -16437.0374041621       9211.11103
design1_rebuilt_mutated_A_162_HIS_relaxed.pdb  -16040.5209210605  9527.67012  7340.3640149408           -19378.3074862051           -16486.2874308755       9191.18457
design1_rebuilt_mutated_A_25_ILE_relaxed.pdb   -16040.1222515967  9528.66765  7331.91436608255          -19395.4924191543           -16483.9022062127       9212.08349
design1_rebuilt_mutated_A_3_GLY_relaxed.pdb    -16037.5926045161  9513.49807  7330.77212887058          -19341.6046449459           -16445.5165221602       9208.19875
design1_rebuilt_mutated_A_226_ASP_relaxed.pdb  -16034.7716272158  9516.68782  7340.55607929818          -19336.9791210718           -16446.0301083014       9111.83051
design1_rebuilt_mutated_A_100_PHE_relaxed.pdb  -16032.5119171833  9515.1703   7328.94212659759          -19354.5351234672           -16467.0179510518       8962.95705
design1_rebuilt_mutated_A_162_TRP_relaxed.pdb  -16023.5236639286  9549.71842  7335.88428840882          -19410.7503725265           -16475.3551747554       9197.46971
design1_rebuilt_mutated_A_53_ILE_relaxed.pdb   -16023.1533233675  9523.32726  7319.55723538158          -19391.5539425728           -16445.9681577099       9210.76373
design1_rebuilt_mutated_A_2_ILE_relaxed.pdb    -16022.9120493149  9505.07278  7333.2749841179           -19329.3197421825           -16442.1883477026       9196.17717
design1_rebuilt_mutated_A_1_SER_relaxed.pdb    -16022.6353926418  9497.40145  7336.67380209783          -19277.0706521772           -16477.2266156511       9174.65232
design1_rebuilt_mutated_A_57_LYS_relaxed.pdb   -16022.0044133264  9518.32255  7311.02116585521          -19409.8621790536           -16473.4724441812       9179.19808
design1_rebuilt_mutated_A_225_GLU_relaxed.pdb  -16021.223455238   9517.23964  7323.64883831463          -19352.7247499263           -16447.3856355256       9181.42901
design1_rebuilt_mutated_A_54_PHE_relaxed.pdb   -16020.8038546295  9577.78344  7361.9263247311           -19404.5649399078           -16460.2046508392       9247.10765
design1_rebuilt_mutated_A_2_PRO_relaxed.pdb    -16018.6002155993  9539.59267  7320.7673808043           -19427.4414639177           -16434.8720195624       9244.86316
design1_rebuilt_mutated_A_225_CYS_relaxed.pdb  -16009.663067785   9508.56704  7316.54191743698          -19357.4918247607           -16424.2624695141       9197.49626
design1_rebuilt_mutated_A_31_MET_relaxed.pdb   -16008.7261413086  9537.12935  7327.72134856523          -19367.7386941255           -16355.9723940068       9182.96412
design1_rebuilt_mutated_A_229_ASN_relaxed.pdb  -16002.4604997856  9523.9772   7333.43811896702          -19352.3481495644           -16444.2221112967       9158.85539
design1_rebuilt_mutated_A_162_TYR_relaxed.pdb  -15997.6052928217  9542.20907  7356.02111139379          -19338.0443331027           -16461.7411738822       9192.96681
design1_rebuilt_mutated_A_184_CYS_relaxed.pdb  -15996.1656623435  9486.75432  7321.8614179386           -19268.2962606408           -16415.618762548        9152.09253
design1_rebuilt_mutated_A_28_ILE_relaxed.pdb   -15995.9199313061  9539.72915  7320.41670477793          -19392.8362862811           -16452.2368397029       9197.9115
design1_rebuilt_mutated_A_55_PRO_relaxed.pdb   -15992.9360128585  9532.54543  7337.63285144416          -19339.789843949            -16431.123123146        9211.46261
design1_rebuilt_mutated_A_25_ARG_relaxed.pdb   -15990.4585380991  9515.69855  7336.30624514366          -19298.453346133            -16346.8396674513       9255.54523
design1_rebuilt_mutated_A_161_ASP_relaxed.pdb  -15985.1606064965  9487.36424  7323.40537287786          -19252.2637740819           -16432.1334456869       9156.24727
design1_rebuilt_mutated_A_229_TYR_relaxed.pdb  -15983.7312973944  9557.6052   7339.63041896796          -19362.8424021599           -16417.0723934738       9210.3161
design1_rebuilt_mutated_A_2_TYR_relaxed.pdb    -15980.7444908608  9564.57949  7352.90097126323          -19347.4088654587           -16407.213193951        9238.03075
design1_rebuilt_mutated_A_58_LYS_relaxed.pdb   -15980.2332253702  9542.81872  7326.15603353195          -19381.5709823826           -16436.5281627125       9015.98463
design1_rebuilt_mutated_A_25_LEU_relaxed.pdb   -15979.4255766333  9533.42649  7325.21516604263          -19358.4414336427           -16388.5934553953       9223.10223
design1_rebuilt_mutated_A_226_TYR_relaxed.pdb  -15975.7913552101  9585.62312  7346.90905581194          -19410.2730476254           -16407.4388611942       9045.22558
design1_rebuilt_mutated_A_229_VAL_relaxed.pdb  -15973.5332972235  9514.13155  7312.67740313967          -19342.6068673148           -16394.9275437356       8972.08145
design1_rebuilt_mutated_A_3_ASP_relaxed.pdb    -15973.3700939423  9521.64628  7340.32072382432          -19283.9273698163           -16392.5309194112       8976.06107
design1_rebuilt_mutated_A_56_LYS_relaxed.pdb   -15973.2755700792  9528.95865  7313.89922261965          -19386.263013577            -16410.2087316489       9204.38962
design1_rebuilt_mutated_A_100_ARG_relaxed.pdb  -15972.2743964055  9547.9036   7341.22348693885          -19379.2818982615           -16442.2695440157       9232.07897
design1_rebuilt_mutated_A_27_ARG_relaxed.pdb   -15967.8075186702  9454.03528  7312.54646441354          -19204.5416089911           -16377.6043110434       9153.70908
design1_rebuilt_mutated_A_225_MET_relaxed.pdb  -15967.4581349115  9543.23516  7337.46377318753          -19313.5159294006           -16375.0341993701       9210.8353
design1_rebuilt_mutated_A_184_GLN_relaxed.pdb  -15965.0162626631  9530.63455  7325.75494226985          -19343.5222992904           -16406.1943699369       9189.69797
design1_rebuilt_mutated_A_229_GLU_relaxed.pdb  -15964.8934542935  9523.86946  7311.61465021063          -19353.2301190782           -16408.7291148017       9152.50242
design1_rebuilt_mutated_A_183_ALA_relaxed.pdb  -15962.3112973986  9499.6626   7309.10798898667          -19297.0463214731           -16396.5991589605       9165.69857
design1_rebuilt_mutated_A_30_ARG_relaxed.pdb   -15962.2397916198  9550.52221  7317.83412668267          -19422.4571278434           -16499.3567612805       9153.86713
design1_rebuilt_mutated_A_105_VAL_relaxed.pdb  -15962.208603991   9506.13325  7319.12960030008          -19294.2683536013           -16415.8158735563       9177.46332
design1_rebuilt_mutated_A_1_ASN_relaxed.pdb    -15961.0167728824  9508.92583  7317.40634997223          -19275.8763829329           -16345.264795065        9235.36603
design1_rebuilt_mutated_A_2_GLU_relaxed.pdb    -15960.5642197843  9538.96864  7339.72559382273          -19331.1857824591           -16407.2223549886       9123.50301
design1_rebuilt_mutated_A_101_HIS_relaxed.pdb  -15959.1991802376  9511.80834  7315.65083959454          -19308.2182996846           -16375.3236252465       9213.23125
design1_rebuilt_mutated_A_161_PHE_relaxed.pdb  -15958.6652713823  9542.76894  7325.49119141271          -19345.0290724263           -16373.4407100282       9215.18115
design1_rebuilt_mutated_A_162_PHE_relaxed.pdb  -15957.5593447368  9537.5163   7344.92097526645          -19314.1654801287           -16416.7798464008       9183.6338
design1_rebuilt_mutated_A_105_ARG_relaxed.pdb  -15956.6303362051  9511.22132  7319.99007188512          -19293.394329965            -16383.410333651        9205.44926
design1_rebuilt_mutated_A_3_LYS_relaxed.pdb    -15955.7146308297  9500.79021  7324.67694361362          -19232.071171206            -16342.5923292422       9196.39701
design1_rebuilt_mutated_A_105_ILE_relaxed.pdb  -15953.0546953057  9500.59409  7311.83846332726          -19287.6564106524           -16368.3159423058       9193.29028
design1_rebuilt_mutated_A_183_TYR_relaxed.pdb  -15952.7064120996  9508.58499  7327.84543542676          -19266.0750181886           -16384.4831932947       9177.86588
design1_rebuilt_mutated_A_108_ILE_relaxed.pdb  -15951.950674961   9503.78684  7311.75317203652          -19296.5152796092           -16382.083311789        8938.95463
design1_rebuilt_mutated_A_229_HIS_relaxed.pdb  -15951.7283581187  9514.5557   7300.74247424288          -19352.0654026716           -16346.1573768325       9194.55811
design1_rebuilt_mutated_A_103_LYS_relaxed.pdb  -15948.1699696384  9535.82257  7336.38834110857          -19298.9469368187           -16413.1380662844       9188.45863
design1_rebuilt_mutated_A_27_HIS_relaxed.pdb   -15946.9777465379  9543.02237  7341.97834519112          -19318.8762003969           -16378.2839843262       9232.05623
design1_rebuilt_mutated_A_2_MET_relaxed.pdb    -15946.4705058774  9531.52884  7323.29139109794          -19323.1481080963           -16370.592358664        9209.0881
design1_rebuilt_mutated_A_58_LEU_relaxed.pdb   -15944.6383841811  9508.09884  7309.0111156744           -19311.5791290941           -16347.7401093306       9211.68749
design1_rebuilt_mutated_A_3_LEU_relaxed.pdb    -15944.5027693275  9520.32905  7304.46112624447          -19338.6767340157           -16343.8558421832       9220.16096
design1_rebuilt_mutated_A_183_GLU_relaxed.pdb  -15941.21566102    9509.59631  7313.48040004646          -19299.1663752773           -16397.7551545772       8966.36571
design1_rebuilt_mutated_A_225_ARG_relaxed.pdb  -15941.0738478704  9537.65716  7318.24570103678          -19350.6395790529           -16370.5623423113       9209.03334
design1_rebuilt_mutated_A_183_VAL_relaxed.pdb  -15940.7806591066  9472.21171  7297.57209668194          -19254.8033811003           -16365.3474570875       9149.55356
design1_rebuilt_mutated_A_162_ASN_relaxed.pdb  -15940.3578102482  9524.99016  7321.79473892407          -19309.4596869997           -16368.6208462319       9197.55126
design1_rebuilt_mutated_A_226_PRO_relaxed.pdb  -15939.637849771   9495.23971  7292.23704536095          -19345.0906615047           -16390.3844797697       9162.60555
design1_rebuilt_mutated_A_53_LEU_relaxed.pdb   -15938.0323241721  9521.39092  7326.44335846642          -19267.4338113583           -16358.9440668972       9179.95673
design1_rebuilt_mutated_A_28_GLN_relaxed.pdb   -15934.3071301804  9537.95953  7324.12013411215          -19309.5940552801           -16288.8602563417       9186.05066
design1_rebuilt_mutated_A_64_TRP_relaxed.pdb   -15933.8809091501  9519.43851  7306.88826840446          -19303.6155919975           -16333.3072087937       9201.69928
design1_rebuilt_mutated_A_58_VAL_relaxed.pdb   -15933.0379448014  9496.55006  7306.06145379302          -19247.3160706832           -16337.3506708732       8912.77183
design1_rebuilt_mutated_A_57_ARG_relaxed.pdb   -15932.391756815   9527.43569  7308.70253504694          -19346.2873250763           -16373.2511905918       9218.98576
design1_rebuilt_mutated_A_134_LYS_relaxed.pdb  -15930.3260027077  9541.28766  7333.27967250156          -19360.9394067854           -16378.6606907716       9188.2587
design1_rebuilt_mutated_A_58_ILE_relaxed.pdb   -15929.2597713824  9514.72057  7321.66020348901          -19285.1421636566           -16346.1396702024       9210.92114
design1_rebuilt_mutated_A_229_MET_relaxed.pdb  -15928.0444372023  9519.45097  7316.36088866249          -19277.6889863419           -16345.9466997321       9157.33702
design1_rebuilt_mutated_A_162_ALA_relaxed.pdb  -15926.3948122809  9503.18719  7302.34713665368          -19289.7983198892           -16362.6721070827       9159.76941
design1_rebuilt_mutated_A_64_HIS_relaxed.pdb   -15925.8503308779  9516.96859  7308.14742298495          -19304.204360494            -16328.1793546206       9135.2911
design1_rebuilt_mutated_A_183_GLN_relaxed.pdb  -15921.7163357586  9493.70501  7310.08038677309          -19263.254143261            -16374.9482517301       9144.85697
design1_rebuilt_mutated_A_28_LYS_relaxed.pdb   -15921.6046613303  9541.17499  7333.95459033729          -19297.3558618824           -16332.9677603116       9196.14615
design1_rebuilt_mutated_A_31_HIS_relaxed.pdb   -15921.4374975823  9537.18639  7326.64029955304          -19294.5461203256           -16338.9975937608       9230.63267
design1_rebuilt_mutated_A_28_GLU_relaxed.pdb   -15916.9128533408  9527.78821  7315.174739864            -19292.8006816947           -16311.7284677671       9224.51506
design1_rebuilt_mutated_A_103_SER_relaxed.pdb  -15916.4816009548  9497.22038  7303.72176969573          -19267.3038766103           -16336.8671804297       9195.04589
design1_rebuilt_mutated_A_31_GLU_relaxed.pdb   -15915.655257131   9525.5725   7302.03405745929          -19322.6044437675           -16361.5049707732       9185.29335
design1_rebuilt_mutated_A_100_PRO_relaxed.pdb  -15914.4909661531  9497.76935  7296.72614519886          -19286.8193667513           -16328.6309503241       9183.60976
design1_rebuilt_mutated_A_183_CYS_relaxed.pdb  -15913.2362539808  9506.04146  7304.60563977641          -19272.8256330302           -16340.601532624        9176.38095
design1_rebuilt_mutated_A_58_PRO_relaxed.pdb   -15911.1391022804  9485.51199  7290.75729356493          -19258.9100246895           -16330.4952198148       9166.64224
design1_rebuilt_mutated_A_134_TYR_relaxed.pdb  -15908.9384650203  9571.81055  7341.18321961935          -19323.7424891762           -16377.2572205809       9228.56699
design1_rebuilt_mutated_A_31_TRP_relaxed.pdb   -15907.8794745852  9569.08344  7348.35120681595          -19264.0993796146           -16321.0587479566       9261.75612
design1_rebuilt_mutated_A_32_TRP_relaxed.pdb   -15902.6004652514  9528.11271  7332.07136822336          -19246.4722735643           -16309.0738773275       9224.96454
design1_rebuilt_mutated_A_229_THR_relaxed.pdb  -15899.828076867   9523.61298  7310.8363116361           -19268.6299139156           -16311.3727083565       9174.60871
design1_rebuilt_mutated_A_55_VAL_relaxed.pdb   -15899.7399039655  9535.49709  7311.21022033455          -19288.4328921988           -16330.6627988612       9216.89758
design1_rebuilt_mutated_A_99_ASP_relaxed.pdb   -15898.4726846834  9489.17927  7298.77057091598          -19249.1275129452           -16333.030116487        9154.49376
design1_rebuilt_mutated_A_55_GLN_relaxed.pdb   -15898.2779509127  9530.69216  7320.77417859863          -19233.8427538693           -16322.9894151673       9131.835
design1_rebuilt_mutated_A_3_ILE_relaxed.pdb    -15898.1008766332  9511.88384  7305.14290794092          -19251.4263190631           -16290.140701468        9220.61034
design1_rebuilt_mutated_A_54_ASN_relaxed.pdb   -15895.1198206145  9527.05401  7315.36910470296          -19269.3936639904           -16310.8217966411       9204.6017
design1_rebuilt_mutated_A_162_GLU_relaxed.pdb  -15893.2871786183  9524.16123  7299.18712031528          -19327.8627713347           -16358.224700001        9181.73464
design1_rebuilt_mutated_A_31_ARG_relaxed.pdb   -15893.2482535234  9541.134    7316.53484386599          -19324.9746537355           -16319.3541846501       9234.822
design1_rebuilt_mutated_A_183_ASN_relaxed.pdb  -15893.0228363771  9497.60534  7295.51620512661          -19278.3889494881           -16329.6254889444       9167.17883
design1_rebuilt_mutated_A_183_GLY_relaxed.pdb  -15892.9694629393  9487.24324  7280.48499232675          -19287.5062279285           -16325.9632193615       9177.40886
design1_rebuilt_mutated_A_105_LEU_relaxed.pdb  -15887.9729810017  9499.72111  7308.61884562097          -19218.2090435119           -16324.6568534231       9195.01552
design1_rebuilt_mutated_A_230_GLU_relaxed.pdb  -15885.8472083823  9553.4105   7336.40907827746          -19269.4562322584           -16322.7100736159       9212.28237
design1_rebuilt_mutated_A_54_THR_relaxed.pdb   -15884.905449222   9513.15672  7318.16674338791          -19207.1535042389           -16286.5259249506       9216.38429
design1_rebuilt_mutated_A_26_VAL_relaxed.pdb   -15884.7041308093  9524.7738   7308.29684809461          -19254.5388402183           -16336.2507733502       9183.97319
design1_rebuilt_mutated_A_30_LYS_relaxed.pdb   -15883.781258898   9533.06331  7307.90028626553          -19330.6900268991           -16377.3503742211       9177.5751
design1_rebuilt_mutated_A_55_SER_relaxed.pdb   -15880.5605527829  9508.35925  7302.26670056163          -19227.5929991478           -16301.8230974515       9196.8072
design1_rebuilt_mutated_A_28_HIS_relaxed.pdb   -15879.8722550995  9533.06364  7310.89165443063          -19281.5863701595           -16304.3812762311       9211.66489
design1_rebuilt_mutated_A_55_GLU_relaxed.pdb   -15878.5141097826  9557.59203  7331.4813929054           -19279.6594609897           -16307.2903731387       9209.40924
design1_rebuilt_mutated_A_26_ASP_relaxed.pdb   -15878.1648818751  9537.763    7311.40425073015          -19267.8262041              -16281.8182188468       9236.12888
design1_rebuilt_mutated_A_183_MET_relaxed.pdb  -15877.571294803   9500.18339  7297.54603545034          -19242.5578906778           -16327.3923578993       9168.66416
design1_rebuilt_mutated_A_3_THR_relaxed.pdb    -15877.4892083575  9500.57602  7297.91479493807          -19238.0965117269           -16271.6440561665       9196.39155
design1_rebuilt_mutated_A_53_THR_relaxed.pdb   -15876.1207853798  9518.49769  7313.42770796675          -19252.7379478815           -16298.2571010248       9201.26889
design1_rebuilt_mutated_A_97_PRO_relaxed.pdb   -15875.8017034349  9481.93782  7284.00425573999          -19237.1379021256           -16292.4857576357       9163.47038
design1_rebuilt_mutated_A_27_MET_relaxed.pdb   -15875.6617131977  9522.78527  7303.82005177668          -19256.5710586208           -16249.3421381881       9209.60483
design1_rebuilt_mutated_A_1_LEU_relaxed.pdb    -15875.5523801695  9512.92286  7313.91870170395          -19198.6484883986           -16237.3873686327       9211.35256
design1_rebuilt_mutated_A_100_TRP_relaxed.pdb  -15871.9869372336  9559.68078  7321.18731640841          -19294.9463797314           -16273.2726823577       9265.58053
design1_rebuilt_mutated_A_55_MET_relaxed.pdb   -15871.5020838807  9565.74893  7318.54629733645          -19344.9147789653           -16308.1105598099       9242.88051
design1_rebuilt_mutated_A_30_GLN_relaxed.pdb   -15871.1276891097  9538.75519  7308.41572348002          -19296.2700292692           -16324.4279970124       9195.60704
design1_rebuilt_mutated_A_161_VAL_relaxed.pdb  -15868.5562279997  9495.98732  7279.04052760923          -19260.0201269615           -16312.5367413724       9164.432
design1_rebuilt_mutated_A_100_ALA_relaxed.pdb  -15868.3813264585  9482.59272  7300.23566146398          -19171.3596383757           -16301.112421321        9173.29236
design1_rebuilt_mutated_A_53_HIS_relaxed.pdb   -15864.947786456   9525.66164  7317.06750891894          -19232.9576924522           -16306.7610548297       9191.53837
design1_rebuilt_mutated_A_226_ARG_relaxed.pdb  -15864.8624309854  9566.24045  7315.15231793755          -19344.5173826015           -16349.6797418532       9223.67888
design1_rebuilt_mutated_A_3_TRP_relaxed.pdb    -15863.034608155   9509.1756   7306.82050799781          -19203.0546015823           -16292.64313576         9185.608
design1_rebuilt_mutated_A_184_PHE_relaxed.pdb  -15862.7065036662  9507.5916   7294.01090075479          -19259.6797109178           -16291.3678804841       9173.25374
design1_rebuilt_mutated_A_101_ASP_relaxed.pdb  -15862.1249355802  9487.46855  7290.31634891322          -19230.9605572641           -16271.6061935987       9173.28634
design1_rebuilt_mutated_A_3_ASN_relaxed.pdb    -15861.2788836077  9516.77239  7307.48550480216          -19216.4165390151           -16262.6161294481       9172.42775
design1_rebuilt_mutated_A_229_LEU_relaxed.pdb  -15860.7675782536  9553.76562  7341.90112089764          -19245.313439484            -16298.9695965256       9223.34713
design1_rebuilt_mutated_A_227_ALA_relaxed.pdb  -15860.137975767   9507.45575  7299.34113635029          -19264.1721299324           -16341.1878969723       9170.13473
design1_rebuilt_mutated_A_2_SER_relaxed.pdb    -15859.7913832652  9509.24586  7296.40143183414          -19256.4753365608           -16243.942342286        9233.66405
design1_rebuilt_mutated_A_134_ARG_relaxed.pdb  -15857.9867934196  9560.41298  7328.55563534489          -19278.8261602463           -16239.0760054455       9277.81192
design1_rebuilt_mutated_A_2_ASP_relaxed.pdb    -15857.684888059   9502.92764  7291.60503132759          -19260.1557143851           -16284.9179795828       8896.95801
design1_rebuilt_mutated_A_55_LYS_relaxed.pdb   -15857.2094250481  9567.76168  7314.40710211518          -19353.2067136729           -16382.0398573134       9192.70215
design1_rebuilt_mutated_A_56_TYR_relaxed.pdb   -15856.8333266007  9526.37192  7301.54884012411          -19257.2917514298           -16285.4058397528       9186.77965
design1_rebuilt_mutated_A_108_VAL_relaxed.pdb  -15855.5045692687  9496.33704  7276.95455566523          -19267.3579187416           -16289.1392117658       9166.6098
design1_rebuilt_mutated_A_54_GLN_relaxed.pdb   -15853.9718549689  9503.68568  7309.65748868493          -19165.5224572714           -16271.3542967312       9091.80089
design1_rebuilt_mutated_A_225_TYR_relaxed.pdb  -15853.7190834127  9561.98682  7311.93898061994          -19317.384692589            -16286.569532226        9250.74542
design1_rebuilt_mutated_A_225_LEU_relaxed.pdb  -15853.1956606984  9508.15121  7301.62507488209          -19215.4655199366           -16294.3856918471       9166.91672
design1_rebuilt_mutated_A_105_HIS_relaxed.pdb  -15851.1982283548  9508.70612  7309.29090900595          -19200.7660236032           -16262.6702537884       9199.82003
design1_rebuilt_mutated_A_162_VAL_relaxed.pdb  -15849.8985456601  9518.84364  7313.62834004861          -19222.2324007162           -16285.0906650036       9194.30588
design1_rebuilt_mutated_A_103_LEU_relaxed.pdb  -15846.8241448277  9521.22221  7307.78280105954          -19244.7099958137           -16297.0211686648       9186.80549
design1_rebuilt_mutated_A_59_HIS_relaxed.pdb   -15846.7703357214  9520.98848  7310.82695094521          -19199.4787801169           -16257.9416035931       9224.2914
design1_rebuilt_mutated_A_226_THR_relaxed.pdb  -15844.9847227092  9512.19175  7307.00449790914          -19212.639095341            -16306.1447045066       9173.47469
design1_rebuilt_mutated_A_162_THR_relaxed.pdb  -15843.7591009676  9496.9607   7288.15852598122          -19209.0811852336           -16249.5456042862       9172.26354
design1_rebuilt_mutated_A_55_ASN_relaxed.pdb   -15839.9786987395  9551.96325  7313.29483133014          -19268.6238368237           -16288.6176578179       9210.66319
design1_rebuilt_mutated_A_58_THR_relaxed.pdb   -15837.7011281395  9500.03586  7285.42580611042          -19226.0236252198           -16250.2416669519       9176.42407
design1_rebuilt_mutated_A_225_SER_relaxed.pdb  -15835.3184862524  9516.89645  7301.6716114057           -19235.2771429119           -16281.4010441153       9196.99974
design1_rebuilt_mutated_A_183_HIS_relaxed.pdb  -15833.2041999161  9498.00987  7285.56843931428          -19231.9946397877           -16263.1883726679       9174.91669
design1_rebuilt_mutated_A_57_TRP_relaxed.pdb   -15831.045768071   9527.52694  7310.52654020956          -19201.8636879205           -16247.8887240393       9212.53646
design1_rebuilt_mutated_A_1_ASP_relaxed.pdb    -15829.9089819951  9509.55223  7311.65925468774          -19150.3523033499           -16262.2817020097       8970.10094
design1_rebuilt_mutated_A_134_ALA_relaxed.pdb  -15829.2315265792  9507.88085  7276.82757391287          -19243.5482860336           -16258.216701661        9173.32629
design1_rebuilt_mutated_A_26_LEU_relaxed.pdb   -15826.4702335705  9537.67175  7312.30085277123          -19256.6421839365           -16263.8998869764       9236.32817
design1_rebuilt_mutated_A_32_LYS_relaxed.pdb   -15824.7717168791  9516.23541  7291.89195670634          -19222.7280607524           -16238.2077906274       9206.89644
design1_rebuilt_mutated_A_108_CYS_relaxed.pdb  -15823.0701387723  9476.83947  7285.94403837257          -19160.555424243            -16256.9180527953       9158.18282
design1_rebuilt_mutated_A_134_ASP_relaxed.pdb  -15821.310330014   9520.42797  7305.80073472578          -19197.6485414792           -16256.8480487762       9176.34729
design1_rebuilt_mutated_A_105_ASN_relaxed.pdb  -15820.1513835345  9500.5316   7279.45664838336          -19240.8059725246           -16230.8277652631       9194.1349
design1_rebuilt_mutated_A_57_CYS_relaxed.pdb   -15818.8785593496  9537.08675  7326.67172727742          -19156.753970556            -16236.6991921432       9228.6645
design1_rebuilt_mutated_A_54_LEU_relaxed.pdb   -15818.6543763244  9533.59686  7308.53081258852          -19228.3062863581           -16251.852553849        9229.69566
design1_rebuilt_mutated_A_166_ARG_relaxed.pdb  -15816.8884986622  9530.78675  7299.92766214852          -19240.6544514363           -16256.9211779682       9195.26339
design1_rebuilt_mutated_A_162_GLN_relaxed.pdb  -15814.3004461614  9525.95674  7291.27273925366          -19256.2773380624           -16258.5048581847       9211.87867
design1_rebuilt_mutated_A_100_SER_relaxed.pdb  -15812.4520655864  9491.00196  7307.9523887878           -19133.3412332152           -16252.0500510291       9183.45921
design1_rebuilt_mutated_A_53_VAL_relaxed.pdb   -15812.1629416157  9530.8941   7313.276023008            -19191.7170821659           -16238.7534900641       9205.87126
design1_rebuilt_mutated_A_56_ASP_relaxed.pdb   -15809.473117374   9517.49925  7309.32025868185          -19161.4024282085           -16238.3906423324       9208.97956
design1_rebuilt_mutated_A_1_MET_relaxed.pdb    -15809.1006098174  9506.87395  7286.43712639366          -19182.2201585247           -16184.2043045986       9230.46158
design1_rebuilt_mutated_A_55_LEU_relaxed.pdb   -15807.0956113993  9553.37967  7318.18871729793          -19223.5956906754           -16238.8532932955       9138.37924
design1_rebuilt_mutated_A_64_GLU_relaxed.pdb   -15807.0791838555  9519.82678  7300.82266225069          -19201.9706569957           -16281.6811771393       8929.95287
design1_rebuilt_mutated_A_59_THR_relaxed.pdb   -15806.2018672577  9516.81593  7310.0969608568           -19161.8168364416           -16236.6269308405       9210.96631
design1_rebuilt_mutated_A_31_PHE_relaxed.pdb   -15805.1697983976  9541.5488   7317.44313702197          -19178.4981529316           -16162.8058845329       9190.18222
design1_rebuilt_mutated_A_162_ASP_relaxed.pdb  -15805.0544762287  9506.99752  7300.0438352167           -19163.4334985058           -16221.6718394203       9195.97191
design1_rebuilt_mutated_A_53_ASN_relaxed.pdb   -15804.3295084852  9519.64482  7295.90836574396          -19195.673204657            -16195.7706565919       9226.8277
design1_rebuilt_mutated_A_166_HIS_relaxed.pdb  -15803.6476012624  9528.10995  7293.31414124746          -19238.201073111            -16249.8614077941       9195.68642
design1_rebuilt_mutated_A_57_ASN_relaxed.pdb   -15803.4717063256  9518.14737  7304.46902822798          -19187.0430276273           -16222.08579097         9195.26408
design1_rebuilt_mutated_A_1_LYS_relaxed.pdb    -15802.5311633294  9490.53426  7302.25318897212          -19100.8205416352           -16205.0924229722       9186.37638
design1_rebuilt_mutated_A_134_PRO_relaxed.pdb  -15797.8757931232  9514.05588  7308.9162391634           -19159.6656403562           -16252.3626766836       8900.2792
design1_rebuilt_mutated_A_55_ILE_relaxed.pdb   -15796.7479355493  9542.19292  7319.45996231791          -19213.7927312457           -16241.5030086479       9234.80449
design1_rebuilt_mutated_A_25_CYS_relaxed.pdb   -15796.2130411016  9517.72588  7273.7388180695           -19261.3110105118           -16217.5364131678       9203.50423
design1_rebuilt_mutated_A_162_ARG_relaxed.pdb  -15795.6357821223  9535.78137  7305.39210528343          -19225.4946477777           -16229.7064059423       9220.51095
design1_rebuilt_mutated_A_3_HIS_relaxed.pdb    -15793.3529088785  9512.37089  7299.12901954351          -19180.492104357            -16206.5640474516       9186.06523
design1_rebuilt_mutated_A_26_PRO_relaxed.pdb   -15793.2329526939  9527.60447  7321.73092072717          -19140.0599092708           -16205.7699395704       9233.22718
design1_rebuilt_mutated_A_183_TRP_relaxed.pdb  -15791.3569709583  9533.4358   7311.67666599967          -19201.5431248622           -16277.6489241485       9046.35065
design1_rebuilt_mutated_A_26_SER_relaxed.pdb   -15791.173327516   9523.61888  7291.08516504778          -19197.2719353129           -16215.961343318        9209.54125
design1_rebuilt_mutated_A_3_GLU_relaxed.pdb    -15790.3560496972  9522.55204  7302.89746179031          -19169.7586974115           -16181.9282575504       9239.38685
design1_rebuilt_mutated_A_161_CYS_relaxed.pdb  -15787.9386643178  9498.32468  7296.7793965655           -19139.3258791634           -16251.6979609012       9160.41441
design1_rebuilt_mutated_A_56_PHE_relaxed.pdb   -15784.9118806678  9520.84549  7294.26405465505          -19203.2505012537           -16220.4983642281       9187.49361
design1_rebuilt_mutated_A_229_ALA_relaxed.pdb  -15784.5645907358  9518.38616  7298.82845261841          -19176.3722733398           -16216.9260399461       9160.28563
design1_rebuilt_mutated_A_108_MET_relaxed.pdb  -15784.1360281723  9492.8251   7267.07476663044          -19221.6264100769           -16251.2005967464       9142.28784
design1_rebuilt_mutated_A_1_HIS_relaxed.pdb    -15783.8383615502  9504.10467  7279.72489082305          -19184.3953819169           -16179.8851539091       9205.37214
design1_rebuilt_mutated_A_226_HIS_relaxed.pdb  -15783.0689160344  9555.44779  7300.68268097019          -19262.6801733165           -16229.6486145289       9221.40292
design1_rebuilt_mutated_A_97_ASN_relaxed.pdb   -15781.8993389953  9484.53136  7285.8776581976           -19151.1567349598           -16229.1035604581       9164.23631
design1_rebuilt_mutated_A_53_ASP_relaxed.pdb   -15781.8417609241  9518.97719  7299.3819083273           -19181.6010806191           -16210.9710288904       9194.54582
design1_rebuilt_mutated_A_54_LYS_relaxed.pdb   -15781.207044298   9550.87203  7317.32405144018          -19192.091979462            -16204.6805428857       9179.20438
design1_rebuilt_mutated_A_108_PHE_relaxed.pdb  -15780.7262336048  9514.08494  7284.58858556207          -19217.4668577424           -16208.9352235172       9160.32039
design1_rebuilt_mutated_A_229_GLY_relaxed.pdb  -15779.1167887511  9519.29047  7299.06692836197          -19181.6548215548           -16237.9583795238       8951.29807
design1_rebuilt_mutated_A_97_LEU_relaxed.pdb   -15778.8796677699  9497.68181  7302.69720543038          -19127.4237069781           -16225.0240111168       9181.81217
design1_rebuilt_mutated_A_161_GLU_relaxed.pdb  -15778.4553647196  9515.76493  7291.37798588072          -19189.0589235179           -16211.9002747926       9211.39687
design1_rebuilt_mutated_A_226_PHE_relaxed.pdb  -15777.048633566   9575.76528  7322.05897739627          -19237.1049861723           -16197.5188640349       9153.8079
design1_rebuilt_mutated_A_230_GLN_relaxed.pdb  -15776.8743726798  9531.58685  7298.95513942368          -19199.3728253291           -16201.5322568055       9221.57502
design1_rebuilt_mutated_A_227_THR_relaxed.pdb  -15776.4850245291  9492.74721  7267.23546834496          -19181.9425628748           -16190.122357367        9176.97415
design1_rebuilt_mutated_A_105_PRO_relaxed.pdb  -15775.1277448358  9518.65473  7291.86398363749          -19178.9192790091           -16207.7892589321       9203.323
design1_rebuilt_mutated_A_134_ASN_relaxed.pdb  -15774.0587132446  9531.72327  7291.49722290534          -19223.63645697             -16174.1362302688       9231.93024
design1_rebuilt_mutated_A_184_ARG_relaxed.pdb  -15771.3395730309  9507.97984  7280.24155758112          -19199.9997416998           -16211.4664094112       9184.61256
design1_rebuilt_mutated_A_166_ILE_relaxed.pdb  -15771.2837286112  9519.04713  7284.91719291194          -19186.1696563058           -16193.1134799639       9183.96478
design1_rebuilt_mutated_A_30_ILE_relaxed.pdb   -15771.0509361394  9520.32953  7316.19610018026          -19108.5471210941           -16197.9435839134       9190.99685
design1_rebuilt_mutated_A_53_TRP_relaxed.pdb   -15770.1312899013  9549.39082  7324.98164137195          -19135.3825007717           -16185.3285656572       9219.86027
design1_rebuilt_mutated_A_53_GLY_relaxed.pdb   -15769.8373071591  9512.0216   7293.38029495809          -19149.0153011366           -16210.1620502855       9184.02095
design1_rebuilt_mutated_A_225_ALA_relaxed.pdb  -15768.6468277471  9508.14147  7283.44934593144          -19179.5561803104           -16225.233711679        9170.58297
design1_rebuilt_mutated_A_56_HIS_relaxed.pdb   -15768.0471413096  9525.95148  7307.39680687158          -19159.4936125331           -16130.9587204311       9158.68662
design1_rebuilt_relaxed.pdb                    -15766.8593824978  9516.28181  7288.35054455361          -19167.7600054322           -16209.8582215499       9171.98371
design1_rebuilt_mutated_A_57_GLN_relaxed.pdb   -15766.6152272114  9523.14215  7309.18347923657          -19126.6982709723           -16158.7766476456       9234.66592
design1_rebuilt_mutated_A_97_SER_relaxed.pdb   -15766.2372434133  9487.49171  7262.32426082252          -19188.5561885188           -16206.8610735185       9170.42161
design1_rebuilt_mutated_A_28_VAL_relaxed.pdb   -15763.1363834     9516.40594  7312.9365588051           -19102.2309342477           -16192.038729184        9185.87041
design1_rebuilt_mutated_A_54_ASP_relaxed.pdb   -15762.8459484274  9515.29627  7296.4040767247           -19145.0378409256           -16135.9079398039       9224.38337
design1_rebuilt_mutated_A_64_PHE_relaxed.pdb   -15762.4386442079  9493.39426  7290.76951445821          -19088.4057165696           -16159.1315786061       9186.81209
design1_rebuilt_mutated_A_55_THR_relaxed.pdb   -15761.8353850837  9549.20207  7312.45659250954          -19182.1754287599           -16216.3688779381       9159.61858
design1_rebuilt_mutated_A_55_ALA_relaxed.pdb   -15761.1002290809  9518.08138  7295.23673976607          -19152.5566782601           -16205.4781890054       9176.00796
design1_rebuilt_mutated_A_64_PRO_relaxed.pdb   -15760.3540031251  9496.8573   7269.50529364139          -19172.8033721247           -16153.2074420256       9130.45591
design1_rebuilt_mutated_A_56_GLU_relaxed.pdb   -15758.730825821   9495.99545  7269.41902139469          -19185.2302604892           -16185.079015498        9186.27874
design1_rebuilt_mutated_A_56_THR_relaxed.pdb   -15757.1965877674  9503.27714  7289.26899357602          -19123.823614576            -16122.4703675532       9208.3522
design1_rebuilt_mutated_A_104_TRP_relaxed.pdb  -15756.8239767768  9516.93948  7304.55701514792          -19123.5639728861           -16168.5058957366       9209.19664
design1_rebuilt_mutated_A_27_LYS_relaxed.pdb   -15756.4158653972  9533.77987  7315.55070909888          -19131.137078314            -16182.5339100853       9197.77703
design1_rebuilt_mutated_A_184_VAL_relaxed.pdb  -15755.4527511791  9514.91822  7284.80942251179          -19184.1528220207           -16177.008822683        9190.42766
design1_rebuilt_mutated_A_30_VAL_relaxed.pdb   -15755.2914684959  9508.08187  7290.55987535198          -19137.798750187            -16179.0162716294       9189.21651
design1_rebuilt_mutated_A_28_TYR_relaxed.pdb   -15754.029377804   9565.32056  7328.34433858158          -19173.0112793147           -16193.9814024961       9240.72831
design1_rebuilt_mutated_A_103_PRO_relaxed.pdb  -15754.0125679894  9496.34021  7281.37003462684          -19143.930846858            -16166.017727964        9174.52756
design1_rebuilt_mutated_A_1_GLU_relaxed.pdb    -15752.1740696426  9510.29567  7285.2365288667           -19125.1972074106           -16161.6116929007       9203.88151
design1_rebuilt_mutated_A_27_TYR_relaxed.pdb   -15747.9651516101  9523.98279  7296.10083124919          -19178.4219531012           -16193.8239225491       9178.21154
design1_rebuilt_mutated_A_2_GLY_relaxed.pdb    -15747.2905472437  9524.08813  7284.69979162333          -19227.7633540135           -16131.4344451844       9237.42773
design1_rebuilt_mutated_A_26_HIS_relaxed.pdb   -15746.8441112763  9556.12567  7316.03408696225          -19197.8348826629           -16188.4012711183       9237.64096
design1_rebuilt_mutated_A_183_THR_relaxed.pdb  -15746.7505014033  9479.06361  7255.94900946439          -19177.5942054899           -16186.3974182488       9148.55379
design1_rebuilt_mutated_A_100_LEU_relaxed.pdb  -15745.5364924425  9525.82176  7310.88731324939          -19113.1416600512           -16158.9050449333       9213.28363
design1_rebuilt_mutated_A_31_CYS_relaxed.pdb   -15741.4529135928  9501.67036  7280.83925485971          -19134.5707371834           -16166.0737474543       9169.73803
design1_rebuilt_mutated_A_31_TYR_relaxed.pdb   -15740.1346293179  9546.57362  7311.13561469608          -19144.0575890437           -16101.8125504632       9194.06212
design1_rebuilt_mutated_A_56_MET_relaxed.pdb   -15738.3641346889  9530.05092  7297.09898941404          -19154.7564841939           -16148.1806621267       9212.13935
design1_rebuilt_mutated_A_230_MET_relaxed.pdb  -15737.6247164643  9511.08583  7277.35288946933          -19152.2517692783           -16177.1128168003       9175.46574
design1_rebuilt_mutated_A_108_GLU_relaxed.pdb  -15736.667542317   9492.07816  7277.70320403084          -19115.6684951323           -16198.8683312745       9157.87474
design1_rebuilt_mutated_A_55_ARG_relaxed.pdb   -15735.9334105678  9590.03511  7325.20916993802          -19214.5792878741           -16214.4855578843       9229.80167
design1_rebuilt_mutated_A_102_TRP_relaxed.pdb  -15733.4626096984  9515.84078  7302.47252997136          -19098.8344254683           -16177.0348479796       9201.9969
design1_rebuilt_mutated_A_30_GLU_relaxed.pdb   -15733.3000936914  9531.19232  7287.90635522359          -19198.5861026031           -16223.0316448831       9159.64777
design1_rebuilt_mutated_A_226_TRP_relaxed.pdb  -15729.0062610594  9576.57029  7318.74958747803          -19196.4023939709           -16200.6124805335       9251.50519
design1_rebuilt_mutated_A_101_ALA_relaxed.pdb  -15728.680627145   9459.4967   7252.28917676503          -19140.7064898434           -16195.9427158852       8891.82126
design1_rebuilt_mutated_A_108_THR_relaxed.pdb  -15728.2295062408  9497.79665  7289.30388893894          -19090.2291964349           -16155.5146648511       9177.50117
design1_rebuilt_mutated_A_100_GLU_relaxed.pdb  -15727.7148476485  9539.53169  7292.69581525998          -19191.8088509038           -16173.5102045128       9206.6447
design1_rebuilt_mutated_A_27_GLU_relaxed.pdb   -15727.1086203762  9497.31195  7294.66273750536          -19095.3141211966           -16159.8495422868       9200.47008
design1_rebuilt_mutated_A_161_ALA_relaxed.pdb  -15726.2028390958  9473.75158  7279.68242479874          -19045.1296256027           -16156.8603645871       9141.37968
design1_rebuilt_mutated_A_30_GLY_relaxed.pdb   -15725.9952398582  9494.08799  7287.12482365853          -19087.8319042713           -16147.7888594257       9188.16043
design1_rebuilt_mutated_A_230_PRO_relaxed.pdb  -15725.8280861566  9503.90708  7264.48669504605          -19173.4736315865           -16159.2398823717       9171.81497
design1_rebuilt_mutated_A_58_GLU_relaxed.pdb   -15723.7815972093  9501.17086  7286.37039981658          -19091.3460426863           -16136.559969826        9191.65305
design1_rebuilt_mutated_A_30_PRO_relaxed.pdb   -15722.4875803361  9500.31541  7265.15226259136          -19163.8495954951           -16169.9959987245       9146.67364
design1_rebuilt_mutated_A_227_CYS_relaxed.pdb  -15721.2977891247  9510.90498  7278.88528896255          -19128.535708712            -16166.2585083328       9163.5205
design1_rebuilt_mutated_A_100_LYS_relaxed.pdb  -15720.736323014   9522.56384  7297.88456868934          -19148.9852115603           -16154.8419554665       9214.72113
design1_rebuilt_mutated_A_28_ALA_relaxed.pdb   -15719.5918833956  9505.67856  7269.4257009665           -19154.0636131962           -16126.7129557583       9185.42288
design1_rebuilt_mutated_A_53_LYS_relaxed.pdb   -15719.4703699709  9535.91703  7287.02156617218          -19153.4928539308           -16118.0726294028       9248.41595
design1_rebuilt_mutated_A_227_HIS_relaxed.pdb  -15717.6703593615  9525.2124   7269.89507682186          -19186.4798018248           -16179.3456442565       9097.38489
design1_rebuilt_mutated_A_25_ASP_relaxed.pdb   -15716.9335129421  9506.85538  7283.57249790506          -19119.5794405412           -16127.6112816738       9180.8515
design1_rebuilt_mutated_A_134_TRP_relaxed.pdb  -15716.2490804231  9553.51252  7316.36100732972          -19110.7167823233           -16199.4473195237       9176.642
design1_rebuilt_mutated_A_97_GLN_relaxed.pdb   -15715.9938155003  9500.03237  7269.35211385528          -19139.1940849523           -16147.1920571435       9183.75702
design1_rebuilt_mutated_A_56_VAL_relaxed.pdb   -15714.7948937263  9504.72739  7275.9006311503           -19127.0853504433           -16088.3724367769       9221.21104
design1_rebuilt_mutated_A_25_HIS_relaxed.pdb   -15714.3116078372  9523.98936  7306.8439526676           -19094.6057182295           -16125.2506069746       9222.46589
design1_rebuilt_mutated_A_97_VAL_relaxed.pdb   -15710.6676387684  9485.46746  7266.53210062344          -19133.645031228            -16154.5995877346       9174.50817
design1_rebuilt_mutated_A_28_PRO_relaxed.pdb   -15710.0905192648  9516.923    7292.04313347731          -19123.622756078            -16173.5592266883       8943.51082
design1_rebuilt_mutated_A_100_CYS_relaxed.pdb  -15707.6540385681  9494.58984  7289.37143525911          -19060.0200050327           -16156.1516294897       9175.5982
design1_rebuilt_mutated_A_28_ASP_relaxed.pdb   -15706.2116934185  9517.17077  7282.71621438774          -19120.0232696976           -16147.0842434292       9174.66336
design1_rebuilt_mutated_A_53_CYS_relaxed.pdb   -15704.5326891354  9516.66552  7273.13340133077          -19146.1368778698           -16130.1182428021       9193.10414
design1_rebuilt_mutated_A_53_PRO_relaxed.pdb   -15703.5941736753  9506.58743  7296.88330473123          -19056.7580225984           -16114.922935128        9191.45879
design1_rebuilt_mutated_A_31_ILE_relaxed.pdb   -15703.2543985168  9484.57033  7263.57996662338          -19090.0103595891           -16111.8941088391       9106.41603
design1_rebuilt_mutated_A_27_PRO_relaxed.pdb   -15703.1090991641  9559.10505  7311.28141325815          -19136.0928100818           -16134.4722425884       9251.60331
design1_rebuilt_mutated_A_100_TYR_relaxed.pdb  -15701.6229605398  9515.23077  7287.86806310612          -19095.5207861331           -16124.1121080377       8976.34186
design1_rebuilt_mutated_A_25_GLY_relaxed.pdb   -15700.7589523909  9519.44386  7292.77134999031          -19087.120922975            -16130.9516224484       9196.93885
design1_rebuilt_mutated_A_134_HIS_relaxed.pdb  -15700.6755518939  9536.45505  7293.75197466339          -19157.6709961103           -16182.3434729742       8968.27354
design1_rebuilt_mutated_A_101_GLU_relaxed.pdb  -15700.4387127091  9490.35471  7278.05569802526          -19105.7218879031           -16180.5016286685       9065.88833
design1_rebuilt_mutated_A_2_HIS_relaxed.pdb    -15700.26806183    9556.12744  7294.85837488389          -19173.8974100832           -16154.3069085471       9245.21953
design1_rebuilt_mutated_A_166_TYR_relaxed.pdb  -15698.6196300823  9547.73306  7291.31175999293          -19153.2952112537           -16131.4138048873       9232.44274
design1_rebuilt_mutated_A_184_GLY_relaxed.pdb  -15697.9503881119  9477.3501   7266.54452574396          -19090.4292531704           -16114.698171364        9152.11314
design1_rebuilt_mutated_A_229_SER_relaxed.pdb  -15697.1748940531  9515.29933  7279.3164170264           -19126.2001029082           -16138.8582125557       9152.92517
design1_rebuilt_mutated_A_166_LYS_relaxed.pdb  -15697.1368123407  9566.01649  7298.2165493858           -19193.8018914504           -16152.9804193698       9233.57312
design1_rebuilt_mutated_A_30_SER_relaxed.pdb   -15695.8983576585  9511.95656  7283.38690252393          -19096.7983955145           -16107.5797326137       9208.72871
design1_rebuilt_mutated_A_54_CYS_relaxed.pdb   -15692.1368072603  9515.66111  7283.45504233756          -19093.3961423672           -16117.1380597464       9209.64889
design1_rebuilt_mutated_A_32_HIS_relaxed.pdb   -15691.460303023   9489.82056  7257.84943137597          -19120.3349929993           -16132.906961395        9103.27366
design1_rebuilt_mutated_A_64_CYS_relaxed.pdb   -15689.8863872217  9527.2699   7295.93910511635          -19078.3809998706           -16115.8739871089       9217.15344
design1_rebuilt_mutated_A_32_PHE_relaxed.pdb   -15689.1779034877  9503.2713   7262.64344004041          -19131.6599587745           -16132.7051626327       9160.9154
design1_rebuilt_mutated_A_31_LYS_relaxed.pdb   -15689.0485470186  9533.85266  7274.54030343239          -19179.3745024369           -16134.7707531052       9216.14371
design1_rebuilt_mutated_A_53_MET_relaxed.pdb   -15688.9208332305  9527.75285  7306.76757395201          -19042.4211634114           -16116.4637325863       9197.028
design1_rebuilt_mutated_A_27_ASN_relaxed.pdb   -15688.8795789642  9530.60566  7300.06153526109          -19107.706968809            -16109.6427802721       9118.6259
design1_rebuilt_mutated_A_97_TRP_relaxed.pdb   -15686.9061402208  9499.96349  7270.58331927437          -19141.2417829748           -16159.5485113295       9091.48905
design1_rebuilt_mutated_A_55_CYS_relaxed.pdb   -15685.9661684594  9526.85292  7293.23585894667          -19084.0983764944           -16110.8936530478       9204.52437
design1_rebuilt_mutated_A_134_THR_relaxed.pdb  -15685.427035617   9515.11894  7281.93939855829          -19118.6488833558           -16138.9070611024       9182.20865
design1_rebuilt_mutated_A_59_LEU_relaxed.pdb   -15684.9841545     9493.61492  7282.27031690795          -19035.9412609645           -16090.9627388984       9192.3782
design1_rebuilt_mutated_A_58_ARG_relaxed.pdb   -15684.2438848713  9534.9853   7291.04673370097          -19104.0517670704           -16141.5344946451       8944.18186
design1_rebuilt_mutated_A_99_PRO_relaxed.pdb   -15682.3303738904  9469.80781  7262.59928734755          -19059.4893672966           -16125.3453284444       9153.78971
design1_rebuilt_mutated_A_108_ALA_relaxed.pdb  -15680.7725039072  9452.18009  7257.93129027938          -19013.0910358481           -16085.1925358148       9115.88865
design1_rebuilt_mutated_A_31_ALA_relaxed.pdb   -15678.6130602045  9500.4995   7272.49860647621          -19091.7361676228           -16135.5491683723       9153.25106
design1_rebuilt_mutated_A_105_THR_relaxed.pdb  -15678.4106745537  9497.80992  7266.93721146143          -19099.2591505162           -16097.9291216877       9194.79406
design1_rebuilt_mutated_A_64_ASN_relaxed.pdb   -15675.8810176168  9527.1092   7285.25485577925          -19131.0077688805           -16148.152116328        9189.60825
design1_rebuilt_mutated_A_30_HIS_relaxed.pdb   -15675.0496444123  9520.88964  7263.65829088146          -19142.497659306            -16120.8805907517       9151.68314
design1_rebuilt_mutated_A_184_SER_relaxed.pdb  -15674.7724971822  9478.24741  7272.55044489027          -19047.6559811369           -16085.9412339231       8947.1381
design1_rebuilt_mutated_A_2_CYS_relaxed.pdb    -15673.7397574648  9520.71567  7291.6976755769           -19072.2990488512           -16094.125330898        8982.59187
design1_rebuilt_mutated_A_28_TRP_relaxed.pdb   -15669.5974188954  9555.6597   7316.09632550239          -19080.9015750914           -16111.2502699498       9169.00539
design1_rebuilt_mutated_A_228_ASP_relaxed.pdb  -15669.528022693   9489.54684  7252.35400228767          -19101.658890155            -16139.7021573973       8859.71939
design1_rebuilt_mutated_A_1_TRP_relaxed.pdb    -15668.0309624423  9514.24665  7267.96214531957          -19160.1660172526           -16117.0347400719       8980.93229
design1_rebuilt_mutated_A_57_VAL_relaxed.pdb   -15666.5889300984  9495.25665  7278.25058911069          -19044.4974021934           -16077.9728301835       9191.93968
design1_rebuilt_mutated_A_25_PHE_relaxed.pdb   -15666.3956099352  9529.23437  7298.24685241512          -19071.4759171492           -16104.9669714112       9215.64267
design1_rebuilt_mutated_A_101_TRP_relaxed.pdb  -15664.1357909032  9494.18093  7259.83403385285          -19119.1340957234           -16126.743450436        9169.97822
design1_rebuilt_mutated_A_166_LEU_relaxed.pdb  -15662.8049123977  9515.34073  7274.33556202523          -19095.5482031154           -16097.5909578577       9174.54347
design1_rebuilt_mutated_A_183_PHE_relaxed.pdb  -15662.6922700274  9502.8016   7284.82035478651          -19043.1940240502           -16090.9618221484       9174.31804
design1_rebuilt_mutated_A_3_SER_relaxed.pdb    -15660.5406129593  9495.8294   7264.45542035496          -19071.6496362359           -16101.8398614545       9189.60563
design1_rebuilt_mutated_A_225_PRO_relaxed.pdb  -15660.3572007035  9511.83924  7265.21821683097          -19115.343153847            -16117.071147841        9174.96747
design1_rebuilt_mutated_A_108_GLY_relaxed.pdb  -15658.4193317462  9472.21553  7262.36361526221          -19092.5728159143           -16096.3446997533       9147.90112
design1_rebuilt_mutated_A_1_ARG_relaxed.pdb    -15658.023938837   9492.34753  7274.14885867676          -18999.357864528            -16036.9056131772       9190.8386
design1_rebuilt_mutated_A_134_VAL_relaxed.pdb  -15656.3799159295  9530.5862   7307.61357724866          -19064.3318881204           -16129.7716111383       9192.29735
design1_rebuilt_mutated_A_26_THR_relaxed.pdb   -15655.812052619   9528.52494  7298.06083580491          -19067.7166066743           -16078.0320956483       9216.80452
design1_rebuilt_mutated_A_228_PHE_relaxed.pdb  -15652.5272991238  9511.68994  7272.87433716468          -19087.1943178686           -16125.5981257284       9138.32372
design1_rebuilt_mutated_A_64_ALA_relaxed.pdb   -15651.5180892515  9518.39828  7285.53011943133          -19040.0290010916           -16077.1236316884       9194.99486
design1_rebuilt_mutated_A_58_ALA_relaxed.pdb   -15650.771332072   9491.67091  7260.3029761849           -19058.4750630819           -15975.5744581239       9141.34189
design1_rebuilt_mutated_A_227_SER_relaxed.pdb  -15649.856433925   9502.3517   7259.79229839366          -19119.3791212854           -16161.323297094        9099.09098
design1_rebuilt_mutated_A_183_PRO_relaxed.pdb  -15644.095743696   9500.09343  7254.81969071702          -19104.6979100516           -16089.0149434721       9174.28151
design1_rebuilt_mutated_A_26_ILE_relaxed.pdb   -15643.3889343843  9524.81261  7277.16774508909          -19103.4096524193           -16106.1541032109       9184.70814
design1_rebuilt_mutated_A_59_GLN_relaxed.pdb   -15641.2423470803  9508.87351  7273.10345878742          -19071.7849206128           -16062.3771451532       9183.78675
design1_rebuilt_mutated_A_64_TYR_relaxed.pdb   -15641.2138348467  9510.10481  7271.62260576589          -19053.1855888879           -16105.1028175547       8920.39368
design1_rebuilt_mutated_A_103_ALA_relaxed.pdb  -15641.1612192908  9494.85293  7256.60828774789          -19063.1400049991           -16086.1953590507       9169.7062
design1_rebuilt_mutated_A_64_VAL_relaxed.pdb   -15640.6505962592  9491.08432  7262.78097657827          -19056.6668851457           -16065.5787794084       8944.9006
design1_rebuilt_mutated_A_30_PHE_relaxed.pdb   -15639.1317504478  9566.17921  7307.52355083004          -19110.7650848487           -16093.7150907309       9191.83715
design1_rebuilt_mutated_A_64_SER_relaxed.pdb   -15638.9550483915  9508.33579  7267.19242025953          -19069.6334061175           -16049.1367632176       9201.09913
design1_rebuilt_mutated_A_103_ARG_relaxed.pdb  -15637.5527679265  9542.65434  7285.63063617983          -19094.7702092664           -16086.6293265151       9119.33293
design1_rebuilt_mutated_A_228_TYR_relaxed.pdb  -15635.387326846   9496.78637  7245.8600022209           -19107.2607474089           -16102.2400930945       9156.95836
design1_rebuilt_mutated_A_103_GLU_relaxed.pdb  -15634.8221611295  9528.21213  7277.38073239359          -19094.4842047058           -16094.0791354317       8982.0249
design1_rebuilt_mutated_A_184_GLU_relaxed.pdb  -15633.370712811   9508.40728  7273.60170147994          -19073.2895793686           -16094.2946813362       9031.50104
design1_rebuilt_mutated_A_64_ASP_relaxed.pdb   -15632.5550705576  9523.94322  7299.36252403175          -19020.4232580318           -16100.7414268889       9045.13793
design1_rebuilt_mutated_A_3_ALA_relaxed.pdb    -15629.9003000087  9495.40821  7260.02296143825          -19043.1477104306           -16077.6593508968       9186.27651
design1_rebuilt_mutated_A_31_PRO_relaxed.pdb   -15628.7748582106  9497.01639  7251.16375982874          -19059.2239117194           -16032.6580538862       9184.41384
design1_rebuilt_mutated_A_166_PRO_relaxed.pdb  -15628.7357564288  9490.92554  7240.13218910974          -19091.6001226041           -16063.2683211933       9163.5318
design1_rebuilt_mutated_A_31_VAL_relaxed.pdb   -15626.3903946851  9510.94242  7251.10508076518          -19104.6598132652           -16040.4217940201       9192.42455
design1_rebuilt_mutated_A_162_CYS_relaxed.pdb  -15626.3896291157  9504.37648  7251.42561987717          -19095.8758131294           -16062.2224337715       9175.72408
design1_rebuilt_mutated_A_100_GLY_relaxed.pdb  -15625.4641668959  9466.31684  7262.93819705234          -18966.187409621            -16032.2322850474       9170.00093
design1_rebuilt_mutated_A_28_THR_relaxed.pdb   -15623.7216893919  9531.31501  7285.74681506725          -19063.0215919084           -16047.8852855784       9202.4269
design1_rebuilt_mutated_A_101_PRO_relaxed.pdb  -15621.6427594623  9479.51387  7242.58074284443          -19061.0015125881           -16065.3951234428       9167.6046
design1_rebuilt_mutated_A_58_SER_relaxed.pdb   -15619.3997446196  9489.06007  7260.47462050416          -19015.5289025542           -15941.093645401        9141.21039
design1_rebuilt_mutated_A_64_ILE_relaxed.pdb   -15618.3468295186  9518.52768  7282.25506629125          -19033.3472382507           -16050.7675868764       8966.05784
design1_rebuilt_mutated_A_134_MET_relaxed.pdb  -15616.1597999714  9550.26626  7297.8756802953           -19056.7368298531           -16012.3581157059       9008.88369
design1_rebuilt_mutated_A_99_LYS_relaxed.pdb   -15612.7539837726  9510.34252  7251.07908313445          -19108.7451824676           -16080.7285619266       9178.59611
design1_rebuilt_mutated_A_161_SER_relaxed.pdb  -15612.6023380971  9487.571    7263.90370248785          -18999.0667589578           -16072.2549373965       9150.50452
design1_rebuilt_mutated_A_103_THR_relaxed.pdb  -15612.1818974396  9517.13631  7253.2574521613           -19110.9397870577           -16054.2999044459       9184.70454
design1_rebuilt_mutated_A_99_SER_relaxed.pdb   -15610.6381828441  9487.89566  7273.50435628636          -18988.3984797624           -16050.6110890164       9156.69231
design1_rebuilt_mutated_A_1_ALA_relaxed.pdb    -15610.4585526568  9487.46123  7270.04230030774          -18981.3521658962           -16037.0085453692       9186.10697
design1_rebuilt_mutated_A_101_MET_relaxed.pdb  -15610.4380570611  9509.56889  7262.2132804738           -19060.9835984426           -16041.8128694088       9180.79186
design1_rebuilt_mutated_A_134_GLY_relaxed.pdb  -15610.4143271908  9523.83365  7278.66479142595          -19021.9330799711           -16021.6790329623       9216.94367
design1_rebuilt_mutated_A_58_MET_relaxed.pdb   -15610.0563562248  9516.33945  7270.16150747303          -19025.4025986886           -16040.3139501825       8957.86831
design1_rebuilt_mutated_A_54_SER_relaxed.pdb   -15609.9055096338  9495.61529  7273.76603990885          -18975.1337597928           -16041.204851155        8925.85846
design1_rebuilt_mutated_A_31_GLN_relaxed.pdb   -15608.9662555077  9513.97638  7262.56370716089          -19055.440817115            -16033.9523824658       9186.75453
design1_rebuilt_mutated_A_57_GLU_relaxed.pdb   -15608.7447044933  9507.09169  7261.80259946184          -19067.0596975344           -16047.5654822607       9193.11945
design1_rebuilt_mutated_A_25_THR_relaxed.pdb   -15607.92901334    9513.91106  7268.49327953685          -19053.4024515988           -16029.6173436904       9222.61113
design1_rebuilt_mutated_A_97_ILE_relaxed.pdb   -15607.6999302273  9505.2217   7266.03877978394          -19045.0483967939           -16049.003573591        9191.5894
design1_rebuilt_mutated_A_52_GLN_relaxed.pdb   -15605.5213912772  9493.71538  7277.24644681064          -18970.073033529            -15984.1628915634       9134.2388
design1_rebuilt_mutated_A_97_HIS_relaxed.pdb   -15604.8692143541  9506.71649  7278.06686004264          -19018.6191050772           -16026.3891219069       9211.58571
design1_rebuilt_mutated_A_30_MET_relaxed.pdb   -15604.3157125005  9548.41394  7282.23293966419          -19097.1072590667           -16068.7109205137       9198.36891
design1_rebuilt_mutated_A_58_ASN_relaxed.pdb   -15603.8263738939  9491.54303  7269.3648864902           -19002.1915588789           -15997.3107671691       8863.98673
design1_rebuilt_mutated_A_27_CYS_relaxed.pdb   -15601.9445887763  9525.99818  7307.79210568415          -18951.0504479928           -15990.4077750731       9230.10555
design1_rebuilt_mutated_A_166_ASP_relaxed.pdb  -15601.3626909972  9513.18088  7263.55930678036          -19047.3739133807           -16039.6833823907       9169.62913
design1_rebuilt_mutated_A_105_ASP_relaxed.pdb  -15601.2240596596  9499.53819  7271.89751364879          -18982.5931488839           -16037.9233128707       9179.27818
design1_rebuilt_mutated_A_184_MET_relaxed.pdb  -15600.977601815   9513.47268  7250.23383726162          -19099.3033206425           -15994.6725466584       9147.01494
design1_rebuilt_mutated_A_97_THR_relaxed.pdb   -15599.5856906465  9486.98585  7246.76760750487          -19056.6034148643           -16026.7683428526       9158.19687
design1_rebuilt_mutated_A_230_ILE_relaxed.pdb  -15597.4851915345  9513.63229  7264.89354171001          -19051.2440944861           -16055.5628685848       9168.90247
design1_rebuilt_mutated_A_58_GLY_relaxed.pdb   -15594.9245643615  9489.22154  7255.55533760622          -19015.7872650281           -15947.8984517177       8877.09371
design1_rebuilt_mutated_A_28_CYS_relaxed.pdb   -15593.8875370955  9530.89353  7254.83398907795          -19106.8087183829           -16037.3916336753       9187.70334
design1_rebuilt_mutated_A_103_CYS_relaxed.pdb  -15591.7283922088  9521.72527  7272.75615044177          -19044.8665403053           -16004.4987550499       9211.16522
design1_rebuilt_mutated_A_99_HIS_relaxed.pdb   -15591.6014952878  9508.4386   7266.68831696572          -19025.0481477422           -16083.3257570056       9141.90984
design1_rebuilt_mutated_A_103_GLN_relaxed.pdb  -15591.4333974749  9546.26457  7302.30209420287          -19025.3480029943           -16075.5001497723       9182.67483
design1_rebuilt_mutated_A_103_ASN_relaxed.pdb  -15590.8272067735  9513.64181  7262.0305820405           -19057.2229538877           -16050.0392745182       9188.14574
design1_rebuilt_mutated_A_2_LYS_relaxed.pdb    -15589.0622168352  9554.92322  7301.26402862174          -19033.7390937277           -16014.3657519023       9252.05661
design1_rebuilt_mutated_A_99_MET_relaxed.pdb   -15588.4064657664  9484.13431  7252.95144785014          -18997.8013540182           -16051.1487859066       9146.44127
design1_rebuilt_mutated_A_31_GLY_relaxed.pdb   -15586.9336407746  9474.61081  7240.76995490646          -19019.7540880192           -16052.8278368212       9151.34795
design1_rebuilt_mutated_A_103_MET_relaxed.pdb  -15586.6882677152  9519.79457  7269.5888589146           -19022.8367735574           -16046.3487527267       9197.48249
design1_rebuilt_mutated_A_56_ILE_relaxed.pdb   -15585.104114927   9514.36945  7273.08109615896          -18995.6261417346           -16030.5517592891       9180.27889
design1_rebuilt_mutated_A_52_TYR_relaxed.pdb   -15583.1423752114  9494.2116   7262.65598681671          -19000.8903310484           -15994.8362519083       9163.90371
design1_rebuilt_mutated_A_30_ALA_relaxed.pdb   -15580.849243989   9497.05281  7265.20243899157          -18992.476534453            -16002.5529252229       9183.87638
design1_rebuilt_mutated_A_184_LEU_relaxed.pdb  -15580.7789474043  9498.01411  7261.17719235255          -19019.7397580631           -16033.4033487503       9159.82581
design1_rebuilt_mutated_A_99_ALA_relaxed.pdb   -15580.1990514236  9490.23503  7272.10394335004          -18974.8179741318           -16026.5798792723       9154.39588
design1_rebuilt_mutated_A_105_CYS_relaxed.pdb  -15579.6088131305  9510.89314  7272.335840267            -19030.543093522            -16039.9359136778       9191.21869
design1_rebuilt_mutated_A_101_ARG_relaxed.pdb  -15577.8656427493  9456.57263  7219.55042052937          -19047.1137879647           -16047.7555943815       9122.47618
design1_rebuilt_mutated_A_184_TRP_relaxed.pdb  -15572.6956822829  9514.01384  7254.30960574589          -19052.1324652807           -16016.6905813912       9182.55187
design1_rebuilt_mutated_A_54_ALA_relaxed.pdb   -15572.1426781798  9510.51268  7270.31237718027          -19006.6908716677           -15986.0466178705       9195.73406
design1_rebuilt_mutated_A_103_VAL_relaxed.pdb  -15571.8992379478  9495.05102  7250.65458751291          -19026.6556624791           -16012.9216284086       9079.47821
design1_rebuilt_mutated_A_56_CYS_relaxed.pdb   -15570.0849986436  9491.37336  7261.55615690087          -18976.8917194107           -15982.1565861414       9171.74561
design1_rebuilt_mutated_A_64_MET_relaxed.pdb   -15566.8160712615  9514.97392  7265.17265148615          -19005.0076349537           -16032.1864636403       8936.47506
design1_rebuilt_mutated_A_184_ILE_relaxed.pdb  -15565.5819520794  9494.92611  7257.23622037701          -18994.6100987364           -16000.1476315073       9161.6226
design1_rebuilt_mutated_A_227_GLU_relaxed.pdb  -15563.866280522   9503.99438  7242.3007567386           -19060.7821051428           -16008.1747177101       9172.59692
design1_rebuilt_mutated_A_57_ALA_relaxed.pdb   -15563.1749444777  9518.79284  7269.6328144193           -19009.3703334021           -15993.4937062068       9143.71092
design1_rebuilt_mutated_A_30_TYR_relaxed.pdb   -15563.0507556349  9574.23948  7301.88319930193          -19051.2572683644           -16020.0303537981       9189.16614
design1_rebuilt_mutated_A_100_MET_relaxed.pdb  -15561.7831911356  9527.95113  7260.53119640195          -19044.3584733366           -15995.7024321906       8959.45379
design1_rebuilt_mutated_A_26_CYS_relaxed.pdb   -15554.5257543842  9532.36025  7273.64926876193          -19012.5157576078           -15972.4678899148       8984.44439
design1_rebuilt_mutated_A_56_GLN_relaxed.pdb   -15552.5250269066  9488.86501  7259.48468741132          -18939.5705860152           -15908.3685321472       8880.73001
design1_rebuilt_mutated_A_226_VAL_relaxed.pdb  -15551.9599304396  9502.89641  7244.95792785565          -19031.3796525035           -15974.7923676972       9197.42239
design1_rebuilt_mutated_A_103_TYR_relaxed.pdb  -15551.8797844276  9541.5538   7291.13439000652          -18984.2434720208           -15987.9414661657       9131.76141
design1_rebuilt_mutated_A_32_PRO_relaxed.pdb   -15549.91776824    9461.4977   7224.19536790071          -18993.0686761975           -15986.7925059787       9079.94516
design1_rebuilt_mutated_A_101_PHE_relaxed.pdb  -15549.5798186096  9491.26592  7235.61690226269          -19020.7367204116           -15961.7115972239       9182.2648
design1_rebuilt_mutated_A_3_ARG_relaxed.pdb    -15548.0504459302  9508.30729  7263.40322063853          -18981.4224956806           -15931.99675327         9211.20391
design1_rebuilt_mutated_A_59_ARG_relaxed.pdb   -15546.5685469147  9502.03041  7279.22533573592          -18903.0799675358           -15953.274377241        9099.18817
design1_rebuilt_mutated_A_226_MET_relaxed.pdb  -15544.789803718   9543.91407  7250.26001169346          -19128.9470942923           -15997.0521036936       9231.48037
design1_rebuilt_mutated_A_54_ARG_relaxed.pdb   -15544.6906926776  9553.17463  7283.67738478422          -19002.4648929662           -15974.4877906471       9012.48452
design1_rebuilt_mutated_A_103_TRP_relaxed.pdb  -15544.5099951603  9536.03339  7275.04441234471          -19024.0271900595           -16024.3570177451       9178.55857
design1_rebuilt_mutated_A_230_SER_relaxed.pdb  -15543.4258367839  9511.85445  7257.22304785613          -19001.3079399532           -15990.8575334794       9173.56938
design1_rebuilt_mutated_A_58_GLN_relaxed.pdb   -15542.7581892111  9509.68373  7265.35894748942          -18965.8929465163           -15947.9517261995       8977.48368
design1_rebuilt_mutated_A_26_ALA_relaxed.pdb   -15541.1222403977  9513.84533  7276.12372784478          -18956.5073271375           -15957.1724831579       9193.68872
design1_rebuilt_mutated_A_57_ASP_relaxed.pdb   -15539.3159782725  9527.92742  7290.18680495886          -18933.3148590105           -15981.1502542505       9119.97215
design1_rebuilt_mutated_A_54_PRO_relaxed.pdb   -15533.7738157033  9496.77632  7253.28137056659          -18958.5762990281           -15968.713447195        9179.81958
design1_rebuilt_mutated_A_97_ALA_relaxed.pdb   -15531.2617311021  9483.36757  7223.67653046606          -19024.9520559805           -15989.5734665626       9166.17091
design1_rebuilt_mutated_A_25_MET_relaxed.pdb   -15530.5030103004  9541.02125  7280.99309906584          -18998.3771447541           -16005.2124511912       9125.85763
design1_rebuilt_mutated_A_228_ARG_relaxed.pdb  -15529.7599257436  9528.29167  7264.21933197465          -19020.6184420455           -16017.3376103028       8910.91574
design1_rebuilt_mutated_A_2_ASN_relaxed.pdb    -15527.0792523372  9520.40105  7247.53618213584          -19025.4639874031           -15927.3552783459       9222.16735
design1_rebuilt_mutated_A_59_PHE_relaxed.pdb   -15526.1340669064  9508.91165  7239.61932669925          -19026.8444986588           -15949.9766867424       9173.68217
design1_rebuilt_mutated_A_108_GLN_relaxed.pdb  -15523.5158707141  9487.42646  7258.3745167747           -18945.8352413605           -15989.2232278998       9155.7327
design1_rebuilt_mutated_A_57_PHE_relaxed.pdb   -15523.1580049368  9498.76552  7267.21614015431          -18914.3964129213           -15927.0061847861       8948.75716
design1_rebuilt_mutated_A_97_CYS_relaxed.pdb   -15521.6680076783  9497.74357  7240.66685246144          -19013.951603292            -15960.3631833361       9188.25718
design1_rebuilt_mutated_A_227_MET_relaxed.pdb  -15520.3656551113  9533.75982  7251.49526147892          -19093.5497433822           -16000.4514126159       9200.03901
design1_rebuilt_mutated_A_105_SER_relaxed.pdb  -15518.9757890562  9497.67454  7268.62855992863          -18936.9200789303           -15963.892099094        9187.10636
design1_rebuilt_mutated_A_57_TYR_relaxed.pdb   -15517.364361683   9509.19261  7274.46997050627          -18906.4919198853           -15951.2081564509       8946.08032
design1_rebuilt_mutated_A_230_ASN_relaxed.pdb  -15516.7564508886  9507.45107  7248.44139826837          -18978.8312041716           -15953.320040104        9174.52598
design1_rebuilt_mutated_A_227_LYS_relaxed.pdb  -15515.6984257384  9542.71941  7266.67942911821          -19107.1892226144           -16032.9820409835       8866.44746
design1_rebuilt_mutated_A_102_PHE_relaxed.pdb  -15513.4224060616  9506.36666  7237.59954995045          -19000.6167441428           -15957.9411666782       9168.06662
design1_rebuilt_mutated_A_229_CYS_relaxed.pdb  -15511.571573817   9515.22675  7256.04279541899          -18989.1908235334           -15951.8085624301       9177.37837
design1_rebuilt_mutated_A_101_ILE_relaxed.pdb  -15511.1463532108  9470.18907  7229.95225896584          -18948.6205622184           -15989.1632301304       8913.95287
design1_rebuilt_mutated_A_103_GLY_relaxed.pdb  -15509.2145686581  9489.68492  7234.85750743558          -18995.5948124957           -15963.3178644231       9164.19739
design1_rebuilt_mutated_A_57_ILE_relaxed.pdb   -15509.193336123   9506.60006  7270.06751301639          -18903.371808865            -15906.7863361324       9206.92451
design1_rebuilt_mutated_A_230_PHE_relaxed.pdb  -15508.5790609099  9509.15999  7235.58170749236          -19008.4700213431           -15934.9328507207       9180.94043
design1_rebuilt_mutated_A_101_CYS_relaxed.pdb  -15507.7571792795  9466.16427  7222.19529938711          -18978.5577673573           -15954.5119432802       8900.33008
design1_rebuilt_mutated_A_225_ASP_relaxed.pdb  -15505.2990871393  9530.08991  7254.60347277361          -19015.2885191213           -15939.4993224259       9217.74548
design1_rebuilt_mutated_A_183_LEU_relaxed.pdb  -15502.3312138665  9495.86478  7224.64446283269          -19001.199305264            -15952.2904865428       9155.91594
design1_rebuilt_mutated_A_30_CYS_relaxed.pdb   -15500.343616975   9519.41055  7257.55212303196          -18975.4893340339           -15947.6646275732       9202.6132
design1_rebuilt_mutated_A_59_SER_relaxed.pdb   -15499.4132782541  9488.83334  7266.08920158841          -18876.3791191504           -15917.9217358912       8934.91663
design1_rebuilt_mutated_A_227_GLN_relaxed.pdb  -15497.6096181754  9513.08437  7234.48623880894          -19012.6374983522           -15966.2895445985       8930.97657
design1_rebuilt_mutated_A_58_TRP_relaxed.pdb   -15495.669534793   9504.2746   7245.53543441226          -18953.5614947354           -15952.7950649672       8931.15246
design1_rebuilt_mutated_A_56_SER_relaxed.pdb   -15495.5240822629  9479.26155  7243.48751056363          -18934.5317804196           -15927.5999682003       9147.75106
design1_rebuilt_mutated_A_184_HIS_relaxed.pdb  -15494.8434376976  9509.65912  7252.65826064838          -18943.4076729903           -15921.2183413009       9171.76996
design1_rebuilt_mutated_A_184_LYS_relaxed.pdb  -15493.3004926352  9514.73608  7259.91242069645          -18973.5020565202           -15935.0979436841       9181.69066
design1_rebuilt_mutated_A_99_PHE_relaxed.pdb   -15490.4461359373  9548.73659  7272.73560356255          -18974.644377331            -15957.6063327466       9220.6382
design1_rebuilt_mutated_A_58_CYS_relaxed.pdb   -15490.3265924074  9503.90271  7265.9950505204           -18887.4051632234           -15824.0153131324       9153.75546
design1_rebuilt_mutated_A_226_ILE_relaxed.pdb  -15488.0262416708  9513.86932  7248.92583234779          -18933.949947138            -15920.2288945143       9192.30775
design1_rebuilt_mutated_A_104_LYS_relaxed.pdb  -15486.506292092   9504.23886  7263.54897421895          -18911.5197036573           -15915.8455710717       9192.72528
design1_rebuilt_mutated_A_166_VAL_relaxed.pdb  -15485.7926711791  9496.69767  7225.3801846395           -19000.1800816893           -15926.2744667287       9170.91391
design1_rebuilt_mutated_A_228_GLN_relaxed.pdb  -15485.5517923321  9515.73517  7245.91452390091          -18983.3391485917           -15999.47298285         8934.70108
design1_rebuilt_mutated_A_31_ASP_relaxed.pdb   -15484.9949798979  9500.14191  7250.65152216969          -18934.3029236674           -15943.0847331847       9173.98522
design1_rebuilt_mutated_A_99_ARG_relaxed.pdb   -15483.4470873592  9517.1396   7249.85828172854          -18965.3771991532           -15964.6285102997       9146.46913
design1_rebuilt_mutated_A_97_TYR_relaxed.pdb   -15483.0235813806  9491.319    7240.9283025172           -18948.6192114948           -15923.3538888848       8945.17087
design1_rebuilt_mutated_A_57_SER_relaxed.pdb   -15479.5950508789  9516.59708  7264.85677315298          -18912.0583396475           -15921.6708572214       9175.58256
design1_rebuilt_mutated_A_104_PHE_relaxed.pdb  -15474.9432035863  9497.34268  7238.98070627979          -18949.8023118984           -15883.9064419479       9189.16012
design1_rebuilt_mutated_A_25_TRP_relaxed.pdb   -15473.4267604629  9554.86756  7283.34932835288          -18927.4777599964           -15891.6021277553       9176.75898
design1_rebuilt_mutated_A_101_VAL_relaxed.pdb  -15472.2513087933  9453.81022  7193.97581806614          -18974.7124788703           -15933.7030534821       9105.19589
design1_rebuilt_mutated_A_97_ASP_relaxed.pdb   -15469.4438706124  9486.70765  7237.1786804746           -18899.447677795            -15868.1167354441       9189.70491
design1_rebuilt_mutated_A_99_TRP_relaxed.pdb   -15466.5752092945  9563.98702  7273.84624418882          -18961.145079993            -15916.487857299        9191.05384
design1_rebuilt_mutated_A_99_ASN_relaxed.pdb   -15464.8766242961  9477.83292  7242.99441257062          -18885.4029611151           -15896.6970564445       9155.0627
design1_rebuilt_mutated_A_59_PRO_relaxed.pdb   -15464.1930932253  9482.97117  7247.92600037635          -18878.592248629            -15880.7981350056       9181.06826
design1_rebuilt_mutated_A_227_TYR_relaxed.pdb  -15464.028094023   9540.39925  7249.73948553938          -18962.9283998855           -15866.9161332336       9179.8692
design1_rebuilt_mutated_A_227_PRO_relaxed.pdb  -15457.9614494648  9496.64251  7226.01208608207          -18957.84356056             -15931.1350043978       9149.70022
design1_rebuilt_mutated_A_102_HIS_relaxed.pdb  -15457.4279418132  9478.26513  7235.97723388864          -18867.7538179632           -15896.8390147137       9159.57874
design1_rebuilt_mutated_A_105_ALA_relaxed.pdb  -15455.9884662376  9508.03298  7258.4568393737           -18894.6108260132           -15904.6471219844       9196.8362
design1_rebuilt_mutated_A_54_ILE_relaxed.pdb   -15455.3434344532  9507.16094  7241.43207429359          -18924.0535145381           -15892.5134671277       9197.62753
design1_rebuilt_mutated_A_230_TRP_relaxed.pdb  -15453.9007927028  9567.54541  7293.66676858017          -18947.3214560624           -15886.2199944494       9229.45252
design1_rebuilt_mutated_A_57_PRO_relaxed.pdb   -15453.3783772488  9484.1136   7212.71370013238          -18961.556235411            -15810.2569332296       9106.36387
design1_rebuilt_mutated_A_101_LYS_relaxed.pdb  -15453.377063148   9480.12734  7228.99891154719          -18931.130088767            -15909.8076175101       9149.3711
design1_rebuilt_mutated_A_102_ARG_relaxed.pdb  -15451.2652501724  9489.54801  7228.97836965531          -18948.840218427            -15936.0628690665       9053.28597
design1_rebuilt_mutated_A_59_ILE_relaxed.pdb   -15449.7909814116  9487.18761  7248.31183058667          -18848.7218169707           -15874.7855416694       8921.26644
design1_rebuilt_mutated_A_101_LEU_relaxed.pdb  -15449.0810300956  9444.16765  7196.78082614849          -18920.3441522403           -15927.3097904971       9104.13615
design1_rebuilt_mutated_A_101_GLY_relaxed.pdb  -15448.6931497762  9461.11862  7212.78753995874          -18941.7253485846           -15912.9115333294       9133.81399
design1_rebuilt_mutated_A_101_SER_relaxed.pdb  -15447.1056754711  9441.64112  7190.08147253856          -18932.2698079268           -15920.0331148964       8870.89208
design1_rebuilt_mutated_A_59_VAL_relaxed.pdb   -15447.0405181986  9492.99605  7225.96689724713          -18933.4838291784           -15868.5023955063       9156.58374
design1_rebuilt_mutated_A_227_ILE_relaxed.pdb  -15446.8472548175  9510.49194  7230.08906239615          -18953.6945136931           -15871.0511141794       9171.92797
design1_rebuilt_mutated_A_228_ASN_relaxed.pdb  -15444.4282610801  9482.41338  7207.29040653455          -18964.1974035387           -15881.4950993992       9133.67231
design1_rebuilt_mutated_A_166_GLY_relaxed.pdb  -15441.4820411899  9481.50063  7215.45774453103          -18929.9369246224           -15910.7067100569       9126.93113
design1_rebuilt_mutated_A_102_LEU_relaxed.pdb  -15438.0223364405  9445.89123  7209.28584467483          -18874.9906155121           -15925.2969731037       9101.24525
design1_rebuilt_mutated_A_99_GLN_relaxed.pdb   -15437.945219387   9511.17292  7255.56146963609          -18914.4889676934           -15920.7169700588       9068.41605
design1_rebuilt_mutated_A_28_MET_relaxed.pdb   -15435.9866421341  9538.74893  7264.38279347038          -18917.7361162167           -15870.7078525794       9208.31403
design1_rebuilt_mutated_A_28_PHE_relaxed.pdb   -15435.1632835623  9541.89236  7269.29502954627          -18881.7641384939           -15836.9453516709       9233.10435
design1_rebuilt_mutated_A_229_GLN_relaxed.pdb  -15435.1139190236  9506.16859  7222.06066341785          -18987.7277702171           -15866.0053416898       9193.39037
design1_rebuilt_mutated_A_105_TRP_relaxed.pdb  -15434.9929321908  9535.89445  7252.41898866108          -18960.9543747124           -15868.7416802187       9229.70966
design1_rebuilt_mutated_A_226_LEU_relaxed.pdb  -15434.2994243445  9542.4654   7245.95896419232          -18977.2348791314           -15950.1353898613       9169.27628
design1_rebuilt_mutated_A_59_CYS_relaxed.pdb   -15434.1132361327  9505.17478  7257.01702409184          -18867.1541229722           -15837.7038326596       8967.13016
design1_rebuilt_mutated_A_102_LYS_relaxed.pdb  -15432.6611917513  9491.41295  7224.38272758051          -18921.0818393144           -15880.5020014881       9073.08387
design1_rebuilt_mutated_A_57_HIS_relaxed.pdb   -15431.6027465658  9507.73672  7225.04917009151          -18954.5476076058           -15859.7938318326       9104.74961
design1_rebuilt_mutated_A_100_ILE_relaxed.pdb  -15430.3696679622  9524.23926  7269.23851424608          -18869.6236549387           -15872.3723113844       9214.1853
design1_rebuilt_mutated_A_1_CYS_relaxed.pdb    -15430.0785128388  9495.69554  7235.53690818947          -18871.2230651626           -15869.9918661981       9065.17406
design1_rebuilt_mutated_A_64_LEU_relaxed.pdb   -15427.8091934919  9519.92397  7259.18766923807          -18894.9360297958           -15877.5889764549       9199.29457
design1_rebuilt_mutated_A_101_ASN_relaxed.pdb  -15424.0986728359  9482.80147  7236.21547891925          -18892.352824555            -15922.196038049        9055.12835
design1_rebuilt_mutated_A_183_ILE_relaxed.pdb  -15420.2554467784  9486.60667  7215.05334440134          -18920.9512177623           -15863.4320663603       9168.95549
design1_rebuilt_mutated_A_162_MET_relaxed.pdb  -15418.177897681   9515.03542  7238.57833758439          -18940.4136874544           -15906.7102585769       9168.67062
design1_rebuilt_mutated_A_26_ARG_relaxed.pdb   -15415.7344188192  9574.74694  7268.70963409533          -18983.4698147015           -15852.8812834221       9218.47069
design1_rebuilt_mutated_A_228_HIS_relaxed.pdb  -15412.8960375242  9484.05046  7197.36131793093          -18930.5139834946           -15882.4894466003       9131.74626
design1_rebuilt_mutated_A_102_ILE_relaxed.pdb  -15412.329559471   9465.01279  7207.85263559389          -18887.9863851298           -15905.2109136307       8889.76655
design1_rebuilt_mutated_A_32_THR_relaxed.pdb   -15407.1500518585  9479.13643  7218.8408404176           -18878.2637483383           -15856.8142590073       9091.56256
design1_rebuilt_mutated_A_108_ASP_relaxed.pdb  -15406.9806302428  9472.29165  7229.25262577869          -18824.6603475001           -15850.775050987        9108.59448
design1_rebuilt_mutated_A_230_CYS_relaxed.pdb  -15406.3637288456  9519.79669  7252.36544680794          -18890.7559024645           -15851.2420727613       9205.1935
design1_rebuilt_mutated_A_227_LEU_relaxed.pdb  -15402.7125819582  9509.95551  7219.86799203231          -18955.5182061088           -15840.6016528054       9186.75407
design1_rebuilt_mutated_A_102_GLN_relaxed.pdb  -15400.9500029041  9458.52096  7205.49663905201          -18883.6123896352           -15909.0804961712       9103.04509
design1_rebuilt_mutated_A_228_GLY_relaxed.pdb  -15400.6170900155  9462.99294  7205.06998396343          -18931.4297803831           -15909.3226722465       8889.92596
design1_rebuilt_mutated_A_105_TYR_relaxed.pdb  -15396.6576741835  9534.35309  7246.97063154728          -18915.5616428953           -15841.3160060344       9200.2038
design1_rebuilt_mutated_A_56_LEU_relaxed.pdb   -15393.018063368   9490.76301  7232.45460990204          -18831.3225543054           -15793.3682202285       9123.95019
design1_rebuilt_mutated_A_56_TRP_relaxed.pdb   -15391.1675555728  9526.57531  7261.29819234043          -18844.7577651107           -15738.8740244135       9341.7575
design1_rebuilt_mutated_A_53_PHE_relaxed.pdb   -15387.9518305612  9512.61384  7249.22893016076          -18821.6186548636           -15799.7460464089       9196.87391
design1_rebuilt_mutated_A_59_GLU_relaxed.pdb   -15385.04816026    9491.01957  7235.23481476867          -18842.2649106745           -15827.0791089502       9180.10332
design1_rebuilt_mutated_A_161_ASN_relaxed.pdb  -15384.9906249463  9489.54391  7221.05646903769          -18839.4177487391           -15826.0609040899       9169.5999
design1_rebuilt_mutated_A_225_PHE_relaxed.pdb  -15383.7158444273  9552.53618  7252.02554271148          -18934.6831077817           -15822.7411644032       9218.7517
design1_rebuilt_mutated_A_97_GLU_relaxed.pdb   -15383.062935969   9496.26351  7207.66271859373          -18941.645071235            -15869.564471015        9157.07922
design1_rebuilt_mutated_A_226_SER_relaxed.pdb  -15382.149531166   9484.71709  7213.52802972373          -18883.4301076826           -15826.0765379201       9158.11793
design1_rebuilt_mutated_A_32_GLN_relaxed.pdb   -15381.195136142   9495.78995  7208.60435726874          -18931.2145306568           -15826.9040240401       9161.4215
design1_rebuilt_mutated_A_56_GLY_relaxed.pdb   -15377.1849633382  9476.03434  7234.32974758588          -18796.3051164892           -15756.625013366        8998.94871
design1_rebuilt_mutated_A_53_TYR_relaxed.pdb   -15374.6305758588  9522.66247  7255.30926349689          -18828.3802947807           -15786.0760779322       9218.1358
design1_rebuilt_mutated_A_57_MET_relaxed.pdb   -15369.2112440315  9513.00361  7246.94408331497          -18810.7179722612           -15773.8544631339       9204.91649
design1_rebuilt_mutated_A_102_VAL_relaxed.pdb  -15364.6878738585  9449.20358  7181.1443396743           -18892.7969317253           -15853.0075540326       9097.42822
design1_rebuilt_mutated_A_2_LEU_relaxed.pdb    -15364.4341614254  9532.6895   7226.89653914529          -18940.447822115            -15810.2843635154       9194.45981
design1_rebuilt_mutated_A_105_GLN_relaxed.pdb  -15363.600516885   9521.1529   7242.28228753227          -18868.8470483952           -15806.8323576971       8962.67883
design1_rebuilt_mutated_A_54_HIS_relaxed.pdb   -15362.5367361759  9489.07713  7241.16819380871          -18783.0669222411           -15765.4950559363       9195.3244
design1_rebuilt_mutated_A_101_THR_relaxed.pdb  -15362.151060703   9486.39898  7217.37328542005          -18871.1735009201           -15830.0403312799       9164.4714
design1_rebuilt_mutated_A_227_ASP_relaxed.pdb  -15351.4225133221  9522.1285   7227.65804709732          -18882.3137259142           -15803.1745162046       9190.58759
design1_rebuilt_mutated_A_3_CYS_relaxed.pdb    -15331.1134866447  9507.81465  7228.43246455662          -18844.7793745523           -15775.6109952011       9204.89837
design1_rebuilt_mutated_A_97_PHE_relaxed.pdb   -15329.4643817033  9490.41196  7229.45495244626          -18798.7384796322           -15764.0904525313       8926.17385
design1_rebuilt_mutated_A_32_LEU_relaxed.pdb   -15326.16703113    9486.46961  7219.4471370775           -18801.4505650413           -15766.5096098643       9154.51788
design1_rebuilt_mutated_A_108_ASN_relaxed.pdb  -15324.4277822183  9485.93393  7212.73454707744          -18828.9143865377           -15812.7301988796       9012.6441
design1_rebuilt_mutated_A_102_PRO_relaxed.pdb  -15319.7023320735  9469.38154  7200.46547158354          -18820.2145939381           -15775.6682929405       9136.01395
design1_rebuilt_mutated_A_228_THR_relaxed.pdb  -15318.5310074222  9502.38467  7212.08641040426          -18851.4914683058           -15741.10089164         8913.25911
design1_rebuilt_mutated_A_102_GLY_relaxed.pdb  -15317.7935914365  9439.07294  7197.48655647467          -18774.6632674235           -15766.2013540242       9114.12206
design1_rebuilt_mutated_A_166_MET_relaxed.pdb  -15314.7592352237  9535.66634  7227.30835767679          -18875.9061930806           -15742.6824094025       9228.81948
design1_rebuilt_mutated_A_56_ALA_relaxed.pdb   -15311.6225173568  9471.84787  7211.3955150842           -18789.6165842307           -15742.8082149435       9146.97516
design1_rebuilt_mutated_A_28_GLY_relaxed.pdb   -15301.0125922669  9497.76542  7225.30411620058          -18801.9374788737           -15745.9789014202       9186.98882
design1_rebuilt_mutated_A_229_ASP_relaxed.pdb  -15299.3009962244  9517.15838  7227.87692066759          -18824.1621219185           -15750.8553763856       8932.82083
design1_rebuilt_mutated_A_102_MET_relaxed.pdb  -15292.2089825465  9459.0766   7184.67374706264          -18803.7229382097           -15758.4629694163       9102.08374
design1_rebuilt_mutated_A_57_GLY_relaxed.pdb   -15290.3040171306  9500.67987  7235.96984594069          -18740.9275078667           -15695.8700307552       9200.24596
design1_rebuilt_mutated_A_166_GLU_relaxed.pdb  -15290.1730463658  9497.83272  7192.48155286664          -18854.2803633746           -15732.3516854834       9179.46538
design1_rebuilt_mutated_A_227_VAL_relaxed.pdb  -15288.8516844007  9498.9439   7196.87301488868          -18841.0766778091           -15726.2974098997       9171.61202
design1_rebuilt_mutated_A_184_ASN_relaxed.pdb  -15287.6958400701  9490.62129  7219.05988519056          -18776.742432164            -15712.6650214834       9170.42753
design1_rebuilt_mutated_A_230_HIS_relaxed.pdb  -15274.6889842648  9497.85885  7212.26042856387          -18801.1993181463           -15695.0113234199       9172.22797
design1_rebuilt_mutated_A_166_ALA_relaxed.pdb  -15268.7583592653  9477.61462  7195.59257297751          -18773.0543731713           -15707.7791783884       9136.02447
design1_rebuilt_mutated_A_57_LEU_relaxed.pdb   -15266.5685707554  9507.72534  7232.81705529435          -18735.3434616534           -15687.6695793453       9202.75638
design1_rebuilt_mutated_A_99_TYR_relaxed.pdb   -15265.5894825289  9552.05534  7252.92366670244          -18780.0316728693           -15761.0158834994       9197.63511
design1_rebuilt_mutated_A_64_GLY_relaxed.pdb   -15265.5497612107  9498.73254  7212.57984724893          -18769.6035019199           -15662.6499743698       9206.07394
design1_rebuilt_mutated_A_226_GLY_relaxed.pdb  -15265.2399502609  9484.06304  7200.97795182335          -18786.7198726886           -15738.3576750564       8921.80033
design1_rebuilt_mutated_A_230_LEU_relaxed.pdb  -15257.9070681867  9529.00826  7233.71360005284          -18804.8671777645           -15720.6389953844       9202.22845
design1_rebuilt_mutated_A_104_VAL_relaxed.pdb  -15255.7675065937  9503.93797  7230.58120332595          -18735.5340167646           -15691.1000627202       9157.21145
design1_rebuilt_mutated_A_230_ALA_relaxed.pdb  -15246.6528260931  9517.56774  7223.13247494252          -18776.3475886163           -15678.5317528834       9182.75399
design1_rebuilt_mutated_A_52_PHE_relaxed.pdb   -15246.3898128775  9500.8079   7217.22723818256          -18751.6735132683           -15682.1962792973       8964.77108
design1_rebuilt_mutated_A_32_ILE_relaxed.pdb   -15244.0843850424  9474.58181  7182.67685444832          -18807.4785327321           -15704.8742412301       8934.56381
design1_rebuilt_mutated_A_108_HIS_relaxed.pdb  -15244.0822449354  9528.21853  7207.55871259153          -18859.7717129963           -15738.6909728591       9200.44733
design1_rebuilt_mutated_A_105_LYS_relaxed.pdb  -15242.9076148956  9501.18834  7202.79328094575          -18818.0823716814           -15709.9188509732       9189.60533
design1_rebuilt_mutated_A_2_ARG_relaxed.pdb    -15233.0913548935  9570.1163   7248.23776290159          -18825.1061577668           -15664.2504505631       9249.82529
design1_rebuilt_mutated_A_53_ALA_relaxed.pdb   -15229.7724158128  9495.48375  7188.53365555798          -18809.9793001123           -15669.7140782874       9181.70164
design1_rebuilt_mutated_A_102_ALA_relaxed.pdb  -15224.7679625857  9424.59696  7163.34607106476          -18712.827837903            -15698.0662403021       9101.06118
design1_rebuilt_mutated_A_228_ALA_relaxed.pdb  -15222.151072507   9474.15783  7194.73572507875          -18772.8511585853           -15755.069138478        8856.3535
design1_rebuilt_mutated_A_184_PRO_relaxed.pdb  -15216.9969416416  9494.72519  7207.20129154448          -18721.7022742089           -15632.2882262312       9159.43357
design1_rebuilt_mutated_A_228_LYS_relaxed.pdb  -15215.4217276962  9492.51544  7180.27122398043          -18822.0474574166           -15714.9359857571       8894.99533
design1_rebuilt_mutated_A_52_LYS_relaxed.pdb   -15213.9897615303  9495.79858  7215.35547982126          -18694.7657885976           -15629.0382540659       9170.06566
design1_rebuilt_mutated_A_99_GLU_relaxed.pdb   -15208.3799577897  9480.06417  7194.03842740405          -18735.7646669079           -15649.5555833738       9168.86474
design1_rebuilt_mutated_A_104_HIS_relaxed.pdb  -15195.5968923952  9494.57538  7226.15636746801          -18640.9690919999           -15631.4298241428       9176.2613
design1_rebuilt_mutated_A_102_CYS_relaxed.pdb  -15193.5249178559  9430.17815  7164.53192398571          -18670.3963997745           -15662.3528490433       9108.74999
design1_rebuilt_mutated_A_230_LYS_relaxed.pdb  -15192.5416484418  9525.32309  7237.32767412609          -18699.9150279779           -15645.0414364291       9186.29211
design1_rebuilt_mutated_A_226_GLU_relaxed.pdb  -15192.4168195342  9502.55506  7188.89634355313          -18774.0315089753           -15661.489097242        9044.48681
design1_rebuilt_mutated_A_228_GLU_relaxed.pdb  -15191.4129715711  9497.81839  7171.53044217327          -18797.2095843426           -15671.1621706586       8934.95561
design1_rebuilt_mutated_A_227_GLY_relaxed.pdb  -15180.1280721153  9495.492    7201.40073442341          -18713.6162830433           -15662.8067583152       8941.39415
design1_rebuilt_mutated_A_226_CYS_relaxed.pdb  -15166.1726920393  9494.5442   7194.94879939438          -18681.818188914            -15566.7239389333       9132.20069
design1_rebuilt_mutated_A_59_GLY_relaxed.pdb   -15148.5484595483  9484.17619  7214.98621763757          -18608.6160002479           -15541.8480145084       9179.34784
design1_rebuilt_mutated_A_32_SER_relaxed.pdb   -15126.8602994344  9455.84548  7165.287149315            -18672.2673430287           -15577.4084548709       9128.0292
design1_rebuilt_mutated_A_228_LEU_relaxed.pdb  -15109.0427628452  9465.63378  7159.8118306304           -18687.1510549318           -15617.1545497421       8873.23332
design1_rebuilt_mutated_A_59_ASP_relaxed.pdb   -15101.8415273955  9483.63398  7210.22014821191          -18564.8190136113           -15515.6907581011       9159.79662
design1_rebuilt_mutated_A_225_GLY_relaxed.pdb  -15099.5869408434  9505.01572  7192.85733315027          -18645.0628611412           -15559.9680149762       8952.41464
design1_rebuilt_mutated_A_32_ALA_relaxed.pdb   -15095.1705112989  9449.68683  7154.37087801486          -18658.0475752624           -15549.8950491487       9136.59281
design1_rebuilt_mutated_A_52_LEU_relaxed.pdb   -15088.9516302201  9490.59243  7211.87602691236          -18534.1213082127           -15469.2893811386       9186.89309
design1_rebuilt_mutated_A_59_MET_relaxed.pdb   -15087.9237924637  9513.08852  7199.81277286514          -18638.807742663            -15525.4246349732       9173.34493
design1_rebuilt_mutated_A_32_VAL_relaxed.pdb   -15086.8897749659  9464.39494  7137.13867071077          -18741.9048045576           -15555.6070079799       9044.992
design1_rebuilt_mutated_A_59_ALA_relaxed.pdb   -15075.7360867754  9480.7747   7202.04442773305          -18544.7273880437           -15476.7984605899       9179.78351
design1_rebuilt_mutated_A_105_PHE_relaxed.pdb  -15068.8030475139  9529.37449  7186.76418453001          -18729.7847663954           -15529.7110563127       9197.84808
design1_rebuilt_mutated_A_32_GLU_relaxed.pdb   -15043.7302291371  9503.41794  7164.62854567367          -18687.6651383809           -15535.182303742        9165.09989
design1_rebuilt_mutated_A_52_GLY_relaxed.pdb   -15040.4294575044  9435.13592  7154.90218080655          -18525.2902262022           -15450.3526878255       8799.77991
design1_rebuilt_mutated_A_32_ASN_relaxed.pdb   -15039.9448829241  9482.47334  7156.95965279036          -18666.3047107988           -15532.86075639         9148.08747
design1_rebuilt_mutated_A_104_ILE_relaxed.pdb  -15021.3549337052  9511.00102  7205.33737278103          -18553.1277971545           -15493.5308705252       8918.74692
design1_rebuilt_mutated_A_104_GLN_relaxed.pdb  -15016.837809512   9475.77751  7204.01879137641          -18462.3596754996           -15454.5610491696       9137.69778
design1_rebuilt_mutated_A_228_VAL_relaxed.pdb  -15016.2513480764  9486.73562  7148.14845110835          -18662.5153042906           -15498.5718264402       8779.65714
design1_rebuilt_mutated_A_32_CYS_relaxed.pdb   -14995.4842752319  9461.2834   7147.32463238299          -18594.6207274901           -15462.2940858924       9141.66069
design1_rebuilt_mutated_A_105_GLY_relaxed.pdb  -14982.3767970133  9470.35648  7169.81613313645          -18516.9589998034           -15445.3248289355       9021.54843
design1_rebuilt_mutated_A_230_GLY_relaxed.pdb  -14966.0969418953  9506.2059   7188.80630475881          -18508.2701408925           -15379.4863262626       9183.13651
design1_rebuilt_mutated_A_104_PRO_relaxed.pdb  -14955.6605681342  9471.64501  7186.07721789425          -18432.0133087643           -15396.9248803836       9147.41771
design1_rebuilt_mutated_A_104_SER_relaxed.pdb  -14947.2529096839  9466.88421  7186.80886082648          -18407.4247775261           -15397.6523820192       8888.20972
design1_rebuilt_mutated_A_228_SER_relaxed.pdb  -14931.1426521162  9465.58635  7140.40810676658          -18572.9536257227           -15412.7874419908       8852.60511
design1_rebuilt_mutated_A_32_GLY_relaxed.pdb   -14929.4437370732  9449.87617  7132.98155131217          -18555.052372342            -15393.3062548018       9119.7486
design1_rebuilt_mutated_A_104_ASN_relaxed.pdb  -14895.2611062587  9477.07689  7180.44846256803          -18400.889925526            -15373.9993912802       9021.46232
design1_rebuilt_mutated_A_104_LEU_relaxed.pdb  -14887.9124876903  9457.34635  7155.31881522495          -18416.335733731            -15330.3596995329       8891.49261
design1_rebuilt_mutated_A_102_ASN_relaxed.pdb  -14875.3670780646  9456.50837  7119.3316223905           -18520.0317226989           -15402.5765597936       9012.34501
design1_rebuilt_mutated_A_104_ALA_relaxed.pdb  -14869.0514211688  9462.67736  7175.83584460897          -18338.7990024967           -15295.1979359138       9148.2929
design1_rebuilt_mutated_A_102_GLU_relaxed.pdb  -14861.0011219725  9468.46442  7128.20606975278          -18502.9715393305           -15372.9204836474       9025.88771
design1_rebuilt_mutated_A_52_ASN_relaxed.pdb   -14854.5728145179  9446.10468  7146.74816424238          -18353.5674212785           -15250.0329603078       9147.20102
design1_rebuilt_mutated_A_104_MET_relaxed.pdb  -14854.0695494255  9484.72985  7148.90379894976          -18449.9347992418           -15271.6432779119       9052.17831
design1_rebuilt_mutated_A_104_CYS_relaxed.pdb  -14850.6230046637  9462.04757  7165.96474490599          -18348.4968739777           -15274.1854609391       9153.29602
design1_rebuilt_mutated_A_52_VAL_relaxed.pdb   -14813.8122664382  9454.03316  7165.9884074738           -18291.3281538376           -15273.8088129225       9109.05185
design1_rebuilt_mutated_A_52_ASP_relaxed.pdb   -14736.5790674755  9471.85944  7156.21027929345          -18271.7951732125           -15167.7279826436       9138.82644
design1_rebuilt_mutated_A_104_THR_relaxed.pdb  -14725.9722189165  9477.01033  7149.4582140046           -18272.4237526842           -15181.9401968917       9146.21051
design1_rebuilt_mutated_A_52_SER_relaxed.pdb   -14720.8073201487  9451.61717  7140.34542606649          -18249.3846041383           -15150.8950702116       9037.67734
design1_rebuilt_mutated_A_52_MET_relaxed.pdb   -14691.8230913578  9469.91896  7136.71359871525          -18275.6134208389           -15124.0826951696       9166.28139
design1_rebuilt_mutated_A_52_PRO_relaxed.pdb   -14652.2738238554  9460.38477  7154.29695471971          -18153.6737968592           -15102.1176775742       9125.09979
design1_rebuilt_mutated_A_52_ALA_relaxed.pdb   -14648.4942755473  9446.23409  7131.6919008337           -18161.7988961248           -15098.1988490081       9096.50836
design1_rebuilt_mutated_A_52_THR_relaxed.pdb   -14620.6977369708  9459.60049  7130.34680986287          -18182.6786750592           -15079.7659675261       9126.49125
design1_rebuilt_mutated_A_104_ASP_relaxed.pdb  -14609.4162519113  9474.71761  7126.38315018245          -18223.1335017352           -15040.9987828416       9165.5442
design1_rebuilt_mutated_A_32_MET_relaxed.pdb   -14548.5035566141  9503.07103  7080.92552970265          -18354.7511448842           -15051.3548153138       9143.68037
design1_rebuilt_mutated_A_228_PRO_relaxed.pdb  -14439.091032446   9466.28044  7050.76917162153          -18236.6471434194           -14973.2589264559       8834.67115
design1_rebuilt_mutated_A_104_GLY_relaxed.pdb  -14316.1382906377  9444.70063  7069.17364853642          -17984.7870828369           -14765.3375599212       9113.09502
design1_rebuilt_mutated_A_230_ASP_relaxed.pdb  -12634.7476301896  9359.96516  6771.57887840164          -16703.4383635218           -13061.2745793683       8940.44642
design1_rebuilt_mutated_A_27_ALA_relaxed.pdb   -12555.1064619152  9370.94693  6787.08059982941          -16583.2520480741           -13024.8305160688       9057.79722
design1_rebuilt_mutated_A_161_GLY_relaxed.pdb  -12478.0618128705  9302.77619  6732.54916477527          -16482.6536902837           -12875.8763822249       9017.85354
design1_rebuilt_mutated_A_53_GLU_relaxed.pdb   -12326.5280190306  9370.79255  6734.53375928226          -16480.7495820949           -12775.6812902348       9060.05995
design1_rebuilt_mutated_A_108_ARG_relaxed.pdb  -12274.0393140425  9367.4309   6723.29578626092          -16459.9711059199           -12784.8627859346       8937.84185
design1_rebuilt_mutated_A_226_ALA_relaxed.pdb  -12259.0803824432  9340.75105  6705.45155224687          -16410.4667756514           -12687.6552465696       8959.1033
design1_rebuilt_mutated_A_58_HIS_relaxed.pdb   -12247.5098536157  9363.77958  6722.38007633302          -16409.9061024353           -12655.653072607        8973.15423
design1_rebuilt_mutated_A_166_PHE_relaxed.pdb  -12223.1649381078  9375.81047  6713.66782806008          -16450.3502830459           -12678.1158722158       9060.57438
design1_rebuilt_mutated_A_161_LEU_relaxed.pdb  -12220.4601748438  9335.99101  6704.89740826353          -16340.0258001133           -12633.5834185532       9030.91883
design1_rebuilt_mutated_A_31_LEU_relaxed.pdb   -12201.0800852949  9368.59077  6708.75930365467          -16408.5461730994           -12652.5212269948       9045.39452
design1_rebuilt_mutated_A_184_ASP_relaxed.pdb  -12199.4464736065  9331.96762  6699.75195311827          -16350.5904698538           -12653.4768220051       8932.16242
design1_rebuilt_mutated_A_56_PRO_relaxed.pdb   -12191.8155610317  9335.66689  6688.87340527036          -16385.7604929964           -12631.7640473073       8936.7029
design1_rebuilt_mutated_A_30_LEU_relaxed.pdb   -12162.5249082958  9379.98162  6716.03303898254          -16397.33058916             -12637.9756493064       8945.65462
design1_rebuilt_mutated_A_103_PHE_relaxed.pdb  -12147.5035455862  9392.11329  6716.82378910974          -16390.1156962256           -12618.7765765554       8969.89389
design1_rebuilt_mutated_A_134_GLU_relaxed.pdb  -12141.1759226308  9369.53335  6707.26553786477          -16359.0948794825           -12596.1940230257       9033.43966
design1_rebuilt_mutated_A_25_VAL_relaxed.pdb   -12137.6825842177  9365.38165  6704.41070212667          -16350.8419326993           -12582.6654221173       9041.8755
design1_rebuilt_mutated_A_166_CYS_relaxed.pdb  -12130.2072741557  9356.57144  6674.96824538664          -16399.0888879938           -12565.8564178456       8940.55604
design1_rebuilt_mutated_A_134_LEU_relaxed.pdb  -12107.0388568996  9377.26333  6703.10368744739          -16374.9523161101           -12614.9062252174       9036.06273
design1_rebuilt_mutated_A_1_VAL_relaxed.pdb    -12104.7850572893  9352.25082  6685.15100391376          -16326.3586139695           -12557.4455757111       9039.97473
design1_rebuilt_mutated_A_108_LYS_relaxed.pdb  -12097.9318070975  9352.1947   6685.93475567143          -16386.7792892141           -12656.7170453994       8910.19345
design1_rebuilt_mutated_A_227_ARG_relaxed.pdb  -12082.3338193443  9384.92668  6698.34454098486          -16364.4909878405           -12514.0102572405       8988.34338
design1_rebuilt_mutated_A_134_CYS_relaxed.pdb  -12068.2763140935  9357.4485   6685.76486814094          -16306.0211322277           -12526.1927475838       8957.9861
design1_rebuilt_mutated_A_25_ALA_relaxed.pdb   -12058.6956385941  9350.03553  6676.90710802453          -16305.818146968            -12518.0022349516       9037.02665
design1_rebuilt_mutated_A_108_PRO_relaxed.pdb  -12056.8770455584  9305.90424  6672.06382949427          -16201.7115191042           -12512.3261884974       8985.93973
design1_rebuilt_mutated_A_97_MET_relaxed.pdb   -12053.9953681756  9342.25165  6681.32156423666          -16266.8055028252           -12518.9407571041       9017.09846
design1_rebuilt_mutated_A_25_TYR_relaxed.pdb   -12039.7996746723  9380.67331  6697.99318179417          -16298.4678334846           -12528.709602551        9034.58809
design1_rebuilt_mutated_A_55_ASP_relaxed.pdb   -12024.4071744448  9383.77165  6701.97468170055          -16274.0757367305           -12463.6851924845       8969.0538
design1_rebuilt_mutated_A_227_PHE_relaxed.pdb  -12020.7807779701  9362.74259  6674.75301684309          -16275.1011592749           -12429.5389270326       8992.22824
design1_rebuilt_mutated_A_100_GLN_relaxed.pdb  -11993.2325281704  9377.94195  6684.36219070652          -16269.8122393492           -12463.5107243928       8949.2195
design1_rebuilt_mutated_A_225_ILE_relaxed.pdb  -11989.74519388    9359.56486  6676.49085624033          -16249.1909566751           -12449.8795967639       8971.13922
design1_rebuilt_mutated_A_3_TYR_relaxed.pdb    -11987.2542165385  9353.03457  6675.11405745867          -16243.6084033514           -12426.3467023228       9044.26687
design1_rebuilt_mutated_A_161_ILE_relaxed.pdb  -11984.9817669752  9333.18729  6666.94833085028          -16181.8792709484           -12423.0888582785       8930.45199
design1_rebuilt_mutated_A_2_PHE_relaxed.pdb    -11982.7000913242  9399.15519  6694.21679203337          -16335.3454506866           -12443.6530919685       9082.86568
design1_rebuilt_mutated_A_229_TRP_relaxed.pdb  -11976.9659298182  9384.71967  6695.49191492689          -16223.5291917671           -12378.9868462682       8987.94508
design1_rebuilt_mutated_A_25_GLU_relaxed.pdb   -11968.4498175     9362.75725  6676.76111255457          -16252.355417035            -12407.0842835641       9054.146
design1_rebuilt_mutated_A_97_GLY_relaxed.pdb   -11964.5033985598  9278.33032  6630.44536119098          -16179.8744667035           -12458.0191249957       8896.2415
design1_rebuilt_mutated_A_166_GLN_relaxed.pdb  -11953.1366783246  9358.19766  6661.81909265641          -16212.5865151502           -12422.5945228356       8946.55855
design1_rebuilt_mutated_A_100_ASN_relaxed.pdb  -11952.9928262446  9354.09204  6666.3986922775           -16223.8246611581           -12422.159262707        9043.3531
design1_rebuilt_mutated_A_184_THR_relaxed.pdb  -11942.6411439296  9328.34202  6654.37304940532          -16170.365599215            -12384.6016289507       8933.2147
design1_rebuilt_mutated_A_162_PRO_relaxed.pdb  -11935.0021356115  9353.36827  6666.44627084271          -16190.7951089155           -12397.1857970387       8948.12091
design1_rebuilt_mutated_A_97_LYS_relaxed.pdb   -11924.7523249655  9341.7503   6660.58689272173          -16230.3704311037           -12361.7256982829       9025.4775
design1_rebuilt_mutated_A_103_HIS_relaxed.pdb  -11920.7370293265  9368.92782  6674.67726052682          -16213.7156258797           -12387.8733936834       9022.95997
design1_rebuilt_mutated_A_100_HIS_relaxed.pdb  -11909.5540883585  9363.09323  6668.97803015082          -16192.5035360762           -12385.82195414         9031.00088
design1_rebuilt_mutated_A_32_ARG_relaxed.pdb   -11903.242510551   9361.91299  6667.79148963922          -16186.201493358            -12343.4123830925       9047.86095
design1_rebuilt_mutated_A_26_GLU_relaxed.pdb   -11895.1927163176  9381.45254  6678.87822056137          -16206.6449611709           -12347.48897923         9065.82122
design1_rebuilt_mutated_A_54_GLU_relaxed.pdb   -11895.0525408519  9353.71275  6661.56158332498          -16168.8801722855           -12354.2040209101       8955.21022
design1_rebuilt_mutated_A_225_THR_relaxed.pdb  -11891.891371492   9339.54636  6654.26318612231          -16150.4341190967           -12345.8908340901       9035.69932
design1_rebuilt_mutated_A_100_ASP_relaxed.pdb  -11890.7249940166  9356.44226  6673.38384785926          -16163.8528532962           -12346.7607594314       9035.53183
design1_rebuilt_mutated_A_30_ASP_relaxed.pdb   -11888.6584218885  9350.69551  6662.57330442223          -16151.242812491            -12342.1063942379       9020.31358
design1_rebuilt_mutated_A_99_CYS_relaxed.pdb   -11884.6940415206  9323.59138  6658.7685630662           -16101.7793776481           -12313.6656447677       8966.30147
design1_rebuilt_mutated_A_55_TRP_relaxed.pdb   -11874.0726425748  9462.30836  6709.75278491837          -16243.6939869971           -12382.5914590893       9032.49084
design1_rebuilt_mutated_A_31_SER_relaxed.pdb   -11873.9765673589  9333.87947  6649.07196332982          -16141.9301397401           -12309.3151322039       9023.28678
design1_rebuilt_mutated_A_166_SER_relaxed.pdb  -11867.890755256   9338.74487  6638.21797314203          -16177.2811258876           -12332.2188961916       8930.85119
design1_rebuilt_mutated_A_26_GLN_relaxed.pdb   -11866.5322270831  9379.11616  6665.86927820587          -16229.7373855148           -12318.3633375499       9061.92705
design1_rebuilt_mutated_A_103_ILE_relaxed.pdb  -11862.4023950483  9341.33657  6637.93398019864          -16173.1281618938           -12298.9135496942       8945.58647
design1_rebuilt_mutated_A_229_LYS_relaxed.pdb  -11834.9237975347  9392.38289  6666.06214804952          -16198.4727891966           -12307.5155876134       9001.63497
design1_rebuilt_mutated_A_226_LYS_relaxed.pdb  -11832.3094044609  9383.61565  6654.39640102584          -16205.3028776499           -12371.7886426377       8957.24527
design1_rebuilt_mutated_A_27_THR_relaxed.pdb   -11830.0543882909  9367.85454  6669.75988912357          -16120.1830503056           -12262.3904992096       8985.31964
design1_rebuilt_mutated_A_229_ILE_relaxed.pdb  -11829.9756039245  9357.53845  6647.23460304354          -16139.6612967231           -12275.8583206229       8958.90089
design1_rebuilt_mutated_A_64_GLN_relaxed.pdb   -11812.3253880227  9364.30544  6655.32479470392          -16123.0273152256           -12319.19365552         8938.09922
design1_rebuilt_mutated_A_183_LYS_relaxed.pdb  -11810.8774767632  9346.75801  6640.43082671772          -16120.0391984577           -12257.19275605         8954.14434
design1_rebuilt_mutated_A_101_GLN_relaxed.pdb  -11790.9563240535  9340.53267  6632.82830762481          -16107.8768774523           -12225.8166873128       9024.68195
design1_rebuilt_mutated_A_105_MET_relaxed.pdb  -11787.1705166618  9352.69469  6650.14161364799          -16061.9681999887           -12234.5390656204       8960.48513
design1_rebuilt_mutated_A_104_ARG_relaxed.pdb  -11784.3520228424  9343.43387  6636.9984827657           -16081.8257392418           -12243.5643075616       8941.55721
design1_rebuilt_mutated_A_59_ASN_relaxed.pdb   -11777.5928949953  9330.82064  6645.86314129739          -16027.711738369            -12231.0057080352       8922.60158
design1_rebuilt_mutated_A_26_PHE_relaxed.pdb   -11747.9394897145  9393.50343  6663.22513825168          -16246.2288246835           -12262.6350972377       9056.84128
design1_rebuilt_mutated_A_1_PRO_relaxed.pdb    -11734.7280361618  9374.83612  6648.35316258623          -16125.47077856             -12171.4821586378       8976.48186
design1_rebuilt_mutated_A_183_SER_relaxed.pdb  -11708.3824006156  9328.32455  6609.73910991766          -16042.8600786922           -12164.7163972766       8912.11153
design1_rebuilt_mutated_A_102_THR_relaxed.pdb  -11705.3243041698  9296.30737  6593.77088911215          -16021.3108017731           -12189.4174004226       8967.39866
design1_rebuilt_mutated_A_28_ARG_relaxed.pdb   -11704.0049888106  9396.51969  6640.08254859784          -16152.2546334827           -12142.2362502927       9086.58835
design1_rebuilt_mutated_A_102_SER_relaxed.pdb  -11683.0316035406  9289.5576   6587.02903571431          -16020.3229676912           -12170.3606973689       8972.5479
design1_rebuilt_mutated_A_134_ILE_relaxed.pdb  -11656.0545743021  9369.6799   6627.53405309792          -16079.4570565544           -12153.0164115085       8952.29443
design1_rebuilt_mutated_A_161_MET_relaxed.pdb  -11648.3559394793  9346.85361  6620.79767280287          -15989.640563913            -12119.2020604568       9021.85752
design1_rebuilt_mutated_A_134_PHE_relaxed.pdb  -11648.2137998871  9382.96613  6643.15402134242          -16041.9019585089           -12133.0634505119       8963.66297
design1_rebuilt_mutated_A_230_VAL_relaxed.pdb  -11641.9172232176  9348.97368  6617.87789772829          -16002.015865276            -12092.8946326141       9046.81475
design1_rebuilt_mutated_A_59_TRP_relaxed.pdb   -11635.5727135018  9348.79651  6628.48482719575          -15936.2139033904           -12097.3719058772       8940.78482
design1_rebuilt_mutated_A_54_TRP_relaxed.pdb   -11607.3338039002  9381.57204  6637.57951633152          -16013.40877089             -12057.9992272786       8989.26973
design1_rebuilt_mutated_A_55_TYR_relaxed.pdb   -11606.2599156813  9428.26904  6647.38620036585          -16051.7210262592           -12115.7998920789       9075.93817
design1_rebuilt_mutated_A_32_ASP_relaxed.pdb   -11597.5837102811  9316.13325  6590.48778370474          -15988.6170207613           -12052.0473449314       8921.90768
design1_rebuilt_mutated_A_102_ASP_relaxed.pdb  -11568.257064711   9277.97372  6566.08745302201          -15932.6668172117           -12041.9724390903       8958.36333
design1_rebuilt_mutated_A_59_LYS_relaxed.pdb   -11562.6335871179  9342.47681  6604.15760432723          -15958.6501048526           -12013.3817608612       8946.40145
design1_rebuilt_mutated_A_54_VAL_relaxed.pdb   -11545.5141193265  9354.33614  6618.59824017646          -15945.1485863181           -12021.4353409356       8950.21914
design1_rebuilt_mutated_A_104_GLU_relaxed.pdb  -11542.2637395812  9319.63717  6603.54722154185          -15836.0962550653           -11983.3049041698       9013.333
design1_rebuilt_mutated_A_52_HIS_relaxed.pdb   -11533.0769162002  9330.69784  6613.40551381328          -15804.0275231309           -11969.683390945        8921.05958
design1_rebuilt_mutated_A_166_THR_relaxed.pdb  -11531.6578261632  9345.59443  6581.21976759076          -15983.4189907735           -11978.2223817213       8928.31181
design1_rebuilt_mutated_A_55_PHE_relaxed.pdb   -11529.8629755264  9423.03703  6630.66848136064          -16015.8678828663           -12000.6181795312       9001.12965
design1_rebuilt_mutated_A_52_GLU_relaxed.pdb   -11517.7263855212  9334.50088  6617.16356035864          -15783.3153259903           -11963.1439573896       9013.88821
design1_rebuilt_mutated_A_58_PHE_relaxed.pdb   -11483.8300644018  9361.07553  6606.39418610102          -15850.0794282625           -11950.0465677738       9009.68274
design1_rebuilt_mutated_A_100_VAL_relaxed.pdb  -11477.6578535924  9360.3808   6593.78836433913          -15906.2493107393           -11927.3928472786       8969.67273
design1_rebuilt_mutated_A_58_TYR_relaxed.pdb   -11412.4888705228  9373.26476  6592.67581702117          -15881.7116607683           -11867.6732996765       8938.21176
design1_rebuilt_mutated_A_55_HIS_relaxed.pdb   -11385.3434305398  9398.75056  6591.34424932745          -15880.6584517586           -11863.3101581812       8979.59662
design1_rebuilt_mutated_A_228_ILE_relaxed.pdb  -11373.5092211226  9354.38319  6570.46653413977          -15836.2188865767           -11872.1614682722       8710.46934
design1_rebuilt_mutated_A_225_TRP_relaxed.pdb  -11289.8057431342  9382.43043  6582.22754309096          -15758.1283991868           -11731.2908685011       8997.20828
design1_rebuilt_mutated_A_52_ARG_relaxed.pdb   -11251.1951499573  9342.02172  6581.68467456317          -15619.202819616            -11704.0134519341       9038.19132
design1_rebuilt_mutated_A_228_MET_relaxed.pdb  -11178.6029968751  9349.89338  6545.90250827799          -15676.666955896            -11678.9289784583       8635.47057
design1_rebuilt_mutated_A_228_CYS_relaxed.pdb  -11078.1743165955  9328.99198  6514.89293366729          -15624.5342518545           -11598.870749559        8678.24237
design1_rebuilt_mutated_A_52_ILE_relaxed.pdb   -10939.9230367293  9307.63559  6528.71770419121          -15326.8855075646           -11390.6317606555       8979.27894
design1_rebuilt_mutated_A_52_CYS_relaxed.pdb   -10933.5550347862  9298.15134  6499.17554907979          -15366.3332697276           -11397.2448369956       8978.5915
design1_rebuilt_mutated_A_108_SER_relaxed.pdb  -10912.1290389833  9305.79366  6490.11071687896          -15645.089518278            -11417.0045527321       8970.43115
design2_rebuilt_mutated_A_101_TRP_relaxed.pdb  -9876.90264240168  7510.57571  5308.67833277816          -13576.852074418            -10694.8955194244       6406.9067
design2_rebuilt_mutated_A_101_TYR_relaxed.pdb  -9825.48050817381  7495.37385  5325.06726405274          -13441.9741714361           -10636.1533706604       6392.7386
design2_rebuilt_mutated_A_102_TRP_relaxed.pdb  -9822.68685117087  7508.72907  5348.87938178475          -13396.4449842024           -10617.0498429888       6482.59102
design2_rebuilt_mutated_A_76_TRP_relaxed.pdb   -9809.70829178539  7497.89574  5318.80226739082          -13446.3615683005           -10663.2801345424       6497.69537
design2_rebuilt_mutated_A_77_HIS_relaxed.pdb   -9791.05978442769  7457.69996  5306.55108809373          -13358.3773869625           -10610.6982214525       6343.95736
design2_rebuilt_mutated_A_123_SER_relaxed.pdb  -9764.53646726638  7424.31395  5283.43718365778          -13261.5411986753           -10493.9575200919       6631.39449
design2_rebuilt_mutated_A_126_ARG_relaxed.pdb  -9763.00693737404  7483.50265  5307.70251320014          -13368.1570202821           -10629.4608061559       6583.55134
design2_rebuilt_mutated_A_71_PHE_relaxed.pdb   -9756.51996613364  7480.13715  5314.24127726404          -13336.9466951548           -10645.0359730104       6584.51017
design2_rebuilt_mutated_A_50_THR_relaxed.pdb   -9753.78071053565  7452.01089  5300.04248608811          -13324.2462569046           -10592.5146076849       6544.9374
design2_rebuilt_mutated_A_104_TRP_relaxed.pdb  -9743.58671324548  7539.67144  5322.10741428601          -13460.0518352761           -10776.4215399703       6595.07859
design2_rebuilt_mutated_A_35_ARG_relaxed.pdb   -9721.96025964426  7555.60022  5329.94310931601          -13421.5615205178           -10502.4387818225       6413.58741
design2_rebuilt_mutated_A_126_PHE_relaxed.pdb  -9715.92323373737  7449.74683  5269.57963447656          -13331.8315164856           -10551.1276488141       6603.11847
design2_rebuilt_mutated_A_49_TYR_relaxed.pdb   -9710.94779951332  7518.26271  5329.00429488358          -13315.7923985138           -10450.4471864698       6457.97272
design2_rebuilt_mutated_A_45_SER_relaxed.pdb   -9704.94038957112  7430.98821  5266.80993077305          -13313.2967040673           -10565.2079201676       6584.92865
design2_rebuilt_mutated_A_50_HIS_relaxed.pdb   -9676.97080775151  7451.42385  5293.33677547386          -13251.4881497405           -10465.6791497946       6550.36163
design2_rebuilt_mutated_A_48_PRO_relaxed.pdb   -9674.86669265629  7453.75385  5282.32565804064          -13281.535228419            -10451.3892891849       6554.56941
design2_rebuilt_mutated_A_71_TRP_relaxed.pdb   -9672.52338372294  7504.94572  5312.66889576949          -13274.999483375            -10497.9296008389       6584.44713
design2_rebuilt_mutated_A_126_TRP_relaxed.pdb  -9662.05058300116  7492.98658  5279.51768174748          -13356.792925191            -10549.2378604993       6510.77356
design2_rebuilt_mutated_A_74_TRP_relaxed.pdb   -9653.97014230966  7454.79432  5289.62821460871          -13245.2636721515           -10493.673370365        6440.19267
design2_rebuilt_mutated_A_76_PHE_relaxed.pdb   -9638.16690877974  7475.94309  5281.85466829488          -13312.3772459546           -10451.905189611        6514.56406
design2_rebuilt_mutated_A_9_THR_relaxed.pdb    -9631.4381733858   7440.17666  5262.48884341477          -13270.7934191773           -10515.6392159751       6497.6047
design2_rebuilt_mutated_A_35_LYS_relaxed.pdb   -9631.04347946023  7528.39249  5303.98653881569          -13334.8992555136           -10411.5434256034       6664.85624
design2_rebuilt_mutated_A_60_LEU_relaxed.pdb   -9630.33468669665  7457.66758  5282.26160139796          -13233.6471097823           -10482.5223804159       6623.10299
design2_rebuilt_mutated_A_76_PRO_relaxed.pdb   -9624.25063703909  7468.62747  5280.22434991689          -13267.7906249628           -10414.4693608438       6521.31509
design2_rebuilt_mutated_A_60_THR_relaxed.pdb   -9623.3150518885   7472.64497  5288.1552112855           -13266.4614785066           -10468.9025621703       6572.38084
design2_rebuilt_mutated_A_136_GLN_relaxed.pdb  -9612.20134862463  7477.64458  5290.17852688545          -13269.5759445599           -10518.9982953882       6317.06021
design2_rebuilt_mutated_A_63_MET_relaxed.pdb   -9605.99583220331  7466.25356  5274.79360565378          -13244.5957896135           -10483.8488396254       6486.90009
design2_rebuilt_mutated_A_49_VAL_relaxed.pdb   -9604.56448070108  7488.34712  5299.56151241159          -13262.0752954655           -10457.8308405569       6629.22943
design2_rebuilt_mutated_A_123_ARG_relaxed.pdb  -9603.95409937268  7506.75516  5298.09030844343          -13230.206318278            -10449.6954205344       6576.11751
design2_rebuilt_mutated_A_104_ILE_relaxed.pdb  -9599.91987018007  7493.53871  5279.70399832307          -13243.4031463701           -10427.0885253749       6313.31217
design2_rebuilt_mutated_A_71_ASN_relaxed.pdb   -9595.70682882351  7481.21394  5293.95238821936          -13206.5199728457           -10415.8102507779       6410.87743
design2_rebuilt_mutated_A_50_PRO_relaxed.pdb   -9594.29992116489  7454.03337  5269.42742647176          -13248.7877809445           -10450.5658739433       6520.84246
design2_rebuilt_mutated_A_136_TRP_relaxed.pdb  -9589.06213043628  7503.94743  5287.52077166997          -13234.1224986889           -10379.7689065581       6638.14128
design2_rebuilt_mutated_A_89_THR_relaxed.pdb   -9581.52749085883  7464.57574  5286.0565944701           -13182.615768116            -10377.7956651435       6380.71703
design2_rebuilt_mutated_A_123_PHE_relaxed.pdb  -9578.94739513644  7471.81794  5294.03839798422          -13145.4406519427           -10518.181404315        6753.92778
design2_rebuilt_mutated_A_75_THR_relaxed.pdb   -9576.76202568148  7473.63533  5287.02662841671          -13207.2890657109           -10378.906607274        6424.43746
design2_rebuilt_mutated_A_125_TRP_relaxed.pdb  -9572.40124780488  7493.88742  5288.66229760202          -13220.4292475439           -10330.2295645456       6608.61649
design2_rebuilt_mutated_A_73_TYR_relaxed.pdb   -9565.940809957    7491.73723  5276.42547770624          -13265.1795817246           -10428.637162113        6690.17938
design2_rebuilt_mutated_A_90_ALA_relaxed.pdb   -9563.0126594309   7419.06243  5257.91026449832          -13148.093974519            -10338.0105489773       6535.59216
design2_rebuilt_mutated_A_79_ASN_relaxed.pdb   -9562.25953174572  7436.06804  5252.67892136642          -13215.4494783401           -10334.8644867681       6713.74664
design2_rebuilt_mutated_A_84_ASP_relaxed.pdb   -9562.11558287999  7479.55018  5280.93165312664          -13193.2345603685           -10367.7433697366       6402.23798
design2_rebuilt_mutated_A_49_MET_relaxed.pdb   -9558.37923471493  7511.14879  5303.93361343164          -13212.7495949376           -10457.7251151132       6524.05811
design2_rebuilt_mutated_A_63_PHE_relaxed.pdb   -9554.75419674964  7464.86312  5284.83641655857          -13138.8712670538           -10363.805410695        6643.74496
design2_rebuilt_mutated_A_35_LEU_relaxed.pdb   -9551.15561782216  7509.97991  5300.44701622698          -13202.9585589011           -10294.7480224878       6543.36973
design2_rebuilt_mutated_A_9_TRP_relaxed.pdb    -9536.31318489967  7480.08258  5274.63374951389          -13224.5701787833           -10406.6960943676       6457.52186
design2_rebuilt_mutated_A_123_HIS_relaxed.pdb  -9535.2310810788   7474.46826  5280.24398485596          -13162.761525759            -10422.4549841917       6391.19466
design2_rebuilt_mutated_A_78_PHE_relaxed.pdb   -9533.41837464657  7486.07063  5279.05735974221          -13211.474848574            -10421.8897134272       6502.22047
design2_rebuilt_mutated_A_75_ARG_relaxed.pdb   -9531.51311577486  7499.98986  5291.66198183597          -13226.6064329979           -10422.3269968078       6540.37793
design2_rebuilt_mutated_A_33_ARG_relaxed.pdb   -9529.78382856452  7463.94452  5274.86566338466          -13149.023144111            -10343.5408330599       6646.68999
design2_rebuilt_mutated_A_33_TRP_relaxed.pdb   -9527.25372372514  7477.22696  5286.09935682798          -13142.245940656            -10259.298798938        6605.2317
design2_rebuilt_mutated_A_60_HIS_relaxed.pdb   -9526.92929831001  7438.31885  5268.95679957593          -13113.8729483612           -10366.0315175842       6502.06327
design2_rebuilt_mutated_A_73_TRP_relaxed.pdb   -9524.04339902082  7466.11476  5252.35115132741          -13247.2815632053           -10417.2267176462       6538.34592
design2_rebuilt_mutated_A_62_GLN_relaxed.pdb   -9523.99118835315  7495.50311  5279.36037813738          -13253.9035432375           -10390.2445632833       6621.20086
design2_rebuilt_mutated_A_35_GLN_relaxed.pdb   -9522.04854838307  7510.45273  5300.63374418362          -13186.9024102331           -10329.6573762188       6429.7713
design2_rebuilt_mutated_A_76_TYR_relaxed.pdb   -9521.72203177659  7470.89057  5264.2085115867           -13219.1096185654           -10350.1627099415       6501.58246
design2_rebuilt_mutated_A_50_GLY_relaxed.pdb   -9521.15847909589  7433.54601  5248.40617748669          -13133.8527222254           -10371.775202066        6589.0028
design2_rebuilt_mutated_A_62_ILE_relaxed.pdb   -9519.95996543647  7469.98258  5280.73841016791          -13176.4341442051           -10288.9230185069       6602.98343
design2_rebuilt_mutated_A_9_VAL_relaxed.pdb    -9517.67118927268  7442.55055  5250.81605028808          -13152.7559815671           -10383.3949324482       6498.51075
design2_rebuilt_mutated_A_70_ASN_relaxed.pdb   -9517.23346264886  7394.24703  5236.0670862853           -13071.67371333             -10277.2634017275       6615.19785
design2_rebuilt_mutated_A_104_VAL_relaxed.pdb  -9516.56041462243  7473.12328  5264.36363854784          -13199.6247715091           -10310.1844457894       6482.09766
design2_rebuilt_mutated_A_46_VAL_relaxed.pdb   -9501.61298838129  7425.80733  5229.63389207196          -13155.805349871            -10325.0596153429       6541.33812
design2_rebuilt_mutated_A_125_THR_relaxed.pdb  -9499.96900544229  7471.45648  5276.27778898646          -13119.988420775            -10409.4711617469       6475.02043
design2_rebuilt_mutated_A_79_ALA_relaxed.pdb   -9494.42544880942  7471.6169   5257.74280564367          -13179.3570322041           -10305.6820263662       6356.92611
design2_rebuilt_mutated_A_62_TYR_relaxed.pdb   -9490.14934341035  7465.32478  5249.23397269421          -13206.4038211358           -10353.2858623017       6388.97128
design2_rebuilt_mutated_A_63_TRP_relaxed.pdb   -9488.42886382904  7477.97955  5274.23267428586          -13153.7177509435           -10415.8927555069       6571.66323
design2_rebuilt_mutated_A_126_MET_relaxed.pdb  -9488.18361113415  7437.92815  5236.80887808933          -13145.9831101595           -10405.0386858122       6451.62136
design2_rebuilt_mutated_A_84_PHE_relaxed.pdb   -9484.72872271235  7461.2571   5253.82709957611          -13158.2551382424           -10318.8125143867       6470.70751
design2_rebuilt_mutated_A_71_TYR_relaxed.pdb   -9478.33602668612  7473.00168  5285.15776658191          -13085.4465553993           -10306.4000329055       6407.10154
design2_rebuilt_mutated_A_73_GLN_relaxed.pdb   -9478.17728923378  7473.81367  5266.3840044816           -13166.5153291572           -10322.3652970953       6648.08887
design2_rebuilt_mutated_A_84_TYR_relaxed.pdb   -9476.31778374132  7449.80999  5238.51345537627          -13147.1265370941           -10262.3293272464       6476.34501
design2_rebuilt_mutated_A_9_ASP_relaxed.pdb    -9471.26993826512  7456.33004  5246.80216629295          -13145.5882110534           -10307.9365092531       6702.77204
design2_rebuilt_mutated_A_134_TRP_relaxed.pdb  -9467.52406760197  7524.17479  5290.65533381322          -13174.3205163999           -10286.3536691597       6587.52989
design2_rebuilt_mutated_A_104_GLU_relaxed.pdb  -9466.72296089047  7515.99781  5278.70998872597          -13168.4147993646           -10262.9586801698       6435.92875
design2_rebuilt_mutated_A_104_HIS_relaxed.pdb  -9466.51733139986  7530.80383  5299.46543968916          -13178.6713002536           -10393.5247494281       6359.84862
design2_rebuilt_mutated_A_88_CYS_relaxed.pdb   -9465.08401745876  7411.82853  5236.26226247715          -13042.7670163014           -10265.2711280237       6577.74054
design2_rebuilt_mutated_A_60_ARG_relaxed.pdb   -9462.1332623352   7456.53711  5252.37873298524          -13113.446926499            -10357.4912058401       6657.58492
design2_rebuilt_mutated_A_44_ASP_relaxed.pdb   -9462.05528313567  7484.17173  5251.20576017964          -13164.4733819983           -10259.8982823861       6471.72623
design2_rebuilt_mutated_A_136_LEU_relaxed.pdb  -9459.98872126416  7448.02966  5260.93138410255          -13051.065343411            -10220.6349482137       6329.30516
design2_rebuilt_mutated_A_76_THR_relaxed.pdb   -9453.91888476051  7504.29089  5270.58947375551          -13195.682120228            -10265.0847559932       6338.05696
design2_rebuilt_mutated_A_45_ASN_relaxed.pdb   -9449.54938040645  7448.49793  5244.27529444385          -13106.5278835418           -10217.5843538887       6536.04778
design2_rebuilt_mutated_A_126_HIS_relaxed.pdb  -9448.79504883402  7458.11609  5224.06126987817          -13156.4041098331           -10303.2178171682       6454.99703
design2_rebuilt_mutated_A_48_THR_relaxed.pdb   -9445.61733369171  7459.04871  5252.6275477022           -13124.5992316685           -10237.0782303186       6524.92594
design2_rebuilt_mutated_A_84_ARG_relaxed.pdb   -9443.00043319062  7530.06208  5288.59651817542          -13166.0055715168           -10388.3424977882       6710.58656
design2_rebuilt_mutated_A_104_ARG_relaxed.pdb  -9441.08268124537  7488.7382   5246.81479863664          -13162.9807226518           -10208.5531769698       6658.50309
design2_rebuilt_mutated_A_90_HIS_relaxed.pdb   -9436.71323083848  7465.82705  5268.75169536741          -13093.3752784013           -10237.8365881031       6474.15267
design2_rebuilt_mutated_A_76_LYS_relaxed.pdb   -9434.40492306659  7486.75892  5258.12879225384          -13140.7048469984           -10318.4259610169       6512.00931
design2_rebuilt_mutated_A_104_TYR_relaxed.pdb  -9433.1980027142   7548.42239  5292.93941428769          -13220.4847540184           -10295.6243634257       6511.7013
design2_rebuilt_mutated_A_33_LEU_relaxed.pdb   -9430.20576693142  7472.02476  5261.31371648313          -13086.6529207779           -10240.8517928084       6635.47199
design2_rebuilt_mutated_A_45_CYS_relaxed.pdb   -9428.15574810574  7416.29856  5236.84347539243          -13016.5950610697           -10242.3363412219       6462.05728
design2_rebuilt_mutated_A_75_TRP_relaxed.pdb   -9427.93263334847  7497.65215  5276.40404721138          -13123.7966477835           -10259.7153993881       6599.68863
design2_rebuilt_mutated_A_71_VAL_relaxed.pdb   -9426.86471364836  7481.37755  5250.32217349734          -13199.8373003095           -10322.0497865429       6521.35491
design2_rebuilt_mutated_A_49_GLU_relaxed.pdb   -9424.05202631311  7508.25264  5282.27287237492          -13117.9944427245           -10234.4023357011       6545.83743
design2_rebuilt_mutated_A_49_TRP_relaxed.pdb   -9421.81902157294  7490.21956  5267.92732309557          -13156.9198378772           -10331.0810092776       6621.24801
design2_rebuilt_mutated_A_75_ASN_relaxed.pdb   -9420.55761126112  7477.37771  5254.05254350008          -13128.211536435            -10235.236344748        6457.19095
design2_rebuilt_mutated_A_71_ASP_relaxed.pdb   -9419.57632699219  7456.67978  5249.79600997627          -13119.6478273506           -10251.3343203734       6610.83801
design2_rebuilt_mutated_A_62_ARG_relaxed.pdb   -9418.54422606514  7459.21963  5244.31123701175          -13072.4139123027           -10245.8724997046       6356.41085
design2_rebuilt_mutated_A_89_LEU_relaxed.pdb   -9416.93684354404  7433.23054  5226.99742659367          -13089.3161637808           -10315.3493714613       6591.7271
design2_rebuilt_mutated_A_45_GLN_relaxed.pdb   -9414.53488347519  7425.04485  5220.25536489863          -13102.1978758087           -10264.8108566739       6515.97217
design2_rebuilt_mutated_A_80_ALA_relaxed.pdb   -9414.23802704891  7448.30848  5243.67959563173          -13100.9452892065           -10236.8132023911       6431.77708
design2_rebuilt_mutated_A_52_ARG_relaxed.pdb   -9413.71340987062  7471.32706  5270.24924391823          -13093.7035821329           -10290.7148563761       6670.59269
design2_rebuilt_mutated_A_50_TRP_relaxed.pdb   -9411.81935029574  7475.07036  5270.55540222489          -13043.1857315688           -10270.6828682629       6561.0522
design2_rebuilt_mutated_A_84_HIS_relaxed.pdb   -9409.00390864847  7464.41745  5247.44446053926          -13095.7444528435           -10188.7208786895       6343.02656
design2_rebuilt_mutated_A_86_TRP_relaxed.pdb   -9407.13843270496  7494.62725  5272.77083068526          -13081.0553338594           -10245.3512869741       6490.08266
design2_rebuilt_mutated_A_46_HIS_relaxed.pdb   -9404.01714937341  7418.05461  5223.7538089544           -13057.503807758            -10232.8118004416       6541.10521
design2_rebuilt_mutated_A_102_HIS_relaxed.pdb  -9403.88290955074  7462.95401  5248.1903061449           -13096.0233802057           -10222.6710243539       6525.44442
design2_rebuilt_mutated_A_123_GLY_relaxed.pdb  -9403.43052175339  7416.48575  5225.6235172062           -12970.5782354662           -10261.0785366365       6367.84716
design2_rebuilt_mutated_A_126_TYR_relaxed.pdb  -9399.32822367793  7449.74543  5220.5687751861           -13103.9568483443           -10264.485719807        6316.70839
design2_rebuilt_mutated_A_79_CYS_relaxed.pdb   -9398.58046594245  7472.27967  5245.94743460067          -13110.116868571            -10208.9377388889       6374.09357
design2_rebuilt_mutated_A_90_TRP_relaxed.pdb   -9396.87945415529  7507.67605  5280.00645615209          -13075.7108983382           -10201.0655969748       6555.95586
design2_rebuilt_mutated_A_45_MET_relaxed.pdb   -9396.61315770636  7451.22383  5219.1374382518           -13121.4689045055           -10266.282942267        6556.15728
design2_rebuilt_mutated_A_90_MET_relaxed.pdb   -9396.35096983114  7452.15689  5248.07756171112          -13063.6134862909           -10280.0859291901       6610.67887
design2_rebuilt_mutated_A_104_ASN_relaxed.pdb  -9395.38515992353  7491.63714  5254.42579877295          -13112.3955099706           -10204.6956220269       6523.39076
design2_rebuilt_mutated_A_76_HIS_relaxed.pdb   -9395.03285089247  7421.1045   5234.99941197665          -13023.3689984089           -10099.6330063863       6437.70697
design2_rebuilt_mutated_A_88_HIS_relaxed.pdb   -9394.81399254555  7489.04467  5262.31663452397          -13075.9058727984           -10248.1686767048       6514.06409
design2_rebuilt_mutated_A_70_ALA_relaxed.pdb   -9394.78055754492  7375.07485  5216.50890747427          -12966.597522631            -10244.0140251647       6563.46228
design2_rebuilt_mutated_A_63_TYR_relaxed.pdb   -9391.58462325741  7477.04741  5261.31891632758          -13042.817576408            -10209.8869193408       6704.28271
design2_rebuilt_mutated_A_88_ARG_relaxed.pdb   -9390.42160640621  7482.94238  5260.80067527943          -13115.4935152435           -10350.7953639487       6622.38671
design2_rebuilt_mutated_A_123_LYS_relaxed.pdb  -9388.95392833628  7495.58789  5255.41675461288          -13136.625351992            -10360.7626089775       6420.42404
design2_rebuilt_mutated_A_100_TYR_relaxed.pdb  -9384.01472209076  7509.65955  5283.32289703993          -13059.6544703471           -10282.568934033        6507.34702
design2_rebuilt_mutated_A_80_TRP_relaxed.pdb   -9383.50896266404  7437.40192  5229.40847233436          -13053.7847503316           -10161.3276336756       6412.05827
design2_rebuilt_mutated_A_31_ASN_relaxed.pdb   -9383.35520085824  7463.19578  5234.23343145835          -13103.706843713            -10202.0243507591       6511.05699
design2_rebuilt_mutated_A_78_TRP_relaxed.pdb   -9382.45180706946  7496.81242  5263.26614431663          -13114.1059727586           -10270.4705467695       6640.98343
design2_rebuilt_mutated_A_9_HIS_relaxed.pdb    -9379.82678218083  7475.38837  5245.6084343108           -13116.5146720982           -10248.5315737853       6585.79282
design2_rebuilt_mutated_A_71_LEU_relaxed.pdb   -9379.73572564551  7467.99437  5245.87776951192          -13085.6492544504           -10225.4019844126       6538.6516
design2_rebuilt_mutated_A_80_HIS_relaxed.pdb   -9379.04150516665  7468.96748  5235.6806268651           -13145.0948489464           -10286.6413018043       6337.40915
design2_rebuilt_mutated_A_46_SER_relaxed.pdb   -9378.63741542919  7408.38657  5225.78971622245          -12995.992143414            -10187.7376454019       6446.21914
design2_rebuilt_mutated_A_136_ARG_relaxed.pdb  -9378.53022026105  7475.58038  5248.38372425906          -13050.0132133176           -10257.8097768346       6574.03097
design2_rebuilt_mutated_A_46_ALA_relaxed.pdb   -9377.58382484051  7396.79336  5218.62245435837          -12988.3810316885           -10165.7684385607       6495.81385
design2_rebuilt_mutated_A_60_ILE_relaxed.pdb   -9376.68075288934  7435.28954  5235.91238070222          -13025.7554205982           -10232.399390691        6607.11425
design2_rebuilt_mutated_A_80_LEU_relaxed.pdb   -9375.88974881069  7464.32296  5245.49318175089          -13103.9870624522           -10285.1493068424       6623.06738
design2_rebuilt_mutated_A_64_HIS_relaxed.pdb   -9375.66293868577  7489.03746  5259.04804128537          -13105.4588545006           -10237.2621134881       6669.16618
design2_rebuilt_mutated_A_48_ALA_relaxed.pdb   -9374.65074170101  7429.30974  5223.59651354943          -13043.0299810096           -10188.3148521359       6514.42542
design2_rebuilt_mutated_A_31_TYR_relaxed.pdb   -9372.54728115415  7468.1068   5248.98077757684          -13091.6407980207           -10206.2199248214       6511.74869
design2_rebuilt_mutated_A_71_HIS_relaxed.pdb   -9367.75021865185  7490.30717  5254.73580725787          -13085.8935860544           -10227.7440756275       6434.81395
design2_rebuilt_mutated_A_31_LEU_relaxed.pdb   -9367.0341733823   7460.60098  5249.66184749378          -13060.8066086908           -10224.2347703314       6385.00422
design2_rebuilt_mutated_A_33_GLU_relaxed.pdb   -9365.77528264175  7447.77047  5239.07444845403          -13028.0918800276           -10201.5877678363       6620.75792
design2_rebuilt_mutated_A_31_ALA_relaxed.pdb   -9363.19607605673  7419.4507   5221.25897839505          -13028.9654182829           -10227.9466298189       6410.84525
design2_rebuilt_mutated_A_70_GLU_relaxed.pdb   -9362.96604521197  7405.0021   5222.78960626495          -12983.2686154958           -10248.6598525563       6554.67311
design2_rebuilt_mutated_A_136_ASN_relaxed.pdb  -9362.81102852765  7466.51909  5247.39672146387          -13053.7009434504           -10267.949566233        6576.68185
design2_rebuilt_mutated_A_100_LEU_relaxed.pdb  -9362.70910619836  7498.28763  5245.37867237686          -13137.4890280939           -10245.7189269152       6648.73581
design2_rebuilt_mutated_A_86_ARG_relaxed.pdb   -9361.63859581569  7487.16716  5256.33705195352          -13071.2158475185           -10141.0292077544       6364.91382
design2_rebuilt_mutated_A_31_GLU_relaxed.pdb   -9360.78247287974  7465.38105  5239.33418301202          -13068.8326587155           -10197.7309248698       6487.80394
design2_rebuilt_mutated_A_45_ALA_relaxed.pdb   -9359.56805813481  7394.15114  5213.28247172572          -12974.7160624844           -10139.0367229433       6670.05068
design2_rebuilt_mutated_A_104_LEU_relaxed.pdb  -9357.50779123407  7505.79345  5264.29387097037          -13030.9837849863           -10247.3533868013       6331.81051
design2_rebuilt_mutated_A_102_TYR_relaxed.pdb  -9356.49456618295  7479.29131  5250.87983120578          -13113.0756838589           -10244.8725946431       6657.38685
design2_rebuilt_mutated_A_129_ARG_relaxed.pdb  -9356.28808058711  7456.91424  5239.62261030904          -13068.2131697429           -10290.56207369         6644.25495
design2_rebuilt_mutated_A_80_SER_relaxed.pdb   -9356.06970698294  7441.12715  5231.02541177219          -13051.0000887052           -10215.419946201        6419.35327
design2_rebuilt_mutated_A_63_SER_relaxed.pdb   -9356.06635590312  7404.72699  5228.29501328439          -12956.0474512873           -10177.5712949041       6496.28655
design2_rebuilt_mutated_A_129_TRP_relaxed.pdb  -9355.41342817594  7480.11319  5266.24024872486          -13013.4614776103           -10205.2241563946       6661.32685
design2_rebuilt_mutated_A_104_THR_relaxed.pdb  -9355.09910850615  7476.03343  5242.48779407093          -13079.2256037306           -10178.0082344499       6624.38901
design2_rebuilt_mutated_A_75_HIS_relaxed.pdb   -9354.38365694555  7466.1212   5242.15355573364          -13060.7580640715           -10209.3297747016       6505.3492
design2_rebuilt_mutated_A_132_LEU_relaxed.pdb  -9354.29168849678  7469.23485  5243.2069248257           -13052.4314831189           -10228.9263626905       6558.08583
design2_rebuilt_mutated_A_86_ASP_relaxed.pdb   -9353.66274056285  7461.81196  5240.40151970837          -13034.5443369931           -10168.2005685612       6519.07944
design2_rebuilt_mutated_A_49_ILE_relaxed.pdb   -9353.66202723198  7503.2775   5250.40874408031          -13098.7926652075           -10214.1623936949       6688.94848
design2_rebuilt_mutated_A_136_ILE_relaxed.pdb  -9352.50743074452  7494.16727  5271.01936347556          -13047.9153903636           -10244.1617765654       6537.47381
design2_rebuilt_mutated_A_79_GLN_relaxed.pdb   -9350.42388407961  7456.50049  5228.23076775687          -13091.5567183748           -10219.8488217143       6408.17662
design2_rebuilt_mutated_A_136_TYR_relaxed.pdb  -9348.07538989941  7484.15338  5259.98545089164          -13005.2091774423           -10214.8390701303       6589.46269
design2_rebuilt_mutated_A_125_HIS_relaxed.pdb  -9347.55824533203  7455.31581  5236.55269735419          -12978.5741270902           -10097.9498423507       6529.38799
design2_rebuilt_mutated_A_50_ALA_relaxed.pdb   -9346.78169361036  7420.88065  5214.47976270917          -13005.7593241202           -10212.2973707105       6546.17483
design2_rebuilt_mutated_A_125_ARG_relaxed.pdb  -9345.34828356402  7489.5936   5264.02268806975          -13022.3423747564           -10146.7333597501       6572.60947
design2_rebuilt_mutated_A_79_LEU_relaxed.pdb   -9340.03905741548  7474.12107  5241.77768938131          -13036.2766826489           -10204.243396985        6531.24459
design2_rebuilt_mutated_A_46_GLU_relaxed.pdb   -9339.90875862319  7458.40229  5226.90654572725          -13066.9686467137           -10149.7774632297       6509.12951
design2_rebuilt_mutated_A_44_ARG_relaxed.pdb   -9336.53784901812  7487.43072  5258.37402236418          -13056.8759252896           -10195.1904743703       6354.84417
design2_rebuilt_mutated_A_125_ILE_relaxed.pdb  -9335.59064568876  7462.32476  5250.8806633676           -12958.8838848507           -10216.2780653475       6583.05071
design2_rebuilt_mutated_A_100_GLN_relaxed.pdb  -9335.26186023674  7458.61632  5238.07751949404          -13014.1709879522           -10177.906047893        6560.6193
design2_rebuilt_mutated_A_125_ASN_relaxed.pdb  -9334.97270378707  7484.45636  5262.95713482357          -12992.2451099714           -10161.315208638        6470.49324
design2_rebuilt_mutated_A_46_CYS_relaxed.pdb   -9333.47491553154  7411.09708  5215.42525882073          -12979.1023312003           -10145.1352916067       6499.17776
design2_rebuilt_mutated_A_127_TYR_relaxed.pdb  -9332.73535914651  7448.10402  5228.25370586392          -13054.4966580229           -10164.3983047737       6422.03813
design2_rebuilt_mutated_A_163_ILE_relaxed.pdb  -9331.90611757613  7505.33651  5246.81350431699          -13114.8754529774           -10302.1399347932       6564.41016
design2_rebuilt_mutated_A_101_ARG_relaxed.pdb  -9330.78668709478  7485.58444  5272.89031219447          -13019.9409721883           -10157.4427203273       6477.1432
design2_rebuilt_mutated_A_123_ALA_relaxed.pdb  -9330.03522263964  7409.375    5223.46953646322          -12899.9330447952           -10098.3713133997       6465.73806
design2_rebuilt_mutated_A_9_MET_relaxed.pdb    -9328.26558224442  7454.71542  5223.92080445954          -13045.4849474681           -10236.9669798487       6479.32152
design2_rebuilt_mutated_A_35_PHE_relaxed.pdb   -9327.96116708108  7514.95723  5275.84738264667          -13032.4315260216           -10097.9309185992       6636.10873
design2_rebuilt_mutated_A_52_TRP_relaxed.pdb   -9326.73459042821  7493.71369  5273.58463744701          -13059.7076988235           -10236.9165026917       6617.34132
design2_rebuilt_mutated_A_46_TRP_relaxed.pdb   -9325.69191718737  7467.78654  5235.84496011262          -13037.7928082907           -10187.3847286187       6452.27947
design2_rebuilt_mutated_A_33_ASN_relaxed.pdb   -9325.34937432397  7456.10267  5237.68973457265          -13013.3928383986           -10178.1904550007       6645.35449
design2_rebuilt_mutated_A_80_GLY_relaxed.pdb   -9323.7535481394   7422.22028  5217.5291499074           -13002.1974516711           -10194.3641883612       6362.92472
design2_rebuilt_mutated_A_88_MET_relaxed.pdb   -9323.51183819717  7460.74319  5255.1223415145           -13001.223531705            -10241.5651220248       6559.67143
design2_rebuilt_mutated_A_79_TRP_relaxed.pdb   -9321.3444096254   7473.05858  5234.1136666599           -13007.4178323659           -10108.8478875913       6377.65782
design2_rebuilt_mutated_A_78_ILE_relaxed.pdb   -9321.32456850657  7462.24483  5238.02049641581          -13056.8179559444           -10151.0747662265       6506.69138
design2_rebuilt_mutated_A_33_ASP_relaxed.pdb   -9321.25229410704  7430.58601  5224.70188020111          -12976.3763103381           -10188.6942793087       6582.00316
design2_rebuilt_mutated_A_86_PHE_relaxed.pdb   -9321.10473233496  7466.25435  5239.91750361346          -12998.3927063522           -10124.86831968         6565.11055
design2_rebuilt_mutated_A_35_MET_relaxed.pdb   -9320.88303578342  7479.718    5237.57247305547          -13070.8166749256           -10160.5846293012       6598.11377
design2_rebuilt_mutated_A_123_PRO_relaxed.pdb  -9320.10530469462  7441.69502  5236.93425260024          -12972.2480047258           -10131.3183405644       6614.92574
design2_rebuilt_mutated_A_50_PHE_relaxed.pdb   -9319.84872044827  7425.17392  5218.8990639935           -12991.4722261261           -10199.3094585985       6476.9436
design2_rebuilt_mutated_A_79_PHE_relaxed.pdb   -9319.62443630897  7469.86544  5238.4534386079           -13041.9104715985           -10200.9878664147       6486.66062
design2_rebuilt_mutated_A_136_PRO_relaxed.pdb  -9318.04158260717  7464.18701  5238.07656313014          -13042.6026719211           -10208.9513938113       6461.27028
design2_rebuilt_mutated_A_123_TYR_relaxed.pdb  -9317.62337738584  7470.60783  5254.39928617745          -12985.2281326536           -10241.7661830002       6521.07447
design2_rebuilt_mutated_A_64_TYR_relaxed.pdb   -9315.93817913848  7508.29632  5250.84842115584          -13065.2337462395           -10182.9271508096       6354.50885
design2_rebuilt_mutated_A_50_LYS_relaxed.pdb   -9312.70224218509  7428.85482  5213.11513172992          -13011.0714546863           -10252.8289847908       6464.78615
design2_rebuilt_mutated_A_90_PHE_relaxed.pdb   -9311.69403085413  7489.74481  5267.10834350091          -13021.0113607318           -10109.3456586299       6560.88736
design2_rebuilt_mutated_A_80_GLU_relaxed.pdb   -9310.86365170208  7477.51242  5239.06927988029          -13087.7567832945           -10177.2196135388       6324.634
design2_rebuilt_mutated_A_48_VAL_relaxed.pdb   -9310.35749688398  7428.29048  5209.96757587902          -13020.0533001427           -10197.5840520203       6443.48113
design2_rebuilt_mutated_A_125_PHE_relaxed.pdb  -9308.72545493507  7460.90008  5244.28033757039          -12956.62186875             -10154.3503232353       6549.09046
design2_rebuilt_mutated_A_9_CYS_relaxed.pdb    -9307.53616693426  7454.05192  5233.48274864059          -13008.1127701885           -10161.1941142583       6668.02744
design2_rebuilt_mutated_A_86_HIS_relaxed.pdb   -9307.2796005265   7461.91813  5220.18029302033          -13047.3633787427           -10168.1491077312       6423.87413
design2_rebuilt_mutated_A_33_PHE_relaxed.pdb   -9306.53498178903  7450.16704  5240.6832624813           -12954.6328023161           -10159.4940118912       6546.95867
design2_rebuilt_mutated_A_76_LEU_relaxed.pdb   -9306.5243346314   7483.9509   5251.3904888476           -13028.6641618954           -10120.1072069824       6613.79746
design2_rebuilt_mutated_A_64_GLN_relaxed.pdb   -9306.4909363868   7505.1208   5246.54991660563          -13078.8806884826           -10239.2474449138       6452.9222
design2_rebuilt_mutated_A_78_PRO_relaxed.pdb   -9305.14022123411  7429.52777  5218.94998708636          -12975.143608862            -10097.3431383369       6552.9771
design2_rebuilt_mutated_A_60_PHE_relaxed.pdb   -9304.34538688032  7448.8824   5227.94098792855          -13005.7776381366           -10171.0535708513       6623.38175
design2_rebuilt_mutated_A_134_ASP_relaxed.pdb  -9304.31004193201  7435.12993  5228.8866988091           -12929.5653365646           -10083.8625156263       6408.99117
design2_rebuilt_mutated_A_90_CYS_relaxed.pdb   -9304.12529874916  7448.30063  5232.97292003049          -13022.6523378397           -10189.3698305381       6404.52012
design2_rebuilt_mutated_A_62_LEU_relaxed.pdb   -9302.6476946254   7462.86778  5235.00798170374          -13035.961826268            -10134.6631468352       6475.16621
design2_rebuilt_mutated_A_125_PRO_relaxed.pdb  -9302.59125977082  7448.94539  5237.17789556979          -12937.8919604163           -10163.1497986268       6470.79739
design2_rebuilt_mutated_A_86_ILE_relaxed.pdb   -9301.33893999725  7419.17844  5216.43641212074          -12990.1064751293           -10204.0973527276       6564.62633
design2_rebuilt_mutated_A_101_LEU_relaxed.pdb  -9301.29762025601  7468.05217  5224.43734537702          -13055.6410039379           -10152.7297829503       6528.84199
design2_rebuilt_mutated_A_62_SER_relaxed.pdb   -9300.21818443128  7461.75287  5235.04575224474          -12989.1240548127           -10149.7789201032       6484.50844
design2_rebuilt_mutated_A_33_ILE_relaxed.pdb   -9299.66476182947  7476.48249  5244.28339373445          -13040.5478992056           -10164.9910327017       6601.51008
design2_rebuilt_mutated_A_60_TYR_relaxed.pdb   -9299.61964143503  7449.92566  5228.0622306283           -13006.3060469803           -10136.1566458696       6547.23641
design2_rebuilt_mutated_A_104_MET_relaxed.pdb  -9298.95474755686  7516.95326  5263.94554563445          -13021.2293144157           -10184.9189948628       6331.27102
design2_rebuilt_mutated_A_76_ASP_relaxed.pdb   -9298.59638535082  7467.73272  5236.2447192014           -12991.3112439823           -10137.7668247023       6515.94525
design2_rebuilt_mutated_A_45_TYR_relaxed.pdb   -9296.74482342363  7447.10492  5209.04914722101          -13025.3302480915           -10200.2688286634       6519.05897
design2_rebuilt_mutated_A_9_PHE_relaxed.pdb    -9293.36907974994  7461.94597  5211.88175919861          -13052.9561338552           -10173.8166743394       6510.30811
design2_rebuilt_mutated_A_129_GLY_relaxed.pdb  -9291.67952422139  7437.16659  5223.46723815009          -13029.4495889086           -10147.7983860375       6448.74452
design2_rebuilt_mutated_A_45_GLY_relaxed.pdb   -9291.45522594323  7405.7517   5208.23125506862          -12953.973458445            -10077.6348305296       6393.16347
design2_rebuilt_mutated_A_90_VAL_relaxed.pdb   -9291.17730576297  7437.56695  5222.31382661034          -13011.3453656318           -10193.5225196525       6510.31268
design2_rebuilt_mutated_A_80_CYS_relaxed.pdb   -9290.49338294453  7461.00722  5227.50612004855          -13018.5545181486           -10083.1974495605       6387.07741
design2_rebuilt_mutated_A_9_ARG_relaxed.pdb    -9288.28054875219  7476.2865   5225.70779438682          -13050.7615272819           -10137.2685925766       6453.06813
design2_rebuilt_mutated_A_79_GLY_relaxed.pdb   -9288.19679179418  7454.05879  5228.99366333223          -13003.2914879506           -10114.4918966012       6420.66304
design2_rebuilt_mutated_A_75_ILE_relaxed.pdb   -9287.00751863232  7489.53125  5246.66155985165          -13044.6857727321           -10188.8716408453       6549.86846
design2_rebuilt_mutated_A_35_ASP_relaxed.pdb   -9286.72359799609  7476.86366  5237.91244778384          -13011.6735181501           -10122.0266074245       6343.71337
design2_rebuilt_mutated_A_73_ILE_relaxed.pdb   -9286.69874919658  7455.01782  5229.28521325282          -13002.2391923364           -10169.8279233289       6549.42219
design2_rebuilt_mutated_A_104_PHE_relaxed.pdb  -9286.66108236892  7518.3009   5269.82841684626          -13069.3940225447           -10131.3356186925       6729.33469
design2_rebuilt_mutated_A_134_SER_relaxed.pdb  -9286.05834023901  7415.59368  5211.87573407324          -12956.6743429508           -10075.2932250988       6621.39705
design2_rebuilt_mutated_A_49_ASN_relaxed.pdb   -9282.06357779579  7491.53571  5249.65168640024          -13033.3978179525           -10140.2865978304       6522.92905
design2_rebuilt_mutated_A_72_ASN_relaxed.pdb   -9280.10386877227  7405.2699   5209.14433831033          -12889.8624891882           -10058.216578496        6526.28058
design2_rebuilt_mutated_A_84_THR_relaxed.pdb   -9277.1848347949   7464.17279  5226.01914346847          -12996.8404074669           -10093.4406370735       6525.17585
design2_rebuilt_mutated_A_31_VAL_relaxed.pdb   -9277.10471296672  7432.24432  5204.56567045348          -12992.0122625447           -10065.019822976        6458.07274
design2_rebuilt_mutated_A_90_ASN_relaxed.pdb   -9274.89638777761  7443.87884  5218.15104177638          -12976.6402936906           -10111.8124298762       6637.21943
design2_rebuilt_mutated_A_84_TRP_relaxed.pdb   -9273.90937141757  7485.16012  5229.61323361942          -13015.8186516755           -10278.984826208        6611.31805
design2_rebuilt_mutated_A_73_ASN_relaxed.pdb   -9273.33798223254  7460.89584  5230.26926349839          -12968.4538993221           -10078.3384157696       6563.22374
design2_rebuilt_mutated_A_70_MET_relaxed.pdb   -9272.42952778664  7411.73621  5215.4638251719           -12952.0574000856           -10117.2660757742       6546.45313
design2_rebuilt_mutated_A_64_PRO_relaxed.pdb   -9271.58843097152  7456.45903  5232.87589444409          -12959.8444330705           -10105.0932803446       6581.4164
design2_rebuilt_mutated_A_46_ARG_relaxed.pdb   -9271.29128201945  7491.32836  5235.50818927658          -13080.5508506903           -10126.7727632937       6381.30875
design2_rebuilt_mutated_A_123_LEU_relaxed.pdb  -9270.78456533191  7480.78126  5247.93838946725          -12970.4718480275           -10111.081042704        6456.16635
design2_rebuilt_mutated_A_73_LEU_relaxed.pdb   -9270.27414947276  7472.38399  5234.32567510543          -13038.6448426934           -10154.4614250369       6530.45858
design2_rebuilt_mutated_A_100_SER_relaxed.pdb  -9269.19279268001  7452.63838  5221.78690043058          -13003.97082204             -10087.3689110045       6383.77233
design2_rebuilt_mutated_A_62_CYS_relaxed.pdb   -9268.73912561922  7453.63956  5228.04628249723          -12966.5606163533           -10151.6155486953       6582.58819
design2_rebuilt_mutated_A_104_GLY_relaxed.pdb  -9268.67797396119  7451.57307  5221.87781744897          -12990.7083590899           -10165.6220255439       6440.80945
design2_rebuilt_mutated_A_62_PHE_relaxed.pdb   -9268.535002938    7527.38255  5258.85217300055          -13060.8168305632           -10161.0583201835       6658.53081
design2_rebuilt_mutated_A_60_MET_relaxed.pdb   -9268.38108883215  7430.64197  5220.81118514158          -12937.8146744977           -10097.3720128195       6524.75941
design2_rebuilt_mutated_A_45_ASP_relaxed.pdb   -9266.37783511746  7435.8595   5210.92880999225          -12980.6328250967           -10160.752062403        6569.09724
design2_rebuilt_mutated_A_100_ARG_relaxed.pdb  -9265.43277447462  7504.76711  5254.77005775176          -13034.9482759354           -10220.8572568952       6503.2747
design2_rebuilt_mutated_A_33_CYS_relaxed.pdb   -9264.3755057171   7440.01658  5230.85768023338          -12936.5061782646           -10125.5159495319       6545.52514
design2_rebuilt_mutated_A_129_THR_relaxed.pdb  -9263.97182199894  7450.18837  5222.51778972102          -12954.7627411747           -10067.8239473322       6352.06024
design2_rebuilt_mutated_A_89_ARG_relaxed.pdb   -9263.01358662518  7449.8874   5218.28756536624          -12998.3544819144           -10144.1048375151       6608.93275
design2_rebuilt_mutated_A_50_CYS_relaxed.pdb   -9262.86523083255  7434.59304  5214.52527322518          -12959.1428841124           -10160.6912490751       6612.63401
design2_rebuilt_mutated_A_100_HIS_relaxed.pdb  -9261.27215798962  7496.47921  5246.38184688936          -12993.3944118651           -10086.8915346046       6529.53525
design2_rebuilt_mutated_A_78_GLN_relaxed.pdb   -9260.81953299383  7482.45321  5236.40966866986          -13038.3273775989           -10098.776565227        6620.62527
design2_rebuilt_mutated_A_101_ASN_relaxed.pdb  -9259.84307233226  7460.18477  5227.44769025232          -12995.2288907539           -10119.2001958855       6267.56161
design2_rebuilt_mutated_A_45_GLU_relaxed.pdb   -9259.25475212156  7473.58123  5222.62590226569          -13012.4622052254           -10024.650585465        6558.7199
design2_rebuilt_mutated_A_163_GLN_relaxed.pdb  -9258.82497598402  7482.07254  5224.10630605563          -13066.8428189112           -10178.5626047215       6354.76404
design2_rebuilt_mutated_A_70_ASP_relaxed.pdb   -9257.46546215567  7404.15113  5204.8974206844           -12902.4939550926           -10061.6695450275       6543.80042
design2_rebuilt_mutated_A_104_LYS_relaxed.pdb  -9256.88885798643  7503.11829  5246.55558520079          -12965.2932908935           -10100.4115598263       6400.30122
design2_rebuilt_mutated_A_64_THR_relaxed.pdb   -9254.46492691329  7454.88796  5230.31495442936          -12974.1109362796           -10109.2058349265       6609.10311
design2_rebuilt_mutated_A_134_GLY_relaxed.pdb  -9254.3422326195   7412.67476  5205.1991186813           -12931.327488187            -10089.7001209795       6450.66177
design2_rebuilt_mutated_A_123_MET_relaxed.pdb  -9253.10372177934  7481.29943  5231.21480758729          -12968.9932327341           -10135.6000847269       6436.28508
design2_rebuilt_mutated_A_64_CYS_relaxed.pdb   -9249.63083137238  7470.06115  5220.23777863585          -13040.8863532695           -10142.9429013572       6500.08158
design2_rebuilt_mutated_A_75_TYR_relaxed.pdb   -9249.12942715062  7479.90371  5231.19418234482          -13026.6126731823           -10143.0897149033       6588.0195
design2_rebuilt_mutated_A_70_GLY_relaxed.pdb   -9248.22346492353  7369.13379  5200.59151578954          -12827.2983170851           -10074.3529351446       6391.35948
design2_rebuilt_mutated_A_123_THR_relaxed.pdb  -9246.47651053516  7445.48093  5221.57453699823          -12943.7986345234           -10086.8723266211       6486.94205
design2_rebuilt_mutated_A_79_SER_relaxed.pdb   -9245.45285464391  7466.8566   5236.04195405687          -12967.0928713639           -10055.332099199        6397.44317
design2_rebuilt_mutated_A_86_THR_relaxed.pdb   -9244.86772614808  7452.22575  5222.04255422763          -12947.2166376076           -10072.4207910209       6489.85294
design2_rebuilt_mutated_A_136_MET_relaxed.pdb  -9244.73696997154  7482.12268  5242.80523660078          -12980.1912818639           -10155.1085261869       6339.52287
design2_rebuilt_mutated_A_74_TYR_relaxed.pdb   -9243.81301033853  7486.71602  5229.60636853523          -13049.8254781997           -10115.225912961        6513.16044
design2_rebuilt_mutated_A_70_CYS_relaxed.pdb   -9242.67347603655  7386.63853  5202.56526426812          -12875.2105251174           -10067.564391701        6591.62738
design2_rebuilt_mutated_A_62_LYS_relaxed.pdb   -9242.54586516315  7445.15872  5209.48536296989          -12937.7905532687           -10113.8270915266       6497.72621
design2_rebuilt_mutated_A_134_THR_relaxed.pdb  -9242.00279259912  7428.53601  5205.1638008821           -12945.026003801            -10082.1502542777       6509.60301
design2_rebuilt_mutated_A_49_PHE_relaxed.pdb   -9239.86204840296  7514.99438  5265.71177467925          -12960.6496176928           -10096.0520511213       6456.76351
design2_rebuilt_mutated_A_63_ASN_relaxed.pdb   -9239.43256951967  7446.34838  5206.95742063594          -12995.5824109849           -10137.6100694457       6449.50342
design2_rebuilt_mutated_A_50_ASP_relaxed.pdb   -9237.95609977149  7446.03307  5234.52119588073          -12887.2743406812           -10096.124653137        6552.22933
design2_rebuilt_mutated_A_104_ASP_relaxed.pdb  -9234.23700137822  7469.10215  5224.74181068533          -12966.4161914458           -10058.3390030627       6650.01415
design2_rebuilt_mutated_A_46_GLN_relaxed.pdb   -9234.03191929124  7431.86029  5220.55805719325          -12877.7629023354           -10044.5840866133       6522.46681
design2_rebuilt_mutated_A_102_ASN_relaxed.pdb  -9232.20703719374  7453.83448  5224.40906743276          -12983.3955786885           -10009.997565929        6805.05048
design2_rebuilt_mutated_A_134_ARG_relaxed.pdb  -9231.22959348868  7524.94944  5244.96953562999          -13041.6560766236           -10143.2503309948       6632.23294
design2_rebuilt_mutated_A_104_PRO_relaxed.pdb  -9230.45205831907  7467.20384  5237.04859775556          -12945.7198623736           -10108.3835149915       6312.23442
design2_rebuilt_mutated_A_78_HIS_relaxed.pdb   -9229.7353846804   7466.72761  5213.76901565322          -12986.149374001            -10076.6883205715       6519.34998
design2_rebuilt_mutated_A_126_GLN_relaxed.pdb  -9229.67982659211  7472.98272  5234.24052568086          -12974.7966551854           -10082.920240658        6473.41456
design2_rebuilt_mutated_A_89_ILE_relaxed.pdb   -9229.15925429904  7474.49327  5232.61848289698          -12946.5516723647           -9987.48786078598       6343.70316
design2_rebuilt_mutated_A_123_TRP_relaxed.pdb  -9228.93696268096  7476.03943  5239.35249373157          -12937.3656438135           -10062.9025000525       6621.25665
design2_rebuilt_mutated_A_33_SER_relaxed.pdb   -9228.68486748262  7439.73548  5227.16985942561          -12899.7394216952           -10039.2409463539       6626.58078
design2_rebuilt_mutated_A_60_TRP_relaxed.pdb   -9228.63326585472  7458.24103  5230.55573840419          -12923.4238723077           -10139.5037797832       6484.05015
design2_rebuilt_mutated_A_9_ASN_relaxed.pdb    -9228.05217104413  7467.42329  5232.88713837659          -12991.6252777046           -10145.7895745439       6610.58009
design2_rebuilt_mutated_A_45_PRO_relaxed.pdb   -9227.8076367162   7414.06578  5196.34608787205          -12891.7469858189           -9946.18773449028       6356.63591
design2_rebuilt_mutated_A_70_SER_relaxed.pdb   -9227.13858312038  7380.69486  5200.89162559189          -12829.1801695433           -10076.8442642333       6561.89101
design2_rebuilt_mutated_A_84_VAL_relaxed.pdb   -9226.87506720243  7444.94257  5210.93085865228          -12930.7948904571           -10050.2165249488       6561.0218
design2_rebuilt_mutated_A_132_ASN_relaxed.pdb  -9226.64170898364  7472.18804  5220.9808554264           -12982.1305987798           -10063.4551111378       6331.07913
design2_rebuilt_mutated_A_62_GLU_relaxed.pdb   -9224.00086734857  7457.77352  5216.3761441089           -12977.0603189098           -10069.2986654492       6640.02978
design2_rebuilt_mutated_A_100_ALA_relaxed.pdb  -9223.28384236185  7445.67442  5205.41834366326          -12969.6527645936           -10078.1198802016       6457.40236
design2_rebuilt_mutated_A_64_LYS_relaxed.pdb   -9219.16822842112  7485.93242  5247.58935869819          -12921.9113700136           -10034.0375423476       6716.79964
design2_rebuilt_mutated_A_46_ASN_relaxed.pdb   -9218.5211240911   7438.41913  5202.28949004682          -12937.4135549673           -10050.742655164        6348.75347
design2_rebuilt_mutated_A_90_ILE_relaxed.pdb   -9218.28417420822  7464.60703  5221.44965727685          -12952.011005564            -10059.5544034321       6502.13872
design2_rebuilt_mutated_A_102_LEU_relaxed.pdb  -9217.60533838368  7497.10382  5258.90799157649          -12927.2900747481           -10096.8547718416       6375.34132
design2_rebuilt_mutated_A_78_ARG_relaxed.pdb   -9216.10399225183  7491.34099  5242.17283815586          -12951.8102311597           -10081.907600427        6685.18335
design2_rebuilt_mutated_A_48_TRP_relaxed.pdb   -9215.87348600682  7483.60997  5239.25785552534          -12967.1403432468           -10068.3849283616       6554.95461
design2_rebuilt_mutated_A_77_TRP_relaxed.pdb   -9215.81134181311  7532.98909  5230.09768989317          -13095.5477618006           -10080.138781726        6431.75818
design2_rebuilt_mutated_A_75_GLU_relaxed.pdb   -9215.59125295177  7462.71384  5218.25914276412          -12971.0479078628           -10084.3040023853       6283.6792
design2_rebuilt_mutated_A_86_VAL_relaxed.pdb   -9214.71793734164  7453.56167  5216.75612214439          -12927.4536153809           -10114.8472379312       6465.1614
design2_rebuilt_mutated_A_48_LYS_relaxed.pdb   -9214.25653211527  7456.40322  5212.24168247844          -12959.6118172183           -10068.4629988034       6689.34193
design2_rebuilt_mutated_A_9_TYR_relaxed.pdb    -9213.4484777454   7468.8946   5207.70807725717          -13013.5178924758           -10120.7140853942       6501.74553
design2_rebuilt_mutated_A_77_GLN_relaxed.pdb   -9213.35913661617  7447.62415  5212.54539606566          -12959.7690453428           -10037.3130746868       6616.6403
design2_rebuilt_mutated_A_62_TRP_relaxed.pdb   -9212.97458060658  7510.23642  5234.58163380358          -13044.1842755009           -10126.8272171163       6655.05004
design2_rebuilt_mutated_A_45_HIS_relaxed.pdb   -9212.34183501188  7472.15461  5206.92835578126          -13001.2196256738           -10135.6407077771       6435.32132
design2_rebuilt_mutated_A_127_TRP_relaxed.pdb  -9212.32394101919  7509.28457  5253.10950189281          -12997.2755014388           -10159.9826043745       6450.95353
design2_rebuilt_mutated_A_75_MET_relaxed.pdb   -9211.4659744329   7482.66348  5239.15937518572          -12974.2637909742           -10023.9530772876       6579.52944
design2_rebuilt_mutated_A_73_SER_relaxed.pdb   -9211.37584304556  7443.22484  5209.12961351277          -12928.6821545117           -10082.9661019327       6457.66263
design2_rebuilt_mutated_A_101_HIS_relaxed.pdb  -9210.20050131311  7476.30564  5229.44609131841          -12967.8044593619           -10101.8095430234       6483.13243
design2_rebuilt_mutated_A_136_ASP_relaxed.pdb  -9208.09761332563  7469.04621  5237.26527487834          -12908.5895644277           -10061.8384482243       6324.60293
design2_rebuilt_mutated_A_79_HIS_relaxed.pdb   -9206.66505180111  7439.96167  5194.68386699764          -12982.1914607864           -10099.1589457431       6223.53968
design2_rebuilt_mutated_A_49_CYS_relaxed.pdb   -9206.35627817125  7470.02843  5227.21948014751          -12977.5149906046           -10128.7991878332       6617.7552
design2_rebuilt_mutated_A_49_LEU_relaxed.pdb   -9205.80854164804  7490.89661  5229.91144520293          -12946.672343771            -10034.2175094185       6615.5603
design2_rebuilt_mutated_A_84_PRO_relaxed.pdb   -9205.24532968796  7459.55019  5219.4670466978           -12965.5505832889           -10037.0647857995       6348.85976
design2_rebuilt_mutated_A_46_PHE_relaxed.pdb   -9204.61684004748  7416.08259  5178.08163187084          -12953.6125397997           -10055.7178392939       6370.27702
design2_rebuilt_mutated_A_101_ASP_relaxed.pdb  -9202.57150480833  7455.54878  5218.9502115732           -12941.930111824            -10108.821965018        6372.67299
design2_rebuilt_mutated_A_9_LEU_relaxed.pdb    -9201.60490183406  7469.55318  5225.72838509506          -12934.2620465619           -10031.6018411382       6490.93019
design2_rebuilt_mutated_A_126_THR_relaxed.pdb  -9201.25879735521  7457.32849  5201.39490859842          -12925.6479675672           -10068.791658062        6319.79509
design2_rebuilt_mutated_A_49_ASP_relaxed.pdb   -9200.09011943784  7464.46635  5227.69267181476          -12944.7717903117           -10050.3591572056       6346.2345
design2_rebuilt_mutated_A_163_GLY_relaxed.pdb  -9199.99244168595  7419.51712  5200.33909107745          -12900.0611863346           -10067.5533879234       6416.40265
design2_rebuilt_mutated_A_164_HIS_relaxed.pdb  -9199.72235932325  7462.48791  5213.64053205247          -12983.1436862583           -10095.382569175        6325.29241
design2_rebuilt_mutated_A_73_GLY_relaxed.pdb   -9199.28995989472  7446.96689  5207.9793781325           -12897.5070594495           -10021.9794373417       6494.14612
design2_rebuilt_mutated_A_77_ALA_relaxed.pdb   -9199.07566999697  7436.10734  5196.2229957084           -12935.1604534746           -10092.0214289461       6473.19972
design2_rebuilt_mutated_A_136_LYS_relaxed.pdb  -9198.42727464095  7480.46202  5216.30712773031          -12948.7416231805           -10102.4598959617       6487.61303
design2_rebuilt_mutated_A_50_VAL_relaxed.pdb   -9196.05128599763  7425.81284  5191.34343617811          -12929.5888413114           -10077.1369989793       6573.30591
design2_rebuilt_mutated_A_123_GLN_relaxed.pdb  -9194.01714038566  7440.15068  5214.49088500504          -12841.0482966668           -9993.48883806797       6568.93717
design2_rebuilt_mutated_A_9_SER_relaxed.pdb    -9193.50592443969  7438.81915  5202.79065546777          -12914.2181623755           -10077.302635289        6644.81082
design2_rebuilt_mutated_A_60_PRO_relaxed.pdb   -9193.06571135839  7430.92739  5211.40365723491          -12918.4526870017           -10029.5379421903       6495.92711
design2_rebuilt_mutated_A_134_ILE_relaxed.pdb  -9192.75788205119  7445.26102  5213.41331517968          -12910.0252433657           -10074.5859915534       6600.3916
design2_rebuilt_mutated_A_134_LEU_relaxed.pdb  -9190.83158342255  7465.01465  5220.95425228208          -12927.1064215601           -10064.2602798805       6462.04763
design2_rebuilt_mutated_A_64_VAL_relaxed.pdb   -9190.20749509791  7465.45638  5221.66566123449          -12899.5962239382           -10052.0372554791       6569.18833
design2_rebuilt_mutated_A_44_LEU_relaxed.pdb   -9189.77692850529  7483.3178   5228.05895805366          -13004.9331090914           -10085.4097296766       6514.90083
design2_rebuilt_mutated_A_126_VAL_relaxed.pdb  -9189.77555926623  7444.83605  5208.006792032            -12891.3190008568           -10014.647168669        6424.07889
design2_rebuilt_mutated_A_63_GLU_relaxed.pdb   -9189.71394647022  7449.61451  5202.42605060551          -12936.0899023593           -10072.7067044711       6426.57867
design2_rebuilt_mutated_A_48_ARG_relaxed.pdb   -9189.01135373745  7459.61394  5211.78587240792          -12929.5554518151           -10009.7832746317       6715.50362
design2_rebuilt_mutated_A_84_SER_relaxed.pdb   -9188.20814637996  7454.33757  5199.75985624351          -13002.60729849             -10022.5086462685       6658.91071
design2_rebuilt_mutated_A_71_ILE_relaxed.pdb   -9188.11580720976  7480.89132  5211.09540832048          -12956.3455430039           -10059.9886816209       6550.30546
design2_rebuilt_mutated_A_64_PHE_relaxed.pdb   -9187.5232984808   7494.47571  5220.84165169706          -12990.8261290116           -10060.0693102812       6466.51186
design2_rebuilt_mutated_A_126_ASP_relaxed.pdb  -9186.45128151261  7462.74091  5211.28902281295          -12928.5570491055           -10021.2186743509       6468.23671
design2_rebuilt_mutated_A_129_HIS_relaxed.pdb  -9183.69233746515  7468.44586  5221.88594411398          -12947.0088492079           -10060.9007253657       6473.7384
design2_rebuilt_mutated_A_102_ILE_relaxed.pdb  -9183.45745317385  7479.7343   5225.02635781019          -12963.8265338258           -10062.5967829093       6397.03253
design2_rebuilt_mutated_A_84_LEU_relaxed.pdb   -9182.74000705735  7463.65449  5223.60695273125          -12895.5567434236           -9986.28626373307       6506.34458
design2_rebuilt_mutated_A_164_PHE_relaxed.pdb  -9182.53988810412  7469.41914  5211.17637714164          -12962.9711249961           -10109.7915877728       6638.47905
design2_rebuilt_mutated_A_88_TRP_relaxed.pdb   -9181.82016486029  7471.85214  5225.22825791896          -12940.6708962742           -10012.449465153        6658.40468
design2_rebuilt_mutated_A_44_PRO_relaxed.pdb   -9180.93972554249  7463.23197  5218.16559763056          -12927.3565658164           -9979.75509185824       6309.89031
design2_rebuilt_mutated_A_35_TRP_relaxed.pdb   -9180.88483442392  7491.13877  5220.20908185444          -12955.7557436048           -9981.51681434763       6551.16233
design2_rebuilt_mutated_A_44_TYR_relaxed.pdb   -9179.98537641463  7518.34346  5246.98711196511          -12964.0729262302           -10059.2091352285       6404.14215
design2_rebuilt_mutated_A_64_ARG_relaxed.pdb   -9178.79787830411  7493.64351  5242.55243316419          -12919.489704099            -9984.97855726678       6507.1772
design2_rebuilt_mutated_A_125_LEU_relaxed.pdb  -9178.63792322734  7467.42519  5228.30243366759          -12877.0394850355           -10083.4074038735       6406.68187
design2_rebuilt_mutated_A_50_ARG_relaxed.pdb   -9178.30391565895  7482.20249  5211.42383713233          -12996.7609844823           -10039.0125643203       6440.09524
design2_rebuilt_mutated_A_50_GLN_relaxed.pdb   -9177.48362831213  7492.2218   5233.29825245756          -12917.9299826336           -10011.250991298        6544.23215
design2_rebuilt_mutated_A_79_ARG_relaxed.pdb   -9177.22591919488  7496.83609  5226.90288445755          -13017.4173800956           -10084.2935826136       6409.69937
design2_rebuilt_mutated_A_136_CYS_relaxed.pdb  -9176.785024834    7468.18785  5224.90030094109          -12885.6528028766           -10066.23687871         6406.63668
design2_rebuilt_mutated_A_90_TYR_relaxed.pdb   -9175.1717401419   7489.16036  5243.25970482815          -12881.6664752617           -10028.7182757503       6656.5776
design2_rebuilt_mutated_A_33_LYS_relaxed.pdb   -9172.7718451515   7458.86056  5218.59234439846          -12897.0873900699           -10038.6362836168       6574.73419
design2_rebuilt_mutated_A_31_SER_relaxed.pdb   -9171.8823153752   7421.88726  5201.19798933394          -12868.4758549569           -10063.8491322492       6504.91146
design2_rebuilt_mutated_A_50_ASN_relaxed.pdb   -9171.34838955789  7428.80663  5200.2006824986           -12887.4313740339           -10062.0196276487       6555.01778
design2_rebuilt_mutated_A_48_MET_relaxed.pdb   -9171.24544068432  7435.22978  5194.22032765511          -12906.9319402209           -10000.3755987166       6455.04258
design2_rebuilt_mutated_A_79_ILE_relaxed.pdb   -9169.84653521662  7439.17517  5186.21781038958          -12943.9700601541           -10025.6334089061       6369.64684
design2_rebuilt_mutated_A_64_ALA_relaxed.pdb   -9169.66797209674  7467.41565  5219.84971209658          -12930.3090581497           -10050.8515009338       6573.62431
design2_rebuilt_mutated_A_62_GLY_relaxed.pdb   -9168.33464914734  7454.34647  5201.64859465049          -12928.5475578075           -10044.1832706908       6527.94603
design2_rebuilt_mutated_A_64_ASP_relaxed.pdb   -9168.25911790519  7495.22709  5237.89546989698          -12946.0299674509           -10016.3380382236       6476.03043
design2_rebuilt_mutated_A_127_ARG_relaxed.pdb  -9168.12390119467  7495.35916  5236.54383096516          -12970.5964439246           -10047.5814035119       6566.35568
design2_rebuilt_mutated_A_134_ALA_relaxed.pdb  -9167.65776915744  7409.54129  5190.74730325798          -12865.0542561783           -9937.28156743402       6508.15553
design2_rebuilt_mutated_A_86_GLN_relaxed.pdb   -9167.64091728539  7455.06264  5223.95489283974          -12877.1326807742           -9991.54210926617       6591.03439
design2_rebuilt_mutated_A_70_ILE_relaxed.pdb   -9167.43200477586  7399.84576  5197.94037762177          -12811.242157651            -9991.74934318517       6655.89681
design2_rebuilt_mutated_A_79_PRO_relaxed.pdb   -9166.43472712405  7445.60006  5206.77695518714          -12925.2315683731           -10034.9324738879       6381.45074
design2_rebuilt_mutated_A_9_ALA_relaxed.pdb    -9165.910701518    7459.63379  5206.70059510235          -12935.7350491072           -10040.7928822583       6678.47235
design2_rebuilt_mutated_A_88_TYR_relaxed.pdb   -9164.69844507974  7448.66072  5217.96206443284          -12918.8342238482           -10115.8200773506       6578.7276
design2_rebuilt_mutated_A_35_CYS_relaxed.pdb   -9164.39478255922  7478.28587  5215.02897204573          -12947.1662553749           -10000.1341118349       6462.23489
design2_rebuilt_mutated_A_89_GLN_relaxed.pdb   -9164.21736328315  7430.4416   5212.96020072643          -12855.3326677954           -10103.0863028689       6629.21749
design2_rebuilt_mutated_A_71_PRO_relaxed.pdb   -9163.38221951912  7433.08318  5205.476219286            -12820.3340975721           -9967.58224523647       6625.83486
design2_rebuilt_mutated_A_63_ALA_relaxed.pdb   -9162.75332117227  7406.95349  5184.95207491639          -12900.3939190578           -10027.6669243381       6468.99763
design2_rebuilt_mutated_A_64_TRP_relaxed.pdb   -9162.52945242284  7492.26209  5228.17318664505          -12944.5929156926           -10033.5479675512       6588.41293
design2_rebuilt_mutated_A_60_CYS_relaxed.pdb   -9161.36349015453  7461.62399  5208.18529119415          -12939.0120088225           -10088.6280123347       6671.90746
design2_rebuilt_mutated_A_63_GLY_relaxed.pdb   -9160.79233501024  7376.16956  5174.49906712093          -12840.830407485            -10031.0049014039       6304.36533
design2_rebuilt_mutated_A_134_HIS_relaxed.pdb  -9160.30879217517  7454.20721  5210.30195987828          -12921.4496425895           -10088.3579413813       6495.75024
design2_rebuilt_mutated_A_50_ILE_relaxed.pdb   -9160.14578524029  7445.25165  5212.07884604299          -12889.694639539            -10039.0369252009       6490.67054
design2_rebuilt_mutated_A_80_GLN_relaxed.pdb   -9159.92321603043  7481.76915  5216.33120232722          -12970.2868562393           -10013.9034389114       6379.45209
design2_rebuilt_mutated_A_123_VAL_relaxed.pdb  -9159.1919598043   7420.41576  5190.54716159072          -12849.7559594857           -10012.8147579966       6508.24858
design2_rebuilt_mutated_A_64_ASN_relaxed.pdb   -9159.1327493901   7482.2151   5210.28161301868          -12997.6970498351           -10073.1309714263       6506.4718
design2_rebuilt_mutated_A_33_THR_relaxed.pdb   -9158.68409483119  7433.67891  5199.86945955507          -12862.7393332943           -10045.4219755909       6600.26141
design2_rebuilt_mutated_A_72_ILE_relaxed.pdb   -9158.54526435149  7443.06619  5201.93627243647          -12939.3570758642           -9924.2775297035        6558.50954
design2_rebuilt_mutated_A_45_ILE_relaxed.pdb   -9156.72485088323  7442.80746  5213.04976726902          -12840.4889192831           -9977.57892782204       6460.81636
design2_rebuilt_mutated_A_164_ALA_relaxed.pdb  -9155.74854388911  7476.32993  5218.13788082382          -12942.6147876057           -10063.5842364981       6502.36832
design2_rebuilt_mutated_A_89_CYS_relaxed.pdb   -9155.04663908075  7480.96243  5223.78427977656          -12921.0791602311           -10000.0375283927       6491.02494
design2_rebuilt_mutated_A_50_LEU_relaxed.pdb   -9153.87259701782  7451.41162  5220.02173403074          -12891.5828942407           -10034.2609733008       6495.53573
design2_rebuilt_mutated_A_89_TRP_relaxed.pdb   -9152.84309316943  7507.69106  5241.81897503037          -12930.3451605852           -10006.3428854347       6540.28387
design2_rebuilt_mutated_A_74_HIS_relaxed.pdb   -9152.46689304688  7464.06     5213.49920809364          -12886.2082704125           -10032.2030096793       6481.02184
design2_rebuilt_mutated_A_77_LEU_relaxed.pdb   -9152.43707664431  7467.65861  5219.93488788932          -12901.5747221411           -10042.5753334439       6470.54329
design2_rebuilt_mutated_A_88_ASN_relaxed.pdb   -9151.85490813464  7468.16294  5206.53494550335          -12936.941574359            -10024.4514596855       6454.50517
design2_rebuilt_mutated_A_9_LYS_relaxed.pdb    -9150.21868434673  7457.82256  5205.27707395508          -12913.6080793208           -9994.94240386463       6658.15994
design2_rebuilt_mutated_A_73_LYS_relaxed.pdb   -9149.77681855928  7465.30487  5210.66371554457          -12893.2384904281           -9968.31381653868       6539.42296
design2_rebuilt_mutated_A_100_THR_relaxed.pdb  -9149.07385493863  7451.06012  5196.99886685132          -12909.7025438697           -10047.4486259646       6461.96567
design2_rebuilt_mutated_A_52_LYS_relaxed.pdb   -9148.94599445668  7442.30947  5194.88109185728          -12889.6298835449           -10016.4104693183       6590.42051
design2_rebuilt_mutated_A_49_THR_relaxed.pdb   -9148.5673802195   7471.86838  5220.01805638817          -12937.5161235242           -10095.6240965168       6372.17558
design2_rebuilt_mutated_A_44_THR_relaxed.pdb   -9148.35288417454  7455.50389  5196.2151933134           -12924.9562008225           -10041.8196075646       6326.3205
design2_rebuilt_mutated_A_127_LYS_relaxed.pdb  -9147.93227642045  7484.20551  5219.79027006158          -12980.5912308836           -10060.7828987429       6529.65221
design2_rebuilt_mutated_A_35_ILE_relaxed.pdb   -9147.8104178419   7500.59518  5234.38807541886          -12930.8391441409           -10003.08056485         6522.35478
design2_rebuilt_mutated_A_63_PRO_relaxed.pdb   -9147.25088939303  7439.30812  5214.9659033319           -12841.2504472312           -9990.05426232347       6351.1058
design2_rebuilt_mutated_A_163_MET_relaxed.pdb  -9146.19446577038  7502.63102  5222.33987410632          -12995.1958431161           -10022.1382191268       6376.17945
design2_rebuilt_mutated_A_123_ILE_relaxed.pdb  -9146.06690712775  7449.5529   5210.09573111625          -12876.1842559709           -9972.96198759136       6580.34241
design2_rebuilt_mutated_A_75_ALA_relaxed.pdb   -9145.75659098846  7451.02473  5204.27390767386          -12871.5638367638           -9963.76727960321       6457.01102
design2_rebuilt_mutated_A_100_PHE_relaxed.pdb  -9145.61452802045  7490.64117  5237.51438091623          -12922.4652251114           -10077.1834635367       6596.40064
design2_rebuilt_mutated_A_73_VAL_relaxed.pdb   -9145.43239341076  7475.28483  5214.34086727144          -12948.5603694805           -10108.857894459        6434.79168
design2_rebuilt_mutated_A_45_PHE_relaxed.pdb   -9145.10026515852  7460.33292  5196.81568500862          -12932.0808604775           -9981.84901397346       6426.39219
design2_rebuilt_mutated_A_123_ASN_relaxed.pdb  -9144.94109787101  7433.66228  5207.97903007438          -12838.419223692            -9981.78659815504       6598.07781
design2_rebuilt_mutated_A_9_ILE_relaxed.pdb    -9144.59047817598  7457.62528  5200.44645194581          -12909.8096384364           -9993.18552082434       6516.23871
design2_rebuilt_mutated_A_102_PHE_relaxed.pdb  -9143.74969624228  7467.07369  5217.55043294779          -12942.2084733197           -10050.7270522421       6576.49063
design2_rebuilt_mutated_A_33_GLY_relaxed.pdb   -9143.7193480433   7426.44834  5190.95966175269          -12873.474423015            -10055.89468826         6583.84786
design2_rebuilt_mutated_A_136_VAL_relaxed.pdb  -9143.44767358321  7462.97531  5221.99213453032          -12862.552127813            -10042.8707873927       6579.54175
design2_rebuilt_mutated_A_48_SER_relaxed.pdb   -9143.39191799962  7431.89092  5187.38909950719          -12911.0180230748           -10075.7925963099       6590.31269
design2_rebuilt_mutated_A_101_GLN_relaxed.pdb  -9143.23772076315  7464.96588  5225.5990552366           -12872.8024379084           -9941.38040188451       6562.20023
design2_rebuilt_mutated_A_75_LEU_relaxed.pdb   -9142.84444959298  7477.34058  5225.2117234819           -12908.7779124911           -10072.2197322424       6626.10721
design2_rebuilt_mutated_A_88_PRO_relaxed.pdb   -9142.71002234383  7419.59805  5207.05294648183          -12827.0686345565           -10067.3478112499       6571.16139
design2_rebuilt_mutated_A_126_ILE_relaxed.pdb  -9142.6954035368   7473.74603  5202.94173588156          -12986.0486978544           -10020.4309945593       6315.16427
design2_rebuilt_mutated_A_48_GLY_relaxed.pdb   -9141.6257747559   7458.75576  5205.0329322122           -12944.1958433833           -10032.823895095        6478.60265
design2_rebuilt_mutated_A_35_HIS_relaxed.pdb   -9141.45566834658  7477.71434  5210.61424054826          -12944.0326113679           -10004.0269761186       6601.2358
design2_rebuilt_mutated_A_71_MET_relaxed.pdb   -9141.20015895323  7493.99707  5227.71647688078          -12914.4538819516           -9959.53338353119       6526.43281
design2_rebuilt_mutated_A_90_GLN_relaxed.pdb   -9140.14258588882  7480.87536  5224.97503689534          -12926.6239172917           -10085.9030785422       6563.81157
design2_rebuilt_mutated_A_86_MET_relaxed.pdb   -9139.2235401676   7475.44252  5228.97171775309          -12856.6147317693           -10005.3890115292       6494.88828
design2_rebuilt_mutated_A_46_LEU_relaxed.pdb   -9138.88095804058  7445.83155  5215.66290735219          -12840.7571961172           -10045.0826373601       6511.26735
design2_rebuilt_mutated_A_45_VAL_relaxed.pdb   -9138.82784976945  7423.12282  5191.15882156449          -12851.9983272723           -9983.83206590776       6634.93276
design2_rebuilt_mutated_A_70_VAL_relaxed.pdb   -9138.7033787365   7398.20132  5178.10846377482          -12815.8902218566           -9963.95032063658       6575.54818
design2_rebuilt_mutated_A_78_ASP_relaxed.pdb   -9138.62302182989  7452.77124  5207.46811187764          -12878.8947846004           -10055.6060139481       6610.61316
design2_rebuilt_relaxed.pdb                    -9136.1170042292   7464.09487  5204.12586886227          -12928.1077432184           -10043.8408284319       6464.04324
design2_rebuilt_mutated_A_100_ASN_relaxed.pdb  -9134.86416269196  7467.97221  5204.86365881465          -12932.8987941889           -10047.1868616156       6380.53522
design2_rebuilt_mutated_A_90_THR_relaxed.pdb   -9134.57398479034  7416.3825   5191.78916304589          -12862.2103561648           -10042.3504471359       6404.73079
design2_rebuilt_mutated_A_49_PRO_relaxed.pdb   -9133.0604629822   7481.87014  5212.54089533508          -12957.8206128598           -10065.2825567913       6501.79115
design2_rebuilt_mutated_A_78_MET_relaxed.pdb   -9132.22372904314  7464.92252  5213.58383833053          -12865.923536192            -10014.0567166992       6574.42294
design2_rebuilt_mutated_A_77_LYS_relaxed.pdb   -9127.65562822327  7467.17125  5201.87175674881          -12968.0465833279           -10039.2885615059       6395.42663
design2_rebuilt_mutated_A_60_GLY_relaxed.pdb   -9127.45205484447  7419.08812  5188.77138394212          -12861.8082660035           -9972.66742996992       6621.28081
design2_rebuilt_mutated_A_46_ILE_relaxed.pdb   -9127.12082117663  7443.61386  5205.66126477314          -12848.8688039755           -9974.87988314671       6409.53746
design2_rebuilt_mutated_A_77_ASN_relaxed.pdb   -9127.04339977059  7442.2254   5196.96723662892          -12869.860954276            -10012.4153406708       6253.77394
design2_rebuilt_mutated_A_70_GLN_relaxed.pdb   -9126.72678515801  7393.5248   5182.29302617427          -12824.2334731666           -10028.7053017854       6559.88819
design2_rebuilt_mutated_A_74_ASN_relaxed.pdb   -9125.87334153385  7403.2661   5176.81806142083          -12811.8481165594           -10004.9320137094       6391.82423
design2_rebuilt_mutated_A_127_THR_relaxed.pdb  -9125.79333484416  7423.18982  5201.32445146389          -12817.0767836185           -9937.81712415973       6420.82039
design2_rebuilt_mutated_A_35_GLY_relaxed.pdb   -9125.50186058845  7429.94785  5182.60899746296          -12875.3355326812           -9947.74999239452       6573.99799
design2_rebuilt_mutated_A_78_GLY_relaxed.pdb   -9125.42946787977  7441.83162  5200.84806065883          -12864.2744138532           -9921.99059279426       6627.37282
design2_rebuilt_mutated_A_125_GLU_relaxed.pdb  -9124.46535949934  7460.02518  5222.92113485492          -12825.7548304544           -9874.73595101622       6582.68404
design2_rebuilt_mutated_A_64_MET_relaxed.pdb   -9124.40558154725  7491.7756   5211.10139219335          -12926.7279497715           -10031.9908673957       6646.0208
design2_rebuilt_mutated_A_84_GLN_relaxed.pdb   -9124.19040440355  7469.5615   5214.38143877234          -12874.7311746915           -9984.11449009782       6574.08985
design2_rebuilt_mutated_A_46_PRO_relaxed.pdb   -9123.72449743018  7421.96862  5191.77127268174          -12861.7055271758           -9967.94045645449       6451.47697
design2_rebuilt_mutated_A_49_SER_relaxed.pdb   -9123.55503812058  7471.30915  5213.95712980196          -12937.5312215002           -10051.7132339207       6502.42454
design2_rebuilt_mutated_A_75_GLN_relaxed.pdb   -9119.75838920672  7469.05654  5211.2573508923           -12892.5825066592           -9995.42298867793       6621.43626
design2_rebuilt_mutated_A_90_GLU_relaxed.pdb   -9119.06360811605  7467.35798  5232.14488472668          -12822.5637801938           -9979.47657396506       6592.57871
design2_rebuilt_mutated_A_125_LYS_relaxed.pdb  -9115.60550767707  7491.28166  5216.36747587532          -12881.2115147506           -9905.06469326818       6642.33911
design2_rebuilt_mutated_A_64_GLU_relaxed.pdb   -9113.72250025149  7485.97815  5209.56571301782          -12961.0196541757           -9998.50487347823       6616.16886
design2_rebuilt_mutated_A_76_GLN_relaxed.pdb   -9113.38568279833  7464.94939  5212.51410822628          -12873.859357703            -9960.12957992242       6322.00638
design2_rebuilt_mutated_A_44_PHE_relaxed.pdb   -9112.74711748087  7514.90619  5232.83857718623          -12917.2298977169           -9972.21185135967       6435.98993
design2_rebuilt_mutated_A_70_LEU_relaxed.pdb   -9111.58206079158  7404.83256  5197.81658999877          -12774.1663907563           -9933.77471201195       6643.44996
design2_rebuilt_mutated_A_76_ILE_relaxed.pdb   -9110.44868687096  7471.20362  5213.38771042845          -12867.0854157744           -9926.38674134969       6413.12865
design2_rebuilt_mutated_A_136_PHE_relaxed.pdb  -9109.96416803879  7493.36647  5227.19565374724          -12793.8584793095           -9904.91659499311       6380.61961
design2_rebuilt_mutated_A_35_ALA_relaxed.pdb   -9109.96204443554  7446.53637  5191.99720862886          -12863.3156277938           -9966.01632222985       6621.20586
design2_rebuilt_mutated_A_63_LEU_relaxed.pdb   -9109.78504271559  7454.00108  5211.59584422876          -12846.8054249549           -9987.62758347528       6486.6633
design2_rebuilt_mutated_A_90_SER_relaxed.pdb   -9109.24546125833  7451.12497  5213.13288961811          -12836.7007277242           -9937.90436206261       6484.38374
design2_rebuilt_mutated_A_71_CYS_relaxed.pdb   -9109.12609280096  7448.44802  5204.81295656722          -12835.812789565            -9985.09722118176       6618.62725
design2_rebuilt_mutated_A_62_ASN_relaxed.pdb   -9109.09310111503  7447.01148  5192.96440593635          -12879.0010668596           -10024.047920648        6653.53052
design2_rebuilt_mutated_A_46_MET_relaxed.pdb   -9107.9439179686   7467.2006   5207.50863994373          -12884.9561619457           -9951.23388555523       6587.80313
design2_rebuilt_mutated_A_48_HIS_relaxed.pdb   -9107.08687988456  7479.32474  5215.99373418353          -12906.5779135719           -9956.34853486552       6414.66085
design2_rebuilt_mutated_A_63_CYS_relaxed.pdb   -9104.38157396872  7423.11757  5185.85960637925          -12858.397586184            -9979.80222798049       6408.29393
design2_rebuilt_mutated_A_49_GLY_relaxed.pdb   -9104.29296389698  7446.80435  5204.39780579817          -12826.6101445658           -9996.9079715388        6636.42325
design2_rebuilt_mutated_A_72_LEU_relaxed.pdb   -9103.69889375079  7426.20957  5205.04770926659          -12791.7625910862           -9859.66400647235       6555.12778
design2_rebuilt_mutated_A_50_TYR_relaxed.pdb   -9101.5414768003   7478.89597  5204.47285279244          -12927.3894415756           -9954.28651666421       6549.11676
design2_rebuilt_mutated_A_63_ASP_relaxed.pdb   -9100.52947265891  7440.43589  5215.04090975907          -12792.2782296442           -9984.90040110214       6374.56863
design2_rebuilt_mutated_A_63_HIS_relaxed.pdb   -9100.49073033289  7427.45591  5199.38790241266          -12814.2256053632           -9948.83152794313       6606.33178
design2_rebuilt_mutated_A_88_GLN_relaxed.pdb   -9099.72860497408  7475.35711  5217.05979807157          -12878.4048487051           -9938.13473588567       6627.29682
design2_rebuilt_mutated_A_90_GLY_relaxed.pdb   -9099.7151166592   7372.92656  5173.2723021521           -12725.3039229058           -9903.43179595966       6618.49972
design2_rebuilt_mutated_A_80_VAL_relaxed.pdb   -9099.28859664613  7453.84088  5200.27751724637          -12853.1585530827           -9964.66899815838       6618.41865
design2_rebuilt_mutated_A_134_VAL_relaxed.pdb  -9099.15137837236  7438.66344  5186.70430697172          -12869.2633183957           -9972.67964375419       6481.97474
design2_rebuilt_mutated_A_129_ALA_relaxed.pdb  -9097.61937881865  7437.97552  5200.63493954397          -12850.8654083763           -9933.10546555417       6622.37075
design2_rebuilt_mutated_A_33_PRO_relaxed.pdb   -9097.27714043863  7454.23172  5221.078742877            -12774.0653668799           -9921.62408521042       6469.19256
design2_rebuilt_mutated_A_125_MET_relaxed.pdb  -9096.36418467462  7481.2341   5236.00492338578          -12805.9381587773           -9965.90189625725       6570.39139
design2_rebuilt_mutated_A_76_ARG_relaxed.pdb   -9094.9890662213   7489.12762  5217.46897467771          -12937.1350121804           -9992.52418223023       6409.41631
design2_rebuilt_mutated_A_73_THR_relaxed.pdb   -9094.76640324162  7456.28906  5204.5227763863           -12853.4034690398           -9941.40140149241       6440.95749
design2_rebuilt_mutated_A_164_MET_relaxed.pdb  -9093.84217072612  7463.26179  5200.9681656086           -12904.983427874            -10044.3997223716       6570.86106
design2_rebuilt_mutated_A_48_GLN_relaxed.pdb   -9093.60668445636  7462.20823  5197.64276478274          -12901.997400841            -10002.4468492951       6484.68114
design2_rebuilt_mutated_A_127_ASN_relaxed.pdb  -9093.5554881912   7446.00904  5201.30440591353          -12847.5559793067           -9982.40301407144       6430.05687
design2_rebuilt_mutated_A_33_GLN_relaxed.pdb   -9091.96613169908  7468.55363  5210.92290763751          -12836.1963998403           -9952.22903044058       6672.3821
design2_rebuilt_mutated_A_64_LEU_relaxed.pdb   -9091.92604499931  7466.42162  5212.27403026162          -12812.2165395899           -9953.6597878212        6398.71872
design2_rebuilt_mutated_A_49_GLN_relaxed.pdb   -9091.3621896415   7469.32253  5189.32029086913          -12909.1177320675           -9961.36085713839       6585.64669
design2_rebuilt_mutated_A_60_GLN_relaxed.pdb   -9091.20708588192  7456.97757  5207.60890887547          -12852.4522940979           -9937.28701316941       6493.06973
design2_rebuilt_mutated_A_104_GLN_relaxed.pdb  -9091.11174110609  7488.26048  5206.83038032673          -12882.4929646478           -9955.11208766243       6540.9217
design2_rebuilt_mutated_A_72_HIS_relaxed.pdb   -9090.91183317096  7438.67076  5192.75516358342          -12862.6021638785           -9946.05733295959       6628.76624
design2_rebuilt_mutated_A_102_PRO_relaxed.pdb  -9090.30319447552  7446.73573  5208.20489143282          -12802.660659768            -9956.39018199691       6477.05167
design2_rebuilt_mutated_A_123_ASP_relaxed.pdb  -9088.20461300164  7431.84149  5198.00694458259          -12757.0673869826           -9924.18378304206       6574.86994
design2_rebuilt_mutated_A_75_PRO_relaxed.pdb   -9088.09142972193  7452.27857  5209.9665076263           -12795.933936791            -9945.29266713169       6536.91577
design2_rebuilt_mutated_A_74_GLN_relaxed.pdb   -9086.81548020698  7456.88978  5198.52362191352          -12838.749343023            -9885.51128928241       6544.27914
design2_rebuilt_mutated_A_79_GLU_relaxed.pdb   -9086.56390802152  7468.25024  5203.6471237453           -12890.7812129013           -9990.58881853444       6594.56948
design2_rebuilt_mutated_A_100_GLU_relaxed.pdb  -9085.90102247662  7434.8291   5198.75197932229          -12809.8359327022           -9956.31978106882       6628.92102
design2_rebuilt_mutated_A_63_ILE_relaxed.pdb   -9085.52344289938  7456.60312  5207.62800682856          -12817.9567159944           -9989.76911532406       6515.60742
design2_rebuilt_mutated_A_62_HIS_relaxed.pdb   -9085.0512618782   7474.41017  5201.94749656249          -12908.976162312            -9938.15527607673       6486.80781
design2_rebuilt_mutated_A_164_GLN_relaxed.pdb  -9084.76670421642  7465.81949  5198.59197785695          -12893.9456287564           -10005.0294335592       6584.17895
design2_rebuilt_mutated_A_126_ASN_relaxed.pdb  -9083.52658476152  7453.34122  5201.33333126155          -12827.9833779778           -10020.8954108897       6476.84397
design2_rebuilt_mutated_A_127_GLN_relaxed.pdb  -9082.75563775281  7465.82157  5220.17291360571          -12813.5935632843           -9879.09685092673       6660.53819
design2_rebuilt_mutated_A_136_GLU_relaxed.pdb  -9080.97182591583  7473.69757  5212.17749833912          -12843.4579092563           -10008.2257879351       6574.88033
design2_rebuilt_mutated_A_125_TYR_relaxed.pdb  -9079.25815750841  7466.45773  5198.01456533928          -12879.0524858279           -9993.96860596584       6506.47517
design2_rebuilt_mutated_A_33_ALA_relaxed.pdb   -9079.24557214117  7430.03164  5187.4099484891           -12827.6212188423           -9969.67626524179       6524.70628
design2_rebuilt_mutated_A_45_LEU_relaxed.pdb   -9079.22521202755  7434.88314  5211.56651866097          -12750.8907958276           -9926.55480448427       6481.97858
design2_rebuilt_mutated_A_77_GLU_relaxed.pdb   -9078.3160963158   7475.49293  5198.99922093495          -12926.9984616495           -9997.94297379294       6306.25599
design2_rebuilt_mutated_A_123_CYS_relaxed.pdb  -9078.18828910375  7440.87543  5199.69248316448          -12791.5101311069           -9900.80303949176       6574.32348
design2_rebuilt_mutated_A_73_MET_relaxed.pdb   -9078.109137833    7481.46112  5208.57588286114          -12892.9432720981           -9955.3323776095        6669.06583
design2_rebuilt_mutated_A_78_VAL_relaxed.pdb   -9078.07565399663  7455.61208  5200.3469378055           -12829.7875105598           -9979.74732717506       6476.18451
design2_rebuilt_mutated_A_102_ARG_relaxed.pdb  -9077.1590092234   7483.9203   5225.80210501396          -12872.4239845976           -9945.47974723311       6518.44842
design2_rebuilt_mutated_A_76_CYS_relaxed.pdb   -9076.74916114885  7452.43435  5192.58838011259          -12828.2326955758           -9940.71321107548       6695.88465
design2_rebuilt_mutated_A_71_GLU_relaxed.pdb   -9075.66447806703  7461.50506  5221.01030317131          -12812.529993529            -9898.17277242822       6573.53186
design2_rebuilt_mutated_A_64_ILE_relaxed.pdb   -9074.47886531071  7463.07963  5203.10723402532          -12829.8137869435           -9933.92705433879       6442.14648
design2_rebuilt_mutated_A_132_GLY_relaxed.pdb  -9074.25711692406  7463.87353  5212.50203665239          -12845.6527890115           -9917.66169233569       6594.57749
design2_rebuilt_mutated_A_79_MET_relaxed.pdb   -9073.42916938699  7464.96798  5195.88679205457          -12868.5159282181           -9953.82356552119       6509.84256
design2_rebuilt_mutated_A_80_THR_relaxed.pdb   -9073.16841637879  7456.75946  5191.70237668525          -12867.0459250584           -9975.56196315366       6395.73006
design2_rebuilt_mutated_A_63_VAL_relaxed.pdb   -9073.07144582393  7441.83541  5189.95905467349          -12841.7212773285           -9876.54819753175       6551.48718
design2_rebuilt_mutated_A_129_LYS_relaxed.pdb  -9071.45498608472  7439.87532  5197.06542371994          -12851.2116013966           -10050.725710867        6551.56218
design2_rebuilt_mutated_A_78_LYS_relaxed.pdb   -9071.16289346646  7475.33367  5203.17145134414          -12876.1706416424           -9946.26925249179       6339.36806
design2_rebuilt_mutated_A_129_PRO_relaxed.pdb  -9069.82702360151  7449.59427  5198.8826687253           -12827.5236423312           -9886.57995758083       6647.67954
design2_rebuilt_mutated_A_77_ASP_relaxed.pdb   -9069.82392771384  7433.46272  5183.91088957061          -12820.6949551999           -9963.2356303119        6479.97979
design2_rebuilt_mutated_A_132_CYS_relaxed.pdb  -9069.58225000641  7468.61639  5208.18920400845          -12844.1536700113           -9924.67782938718       6472.88945
design2_rebuilt_mutated_A_80_TYR_relaxed.pdb   -9069.42030217481  7510.63813  5216.96505853325          -12904.0945042665           -10012.932105231        6415.39521
design2_rebuilt_mutated_A_71_ALA_relaxed.pdb   -9069.40560607712  7432.41616  5190.84523443369          -12828.5335865166           -9983.9853224202        6576.13976
design2_rebuilt_mutated_A_80_PRO_relaxed.pdb   -9066.67500092856  7437.6123   5188.42834654717          -12832.570873877            -9986.323779864         6387.87697
design2_rebuilt_mutated_A_100_CYS_relaxed.pdb  -9065.43026812859  7464.60801  5202.96528727403          -12851.2400370981           -9918.72791563663       6351.88931
design2_rebuilt_mutated_A_77_SER_relaxed.pdb   -9065.04529229354  7447.87708  5179.63133919052          -12863.0079685362           -9930.84993376048       6456.59991
design2_rebuilt_mutated_A_74_MET_relaxed.pdb   -9063.28771159755  7425.28136  5197.14444443966          -12760.1753520814           -9952.44096524147       6580.48461
design2_rebuilt_mutated_A_90_LYS_relaxed.pdb   -9063.269973676    7463.10794  5202.61674442575          -12910.9911461302           -10054.3794855312       6528.6039
design2_rebuilt_mutated_A_129_CYS_relaxed.pdb  -9062.49572069859  7441.5375   5197.64474120443          -12821.6923463194           -9907.14787673491       6647.0786
design2_rebuilt_mutated_A_31_MET_relaxed.pdb   -9061.22880505658  7464.63933  5216.70767574443          -12823.5564098353           -9915.47933316181       6512.544
design2_rebuilt_mutated_A_70_LYS_relaxed.pdb   -9061.19550010223  7392.61057  5180.44019575707          -12778.1501417164           -9936.84342588197       6573.28101
design2_rebuilt_mutated_A_89_SER_relaxed.pdb   -9060.43289276126  7463.58759  5206.36299406523          -12822.9044425778           -9896.28465895883       6576.14745
design2_rebuilt_mutated_A_86_TYR_relaxed.pdb   -9059.56804226502  7460.40174  5206.09148414298          -12799.769926014            -9920.72949027703       6505.97137
design2_rebuilt_mutated_A_35_TYR_relaxed.pdb   -9058.91454363481  7539.33633  5228.55814947448          -12960.4452695724           -9904.13634230386       6444.93985
design2_rebuilt_mutated_A_60_LYS_relaxed.pdb   -9057.43395932896  7451.52236  5189.38434484919          -12813.1591249321           -9898.18613671388       6484.06579
design2_rebuilt_mutated_A_134_ASN_relaxed.pdb  -9056.87728082583  7425.45725  5182.0129720438           -12790.0003049969           -9918.8041077788        6458.87455
design2_rebuilt_mutated_A_76_ALA_relaxed.pdb   -9054.52391423322  7446.93709  5186.68892102534          -12824.0804859523           -9924.25198993423       6618.60527
design2_rebuilt_mutated_A_76_VAL_relaxed.pdb   -9053.34715770755  7444.14966  5184.31675096128          -12819.1859060759           -9928.36319557229       6418.07732
design2_rebuilt_mutated_A_70_TYR_relaxed.pdb   -9051.80590949505  7435.80101  5200.59050924832          -12741.3196594701           -9822.95658652739       6583.23906
design2_rebuilt_mutated_A_132_TYR_relaxed.pdb  -9051.04449266501  7462.98258  5193.40798921101          -12813.7683434685           -9930.83424508209       6538.21195
design2_rebuilt_mutated_A_60_ASN_relaxed.pdb   -9050.74320936155  7445.5807   5192.39414595152          -12835.7381851961           -9954.73164847026       6491.03194
design2_rebuilt_mutated_A_31_CYS_relaxed.pdb   -9050.67829346286  7426.92249  5189.99403339838          -12791.194864537            -9930.04931001265       6417.01753
design2_rebuilt_mutated_A_132_PRO_relaxed.pdb  -9050.03987876723  7453.07648  5182.79750769211          -12826.4404863096           -9930.23953057087       6446.49252
design2_rebuilt_mutated_A_86_LYS_relaxed.pdb   -9049.26687279203  7472.77402  5206.47618368458          -12838.4959419605           -9892.93141134118       6510.27796
design2_rebuilt_mutated_A_132_ILE_relaxed.pdb  -9048.34069298132  7488.17663  5216.05757370294          -12833.4206209608           -9935.7892873072        6432.6303
design2_rebuilt_mutated_A_163_ALA_relaxed.pdb  -9047.59355144951  7456.0507   5178.90312591585          -12885.1766070588           -9958.34023994708       6456.3141
design2_rebuilt_mutated_A_89_TYR_relaxed.pdb   -9046.98075270998  7471.2284   5190.95031173978          -12849.498852765            -9959.01838492601       6556.37054
design2_rebuilt_mutated_A_134_PHE_relaxed.pdb  -9046.49648861824  7453.01042  5198.17929797236          -12817.4422390627           -9975.12066350574       6359.12046
design2_rebuilt_mutated_A_132_PHE_relaxed.pdb  -9045.57646272493  7456.01569  5180.22477040637          -12834.5145609398           -9913.56240415814       6526.98589
design2_rebuilt_mutated_A_52_ASN_relaxed.pdb   -9045.27096401062  7423.59188  5181.81394040555          -12745.3107283705           -9868.07926040015       6597.55471
design2_rebuilt_mutated_A_46_GLY_relaxed.pdb   -9044.2207092339   7394.83093  5177.48431960818          -12727.2059053306           -9868.48803789052       6454.95617
design2_rebuilt_mutated_A_164_TYR_relaxed.pdb  -9043.92900244513  7471.07658  5196.91397141553          -12853.7734502168           -9913.37671775357       6599.8251
design2_rebuilt_mutated_A_44_GLU_relaxed.pdb   -9043.69284842228  7474.24312  5205.31727471516          -12878.2155014695           -9939.90383284198       6582.18491
design2_rebuilt_mutated_A_132_SER_relaxed.pdb  -9043.4609612419   7466.53843  5208.77187533074          -12801.3200241666           -9893.78896484652       6362.53172
design2_rebuilt_mutated_A_90_PRO_relaxed.pdb   -9043.25034791571  7441.36116  5197.70494486623          -12779.1983352323           -9888.07135677332       6655.18041
design2_rebuilt_mutated_A_132_ASP_relaxed.pdb  -9040.65494119667  7478.22187  5206.88085705785          -12841.1699908252           -9894.89558440591       6339.57979
design2_rebuilt_mutated_A_48_ASP_relaxed.pdb   -9040.43052066721  7444.40828  5188.39195159406          -12830.813897664            -9905.41639779992       6479.94019
design2_rebuilt_mutated_A_78_CYS_relaxed.pdb   -9039.73489888018  7447.9373   5185.26943811959          -12819.5064922489           -9935.76769687883       6563.04724
design2_rebuilt_mutated_A_48_LEU_relaxed.pdb   -9037.62505755677  7464.55417  5203.58983931816          -12786.2788177529           -9901.09730801087       6592.93084
design2_rebuilt_mutated_A_102_ALA_relaxed.pdb  -9037.08921448165  7446.53956  5187.46232897082          -12809.2905707313           -9805.93628769244       6679.01562
design2_rebuilt_mutated_A_70_TRP_relaxed.pdb   -9036.79225559722  7438.7528   5190.34925445579          -12804.3632202318           -9811.60413949257       6701.83664
design2_rebuilt_mutated_A_9_PRO_relaxed.pdb    -9034.1415129224   7459.224    5194.29291176928          -12852.0571417332           -9959.0418943393        6284.90946
design2_rebuilt_mutated_A_79_LYS_relaxed.pdb   -9033.37286481724  7466.73446  5202.46883828472          -12880.8827882743           -9959.72229741986       6485.56216
design2_rebuilt_mutated_A_100_MET_relaxed.pdb  -9032.54528853107  7441.87772  5196.97554141011          -12746.6158607038           -9977.98922295444       6463.51628
design2_rebuilt_mutated_A_77_ARG_relaxed.pdb   -9032.4283485682   7493.80714  5212.41116170046          -12869.5313405069           -9959.71056205299       6386.38777
design2_rebuilt_mutated_A_44_GLN_relaxed.pdb   -9032.25721801837  7472.09561  5207.07971969039          -12803.3095751982           -9908.8069812476        6340.22521
design2_rebuilt_mutated_A_136_ALA_relaxed.pdb  -9031.64195891288  7444.49351  5195.28680132459          -12757.2587498127           -9915.16954890275       6495.56805
design2_rebuilt_mutated_A_102_GLN_relaxed.pdb  -9031.45192342951  7465.49871  5199.43921791214          -12831.6053579702           -9874.19491044346       6528.27383
design2_rebuilt_mutated_A_88_GLU_relaxed.pdb   -9029.90780748155  7483.22071  5216.75217928085          -12800.4392204489           -9822.65841581239       6474.38441
design2_rebuilt_mutated_A_136_SER_relaxed.pdb  -9029.47401229194  7451.74435  5191.74850225255          -12780.42656315             -9911.88865699188       6473.4869
design2_rebuilt_mutated_A_71_GLY_relaxed.pdb   -9028.28597257843  7432.1509   5183.38088955382          -12789.3319192347           -9941.56103399236       6586.99351
design2_rebuilt_mutated_A_78_THR_relaxed.pdb   -9027.83238500637  7454.57529  5190.77744823781          -12811.9143302689           -9907.26619700857       6559.91972
design2_rebuilt_mutated_A_31_ILE_relaxed.pdb   -9027.49401425853  7461.5822   5204.68034742223          -12766.6344762685           -9912.58298919347       6656.96498
design2_rebuilt_mutated_A_84_LYS_relaxed.pdb   -9024.96373173498  7480.83809  5202.7240878014           -12836.2180970211           -9918.41463562267       6536.4775
design2_rebuilt_mutated_A_31_PHE_relaxed.pdb   -9024.00537250594  7462.10874  5194.67685246258          -12794.800257799            -9871.58125115819       6619.74051
design2_rebuilt_mutated_A_76_MET_relaxed.pdb   -9023.77896118016  7497.44882  5207.1272314443           -12862.9544898747           -9958.991836788         6530.33564
design2_rebuilt_mutated_A_9_GLY_relaxed.pdb    -9023.23982839568  7453.92153  5179.20798746979          -12847.993632768            -9847.02277699277       6586.18112
design2_rebuilt_mutated_A_72_ARG_relaxed.pdb   -9023.19627127201  7441.1165   5190.52116910694          -12821.2861391918           -9965.40374561214       6531.49346
design2_rebuilt_mutated_A_134_CYS_relaxed.pdb  -9022.44942853987  7423.47057  5176.97218226434          -12764.0176101237           -9919.62133659056       6604.68277
design2_rebuilt_mutated_A_77_CYS_relaxed.pdb   -9022.02248651945  7444.59196  5164.65706932979          -12854.4326511374           -9938.17289353848       6472.00454
design2_rebuilt_mutated_A_50_SER_relaxed.pdb   -9021.83466286688  7432.08189  5174.00866744008          -12793.6173016662           -9927.53711227898       6612.45152
design2_rebuilt_mutated_A_163_HIS_relaxed.pdb  -9020.77573404106  7437.7357   5173.01683538578          -12846.615674226            -9968.27227718175       6517.80954
design2_rebuilt_mutated_A_70_PHE_relaxed.pdb   -9020.28161801285  7432.27388  5184.33176206423          -12767.5772866533           -9788.48122326958       6560.21583
design2_rebuilt_mutated_A_126_GLU_relaxed.pdb  -9019.67717025542  7452.25762  5207.8420773114           -12712.654473377            -9928.63112961981       6362.34327
design2_rebuilt_mutated_A_88_THR_relaxed.pdb   -9019.2079789477   7461.28703  5201.57667436022          -12769.348520717            -9888.16247773407       6593.07656
design2_rebuilt_mutated_A_125_ALA_relaxed.pdb  -9018.04467114633  7443.64434  5166.49499574628          -12822.2915354123           -9911.52768405657       6425.99198
design2_rebuilt_mutated_A_102_THR_relaxed.pdb  -9016.91675283962  7452.43091  5197.80744861928          -12747.2211255595           -9894.66361487338       6568.20994
design2_rebuilt_mutated_A_84_ILE_relaxed.pdb   -9016.62710209255  7467.08345  5190.61695186982          -12815.7309628826           -9857.56934044417       6545.98483
design2_rebuilt_mutated_A_163_THR_relaxed.pdb  -9016.51460595263  7468.43253  5201.33113932197          -12802.0982367883           -9943.69835778881       6300.01542
design2_rebuilt_mutated_A_74_ASP_relaxed.pdb   -9015.69911360505  7398.58569  5165.05067897597          -12715.4220322761           -9943.3899965432        6516.22244
design2_rebuilt_mutated_A_84_GLY_relaxed.pdb   -9014.73820538073  7418.24527  5161.44859076864          -12770.9979338983           -9855.5044954753        6404.63527
design2_rebuilt_mutated_A_48_PHE_relaxed.pdb   -9014.33283694732  7452.61076  5180.91285833356          -12828.4029398928           -9871.93652815682       6646.38057
design2_rebuilt_mutated_A_60_VAL_relaxed.pdb   -9013.98453922101  7453.2551   5182.85906350079          -12822.150358817            -9939.27530335565       6457.87006
design2_rebuilt_mutated_A_76_GLY_relaxed.pdb   -9013.96680044687  7466.02831  5205.01624071243          -12760.6195253975           -9833.88248047517       6372.31264
design2_rebuilt_mutated_A_77_PRO_relaxed.pdb   -9013.61561614455  7432.05731  5186.12203767141          -12766.3539036401           -9907.56041674605       6445.55037
design2_rebuilt_mutated_A_134_PRO_relaxed.pdb  -9010.96978175863  7434.43816  5177.32118930727          -12773.5038651698           -9850.81050545359       6319.46721
design2_rebuilt_mutated_A_64_SER_relaxed.pdb   -9010.52912670157  7470.82107  5200.15824845583          -12813.2726869726           -9883.88614547693       6566.06596
design2_rebuilt_mutated_A_77_TYR_relaxed.pdb   -9009.21758596647  7453.14728  5194.81027786391          -12798.1260466447           -9913.22752905595       6342.81874
design2_rebuilt_mutated_A_72_GLN_relaxed.pdb   -9008.07239165228  7459.6729   5186.38174715738          -12823.1377733942           -9865.69549901338       6664.19258
design2_rebuilt_mutated_A_33_HIS_relaxed.pdb   -9007.99506722533  7452.65066  5183.92299470877          -12767.6599702611           -9849.48248545663       6623.70496
design2_rebuilt_mutated_A_132_GLU_relaxed.pdb  -9007.45072924591  7471.72737  5192.14543251216          -12812.04876095             -9888.42633210753       6609.37103
design2_rebuilt_mutated_A_79_THR_relaxed.pdb   -9006.17384970313  7454.36417  5185.16416295722          -12808.2595318257           -9893.19486865449       6466.44306
design2_rebuilt_mutated_A_102_GLU_relaxed.pdb  -9005.60221593402  7466.34738  5210.60246465927          -12775.4463649529           -9906.65676566667       6434.6299
design2_rebuilt_mutated_A_35_GLU_relaxed.pdb   -9005.20609212609  7491.66509  5216.02682009639          -12824.4828846671           -9873.39607814586       6649.98529
design2_rebuilt_mutated_A_62_ALA_relaxed.pdb   -9004.89552621883  7468.06004  5197.10725363151          -12797.5507673234           -9881.64829730012       6469.24239
design2_rebuilt_mutated_A_163_VAL_relaxed.pdb  -9003.6840733578   7482.99931  5200.28659353466          -12823.9505588116           -9925.48963195429       6526.3292
design2_rebuilt_mutated_A_129_MET_relaxed.pdb  -9002.21003458702  7424.79238  5173.05631887064          -12791.9974095587           -9924.08899087331       6624.98186
design2_rebuilt_mutated_A_75_SER_relaxed.pdb   -9000.76395862849  7474.10498  5192.37833087673          -12813.0358868238           -9904.10143547352       6456.5482
design2_rebuilt_mutated_A_90_ARG_relaxed.pdb   -9000.50470815998  7470.39022  5199.20642891597          -12829.7718963674           -9925.42284095543       6659.86011
design2_rebuilt_mutated_A_80_ASN_relaxed.pdb   -9000.28542100237  7471.96117  5195.17191340528          -12826.5691212836           -9889.82044826293       6363.58518
design2_rebuilt_mutated_A_63_GLN_relaxed.pdb   -9000.27033504317  7453.151    5191.48190099493          -12777.492277136            -9877.36476714959       6288.5095
design2_rebuilt_mutated_A_84_MET_relaxed.pdb   -8999.08177169383  7468.53437  5199.09168107535          -12805.9994197687           -9881.22101336197       6423.73302
design2_rebuilt_mutated_A_31_HIS_relaxed.pdb   -8996.42379479495  7446.753    5181.1335411905           -12777.3728535896           -9894.87174822867       6420.19547
design2_rebuilt_mutated_A_44_LYS_relaxed.pdb   -8996.23136618429  7492.977    5214.24565127588          -12789.8663308884           -9891.22198625049       6590.67736
design2_rebuilt_mutated_A_84_ALA_relaxed.pdb   -8996.11469572588  7441.43752  5165.85426481858          -12810.5196247773           -9873.0820155599        6460.50479
design2_rebuilt_mutated_A_125_ASP_relaxed.pdb  -8994.82769857172  7479.24546  5206.67769723542          -12781.1582642668           -9948.55014990164       6471.28275
design2_rebuilt_mutated_A_101_GLU_relaxed.pdb  -8994.21250401505  7470.9504   5192.91037651346          -12797.4669870828           -9833.11752803177       6353.35708
design2_rebuilt_mutated_A_88_PHE_relaxed.pdb   -8994.14847807729  7427.11132  5191.10370819308          -12705.9090795375           -9856.0751342111        6542.36126
design2_rebuilt_mutated_A_48_TYR_relaxed.pdb   -8991.02127576788  7439.1415   5180.61137235827          -12773.6864417854           -9835.27532512633       6540.58767
design2_rebuilt_mutated_A_75_LYS_relaxed.pdb   -8990.73458407078  7490.32342  5219.57954292206          -12794.1325480154           -9850.50815508112       6588.29837
design2_rebuilt_mutated_A_126_PRO_relaxed.pdb  -8989.75541079336  7450.89085  5175.18160964322          -12783.4947056656           -9866.99123072393       6318.97571
design2_rebuilt_mutated_A_101_ILE_relaxed.pdb  -8988.39869734093  7459.8334   5179.39169366946          -12809.2119968802           -9829.91870417345       6478.54814
design2_rebuilt_mutated_A_132_TRP_relaxed.pdb  -8987.16419111816  7483.1984   5213.40211635345          -12762.1656126235           -9884.48512174045       6420.21183
design2_rebuilt_mutated_A_88_ALA_relaxed.pdb   -8984.64585795671  7481.67947  5194.17937449335          -12794.9267082365           -9847.98140218274       6480.61222
design2_rebuilt_mutated_A_72_GLU_relaxed.pdb   -8983.47298565361  7394.54427  5162.51748479327          -12682.5902284722           -9877.85254477825       6444.06004
design2_rebuilt_mutated_A_132_GLN_relaxed.pdb  -8981.00141094927  7459.2986   5189.35398447842          -12787.9557116743           -9854.42447400478       6484.72194
design2_rebuilt_mutated_A_136_THR_relaxed.pdb  -8979.13025688646  7471.42254  5203.50739229631          -12776.696355692            -9871.18062074784       6515.71805
design2_rebuilt_mutated_A_52_ALA_relaxed.pdb   -8976.9044952993   7422.03519  5169.64823927747          -12747.8928911373           -9840.08537646622       6576.77847
design2_rebuilt_mutated_A_79_VAL_relaxed.pdb   -8976.50269838366  7465.25185  5186.15983938633          -12799.6199457557           -9880.47908046782       6558.44215
design2_rebuilt_mutated_A_78_ASN_relaxed.pdb   -8976.38035464307  7455.03897  5185.08049829306          -12767.0738524891           -9856.80613179051       6491.54213
design2_rebuilt_mutated_A_48_CYS_relaxed.pdb   -8976.01771652367  7437.7762   5183.22289194136          -12731.2409691294           -9882.7761432418        6626.79059
design2_rebuilt_mutated_A_127_ALA_relaxed.pdb  -8975.35509187084  7441.16093  5180.1891730997           -12769.7270500215           -9941.26314983159       6584.23491
design2_rebuilt_mutated_A_163_PRO_relaxed.pdb  -8973.16853434349  7436.90383  5180.22871145056          -12763.1214626364           -9926.11462054393       6522.97139
design2_rebuilt_mutated_A_35_VAL_relaxed.pdb   -8973.12330480928  7480.48856  5193.43426063984          -12811.0298627222           -9809.26028076115       6545.01021
design2_rebuilt_mutated_A_100_ILE_relaxed.pdb  -8972.81891988281  7458.29373  5179.25312266754          -12790.9782378652           -9875.24747176205       6610.95606
design2_rebuilt_mutated_A_77_PHE_relaxed.pdb   -8971.09290040064  7449.1152   5187.09083956559          -12736.6170474262           -9865.57515276176       6370.94482
design2_rebuilt_mutated_A_88_LEU_relaxed.pdb   -8970.70178018293  7477.90105  5191.18520589044          -12793.9561225628           -9794.69041589139       6609.76256
design2_rebuilt_mutated_A_73_ARG_relaxed.pdb   -8970.35363213539  7485.50831  5186.19783361077          -12831.8208651276           -9895.51831300563       6576.27144
design2_rebuilt_mutated_A_72_CYS_relaxed.pdb   -8969.41312996591  7421.20094  5166.26191159021          -12770.597650844            -9861.54305732902       6585.19046
design2_rebuilt_mutated_A_102_ASP_relaxed.pdb  -8968.9224189696   7446.64856  5186.44530963203          -12746.2457632835           -9731.93627940729       6739.34741
design2_rebuilt_mutated_A_71_GLN_relaxed.pdb   -8966.65495933724  7458.7082   5179.32460449115          -12801.1943669494           -9829.18437670211       6525.92754
design2_rebuilt_mutated_A_75_CYS_relaxed.pdb   -8964.57106516641  7471.68415  5185.13149311622          -12778.3069125021           -9825.63048630647       6517.39101
design2_rebuilt_mutated_A_45_THR_relaxed.pdb   -8963.06245496642  7418.88094  5167.92711984172          -12712.8768364871           -9820.91015631614       6566.46784
design2_rebuilt_mutated_A_31_GLY_relaxed.pdb   -8962.89904456088  7426.52353  5180.81669208178          -12700.7306876151           -9835.88132832228       6593.71664
design2_rebuilt_mutated_A_52_SER_relaxed.pdb   -8962.82579086693  7424.32512  5163.83817371492          -12746.4601196248           -9832.28407327686       6579.88198
design2_rebuilt_mutated_A_74_GLU_relaxed.pdb   -8961.5556788879   7473.30341  5197.81721331452          -12777.1390024908           -9830.49073969311       6325.18936
design2_rebuilt_mutated_A_125_CYS_relaxed.pdb  -8961.45134359205  7470.96858  5182.9131382399           -12764.4618599716           -9801.90275446068       6445.77339
design2_rebuilt_mutated_A_31_ASP_relaxed.pdb   -8961.07689605027  7457.31841  5181.28416870132          -12798.1130415322           -9864.10271825284       6474.93314
design2_rebuilt_mutated_A_164_TRP_relaxed.pdb  -8961.01563592563  7482.05639  5186.91833541759          -12814.4956649646           -9894.00115826104       6586.18989
design2_rebuilt_mutated_A_46_THR_relaxed.pdb   -8960.88998493928  7419.31789  5173.4554447706           -12707.1188404721           -9816.80248126222       6439.58295
design2_rebuilt_mutated_A_88_LYS_relaxed.pdb   -8960.26464599702  7490.34659  5209.98998253726          -12776.1861026654           -9803.77122919556       6581.70403
design2_rebuilt_mutated_A_126_GLY_relaxed.pdb  -8959.28762396328  7429.04242  5170.63128756749          -12709.7827533974           -9801.19821951768       6407.46266
design2_rebuilt_mutated_A_129_SER_relaxed.pdb  -8959.20517905724  7430.24241  5170.71230498636          -12728.7706719819           -9823.30581538701       6585.39106
design2_rebuilt_mutated_A_71_ARG_relaxed.pdb   -8958.52087557345  7478.17097  5192.06695074391          -12791.5428098258           -9841.666575483         6655.70151
design2_rebuilt_mutated_A_163_TRP_relaxed.pdb  -8955.59364107931  7453.51698  5177.15867224589          -12759.647436427            -9863.41434929086       6528.71886
design2_rebuilt_mutated_A_52_ILE_relaxed.pdb   -8954.22545544276  7461.4383   5187.78339082987          -12752.1463766402           -9814.76012269986       6624.06326
design2_rebuilt_mutated_A_74_ARG_relaxed.pdb   -8954.19123144784  7474.95878  5199.99023231268          -12722.2842555745           -9837.56801061496       6507.62397
design2_rebuilt_mutated_A_104_CYS_relaxed.pdb  -8953.67431814152  7485.2036   5192.35251535576          -12804.3868921122           -9917.56642044          6526.04316
design2_rebuilt_mutated_A_70_THR_relaxed.pdb   -8953.50880449761  7398.75975  5160.6982654622           -12678.6306554096           -9805.21265620173       6551.27777
design2_rebuilt_mutated_A_163_PHE_relaxed.pdb  -8952.05483416942  7448.66432  5172.723727877            -12797.4735661902           -9906.42468574924       6529.86828
design2_rebuilt_mutated_A_9_GLN_relaxed.pdb    -8950.1280567989   7472.3385   5185.40257439762          -12769.8078801025           -9811.52224355557       6483.02169
design2_rebuilt_mutated_A_89_LYS_relaxed.pdb   -8949.23988264554  7441.38688  5198.65750972032          -12685.022097358            -9834.94644817015       6535.75917
design2_rebuilt_mutated_A_163_LYS_relaxed.pdb  -8948.95697598819  7500.37593  5199.57894902065          -12831.4742956886           -9860.52471364355       6619.6666
design2_rebuilt_mutated_A_100_TRP_relaxed.pdb  -8946.16725186749  7511.30022  5225.27439763279          -12761.292260382            -9877.40005789706       6616.83266
design2_rebuilt_mutated_A_101_LYS_relaxed.pdb  -8943.05594920065  7479.80051  5222.40732501346          -12704.8301848152           -9811.20161383643       6539.73325
design2_rebuilt_mutated_A_127_PHE_relaxed.pdb  -8941.83894767416  7435.25537  5173.6835120641           -12724.0438442259           -9771.79849709136       6373.35743
design2_rebuilt_mutated_A_164_PRO_relaxed.pdb  -8941.299472751    7420.31242  5160.81806724808          -12746.5530783426           -9850.17327156971       6561.17071
design2_rebuilt_mutated_A_60_ASP_relaxed.pdb   -8941.18541363398  7450.08045  5178.42954451971          -12723.7620246884           -9832.76967853655       6461.17314
design2_rebuilt_mutated_A_44_HIS_relaxed.pdb   -8940.32080247734  7448.32131  5175.48591150635          -12731.7413535178           -9841.03912589115       6392.50204
design2_rebuilt_mutated_A_125_SER_relaxed.pdb  -8939.02136615062  7473.44945  5188.38592723278          -12740.7292666488           -9860.18493633908       6280.33795
design2_rebuilt_mutated_A_48_ILE_relaxed.pdb   -8938.96774573539  7455.34604  5177.06319252051          -12745.3057555294           -9802.71787587831       6518.38767
design2_rebuilt_mutated_A_73_ASP_relaxed.pdb   -8936.23952538235  7466.82225  5176.55254610566          -12751.3518444468           -9788.70400984605       6543.30578
design2_rebuilt_mutated_A_134_MET_relaxed.pdb  -8935.86122508736  7458.37446  5170.16957833988          -12779.3382511              -9879.25168689255       6447.42559
design2_rebuilt_mutated_A_46_ASP_relaxed.pdb   -8935.50234999912  7437.23888  5164.46683763438          -12769.3318144861           -9809.28807840679       6484.45437
design2_rebuilt_mutated_A_101_PRO_relaxed.pdb  -8935.30313386057  7449.3585   5196.36134092744          -12681.5748239074           -9795.12219581631       6352.27365
design2_rebuilt_mutated_A_44_GLY_relaxed.pdb   -8934.28892097526  7433.48901  5152.31708605682          -12757.7864693727           -9827.12362384465       6383.21791
design2_rebuilt_mutated_A_52_GLY_relaxed.pdb   -8933.67468016788  7419.0906   5151.4556126548           -12750.1986218813           -9826.58725108388       6570.08079
design2_rebuilt_mutated_A_164_ILE_relaxed.pdb  -8933.65367260417  7455.70142  5164.96018041347          -12804.7652451604           -9870.32767435198       6516.75615
design2_rebuilt_mutated_A_77_GLY_relaxed.pdb   -8933.43798077012  7415.57018  5152.42326586577          -12746.9799889762           -9853.47884998767       6511.4021
design2_rebuilt_mutated_A_45_TRP_relaxed.pdb   -8933.20807417869  7474.04467  5187.87428447432          -12733.9695770532           -9756.35811917023       6637.91919
design2_rebuilt_mutated_A_52_LEU_relaxed.pdb   -8933.06663015717  7459.41913  5180.77420071786          -12736.3680363396           -9776.78134567173       6626.87188
design2_rebuilt_mutated_A_52_GLN_relaxed.pdb   -8932.6131807038   7446.97975  5171.92033389161          -12726.1660957127           -9804.95865642245       6658.83398
design2_rebuilt_mutated_A_163_LEU_relaxed.pdb  -8932.47376034496  7505.35127  5187.15783925745          -12827.9679341408           -9903.85979553428       6652.11307
design2_rebuilt_mutated_A_44_VAL_relaxed.pdb   -8931.66841192664  7458.3888   5172.10965196241          -12780.9194623862           -9831.36401422381       6450.59497
design2_rebuilt_mutated_A_72_LYS_relaxed.pdb   -8930.28832905995  7412.97108  5156.0002928175           -12720.7797564632           -9842.49758179402       6406.37568
design2_rebuilt_mutated_A_89_ALA_relaxed.pdb   -8930.13837141876  7473.01088  5203.17827116671          -12675.1006159929           -9763.50616483111       6449.20812
design2_rebuilt_mutated_A_86_GLY_relaxed.pdb   -8927.99734998186  7425.59735  5170.99384643728          -12684.2478468138           -9749.32791018777       6521.6852
design2_rebuilt_mutated_A_100_LYS_relaxed.pdb  -8927.53807460329  7525.3639   5214.02645151078          -12847.8952648339           -9880.47762053201       6515.18623
design2_rebuilt_mutated_A_134_LYS_relaxed.pdb  -8926.26873424047  7494.34227  5185.61302268465          -12792.7797718574           -9782.86260479432       6561.90788
design2_rebuilt_mutated_A_46_TYR_relaxed.pdb   -8925.94558949967  7413.10277  5143.76392771227          -12738.9093514856           -9833.3742733634        6539.16575
design2_rebuilt_mutated_A_129_PHE_relaxed.pdb  -8924.80559688485  7469.35987  5171.56864445932          -12792.9767608322           -9831.28073619398       6405.2954
design2_rebuilt_mutated_A_72_PHE_relaxed.pdb   -8924.08894723774  7438.01775  5173.83068424458          -12724.1594189281           -9825.59493937155       6650.7654
design2_rebuilt_mutated_A_75_ASP_relaxed.pdb   -8923.03805201938  7460.9483   5184.05347068154          -12720.1443740632           -9815.08395349572       6572.20447
design2_rebuilt_mutated_A_132_VAL_relaxed.pdb  -8922.88360526164  7478.1714   5181.93976287458          -12759.3842257228           -9845.21311359752       6596.47404
design2_rebuilt_mutated_A_72_ASP_relaxed.pdb   -8921.26858573796  7392.18905  5168.38386640607          -12593.9445957234           -9725.37517831246       6528.96636
design2_rebuilt_mutated_A_136_GLY_relaxed.pdb  -8921.01141063976  7437.10932  5178.01273892564          -12665.3380983133           -9827.0873875857        6486.42683
design2_rebuilt_mutated_A_164_THR_relaxed.pdb  -8920.12258995999  7444.98562  5170.93594552107          -12718.1717150061           -9854.77461356786       6394.34792
design2_rebuilt_mutated_A_77_THR_relaxed.pdb   -8919.50563040537  7440.80562  5161.57485159645          -12736.9844413401           -9819.77403450313       6450.31151
design2_rebuilt_mutated_A_164_CYS_relaxed.pdb  -8919.01612332692  7438.78336  5174.67671685266          -12720.0523446872           -9823.49680765443       6501.31599
design2_rebuilt_mutated_A_31_TRP_relaxed.pdb   -8918.77291555268  7456.60204  5193.19091469899          -12710.3508836004           -9783.38038676149       6571.49627
design2_rebuilt_mutated_A_73_CYS_relaxed.pdb   -8918.65548559372  7447.82134  5174.73062579254          -12691.6753749134           -9844.41667481411       6436.02238
design2_rebuilt_mutated_A_84_CYS_relaxed.pdb   -8918.10275549356  7449.97693  5164.39521095079          -12736.645420631            -9770.48259391607       6632.60207
design2_rebuilt_mutated_A_129_VAL_relaxed.pdb  -8917.97334980912  7444.78903  5171.30512251724          -12708.8419436921           -9772.61647294593       6358.33826
design2_rebuilt_mutated_A_101_THR_relaxed.pdb  -8916.98189284964  7455.23405  5189.36420000161          -12682.2540306125           -9828.56943666834       6463.00893
design2_rebuilt_mutated_A_127_SER_relaxed.pdb  -8916.94641535451  7445.87689  5161.85281252107          -12734.7991073275           -9806.92133771796       6449.84437
design2_rebuilt_mutated_A_48_ASN_relaxed.pdb   -8915.34154871952  7432.69546  5153.43078506927          -12780.1912506489           -9844.49219862399       6440.26832
design2_rebuilt_mutated_A_101_SER_relaxed.pdb  -8915.18556183609  7464.44134  5190.37440994058          -12727.3866155716           -9782.72488416606       6415.8546
design2_rebuilt_mutated_A_76_SER_relaxed.pdb   -8914.46767763507  7450.6644   5170.94422592499          -12745.1297692952           -9789.10367320417       6503.77718
design2_rebuilt_mutated_A_31_ARG_relaxed.pdb   -8914.11758369682  7475.89202  5190.1063544297           -12752.5073403401           -9808.43664431772       6590.12697
design2_rebuilt_mutated_A_79_TYR_relaxed.pdb   -8912.3115899861   7454.80104  5173.70593256341          -12713.3313780321           -9758.21025076933       6537.02596
design2_rebuilt_mutated_A_164_VAL_relaxed.pdb  -8912.08285402881  7450.6835   5170.53864712966          -12735.050695667            -9826.66478106275       6543.30749
design2_rebuilt_mutated_A_164_SER_relaxed.pdb  -8912.04056787859  7456.03352  5177.44390189659          -12729.8910750951           -9807.15741759028       6467.09391
design2_rebuilt_mutated_A_164_GLY_relaxed.pdb  -8909.39783844047  7432.62528  5157.25326461987          -12735.3908819011           -9764.11568254168       6321.68462
design2_rebuilt_mutated_A_125_GLN_relaxed.pdb  -8908.79787461008  7450.80079  5191.37533858765          -12682.5077543478           -9713.51958051214       6680.74948
design2_rebuilt_mutated_A_44_MET_relaxed.pdb   -8904.48218685811  7467.57939  5193.69719051339          -12670.9330031168           -9778.62587522719       6459.37176
design2_rebuilt_mutated_A_52_PHE_relaxed.pdb   -8904.03211848924  7452.64903  5171.17982524824          -12725.7766243838           -9812.85325675683       6501.95509
design2_rebuilt_mutated_A_33_MET_relaxed.pdb   -8903.77006818815  7450.48393  5179.70657542867          -12671.6548714277           -9769.37432221355       6591.21359
design2_rebuilt_mutated_A_52_HIS_relaxed.pdb   -8903.33380152181  7446.58946  5166.72442166474          -12733.5581194592           -9775.5050151983        6618.61397
design2_rebuilt_mutated_A_78_SER_relaxed.pdb   -8901.32804236529  7454.68242  5160.7013413975           -12772.5129325709           -9768.82742370165       6453.86812
design2_rebuilt_mutated_A_90_LEU_relaxed.pdb   -8901.07494523218  7452.53614  5181.69872042055          -12703.9454293198           -9840.89326905309       6640.2077
design2_rebuilt_mutated_A_73_PHE_relaxed.pdb   -8900.67619770289  7468.37167  5182.10340578935          -12743.4505278342           -9822.60434219946       6520.98324
design2_rebuilt_mutated_A_100_VAL_relaxed.pdb  -8900.62429928461  7463.4144   5179.18104064993          -12726.4270761566           -9804.41770080707       6430.19006
design2_rebuilt_mutated_A_70_HIS_relaxed.pdb   -8900.50343820477  7403.99025  5158.2309425849           -12627.1229510947           -9759.53410685824       6399.98197
design2_rebuilt_mutated_A_62_VAL_relaxed.pdb   -8900.00768501935  7471.47003  5186.25320450142          -12724.7858745363           -9763.6679241332        6593.83611
design2_rebuilt_mutated_A_127_GLU_relaxed.pdb  -8898.16109180538  7457.49994  5184.68834969005          -12741.2084619786           -9788.98416568986       6335.42751
design2_rebuilt_mutated_A_35_ASN_relaxed.pdb   -8897.45944050815  7470.3347   5170.02964893841          -12764.057614619            -9747.0930934787        6727.59688
design2_rebuilt_mutated_A_60_ALA_relaxed.pdb   -8896.89066185247  7424.20396  5159.34549064716          -12671.2986766751           -9777.44325168274       6633.57954
design2_rebuilt_mutated_A_88_ILE_relaxed.pdb   -8896.88185324401  7476.70283  5185.45574278431          -12753.255105118            -9781.68633482093       6335.69771
design2_rebuilt_mutated_A_104_ALA_relaxed.pdb  -8894.54501891815  7456.84884  5180.04662878008          -12710.6575587258           -9761.36359978793       6484.94127
design2_rebuilt_mutated_A_74_LEU_relaxed.pdb   -8894.33130102093  7460.82046  5181.65879573595          -12679.43507402             -9773.06170958966       6595.99714
design2_rebuilt_mutated_A_73_ALA_relaxed.pdb   -8893.90012674503  7427.78717  5162.63338486956          -12640.6592303274           -9784.74550814473       6567.22515
design2_rebuilt_mutated_A_127_PRO_relaxed.pdb  -8893.52118344332  7432.55048  5181.25486025874          -12627.0728126466           -9774.52197986024       6544.03363
design2_rebuilt_mutated_A_45_LYS_relaxed.pdb   -8888.37079430404  7453.33947  5171.91424944572          -12703.312780986            -9773.54931413316       6574.12979
design2_rebuilt_mutated_A_72_GLY_relaxed.pdb   -8888.2046853648   7389.00116  5147.22126472602          -12682.9876801596           -9881.07161591336       6473.16405
design2_rebuilt_mutated_A_163_SER_relaxed.pdb  -8887.36122883691  7462.5455   5173.84380975892          -12742.1062582031           -9768.78261908845       6501.09167
design2_rebuilt_mutated_A_102_MET_relaxed.pdb  -8886.29964946018  7468.20478  5196.22253431821          -12683.5147544283           -9818.35972474787       6539.08603
design2_rebuilt_mutated_A_31_THR_relaxed.pdb   -8885.75151393424  7441.72197  5150.92961298372          -12752.3810362651           -9789.03781430954       6395.11038
design2_rebuilt_mutated_A_163_GLU_relaxed.pdb  -8884.19626742403  7468.6622   5176.42449542269          -12723.458218012            -9821.23756731692       6563.24063
design2_rebuilt_mutated_A_52_GLU_relaxed.pdb   -8879.10892372357  7426.71667  5149.20121346649          -12683.7046320935           -9760.95505397112       6436.98455
design2_rebuilt_mutated_A_129_ASN_relaxed.pdb  -8877.39574107395  7429.82302  5161.25718513212          -12703.0310260598           -9779.13504290756       6427.52245
design2_rebuilt_mutated_A_52_THR_relaxed.pdb   -8876.83605792231  7434.76223  5167.78745710194          -12623.1302815129           -9744.41115948935       6633.68656
design2_rebuilt_mutated_A_127_HIS_relaxed.pdb  -8876.71953781022  7468.05872  5192.79094420111          -12683.8700878718           -9817.67244619756       6488.23367
design2_rebuilt_mutated_A_63_ARG_relaxed.pdb   -8875.49771822161  7464.14425  5187.33289373778          -12645.6549497023           -9761.44907297276       6502.32444
design2_rebuilt_mutated_A_74_ALA_relaxed.pdb   -8875.05563843545  7382.24432  5140.28872463729          -12602.7202244498           -9754.95760636371       6489.13001
design2_rebuilt_mutated_A_129_ASP_relaxed.pdb  -8873.628943863    7440.55955  5170.07817069437          -12654.6267055917           -9754.84446461809       6491.54697
design2_rebuilt_mutated_A_86_ASN_relaxed.pdb   -8869.99573388948  7447.7255   5175.03314889496          -12646.0952467111           -9712.46570375859       6517.26285
design2_rebuilt_mutated_A_89_HIS_relaxed.pdb   -8867.30446969232  7477.52767  5183.50054265522          -12703.0882439092           -9771.57666532062       6495.0527
design2_rebuilt_mutated_A_84_ASN_relaxed.pdb   -8866.25935744359  7447.75532  5168.21882256812          -12699.6191337386           -9752.57460632087       6479.1414
design2_rebuilt_mutated_A_102_CYS_relaxed.pdb  -8864.91856639166  7467.43698  5177.60645971321          -12686.0714344166           -9671.10974825796       6615.81921
design2_rebuilt_mutated_A_132_ARG_relaxed.pdb  -8864.1029181599   7457.39596  5175.44570881965          -12697.8865178007           -9763.64321184636       6544.0054
design2_rebuilt_mutated_A_89_GLU_relaxed.pdb   -8862.67074366078  7462.43715  5180.01436337399          -12678.3418924844           -9738.46241634408       6297.90297
design2_rebuilt_mutated_A_72_PRO_relaxed.pdb   -8859.4913485379   7415.09304  5149.67830780051          -12667.2847029054           -9837.05285053129       6394.5814
design2_rebuilt_mutated_A_72_THR_relaxed.pdb   -8857.54670209942  7388.6414   5129.11178787922          -12653.6558901313           -9875.96764535951       6345.84092
design2_rebuilt_mutated_A_89_PRO_relaxed.pdb   -8855.51010970337  7468.51783  5186.46389227531          -12632.4983257956           -9759.45971380264       6610.32689
design2_rebuilt_mutated_A_134_TYR_relaxed.pdb  -8851.45427048353  7490.26845  5202.05473357297          -12659.5741868328           -9816.83378487789       6447.10289
design2_rebuilt_mutated_A_72_TYR_relaxed.pdb   -8848.53563185656  7417.97462  5149.85390980997          -12631.6039946138           -9734.48767178788       6608.22928
design2_rebuilt_mutated_A_100_PRO_relaxed.pdb  -8847.25291314081  7439.05325  5155.08460984162          -12665.3643272837           -9674.02411328522       6448.25175
design2_rebuilt_mutated_A_132_MET_relaxed.pdb  -8846.81166873492  7482.89409  5176.92619611812          -12711.758746354            -9730.09748495243       6546.20139
design2_rebuilt_mutated_A_70_PRO_relaxed.pdb   -8842.98966832959  7386.22042  5137.76436903174          -12578.0958717344           -9732.55245015939       6497.91606
design2_rebuilt_mutated_A_78_GLU_relaxed.pdb   -8840.50874513973  7458.15552  5168.04616119605          -12654.3693399444           -9712.46293060266       6360.3638
design2_rebuilt_mutated_A_164_GLU_relaxed.pdb  -8840.3295556307   7461.25329  5166.8893845802           -12690.988160265            -9777.64517275325       6563.87722
design2_rebuilt_mutated_A_101_CYS_relaxed.pdb  -8836.83588730717  7439.93606  5152.55174242009          -12648.9233491962           -9705.19327756789       6444.91109
design2_rebuilt_mutated_A_44_TRP_relaxed.pdb   -8834.04584932476  7534.53231  5201.96009949359          -12743.4173089389           -9707.88612171803       6674.06311
design2_rebuilt_mutated_A_33_TYR_relaxed.pdb   -8833.29610259969  7420.26494  5152.65396477129          -12627.7722875991           -9764.60297229927       6553.06743
design2_rebuilt_mutated_A_62_MET_relaxed.pdb   -8832.88123771958  7471.92188  5162.16956211031          -12726.6041701041           -9821.60159728051       6606.30608
design2_rebuilt_mutated_A_62_ASP_relaxed.pdb   -8832.60810670356  7472.51159  5161.90972642696          -12744.9327002154           -9657.75228769847       6647.99539
design2_rebuilt_mutated_A_101_ALA_relaxed.pdb  -8831.54049749001  7449.11535  5163.27338109846          -12656.2744413919           -9703.27314914278       6438.06535
design2_rebuilt_mutated_A_164_LEU_relaxed.pdb  -8827.95326055653  7455.37632  5155.84442797981          -12706.7172647349           -9864.52860009652       6632.35486
design2_rebuilt_mutated_A_80_LYS_relaxed.pdb   -8827.72073185939  7479.61863  5178.21818249084          -12736.3908429283           -9752.04513257354       6400.04638
design2_rebuilt_mutated_A_164_ASN_relaxed.pdb  -8822.13364903589  7446.59645  5158.83522806263          -12666.594733953            -9727.88476689556       6438.62448
design2_rebuilt_mutated_A_163_ARG_relaxed.pdb  -8820.63827544508  7524.7057   5203.53503099001          -12704.3634172844           -9694.58592581098       6548.529
design2_rebuilt_mutated_A_80_ILE_relaxed.pdb   -8810.80143750382  7444.9288   5146.12727493429          -12662.6047979104           -9686.2777021252        6365.42459
design2_rebuilt_mutated_A_31_GLN_relaxed.pdb   -8806.85146469878  7432.23093  5163.22369701765          -12594.8304947417           -9653.01209655008       6435.17853
design2_rebuilt_mutated_A_63_THR_relaxed.pdb   -8806.83459904695  7437.74578  5142.11188871627          -12679.7972296407           -9732.52759457382       6333.41196
design2_rebuilt_mutated_A_163_TYR_relaxed.pdb  -8805.46199196618  7469.7666   5159.91498096412          -12722.7689821616           -9734.34497791406       6625.8392
design2_rebuilt_mutated_A_100_GLY_relaxed.pdb  -8803.92849284909  7412.3097   5139.60698759688          -12637.6526316861           -9678.28984398062       6284.53084
design2_rebuilt_mutated_A_52_CYS_relaxed.pdb   -8802.62934990888  7436.76987  5156.93351127448          -12602.6653255717           -9651.30989841902       6578.47715
design2_rebuilt_mutated_A_50_MET_relaxed.pdb   -8799.47612557114  7447.08341  5156.39730776241          -12639.5074052854           -9686.09953484155       6627.08059
design2_rebuilt_mutated_A_86_SER_relaxed.pdb   -8798.32332160854  7451.84909  5163.42926699804          -12622.1051646834           -9671.21583057407       6606.36849
design2_rebuilt_mutated_A_60_SER_relaxed.pdb   -8796.60109906391  7432.50933  5155.70834879498          -12603.7300302786           -9676.21956130319       6596.93772
design2_rebuilt_mutated_A_44_SER_relaxed.pdb   -8796.4042420381   7457.97186  5151.33270962391          -12645.3436238465           -9690.26534479593       6313.6211
design2_rebuilt_mutated_A_102_SER_relaxed.pdb  -8793.53930785245  7440.88651  5164.08521289791          -12606.0613633444           -9670.85552064166       6512.95901
design2_rebuilt_mutated_A_80_ARG_relaxed.pdb   -8793.02001483776  7469.42507  5167.67611793594          -12673.6335489674           -9723.85907922296       6371.77919
design2_rebuilt_mutated_A_127_CYS_relaxed.pdb  -8792.02270198858  7433.31206  5143.86280797389          -12620.7060374014           -9717.15197499432       6424.93604
design2_rebuilt_mutated_A_126_CYS_relaxed.pdb  -8787.69405688477  7446.92093  5140.25494448112          -12654.7447525328           -9703.19388077623       6449.98839
design2_rebuilt_mutated_A_35_SER_relaxed.pdb   -8787.05779410333  7455.88875  5159.24686050862          -12631.5031821105           -9688.69282179961       6637.5951
design2_rebuilt_mutated_A_75_PHE_relaxed.pdb   -8786.1019298892   7464.15143  5164.4126859752           -12638.2127195443           -9746.88742191993       6520.04439
design2_rebuilt_mutated_A_31_PRO_relaxed.pdb   -8779.74473136445  7431.9325   5149.23777932741          -12609.6675235348           -9696.96809714485       6447.42118
design2_rebuilt_mutated_A_132_ALA_relaxed.pdb  -8777.92296499729  7478.47804  5176.43330713029          -12635.6488413595           -9689.64330477991       6425.09473
design2_rebuilt_mutated_A_73_GLU_relaxed.pdb   -8776.05874012928  7465.59213  5172.30713582963          -12625.2739527809           -9690.64283037466       6510.7956
design2_rebuilt_mutated_A_52_ASP_relaxed.pdb   -8774.92316027368  7424.44952  5137.02109182017          -12602.8311977529           -9694.24219791883       6488.76131
design2_rebuilt_mutated_A_89_PHE_relaxed.pdb   -8772.62317849807  7466.0802   5158.10920421676          -12629.2470393709           -9663.8322801826        6597.45052
design2_rebuilt_mutated_A_86_GLU_relaxed.pdb   -8771.03185038494  7468.20526  5176.46912981614          -12600.3308917348           -9664.48318788          6499.25137
design2_rebuilt_mutated_A_80_MET_relaxed.pdb   -8765.71307516218  7445.74214  5145.99012251227          -12641.1831895512           -9601.12060495072       6308.12757
design2_rebuilt_mutated_A_52_PRO_relaxed.pdb   -8762.73075765447  7445.87674  5161.8735278535           -12560.7528708704           -9605.51965084226       6699.54049
design2_rebuilt_mutated_A_74_ILE_relaxed.pdb   -8759.43686844375  7425.10569  5156.45823417713          -12530.1674246864           -9645.28334969607       6566.45144
design2_rebuilt_mutated_A_74_THR_relaxed.pdb   -8758.89615237233  7392.16576  5125.19195725486          -12532.5627988432           -9660.91056912254       6523.14589
design2_rebuilt_mutated_A_52_MET_relaxed.pdb   -8757.11821769246  7461.36439  5165.16807768367          -12578.3216011882           -9590.12198733435       6601.70855
design2_rebuilt_mutated_A_74_PRO_relaxed.pdb   -8756.81930291571  7400.64197  5140.05831835489          -12531.5225331286           -9653.12279159881       6615.45288
design2_rebuilt_mutated_A_77_VAL_relaxed.pdb   -8748.92795927805  7436.36776  5134.48953899436          -12653.3683558618           -9700.61120626913       6436.77904
design2_rebuilt_mutated_A_129_LEU_relaxed.pdb  -8741.39801433119  7454.26624  5153.78713904155          -12609.5567110191           -9634.14951986909       6406.60573
design2_rebuilt_mutated_A_125_GLY_relaxed.pdb  -8740.70492270222  7456.51133  5156.29922256105          -12569.8143951227           -9590.99670535592       6584.80571
design2_rebuilt_mutated_A_127_VAL_relaxed.pdb  -8737.08579191547  7437.88697  5151.50419925658          -12580.4968121695           -9589.10309704913       6405.01813
design2_rebuilt_mutated_A_78_TYR_relaxed.pdb   -8734.74408892764  7446.16841  5148.38338345968          -12586.9970269069           -9683.78864705485       6489.76891
design2_rebuilt_mutated_A_129_TYR_relaxed.pdb  -8730.17323235507  7481.04957  5156.78493065774          -12639.0196519767           -9658.51332273759       6400.56766
design2_rebuilt_mutated_A_80_PHE_relaxed.pdb   -8726.72270137511  7498.93121  5160.19434345687          -12676.4959627646           -9623.6667782334        6472.87174
design2_rebuilt_mutated_A_164_ARG_relaxed.pdb  -8725.7014817727   7463.86366  5148.32828190229          -12665.9897864837           -9703.52972443416       6330.90831
design2_rebuilt_mutated_A_72_SER_relaxed.pdb   -8725.28343319196  7401.84939  5122.94706117092          -12610.1978637684           -9683.08730024409       6459.34802
design2_rebuilt_mutated_A_52_VAL_relaxed.pdb   -8724.82447588134  7438.41105  5141.03869379002          -12566.3037068725           -9612.82135080093       6466.05715
design2_rebuilt_mutated_A_126_LYS_relaxed.pdb  -8724.053276243    7486.92999  5178.06214111718          -12528.4809388957           -9629.15335765142       6571.80828
design2_rebuilt_mutated_A_88_SER_relaxed.pdb   -8722.69052812007  7464.54583  5156.79114254133          -12580.1442650525           -9572.7035204399        6291.96168
design2_rebuilt_mutated_A_76_GLU_relaxed.pdb   -8714.69501438211  7466.59647  5171.70893945928          -12552.6003389474           -9585.07972234214       6442.28423
design2_rebuilt_mutated_A_74_SER_relaxed.pdb   -8703.59505514008  7372.17848  5103.65417029528          -12469.9646154764           -9592.02026088488       6454.95468
design2_rebuilt_mutated_A_89_ASP_relaxed.pdb   -8694.50661375103  7448.60484  5158.38886509502          -12517.6567917475           -9576.79055574921       6492.02098
design2_rebuilt_mutated_A_129_ILE_relaxed.pdb  -8689.02621517315  7396.047    5110.42386372152          -12485.4362966754           -9360.36836611635       6427.92127
design2_rebuilt_mutated_A_134_GLN_relaxed.pdb  -8688.33800401855  7451.56238  5140.215199543            -12566.3852433274           -9635.87963270568       6557.27376
design2_rebuilt_mutated_A_72_VAL_relaxed.pdb   -8680.41435134244  7381.39297  5106.78765372083          -12507.1217227862           -9663.97080009288       6491.5468
design2_rebuilt_mutated_A_35_PRO_relaxed.pdb   -8677.10030484538  7435.77901  5136.3319548074           -12548.3910384034           -9540.48494639722       6520.75597
design2_rebuilt_mutated_A_77_ILE_relaxed.pdb   -8675.46123803475  7468.33689  5143.85819404698          -12587.892678203            -9630.74321069695       6595.00823
design2_rebuilt_mutated_A_86_PRO_relaxed.pdb   -8675.05177261405  7472.27132  5162.5639902793           -12538.0527491413           -9555.14223064044       6473.78204
design2_rebuilt_mutated_A_62_THR_relaxed.pdb   -8673.74260284364  7446.40461  5138.11294372135          -12569.3842446649           -9610.42545013803       6535.58459
design2_rebuilt_mutated_A_129_GLN_relaxed.pdb  -8672.62323615862  7443.81535  5145.21801659567          -12516.167130199            -9576.24169399712       6572.45481
design2_rebuilt_mutated_A_74_VAL_relaxed.pdb   -8671.79771571225  7389.82253  5121.85939892738          -12437.6213300758           -9560.62477539653       6456.42605
design2_rebuilt_mutated_A_71_THR_relaxed.pdb   -8669.24316108485  7472.49063  5142.40835878408          -12583.4220506996           -9569.66747275707       6426.28036
design2_rebuilt_mutated_A_72_MET_relaxed.pdb   -8655.9098794616   7409.65039  5120.14266433599          -12508.7774688413           -9567.14264556415       6579.63658
design2_rebuilt_mutated_A_44_ALA_relaxed.pdb   -8648.44855405675  7443.18466  5122.43020091117          -12522.4678907675           -9500.21921518366       6556.15964
design2_rebuilt_mutated_A_78_ALA_relaxed.pdb   -8644.38685177649  7444.18552  5127.6791397488           -12519.3835976743           -9554.0143339701        6571.42776
design2_rebuilt_mutated_A_89_ASN_relaxed.pdb   -8642.54874904448  7466.56449  5148.96278836187          -12525.7771389843           -9513.85624691401       6372.80849
design2_rebuilt_mutated_A_74_CYS_relaxed.pdb   -8636.75265019363  7390.57122  5090.40859630744          -12470.5510671554           -9553.04114704119       6264.2663
design2_rebuilt_mutated_A_163_CYS_relaxed.pdb  -8632.64790585728  7463.7322   5131.35435359575          -12547.7626600839           -9558.4826781611        6488.47248
design2_rebuilt_mutated_A_126_SER_relaxed.pdb  -8622.87410102777  7443.22698  5105.55739044431          -12526.838770338            -9484.69007376371       6470.74437
design2_rebuilt_mutated_A_71_LYS_relaxed.pdb   -8620.56632157299  7483.78587  5153.40548001913          -12577.1640922419           -9506.60181707092       6614.7478
design2_rebuilt_mutated_A_44_ASN_relaxed.pdb   -8617.34475514714  7451.99222  5130.41651678749          -12526.9797411116           -9517.88215308464       6338.71309
design2_rebuilt_mutated_A_132_THR_relaxed.pdb  -8616.31103225018  7441.65668  5117.72206008899          -12532.920793219            -9545.31180315838       6548.94717
design2_rebuilt_mutated_A_75_GLY_relaxed.pdb   -8616.1599843976   7433.81298  5122.3247367371           -12497.3210025902           -9508.4371184084        6414.03953
design2_rebuilt_mutated_A_132_HIS_relaxed.pdb  -8606.35273939998  7449.3967   5129.42422405437          -12498.9800467599           -9488.20090314314       6312.28723
design2_rebuilt_mutated_A_127_LEU_relaxed.pdb  -8606.06870345649  7440.12404  5124.25355008588          -12486.5716150811           -9564.52040799325       6431.6786
design2_rebuilt_mutated_A_49_ARG_relaxed.pdb   -8603.59734413082  7523.86588  5171.78049397785          -12550.3487017677           -9507.7211417216        6704.06671
design2_rebuilt_mutated_A_88_ASP_relaxed.pdb   -8595.1052887044   7463.37732  5152.60743212519          -12444.7588199764           -9484.0225188716        6331.15184
design2_rebuilt_mutated_A_74_LYS_relaxed.pdb   -8591.74808360861  7469.31472  5153.83028807188          -12425.1367928848           -9462.41275383361       6482.53125
design2_rebuilt_mutated_A_86_ALA_relaxed.pdb   -8573.40397264134  7438.28381  5124.87093861642          -12428.4798239237           -9409.49469475642       6347.54362
design2_rebuilt_mutated_A_164_LYS_relaxed.pdb  -8572.83107945336  7464.3718   5124.45219153472          -12556.789713868            -9551.80132671708       6331.70177
design2_rebuilt_mutated_A_101_PHE_relaxed.pdb  -8562.15510947596  7469.28248  5125.78382521695          -12526.5399428164           -9429.98738042713       6619.39782
design2_rebuilt_mutated_A_127_ILE_relaxed.pdb  -8550.6652202327   7438.44276  5134.74508539369          -12388.3146712277           -9453.71408801794       6478.23496
design2_rebuilt_mutated_A_49_HIS_relaxed.pdb   -8550.52794891294  7482.04196  5151.10341369728          -12455.2550592162           -9458.2818374937        6639.48547
design2_rebuilt_mutated_A_163_ASN_relaxed.pdb  -8549.95808984545  7424.85525  5110.6087451488           -12442.5491266804           -9482.37784070005       6439.42891
design2_rebuilt_mutated_A_127_ASP_relaxed.pdb  -8546.2007164756   7459.90064  5132.51081521503          -12488.423047048            -9563.865637408         6479.26018
design2_rebuilt_mutated_A_89_VAL_relaxed.pdb   -8542.04900197837  7453.53325  5129.01702830323          -12458.5869174534           -9446.89923256352       6305.98656
design2_rebuilt_mutated_A_86_CYS_relaxed.pdb   -8538.50229095373  7424.81294  5107.45775046472          -12417.9919835869           -9405.44950519318       6555.7179
design2_rebuilt_mutated_A_72_ALA_relaxed.pdb   -8534.90181587779  7390.44459  5082.23851159547          -12474.2215505974           -9552.55187245999       6463.65012
design2_rebuilt_mutated_A_44_CYS_relaxed.pdb   -8520.03398725748  7452.82685  5107.51223525253          -12451.9799858308           -9433.18828995451       6641.56949
design2_rebuilt_mutated_A_101_VAL_relaxed.pdb  -8516.5778589514   7435.5682   5114.91177417889          -12393.4696526174           -9428.08550547093       6424.26054
design2_rebuilt_mutated_A_102_GLY_relaxed.pdb  -8409.86470014821  7424.87052  5109.7335377144           -12251.3118128451           -9279.62005230958       6574.46285
design2_rebuilt_mutated_A_89_GLY_relaxed.pdb   -8388.15649954902  7445.04048  5121.98373932228          -12250.6774068021           -9265.50213525395       6566.93251
design2_rebuilt_mutated_A_126_ALA_relaxed.pdb  -8353.932862486    7420.36737  5060.8129407618           -12296.3910555649           -9253.88878793799       6418.22635
design2_rebuilt_mutated_A_88_GLY_relaxed.pdb   -8338.46687696311  7374.72725  5076.48290190855          -12150.3304709662           -9262.7273666134        6327.6316
design2_rebuilt_mutated_A_127_GLY_relaxed.pdb  -8335.31129183955  7435.27818  5086.7230685568           -12264.1538067553           -9228.87329167641       6418.47491
design2_rebuilt_mutated_A_102_LYS_relaxed.pdb  -8289.7749637023   7471.63631  5129.79558164395          -12184.8182190627           -9157.68570412836       6489.18592
design2_rebuilt_mutated_A_73_HIS_relaxed.pdb   -8239.84299731832  7432.7625   5047.55602962392          -12291.3828943885           -9250.33396014281       6300.25386
design2_rebuilt_mutated_A_74_GLY_relaxed.pdb   -8131.59036715179  7347.36963  5001.30114950097          -12081.3155685559           -9103.43405187525       6221.38422
design2_rebuilt_mutated_A_49_LYS_relaxed.pdb   -8073.4540610973   7517.42555  5095.28483463608          -12144.0228087143           -8914.61235649621       6743.62629
design2_rebuilt_mutated_A_101_GLY_relaxed.pdb  -7904.94627895584  7433.78339  5030.84893470173          -11938.685391653            -8860.02419228595       6466.21757
design3_rebuilt_mutated_A_45_TRP_relaxed.pdb   -1463.15639911587  3058.47806  1790.79816425121          -3709.10302447194           -2334.50550392743       2143.29795
design3_rebuilt_mutated_A_45_ARG_relaxed.pdb   -1450.30646217489  3054.15616  1783.12766165076          -3707.03693918534           -2358.45946794326       2016.8328
design3_rebuilt_mutated_A_28_TYR_relaxed.pdb   -1305.88678512788  3024.41605  1765.95110110853          -3561.57823920971           -2331.13861790259       2039.69016
design3_rebuilt_mutated_A_24_TYR_relaxed.pdb   -1284.33943484029  3059.05436  1776.30973518512          -3567.39848111653           -2278.57585383151       2149.69469
design3_rebuilt_mutated_A_45_MET_relaxed.pdb   -1212.19138937275  3037.19356  1743.78672623799          -3524.64779009451           -2178.56009784164       2116.28769
design3_rebuilt_mutated_A_42_LEU_relaxed.pdb   -1206.06147714552  3047.82812  1760.08771894179          -3508.27780218765           -2209.32225892407       2063.59287
design3_rebuilt_mutated_A_42_ILE_relaxed.pdb   -1187.76621244641  3068.48905  1767.08404323058          -3543.44856787912           -2229.79131066369       2092.96216
design3_rebuilt_mutated_A_49_ILE_relaxed.pdb   -1182.63102716739  3052.72227  1756.34871190279          -3467.89328079678           -2143.94360984134       2010.76587
design3_rebuilt_mutated_A_42_ASP_relaxed.pdb   -1155.8597172749   3038.00712  1745.48864588226          -3472.39343601829           -2121.4177909546        1986.64757
design3_rebuilt_mutated_A_24_ASN_relaxed.pdb   -1147.78033761305  3013.17126  1732.06129995069          -3444.97315691561           -2135.19946990488       2290.298
design3_rebuilt_mutated_A_24_PHE_relaxed.pdb   -1137.20118298378  3051.21843  1747.26793402169          -3471.44114492744           -2154.75007752721       2004.27259
design3_rebuilt_mutated_A_17_TRP_relaxed.pdb   -1119.16467231816  3068.4917   1752.29104300598          -3466.99699593802           -2137.50765296579       2036.31908
design3_rebuilt_mutated_A_20_ARG_relaxed.pdb   -1106.45850845528  3065.41914  1745.04284811213          -3453.15012561582           -2116.12931039179       2076.53425
design3_rebuilt_mutated_A_24_THR_relaxed.pdb   -1099.33514901583  3016.58441  1726.88241205007          -3430.94284486997           -2148.99042982921       2075.06527
design3_rebuilt_mutated_A_20_HIS_relaxed.pdb   -1097.46998974476  3033.90436  1728.38683576715          -3437.77280096924           -2120.18699527076       2067.53093
design3_rebuilt_mutated_A_24_ILE_relaxed.pdb   -1090.82050358498  3033.52893  1733.14368204764          -3423.39157584014           -2125.81303742013       2081.65477
design3_rebuilt_mutated_A_42_ASN_relaxed.pdb   -1074.74092760203  3033.77367  1726.97006318744          -3402.16360683236           -2094.09175159543       1993.79852
design3_rebuilt_mutated_A_24_MET_relaxed.pdb   -1064.93025097776  3033.6541   1726.06605381453          -3420.91399686355           -2068.53040973012       2153.97895
design3_rebuilt_mutated_A_45_LEU_relaxed.pdb   -1063.36482100289  3012.49839  1714.55295651337          -3359.51321771285           -1990.81908715086       2295.82136
design3_rebuilt_mutated_A_42_SER_relaxed.pdb   -1052.4445798825   3056.64578  1731.58879584448          -3406.68088060386           -2057.71556523398       2145.59824
design3_rebuilt_mutated_A_49_ARG_relaxed.pdb   -1050.61809405227  3091.63051  1754.16762529753          -3457.81669921987           -2167.58100856169       2072.31121
design3_rebuilt_mutated_A_42_VAL_relaxed.pdb   -1047.91285627271  3045.56609  1727.24045921591          -3390.57681396252           -2030.52923324712       2039.24942
design3_rebuilt_mutated_A_42_PRO_relaxed.pdb   -1047.90652827637  3060.78927  1737.24982002829          -3435.25245117569           -2130.82050015504       2073.35544
design3_rebuilt_mutated_A_48_TRP_relaxed.pdb   -1046.02196235316  3043.81085  1723.68572451377          -3403.92701977884           -2085.6853514311        2019.11765
design3_rebuilt_mutated_A_20_TYR_relaxed.pdb   -1030.17386176919  3054.37916  1729.25017782499          -3409.58939588918           -2083.34283360216       2005.90838
design3_rebuilt_mutated_A_24_VAL_relaxed.pdb   -1029.81149048044  3042.83492  1725.00850735279          -3391.44409544813           -2044.46287287176       2148.94311
design3_rebuilt_mutated_A_24_LYS_relaxed.pdb   -1023.1853362373   3035.50512  1720.702485838            -3400.8851017363            -2033.31988751607       1920.12151
design3_rebuilt_mutated_A_38_THR_relaxed.pdb   -1006.49245680428  3024.36919  1707.81370905648          -3352.10280139119           -1976.22890594368       2162.95846
design3_rebuilt_mutated_A_20_LEU_relaxed.pdb   -998.522693411676  3034.33668  1713.46190143595          -3368.63413436657           -2005.46841825862       2113.38366
design3_rebuilt_mutated_A_24_HIS_relaxed.pdb   -996.031089916154  3029.27198  1715.04153796194          -3364.54280318562           -2056.81153429816       2090.866
design3_rebuilt_mutated_A_42_TRP_relaxed.pdb   -987.697554388096  3062.43765  1721.43749149855          -3389.60739510578           -2036.4304897232        2127.07932
design3_rebuilt_mutated_A_17_ARG_relaxed.pdb   -983.857173728147  3078.15356  1729.07362913898          -3409.85201404551           -2014.26775600152       2082.65729
design3_rebuilt_mutated_A_52_TYR_relaxed.pdb   -983.625362705524  3050.89164  1714.35770477877          -3356.46071575606           -1959.18134570781       2060.92179
design3_rebuilt_mutated_A_17_LEU_relaxed.pdb   -982.96800669105   3050.13562  1709.26959704505          -3374.76448990471           -1953.10002828583       2143.83636
design3_rebuilt_mutated_A_17_GLN_relaxed.pdb   -977.578825616285  3044.79492  1712.30473024785          -3345.16592192185           -1959.01282078125       1953.00776
design3_rebuilt_mutated_A_42_ALA_relaxed.pdb   -977.306693760637  3055.16895  1716.62302150479          -3366.87655730496           -2015.09348384866       2016.7874
design3_rebuilt_mutated_A_13_TRP_relaxed.pdb   -974.359710314386  3041.39142  1706.40308308251          -3363.25399775186           -1877.98446973146       1927.22729
design3_rebuilt_mutated_A_24_SER_relaxed.pdb   -972.988980311502  3014.55878  1702.03938209868          -3324.81399425544           -2020.70665090288       2040.63289
design3_rebuilt_mutated_A_59_TYR_relaxed.pdb   -972.014343335977  3065.47119  1716.57776357483          -3321.39300043715           -1846.35156043735       2135.49659
design3_rebuilt_mutated_A_24_CYS_relaxed.pdb   -971.846343720545  3018.41871  1705.83906123052          -3336.85554277554           -2004.93528502677       2105.90882
design3_rebuilt_mutated_A_24_LEU_relaxed.pdb   -971.007092122738  3026.72645  1705.34959177842          -3368.50469099916           -2029.37261445435       2039.63649
design3_rebuilt_mutated_A_20_ASN_relaxed.pdb   -969.784313240935  3026.31923  1702.23347579814          -3360.88872253381           -1983.41688002734       2091.25666
design3_rebuilt_mutated_A_24_GLN_relaxed.pdb   -968.45305644149   3034.85168  1711.11304624434          -3366.88339903544           -2069.11488259137       2027.84624
design3_rebuilt_mutated_A_24_ASP_relaxed.pdb   -967.720723079669  3029.36894  1713.3802134402           -3361.95476455284           -2048.78150523299       2092.98819
design3_rebuilt_mutated_A_45_ILE_relaxed.pdb   -966.323042269021  3021.28095  1696.65308758675          -3329.14393885827           -1986.99785899271       2055.20087
design3_rebuilt_mutated_A_28_PRO_relaxed.pdb   -964.028318334281  3021.96505  1700.50095326929          -3346.20944779977           -2000.82354083838       2030.97361
design3_rebuilt_mutated_A_38_GLN_relaxed.pdb   -959.924859413758  3066.41401  1719.94014654155          -3338.64425705102           -1953.57737189121       2170.79515
design3_rebuilt_mutated_A_42_CYS_relaxed.pdb   -955.660355975145  3044.24123  1705.38699410199          -3338.8790742507            -1966.05534888166       2089.73382
design3_rebuilt_mutated_A_24_GLY_relaxed.pdb   -953.566835072903  3002.6339   1695.860506306            -3309.01142098858           -1957.54654402057       1919.15777
design3_rebuilt_mutated_A_63_GLY_relaxed.pdb   -950.153034853973  2979.17631  1673.85834878985          -3244.7346315514            -1854.49201264433       2065.13955
design3_rebuilt_mutated_A_45_THR_relaxed.pdb   -948.602742799499  3021.29282  1700.19117132439          -3329.29991803883           -1978.53643604625       2013.10405
design3_rebuilt_mutated_A_24_GLU_relaxed.pdb   -947.198682097012  3026.74965  1702.09491386816          -3340.40249295447           -1977.48471520504       2286.05024
design3_rebuilt_mutated_A_38_PRO_relaxed.pdb   -946.485719828966  3043.24413  1705.44607604889          -3330.43981819248           -1947.9791865449        2156.89555
design3_rebuilt_mutated_A_34_TRP_relaxed.pdb   -944.732031575496  3058.60111  1715.21514991901          -3360.15762962602           -2001.92079100302       2020.03062
design3_rebuilt_mutated_A_20_THR_relaxed.pdb   -941.503776396419  3007.99744  1688.80386286124          -3325.39924080328           -2003.47322595896       1982.38887
design3_rebuilt_mutated_A_13_PHE_relaxed.pdb   -939.929145023351  3023.86902  1694.15413609298          -3282.49086341586           -1882.56822626263       2084.67696
design3_rebuilt_mutated_A_20_ASP_relaxed.pdb   -939.487024340051  3019.34434  1698.58240462524          -3340.76471695733           -2033.67376659191       2025.72065
design3_rebuilt_mutated_A_26_SER_relaxed.pdb   -935.674271329828  3011.32184  1690.33913445586          -3299.52402871142           -1881.12721199192       2283.50581
design3_rebuilt_mutated_A_38_GLU_relaxed.pdb   -935.559181755589  3066.92764  1718.2346977167           -3327.66122604508           -1927.18391645564       2193.93481
design3_rebuilt_mutated_A_24_PRO_relaxed.pdb   -934.057950148464  3015.00556  1700.36307936008          -3294.31365945418           -1931.1597214612        2047.31952
design3_rebuilt_mutated_A_16_GLY_relaxed.pdb   -931.943023250522  3017.0905   1687.91730417464          -3295.55294263578           -1956.71905904366       1942.06381
design3_rebuilt_mutated_A_27_SER_relaxed.pdb   -929.557597799444  2952.67705  1657.08500931208          -3234.70135582339           -1981.38107433705       2052.01676
design3_rebuilt_mutated_A_45_GLU_relaxed.pdb   -928.638082303556  3027.09159  1697.33624947231          -3297.42526730171           -1916.34940684438       1919.46558
design3_rebuilt_mutated_A_42_THR_relaxed.pdb   -928.241873786176  3019.9313   1692.55158655196          -3314.04239490471           -1958.08622977792       2025.85698
design3_rebuilt_mutated_A_13_ARG_relaxed.pdb   -926.307000639237  3004.65989  1680.50895968071          -3276.61475940206           -1890.27840831763       1888.63039
design3_rebuilt_mutated_A_17_MET_relaxed.pdb   -924.068668233319  3045.04805  1700.98718774462          -3340.13030963346           -1887.63871213557       1663.11465
design3_rebuilt_mutated_A_27_TRP_relaxed.pdb   -923.175894337283  3029.2198   1694.66705098             -3302.66137980254           -1986.07639079616       2003.59278
design3_rebuilt_mutated_A_49_GLU_relaxed.pdb   -922.400415572839  3037.07392  1694.43057148639          -3310.25590345735           -1935.13981717383       2011.77281
design3_rebuilt_mutated_A_17_TYR_relaxed.pdb   -920.074545831784  3078.79714  1721.06273971098          -3325.02196677618           -1805.68993045576       2205.04655
design3_rebuilt_mutated_A_26_TRP_relaxed.pdb   -919.79456049793   3039.98009  1704.38063239935          -3280.24317899122           -1864.82360694618       2172.67156
design3_rebuilt_mutated_A_6_TYR_relaxed.pdb    -917.805466338292  2988.57557  1681.74604976471          -3273.54589778034           -1758.9005964846        1615.25948
design3_rebuilt_mutated_A_24_ALA_relaxed.pdb   -916.638260002077  3014.26039  1691.94729936136          -3304.54986035986           -1963.29843546718       2007.61907
design3_rebuilt_mutated_A_26_ILE_relaxed.pdb   -915.178544484116  3027.40353  1697.17999622983          -3295.77726881972           -1909.91597797058       2295.34079
design3_rebuilt_mutated_A_49_VAL_relaxed.pdb   -912.678391520784  3053.00105  1709.35349948518          -3322.98580997085           -1951.39901653587       1991.81806
design3_rebuilt_mutated_A_38_TYR_relaxed.pdb   -910.441499462907  3012.75062  1687.92526988708          -3318.62422151693           -1988.56391115007       2231.99703
design3_rebuilt_mutated_A_20_LYS_relaxed.pdb   -909.46373255072   3049.85719  1702.50116288712          -3350.34725240858           -1997.73896420674       2022.15102
design3_rebuilt_mutated_A_6_ASP_relaxed.pdb    -909.203172164954  2990.28369  1678.97143197878          -3266.2710108228            -1831.24026316128       2035.22806
design3_rebuilt_mutated_A_55_ASP_relaxed.pdb   -907.250483071936  3003.42748  1675.88809437881          -3285.63679061247           -1939.8463124803        2117.21445
design3_rebuilt_mutated_A_20_GLU_relaxed.pdb   -906.579408939588  3021.96635  1691.91012961599          -3281.6927806775            -1957.67641514          2164.6599
design3_rebuilt_mutated_A_20_ILE_relaxed.pdb   -905.996101084532  3010.53257  1682.90106005896          -3267.20063029564           -1906.63835934747       2180.87033
design3_rebuilt_mutated_A_9_PHE_relaxed.pdb    -903.948267894379  3059.07093  1707.08616593411          -3332.04479474685           -1912.76245217618       2231.72445
design3_rebuilt_mutated_A_30_TYR_relaxed.pdb   -903.146095962241  3013.81296  1683.68449325774          -3273.22444281915           -1865.55134804482       2168.93858
design3_rebuilt_mutated_A_59_GLN_relaxed.pdb   -895.147867271416  3037.5494   1692.42186361292          -3251.04980559882           -1820.78833750504       2163.4318
design3_rebuilt_mutated_A_55_GLY_relaxed.pdb   -894.489847128794  2982.07917  1664.82213132374          -3246.3741196365            -1831.90080312061       2047.77348
design3_rebuilt_mutated_A_20_GLN_relaxed.pdb   -890.852699806106  3024.33448  1690.60872272743          -3295.99227816749           -1921.69868779187       2114.84915
design3_rebuilt_mutated_A_26_THR_relaxed.pdb   -885.980437939031  3026.13829  1689.11691594921          -3282.66543148482           -1893.35187372077       2293.50693
design3_rebuilt_mutated_A_49_LYS_relaxed.pdb   -883.001772284854  3045.97974  1694.59846902533          -3331.28511709907           -2008.84260072676       2068.42112
design3_rebuilt_mutated_A_58_TYR_relaxed.pdb   -882.572733107743  3039.9835   1691.01562386267          -3289.88006250776           -1908.861702132         2098.00194
design3_rebuilt_mutated_A_6_LYS_relaxed.pdb    -882.259393875439  3024.44543  1697.84318336384          -3297.60057230386           -1876.83120650413       2316.66286
design3_rebuilt_mutated_A_30_VAL_relaxed.pdb   -880.991802775571  3010.19438  1672.38540863209          -3267.54895996822           -1866.68130143036       1895.59023
design3_rebuilt_mutated_A_49_GLN_relaxed.pdb   -880.181331260068  3058.9866   1697.1686436702           -3320.01856288588           -1971.38199560399       2005.6143
design3_rebuilt_mutated_A_16_ASP_relaxed.pdb   -880.019717379425  3024.8954   1685.44281178603          -3289.86362893134           -1984.56782096876       1984.62934
design3_rebuilt_mutated_A_52_TRP_relaxed.pdb   -879.363844209251  3037.10029  1685.20305621353          -3287.37241976094           -1902.15061841052       2036.38299
design3_rebuilt_mutated_A_6_PHE_relaxed.pdb    -876.974204167524  2988.28897  1675.32865715943          -3251.62036785724           -1752.37840526083       1647.62694
design3_rebuilt_mutated_A_52_VAL_relaxed.pdb   -876.654269055146  3033.30077  1685.12420393053          -3293.64327382176           -1890.04285373385       2175.12979
design3_rebuilt_mutated_A_45_PRO_relaxed.pdb   -874.333859340711  3017.69793  1685.41562743167          -3280.80913780092           -1914.38479022104       2032.62042
design3_rebuilt_mutated_A_55_ILE_relaxed.pdb   -872.938016487949  3031.76175  1685.75148002524          -3232.56180737526           -1813.30654746558       2092.76636
design3_rebuilt_mutated_A_20_ALA_relaxed.pdb   -870.680997074299  3002.81786  1672.11657451044          -3274.14057219784           -1882.04632330086       2288.19403
design3_rebuilt_mutated_A_58_HIS_relaxed.pdb   -869.461152795029  3029.37576  1680.28577526972          -3265.49231993697           -1911.03475712815       2041.6681
design3_rebuilt_mutated_A_3_ARG_relaxed.pdb    -869.310470876026  3076.10797  1710.23615335425          -3277.10403866816           -1830.28030671393       2018.7098
design3_rebuilt_mutated_A_20_SER_relaxed.pdb   -869.16033766019   3006.11968  1670.32028466499          -3279.56811223611           -1871.24337058362       2292.00357
design3_rebuilt_mutated_A_38_PHE_relaxed.pdb   -868.948972196237  3004.82493  1677.16221916194          -3300.71362107297           -2017.11655777397       2049.84693
design3_rebuilt_mutated_A_49_THR_relaxed.pdb   -868.638933897975  3012.92991  1672.42269417379          -3267.18560480655           -1868.7744806053        2082.543
design3_rebuilt_mutated_A_44_ILE_relaxed.pdb   -868.160572956641  3011.79348  1671.20394780737          -3248.00805441749           -1841.32551131065       2101.96861
design3_rebuilt_mutated_A_20_CYS_relaxed.pdb   -866.075921414997  3015.32835  1677.81373430111          -3274.69087000891           -1876.23985590454       2292.76312
design3_rebuilt_mutated_A_13_TYR_relaxed.pdb   -865.740042932066  3031.56841  1692.03667719765          -3257.09486802204           -1811.08584412468       1979.00734
design3_rebuilt_mutated_A_59_ASP_relaxed.pdb   -860.584340691757  3036.89156  1684.21144673594          -3244.02822039278           -1824.85462909393       2089.57399
design3_rebuilt_mutated_A_44_ASP_relaxed.pdb   -860.487442918793  3013.31094  1671.37847460664          -3262.55739151845           -1892.33105554418       1904.20735
design3_rebuilt_mutated_A_30_PHE_relaxed.pdb   -860.249270049384  3011.21173  1673.39528474681          -3251.37571910097           -1835.33796752823       2139.33027
design3_rebuilt_mutated_A_49_PHE_relaxed.pdb   -860.161346142272  3053.7439   1695.28694946722          -3278.91959805236           -1919.63141165777       2101.63065
design3_rebuilt_mutated_A_16_ALA_relaxed.pdb   -858.70279751215   3024.46367  1681.83981969296          -3273.21507922267           -2009.62441931883       1930.59101
design3_rebuilt_mutated_A_28_ALA_relaxed.pdb   -858.323158093679  3017.01642  1675.14303137821          -3279.51486934042           -1877.96167644601       2024.25857
design3_rebuilt_mutated_A_55_PRO_relaxed.pdb   -855.431035365481  2996.0947   1661.86763794975          -3218.1094404242            -1858.36164903061       2081.94935
design3_rebuilt_mutated_A_45_ALA_relaxed.pdb   -854.693631838361  3023.76348  1682.55711654137          -3269.66053957342           -1819.81846534131       2342.36938
design3_rebuilt_mutated_A_52_MET_relaxed.pdb   -854.379712226989  3040.86225  1687.31153885384          -3274.53336684476           -1822.00872034743       2181.78931
design3_rebuilt_mutated_A_31_ALA_relaxed.pdb   -853.858589700543  3019.64785  1673.67996875159          -3258.7402804384            -1938.0765534985        2097.19557
design3_rebuilt_mutated_A_16_PRO_relaxed.pdb   -853.585622357109  3020.5489   1677.86483468582          -3249.10842741591           -1910.64492502909       1935.35926
design3_rebuilt_mutated_A_26_LEU_relaxed.pdb   -852.300760001908  3022.26201  1679.05146856954          -3256.56729244116           -1851.02239121749       2151.48258
design3_rebuilt_mutated_A_45_GLN_relaxed.pdb   -852.214981893018  3052.05879  1698.95669633523          -3275.07958001858           -1907.31079540123       2030.5393
design3_rebuilt_mutated_A_31_SER_relaxed.pdb   -850.63221281498   3016.58505  1669.90141291371          -3258.69905138288           -1939.57249656808       2017.60196
design3_rebuilt_mutated_A_17_GLU_relaxed.pdb   -849.928305326595  3041.64646  1685.54621130498          -3284.57110978637           -1932.87652201215       1887.49803
design3_rebuilt_mutated_A_37_ASN_relaxed.pdb   -848.532333488261  3036.93288  1678.41150457644          -3269.97134199817           -1854.40099949576       1985.57522
design3_rebuilt_mutated_A_2_MET_relaxed.pdb    -848.121968933483  3040.45564  1688.8233046121           -3295.78984846273           -1861.81985135216       2335.77869
design3_rebuilt_mutated_A_48_TYR_relaxed.pdb   -844.81715852128   3045.61839  1688.77734022829          -3260.30439737972           -1891.58890893909       2172.74853
design3_rebuilt_mutated_A_58_PHE_relaxed.pdb   -843.767260163004  3026.42154  1682.68201336996          -3243.59449465504           -1870.25976554993       2063.60954
design3_rebuilt_mutated_A_48_MET_relaxed.pdb   -843.223279503829  3049.73084  1687.72834628125          -3242.87010751492           -1828.99253897          2095.62812
design3_rebuilt_mutated_A_2_TYR_relaxed.pdb    -842.049764401054  3037.23319  1687.40009895445          -3310.38528719228           -1885.73252063881       2118.40831
design3_rebuilt_mutated_A_52_GLN_relaxed.pdb   -841.962245170329  3002.67996  1661.48483297392          -3234.22279205685           -1897.65667848137       2040.3765
design3_rebuilt_mutated_A_30_ASP_relaxed.pdb   -841.25079013185   3025.62702  1679.21517639997          -3246.64638066144           -1945.04876320337       1984.50351
design3_rebuilt_mutated_A_59_HIS_relaxed.pdb   -841.044752824802  3044.61164  1682.36369763454          -3233.43771707461           -1779.89991221473       2097.57614
design3_rebuilt_mutated_A_52_PHE_relaxed.pdb   -840.757823356589  3047.08289  1686.71103123462          -3276.34500211025           -1842.38577640222       2158.94736
design3_rebuilt_mutated_A_13_GLY_relaxed.pdb   -839.772475107885  3017.91297  1668.8705606562           -3264.0823647305            -1837.11626950479       1582.22057
design3_rebuilt_mutated_A_16_GLN_relaxed.pdb   -839.082874745204  3019.14192  1680.1578423199           -3233.84757598574           -1817.96441446021       2267.80698
design3_rebuilt_mutated_A_37_VAL_relaxed.pdb   -838.232287654833  3042.73079  1676.74536285645          -3280.82627217011           -1884.85286904564       2025.75141
design3_rebuilt_mutated_A_44_PHE_relaxed.pdb   -837.509881544312  3016.0582   1667.77995864349          -3216.83113089332           -1821.06789840533       2181.11585
design3_rebuilt_mutated_A_16_CYS_relaxed.pdb   -837.339016728166  3030.62489  1681.69766045382          -3268.37856490574           -1979.9711797459        1932.29272
design3_rebuilt_mutated_A_20_VAL_relaxed.pdb   -836.303752069967  3008.96463  1670.79547906669          -3246.12170784254           -1869.26077523524       2119.04532
design3_rebuilt_mutated_A_6_GLY_relaxed.pdb    -835.00429746949   2988.90453  1660.98843363496          -3220.59460188475           -1801.2654252771        2085.14843
design3_rebuilt_mutated_A_49_HIS_relaxed.pdb   -834.368389930986  3035.31418  1680.49675213838          -3283.17445892874           -1888.90487922726       2011.11401
design3_rebuilt_mutated_A_49_LEU_relaxed.pdb   -834.193743858295  3022.56187  1673.88292123694          -3238.96263964857           -1851.47784226269       2143.57699
design3_rebuilt_mutated_A_62_GLY_relaxed.pdb   -833.250819024079  3017.17837  1672.75059833213          -3249.56513242996           -1870.71043433126       2117.07565
design3_rebuilt_mutated_A_26_TYR_relaxed.pdb   -831.976129010446  3027.43387  1678.18376704483          -3216.47516759769           -1816.86068130535       2140.24998
design3_rebuilt_mutated_A_45_ASN_relaxed.pdb   -831.221933095916  3013.00676  1673.27791793478          -3235.45783788424           -1831.20760058572       1965.85339
design3_rebuilt_mutated_A_9_TYR_relaxed.pdb    -830.528822602093  3025.043    1675.8913032707           -3260.92955445463           -1863.81908266946       2178.42378
design3_rebuilt_mutated_A_27_PRO_relaxed.pdb   -828.052050266886  2979.63314  1651.7533318802           -3197.8738219116            -1899.95028519257       2066.32633
design3_rebuilt_mutated_A_55_HIS_relaxed.pdb   -827.546131372667  3057.44252  1687.12180500051          -3229.94327684464           -1780.81364857544       1617.54289
design3_rebuilt_mutated_A_26_HIS_relaxed.pdb   -826.676154523024  3026.21967  1677.7209440197           -3233.47971589739           -1890.69394007224       1915.62045
design3_rebuilt_mutated_A_2_GLY_relaxed.pdb    -826.382526953834  3010.91193  1669.87328643753          -3228.93053509828           -1806.75656079254       1919.69604
design3_rebuilt_mutated_A_17_THR_relaxed.pdb   -824.836572566142  3037.00148  1682.46539064392          -3254.51374607205           -1763.52753803302       2120.64996
design3_rebuilt_mutated_A_42_GLY_relaxed.pdb   -824.808107900705  3045.04791  1682.30353510429          -3282.16024025394           -1934.67909008502       2053.02797
design3_rebuilt_mutated_A_49_PRO_relaxed.pdb   -822.960171989121  3017.75514  1665.87781999539          -3273.40433686482           -1923.2962138966        2050.86406
design3_rebuilt_mutated_A_20_PRO_relaxed.pdb   -822.899570885095  2999.71518  1661.43736115507          -3253.58023835081           -1883.67042530048       1919.85803
design3_rebuilt_mutated_A_2_VAL_relaxed.pdb    -821.748550783441  3027.25563  1674.60809368411          -3276.30718781485           -1842.7433396925        1913.96136
design3_rebuilt_mutated_A_45_VAL_relaxed.pdb   -821.625649476103  3020.95743  1675.87134295768          -3244.95788624744           -1816.74857424768       1862.06211
design3_rebuilt_mutated_A_37_ARG_relaxed.pdb   -820.716963976266  3065.73077  1690.2686314804           -3268.106369292             -1790.03755791376       2269.40383
design3_rebuilt_mutated_A_31_VAL_relaxed.pdb   -820.18337377157   3018.40569  1664.73090337838          -3220.48459992194           -1853.70601208885       2118.64859
design3_rebuilt_mutated_A_58_ARG_relaxed.pdb   -819.986387123372  3038.28645  1678.36181447476          -3275.55274141598           -1889.5489946059        2018.35509
design3_rebuilt_mutated_A_52_HIS_relaxed.pdb   -819.422079380923  3050.92698  1681.23639027297          -3263.81557049156           -1868.81747594254       2084.03316
design3_rebuilt_mutated_A_37_HIS_relaxed.pdb   -819.118125757563  3013.55295  1664.18069696452          -3236.92785595212           -1882.61268879188       1912.91576
design3_rebuilt_mutated_A_16_ARG_relaxed.pdb   -819.095750669067  3052.93003  1685.90539341356          -3272.64153141508           -1843.06116020511       2080.82444
design3_rebuilt_mutated_A_48_HIS_relaxed.pdb   -818.643101734231  3043.59929  1682.8973933927           -3286.92836619431           -1969.21146124624       2104.75498
design3_rebuilt_mutated_A_6_ASN_relaxed.pdb    -818.579772884544  2985.22343  1660.8398466027           -3189.47732377805           -1749.09957231475       2103.58334
design3_rebuilt_mutated_A_59_PHE_relaxed.pdb   -818.399223747423  3069.40037  1693.1644181698           -3242.06163910379           -1804.34895724165       2113.07272
design3_rebuilt_mutated_A_37_GLU_relaxed.pdb   -818.257706714679  3057.09382  1681.70959617227          -3264.01270378569           -1849.98081904334       1973.68458
design3_rebuilt_mutated_A_37_THR_relaxed.pdb   -817.792990323376  3034.01272  1672.16874896796          -3251.19006148301           -1848.8097827752        2011.98668
design3_rebuilt_mutated_A_63_ILE_relaxed.pdb   -815.454285706598  3013.65382  1668.81057040078          -3191.51350673192           -1812.44559904223       2032.48454
design3_rebuilt_mutated_A_20_MET_relaxed.pdb   -814.933515239556  3026.12546  1680.2114257128           -3243.38209735156           -1850.05619698393       2296.60067
design3_rebuilt_mutated_A_59_VAL_relaxed.pdb   -814.015439914696  3030.65696  1675.50018324222          -3223.75319206462           -1826.08092571619       2076.2573
design3_rebuilt_mutated_A_44_GLU_relaxed.pdb   -812.586764330039  3026.33331  1669.61045329243          -3243.9573920354            -1856.26911394926       2055.13594
design3_rebuilt_mutated_A_45_ASP_relaxed.pdb   -812.465758735984  3017.68206  1675.36256681078          -3253.77775021805           -1898.47118901443       2042.27784
design3_rebuilt_mutated_A_59_PRO_relaxed.pdb   -811.63195535666   3023.26841  1669.81204830669          -3208.94092940794           -1823.19889215325       2100.0244
design3_rebuilt_mutated_A_59_ALA_relaxed.pdb   -810.817413651803  3032.42305  1674.64534851275          -3221.37118634345           -1833.4213187426        2068.65267
design3_rebuilt_mutated_A_38_TRP_relaxed.pdb   -809.29798944361   3021.35149  1666.92249465563          -3282.94981901869           -1940.57306077416       1958.63131
design3_rebuilt_mutated_A_52_THR_relaxed.pdb   -808.246063633986  3023.40567  1670.16829296699          -3224.29704867454           -1872.91614215522       2090.49417
design3_rebuilt_mutated_A_58_TRP_relaxed.pdb   -807.615853323785  3031.8077   1667.37006597222          -3268.9748977971            -1888.97581852832       2047.66152
design3_rebuilt_mutated_A_30_ILE_relaxed.pdb   -806.34920724822   3022.97183  1669.62761374701          -3223.87590571852           -1846.16402616278       1870.24756
design3_rebuilt_mutated_A_37_PRO_relaxed.pdb   -804.641512884128  3024.04051  1666.98884939445          -3219.75764673971           -1800.35051735128       2126.88887
design3_rebuilt_mutated_A_17_ILE_relaxed.pdb   -804.524580893006  3022.83289  1668.28969146344          -3235.65398773853           -1780.59462473418       1939.50173
design3_rebuilt_mutated_A_37_GLN_relaxed.pdb   -804.414111622986  3056.024    1678.03619723254          -3263.6923784173            -1877.14733060155       2137.3003
design3_rebuilt_mutated_A_17_SER_relaxed.pdb   -804.149310918621  3046.45701  1679.94988792384          -3252.64755015756           -1822.87688609768       2071.23932
design3_rebuilt_mutated_A_48_GLU_relaxed.pdb   -804.114317477918  3034.23805  1674.76207171523          -3261.53985272043           -1919.07416222738       2005.68441
design3_rebuilt_mutated_A_44_TYR_relaxed.pdb   -803.959017361703  3010.56049  1659.5948186369           -3180.19078360698           -1783.59194979597       2169.0538
design3_rebuilt_mutated_A_31_GLN_relaxed.pdb   -803.36495722903   3049.91356  1678.67609724671          -3233.49959355589           -1869.92773525779       2131.74546
design3_rebuilt_mutated_A_16_LYS_relaxed.pdb   -803.24082535057   3044.31247  1677.24163993327          -3259.53233400442           -1794.48012705923       2057.48789
design3_rebuilt_mutated_A_45_SER_relaxed.pdb   -803.21969297378   3024.0336   1673.57613238297          -3243.86013612057           -1806.80493880366       2176.66134
design3_rebuilt_mutated_A_2_PHE_relaxed.pdb    -801.764517802653  3054.18269  1685.43414981141          -3275.10648408521           -1811.11866204772       1635.95898
design3_rebuilt_mutated_A_3_TYR_relaxed.pdb    -801.426144885158  3024.70646  1670.46620144381          -3244.51404946019           -1840.21639018392       2167.12885
design3_rebuilt_mutated_A_55_ASN_relaxed.pdb   -800.999789304462  3011.14482  1663.70118487124          -3207.69736065075           -1831.70906807478       2085.92801
design3_rebuilt_mutated_A_45_LYS_relaxed.pdb   -800.083170213254  3037.91092  1683.02580933139          -3204.50279539916           -1712.54673513551       2001.95226
design3_rebuilt_mutated_A_16_ASN_relaxed.pdb   -799.862659253548  3020.70206  1670.19229479463          -3207.56642010677           -1926.44367996896       1982.86322
design3_rebuilt_mutated_A_48_ARG_relaxed.pdb   -799.558148612147  3031.22854  1668.61404951225          -3264.26552007468           -1898.32089259184       2091.571
design3_rebuilt_mutated_A_55_PHE_relaxed.pdb   -798.842964880069  3040.02025  1670.59586333022          -3227.77880674644           -1823.51304781797       2065.58484
design3_rebuilt_mutated_A_55_TRP_relaxed.pdb   -797.882004105504  3040.62646  1678.69427379591          -3217.2449938123            -1809.63322344869       2067.75969
design3_rebuilt_mutated_A_26_ASP_relaxed.pdb   -796.938798331753  3024.9771   1665.61093069177          -3240.7424756097            -1837.81668253497       1572.12321
design3_rebuilt_mutated_A_51_ASP_relaxed.pdb   -796.433171756328  3025.83647  1669.76536858284          -3261.60157465976           -1920.69659748667       2006.09835
design3_rebuilt_mutated_A_49_ASP_relaxed.pdb   -796.370561576398  3031.46857  1670.88920282677          -3274.347133836             -1921.03101868842       2100.44374
design3_rebuilt_mutated_A_26_PHE_relaxed.pdb   -796.037868048772  3021.5486   1669.77204365401          -3184.06671003933           -1798.90315626936       2119.25479
design3_rebuilt_mutated_A_26_PRO_relaxed.pdb   -795.533626124202  3034.69849  1672.37034048449          -3255.54422407042           -1950.14494537213       2089.55385
design3_rebuilt_mutated_A_17_VAL_relaxed.pdb   -795.325064409239  3036.47229  1673.21195212194          -3266.51560599228           -1810.81012509227       1662.59398
design3_rebuilt_mutated_A_47_GLN_relaxed.pdb   -794.85183489721   3031.92724  1669.35818082129          -3237.03136849024           -1868.71485927122       2009.59886
design3_rebuilt_mutated_A_28_ARG_relaxed.pdb   -794.832924521867  3041.07528  1679.44496791655          -3266.82954903787           -1932.13714933321       2094.91027
design3_rebuilt_mutated_A_35_PRO_relaxed.pdb   -794.44973481216   3037.39712  1674.58049017668          -3230.23090804038           -1873.71943153482       2109.11192
design3_rebuilt_mutated_A_26_ARG_relaxed.pdb   -794.366046818028  3024.20484  1672.49203072542          -3222.28391497809           -1806.58293045569       2317.27872
design3_rebuilt_mutated_A_17_PRO_relaxed.pdb   -794.317132351428  3026.1727   1674.47745483675          -3201.39554767134           -1681.81697550822       1897.46273
design3_rebuilt_mutated_A_26_ALA_relaxed.pdb   -794.097718590181  3022.71262  1666.0676091772           -3240.0015888248            -1886.76002324188       1921.37093
design3_rebuilt_mutated_A_34_HIS_relaxed.pdb   -793.884649418802  3054.3888   1682.94138808679          -3259.6859014066            -1905.71810913454       2061.60296
design3_rebuilt_mutated_A_9_VAL_relaxed.pdb    -793.06225760535   2988.43715  1646.98113615407          -3215.13276040261           -1820.67006953022       2176.27029
design3_rebuilt_mutated_A_9_TRP_relaxed.pdb    -792.278585496031  3025.22621  1676.68567483181          -3204.42415594913           -1859.1352119385        1716.43824
design3_rebuilt_mutated_A_2_TRP_relaxed.pdb    -792.217770302945  3061.56363  1683.12711856145          -3249.06900874775           -1801.54777946034       1996.38624
design3_rebuilt_mutated_A_47_ARG_relaxed.pdb   -789.527346885792  3061.55144  1687.27733460505          -3288.2530828994            -1893.18538710824       2070.96463
design3_rebuilt_mutated_A_13_ASP_relaxed.pdb   -789.514375638669  3011.05428  1656.55911541536          -3204.03274671005           -1766.35540375203       1606.91164
design3_rebuilt_mutated_A_63_VAL_relaxed.pdb   -789.066135733401  2980.75489  1646.17396130048          -3157.25962875608           -1760.02502622896       2061.04083
design3_rebuilt_mutated_A_37_ASP_relaxed.pdb   -787.756822644884  3025.99238  1665.41878879576          -3220.62805321374           -1842.45620886454       2201.18304
design3_rebuilt_mutated_A_37_GLY_relaxed.pdb   -787.465938373821  3028.25109  1665.95096843454          -3227.03146494294           -1805.80994133609       2034.26282
design3_rebuilt_mutated_A_30_MET_relaxed.pdb   -786.679428450147  3021.03445  1665.29587850269          -3209.34178483275           -1809.2604854082        2117.03955
design3_rebuilt_mutated_A_27_ASN_relaxed.pdb   -786.666312073729  2981.85086  1647.38920746039          -3177.65899195093           -1919.70169451673       1849.06243
design3_rebuilt_mutated_A_28_TRP_relaxed.pdb   -784.847375902137  3031.93719  1665.9645281318           -3245.42558501907           -1868.77772100299       2140.26449
design3_rebuilt_mutated_A_44_HIS_relaxed.pdb   -784.820887442332  2992.07164  1649.34075479132          -3191.13426533848           -1822.58249261559       2086.94486
design3_rebuilt_mutated_A_2_ASP_relaxed.pdb    -784.761905171802  3029.8884   1671.00901864454          -3232.72030549012           -1861.83333450918       1929.12107
design3_rebuilt_mutated_A_47_LYS_relaxed.pdb   -784.758808351052  3059.04871  1685.29985977634          -3281.33575207414           -1907.77245800322       2099.19124
design3_rebuilt_mutated_A_62_TRP_relaxed.pdb   -783.913217424262  3052.07209  1682.87711805248          -3191.12891685344           -1741.7919592369        1678.25531
design3_rebuilt_mutated_A_63_SER_relaxed.pdb   -783.820011102864  2985.97928  1646.60024638059          -3157.94146626419           -1780.21210580737       1625.98924
design3_rebuilt_mutated_A_27_CYS_relaxed.pdb   -783.675652400987  2964.54559  1635.10550553689          -3181.16459790319           -1891.08385206499       2062.33561
design3_rebuilt_mutated_A_2_THR_relaxed.pdb    -783.351417295037  3024.65097  1664.08250297811          -3222.05298429043           -1856.84453932378       2157.69496
design3_rebuilt_mutated_A_63_ASN_relaxed.pdb   -783.306483393559  3031.23077  1669.95313571309          -3211.72603111644           -1844.15789500362       1641.56092
design3_rebuilt_mutated_A_55_LEU_relaxed.pdb   -782.849599911688  3059.9714   1684.61284228141          -3222.63986700268           -1805.74283146093       2072.46826
design3_rebuilt_mutated_A_47_ALA_relaxed.pdb   -782.670205285468  3028.86415  1663.52935131855          -3238.97829636018           -1884.46207921103       2071.36469
design3_rebuilt_mutated_A_34_TYR_relaxed.pdb   -782.659433878622  3062.55069  1684.56464257269          -3204.88129867295           -1784.48213990684       2216.72015
design3_rebuilt_mutated_A_27_HIS_relaxed.pdb   -780.998054402066  3007.65188  1655.46672761425          -3237.18378848913           -1946.55210294664       1914.61349
design3_rebuilt_mutated_A_17_LYS_relaxed.pdb   -780.820491757326  3059.41921  1685.89204223608          -3265.28751847518           -1880.79886207231       2052.01401
design3_rebuilt_mutated_A_12_ASN_relaxed.pdb   -778.706324709113  3009.17327  1663.25147090818          -3204.79983906281           -1710.8257015858        2281.06841
design3_rebuilt_mutated_A_31_ARG_relaxed.pdb   -778.005885048772  3042.33674  1672.94249260807          -3224.53023429661           -1841.95568893754       1906.44741
design3_rebuilt_mutated_A_34_ARG_relaxed.pdb   -777.918199399989  3056.87343  1678.29441715189          -3267.42609927768           -1886.46679814013       2024.0509
design3_rebuilt_mutated_A_2_PRO_relaxed.pdb    -777.511986289913  3009.3709   1656.04372835419          -3207.30765932219           -1791.00089057642       2171.83548
design3_rebuilt_mutated_A_17_ALA_relaxed.pdb   -776.862492114019  3059.75696  1682.59518365151          -3257.57333256846           -1793.67199817954       2125.52906
design3_rebuilt_mutated_A_13_THR_relaxed.pdb   -776.823199704906  3008.35766  1655.15107529015          -3179.11473325286           -1803.47943915686       1980.5805
design3_rebuilt_mutated_A_44_ASN_relaxed.pdb   -776.674327332616  3008.04404  1657.39149603569          -3192.62129176985           -1823.20547649702       2115.98171
design3_rebuilt_mutated_A_27_GLU_relaxed.pdb   -776.66436139601   3002.80005  1653.52330720049          -3208.85962053126           -1944.42707116078       1893.704
design3_rebuilt_mutated_A_48_ALA_relaxed.pdb   -776.394995322492  3018.12699  1659.03806332296          -3217.55615296912           -1869.92625353721       2045.62134
design3_rebuilt_mutated_A_52_ASP_relaxed.pdb   -775.703676961511  3031.97053  1666.62365341265          -3227.83969293687           -1840.79555713038       2005.00463
design3_rebuilt_mutated_A_52_LYS_relaxed.pdb   -775.427835596507  3060.15813  1680.27571383148          -3264.53920182682           -1831.36336397555       2141.54424
design3_rebuilt_mutated_A_16_SER_relaxed.pdb   -775.228798872115  3026.71013  1667.34513470491          -3222.45991177103           -1880.33141955115       1926.24045
design3_rebuilt_mutated_A_27_LEU_relaxed.pdb   -774.98404447833   2972.90453  1639.91765943162          -3161.21818285303           -1910.1505831163        1792.23928
design3_rebuilt_mutated_A_35_TRP_relaxed.pdb   -774.159859972869  3075.06372  1686.46956278088          -3248.3865762081            -1842.59741349146       2147.44939
design3_rebuilt_mutated_A_42_HIS_relaxed.pdb   -773.886413004601  3062.03576  1673.91266754022          -3250.19644992092           -1834.94933030761       2156.0782
design3_rebuilt_mutated_A_20_GLY_relaxed.pdb   -773.874921903274  2998.03481  1651.82712164774          -3205.27463989335           -1838.39690114762       2102.3438
design3_rebuilt_mutated_A_44_PRO_relaxed.pdb   -773.80520436815   3018.3677   1663.51932221516          -3228.10167582769           -1873.10822181799       2126.54897
design3_rebuilt_mutated_A_59_TRP_relaxed.pdb   -773.767978437632  3076.69832  1686.72826009548          -3229.51482152525           -1786.56329257014       2142.01475
design3_rebuilt_mutated_A_26_CYS_relaxed.pdb   -773.684635089243  3006.79037  1654.92464739795          -3206.70553514217           -1859.59990377849       1973.28541
design3_rebuilt_mutated_A_3_GLY_relaxed.pdb    -773.51139915191   3017.40006  1665.08842847793          -3207.56069687478           -1760.05117781029       1623.03049
design3_rebuilt_mutated_A_38_MET_relaxed.pdb   -773.456760647575  3070.86527  1697.128260052            -3292.85782317693           -1838.62670110827       2205.85975
design3_rebuilt_mutated_A_44_VAL_relaxed.pdb   -773.315270012708  3010.7813   1652.70778514142          -3178.18653029374           -1772.98778984562       1983.3809
design3_rebuilt_mutated_A_30_ARG_relaxed.pdb   -773.221874377532  3056.87241  1680.27837548043          -3238.69463190603           -1844.43372869977       2051.48182
design3_rebuilt_mutated_A_31_CYS_relaxed.pdb   -772.384980466046  3025.76525  1659.69288097907          -3242.75539290688           -1864.14521959553       2112.16633
design3_rebuilt_mutated_A_12_GLY_relaxed.pdb   -771.565768004883  3000.19121  1655.75985313507          -3183.93293322422           -1822.32856771243       1884.56777
design3_rebuilt_mutated_A_23_PRO_relaxed.pdb   -771.372643585966  3022.48986  1664.19720537487          -3205.35503463375           -1750.87045687734       1624.63527
design3_rebuilt_mutated_A_34_PHE_relaxed.pdb   -771.287908682585  3051.2609   1675.75038821787          -3242.4733278188            -1885.1429183798        2094.16806
design3_rebuilt_mutated_A_9_ILE_relaxed.pdb    -770.598182702409  2982.16443  1642.82396402815          -3190.86282945151           -1770.65124190268       2282.29312
design3_rebuilt_mutated_A_47_TRP_relaxed.pdb   -770.53358692272   3100.07981  1695.2638031222           -3271.81963698006           -1883.27242471607       2032.48193
design3_rebuilt_mutated_A_13_ASN_relaxed.pdb   -770.454508344029  3022.744    1659.02219446096          -3223.16468064184           -1815.97261517564       2003.66568
design3_rebuilt_mutated_A_47_GLY_relaxed.pdb   -770.278397813341  3022.41454  1661.9564472806           -3222.43642790463           -1847.04135967156       2117.62574
design3_rebuilt_mutated_A_16_TRP_relaxed.pdb   -770.001648931267  3025.73333  1663.94516513842          -3191.19302054259           -1726.26195167245       1951.07493
design3_rebuilt_mutated_A_31_GLU_relaxed.pdb   -769.097167580625  3062.3859   1682.65389393021          -3257.09095676027           -1928.72035320787       2152.32691
design3_rebuilt_mutated_A_6_HIS_relaxed.pdb    -768.002275705285  3009.67191  1656.9516163293           -3197.011124489             -1764.41868176482       2149.97094
design3_rebuilt_mutated_A_37_TYR_relaxed.pdb   -767.71301048294   3016.5983   1657.41420204751          -3235.36164629167           -1868.05106637112       2167.02877
design3_rebuilt_mutated_A_12_ILE_relaxed.pdb   -767.354493005524  3001.30329  1654.96520601741          -3200.91941724271           -1736.82379975411       1899.80586
design3_rebuilt_mutated_A_51_GLY_relaxed.pdb   -766.314450679781  3025.58838  1662.48187497693          -3210.33243325639           -1858.99550131417       2044.36583
design3_rebuilt_mutated_A_52_ALA_relaxed.pdb   -766.019764020102  3011.88528  1660.40283021232          -3197.43361919463           -1789.2859399477        2019.99489
design3_rebuilt_mutated_A_3_PHE_relaxed.pdb    -765.872735313335  3033.50263  1666.69854274534          -3239.02119450193           -1785.8763804765        1620.21906
design3_rebuilt_mutated_A_51_HIS_relaxed.pdb   -765.146271365264  3056.31096  1677.83211788317          -3227.91522760876           -1803.08523062102       2031.353
design3_rebuilt_mutated_A_2_ASN_relaxed.pdb    -765.07069134697   3030.5811   1668.65964465006          -3207.3389379385            -1812.09146097614       2183.62567
design3_rebuilt_mutated_A_42_GLU_relaxed.pdb   -764.972260089026  3050.0218   1673.46916318791          -3223.76408118599           -1832.53858970486       2145.13755
design3_rebuilt_mutated_A_51_THR_relaxed.pdb   -762.79235963751   3038.19582  1669.66794934634          -3221.54571427114           -1808.56011677347       2026.94273
design3_rebuilt_mutated_A_44_MET_relaxed.pdb   -762.77871289735   3023.72998  1657.88026436685          -3187.06144562663           -1763.03771338485       2027.49768
design3_rebuilt_mutated_A_2_GLN_relaxed.pdb    -762.359135383479  3025.62374  1663.05613815073          -3205.13787610587           -1781.69121892271       2088.8431
design3_rebuilt_mutated_A_30_SER_relaxed.pdb   -762.156621103047  3026.45809  1663.6747751849           -3213.71966344942           -1886.53007514714       1950.21205
design3_rebuilt_mutated_A_52_ARG_relaxed.pdb   -760.99375900938   3068.05769  1684.80462418299          -3251.51123621793           -1828.27529996364       2084.50053
design3_rebuilt_mutated_A_33_LYS_relaxed.pdb   -760.759705544547  3036.17606  1669.62246395171          -3228.01654967027           -1854.70700765369       1982.58699
design3_rebuilt_mutated_A_12_ARG_relaxed.pdb   -759.767500052097  3033.57192  1672.81538831966          -3224.39483914962           -1772.29589787155       1913.48801
design3_rebuilt_mutated_A_33_PHE_relaxed.pdb   -759.56900778049   3028.77708  1665.35738164337          -3227.35121483192           -1804.80586403598       2061.38197
design3_rebuilt_mutated_A_58_LYS_relaxed.pdb   -759.222355931731  3034.89708  1665.21119839241          -3248.06363496281           -1855.49054624433       2271.97696
design3_rebuilt_mutated_A_37_LYS_relaxed.pdb   -758.107256242179  3058.74851  1675.18499285905          -3231.13752537657           -1781.73351057239       2246.12784
design3_rebuilt_mutated_A_30_TRP_relaxed.pdb   -757.867486268018  3026.94869  1662.57003456751          -3212.8282226385            -1843.76247844331       2018.20161
design3_rebuilt_mutated_A_3_MET_relaxed.pdb    -757.851794044666  3048.46595  1670.27929870537          -3250.3122099315            -1780.58865079511       1891.25447
design3_rebuilt_mutated_A_13_GLU_relaxed.pdb   -757.518626587093  3038.19497  1669.7858481418           -3208.80649706215           -1817.44219036522       1903.22859
design3_rebuilt_mutated_A_37_LEU_relaxed.pdb   -757.397703784191  3050.57872  1670.47048590539          -3209.41082360902           -1785.02672115225       2032.85456
design3_rebuilt_mutated_A_13_LYS_relaxed.pdb   -756.956995128655  3053.11569  1672.76528502856          -3230.46852283783           -1848.63728434108       1701.81987
design3_rebuilt_mutated_A_17_ASP_relaxed.pdb   -756.610136273842  3048.47564  1669.87660450648          -3233.20035812567           -1805.98183213349       1862.87325
design3_rebuilt_mutated_A_59_ASN_relaxed.pdb   -756.171682134927  3036.22337  1667.36494334003          -3188.32609509205           -1774.70447467992       2106.16063
design3_rebuilt_mutated_A_12_GLU_relaxed.pdb   -755.796072239066  3024.38502  1661.7013784079           -3205.75847856708           -1764.17236532571       1906.42758
design3_rebuilt_mutated_A_33_TYR_relaxed.pdb   -755.373051614304  3021.325    1657.5509550787           -3217.95189337675           -1796.66321487031       2038.47688
design3_rebuilt_mutated_A_44_GLY_relaxed.pdb   -755.322595835693  3002.30796  1652.96351985667          -3189.94410029045           -1760.10812721295       1912.77527
design3_rebuilt_mutated_A_35_THR_relaxed.pdb   -754.900115862562  3037.91972  1664.71707836119          -3214.28824860295           -1833.82824978707       2012.96477
design3_rebuilt_mutated_A_59_THR_relaxed.pdb   -754.319222753181  3044.36123  1673.68735980704          -3174.24709315532           -1777.88872078725       1955.71805
design3_rebuilt_mutated_A_33_GLY_relaxed.pdb   -754.293309432723  3023.23791  1660.22623257856          -3201.38264305841           -1846.91933249233       1870.87007
design3_rebuilt_mutated_A_44_TRP_relaxed.pdb   -754.080662812245  3010.83368  1654.31727218016          -3163.26408360283           -1763.40775298731       2113.577
design3_rebuilt_mutated_A_38_VAL_relaxed.pdb   -754.066545925291  3038.05479  1676.84297150075          -3213.32431382151           -1787.94353427476       2190.16154
design3_rebuilt_mutated_A_59_GLY_relaxed.pdb   -753.29151512845   3030.17186  1663.91189812421          -3177.91507012869           -1739.06363754698       2252.17404
design3_rebuilt_mutated_A_58_GLN_relaxed.pdb   -752.363223520029  3042.16505  1672.62480237108          -3232.28273700633           -1815.91174248412       2062.38312
design3_rebuilt_mutated_A_30_ALA_relaxed.pdb   -751.777879027631  3021.39334  1661.15434416111          -3211.47214224973           -1871.81503013101       2121.70641
design3_rebuilt_mutated_A_48_PHE_relaxed.pdb   -751.258889776988  3055.29848  1675.40164485399          -3226.26396837506           -1816.67684889774       2099.70112
design3_rebuilt_mutated_A_30_PRO_relaxed.pdb   -750.858635074797  3027.6468   1661.37543167828          -3185.82855223114           -1808.04852088771       2152.92411
design3_rebuilt_mutated_A_51_PHE_relaxed.pdb   -750.73816340069   3073.00108  1680.57672938082          -3234.17566035724           -1807.28733450351       2059.58158
design3_rebuilt_mutated_A_35_GLN_relaxed.pdb   -749.329985565738  3037.31737  1664.95478589924          -3223.85098592145           -1802.79407513743       2163.46309
design3_rebuilt_mutated_A_31_ASP_relaxed.pdb   -748.856710060298  3038.43919  1667.46249696708          -3219.02588615161           -1858.74133196715       1993.57076
design3_rebuilt_mutated_A_13_ILE_relaxed.pdb   -748.767133571873  3011.0164   1656.0018232896           -3167.86660311031           -1787.6072330913        1874.0511
design3_rebuilt_mutated_A_37_ALA_relaxed.pdb   -748.61261953511   3024.30258  1659.41326730103          -3199.96819519855           -1804.3371531451        2036.14107
design3_rebuilt_mutated_A_55_VAL_relaxed.pdb   -748.2432559339    3043.47465  1667.57287502802          -3208.86951973995           -1787.83817458123       2171.28847
design3_rebuilt_mutated_A_13_ALA_relaxed.pdb   -748.144160601172  3016.32213  1651.3141041289           -3194.49958098627           -1779.07501167281       1958.49308
design3_rebuilt_mutated_A_51_PRO_relaxed.pdb   -747.715258195415  3038.28862  1668.68744466535          -3199.54031524459           -1834.31907097732       2018.50128
design3_rebuilt_mutated_A_13_SER_relaxed.pdb   -747.366188906512  3004.70578  1642.95091564114          -3195.70107338661           -1818.45704953905       1842.41442
design3_rebuilt_mutated_A_30_GLN_relaxed.pdb   -747.346642628284  3014.28276  1654.17642326487          -3167.66706511205           -1803.41290516251       1957.79845
design3_rebuilt_mutated_A_37_SER_relaxed.pdb   -746.925138802723  3025.15564  1662.19488929058          -3208.22624128913           -1808.09167326782       1900.90197
design3_rebuilt_mutated_A_26_GLU_relaxed.pdb   -746.81787227478   3038.40071  1669.07816786352          -3228.48819005417           -1849.08355172027       2008.3366
design3_rebuilt_mutated_A_33_MET_relaxed.pdb   -746.515567952546  3025.32896  1657.42078149938          -3233.93074106406           -1813.64440807322       2182.26477
design3_rebuilt_mutated_A_27_THR_relaxed.pdb   -745.811495576553  2982.78796  1637.42138992396          -3179.13136493665           -1944.381992396         1898.2536
design3_rebuilt_mutated_A_48_SER_relaxed.pdb   -745.560970531354  3014.37342  1651.90584088127          -3199.73984270057           -1823.93859130819       2019.12298
design3_rebuilt_mutated_A_38_HIS_relaxed.pdb   -745.499601006038  3008.96317  1650.71085212249          -3216.43258019616           -1823.02771013654       2232.92202
design3_rebuilt_mutated_A_44_LEU_relaxed.pdb   -745.329383093264  3012.68931  1656.29732139873          -3197.83735628524           -1826.7225797812        1997.85043
design3_rebuilt_mutated_A_17_PHE_relaxed.pdb   -745.248762644837  3062.45106  1673.53226819068          -3233.39466739853           -1707.80964207336       1587.79468
design3_rebuilt_mutated_A_30_THR_relaxed.pdb   -745.11832368983   3018.6613   1654.02759682698          -3176.17338030013           -1791.26101962942       1947.23651
design3_rebuilt_mutated_A_35_ARG_relaxed.pdb   -744.625255535135  3083.24539  1695.49374627325          -3271.16426532622           -1851.56821032014       2119.18976
design3_rebuilt_mutated_A_55_GLU_relaxed.pdb   -743.857547290571  3011.72331  1653.47818330898          -3180.39811164598           -1804.96796727347       1950.85664
design3_rebuilt_mutated_A_47_THR_relaxed.pdb   -743.39242682415   3013.34923  1650.17049491541          -3172.54822685766           -1802.26081621941       2028.30801
design3_rebuilt_mutated_A_49_ASN_relaxed.pdb   -743.034418844378  3024.38727  1658.40307387368          -3201.90935466401           -1803.42792024878       2051.64878
design3_rebuilt_mutated_A_30_GLY_relaxed.pdb   -742.620602419872  3016.69099  1653.68466684476          -3179.67357183207           -1804.66751858009       1957.16114
design3_rebuilt_mutated_A_47_SER_relaxed.pdb   -742.119591331951  3032.50805  1662.91111324841          -3228.80889933081           -1880.54322204123       2124.92275
design3_rebuilt_mutated_A_48_ASP_relaxed.pdb   -741.885606651827  3021.44066  1656.744761295            -3207.55522084811           -1794.17585791043       1919.43391
design3_rebuilt_mutated_A_30_HIS_relaxed.pdb   -740.830067397579  3017.2397   1652.40522613432          -3175.40960624847           -1804.94690740046       2139.46591
design3_rebuilt_mutated_A_31_ASN_relaxed.pdb   -740.468251042411  3046.621    1672.01267292631          -3234.79599178227           -1915.7436272607        2127.37014
design3_rebuilt_mutated_A_47_TYR_relaxed.pdb   -740.369388315529  3058.7243   1671.68927406504          -3240.15876232258           -1886.87094067518       2074.7393
design3_rebuilt_mutated_A_13_CYS_relaxed.pdb   -740.269834925567  3010.16193  1648.49479749793          -3183.32538238859           -1750.86944446292       1943.42973
design3_rebuilt_mutated_A_51_ILE_relaxed.pdb   -739.194887932285  3059.23043  1673.17807012743          -3217.53936541701           -1843.07031168718       2025.92091
design3_rebuilt_mutated_A_12_LEU_relaxed.pdb   -737.912959173539  3017.31451  1658.04871276399          -3201.28316984388           -1751.1590187944        1893.75513
design3_rebuilt_mutated_A_33_HIS_relaxed.pdb   -737.719506478822  3022.35998  1654.98063694504          -3185.51903660823           -1811.17313237493       2118.22965
design3_rebuilt_mutated_A_31_GLY_relaxed.pdb   -737.531861510381  3029.68167  1655.30667918693          -3203.87545873474           -1874.18214061641       1930.74773
design3_rebuilt_mutated_A_28_GLY_relaxed.pdb   -736.83562917346   3005.74223  1649.81293280033          -3224.20247159376           -1813.96208904195       2071.30118
design3_rebuilt_mutated_A_62_ASP_relaxed.pdb   -735.825667970915  3027.23461  1664.52720734672          -3212.21729735987           -1867.75178366441       1979.54311
design3_rebuilt_mutated_A_52_ILE_relaxed.pdb   -735.28113634537   3034.5698   1659.46937275414          -3217.62775034095           -1776.29907844987       2000.61775
design3_rebuilt_mutated_A_16_VAL_relaxed.pdb   -734.771999096496  3020.94288  1654.1437488821           -3207.98479490143           -1819.80856382135       1844.97149
design3_rebuilt_mutated_A_55_ALA_relaxed.pdb   -734.487610360896  2995.45299  1642.6783556452           -3140.48347667976           -1756.85503705126       2051.68417
design3_rebuilt_mutated_A_26_ASN_relaxed.pdb   -733.880354258324  3018.03487  1654.37859675593          -3210.41295959772           -1850.94941596438       2001.10706
design3_rebuilt_mutated_A_26_VAL_relaxed.pdb   -733.098712650205  3009.03473  1647.03594503766          -3162.31504235339           -1745.27003520142       2276.7787
design3_rebuilt_mutated_A_6_MET_relaxed.pdb    -733.074502095973  3035.17531  1662.30497831405          -3251.82333887893           -1837.44936380287       1910.94843
design3_rebuilt_mutated_A_27_ALA_relaxed.pdb   -732.754498014847  2992.13141  1633.35128781417          -3191.13546711828           -1907.00183589858       2040.66797
design3_rebuilt_mutated_A_48_PRO_relaxed.pdb   -732.278652736622  3040.90161  1665.53697786766          -3247.45753113017           -1938.51938309708       1996.94853
design3_rebuilt_mutated_A_2_SER_relaxed.pdb    -732.15289300922   3027.80229  1665.07516867804          -3209.83091112842           -1804.27774751861       1902.02356
design3_rebuilt_mutated_A_33_ASP_relaxed.pdb   -732.152777729645  3038.9605   1665.18391292103          -3221.434959755             -1873.23979267944       2001.6779
design3_rebuilt_mutated_A_47_ASP_relaxed.pdb   -731.873858415614  3041.46105  1667.36118471435          -3224.60655644734           -1871.99359543774       2052.0131
design3_rebuilt_mutated_A_51_TYR_relaxed.pdb   -731.660935507581  3083.75062  1682.56042579273          -3212.76518552858           -1754.85921367073       2044.7477
design3_rebuilt_mutated_A_33_VAL_relaxed.pdb   -731.292187861389  3019.41207  1653.52049950162          -3205.40605330535           -1750.68992159365       2127.7299
design3_rebuilt_mutated_A_45_TYR_relaxed.pdb   -728.623855972795  3043.01125  1667.95832591359          -3208.17761016889           -1825.83929751353       2156.80715
design3_rebuilt_mutated_A_49_ALA_relaxed.pdb   -728.269645840869  3010.28044  1645.57060838725          -3191.04243435762           -1811.36893209718       2053.33845
design3_rebuilt_mutated_A_6_ALA_relaxed.pdb    -727.464815133581  3001.82139  1645.56612742453          -3177.61970514481           -1766.60548950525       1902.43681
design3_rebuilt_mutated_A_59_LEU_relaxed.pdb   -727.10693201978   3064.47272  1675.20149073813          -3223.04835052274           -1802.18432160875       1727.76481
design3_rebuilt_mutated_A_3_PRO_relaxed.pdb    -727.007572188284  3046.09589  1669.53127606031          -3206.2638045127            -1770.42155977564       2066.00557
design3_rebuilt_mutated_A_12_PRO_relaxed.pdb   -726.43416223624   3002.09209  1651.49940057741          -3173.87594486026           -1722.29832922253       2281.74488
design3_rebuilt_mutated_A_33_SER_relaxed.pdb   -726.379264582362  3033.11586  1655.30511934185          -3204.54545716384           -1838.8610619126        2045.91045
design3_rebuilt_mutated_A_30_ASN_relaxed.pdb   -726.225866874053  3009.55691  1650.41290203202          -3134.72060778171           -1760.78432039581       2126.2115
design3_rebuilt_mutated_A_23_THR_relaxed.pdb   -726.167114980303  3024.13053  1653.57955185014          -3211.9954816772            -1784.51866205261       2189.13099
design3_rebuilt_mutated_A_55_SER_relaxed.pdb   -725.600852155559  2993.83359  1638.25676623626          -3141.65193736039           -1755.56112833563       2011.49317
design3_rebuilt_mutated_A_52_PRO_relaxed.pdb   -725.399487036516  2990.58228  1644.91901802507          -3164.51370968406           -1737.25930022103       2113.20628
design3_rebuilt_mutated_A_31_TYR_relaxed.pdb   -725.312798208861  3054.18112  1665.61799149639          -3223.93245817641           -1864.30540216905       2001.35649
design3_rebuilt_mutated_A_20_TRP_relaxed.pdb   -724.928121460343  3031.79718  1661.32144226065          -3203.09287063175           -1835.78357450088       2173.40948
design3_rebuilt_mutated_A_9_ASN_relaxed.pdb    -724.731950041927  2991.40767  1640.03894710389          -3155.47055278607           -1762.0852656872        2101.37727
design3_rebuilt_mutated_A_37_CYS_relaxed.pdb   -724.300010334732  3022.34035  1654.47750024217          -3187.82819536998           -1735.23349942247       1852.85745
design3_rebuilt_mutated_A_2_ALA_relaxed.pdb    -724.298847077726  3023.35722  1662.43286539644          -3207.30082759434           -1801.30811950615       1900.56786
design3_rebuilt_mutated_A_31_PHE_relaxed.pdb   -723.676514550151  3051.11389  1666.12334528166          -3205.18049607143           -1826.69874227485       1933.2339
design3_rebuilt_mutated_A_51_ASN_relaxed.pdb   -723.028199556472  3032.6871   1657.37864975206          -3197.5642363635            -1796.41761817321       2107.18218
design3_rebuilt_mutated_A_49_TRP_relaxed.pdb   -722.704876242869  3063.42472  1676.07574238918          -3194.52099216081           -1731.82932545467       2141.63073
design3_rebuilt_mutated_A_52_GLY_relaxed.pdb   -722.414579183674  3006.82751  1649.8015952171           -3149.02297256714           -1682.86855182717       2262.74176
design3_rebuilt_mutated_A_35_GLY_relaxed.pdb   -721.770959908439  3034.29564  1663.21908247219          -3205.17697568068           -1867.80917229353       1990.91733
design3_rebuilt_mutated_A_12_TYR_relaxed.pdb   -720.843632593329  3026.38031  1653.79701719977          -3186.92051967622           -1777.07870649889       2002.95696
design3_rebuilt_mutated_A_44_SER_relaxed.pdb   -720.795139840961  3010.78257  1650.01231393246          -3152.45009713542           -1766.24920883605       1991.70012
design3_rebuilt_mutated_A_31_PRO_relaxed.pdb   -720.116201083311  3015.24749  1647.85152145824          -3164.5582667653            -1851.22293551805       2084.19478
design3_rebuilt_mutated_A_33_ARG_relaxed.pdb   -719.603861072     3042.31083  1664.98673070873          -3221.81356023044           -1848.27520811256       1983.50678
design3_rebuilt_mutated_A_12_VAL_relaxed.pdb   -719.494079694157  3023.23683  1657.76325888543          -3162.45049240165           -1712.02989800625       2139.99156
design3_rebuilt_mutated_A_42_GLN_relaxed.pdb   -719.316169115322  3030.14614  1657.35591747247          -3208.44371645082           -1845.01386004734       2138.3274
design3_rebuilt_mutated_A_44_GLN_relaxed.pdb   -718.572592400662  3005.84585  1644.76494479051          -3165.15034861638           -1802.76285176246       2044.24788
design3_rebuilt_mutated_A_48_THR_relaxed.pdb   -717.601454656686  3016.88312  1648.26812936432          -3194.04379608989           -1840.48998488052       2017.02071
design3_rebuilt_mutated_A_44_THR_relaxed.pdb   -717.534413805227  3012.02206  1648.68514018027          -3170.93047362905           -1785.55957728794       2112.07498
design3_rebuilt_mutated_A_59_CYS_relaxed.pdb   -717.480386260691  3042.40257  1667.23921523617          -3161.21977822176           -1753.3042501852        2079.98645
design3_rebuilt_mutated_A_52_LEU_relaxed.pdb   -715.823023033487  3034.32855  1652.51543263557          -3206.26113786771           -1732.07261694277       2246.4142
design3_rebuilt_mutated_A_62_TYR_relaxed.pdb   -715.506861230092  3029.01898  1655.16957670614          -3184.63448799921           -1759.28924690609       2043.61876
design3_rebuilt_mutated_A_37_MET_relaxed.pdb   -715.046403274188  3076.73961  1672.63123344417          -3233.79642871723           -1828.48278378644       2163.31407
design3_rebuilt_mutated_A_59_SER_relaxed.pdb   -714.826085411518  3036.30032  1661.1399415608           -3154.17912665283           -1753.03452921297       2052.60289
design3_rebuilt_mutated_A_38_ASN_relaxed.pdb   -714.527066732636  3031.94372  1658.15025487872          -3189.23911311225           -1815.80298493123       2011.67036
design3_rebuilt_mutated_A_37_PHE_relaxed.pdb   -713.766435870097  3024.08346  1654.12719310769          -3205.54528391046           -1825.01608042205       2071.76547
design3_rebuilt_mutated_A_35_ALA_relaxed.pdb   -713.54333244052   3026.74618  1654.16058298294          -3182.14734892284           -1817.56211181639       1984.6263
design3_rebuilt_mutated_A_34_MET_relaxed.pdb   -712.757231156529  3045.21124  1663.38882377628          -3196.82219327064           -1770.85937097887       2183.90191
design3_rebuilt_mutated_A_62_ASN_relaxed.pdb   -712.092206561927  3029.01743  1659.24499398344          -3183.91771676189           -1811.52067408477       2123.33347
design3_rebuilt_mutated_A_31_LEU_relaxed.pdb   -711.958582213027  3043.29205  1663.1857858989           -3201.0024364168            -1866.656285118         1992.99941
design3_rebuilt_mutated_A_55_TYR_relaxed.pdb   -711.10930297049   3044.42519  1657.96931287177          -3180.97788394362           -1704.38229671251       1608.64217
design3_rebuilt_mutated_A_13_GLN_relaxed.pdb   -710.669400067713  3034.58673  1656.67194104724          -3187.32416447486           -1768.26605371531       1896.76005
design3_rebuilt_mutated_A_9_MET_relaxed.pdb    -710.370937360966  3024.12422  1650.74831283487          -3195.37492931953           -1779.13775178307       2197.42128
design3_rebuilt_mutated_A_48_LEU_relaxed.pdb   -710.357369220567  3020.47336  1652.45867226661          -3193.33439224029           -1800.25450394367       2141.50425
design3_rebuilt_mutated_A_9_LEU_relaxed.pdb    -709.268910377502  3013.60664  1643.96542136143          -3205.32282368806           -1755.03290842244       1608.61866
design3_rebuilt_mutated_A_58_PRO_relaxed.pdb   -708.370549281127  3031.73528  1655.71435286144          -3167.48728379224           -1761.61921657236       1625.83604
design3_rebuilt_mutated_A_3_LYS_relaxed.pdb    -708.26500254191   3070.07504  1681.8380238273           -3220.89224868586           -1789.45897542287       2150.19292
design3_rebuilt_mutated_A_35_TYR_relaxed.pdb   -707.691555433228  3050.84993  1665.17525284636          -3203.69457288299           -1868.49358286438       1986.31362
design3_rebuilt_mutated_A_9_PRO_relaxed.pdb    -707.513128823374  3004.82567  1643.20411193482          -3167.5854441934            -1774.95273978188       2225.49497
design3_rebuilt_mutated_A_58_VAL_relaxed.pdb   -706.574178344854  3057.79945  1669.93118129408          -3225.48390886459           -1823.18790998147       2059.32508
design3_rebuilt_mutated_A_55_MET_relaxed.pdb   -706.392054092765  3029.26687  1651.90710054379          -3185.51497237744           -1796.35927201931       2056.16018
design3_rebuilt_mutated_A_12_GLN_relaxed.pdb   -706.204466922625  3023.15881  1659.99506934245          -3192.57195421129           -1740.90529850989       1924.96585
design3_rebuilt_mutated_A_6_ILE_relaxed.pdb    -705.464228318992  2996.89806  1638.32090774805          -3151.43413899059           -1704.70935414215       1853.71058
design3_rebuilt_mutated_A_31_LYS_relaxed.pdb   -705.127797514623  3038.57759  1656.81395396894          -3195.00208383132           -1779.57054914435       1915.46104
design3_rebuilt_mutated_A_3_ASN_relaxed.pdb    -704.90104991847   3020.48644  1651.75526390821          -3141.6112055007            -1734.16441243529       2158.23042
design3_rebuilt_mutated_A_9_GLY_relaxed.pdb    -704.111923999582  2989.05966  1635.49509038033          -3152.82959063363           -1739.49669010377       1985.68957
design3_rebuilt_mutated_A_51_VAL_relaxed.pdb   -703.663816270228  3041.49856  1659.15254357959          -3188.30176720522           -1761.55451084568       2081.29791
design3_rebuilt_mutated_A_49_TYR_relaxed.pdb   -702.652702442543  3054.97855  1666.78331919861          -3128.97168259676           -1669.78537899208       2085.04589
design3_rebuilt_mutated_A_49_CYS_relaxed.pdb   -701.996134339512  3019.57246  1645.19302910962          -3179.81899607264           -1764.02815058591       1978.02347
design3_rebuilt_mutated_A_26_GLY_relaxed.pdb   -700.526155553126  3020.67804  1650.1293966393           -3199.26722953276           -1879.48814633188       1935.97821
design3_rebuilt_mutated_A_52_CYS_relaxed.pdb   -699.966556937512  3030.19746  1652.61150046255          -3199.47694592122           -1817.93020710562       2017.43059
design3_rebuilt_mutated_A_33_GLN_relaxed.pdb   -699.209047169359  3031.25646  1654.59899434079          -3194.7520723861            -1832.73665516261       1993.75325
design3_rebuilt_mutated_A_23_LEU_relaxed.pdb   -697.977738634229  3043.73045  1662.1212817481           -3199.74734288264           -1767.3117264044        2084.0572
design3_rebuilt_mutated_A_58_LEU_relaxed.pdb   -697.212962483285  3034.46568  1653.58030117987          -3192.92491665004           -1819.83319844466       1628.68949
design3_rebuilt_mutated_A_45_HIS_relaxed.pdb   -696.840635622243  3017.41139  1648.20173670398          -3157.62589297233           -1806.54593419026       2053.92529
design3_rebuilt_mutated_A_35_HIS_relaxed.pdb   -695.501594700009  3062.14109  1666.98132809936          -3196.70385819557           -1830.978886989         2009.41986
design3_rebuilt_mutated_A_31_MET_relaxed.pdb   -694.984484743475  3058.36848  1663.75838044162          -3196.93798178546           -1795.3559871704        2134.93173
design3_rebuilt_mutated_A_27_ILE_relaxed.pdb   -694.603445434509  2977.7752   1627.35161918089          -3119.2885090246            -1814.14371988847       1923.7695
design3_rebuilt_mutated_A_26_MET_relaxed.pdb   -694.212952116706  3035.21964  1653.74302843411          -3181.02317112937           -1772.47546830988       2169.2747
design3_rebuilt_mutated_A_24_TRP_relaxed.pdb   -694.1237141404    3024.40594  1647.32666519949          -3177.7535587035            -1759.86012923684       2163.89833
design3_rebuilt_mutated_A_28_HIS_relaxed.pdb   -693.350214414824  3028.6324   1655.003351544            -3185.84025310103           -1850.5509872711        1992.48706
design3_rebuilt_mutated_A_34_LEU_relaxed.pdb   -691.856264518951  3043.44065  1655.93119710324          -3190.16860404705           -1795.14809260356       2028.55535
design3_rebuilt_mutated_A_33_TRP_relaxed.pdb   -691.054808177782  3039.66338  1655.17229284332          -3185.98919928914           -1840.17422601253       2074.88948
design3_rebuilt_mutated_A_48_VAL_relaxed.pdb   -690.51239407594   3012.51422  1641.52475927018          -3151.58171379135           -1798.50648161019       2011.08427
design3_rebuilt_mutated_A_48_CYS_relaxed.pdb   -690.49295875998   3022.72428  1646.24900491734          -3165.98894911236           -1771.45587799151       2011.78836
design3_rebuilt_mutated_A_30_LYS_relaxed.pdb   -690.286927167308  3034.35389  1652.90287458275          -3190.07288607996           -1725.12962739931       2289.46204
design3_rebuilt_mutated_A_35_ASP_relaxed.pdb   -690.265250283302  3047.66999  1657.63573226276          -3210.03893994333           -1853.13087046264       1952.1704
design3_rebuilt_mutated_A_3_HIS_relaxed.pdb    -690.125825258391  3036.97922  1652.08145275087          -3184.7513537653            -1764.15992641471       2155.90031
design3_rebuilt_mutated_A_44_CYS_relaxed.pdb   -690.031584361427  3007.53147  1643.13135743329          -3121.83521315244           -1738.16933648727       2106.97301
design3_rebuilt_mutated_A_52_SER_relaxed.pdb   -688.667956684447  2995.62493  1637.00225772558          -3133.94615954014           -1715.04787320052       2019.29203
design3_rebuilt_mutated_A_55_CYS_relaxed.pdb   -688.502280372086  3003.05137  1638.77384976388          -3134.24912556892           -1744.228591905         2030.81645
design3_rebuilt_mutated_A_51_GLN_relaxed.pdb   -687.525452717271  3040.11753  1654.32030323567          -3191.88824916455           -1766.05287329608       2149.97332
design3_rebuilt_mutated_A_55_LYS_relaxed.pdb   -687.302421571542  3033.37428  1653.75098185336          -3199.28244087524           -1762.01701815941       2109.62693
design3_rebuilt_mutated_A_34_ILE_relaxed.pdb   -686.64992478404   3035.47494  1650.78194591656          -3171.04015042852           -1754.3734274792        2024.93995
design3_rebuilt_mutated_A_55_THR_relaxed.pdb   -684.303000506141  3051.0352   1661.72630072238          -3197.26552247949           -1787.04971443851       2144.26296
design3_rebuilt_mutated_A_48_ILE_relaxed.pdb   -684.004230617643  3017.47109  1646.36380509356          -3171.53256256405           -1736.38953153916       2128.93723
design3_rebuilt_mutated_A_52_ASN_relaxed.pdb   -683.090324238001  3030.58034  1649.09243676571          -3147.11616292692           -1757.10699634145       2102.93678
design3_rebuilt_mutated_A_44_ALA_relaxed.pdb   -682.746717699835  3009.55629  1642.88449111903          -3133.30191785119           -1759.35167286664       2107.02752
design3_rebuilt_mutated_A_2_CYS_relaxed.pdb    -681.774673456279  3028.49522  1653.82131163464          -3182.15500065957           -1772.23689293016       2087.12228
design3_rebuilt_mutated_A_41_TYR_relaxed.pdb   -681.151675324667  3029.55595  1648.37887674288          -3161.15506495608           -1772.25792288907       2040.1398
design3_rebuilt_mutated_A_30_LEU_relaxed.pdb   -680.944381882165  3019.79829  1643.84432625274          -3170.77851788685           -1753.03460407289       2163.29782
design3_rebuilt_mutated_A_3_CYS_relaxed.pdb    -680.676061479756  3037.75875  1656.53910123084          -3185.91127549521           -1767.89753946544       1641.4721
design3_rebuilt_mutated_A_63_MET_relaxed.pdb   -680.556331533607  3055.47406  1662.95219577458          -3180.9165086819            -1809.7247875537        1681.62131
design3_rebuilt_mutated_A_63_THR_relaxed.pdb   -680.016637117428  2983.35825  1629.40183694642          -3100.09766936302           -1659.34200323284       2274.26778
design3_rebuilt_mutated_A_33_PRO_relaxed.pdb   -679.671326072049  3047.49886  1658.6889087386           -3203.54754741115           -1803.93868110448       2144.86743
design3_rebuilt_mutated_A_34_THR_relaxed.pdb   -678.965832249929  3031.92594  1651.08345626922          -3178.60539017813           -1805.45726129512       2033.69751
design3_rebuilt_mutated_A_35_ASN_relaxed.pdb   -678.806384982769  3036.31633  1646.67921081957          -3181.910768069             -1751.76406776195       2081.79486
design3_rebuilt_mutated_A_59_ILE_relaxed.pdb   -678.053145371848  3038.34605  1652.6554476992           -3172.06724680344           -1814.75266642758       1632.69527
design3_rebuilt_mutated_A_58_ALA_relaxed.pdb   -677.195034528688  3037.47074  1654.52936407943          -3198.1947892961            -1812.09690003783       1988.54904
design3_rebuilt_mutated_A_51_LEU_relaxed.pdb   -676.977171716163  3046.43508  1658.05165095354          -3184.54071271956           -1797.69528180465       1911.89877
design3_rebuilt_mutated_A_38_ARG_relaxed.pdb   -676.971555085745  3038.72348  1657.41582775402          -3197.60733289356           -1773.61944349916       2113.26878
design3_rebuilt_mutated_A_17_GLY_relaxed.pdb   -676.959999058518  3018.4387   1643.28284413905          -3123.79248300723           -1549.79008055247       2083.86155
design3_rebuilt_mutated_A_47_CYS_relaxed.pdb   -676.927784059362  3033.96499  1651.9009512892           -3194.74607525181           -1847.42540369417       2094.92642
design3_rebuilt_mutated_A_6_SER_relaxed.pdb    -676.835178748783  3002.62586  1634.67502793064          -3144.81349447835           -1722.15244726407       1597.2681
design3_rebuilt_mutated_A_48_ASN_relaxed.pdb   -676.671681278706  3037.74192  1652.19956683181          -3186.22897767919           -1792.48733688593       2011.41444
design3_rebuilt_mutated_A_49_SER_relaxed.pdb   -676.328211016123  3007.52945  1634.11645910797          -3160.21821967791           -1738.74787126625       1791.07693
design3_rebuilt_mutated_A_45_GLY_relaxed.pdb   -674.707096491189  3015.60457  1645.84842912104          -3143.03632348971           -1694.75725403529       2147.53652
design3_rebuilt_mutated_A_3_VAL_relaxed.pdb    -674.3999941332    3018.80245  1642.52271684748          -3175.90163403243           -1730.20474678175       1618.64281
design3_rebuilt_mutated_A_62_VAL_relaxed.pdb   -673.701465417576  3018.88985  1642.95026127579          -3159.48331236845           -1758.54061640769       2118.98027
design3_rebuilt_mutated_A_27_ASP_relaxed.pdb   -673.575638339233  2985.85369  1628.1069698201           -3149.80911094524           -1813.72585802059       1813.51679
design3_rebuilt_mutated_A_17_HIS_relaxed.pdb   -673.541565057509  3044.72649  1654.77824402191          -3176.41139448945           -1730.4431058784        1595.15961
design3_rebuilt_mutated_A_37_ILE_relaxed.pdb   -673.334145577406  3048.47723  1653.54714565902          -3183.37833254625           -1763.29195682638       2143.6434
design3_rebuilt_mutated_A_63_PRO_relaxed.pdb   -673.275959971971  3014.21676  1644.78227596214          -3127.89192247514           -1692.02648128936       1680.92831
design3_rebuilt_mutated_A_3_ASP_relaxed.pdb    -671.028340511813  3047.70553  1656.36146962379          -3204.54201593096           -1765.08390695473       1962.95617
design3_rebuilt_mutated_A_35_VAL_relaxed.pdb   -670.969268713887  3037.38798  1651.2194516182           -3175.36601120336           -1812.51197887107       1971.35955
design3_rebuilt_mutated_A_62_PRO_relaxed.pdb   -670.731598221527  3028.41968  1650.17838688358          -3157.05258261227           -1785.80484091955       2139.01427
design3_rebuilt_mutated_A_3_THR_relaxed.pdb    -670.387222868623  3019.55355  1641.33489831132          -3156.73934394012           -1759.34183759655       2183.45724
design3_rebuilt_mutated_A_28_GLU_relaxed.pdb   -669.763651158557  3034.86437  1647.41111107748          -3188.64668148187           -1780.74927515276       1950.40871
design3_rebuilt_mutated_A_47_MET_relaxed.pdb   -668.734588540263  3037.7101   1651.00408996077          -3173.10007528797           -1760.77837690127       2056.35762
design3_rebuilt_mutated_A_47_PRO_relaxed.pdb   -668.47199422268   3027.0111   1641.43983706882          -3160.27235118935           -1746.6517523682        2113.79506
design3_rebuilt_mutated_A_16_TYR_relaxed.pdb   -668.134220385531  3021.94932  1641.78695792155          -3171.95888617777           -1716.55856669317       2118.84913
design3_rebuilt_mutated_A_48_GLY_relaxed.pdb   -667.010435042729  3009.75198  1638.40733155153          -3157.2651062768            -1791.7353187966        2032.33462
design3_rebuilt_mutated_A_13_VAL_relaxed.pdb   -666.647152357664  3005.10513  1634.08861328537          -3117.03374563994           -1674.12000163325       1914.95517
design3_rebuilt_mutated_A_13_PRO_relaxed.pdb   -664.198178328214  2998.13016  1631.07343377206          -3120.24511308706           -1690.50034672251       1846.38124
design3_rebuilt_mutated_A_9_GLU_relaxed.pdb    -664.17441825398   3026.18357  1646.49252612551          -3173.88126543085           -1768.38299985506       1910.67165
design3_rebuilt_mutated_A_63_ASP_relaxed.pdb   -663.004187736364  3027.46065  1650.72039765932          -3168.036731879             -1783.90507572022       1974.6282
design3_rebuilt_mutated_A_6_VAL_relaxed.pdb    -662.917624247328  3011.69559  1636.7459289913           -3170.03388797233           -1718.3375491537        1616.43273
design3_rebuilt_mutated_A_30_CYS_relaxed.pdb   -662.742785518068  3023.17214  1643.44712289857          -3162.28520382383           -1788.84849372064       2056.77474
design3_rebuilt_mutated_A_9_CYS_relaxed.pdb    -662.205439902     3005.21555  1634.47489088877          -3136.57871173703           -1730.85541631613       2123.64105
design3_rebuilt_mutated_A_27_GLY_relaxed.pdb   -661.435998829193  2985.9348   1623.94617040563          -3147.05108711285           -1863.26297749954       1957.79596
design3_rebuilt_mutated_A_31_ILE_relaxed.pdb   -659.835777542942  3046.06609  1649.41295465187          -3189.79134652416           -1806.11221854557       2013.34807
design3_rebuilt_mutated_A_9_GLN_relaxed.pdb    -659.5670779716    3026.71933  1644.95826355565          -3158.07213675293           -1742.07856666211       1886.99545
design3_rebuilt_mutated_A_33_GLU_relaxed.pdb   -659.377587205678  3025.33667  1643.39966338524          -3153.93293430931           -1769.23070336651       2004.64827
design3_rebuilt_mutated_A_12_MET_relaxed.pdb   -658.024984867991  3019.47888  1643.09677895497          -3129.50153383496           -1655.42701187011       2110.3962
design3_rebuilt_mutated_A_42_PHE_relaxed.pdb   -658.024757858135  3041.24272  1651.1338109002           -3120.19244020912           -1639.43105294633       1631.83437
design3_rebuilt_mutated_A_9_SER_relaxed.pdb    -657.818338235748  3001.2997   1631.54991670677          -3119.9564382246            -1690.97689878792       1597.58768
design3_rebuilt_mutated_A_26_LYS_relaxed.pdb   -657.357984355457  3023.44006  1644.93830765456          -3161.39227616738           -1690.29575232922       2045.82847
design3_rebuilt_mutated_A_13_LEU_relaxed.pdb   -657.241927094249  3026.20296  1645.25328156948          -3163.01339770907           -1791.60477638494       1755.02515
design3_rebuilt_mutated_A_23_GLN_relaxed.pdb   -657.088383870098  3041.98515  1653.84792373734          -3166.35736766583           -1796.98686468393       1929.87862
design3_rebuilt_mutated_A_16_MET_relaxed.pdb   -657.041723007876  3023.84037  1642.748849964            -3164.29533898127           -1720.64833575049       1942.65971
design3_rebuilt_mutated_A_27_VAL_relaxed.pdb   -656.683971744657  2979.90671  1620.37716014165          -3109.66121780585           -1812.12770405578       2025.38219
design3_rebuilt_mutated_A_58_SER_relaxed.pdb   -656.545545072512  3044.0262   1654.97277575864          -3199.90347349546           -1808.01198650777       1990.65157
design3_rebuilt_mutated_A_51_MET_relaxed.pdb   -656.420943303947  3059.83202  1660.32098662014          -3193.65269315868           -1747.27894105523       2135.19924
design3_rebuilt_mutated_A_12_CYS_relaxed.pdb   -655.688448027101  3012.60254  1645.4995880364           -3137.56244031482           -1680.66556999435       1623.21009
design3_rebuilt_mutated_A_62_ILE_relaxed.pdb   -655.649717198773  3036.64758  1649.38369502922          -3171.21628347725           -1770.30516786241       2003.72586
design3_rebuilt_mutated_A_62_HIS_relaxed.pdb   -655.61845090034   3025.12325  1645.75679684875          -3152.15769893417           -1799.26144122554       2045.37696
design3_rebuilt_mutated_A_47_ASN_relaxed.pdb   -655.535759265971  3035.14219  1647.34691513981          -3144.00839732335           -1747.13431040816       2099.77135
design3_rebuilt_mutated_A_34_ASN_relaxed.pdb   -655.463973994031  3028.41588  1643.4506317754           -3144.10612847014           -1740.79452265678       1963.36924
design3_rebuilt_mutated_A_35_PHE_relaxed.pdb   -655.134431773413  3058.88042  1656.17935753545          -3193.25527564397           -1838.50985053107       2104.60215
design3_rebuilt_mutated_A_9_ALA_relaxed.pdb    -654.75647680361   2994.72648  1630.78686005204          -3117.42799274713           -1718.11294971342       2071.26955
design3_rebuilt_mutated_A_33_CYS_relaxed.pdb   -652.558791457981  3037.3834   1649.92517502515          -3189.73192988855           -1842.41104162933       1951.37987
design3_rebuilt_relaxed.pdb                    -652.477034686516  3027.24926  1643.82340497121          -3144.8288404634            -1754.42586976118       2034.72747
design3_rebuilt_mutated_A_6_ARG_relaxed.pdb    -652.109405177235  3060.40057  1670.74646062567          -3179.28493099763           -1707.66927461563       2104.22707
design3_rebuilt_mutated_A_62_PHE_relaxed.pdb   -651.930680315536  3031.4361   1645.13625297487          -3152.62726721195           -1762.1313385134        2056.0718
design3_rebuilt_mutated_A_58_GLY_relaxed.pdb   -651.832102979152  3031.6952   1648.76435526889          -3132.6115352964            -1740.66860047868       1635.71877
design3_rebuilt_mutated_A_12_PHE_relaxed.pdb   -651.801094597545  3023.47006  1638.42743003826          -3150.11441198234           -1721.82750117052       1963.41785
design3_rebuilt_mutated_A_23_SER_relaxed.pdb   -650.959079137933  3014.80223  1637.5442838956           -3140.73090823577           -1749.72729371612       1933.29343
design3_rebuilt_mutated_A_17_CYS_relaxed.pdb   -650.93097749178   3019.22447  1646.55417222559          -3146.3776291536            -1682.04566456037       1960.49959
design3_rebuilt_mutated_A_27_ARG_relaxed.pdb   -650.558720199473  3002.84667  1635.32192624263          -3128.67128302221           -1673.51628243326       1883.76039
design3_rebuilt_mutated_A_55_GLN_relaxed.pdb   -649.464427115218  3023.63649  1644.30631369377          -3173.74660195203           -1817.08794201512       2066.70057
design3_rebuilt_mutated_A_6_CYS_relaxed.pdb    -649.430303993977  3000.40556  1629.1096845936           -3133.77357384571           -1721.60966085313       1597.39954
design3_rebuilt_mutated_A_34_CYS_relaxed.pdb   -649.400289395846  3034.59314  1641.54602075935          -3181.50457295954           -1749.63480246293       2176.22207
design3_rebuilt_mutated_A_62_GLN_relaxed.pdb   -649.069136339713  3038.19654  1645.96229018467          -3145.59598107049           -1688.62659616415       1609.87081
design3_rebuilt_mutated_A_35_GLU_relaxed.pdb   -646.818128728212  3064.25783  1660.77827150382          -3200.17267130902           -1788.17288020714       1959.93294
design3_rebuilt_mutated_A_23_GLY_relaxed.pdb   -646.693883683277  3012.41316  1637.15602157573          -3127.24010106227           -1788.08029878165       1919.3464
design3_rebuilt_mutated_A_62_ALA_relaxed.pdb   -646.669634277103  3024.95462  1642.25351130881          -3131.84484235384           -1760.19616020687       2049.96034
design3_rebuilt_mutated_A_35_CYS_relaxed.pdb   -646.6037242461    3042.26454  1649.50039692295          -3168.66908832965           -1736.82740804429       2115.38621
design3_rebuilt_mutated_A_58_ASP_relaxed.pdb   -646.135261412247  3052.23256  1658.49569143119          -3202.59501105936           -1792.71722493032       1994.14702
design3_rebuilt_mutated_A_62_LEU_relaxed.pdb   -646.101574892376  3036.55641  1650.31492104792          -3159.19905915699           -1777.19814631855       2004.38485
design3_rebuilt_mutated_A_3_GLN_relaxed.pdb    -645.708634235724  3024.19852  1642.69431887192          -3131.16400292727           -1667.91413769931       1608.50333
design3_rebuilt_mutated_A_23_HIS_relaxed.pdb   -644.487176450902  3009.52299  1638.47076357164          -3125.63880931295           -1694.29816164891       2167.56684
design3_rebuilt_mutated_A_58_ASN_relaxed.pdb   -644.31478122239   3042.20937  1649.53273657725          -3170.31735783924           -1777.76874620766       1996.87319
design3_rebuilt_mutated_A_58_MET_relaxed.pdb   -644.213669271622  3028.39871  1645.10787336449          -3152.1314433465            -1756.22195995585       2043.22328
design3_rebuilt_mutated_A_38_ILE_relaxed.pdb   -643.512188395102  3027.96125  1646.96416403979          -3171.45096265772           -1735.0273431516        2041.25742
design3_rebuilt_mutated_A_27_MET_relaxed.pdb   -643.025704001344  2998.64978  1629.51396349688          -3124.19904725535           -1814.34857030855       2098.33278
design3_rebuilt_mutated_A_34_GLN_relaxed.pdb   -642.313133984819  3036.41859  1642.70083586568          -3178.63067876768           -1794.99287319588       2082.96097
design3_rebuilt_mutated_A_47_VAL_relaxed.pdb   -641.893061350241  2999.30427  1627.95785577382          -3147.43922388253           -1722.84546819874       1619.57905
design3_rebuilt_mutated_A_33_THR_relaxed.pdb   -640.379965739166  3035.95755  1645.01182086195          -3174.37448303351           -1790.38038238036       2113.90885
design3_rebuilt_mutated_A_63_ALA_relaxed.pdb   -640.301848209957  3012.70655  1635.287376874            -3088.03377508043           -1731.22029468581       1628.28237
design3_rebuilt_mutated_A_27_PHE_relaxed.pdb   -640.02210028403   3019.08382  1637.34408718244          -3136.91754895863           -1779.55376141259       2134.17821
design3_rebuilt_mutated_A_59_LYS_relaxed.pdb   -639.92097998067   3060.3387   1656.59370951414          -3185.99745524707           -1773.27760236261       1679.29837
design3_rebuilt_mutated_A_33_ALA_relaxed.pdb   -636.778249941424  3039.38312  1647.68891899033          -3177.93583138739           -1816.02227193652       2143.53299
design3_rebuilt_mutated_A_62_GLU_relaxed.pdb   -636.034112977201  3041.28417  1651.20880843646          -3160.39070199155           -1746.9209897814        2095.2457
design3_rebuilt_mutated_A_23_LYS_relaxed.pdb   -635.948336658534  3039.03454  1650.39462588985          -3174.97159581084           -1761.92640419733       1908.34926
design3_rebuilt_mutated_A_45_CYS_relaxed.pdb   -635.918527222906  3021.33453  1642.12622845998          -3132.46297094882           -1712.7723062817        1931.46042
design3_rebuilt_mutated_A_16_ILE_relaxed.pdb   -635.216349863637  3024.6967   1638.56171308529          -3149.32268787652           -1774.13153477754       2031.8062
design3_rebuilt_mutated_A_44_LYS_relaxed.pdb   -633.789023844823  3006.12974  1630.87928279254          -3098.52250691587           -1699.12028071069       2141.65511
design3_rebuilt_mutated_A_63_LEU_relaxed.pdb   -632.961827669744  3045.99905  1656.26199125632          -3149.0007568142            -1747.8983891504        2040.37714
design3_rebuilt_mutated_A_47_HIS_relaxed.pdb   -632.454718300196  3050.12406  1649.51545892261          -3159.78454479037           -1789.90367971884       2003.92318
design3_rebuilt_mutated_A_47_ILE_relaxed.pdb   -631.209432284263  3004.26871  1627.25888752946          -3142.97382825093           -1770.3977923739        2063.69602
design3_rebuilt_mutated_A_51_GLU_relaxed.pdb   -630.444862953712  3039.072    1643.51190881301          -3150.57767890436           -1759.01940180837       2080.15663
design3_rebuilt_mutated_A_31_TRP_relaxed.pdb   -628.393123881871  3043.60816  1642.18531283482          -3207.89447990743           -1750.43637624016       1935.83627
design3_rebuilt_mutated_A_12_THR_relaxed.pdb   -628.299642227327  3001.65316  1633.37047425829          -3104.60218785826           -1656.02446950129       1949.83957
design3_rebuilt_mutated_A_27_GLN_relaxed.pdb   -627.84039560702   2995.88231  1619.34553833922          -3139.75821966581           -1837.97497515571       2054.08411
design3_rebuilt_mutated_A_13_MET_relaxed.pdb   -626.790365287791  3032.10768  1641.89154497748          -3113.17076635623           -1673.40797787292       1728.13745
design3_rebuilt_mutated_A_23_ASN_relaxed.pdb   -626.782194175432  3001.15569  1627.55489428527          -3083.97628097187           -1708.99123725964       2062.25643
design3_rebuilt_mutated_A_35_MET_relaxed.pdb   -626.506652808562  3067.52941  1661.12792571785          -3203.55155049836           -1829.03932786917       2025.32989
design3_rebuilt_mutated_A_34_GLU_relaxed.pdb   -624.014513271762  3034.56933  1634.79975118602          -3159.07706080706           -1724.94186511561       1969.02934
design3_rebuilt_mutated_A_9_HIS_relaxed.pdb    -623.118991149637  3032.38187  1640.69339906378          -3137.54024304905           -1702.72564828637       2116.64958
design3_rebuilt_mutated_A_9_THR_relaxed.pdb    -622.816740421759  3023.61513  1635.77471904489          -3112.56278935396           -1672.00797690271       1613.74546
design3_rebuilt_mutated_A_51_SER_relaxed.pdb   -622.808226638948  3030.86373  1641.59031766847          -3117.55533011112           -1711.34869768902       2169.69598
design3_rebuilt_mutated_A_33_LEU_relaxed.pdb   -621.907296139496  3029.78986  1637.95110000188          -3157.33337503566           -1746.70151867954       2166.81193
design3_rebuilt_mutated_A_47_PHE_relaxed.pdb   -621.721097854766  3062.05037  1650.10480609759          -3171.75058696341           -1788.64678590476       2107.54894
design3_rebuilt_mutated_A_35_ILE_relaxed.pdb   -621.167792470765  3047.36946  1645.95153954884          -3184.61962958263           -1749.25293700337       2082.71257
design3_rebuilt_mutated_A_58_THR_relaxed.pdb   -620.818731369206  3035.59284  1642.1184663002           -3146.30551932941           -1740.72566255768       2121.41434
design3_rebuilt_mutated_A_6_LEU_relaxed.pdb    -619.917665824621  3005.70202  1628.48205123338          -3114.27197487785           -1673.35831408095       1546.60737
design3_rebuilt_mutated_A_62_LYS_relaxed.pdb   -619.77039120193   3039.25414  1647.05605205914          -3158.1952565021            -1719.5602266445        1841.09245
design3_rebuilt_mutated_A_23_ILE_relaxed.pdb   -619.180637427622  3043.11727  1647.59436438489          -3158.83089438641           -1718.86087404415       2082.0092
design3_rebuilt_mutated_A_3_ALA_relaxed.pdb    -619.149660137341  3043.33974  1651.01991675639          -3141.50036804633           -1693.74704090507       1769.42048
design3_rebuilt_mutated_A_28_ASN_relaxed.pdb   -617.670505959468  3005.93774  1624.21224237652          -3122.12853009203           -1778.61538572186       1923.83233
design3_rebuilt_mutated_A_62_SER_relaxed.pdb   -617.268611711521  3025.58804  1635.8503533333           -3113.49222552981           -1724.94298480337       2028.60076
design3_rebuilt_mutated_A_23_ARG_relaxed.pdb   -617.032598027341  3039.96614  1646.22042120765          -3175.82842423878           -1756.54609740388       2048.87145
design3_rebuilt_mutated_A_59_ARG_relaxed.pdb   -616.416321273907  3096.34497  1668.69911554491          -3233.27823533793           -1831.67030739416       1629.55152
design3_rebuilt_mutated_A_51_ARG_relaxed.pdb   -615.247232531193  3072.76012  1656.48907677775          -3179.80587122336           -1711.7457989159        2189.70905
design3_rebuilt_mutated_A_62_THR_relaxed.pdb   -614.446185190165  3031.11521  1640.77085829318          -3143.94058976561           -1783.76250952105       2122.37356
design3_rebuilt_mutated_A_9_ASP_relaxed.pdb    -612.963488042476  2995.75916  1625.25275971902          -3096.29455740833           -1687.84627568641       2105.08045
design3_rebuilt_mutated_A_41_TRP_relaxed.pdb   -612.085436545946  3024.35495  1632.45593848056          -3114.55295740695           -1663.81676923584       2094.01867
design3_rebuilt_mutated_A_62_MET_relaxed.pdb   -612.00133390496   3031.91022  1635.60125771601          -3132.53909886387           -1683.36887121054       2190.83684
design3_rebuilt_mutated_A_34_ASP_relaxed.pdb   -607.926984321398  3044.83008  1641.83780466671          -3161.97263903828           -1721.12120106244       2001.79262
design3_rebuilt_mutated_A_59_MET_relaxed.pdb   -607.711932164224  3035.19871  1639.30885907766          -3115.05296780736           -1652.04741517748       1604.59328
design3_rebuilt_mutated_A_42_TYR_relaxed.pdb   -602.710444207872  3048.31238  1641.93496973582          -3170.65567346952           -1709.55181233004       2175.09258
design3_rebuilt_mutated_A_12_SER_relaxed.pdb   -601.963126220138  3005.30988  1630.75662787004          -3094.4076985386            -1647.82027439899       1933.75478
design3_rebuilt_mutated_A_48_LYS_relaxed.pdb   -600.421249428946  3043.83228  1637.02874816443          -3160.47683294911           -1785.60397795102       2065.67869
design3_rebuilt_mutated_A_16_HIS_relaxed.pdb   -600.058921947141  3029.79468  1635.07486896981          -3109.53776777905           -1705.62658900066       1969.4453
design3_rebuilt_mutated_A_2_LEU_relaxed.pdb    -598.736773692141  3021.79671  1631.55404536626          -3128.84372441779           -1692.98177257383       1604.74232
design3_rebuilt_mutated_A_62_CYS_relaxed.pdb   -598.520625746345  3021.98266  1630.79801919038          -3099.17013239142           -1715.35062180834       2025.62524
design3_rebuilt_mutated_A_16_PHE_relaxed.pdb   -596.526620691829  3023.93951  1630.95172401765          -3133.24439844111           -1719.10916209555       1889.16953
design3_rebuilt_mutated_A_63_GLU_relaxed.pdb   -595.086743593334  3045.66216  1640.39713102934          -3135.59926030582           -1751.21081748111       1619.37579
design3_rebuilt_mutated_A_47_LEU_relaxed.pdb   -594.993970826131  3053.52894  1642.41256713193          -3166.4690861676            -1772.21259018249       1595.19873
design3_rebuilt_mutated_A_35_LYS_relaxed.pdb   -592.391845764005  3076.46548  1658.14805589727          -3186.82601060985           -1727.09244087915       2122.12315
design3_rebuilt_mutated_A_28_CYS_relaxed.pdb   -591.956580150215  2995.55959  1609.76499707881          -3110.58736719032           -1737.6415211856        1893.9932
design3_rebuilt_mutated_A_23_GLU_relaxed.pdb   -589.305889316789  3025.46759  1628.80287018201          -3096.40253419559           -1698.59963705827       2039.8661
design3_rebuilt_mutated_A_41_HIS_relaxed.pdb   -587.344204998438  3026.14176  1636.18866631668          -3093.25413779693           -1693.12764018819       2000.80189
design3_rebuilt_mutated_A_12_ASP_relaxed.pdb   -586.948073511176  3009.14044  1626.76772982321          -3085.97484275595           -1633.67251945006       2272.56388
design3_rebuilt_mutated_A_23_CYS_relaxed.pdb   -586.717490949508  3007.43725  1623.20123469759          -3084.80292325311           -1656.49581875269       2130.42898
design3_rebuilt_mutated_A_51_LYS_relaxed.pdb   -586.221774471804  3057.39961  1652.7534563328           -3178.06147559319           -1794.41456562836       2078.84161
design3_rebuilt_mutated_A_12_ALA_relaxed.pdb   -586.027941003557  3001.60352  1625.03072258059          -3079.94322142503           -1635.20317594298       1953.04239
design3_rebuilt_mutated_A_23_PHE_relaxed.pdb   -584.498362344924  3016.56204  1625.12259577365          -3111.61746679408           -1701.11228293187       2028.7735
design3_rebuilt_mutated_A_23_VAL_relaxed.pdb   -583.937973636457  3024.90291  1629.48825031053          -3123.07152401206           -1664.2759450514        2307.35325
design3_rebuilt_mutated_A_6_THR_relaxed.pdb    -583.263120658858  3031.73979  1629.8777650224           -3136.3178104097            -1739.11452927695       2161.33434
design3_rebuilt_mutated_A_28_GLN_relaxed.pdb   -581.783088741934  3037.87936  1633.99091530194          -3161.2187253105            -1785.53314979499       1944.02425
design3_rebuilt_mutated_A_42_ARG_relaxed.pdb   -580.402399673939  3046.41175  1633.72376453474          -3164.486155317             -1611.20682389442       2014.4886
design3_rebuilt_mutated_A_31_HIS_relaxed.pdb   -579.854472485004  3056.77014  1641.61893402741          -3096.51733901705           -1641.69004153453       2067.63173
design3_rebuilt_mutated_A_34_ALA_relaxed.pdb   -579.552857198925  3028.80921  1621.90115342135          -3139.26507318458           -1695.883036517         2147.78176
design3_rebuilt_mutated_A_3_SER_relaxed.pdb    -579.21185746529   3049.55084  1645.75338384917          -3171.92754068643           -1763.88877938169       1923.35365
design3_rebuilt_mutated_A_38_ALA_relaxed.pdb   -577.978557901634  3011.9474   1619.01261176241          -3100.55493510974           -1680.52181199885       2149.73878
design3_rebuilt_mutated_A_2_ARG_relaxed.pdb    -576.546365666228  3106.23422  1673.13716172254          -3199.33986647423           -1748.35765912858       1626.33866
design3_rebuilt_mutated_A_23_TYR_relaxed.pdb   -576.243515887181  3006.50785  1620.75195418694          -3084.05889174522           -1668.96430147561       1992.8824
design3_rebuilt_mutated_A_38_SER_relaxed.pdb   -574.868770174945  3004.38495  1612.89902334076          -3092.50826242956           -1670.74276731117       2078.70632
design3_rebuilt_mutated_A_9_LYS_relaxed.pdb    -574.274842536488  3008.03195  1620.20507439801          -3093.71432787708           -1660.02913079836       2139.03491
design3_rebuilt_mutated_A_28_LEU_relaxed.pdb   -573.857144993948  3016.84282  1620.34389010784          -3125.73866560279           -1767.29923493716       1940.53926
design3_rebuilt_mutated_A_23_ALA_relaxed.pdb   -573.64960621945   3013.97838  1623.56705835388          -3090.90656200951           -1684.91099023257       2017.51909
design3_rebuilt_mutated_A_3_TRP_relaxed.pdb    -573.43807576226   3071.37803  1651.97230158699          -3180.1763804732            -1731.74716429204       1975.61212
design3_rebuilt_mutated_A_51_CYS_relaxed.pdb   -572.839681298332  3012.88536  1624.81660844615          -3082.48996749131           -1685.52024385796       1956.03384
design3_rebuilt_mutated_A_35_LEU_relaxed.pdb   -571.846639621826  3062.00476  1647.02794632046          -3157.77259405459           -1741.62279813137       2120.19429
design3_rebuilt_mutated_A_6_GLN_relaxed.pdb    -571.435513223151  3055.55206  1645.51324066841          -3173.67608073386           -1742.20315224561       1598.15381
design3_rebuilt_mutated_A_33_ILE_relaxed.pdb   -566.663741730716  3063.87449  1648.79963471586          -3169.16577090722           -1773.52686050311       1929.04611
design3_rebuilt_mutated_A_51_TRP_relaxed.pdb   -566.29284676312   3071.21375  1652.3438868103           -3206.05266017946           -1795.66023843749       2208.21704
design3_rebuilt_mutated_A_12_HIS_relaxed.pdb   -565.197464750928  3011.19811  1614.79977494481          -3072.74603147175           -1651.43174750931       1895.76101
design3_rebuilt_mutated_A_63_GLN_relaxed.pdb   -563.087978958918  3059.2077   1644.20523883757          -3111.64505650786           -1745.19494146199       1657.62861
design3_rebuilt_mutated_A_28_THR_relaxed.pdb   -555.519762449947  3001.17877  1610.7576438809           -3085.6608481359            -1740.68279312712       1959.99003
design3_rebuilt_mutated_A_23_MET_relaxed.pdb   -554.35277999032   3021.02019  1624.54507282632          -3090.40307966622           -1665.85634830823       1912.13663
design3_rebuilt_mutated_A_58_ILE_relaxed.pdb   -553.503688440112  3049.65696  1640.07620808461          -3155.44235653842           -1765.97697203139       2092.73211
design3_rebuilt_mutated_A_49_GLY_relaxed.pdb   -552.243706693986  3016.83852  1618.01329625152          -3107.61830128277           -1705.12964655574       1904.98064
design3_rebuilt_mutated_A_16_LEU_relaxed.pdb   -551.041582740996  3025.78092  1624.24685104742          -3093.69457222812           -1644.81493215357       2121.91919
design3_rebuilt_mutated_A_23_TRP_relaxed.pdb   -546.979083933625  3039.65376  1633.70009172622          -3095.29144606691           -1704.31390788949       1946.18189
design3_rebuilt_mutated_A_63_LYS_relaxed.pdb   -545.848034910395  3046.10156  1640.64208502181          -3087.237851715             -1633.51528297089       2168.07906
design3_rebuilt_mutated_A_41_SER_relaxed.pdb   -543.596820089222  3004.04504  1610.07287495635          -3007.44697479875           -1565.42241958976       2131.19456
design3_rebuilt_mutated_A_63_PHE_relaxed.pdb   -542.255836297354  3057.41971  1643.25655729649          -3141.1736439771            -1748.3282261228        1657.18376
design3_rebuilt_mutated_A_41_MET_relaxed.pdb   -542.102087152993  3039.53385  1631.73381321276          -3025.01207833401           -1580.20585407072       2065.68254
design3_rebuilt_mutated_A_3_LEU_relaxed.pdb    -540.284733940342  3029.21589  1623.58763882871          -3104.22046379076           -1680.05795163255       1604.49157
design3_rebuilt_mutated_A_63_TYR_relaxed.pdb   -539.488890861938  3062.6105   1645.55435875228          -3141.70137634046           -1748.53817623933       1657.07527
design3_rebuilt_mutated_A_58_CYS_relaxed.pdb   -538.877358235141  3044.35386  1632.43158234822          -3126.11353872453           -1753.94213541856       2007.18327
design3_rebuilt_mutated_A_41_VAL_relaxed.pdb   -536.765275655584  3008.44389  1613.47332193938          -2993.58817235875           -1535.10701389647       2090.53959
design3_rebuilt_mutated_A_12_TRP_relaxed.pdb   -533.292380023635  3020.79851  1613.93862650032          -3082.69852982762           -1661.61953032853       1861.3395
design3_rebuilt_mutated_A_34_PRO_relaxed.pdb   -528.569363726031  3017.40844  1605.46410954095          -3110.24931987953           -1684.45270448208       2024.18788
design3_rebuilt_mutated_A_28_ASP_relaxed.pdb   -528.463656345109  3008.44299  1611.74907681106          -3092.59394303748           -1756.41744070714       1950.26974
design3_rebuilt_mutated_A_6_PRO_relaxed.pdb    -527.599973787938  3013.14026  1613.88390639861          -3123.1646087267            -1707.12324382658       1580.01608
design3_rebuilt_mutated_A_16_THR_relaxed.pdb   -524.646886022239  3022.85761  1619.03283122335          -3062.77341635452           -1651.92675907924       1993.66324
design3_rebuilt_mutated_A_28_VAL_relaxed.pdb   -524.509904701661  3000.16642  1606.53931458377          -3055.95189667078           -1703.8060780477        2094.16328
design3_rebuilt_mutated_A_41_ARG_relaxed.pdb   -523.625481173966  3011.053    1618.08124468221          -3035.27983937929           -1648.10299273362       2028.36417
design3_rebuilt_mutated_A_63_TRP_relaxed.pdb   -521.635831755962  3085.04661  1647.65720286568          -3161.82031732108           -1744.22836675671       1661.36488
design3_rebuilt_mutated_A_63_HIS_relaxed.pdb   -518.106241025966  3034.72235  1630.48416243566          -3074.20034259804           -1720.61536146599       1627.7379
design3_rebuilt_mutated_A_38_CYS_relaxed.pdb   -515.371491267675  3014.88664  1611.29778191955          -3079.70758863211           -1646.48524484014       2079.21062
design3_rebuilt_mutated_A_41_LEU_relaxed.pdb   -514.6566003835    3014.21782  1612.48578210396          -3039.8912173754            -1632.07908349022       1994.69578
design3_rebuilt_mutated_A_3_ILE_relaxed.pdb    -513.476703855862  3030.03126  1619.79136979356          -3088.18528678425           -1669.61936844788       1606.54041
design3_rebuilt_mutated_A_34_SER_relaxed.pdb   -512.576659408755  3022.53644  1608.30693647656          -3100.22646483361           -1627.20584740406       2154.34653
design3_rebuilt_mutated_A_6_TRP_relaxed.pdb    -512.234325686691  3069.04134  1643.56678830304          -3110.20484913895           -1561.13039572068       1971.93759
design3_rebuilt_mutated_A_41_ASP_relaxed.pdb   -508.26953640126   3016.00709  1611.63320964317          -3009.30657495886           -1605.34253528725       2064.01177
design3_rebuilt_mutated_A_38_LYS_relaxed.pdb   -501.331617324674  3033.10438  1624.25984070221          -3115.11865284354           -1672.37023854197       2072.07362
design3_rebuilt_mutated_A_2_HIS_relaxed.pdb    -491.927437286808  3079.49266  1641.77656023286          -3149.71389712415           -1722.79870194521       1594.58618
design3_rebuilt_mutated_A_41_ALA_relaxed.pdb   -487.828792830549  3004.09018  1602.1393235835           -2974.53145885122           -1531.69301326291       2127.43465
design3_rebuilt_mutated_A_38_LEU_relaxed.pdb   -487.565570654289  3021.78985  1608.714609344            -3094.18060543404           -1638.95396571083       2037.43959
design3_rebuilt_mutated_A_38_GLY_relaxed.pdb   -484.445452225715  3020.15205  1600.54216019926          -3068.68507500458           -1660.45822081936       2071.72455
design3_rebuilt_mutated_A_28_ILE_relaxed.pdb   -480.155663748882  3015.17818  1602.0628375245           -3038.92687052214           -1630.91639390208       2095.23234
design3_rebuilt_mutated_A_41_LYS_relaxed.pdb   -479.086588508636  3029.07474  1613.35549717452          -3033.31612402463           -1570.22524586828       1933.97147
design3_rebuilt_mutated_A_34_LYS_relaxed.pdb   -478.893348312886  3056.61505  1624.74233975371          -3126.49510659647           -1640.04896436259       2099.50839
design3_rebuilt_mutated_A_28_SER_relaxed.pdb   -478.407410481236  3013.69559  1596.72903855032          -3049.04587249817           -1598.23810294851       2129.21003
design3_rebuilt_mutated_A_41_ASN_relaxed.pdb   -475.216105870614  3003.17386  1599.93616729232          -2990.48037973601           -1521.51441573813       2103.74612
design3_rebuilt_mutated_A_27_LYS_relaxed.pdb   -471.10784995513   3007.73599  1598.62624379305          -3082.43496306171           -1687.59964942315       1907.96502
design3_rebuilt_mutated_A_41_GLU_relaxed.pdb   -464.749388530019  3029.80912  1607.539860604            -3005.59437283812           -1538.73200741005       1857.35238
design3_rebuilt_mutated_A_2_ILE_relaxed.pdb    -463.237403817215  3085.22596  1641.0578101976           -3145.50098891649           -1722.41289783462       1588.8007
design3_rebuilt_mutated_A_28_PHE_relaxed.pdb   -462.757134564816  3024.04229  1605.81651611799          -3043.29266548447           -1637.82045135567       2067.70947
design3_rebuilt_mutated_A_63_CYS_relaxed.pdb   -456.939334990856  3015.33655  1607.8408567838           -3003.93292075332           -1590.16736139284       1579.46229
design3_rebuilt_mutated_A_41_THR_relaxed.pdb   -427.524342306736  2994.84192  1593.44496739196          -2955.39580269787           -1558.78924839146       1960.74197
design3_rebuilt_mutated_A_2_LYS_relaxed.pdb    -417.666934757247  3109.95027  1654.52389368854          -3169.56866490775           -1762.75771442991       1608.42613
design3_rebuilt_mutated_A_41_PRO_relaxed.pdb   -416.096989075909  3007.69101  1592.90842787885          -2963.33879573905           -1521.88253042797       2003.65431
design3_rebuilt_mutated_A_41_ILE_relaxed.pdb   -373.344992589807  3009.15147  1584.67554421605          -2945.71898123705           -1481.20882507865       2015.80541
design3_rebuilt_mutated_A_41_GLN_relaxed.pdb   -371.633907935641  3010.99136  1582.30918822656          -2975.15334140779           -1536.34367655921       1938.13266
design3_rebuilt_mutated_A_41_CYS_relaxed.pdb   -363.278334369505  2975.17579  1561.14883891779          -2927.57377590534           -1493.11214341126       1910.3929
design3_rebuilt_mutated_A_34_GLY_relaxed.pdb   -360.306079310488  3010.94455  1578.26435502707          -3011.5924681886            -1568.29331402537       1541.04008
design3_rebuilt_mutated_A_41_GLY_relaxed.pdb   -322.690083551338  2958.68323  1548.49579838202          -2878.47241230607           -1465.63247574986       1995.93919
design3_rebuilt_mutated_A_42_LYS_relaxed.pdb   -266.777620688222  3067.81662  1581.77632709494          -2965.51286105153           -1458.02888898981       2110.77995
design3_rebuilt_mutated_A_28_LYS_relaxed.pdb   -262.330971357316  3029.07549  1562.29701989629          -2995.04992492424           -1492.53870798785       1940.58615
