ID                                     area_pseudoenergy   area_total  area_expected_to_persist  area_goodness_pseudoenergy  best_core_pseudoenergy  best_core_area
design1_rebuilt_mutated_A_227_TRP.pdb  -556.765008639815   1257.39042  728.346010111703          -1472.44710729523           -774.170324513236       889.701
design1_rebuilt_mutated_A_53_ARG.pdb   -544.257770533972   1268.3185   730.952001541286          -1518.22977323207           -820.709089233826       898.79184
design2_rebuilt_mutated_A_76_TYR.pdb   -540.276828507236   1405.25357  797.140446703084          -1647.72398936594           -1089.91853482047       715.69206
design1_rebuilt_mutated_A_27_GLY.pdb   -540.005991139565   1246.69048  722.875587721515          -1462.6683333751            -824.878221599981       859.1695
design1_rebuilt_mutated_A_161_TRP.pdb  -539.174986734149   1253.03065  722.008443027164          -1475.26007545978           -760.014275530293       860.22688
design1_rebuilt_mutated_A_161_PHE.pdb  -531.964116685163   1232.70455  709.875789741102          -1448.94944701618           -759.518654062575       855.16251
design1_rebuilt_mutated_A_27_GLN.pdb   -531.68696207043    1242.82804  718.112406295765          -1449.28516619902           -807.702065598485       855.30706
design1_rebuilt_mutated_A_27_ALA.pdb   -530.230388461609   1246.69048  720.902107848372          -1459.00795563581           -816.691232803362       859.1695
design1_rebuilt_mutated_A_1_PRO.pdb    -527.769710819529   1238.64604  713.860764723619          -1442.20873549994           -746.839590208555       847.34021
design1_rebuilt_mutated_A_27_GLU.pdb   -526.256595159894   1242.90885  717.052511920094          -1447.62843612098           -803.84313670859        855.38787
design1_rebuilt_mutated_A_161_THR.pdb  -517.102954892002   1218.85938  701.023579262649          -1422.51011810632           -730.258345420826       826.33631
design1_rebuilt_mutated_A_32_HIS.pdb   -516.808313334643   1241.5566   715.868326727479          -1459.96157031532           -815.903574634738       871.09117
design1_rebuilt_mutated_A_1_GLY.pdb    -515.323949035927   1228.66088  706.972560159629          -1431.41862909377           -729.945794769602       869.068
design1_rebuilt_mutated_A_27_PRO.pdb   -515.298391406638   1246.98801  717.624088466393          -1451.61682534173           -811.230350803837       859.46703
design1_rebuilt_mutated_A_161_ASP.pdb  -512.253868631098   1218.92389  700.838769644021          -1423.10727236898           -731.183172052229       826.33631
design1_rebuilt_mutated_A_1_SER.pdb    -511.142811373972   1228.66238  705.94534735523           -1429.78559581124           -726.527434581135       869.068
design1_rebuilt_mutated_A_1_ASP.pdb    -509.723831518388   1235.66648  709.460161743489          -1436.21347382617           -748.759206632426       855.5979
design1_rebuilt_mutated_A_161_ASN.pdb  -508.933128192747   1219.47335  700.383260426747          -1422.25828211965           -731.09366924386        826.33631
design1_rebuilt_mutated_A_161_PRO.pdb  -508.449264110686   1214.70631  698.320872381492          -1419.20772233051           -730.258345085663       826.33631
design1_rebuilt_mutated_A_161_HIS.pdb  -507.766600186555   1227.72262  703.286242780793          -1431.8694098955            -748.559064368859       848.55541
design1_rebuilt_mutated_A_161_TYR.pdb  -507.204949919367   1232.44602  705.41575536138           -1440.62864285259           -743.934731314864       858.27614
design1_rebuilt_mutated_A_161_ALA.pdb  -507.041941537852   1213.8325   696.878971377155          -1417.11865395738           -730.258345085663       826.33631
design1_rebuilt_mutated_A_1_ALA.pdb    -507.034571696315   1228.66688  705.177918717528          -1428.38536422851           -726.126711091556       869.068
design1_rebuilt_mutated_A_161_CYS.pdb  -506.259257169563   1218.70124  699.707759869463          -1420.84485074392           -730.258345085663       826.33631
design1_rebuilt_mutated_A_2_TYR.pdb    -504.777619559085   1260.96489  723.920157733595          -1462.47693581061           -780.169136581884       879.33815
design1_rebuilt_mutated_A_161_GLY.pdb  -504.749260891937   1207.10013  693.763578340287          -1413.4136379859            -730.258345085663       826.33631
design1_rebuilt_mutated_A_161_LEU.pdb  -503.13561868201    1229.66563  704.292856960267          -1425.03054378161           -730.182382579832       826.33631
design1_rebuilt_mutated_A_161_SER.pdb  -502.960647311443   1215.65076  697.386540485383          -1417.77175405021           -730.258345085663       826.33631
design2_rebuilt_mutated_A_63_ASP.pdb   -502.535076382217   1366.77187  785.915145969662          -1528.10198733291           -943.799975785908       885.32192
design1_rebuilt_mutated_A_161_VAL.pdb  -502.521115393317   1220.85277  699.810200544316          -1420.79864985558           -730.258345085663       826.33631
design1_rebuilt_mutated_A_32_TRP.pdb   -501.689517488406   1242.25215  713.809615343223          -1450.55346293406           -795.343973606896       853.5074
design1_rebuilt_mutated_A_1_PHE.pdb    -499.189784080499   1228.66238  704.103580354963          -1426.9806406806            -721.56931814456        869.068
design1_rebuilt_mutated_A_58_GLN.pdb   -499.179528834481   1256.245    711.6660462107            -1488.42790668407           -795.95772182512        836.27042
design1_rebuilt_mutated_A_1_TYR.pdb    -497.346514510268   1228.66238  703.626824320293          -1426.16033110987           -720.258541613316       869.068
design1_rebuilt_mutated_A_28_TRP.pdb   -496.258344085727   1301.67475  741.51421815353           -1505.91106563735           -788.487976307357       898.71415
design1_rebuilt_mutated_A_1_HIS.pdb    -494.750176768762   1228.66238  702.971862309232          -1424.78093876351           -718.424706294667       869.068
design1_rebuilt_mutated_A_27_CYS.pdb   -493.932566722439   1246.69048  712.98682305507           -1442.5383331534            -791.134278897538       859.1695
design2_rebuilt_mutated_A_76_PHE.pdb   -493.214049542341   1394.66718  786.792777791956          -1599.78772771462           -1044.03108863285       705.08527
design1_rebuilt_mutated_A_27_LEU.pdb   -492.480125204105   1245.93282  711.782558037896          -1438.94879466641           -777.120687864194       858.41184
design1_rebuilt_mutated_A_27_ARG.pdb   -491.960984102296   1241.35083  709.045541606338          -1428.76745544224           -780.605638666433       869.48066
design1_rebuilt_mutated_A_1_THR.pdb    -488.30693950879    1231.65708  702.899253425782          -1424.64041460545           -715.08500202865        869.1157
design1_rebuilt_mutated_A_1_LYS.pdb    -486.572491966588   1228.66238  701.023690793576          -1421.63178230038           -711.617450349169       869.068
design1_rebuilt_mutated_A_56_ARG.pdb   -484.428652672914   1292.58327  729.239062850021          -1503.19540129665           -826.484388764269       597.41832
design1_rebuilt_mutated_A_31_TRP.pdb   -484.395572863472   1297.00602  737.134246074895          -1493.5305875267            -744.414950198166       863.33716
design1_rebuilt_mutated_A_1_ASN.pdb    -484.005085735333   1228.66238  700.683278769656          -1421.07711647697           -713.670090954948       869.068
design1_rebuilt_mutated_A_32_GLN.pdb   -483.13809821044    1239.9365   706.092760719508          -1452.37390213118           -784.245689828116       869.19845
design1_rebuilt_mutated_A_2_LYS.pdb    -482.710801795347   1249.20919  714.386747717664          -1443.77427814567           -768.938690757049       886.21954
design1_rebuilt_mutated_A_108_ASP.pdb  -478.848822246035   1231.12016  701.754283814341          -1424.07025925124           -754.235691959426       840.53092
design2_rebuilt_mutated_A_76_ARG.pdb   -477.36409719395    1416.64767  800.210324345369          -1597.93783796374           -996.692538330985       838.2254
design1_rebuilt_mutated_A_26_GLU.pdb   -475.782634088362   1256.6003   716.105623286641          -1446.24970445628           -740.287360630305       889.00115
design1_rebuilt_mutated_A_27_ASP.pdb   -474.558640492367   1243.32518  707.912746383227          -1435.911908933             -780.278504344226       855.8042
design1_rebuilt_mutated_A_31_TYR.pdb   -474.095391064531   1276.01247  725.303990185059          -1460.08054533156           -762.62403687626        904.21916
design1_rebuilt_mutated_A_99_CYS.pdb   -473.549612026043   1229.47751  699.942621622988          -1430.20913868477           -728.600082973418       846.57961
design1_rebuilt_mutated_A_1_ARG.pdb    -473.26995783587    1228.66238  698.973466374585          -1418.84703778615           -705.413812987016       869.068
design1_rebuilt_mutated_A_54_ARG.pdb   -472.698065591434   1293.50838  729.55934947176           -1491.1556009506            -771.673573009552       842.49575
design1_rebuilt_mutated_A_105_ARG.pdb  -472.13895664054    1237.67941  703.133262798426          -1447.93970538998           -733.382474055613       848.51433
design1_rebuilt_mutated_A_227_THR.pdb  -471.305030655521   1234.21101  703.129587632688          -1426.10577647558           -741.993686345396       850.33263
design1_rebuilt_mutated_A_32_LYS.pdb   -470.804977229129   1242.15806  707.03024585924           -1446.02427661813           -780.860200210021       873.82404
design1_rebuilt_mutated_A_161_ILE.pdb  -469.816384160713   1232.71707  699.68466153148           -1416.71767137075           -728.245742853583       826.33631
design1_rebuilt_mutated_A_183_CYS.pdb  -468.52766537622    1238.2312   701.425018733204          -1447.22539039254           -741.40407258164        846.57552
design1_rebuilt_mutated_A_183_TYR.pdb  -466.586371741078   1238.2312   700.976303557562          -1445.89605528604           -739.93876112999        846.57552
design1_rebuilt_mutated_A_105_GLN.pdb  -466.479069293067   1238.2312   701.259360089929          -1444.13574236311           -740.206129271254       846.57552
design1_rebuilt_mutated_A_183_HIS.pdb  -466.374416306306   1238.2312   701.047615758495          -1445.45300360374           -740.57537569494        846.57552
design1_rebuilt_mutated_A_183_PHE.pdb  -466.16972483299    1238.2312   700.887279005625          -1445.75643409607           -739.670806291125       846.57552
design1_rebuilt_mutated_A_230_PRO.pdb  -466.08569984783    1239.65562  699.889117970336          -1450.18470363223           -755.45363840026        852.13464
design1_rebuilt_mutated_A_99_HIS.pdb   -465.366891422766   1242.30709  704.422100418429          -1436.95496229886           -735.916426514562       846.57961
design1_rebuilt_mutated_A_105_ASN.pdb  -465.258536867754   1238.2312   700.688911244401          -1444.85329479926           -739.222914745879       846.57552
design1_rebuilt_mutated_A_27_ILE.pdb   -465.200579330255   1245.65555  706.531770958296          -1431.67051608558           -750.779546889315       858.13457
design1_rebuilt_mutated_A_31_PHE.pdb   -465.006546256199   1268.00669  719.433755549763          -1450.15396474709           -750.33252818319        899.16983
design1_rebuilt_mutated_A_108_ASN.pdb  -464.573542811208   1231.12016  699.083846338142          -1419.87087492662           -743.743277138331       840.53092
design1_rebuilt_mutated_A_58_GLU.pdb   -464.284356712425   1256.4563   707.703529433934          -1459.12868230911           -770.078651625366       836.53085
design1_rebuilt_mutated_A_108_ALA.pdb  -464.091076715054   1231.12016  698.753597688492          -1419.29298795229           -743.031125996337       840.53092
design2_rebuilt_mutated_A_71_TYR.pdb   -464.050893486715   1384.74709  786.478354239454          -1527.69471680005           -931.719595758707       697.98816
design1_rebuilt_mutated_A_54_PHE.pdb   -463.874914041326   1295.31893  730.504048276622          -1495.27974250083           -756.073388293909       860.15141
design2_rebuilt_mutated_A_76_LYS.pdb   -462.862461030167   1407.50364  791.819850738649          -1581.55553890637           -992.413812840924       832.27817
design1_rebuilt_mutated_A_105_THR.pdb  -462.300804987698   1238.2312   700.443548542277          -1442.21894980062           -737.726376664524       846.57552
design1_rebuilt_mutated_A_54_TYR.pdb   -461.999513295716   1304.81249  732.983225249487          -1501.20541780387           -757.855814274262       862.77483
design1_rebuilt_mutated_A_99_PHE.pdb   -461.439051017666   1245.43795  705.238358892935          -1438.10669234144           -737.064009329388       846.57961
design1_rebuilt_mutated_A_54_ASN.pdb   -460.701177387092   1255.64759  709.569993184746          -1453.9631106472            -752.909841014421       866.00821
design1_rebuilt_mutated_A_105_CYS.pdb  -460.643668876937   1238.2312   700.146003520373          -1441.17224770497           -735.928469887437       846.57552
design2_rebuilt_mutated_A_76_LEU.pdb   -460.376422221666   1390.8005   782.62251898997           -1568.57391236262           -997.449106266003       705.58896
design1_rebuilt_mutated_A_58_MET.pdb   -460.257647832631   1258.18355  710.004368436031          -1450.85684952599           -759.367671655046       834.27696
design1_rebuilt_mutated_A_2_ASP.pdb    -460.23168861037    1242.49906  703.081063704803          -1425.25510896123           -748.728696306998       856.52208
design1_rebuilt_mutated_A_99_ARG.pdb   -460.065333129823   1236.36885  701.812357478045          -1432.12992911818           -734.516176169068       846.57961
design1_rebuilt_mutated_A_227_HIS.pdb  -459.725864191379   1237.14901  701.614913993661          -1410.28171098907           -726.088191898573       849.39744
design1_rebuilt_mutated_A_1_LEU.pdb    -459.424923730945   1238.10128  701.142844362972          -1421.82139423455           -731.46670562873        855.5979
design1_rebuilt_mutated_A_30_ALA.pdb   -458.71694650421    1239.84421  703.51827320879           -1430.54301473456           -747.877296066251       854.8798
design1_rebuilt_mutated_A_108_CYS.pdb  -458.421721088034   1231.12016  697.775407970135          -1417.9081199478            -740.864340689914       840.53092
design1_rebuilt_mutated_A_105_ILE.pdb  -457.790465268188   1238.23529  700.973858113387          -1436.73624101895           -726.890104420173       846.57961
design1_rebuilt_mutated_A_108_GLU.pdb  -457.115831046542   1231.12016  697.891176539508          -1418.19175302667           -736.04307114541        840.53092
design1_rebuilt_mutated_A_161_GLU.pdb  -457.114695291906   1241.07855  701.25087926963           -1421.97981984094           -731.396885784437       842.37922
design1_rebuilt_mutated_A_108_SER.pdb  -456.419628106147   1231.12016  697.60466574027           -1417.66623268131           -735.452194849241       840.53092
design1_rebuilt_mutated_A_105_ASP.pdb  -455.835656274952   1238.2312   698.928018580687          -1439.53678271357           -733.253449667408       846.57552
design2_rebuilt_mutated_A_104_ARG.pdb  -455.807404704622   1391.78011  781.181600511413          -1526.92240280579           -941.503357081829       711.63667
design1_rebuilt_mutated_A_1_ILE.pdb    -455.571111822047   1231.84628  697.157167765464          -1415.90439795274           -694.833511756971       869.192
design1_rebuilt_mutated_A_166_TYR.pdb  -455.424849416165   1266.76417  715.491606221795          -1457.61400503296           -726.849090160996       861.15815
design1_rebuilt_mutated_A_99_ASP.pdb   -455.170289633031   1238.56349  700.81856168078           -1422.57891841534           -734.863007181926       855.5979
design1_rebuilt_mutated_A_134_TRP.pdb  -454.473323440602   1244.78495  701.805250899267          -1425.30500987532           -724.412654753875       858.5389
design1_rebuilt_mutated_A_227_PRO.pdb  -454.382099814192   1235.25903  699.907058203677          -1414.88543713184           -735.788604431782       861.08483
design1_rebuilt_mutated_A_161_ARG.pdb  -454.034523212724   1248.13636  704.178775295174          -1435.12872027767           -715.704605728463       864.23424
design1_rebuilt_mutated_A_166_PHE.pdb  -453.936076291791   1257.56913  710.379578643455          -1449.29769703304           -730.498454838935       855.11674
design1_rebuilt_mutated_A_99_PRO.pdb   -453.793133316503   1234.3611   698.584623913838          -1416.53402147238           -728.393631642792       855.5979
design2_rebuilt_mutated_A_63_PRO.pdb   -453.733924828281   1404.29123  794.638327383675          -1532.59842250375           -900.753494711399       915.64162
design1_rebuilt_mutated_A_30_HIS.pdb   -453.469561423213   1255.34653  709.29895601932           -1435.66214612423           -743.513595130094       878.82127
design1_rebuilt_mutated_A_54_THR.pdb   -453.314653117605   1245.94169  701.653416216148          -1443.80862401643           -707.564548691879       848.82141
design1_rebuilt_mutated_A_103_TYR.pdb  -453.31351507358    1275.14411  720.839419482491          -1469.63293520621           -782.910669530083       892.47717
design1_rebuilt_mutated_A_226_TRP.pdb  -453.311086714804   1274.7668   716.835519370589          -1445.60296167718           -719.7473867548         862.6801
design1_rebuilt_mutated_A_27_SER.pdb   -452.520401975892   1246.69048  705.374376565563          -1430.06756977706           -753.47983359838        859.1695
design1_rebuilt_mutated_A_32_ARG.pdb   -452.339186561459   1246.84381  705.368864889661          -1438.27629106945           -772.906105710941       873.80384
design1_rebuilt_mutated_A_166_ARG.pdb  -451.883899650235   1263.52493  713.892646086133          -1450.61809487627           -721.71595297644        857.5072
design1_rebuilt_mutated_A_105_HIS.pdb  -451.812421327733   1238.2312   698.261392841695          -1437.83057889195           -729.238881188437       846.57552
design1_rebuilt_mutated_A_99_THR.pdb   -451.598774278686   1234.3611   697.836485409121          -1417.91430610797           -725.122589023857       855.5979
design1_rebuilt_mutated_A_99_ASN.pdb   -451.124732054696   1236.29268  698.942338488455          -1419.82105514408           -728.544352565416       855.5979
design1_rebuilt_mutated_A_99_TRP.pdb   -451.012097107451   1249.90104  704.727989517059          -1436.21287273283           -715.35243532641        847.77382
design1_rebuilt_mutated_A_99_ALA.pdb   -450.506757327766   1234.3611   697.673955193577          -1417.90669315356           -726.328113396105       855.5979
design1_rebuilt_mutated_A_105_PHE.pdb  -450.354037533436   1238.2312   698.011464600486          -1437.49010035919           -727.950624684931       846.57552
design1_rebuilt_mutated_A_53_THR.pdb   -450.186392897486   1243.95093  700.156932763613          -1440.28750503803           -746.332533048507       856.42995
design1_rebuilt_mutated_A_99_GLU.pdb   -449.988469054127   1234.3611   697.654312451971          -1417.66578029146           -725.000537777789       855.5979
design1_rebuilt_mutated_A_99_SER.pdb   -449.929901827567   1234.3611   697.619464902327          -1417.60614400306           -725.135941970922       855.5979
design1_rebuilt_mutated_A_99_TYR.pdb   -449.768299856819   1250.16587  705.232451373788          -1437.76121815333           -734.855419086828       846.57961
design1_rebuilt_mutated_A_105_TYR.pdb  -449.467226714922   1238.2312   697.858780733585          -1437.09878267189           -727.176134368662       846.57552
design1_rebuilt_mutated_A_1_VAL.pdb    -449.293868579466   1231.85158  695.510413167961          -1413.04754849732           -692.552220793956       869.1957
design1_rebuilt_mutated_A_1_CYS.pdb    -449.240650343627   1228.66238  693.653584612817          -1410.34819445787           -688.178868708493       869.068
design1_rebuilt_mutated_A_105_VAL.pdb  -448.441063468905   1238.23529  699.321345431475          -1429.77217325269           -722.387111924262       846.57961
design1_rebuilt_mutated_A_183_PRO.pdb  -448.288675313077   1238.95969  698.113789350959          -1433.35391329748           -734.678132676728       846.90911
design1_rebuilt_mutated_A_32_VAL.pdb   -447.971230888374   1237.1664   701.418491376743          -1413.3364714524            -758.838254720381       865.26986
design1_rebuilt_mutated_A_105_TRP.pdb  -447.962152276676   1238.2312   697.616660334699          -1437.01449808622           -725.726844256511       846.57552
design1_rebuilt_mutated_A_100_GLU.pdb  -447.201061873026   1249.92982  705.507894026659          -1438.96655035532           -733.278689540795       856.01655
design1_rebuilt_mutated_A_27_HIS.pdb   -447.157914912018   1246.38577  703.786986477157          -1427.14587563313           -751.399448952149       858.86479
design1_rebuilt_mutated_A_99_GLN.pdb   -446.484002195945   1234.3611   696.995856949442          -1416.1673214687            -721.905041296604       855.5979
design1_rebuilt_mutated_A_105_PRO.pdb  -446.400707704546   1243.9703   700.207544312692          -1435.87081643855           -739.667026342488       856.44932
design1_rebuilt_mutated_A_30_CYS.pdb   -446.232368529202   1239.84421  700.946269959779          -1424.63995496674           -739.041086304344       854.8798
design1_rebuilt_mutated_A_2_ASN.pdb    -445.953368418567   1241.99688  700.766605714103          -1422.32278710143           -739.131709379756       856.2798
design1_rebuilt_mutated_A_31_HIS.pdb   -445.857514277061   1257.52918  708.862559231921          -1434.20000096839           -739.144953387183       856.08849
design1_rebuilt_mutated_A_183_SER.pdb  -445.151682652513   1238.95969  697.747809886245          -1430.99611142836           -732.416584704352       846.90911
design1_rebuilt_mutated_A_134_TYR.pdb  -444.837425491171   1244.29383  700.166597957654          -1427.32468324424           -725.401621230372       849.08121
design1_rebuilt_mutated_A_26_TRP.pdb   -444.514227751051   1269.79368  716.854864064288          -1446.1895469808            -741.605788208343       893.19924
design1_rebuilt_mutated_A_183_ALA.pdb  -444.508328597596   1238.95969  697.48438111021           -1431.07345743431           -731.905122914931       846.90911
design1_rebuilt_mutated_A_183_ASP.pdb  -444.470373654778   1238.95969  697.700775778217          -1430.53964746213           -731.676281965719       846.90911
design1_rebuilt_mutated_A_183_ASN.pdb  -444.404352715637   1238.95969  697.692933170479          -1430.51867102316           -731.579899790254       846.90911
design1_rebuilt_mutated_A_58_LEU.pdb   -443.549072905127   1249.2906   701.96515717076           -1436.38816965313           -749.998873207667       832.20756
design1_rebuilt_mutated_A_183_GLY.pdb  -442.896350917569   1238.95969  697.042090274563          -1430.24035885925           -731.815113782851       846.90911
design1_rebuilt_mutated_A_105_LEU.pdb  -442.655536007395   1238.23529  698.197529666124          -1426.17869815115           -716.01093361082        846.57961
design1_rebuilt_mutated_A_226_PRO.pdb  -442.551652674001   1234.46713  696.356334513003          -1415.63188161744           -720.702428225914       833.4254
design1_rebuilt_mutated_A_227_ASP.pdb  -442.403163672419   1235.17819  698.765087086915          -1402.83495741788           -708.602760384766       851.46657
design1_rebuilt_mutated_A_28_ARG.pdb   -441.530895149388   1279.14858  719.774893124517          -1453.97374945645           -738.765102154252       894.02861
design1_rebuilt_mutated_A_161_LYS.pdb  -441.462662844708   1247.99574  701.287117935579          -1426.16343291193           -692.106863494218       871.21408
design1_rebuilt_mutated_A_3_TYR.pdb    -440.74349871926    1243.11888  699.651240883201          -1419.20326091321           -722.046991139438       855.5979
design1_rebuilt_mutated_A_58_THR.pdb   -440.647622486596   1235.61865  695.375265681406          -1420.99353617066           -716.44551498863        851.08993
design1_rebuilt_mutated_A_99_VAL.pdb   -440.473784718045   1234.3611   695.980184376208          -1413.83950312307           -716.826536866808       855.5979
design1_rebuilt_mutated_A_99_ILE.pdb   -440.426230561285   1235.49691  696.516746754351          -1415.10798932222           -720.088258467491       855.5979
design1_rebuilt_mutated_A_225_LYS.pdb  -440.357613640722   1237.58537  697.951838310778          -1425.84187367753           -718.719740457872       845.53479
design1_rebuilt_mutated_A_225_ILE.pdb  -440.354641723048   1238.71805  698.639253184567          -1430.72980604146           -721.341813479748       847.06237
design1_rebuilt_mutated_A_1_GLU.pdb    -440.130998752007   1228.66238  692.247192142314          -1408.42895335145           -684.99154511532        869.068
design1_rebuilt_mutated_A_227_VAL.pdb  -439.375170600212   1234.03518  698.240543120506          -1402.73543313907           -711.164790667965       850.42166
design2_rebuilt_mutated_A_63_ARG.pdb   -439.091703946242   1387.44445  782.097476364426          -1513.81989190197           -910.268403053949       696.574
design1_rebuilt_mutated_A_53_ASP.pdb   -438.737346686418   1245.14431  699.643661520229          -1431.93248486296           -736.150634011512       853.73397
design1_rebuilt_mutated_A_99_GLY.pdb   -438.719306112985   1234.3611   695.531373521301          -1411.27482431633           -716.554360155845       855.5979
design1_rebuilt_mutated_A_105_SER.pdb  -438.545364965433   1238.23529  697.156514194696          -1424.529786401             -715.681367729928       846.57961
design1_rebuilt_mutated_A_53_GLN.pdb   -437.596262591875   1246.73167  701.676492203281          -1422.92397568681           -731.89728885469        860.65329
design1_rebuilt_mutated_A_32_PHE.pdb   -437.203092538834   1243.55271  700.07556884373           -1424.83382198419           -734.315456889605       854.55798
design1_rebuilt_mutated_A_166_TRP.pdb  -436.601981452244   1284.44331  723.088784366731          -1472.84817774112           -747.562686674618       873.62009
design1_rebuilt_mutated_A_99_LYS.pdb   -436.300924681351   1234.3611   695.17346179393           -1414.04926640469           -714.626932551658       855.5979
design1_rebuilt_mutated_A_108_PRO.pdb  -436.218006365151   1231.82387  693.684494870232          -1411.9560039003            -760.498233955593       814.97994
design1_rebuilt_mutated_A_105_ALA.pdb  -435.596204894902   1238.23529  696.821821553126          -1421.79909928631           -713.897317042859       846.57961
design1_rebuilt_mutated_A_108_GLN.pdb  -435.468596596828   1231.82387  693.737460009711          -1412.08400873025           -765.229206398691       814.97994
design1_rebuilt_mutated_A_31_GLU.pdb   -435.077931083322   1239.39648  697.06811289415           -1418.58576272682           -718.476448526365       866.20664
design1_rebuilt_mutated_A_108_TRP.pdb  -435.004649187656   1245.34415  699.585053581498          -1418.52773359539           -721.553585536052       854.7097
design1_rebuilt_mutated_A_31_ASP.pdb   -434.894623924923   1241.16851  698.531284614717          -1423.65811137078           -733.565509463365       854.68963
design1_rebuilt_mutated_A_225_HIS.pdb  -434.600167213622   1243.62495  698.72628217625           -1427.71024257773           -729.212350754079       855.70947
design1_rebuilt_mutated_A_226_ASP.pdb  -434.038399594112   1241.10286  697.913635834261          -1420.14611793283           -723.01637819215        855.8797
design1_rebuilt_mutated_A_161_MET.pdb  -433.780764008743   1236.156    693.867656097395          -1404.7969711457            -724.886813277505       826.33631
design2_rebuilt_mutated_A_136_TRP.pdb  -433.377747173584   1395.74732  776.496194747557          -1540.3633278279            -965.477017767117       703.58795
design1_rebuilt_mutated_A_54_PRO.pdb   -433.140761121411   1233.40305  692.798283456985          -1417.64955845433           -712.619923627699       840.64777
design1_rebuilt_mutated_A_25_PRO.pdb   -433.021388466775   1243.11888  698.639747933341          -1418.11589372366           -725.163156487067       855.5979
design1_rebuilt_mutated_A_134_GLY.pdb  -432.984700015249   1237.81758  696.800627407906          -1415.54372547534           -718.790214419545       855.5979
design1_rebuilt_mutated_A_225_GLU.pdb  -432.935740062782   1232.33293  696.407022764135          -1411.69542156284           -731.873090897172       881.86656
design1_rebuilt_mutated_A_1_MET.pdb    -432.873671832883   1228.66238  690.538007201203          -1405.77729284044           -680.66944926215        869.068
design1_rebuilt_mutated_A_134_PHE.pdb  -432.770485936425   1244.41471  698.696254982476          -1422.15784794728           -721.393019463744       849.08121
design1_rebuilt_mutated_A_53_PRO.pdb   -431.818455792709   1244.4138   699.673408054753          -1417.77227548918           -725.847190260745       858.33542
design1_rebuilt_mutated_A_53_GLU.pdb   -431.338174656535   1249.60924  699.957233465186          -1431.24642815936           -727.067337804416       855.37712
design1_rebuilt_mutated_A_134_PRO.pdb  -430.491801682896   1242.51088  697.82861039124           -1418.26327569662           -721.216782804965       855.5979
design1_rebuilt_mutated_A_162_TRP.pdb  -430.389026677394   1244.54013  699.426244560305          -1419.83154337018           -719.477845657314       855.5979
design1_rebuilt_mutated_A_227_TYR.pdb  -430.046555183884   1245.97646  700.008038524289          -1388.6131842285            -689.743125872265       857.42813
design1_rebuilt_mutated_A_58_HIS.pdb   -429.994969998858   1252.51262  702.089474015521          -1425.75975601053           -746.038321318777       833.80977
design1_rebuilt_mutated_A_230_ILE.pdb  -429.580804259078   1243.09815  697.502248300402          -1423.18187750531           -726.289866384951       855.57717
design1_rebuilt_mutated_A_162_ASP.pdb  -429.403116296203   1243.11888  698.112545077808          -1417.60785369015           -717.403571217058       855.5979
design1_rebuilt_mutated_A_55_ALA.pdb   -429.219678413915   1248.52001  700.787882187316          -1420.76228364638           -720.775700623432       852.17533
design1_rebuilt_mutated_A_166_HIS.pdb  -429.217732667733   1253.0809   702.888129422234          -1430.43825071997           -725.123278511369       856.7244
design1_rebuilt_mutated_A_97_GLN.pdb   -428.731611745041   1244.70228  698.414012943545          -1416.95192503803           -757.276207519742       844.3591
design1_rebuilt_mutated_A_32_PRO.pdb   -428.68990853451    1230.52619  694.040828284066          -1401.88674485481           -762.976014794915       815.05562
design1_rebuilt_mutated_A_3_PHE.pdb    -428.685216752041   1243.11888  697.586376066453          -1416.20772884852           -718.153091198937       855.5979
design1_rebuilt_mutated_A_105_MET.pdb  -428.366530120502   1237.65985  695.224626788695          -1414.69621561652           -718.736383437525       846.57667
design1_rebuilt_mutated_A_97_GLU.pdb   -428.094748797085   1244.62193  697.879906738765          -1415.93850286623           -768.425741911289       834.3863
design2_rebuilt_mutated_A_123_GLY.pdb  -427.950240621872   1339.52928  749.582348719501          -1457.33922185361           -846.093159608946       665.79539
design1_rebuilt_mutated_A_230_ASP.pdb  -427.077178689465   1242.71608  697.133736851203          -1420.62069744678           -721.898549720373       855.1951
design1_rebuilt_mutated_A_183_MET.pdb  -426.881924860893   1241.51665  695.834445867372          -1426.79588370308           -727.723116519029       846.90911
design2_rebuilt_mutated_A_123_ALA.pdb  -426.553970415734   1341.51048  750.14798030568           -1459.92751668561           -897.101926762185       694.92706
design1_rebuilt_mutated_A_25_ASP.pdb   -426.475607728061   1243.11888  697.491085355873          -1416.34300949989           -720.079093723985       855.5979
design1_rebuilt_mutated_A_227_GLU.pdb  -426.225397948299   1241.42314  698.616670932052          -1398.16791209025           -706.578613459875       852.43998
design1_rebuilt_mutated_A_99_MET.pdb   -426.13538246592    1236.28469  694.531933845579          -1410.3462535594            -710.991435327274       855.5979
design1_rebuilt_mutated_A_103_HIS.pdb  -426.092771260669   1253.73668  702.136175953063          -1434.21254120166           -756.217076062511       875.4158
design1_rebuilt_mutated_A_57_GLN.pdb   -425.8657157354     1242.73678  697.134739415927          -1417.74946176059           -718.877886360055       855.5979
design1_rebuilt_mutated_A_230_PHE.pdb  -425.254658337314   1245.51827  696.98377248714           -1422.53602013008           -729.614310215094       857.99729
design1_rebuilt_mutated_A_162_CYS.pdb  -425.050091938942   1243.11888  697.186258027558          -1415.78505418645           -717.22354459767        855.5979
design1_rebuilt_mutated_A_58_PRO.pdb   -424.752093626952   1231.27129  690.393068822887          -1406.03437421182           -699.105640107466       846.74257
design1_rebuilt_mutated_A_162_THR.pdb  -424.652387491906   1243.46838  697.461379177142          -1415.86194031187           -715.759694309198       855.5979
design1_rebuilt_mutated_A_230_VAL.pdb  -424.502407503703   1243.17427  696.868201257799          -1418.3843936254            -720.578871812643       855.65329
design1_rebuilt_mutated_A_2_CYS.pdb    -424.449545294538   1244.08478  697.019526843033          -1415.12489497956           -722.933891453218       856.835
design1_rebuilt_mutated_A_162_ASN.pdb  -424.347343569002   1243.11888  697.135937702834          -1415.67508332256           -716.354986277576       855.5979
design1_rebuilt_mutated_A_162_TYR.pdb  -424.1240979162     1244.81463  698.352918807286          -1417.66453997823           -717.373988720185       855.5979
design1_rebuilt_mutated_A_58_ILE.pdb   -423.61796837536    1235.02206  692.824819071675          -1406.30501028128           -706.042901517077       850.50034
design1_rebuilt_mutated_A_162_HIS.pdb  -423.515189686916   1243.11888  697.010916110593          -1415.48244977627           -716.728071589813       855.5979
design1_rebuilt_mutated_A_32_LEU.pdb   -423.50255236396    1241.10287  698.085754498737          -1420.15487778628           -741.630115173812       838.88553
design1_rebuilt_mutated_A_225_TYR.pdb  -423.366045767334   1237.63828  694.313581185508          -1415.05537731514           -707.630824022346       844.4436
design1_rebuilt_mutated_A_162_VAL.pdb  -423.199463994763   1243.43858  697.199164587426          -1415.14978150437           -715.017323264774       855.5979
design1_rebuilt_mutated_A_230_HIS.pdb  -423.148483054587   1245.51827  696.732256975684          -1420.73646183336           -728.654948808968       857.99729
design1_rebuilt_mutated_A_183_ILE.pdb  -422.945666073748   1243.11888  697.276054937907          -1415.85754662554           -716.722097569351       855.5979
design1_rebuilt_mutated_A_134_ALA.pdb  -422.876620229893   1243.17648  696.896448382084          -1415.51843765267           -717.3418647302         855.5979
design1_rebuilt_mutated_A_25_GLU.pdb   -422.684058526341   1243.11888  696.762860076214          -1415.18865158226           -717.85555526686        855.5979
design1_rebuilt_mutated_A_57_ASN.pdb   -422.464908487978   1243.11888  696.840562988865          -1415.56705497984           -716.68738538505        855.5979
design1_rebuilt_mutated_A_97_LEU.pdb   -422.455036341517   1244.41041  695.782935958712          -1412.39109240623           -761.406581704283       817.4751
design1_rebuilt_mutated_A_162_ILE.pdb  -422.412513259822   1243.43858  697.095623505069          -1414.85534887929           -714.845064805769       855.5979
design1_rebuilt_mutated_A_57_LYS.pdb   -422.407989540229   1243.11888  696.437304976405          -1417.07127499149           -717.897967018945       855.5979
design1_rebuilt_mutated_A_162_PHE.pdb  -422.194067323729   1244.74096  697.862331873751          -1416.81018399224           -716.9230035968         855.5979
design1_rebuilt_mutated_A_227_CYS.pdb  -422.179006256266   1232.45909  694.392774376234          -1385.26785984394           -693.265104542604       849.8921
design1_rebuilt_mutated_A_25_ASN.pdb   -422.097498567296   1243.11888  696.695875233366          -1415.10802901538           -717.426549719256       855.5979
design1_rebuilt_mutated_A_3_PRO.pdb    -422.089061798995   1243.11888  697.149579400403          -1415.98034829132           -715.349488724284       855.5979
design1_rebuilt_mutated_A_230_GLN.pdb  -422.049503291224   1245.51827  696.892297978835          -1419.86356561179           -728.387052479278       857.99729
design1_rebuilt_mutated_A_108_THR.pdb  -421.957446246417   1231.82387  691.172834698809          -1408.19011313048           -752.353911972439       814.97994
design1_rebuilt_mutated_A_97_ASP.pdb   -421.916156835715   1239.93486  693.755909314769          -1410.3692274611            -773.605423143958       817.4751
design1_rebuilt_mutated_A_105_GLY.pdb  -421.766881457392   1238.23529  694.553988356639          -1412.36735678453           -703.996375118589       846.57961
design1_rebuilt_mutated_A_56_GLN.pdb   -420.73109260305    1230.9061   690.6293262284            -1403.92807496255           -721.008293100881       850.26306
design1_rebuilt_mutated_A_55_ASP.pdb   -420.723239420868   1266.36599  708.306242771969          -1435.17878292056           -735.851073807818       853.17905
design1_rebuilt_mutated_A_25_MET.pdb   -420.704953174462   1243.11888  696.46948321492           -1414.77618412692           -716.842969352484       855.5979
design1_rebuilt_mutated_A_64_ALA.pdb   -420.463307704095   1243.11888  696.408412452702          -1414.65218547208           -716.134295882605       855.5979
design1_rebuilt_mutated_A_64_GLY.pdb   -420.463307704095   1243.11888  696.408412452702          -1414.65218547208           -716.134295882605       855.5979
design1_rebuilt_mutated_A_64_HIS.pdb   -420.463307704095   1243.11888  696.408412452702          -1414.65218547208           -716.134295882605       855.5979
design1_rebuilt_mutated_A_64_PHE.pdb   -420.463307704095   1243.11888  696.408412452702          -1414.65218547208           -716.134295882605       855.5979
design1_rebuilt_mutated_A_64_PRO.pdb   -420.463307704095   1243.11888  696.408412452702          -1414.65218547208           -716.134295882605       855.5979
design1_rebuilt_mutated_A_64_SER.pdb   -420.463307704095   1243.11888  696.408412452702          -1414.65218547208           -716.134295882605       855.5979
design1_rebuilt_mutated_A_64_TRP.pdb   -420.463307704095   1243.11888  696.408412452702          -1414.65218547208           -716.134295882605       855.5979
design1_rebuilt_mutated_A_64_TYR.pdb   -420.463307704095   1243.11888  696.408412452702          -1414.65218547208           -716.134295882605       855.5979
design1_rebuilt_mutated_A_64_VAL.pdb   -420.463307704095   1243.11888  696.408412452702          -1414.65218547208           -716.134295882605       855.5979
design1_rebuilt.pdb                    -420.463307704095   1243.11888  696.408412452702          -1414.65218547208           -716.134295882605       855.5979
design1_rebuilt_mutated_A_166_LEU.pdb  -420.357439354491   1243.61986  696.709431562831          -1418.00511077246           -720.258002927201       855.60145
design1_rebuilt_mutated_A_57_VAL.pdb   -420.292061403219   1243.11888  696.328546269316          -1414.87249237173           -715.998960829085       855.5979
design1_rebuilt_mutated_A_3_HIS.pdb    -420.178341932625   1243.11888  696.178130807037          -1414.1709063029            -713.728103636511       855.5979
design1_rebuilt_mutated_A_59_ASP.pdb   -420.087671944205   1243.11888  696.556407811398          -1414.08259479782           -714.084053731816       855.5979
design1_rebuilt_mutated_A_162_GLU.pdb  -420.028009824848   1244.16735  696.706326227952          -1415.83329400475           -718.008652500644       855.5979
design1_rebuilt_mutated_A_26_PRO.pdb   -419.942397555791   1248.35262  699.758143369228          -1419.62395453503           -713.234399082462       850.17454
design1_rebuilt_mutated_A_134_ASN.pdb  -419.746110482543   1248.34988  698.433806306094          -1417.77930540444           -719.386258534807       855.5979
design1_rebuilt_mutated_A_229_THR.pdb  -419.429849324574   1243.11888  696.282312376774          -1412.7680618178            -712.632788228481       855.5979
design1_rebuilt_mutated_A_162_ALA.pdb  -419.37972698113    1243.1574   696.166406288555          -1414.31268621684           -716.192866537214       855.5979
design1_rebuilt_mutated_A_55_SER.pdb   -419.323468106871   1249.08705  698.827053377056          -1417.53999655235           -716.026086458925       852.18697
design1_rebuilt_mutated_A_59_ASN.pdb   -419.282670880792   1243.11888  696.510355722426          -1413.31583118801           -713.030185569488       855.5979
design1_rebuilt_mutated_A_25_ALA.pdb   -419.067793790834   1243.11888  696.157204116518          -1414.25970414116           -715.234012944905       855.5979
design1_rebuilt_mutated_A_54_ALA.pdb   -418.736016620573   1236.7366   691.550649745402          -1411.15612633951           -718.5205270359         821.82883
design1_rebuilt_mutated_A_229_GLU.pdb  -418.60746784236    1243.11888  696.254356709088          -1412.30425647831           -710.238559833763       855.5979
design2_rebuilt_mutated_A_123_GLN.pdb  -418.487994447194   1342.83542  748.906410490893          -1456.26464123479           -903.791198211556       688.73249
design1_rebuilt_mutated_A_59_HIS.pdb   -418.447015093082   1243.11888  696.352883861056          -1412.69571030908           -712.993504763556       855.5979
design1_rebuilt_mutated_A_134_GLU.pdb  -418.375697159396   1259.02456  703.041483452155          -1424.18349198406           -721.867041603979       855.5979
design1_rebuilt_mutated_A_3_TRP.pdb    -418.357693172152   1243.11888  696.140482044258          -1414.26361564534           -714.999262658309       855.5979
design1_rebuilt_mutated_A_25_GLY.pdb   -418.297521745909   1243.11888  696.100974141888          -1414.1724333307            -714.137443885714       855.5979
design1_rebuilt_mutated_A_230_GLU.pdb  -418.220289970899   1245.51827  696.744562214644          -1415.91912955673           -724.447624490409       857.99729
design1_rebuilt_mutated_A_59_TRP.pdb   -418.076281028081   1243.11888  696.237685062982          -1412.48181031788           -712.850576483355       855.5979
design1_rebuilt_mutated_A_162_GLY.pdb  -418.040664760246   1242.36959  695.564072526769          -1413.40641243184           -715.813367322695       855.5979
design1_rebuilt_mutated_A_28_PHE.pdb   -418.012905003895   1285.11263  718.722674161768          -1458.17320201444           -729.653080530243       898.66515
design1_rebuilt_mutated_A_59_PHE.pdb   -417.926497085662   1243.11888  696.181933796036          -1412.40758537005           -713.443168729171       855.5979
design1_rebuilt_mutated_A_27_THR.pdb   -417.837352711705   1246.69048  698.353854897948          -1418.07350237673           -726.808907413394       859.1695
design1_rebuilt_mutated_A_100_PRO.pdb  -417.381636285309   1238.56265  692.382951719525          -1405.79917819957           -710.647249217764       843.87906
design1_rebuilt_mutated_A_56_GLU.pdb   -416.810638208377   1232.3755   690.690835717049          -1401.93152899668           -715.770848737662       852.30586
design1_rebuilt_mutated_A_26_ASP.pdb   -416.771883414094   1251.53051  702.014546594869          -1423.10744213342           -720.49546811079        845.83808
design1_rebuilt_mutated_A_57_TYR.pdb   -416.68316009447    1243.11888  695.841907184727          -1411.93036029297           -710.992777307655       855.5979
design1_rebuilt_mutated_A_57_ILE.pdb   -416.66552896629    1243.11888  695.775246262647          -1411.80890950125           -712.363132044554       855.5979
design1_rebuilt_mutated_A_54_GLN.pdb   -416.655676100653   1242.02129  697.567578221503          -1406.05968869947           -698.523632399283       848.90711
design1_rebuilt_mutated_A_57_PHE.pdb   -416.215903827588   1243.11888  695.797592176121          -1411.61134583189           -710.680518161827       855.5979
design1_rebuilt_mutated_A_59_GLU.pdb   -416.183540325575   1243.11888  696.095346394166          -1410.79143234165           -710.766652545288       855.5979
design1_rebuilt_mutated_A_59_PRO.pdb   -416.173897192284   1243.11888  696.166872037065          -1410.64822814532           -709.97285033846        855.5979
design1_rebuilt_mutated_A_108_MET.pdb  -416.131287107958   1234.14597  693.512917107078          -1412.74564965065           -701.793434612937       858.39162
design1_rebuilt_mutated_A_183_VAL.pdb  -415.996015186402   1243.11888  696.032104526135          -1411.99456443933           -712.002838321448       855.5979
design1_rebuilt_mutated_A_57_HIS.pdb   -415.748654494441   1243.11888  695.770580529904          -1411.44851823187           -711.135270560813       855.5979
design1_rebuilt_mutated_A_183_LEU.pdb  -415.63815302277    1243.11888  695.854937504471          -1411.61921035044           -709.971031588607       855.5979
design1_rebuilt_mutated_A_53_ASN.pdb   -415.565742436029   1238.12384  687.97609483295           -1421.23068711582           -725.733920889221       816.61336
design1_rebuilt_mutated_A_54_SER.pdb   -415.48326304758    1236.14813  690.849633649182          -1408.00868763694           -700.461960324407       843.03395
design1_rebuilt_mutated_A_229_PHE.pdb  -415.228124504849   1243.11888  695.752055227454          -1408.37381048552           -710.261975473203       855.5979
design1_rebuilt_mutated_A_183_GLU.pdb  -415.158683547211   1243.80663  696.063954204557          -1409.62894194667           -712.114312545641       855.89115
design1_rebuilt_mutated_A_225_THR.pdb  -415.120617783258   1246.09103  696.893688443221          -1417.5799866703            -718.114406489629       858.57005
design1_rebuilt_mutated_A_162_LEU.pdb  -414.915488017546   1243.11888  695.400394386574          -1413.12692829629           -715.839928597174       855.5979
design1_rebuilt_mutated_A_97_THR.pdb   -414.88431347059    1239.93486  692.527745228118          -1408.42514362086           -769.604301986627       817.4751
design1_rebuilt_mutated_A_162_MET.pdb  -414.636171237207   1245.64375  696.92840432194           -1415.48422871761           -716.952114806949       855.5979
design1_rebuilt_mutated_A_97_ASN.pdb   -414.549832747666   1243.24077  694.877567307434          -1411.72340288299           -772.31000772838        817.4751
design1_rebuilt_mutated_A_134_ASP.pdb  -414.491269686295   1243.90798  695.889228309093          -1408.01346455721           -711.405888555774       855.5979
design1_rebuilt_mutated_A_57_ASP.pdb   -414.483884369194   1243.11888  695.729667933144          -1409.45448985332           -709.056399213185       855.5979
design1_rebuilt_mutated_A_134_THR.pdb  -414.206551129716   1245.93808  696.778478466436          -1415.15631780433           -717.324026578396       855.5979
design1_rebuilt_mutated_A_64_CYS.pdb   -414.0779755869     1244.60504  696.324039954471          -1413.94199280645           -715.067174413769       855.5979
design1_rebuilt_mutated_A_226_ALA.pdb  -414.077518243061   1234.46713  690.973331120653          -1396.76266122324           -702.363069637505       833.4254
design1_rebuilt_mutated_A_162_PRO.pdb  -414.006866779189   1246.38228  696.805400296754          -1415.99565339674           -719.122982170052       855.5979
design1_rebuilt_mutated_A_57_TRP.pdb   -413.991698529616   1243.11888  695.646256747993          -1409.23594699864           -706.720520675305       855.5979
design1_rebuilt_mutated_A_226_ILE.pdb  -413.872209425547   1237.66467  692.168930602653          -1387.06577328438           -694.037701227928       819.61218
design1_rebuilt_mutated_A_229_HIS.pdb  -413.794459937093   1243.11888  695.490190168869          -1408.11331158667           -709.456018894641       855.5979
design1_rebuilt_mutated_A_229_ASP.pdb  -413.334968405645   1243.11888  695.516331650471          -1406.86692741888           -708.799570076057       855.5979
design1_rebuilt_mutated_A_230_LEU.pdb  -413.288408870517   1245.51827  695.438917371127          -1413.72814799845           -719.979557083095       857.99729
design1_rebuilt_mutated_A_30_ASN.pdb   -413.270551237303   1241.28161  694.641326181673          -1411.30727867506           -722.71546258133        854.33359
design1_rebuilt_mutated_A_32_ASP.pdb   -413.121811571453   1239.2828   694.296559656249          -1409.54516131554           -735.960372667935       867.38626
design1_rebuilt_mutated_A_59_LYS.pdb   -413.097487136243   1243.11888  695.703458666765          -1408.17054838706           -708.502389356275       855.5979
design1_rebuilt_mutated_A_57_SER.pdb   -413.064777818185   1243.11888  695.662076248304          -1408.48733797824           -708.535077037257       855.5979
design1_rebuilt_mutated_A_57_CYS.pdb   -413.045148926522   1243.11888  695.607795471616          -1408.59573197487           -708.578365398942       855.5979
design1_rebuilt_mutated_A_26_ASN.pdb   -412.991455371413   1251.84799  702.126632265958          -1423.2991605428            -717.226311787377       845.72151
design1_rebuilt_mutated_A_162_GLN.pdb  -412.907762127748   1245.67693  696.459066429003          -1414.8416730155            -716.874465957115       855.5979
design1_rebuilt_mutated_A_103_TRP.pdb  -412.777029619444   1274.66555  713.085420010984          -1439.24893232588           -745.807574082872       886.18115
design1_rebuilt_mutated_A_2_ARG.pdb    -412.677400761565   1235.88007  692.96745508653           -1410.39971734785           -709.274985667724       846.31799
design1_rebuilt_mutated_A_3_ASN.pdb    -412.61609441716    1243.11888  695.315109959172          -1413.1651782614            -710.292452674879       855.5979
design1_rebuilt_mutated_A_229_TYR.pdb  -412.550123246259   1243.11888  695.352013916628          -1406.92354377886           -708.336638270589       855.5979
design1_rebuilt_mutated_A_57_GLU.pdb   -412.522822117149   1243.11888  695.212548657352          -1409.17212916578           -709.67439002437        855.5979
design1_rebuilt_mutated_A_30_ASP.pdb   -412.330347890505   1249.62215  697.327123073017          -1414.44010462563           -716.374041067986       856.59442
design1_rebuilt_mutated_A_183_LYS.pdb  -412.294394052551   1243.11888  694.782770889337          -1410.35297516172           -710.922733123697       855.5979
design1_rebuilt_mutated_A_59_GLN.pdb   -412.241443008099   1243.11888  695.567275787903          -1407.51484769368           -707.969418754776       855.5979
design1_rebuilt_mutated_A_30_PRO.pdb   -412.149443418864   1247.82979  696.209698631322          -1412.95093548023           -715.184569609894       855.96229
design1_rebuilt_mutated_A_57_LEU.pdb   -412.122007642282   1243.11888  695.321100780187          -1408.012197767             -707.327633283272       855.5979
design1_rebuilt_mutated_A_226_SER.pdb  -411.961680976361   1234.57662  690.313653761161          -1397.24854987161           -703.939399694651       833.4254
design1_rebuilt_mutated_A_31_THR.pdb   -411.903381529404   1231.61801  689.641435807325          -1404.55596988667           -700.986959531554       851.5087
design1_rebuilt_mutated_A_32_ASN.pdb   -411.833538047685   1239.80264  693.066960951881          -1407.52115618471           -720.75992295833        867.9061
design1_rebuilt_mutated_A_54_ASP.pdb   -411.728506000657   1239.26852  692.947091524772          -1405.44834674594           -695.582252913722       846.15434
design1_rebuilt_mutated_A_59_ARG.pdb   -411.647282481001   1243.11888  695.557645106226          -1406.88435589213           -707.071943616065       855.5979
design1_rebuilt_mutated_A_230_ARG.pdb  -411.600863319486   1245.51827  695.805152270731          -1410.56815021164           -717.293356395615       857.99729
design1_rebuilt_mutated_A_28_THR.pdb   -411.269301244268   1249.57119  697.159561415809          -1414.78074258588           -713.764099819518       855.2643
design1_rebuilt_mutated_A_162_ARG.pdb  -411.216748321741   1244.76466  695.787647931686          -1413.87585737872           -716.309782025583       855.5979
design1_rebuilt_mutated_A_30_GLY.pdb   -411.200984304556   1239.19304  692.326236949301          -1407.47768278077           -716.700789414413       854.33359
design1_rebuilt_mutated_A_227_SER.pdb  -411.135962148134   1234.61308  692.656150184726          -1391.80364060282           -704.302087603778       849.44117
design1_rebuilt_mutated_A_59_CYS.pdb   -411.127942002654   1243.11888  695.41845919654           -1406.61360082075           -707.45131141239        855.5979
design1_rebuilt_mutated_A_26_ALA.pdb   -410.713896220948   1245.35252  697.75696974217           -1417.0768232474            -702.164294551847       850.60004
design1_rebuilt_mutated_A_30_ILE.pdb   -410.656138263145   1259.00767  701.67292790166           -1420.78544270452           -719.21761461327        876.09734
design1_rebuilt_mutated_A_184_TRP.pdb  -410.632784766688   1250.12812  700.00323622003           -1411.23454529164           -699.685936663035       858.17341
design1_rebuilt_mutated_A_162_LYS.pdb  -410.589456874132   1244.90983  695.690663824154          -1413.9607280936            -716.641001415943       855.5979
design1_rebuilt_mutated_A_59_LEU.pdb   -410.545390944946   1243.11888  695.394265056524          -1406.02991110322           -705.962446931629       855.5979
design1_rebuilt_mutated_A_3_VAL.pdb    -410.501959000109   1243.11888  694.677110855623          -1412.03373012851           -710.74241960202        855.5979
design1_rebuilt_mutated_A_100_ASP.pdb  -410.076736361581   1247.9265   697.583254991083          -1419.54098921784           -721.541978277733       856.68925
design1_rebuilt_mutated_A_59_VAL.pdb   -410.004280227811   1243.11888  695.297646815045          -1405.61205406849           -706.454716696183       855.5979
design1_rebuilt_mutated_A_28_TYR.pdb   -409.639160456781   1291.47114  720.071172014245          -1454.21721456855           -719.516623176491       900.77081
design1_rebuilt_mutated_A_108_ARG.pdb  -409.401254717822   1269.14745  707.588605187903          -1430.58084235997           -731.705260456705       864.26132
design2_rebuilt_mutated_A_123_SER.pdb  -409.401107634515   1342.22213  747.675518805741          -1448.19274666978           -894.357905009108       689.49839
design1_rebuilt_mutated_A_58_LYS.pdb   -409.315587015609   1273.75599  707.741656233791          -1440.05814415602           -728.20531208266        556.56642
design1_rebuilt_mutated_A_230_TYR.pdb  -409.147724260579   1245.51827  694.957107498744          -1409.30593297698           -713.304117002016       857.99729
design1_rebuilt_mutated_A_227_ALA.pdb  -409.018882739601   1235.48678  692.168087758971          -1394.02372174167           -722.884230816124       840.66423
design1_rebuilt_mutated_A_57_ALA.pdb   -408.736097664504   1243.11888  695.116960153436          -1405.21523941028           -705.114799332035       855.5979
design1_rebuilt_mutated_A_230_MET.pdb  -408.455580773479   1245.51827  695.122670141163          -1408.64958282727           -715.744902860111       857.99729
design1_rebuilt_mutated_A_58_VAL.pdb   -408.424876114027   1236.13008  691.437817636696          -1394.25800137806           -688.899606757266       851.61596
design1_rebuilt_mutated_A_3_ASP.pdb    -408.366525138701   1243.11888  694.41097541437           -1411.69102364849           -707.940456472482       855.5979
design1_rebuilt_mutated_A_183_GLN.pdb  -408.080385931426   1243.80663  694.2309287198            -1405.6772141209            -708.112987724796       855.89115
design1_rebuilt_mutated_A_32_GLU.pdb   -407.94554239859    1239.70493  692.386575865794          -1422.70291592172           -722.041985980938       868.45098
design1_rebuilt_mutated_A_225_ARG.pdb  -407.600973183341   1239.22886  693.280259078125          -1405.67022982127           -696.993182378777       849.58268
design1_rebuilt_mutated_A_28_ASN.pdb   -407.598493242446   1249.71858  696.533016248735          -1413.57425909626           -708.562716859201       854.55457
design1_rebuilt_mutated_A_59_THR.pdb   -407.577801578084   1243.11888  694.936727031915          -1403.70206552419           -705.260357442482       855.5979
design1_rebuilt_mutated_A_64_ASP.pdb   -407.487893797275   1248.03439  697.082075261251          -1417.89398356441           -715.896115531526       855.5979
design1_rebuilt_mutated_A_229_GLN.pdb  -407.168048379924   1244.37947  695.410628863701          -1406.36419449799           -702.655395397643       856.85849
design2_rebuilt_mutated_A_63_SER.pdb   -406.842185684762   1370.31008  767.122911865363          -1483.88270099732           -876.370501799248       874.79753
design1_rebuilt_mutated_A_229_ASN.pdb  -406.610723076365   1243.11888  694.491626536581          -1402.17653518268           -702.21323868878        855.5979
design1_rebuilt_mutated_A_30_TYR.pdb   -406.576064771747   1302.89138  724.33566115398           -1458.83021891215           -752.661089523135       872.10629
design1_rebuilt_mutated_A_59_MET.pdb   -406.327561868927   1243.11888  694.834234836             -1402.56252444489           -703.034839382388       855.5979
design1_rebuilt_mutated_A_229_SER.pdb  -406.2877702921     1243.11888  694.498096256521          -1402.43969917266           -702.734456601686       855.5979
design1_rebuilt_mutated_A_26_ARG.pdb   -406.183468303522   1253.75286  703.389787864642          -1425.50044009653           -691.539276972645       845.06813
design1_rebuilt_mutated_A_26_MET.pdb   -406.105955196958   1255.71783  705.316116714988          -1429.72382913494           -699.138392680147       889.31965
design1_rebuilt_mutated_A_229_VAL.pdb  -406.003740671109   1243.11888  694.320869778406          -1404.04794117281           -701.491449479966       855.5979
design1_rebuilt_mutated_A_166_GLU.pdb  -405.540647882793   1242.64684  693.259845820336          -1405.68357875274           -709.044288957144       855.01547
design1_rebuilt_mutated_A_3_THR.pdb    -405.46973274985    1243.11888  693.740728774937          -1410.58888753746           -707.978182668788       855.5979
design1_rebuilt_mutated_A_30_PHE.pdb   -405.45542089411    1290.69807  717.943833268195          -1448.85310683988           -748.646544383595       872.20403
design1_rebuilt_mutated_A_2_SER.pdb    -405.386032584904   1240.87903  691.562696882602          -1407.33237086764           -744.484362646645       826.64707
design1_rebuilt_mutated_A_225_MET.pdb  -405.244725788362   1237.48227  691.781056129666          -1400.6089741952            -690.119216582525       845.43169
design1_rebuilt_mutated_A_59_ILE.pdb   -405.230789740248   1243.11888  694.695819180309          -1401.6036583983            -702.499318120584       855.5979
design1_rebuilt_mutated_A_26_THR.pdb   -405.076045859424   1249.54859  698.988030643811          -1418.74784908282           -707.627990181017       848.22501
design1_rebuilt_mutated_A_28_GLN.pdb   -404.859244400774   1260.65606  702.757343432665          -1423.49093086319           -702.535130970407       857.07052
design2_rebuilt_mutated_A_77_TYR.pdb   -404.81177541378    1384.62226  774.687365427957          -1496.04599580798           -893.796710938321       688.60385
design1_rebuilt_mutated_A_134_CYS.pdb  -404.805004146724   1246.29488  695.653381950384          -1414.35104728195           -717.561938905191       855.5979
design1_rebuilt_mutated_A_30_GLN.pdb   -404.723823564563   1260.88907  704.592701862919          -1430.85680911208           -745.681937241666       855.95031
design1_rebuilt_mutated_A_229_ALA.pdb  -404.176318771261   1243.11888  694.189359951898          -1400.997330296             -700.918062229719       855.5979
design1_rebuilt_mutated_A_97_SER.pdb   -404.128146320209   1239.93486  690.472013026691          -1405.16321199533           -764.606030896669       817.4751
design1_rebuilt_mutated_A_53_ALA.pdb   -404.035193641109   1246.14519  696.928617719788          -1402.05121863639           -702.428854284672       860.06681
design1_rebuilt_mutated_A_30_GLU.pdb   -403.714602007289   1257.68285  702.929392088365          -1428.13913037718           -743.671157481287       854.8798
design1_rebuilt_mutated_A_134_VAL.pdb  -403.655783877269   1246.14058  694.968523758851          -1409.42355380226           -711.35871286252        855.5979
design1_rebuilt_mutated_A_97_PRO.pdb   -403.245992634826   1239.93486  690.071092418219          -1404.49141043775           -766.050105537065       817.4751
design1_rebuilt_mutated_A_25_GLN.pdb   -403.120229271765   1243.11888  693.25193588714           -1409.85396997394           -704.802916818598       855.5979
design1_rebuilt_mutated_A_230_TRP.pdb  -403.017785567837   1245.50597  694.014863393285          -1404.33407721659           -707.386272034271       857.98499
design1_rebuilt_mutated_A_30_SER.pdb   -402.940415161153   1243.28053  692.814136290052          -1408.4046051739            -709.740959720137       855.5767
design1_rebuilt_mutated_A_100_SER.pdb  -402.743742994857   1241.72983  691.866790292222          -1403.79567127861           -706.661411240531       856.83345
design1_rebuilt_mutated_A_108_ILE.pdb  -402.660640214722   1231.82387  689.020467568028          -1405.64223746542           -749.341839124169       814.97994
design1_rebuilt_mutated_A_30_LEU.pdb   -402.518061736415   1256.34762  701.518324806501          -1426.43751557014           -743.223669068326       854.8798
design1_rebuilt_mutated_A_3_CYS.pdb    -402.498618932444   1243.11888  693.127407281131          -1409.62332440028           -703.921697904947       855.5979
design1_rebuilt_mutated_A_25_LYS.pdb   -402.473516905683   1243.11888  693.13480571887           -1409.65990248743           -704.130046199955       855.5979
design1_rebuilt_mutated_A_57_MET.pdb   -402.467522901324   1243.11888  693.971200037093          -1400.96974906914           -699.0815863634         855.5979
design1_rebuilt_mutated_A_105_LYS.pdb  -402.427652874339   1238.32641  688.186772982751          -1407.55858217288           -716.735918383263       846.49173
design1_rebuilt_mutated_A_64_ARG.pdb   -402.354756510193   1265.28298  700.10175978296           -1435.87234366343           -803.803613572114       912.974
design1_rebuilt_mutated_A_25_THR.pdb   -402.353169118246   1243.11888  693.13519294597           -1409.64861017302           -703.775568995085       855.5979
design1_rebuilt_mutated_A_57_ARG.pdb   -402.341537650159   1246.69495  695.392767323808          -1410.88605620484           -710.525138652599       855.5979
design2_rebuilt_mutated_A_76_HIS.pdb   -401.913986692225   1387.90469  771.085930140417          -1519.64098460837           -959.618366109906       697.43598
design1_rebuilt_mutated_A_27_TYR.pdb   -401.839931579579   1243.11102  693.593920978984          -1410.61013426836           -701.557718572152       855.59004
design1_rebuilt_mutated_A_26_VAL.pdb   -401.794685207274   1249.36861  699.206672144873          -1419.06472350845           -698.552572390503       847.20093
design1_rebuilt_mutated_A_100_GLY.pdb  -401.776857546557   1235.58675  689.449255873532          -1401.99551785636           -713.372686581765       849.60642
design1_rebuilt_mutated_A_97_MET.pdb   -401.685158965148   1244.86683  691.620470435839          -1405.73239458007           -729.102356367001       843.5441
design1_rebuilt_mutated_A_225_VAL.pdb  -401.581339729277   1245.32259  694.804744934266          -1407.24137149761           -706.66609570783        857.80161
design1_rebuilt_mutated_A_25_CYS.pdb   -401.542378699033   1243.11888  693.003815849765          -1409.4702644937            -703.295930829297       855.5979
design1_rebuilt_mutated_A_57_GLY.pdb   -401.43475855264    1243.11888  694.548348136419          -1398.30973608174           -697.497106885813       855.5979
design1_rebuilt_mutated_A_25_ARG.pdb   -401.233015183088   1243.11888  692.92491565527           -1409.33232132735           -703.064695380232       855.5979
design1_rebuilt_mutated_A_230_ASN.pdb  -401.22457904899    1245.51827  694.304337957456          -1400.25203332127           -704.539974439514       857.99729
design1_rebuilt_mutated_A_108_VAL.pdb  -401.210419769523   1231.1676   687.587144094265          -1402.75549974278           -750.746589823289       821.27918
design1_rebuilt_mutated_A_56_ILE.pdb   -401.159857799808   1250.24768  696.741062226507          -1404.6230631171            -690.830724409319       860.49636
design1_rebuilt_mutated_A_25_HIS.pdb   -401.131746291958   1243.11888  692.922871757874          -1409.36782029333           -703.488728822206       855.5979
design1_rebuilt_mutated_A_100_ALA.pdb  -401.07462568501    1241.07774  691.601087226626          -1402.30236100584           -704.102462492156       856.75876
design2_rebuilt_mutated_A_63_GLY.pdb   -400.985991341432   1359.76452  760.771613407947          -1472.47582035353           -887.859128221234       839.76244
design1_rebuilt_mutated_A_3_ARG.pdb    -400.876765826086   1243.11888  692.878376802001          -1409.28364767278           -703.338832054759       855.5979
design1_rebuilt_mutated_A_97_ALA.pdb   -400.811077348081   1239.93486  689.571103604347          -1403.6597235428            -761.995962352253       817.4751
design1_rebuilt_mutated_A_2_PHE.pdb    -400.782032700888   1258.70582  704.555774392416          -1427.17872664734           -699.510632037865       874.82091
design1_rebuilt_mutated_A_3_SER.pdb    -400.681786042659   1243.11888  692.838023210419          -1409.21777330003           -703.00346990232        855.5979
design1_rebuilt_mutated_A_3_GLU.pdb    -400.651782173578   1243.11888  692.864245337111          -1409.2784723661            -703.173566392796       855.5979
design1_rebuilt_mutated_A_229_MET.pdb  -400.517619433443   1244.37947  694.471438307972          -1400.54212548217           -700.229486123204       856.85849
design1_rebuilt_mutated_A_225_ASP.pdb  -400.211650180473   1243.98184  693.587492647866          -1401.25350500999           -698.772173431237       856.46086
design2_rebuilt_mutated_A_76_TRP.pdb   -400.071968533909   1387.40908  768.903092232625          -1523.6296213021            -981.811203461094       698.85797
design1_rebuilt_mutated_A_3_LYS.pdb    -400.044752338572   1243.11888  692.763984388101          -1409.13780282317           -703.108155149958       855.5979
design1_rebuilt_mutated_A_25_LEU.pdb   -399.853901217302   1243.11888  692.696805923997          -1408.96916585746           -701.991273556056       855.5979
design1_rebuilt_mutated_A_229_CYS.pdb  -399.801513753582   1243.11888  693.422711223802          -1397.60698501518           -696.610973165194       855.5979
design1_rebuilt_mutated_A_28_ALA.pdb   -399.716477653333   1243.39713  691.705368594987          -1406.45893116249           -709.847796718733       857.02257
design1_rebuilt_mutated_A_134_GLN.pdb  -399.13906029839    1259.58186  700.197952418477          -1419.74351786459           -718.054559826805       855.5979
design1_rebuilt_mutated_A_3_ALA.pdb    -399.130332003231   1243.11888  692.715222469543          -1409.11648527886           -703.69515289612        855.5979
design1_rebuilt_mutated_A_3_ILE.pdb    -399.067582289701   1243.11888  693.026913603149          -1409.78327797229           -706.027559346602       855.5979
design1_rebuilt_mutated_A_3_LEU.pdb    -398.893359312668   1243.11888  692.505369978908          -1408.74048053961           -702.772368275774       855.5979
design1_rebuilt_mutated_A_64_GLU.pdb   -398.723383337989   1258.98618  699.56285812122           -1430.10085931058           -744.05819640174        1030.68655
design1_rebuilt_mutated_A_166_MET.pdb  -398.166396816452   1255.32947  697.668571054036          -1414.58682836691           -709.433285080225       855.10688
design1_rebuilt_mutated_A_59_ALA.pdb   -398.127906761384   1243.11888  693.34698180948           -1396.62627690583           -697.908059363851       855.5979
design1_rebuilt_mutated_A_229_ILE.pdb  -397.697358562464   1243.11888  693.046438442153          -1398.82998713822           -694.294330706039       855.5979
design1_rebuilt_mutated_A_230_LYS.pdb  -397.362514337674   1245.51827  693.639660451179          -1398.15651345861           -704.631262847932       857.99729
design1_rebuilt_mutated_A_55_ASN.pdb   -397.343707297213   1267.49476  704.397056266438          -1425.9658734129            -726.701906660319       853.49878
design1_rebuilt_mutated_A_3_GLY.pdb    -397.114067983507   1243.11888  692.245940145202          -1408.34453026044           -698.678035283609       855.5979
design1_rebuilt_mutated_A_227_GLN.pdb  -397.049318282164   1242.85257  694.989181310083          -1384.24435618731           -685.393654104967       852.75537
design1_rebuilt_mutated_A_225_SER.pdb  -396.756534859049   1245.18057  693.756569021074          -1400.04203713658           -695.696113544121       857.65959
design1_rebuilt_mutated_A_59_SER.pdb   -396.729166755253   1243.11888  693.121682293705          -1395.5498200174            -697.243141760032       855.5979
design1_rebuilt_mutated_A_30_VAL.pdb   -396.697274191278   1250.97582  694.476731739949          -1408.98399074597           -708.436603216583       856.88999
design1_rebuilt_mutated_A_183_THR.pdb  -396.403802566869   1243.80663  692.216521383561          -1399.70963089054           -698.506011658317       855.89115
design1_rebuilt_mutated_A_225_GLN.pdb  -396.119679928189   1232.99071  691.566981080868          -1380.39147332394           -693.27650861165        881.31174
design1_rebuilt_mutated_A_59_GLY.pdb   -395.66340971853    1243.11888  692.888535217371          -1394.90517782187           -695.892365795574       855.5979
design1_rebuilt_mutated_A_25_PHE.pdb   -395.483290865113   1257.75118  699.099827194264          -1418.03165806657           -705.218394547213       881.5011
design1_rebuilt_mutated_A_225_PRO.pdb  -395.046819006161   1245.878    693.66582454682           -1399.28163814455           -695.111863228251       858.35702
design1_rebuilt_mutated_A_55_CYS.pdb   -394.5534859547     1250.49819  694.978310991963          -1404.25349864146           -696.543401037191       851.93581
design1_rebuilt_mutated_A_230_SER.pdb  -394.49164059295    1245.51827  693.645467474786          -1395.55639132812           -698.08410516247        857.99729
design1_rebuilt_mutated_A_226_GLY.pdb  -394.316914900535   1234.46713  687.350734528456          -1386.94062562134           -692.866081516732       833.4254
design1_rebuilt_mutated_A_56_PRO.pdb   -394.194403479751   1224.34617  682.524341710155          -1379.93649005322           -693.919149482869       843.70313
design1_rebuilt_mutated_A_25_ILE.pdb   -394.055979294155   1245.98247  693.388386045299          -1410.13542884723           -691.674979965265       883.0226
design1_rebuilt_mutated_A_31_SER.pdb   -393.970670525737   1229.97974  683.716297837943          -1391.10055492709           -678.067297243553       835.9293
design1_rebuilt_mutated_A_26_SER.pdb   -393.954679089082   1248.10657  695.719781168856          -1413.75574389516           -699.484837558562       850.21849
design1_rebuilt_mutated_A_166_THR.pdb  -393.952887153435   1241.98747  691.384932188661          -1396.60990689142           -696.608242405091       855.16856
design1_rebuilt_mutated_A_58_SER.pdb   -393.870359163273   1235.86053  689.324108208341          -1382.38789744217           -674.88447520259        851.33181
design1_rebuilt_mutated_A_2_GLN.pdb    -393.841806365252   1243.02159  691.946376430504          -1408.37012424187           -707.228010347317       849.40074
design1_rebuilt_mutated_A_54_VAL.pdb   -393.572740209252   1246.74631  694.042477742766          -1402.0518999972            -669.220055510974       849.58963
design1_rebuilt_mutated_A_55_ARG.pdb   -392.933284988536   1277.08956  707.704908321945          -1428.27156278878           -724.221270508368       853.74822
design1_rebuilt_mutated_A_28_ASP.pdb   -392.83285177559    1248.72278  692.875020886014          -1408.51686334546           -705.319376271456       855.02452
design1_rebuilt_mutated_A_108_LYS.pdb  -392.210551805691   1262.17782  703.218527809206          -1425.24072016131           -729.867292481736       862.34752
design1_rebuilt_mutated_A_229_GLY.pdb  -390.996885288303   1243.11888  692.084874382093          -1388.81815414557           -687.74072884109        855.5979
design1_rebuilt_mutated_A_184_ARG.pdb  -390.703598663306   1234.31172  685.435522748522          -1391.07456707963           -692.414980358566       845.40704
design1_rebuilt_mutated_A_229_LYS.pdb  -390.617138831457   1243.25541  691.949055896938          -1395.29119168595           -696.824815223246       855.73443
design1_rebuilt_mutated_A_64_GLN.pdb   -390.314484061491   1259.91338  698.792216007325          -1426.37248414997           -739.892260866991       1030.21355
design1_rebuilt_mutated_A_97_LYS.pdb   -389.694745303223   1245.36409  691.693339194399          -1407.11637309272           -693.340040708345       857.84311
design1_rebuilt_mutated_A_227_GLY.pdb  -389.506332405943   1232.20969  687.269859041588          -1375.20339025033           -696.788413268146       825.10222
design1_rebuilt_mutated_A_53_GLY.pdb   -389.448823406801   1248.87299  696.924028642891          -1390.0658256099            -680.453528816873       854.99969
design1_rebuilt_mutated_A_56_LEU.pdb   -389.198953371075   1256.6908   699.122185953777          -1402.29886785756           -693.517516874208       864.7675
design1_rebuilt_mutated_A_55_LEU.pdb   -388.77966724932    1261.05668  700.378010421824          -1400.81316024034           -699.69884477759        852.55146
design1_rebuilt_mutated_A_103_ARG.pdb  -388.766266232447   1273.21636  708.263116402807          -1423.86437160953           -724.343653906757       884.75576
design1_rebuilt_mutated_A_55_GLN.pdb   -388.743614066507   1265.47156  700.51636476724           -1418.02644592102           -705.607114560844       853.13684
design1_rebuilt_mutated_A_64_ASN.pdb   -388.691081064974   1248.4427   695.158621435053          -1407.13995062948           -714.193596376368       855.5979
design1_rebuilt_mutated_A_30_MET.pdb   -388.633403755979   1264.68849  703.267716107073          -1427.26994759922           -743.842743453405       854.8798
design1_rebuilt_mutated_A_26_HIS.pdb   -388.547473166373   1262.39408  704.498325184783          -1426.9711071337            -705.533738045458       838.80761
design1_rebuilt_mutated_A_97_ILE.pdb   -388.318652219186   1242.8755   689.036896609811          -1402.5084608971            -749.086710673452       817.4751
design1_rebuilt_mutated_A_28_GLY.pdb   -388.137558842504   1237.03746  686.545720443095          -1399.21983053479           -707.542422231695       859.4837
design1_rebuilt_mutated_A_55_PRO.pdb   -388.01677556765    1250.44141  695.291316709102          -1394.61456955845           -693.414808363313       866.08163
design1_rebuilt_mutated_A_226_THR.pdb  -387.903074581384   1237.55792  687.487142189532          -1387.33634799765           -681.251848323584       855.9442
design1_rebuilt_mutated_A_54_LEU.pdb   -387.753456835      1279.81433  710.464915132642          -1422.86794878656           -686.902955152956       849.77356
design1_rebuilt_mutated_A_58_ALA.pdb   -387.622895321083   1233.17678  686.464863236683          -1376.42394133555           -665.526718310101       844.93363
design1_rebuilt_mutated_A_64_LYS.pdb   -387.146801493984   1264.07898  699.309022558832          -1437.14663401061           -764.740918264645       940.33784
design1_rebuilt_mutated_A_102_PHE.pdb  -386.90251743552    1238.29153  688.344249601827          -1387.70069020934           -685.995336185589       849.59371
design2_rebuilt_mutated_A_86_TRP.pdb   -386.465398407706   1378.10632  760.453028681393          -1495.63494178184           -927.954239023709       701.85162
design1_rebuilt_mutated_A_25_VAL.pdb   -386.364652899408   1245.9361   691.959107913659          -1407.96808570424           -685.464371413134       883.0518
design1_rebuilt_mutated_A_225_PHE.pdb  -386.227102921728   1242.32159  690.471088160717          -1391.99995695203           -688.055028568631       854.24078
design1_rebuilt_mutated_A_28_VAL.pdb   -385.664442909541   1254.25545  694.314361976828          -1409.71058445447           -700.691619693958       855.23253
design1_rebuilt_mutated_A_97_VAL.pdb   -385.601406129029   1239.93486  687.239764323257          -1400.41285264794           -754.129428458731       817.4751
design1_rebuilt_mutated_A_184_ALA.pdb  -385.0501394984     1230.61058  683.760086032664          -1391.00386662477           -711.256040696552       839.97164
design1_rebuilt_mutated_A_227_PHE.pdb  -385.024173194551   1240.61146  690.074890248013          -1370.68931383218           -674.235276447304       853.1861
design1_rebuilt_mutated_A_184_GLY.pdb  -384.857485262337   1230.61058  683.671965599423          -1390.8154837269            -710.865926894172       839.97164
design1_rebuilt_mutated_A_27_LYS.pdb   -384.30066158081    1245.34123  692.841003893843          -1411.08140071168           -735.298749886325       857.87225
design1_rebuilt_mutated_A_100_ASN.pdb  -384.185872351506   1250.22848  692.672111685838          -1408.385548512             -705.508016961802       856.63615
design1_rebuilt_mutated_A_28_GLU.pdb   -383.827105416739   1259.31257  698.119358954138          -1417.04979689677           -689.873722473532       857.06477
design1_rebuilt_mutated_A_97_CYS.pdb   -383.677630070029   1239.93486  686.765482544976          -1399.71009367533           -752.494926984509       817.4751
design1_rebuilt_mutated_A_3_MET.pdb    -383.667710916538   1243.11888  690.106701078144          -1405.491151783             -700.623082856316       855.5979
design1_rebuilt_mutated_A_31_PRO.pdb   -383.513648770981   1219.0033   676.817380997545          -1386.49335433199           -677.152981651827       832.04894
design1_rebuilt_mutated_A_166_ASP.pdb  -383.410290183159   1243.34446  690.495751802475          -1389.30781612406           -687.779275771742       855.82615
design1_rebuilt_mutated_A_30_LYS.pdb   -383.39818021356    1260.46142  701.918872047436          -1426.71295627508           -743.977222103347       854.8798
design1_rebuilt_mutated_A_166_VAL.pdb  -383.184007648973   1243.55748  688.783826649123          -1394.87617169012           -693.009837065808       856.75875
design1_rebuilt_mutated_A_27_VAL.pdb   -383.15325254807    1246.68923  692.120571629784          -1408.43904106763           -697.374540632852       859.16825
design1_rebuilt_mutated_A_28_LEU.pdb   -382.816463802714   1248.87033  691.237418653086          -1405.0964280421            -692.393969174504       850.322
design1_rebuilt_mutated_A_25_TYR.pdb   -382.685376285175   1263.39397  699.901812396137          -1418.98018256118           -705.405557782926       881.4433
design1_rebuilt_mutated_A_104_PHE.pdb  -382.561365432762   1244.21276  692.254823437212          -1383.708217489             -681.910364736336       856.69178
design1_rebuilt_mutated_A_100_TRP.pdb  -381.970404690222   1288.12151  709.296200365426          -1429.78387460845           -705.936115560468       854.25952
design1_rebuilt_mutated_A_31_GLN.pdb   -381.844243872885   1257.59857  695.966328570804          -1411.64248469989           -693.71622681344        857.12479
design1_rebuilt_mutated_A_184_GLN.pdb  -381.665037677292   1232.00345  684.247054455423          -1390.66864323535           -717.027429864061       851.77234
design1_rebuilt_mutated_A_100_VAL.pdb  -381.56115817769    1237.71151  683.165925265835          -1397.0780888935            -694.726238664886       844.0702
design1_rebuilt_mutated_A_184_THR.pdb  -381.444755541067   1230.61058  683.169169984302          -1388.74620336168           -709.766780203537       839.97164
design1_rebuilt_mutated_A_28_LYS.pdb   -381.100295001976   1271.21404  703.94660080272           -1425.28908765975           -703.166478094908       897.30002
design1_rebuilt_mutated_A_166_ILE.pdb  -380.726179633895   1242.58944  689.620727472445          -1388.36769235318           -687.702863225158       855.144
design1_rebuilt_mutated_A_229_ARG.pdb  -380.600269680945   1243.25541  690.56124952509           -1386.20994482334           -685.702936026422       855.73443
design1_rebuilt_mutated_A_134_HIS.pdb  -380.456783913638   1257.99499  697.506660328977          -1414.71280929902           -716.994539996067       855.5979
design1_rebuilt_mutated_A_166_GLN.pdb  -380.372424939279   1241.97179  688.964009315829          -1386.64477648185           -689.12342678314        854.71791
design1_rebuilt_mutated_A_97_GLY.pdb   -380.050675942046   1239.93486  686.011199024924          -1398.47916038108           -750.400935044609       817.4751
design1_rebuilt_mutated_A_183_TRP.pdb  -380.030702854272   1262.90598  697.383417686015          -1429.79008916811           -731.483860648291       867.5953
design1_rebuilt_mutated_A_184_SER.pdb  -380.005787568091   1230.61058  682.865486680392          -1387.89025084149           -708.944384494883       839.97164
design2_rebuilt_mutated_A_78_TRP.pdb   -379.996736044648   1407.74649  779.726371807511          -1513.94496712974           -922.700479534571       715.7706
design1_rebuilt_mutated_A_30_ARG.pdb   -379.367302811666   1268.82304  704.285749624407          -1429.64938022553           -745.80168099105        854.8798
design1_rebuilt_mutated_A_184_VAL.pdb  -379.193153999885   1230.61058  682.853237717178          -1387.16743991972           -708.107367063417       839.97164
design1_rebuilt_mutated_A_184_PRO.pdb  -379.118920966021   1230.61058  682.714339855952          -1387.6176544993            -707.173775534518       839.97164
design2_rebuilt_mutated_A_77_PHE.pdb   -379.069567096526   1384.26816  768.309496134692          -1481.73538683614           -890.181125587501       688.60385
design1_rebuilt_mutated_A_229_LEU.pdb  -378.872565222272   1240.94263  689.345174002962          -1382.55401716474           -683.630597111842       853.42165
design1_rebuilt_mutated_A_184_ASP.pdb  -378.584655300018   1230.61058  682.905048164641          -1386.60748180551           -707.84540742083        839.97164
design1_rebuilt_mutated_A_184_ASN.pdb  -378.202340655827   1230.61058  682.686217932458          -1386.81763386495           -708.619119694452       839.97164
design1_rebuilt_mutated_A_184_CYS.pdb  -378.07696827641    1230.61058  682.554439585255          -1386.57157247848           -708.420403455288       839.97164
design1_rebuilt_mutated_A_229_TRP.pdb  -377.761014062194   1239.14376  687.566608781022          -1376.79519794494           -676.187244541036       851.62278
design1_rebuilt_mutated_A_134_MET.pdb  -377.596779958849   1257.48405  694.321509927865          -1408.43491432989           -697.41029689753        858.51014
design1_rebuilt_mutated_A_100_CYS.pdb  -377.020181293638   1243.4132   687.302979418983          -1389.97398875878           -686.528441513946       856.79385
design1_rebuilt_mutated_A_166_SER.pdb  -376.810313267425   1240.74355  687.458388838004          -1384.45831490719           -681.85059111776        855.02199
design1_rebuilt_mutated_A_226_PHE.pdb  -376.75587154919    1280.80432  703.603648339113          -1427.13549107493           -707.354413865986       849.36134
design1_rebuilt_mutated_A_226_CYS.pdb  -376.591207289054   1237.23075  685.300300531855          -1378.87389834189           -671.623768351769       856.0562
design1_rebuilt_mutated_A_2_ILE.pdb    -376.163434225271   1243.37485  690.237254967935          -1407.06417132028           -700.411011978359       856.62587
design1_rebuilt_mutated_A_226_GLN.pdb  -375.816089203898   1255.63967  693.911289104053          -1409.95231090877           -706.713499964348       845.47864
design1_rebuilt_mutated_A_227_ILE.pdb  -375.488411832983   1243.14804  690.466675460237          -1388.07956087558           -646.478278513446       854.40023
design1_rebuilt_mutated_A_226_VAL.pdb  -375.488211862604   1234.98574  684.13936318481           -1373.20797888425           -677.479635844334       833.17594
design1_rebuilt_mutated_A_227_LEU.pdb  -375.232085118987   1237.31259  687.08904490814           -1368.0468859058            -657.202286173675       851.80423
design1_rebuilt_mutated_A_230_CYS.pdb  -375.130123276338   1243.00365  690.111394455729          -1378.61172676214           -672.681237312675       855.48267
design2_rebuilt_mutated_A_35_TYR.pdb   -374.088638883453   1392.07457  769.720683274455          -1495.80450032417           -917.961535089414       777.51405
design1_rebuilt_mutated_A_103_GLY.pdb  -374.042593319245   1237.30104  689.053891227798          -1369.12031727543           -677.945909175811       863.82676
design1_rebuilt_mutated_A_58_ASN.pdb   -374.012555524939   1240.62126  688.467925387476          -1375.81015980528           -680.648961749101       851.68555
design1_rebuilt_mutated_A_53_MET.pdb   -373.242198276452   1254.54587  693.681380420626          -1389.77295336371           -658.530881642611       888.61043
design1_rebuilt_mutated_A_100_GLN.pdb  -373.157638991165   1268.04774  699.470234947469          -1415.74676117716           -706.95150814626        855.80265
design2_rebuilt_mutated_A_123_TRP.pdb  -372.910321549048   1374.46766  755.507749784686          -1474.6864445603            -905.091900788274       694.93976
design1_rebuilt_mutated_A_134_LEU.pdb  -372.781417125565   1268.54681  700.205531748506          -1421.69429026725           -720.975091665089       855.5979
design2_rebuilt_mutated_A_90_GLU.pdb   -372.642764861044   1372.85099  759.964107845006          -1475.33025626339           -876.959895042546       675.86351
design2_rebuilt_mutated_A_76_GLN.pdb   -372.599125426289   1376.6963   758.984697709359          -1495.93654360644           -929.554607367451       689.25816
design1_rebuilt_mutated_A_184_HIS.pdb  -372.02400236108    1241.30068  685.730306660834          -1392.26277785644           -690.127407068296       866.3565
design1_rebuilt_mutated_A_54_CYS.pdb   -371.825841871719   1248.43245  690.811916623684          -1387.63185145837           -668.614507272975       829.18128
design1_rebuilt_mutated_A_184_ILE.pdb  -371.585579296639   1231.41604  682.729773764014          -1381.87422490887           -705.272881188757       853.12714
design1_rebuilt_mutated_A_103_MET.pdb  -370.53485480331    1250.96895  688.505612192424          -1402.89583877077           -707.447950309798       868.06867
design1_rebuilt_mutated_A_226_GLU.pdb  -370.512528064886   1243.47075  687.579720778478          -1384.55129309944           -684.103789118573       826.65925
design1_rebuilt_mutated_A_57_PRO.pdb   -370.129690752393   1239.82541  686.892801756024          -1372.62774414645           -672.757006780098       850.97993
design2_rebuilt_mutated_A_71_PHE.pdb   -369.882199557951   1370.45653  760.165963350867          -1459.99996426696           -843.72893146848        685.16373
design1_rebuilt_mutated_A_26_GLN.pdb   -368.827171584708   1254.18756  694.919906256363          -1412.04781370139           -690.799211028361       849.11582
design1_rebuilt_mutated_A_55_MET.pdb   -368.349259663313   1291.99284  709.718529302126          -1428.80612158893           -713.173336289649       856.14309
design1_rebuilt_mutated_A_100_HIS.pdb  -368.318590054928   1256.33662  692.430343576435          -1404.26448673132           -701.945019872947       856.73085
design1_rebuilt_mutated_A_53_ILE.pdb   -368.149085874159   1248.01093  685.379088107549          -1398.16667838256           -676.363875187407       855.32392
design1_rebuilt_mutated_A_230_ALA.pdb  -368.120914197271   1245.50249  690.486651141893          -1373.54705855807           -673.776824532891       857.98151
design1_rebuilt_mutated_A_32_THR.pdb   -368.053555829993   1238.38668  685.598461492501          -1392.24543468567           -691.193061116436       866.49014
design1_rebuilt_mutated_A_108_LEU.pdb  -367.811795966076   1231.1676   682.449844164196          -1395.29315798677           -731.171803481349       821.27918
design1_rebuilt_mutated_A_225_CYS.pdb  -367.785722601907   1244.11442  688.276559434062          -1380.40191138085           -670.415108429391       856.59344
design1_rebuilt_mutated_A_184_LEU.pdb  -367.505280241244   1233.49952  682.806107616839          -1381.87041850674           -704.501683989136       853.17834
design1_rebuilt_mutated_A_53_LYS.pdb   -367.445906687135   1256.5342   690.205664360479          -1397.90937135547           -653.829644596381       890.25906
design1_rebuilt_mutated_A_184_GLU.pdb  -366.973843923476   1237.52663  683.708267989206          -1390.03990556797           -698.082113196737       849.73261
design1_rebuilt_mutated_A_55_GLU.pdb   -366.843588732407   1282.52541  705.24070118961           -1425.3517380506            -715.054249904821       856.47516
design1_rebuilt_mutated_A_103_SER.pdb  -366.775173119089   1234.87832  686.180180935872          -1363.54333928676           -664.638953177926       882.40435
design1_rebuilt_mutated_A_2_GLU.pdb    -366.725660639536   1258.52382  693.402204605982          -1403.31122636311           -682.129884312627       859.74482
design2_rebuilt_mutated_A_46_PRO.pdb   -366.539748415617   1346.80746  744.746876265104          -1447.07811620156           -887.244725172631       772.25294
design2_rebuilt_mutated_A_63_TRP.pdb   -366.409290242373   1385.47288  764.511913064669          -1491.45501948391           -906.372297229372       670.29653
design2_rebuilt_mutated_A_45_GLY.pdb   -366.160613149354   1358.40031  750.128795942526          -1451.94186753141           -886.647123189135       688.60385
design1_rebuilt_mutated_A_225_ALA.pdb  -365.895159159641   1245.86645  690.025319242587          -1375.92307848013           -667.405011367461       858.34547
design1_rebuilt_mutated_A_166_ALA.pdb  -365.857789792651   1237.28044  684.548156693931          -1370.09787627834           -668.979230246312       846.82581
design2_rebuilt_mutated_A_45_ASP.pdb   -365.71772789276    1358.40031  750.029098113226          -1451.83707514351           -886.77817029653        688.60385
design2_rebuilt_mutated_A_63_THR.pdb   -365.396951407541   1360.56058  751.264029766686          -1453.80609817384           -910.387525021623       684.50575
design1_rebuilt_mutated_A_166_CYS.pdb  -365.275229265188   1243.14535  686.613261792569          -1379.23722069847           -674.939383529017       855.72072
design2_rebuilt_mutated_A_45_THR.pdb   -365.115817635883   1358.40031  749.897785138104          -1451.64594905854           -886.775886009789       688.60385
design2_rebuilt_mutated_A_45_ASN.pdb   -365.067780312383   1358.40031  749.89375315273           -1451.60099055231           -886.70628814286        688.60385
design1_rebuilt_mutated_A_166_PRO.pdb  -364.982196828227   1237.46625  684.50258706637           -1370.25022628304           -671.001909774552       847.41805
design1_rebuilt_mutated_A_166_GLY.pdb  -364.866114772597   1234.08368  683.085361810802          -1365.58025677303           -666.7951174627         841.20887
design2_rebuilt_mutated_A_45_PRO.pdb   -364.663861795142   1358.40031  749.816108140782          -1451.43240030113           -886.556936289297       688.60385
design2_rebuilt_mutated_A_45_ALA.pdb   -364.520090261269   1358.40031  749.783575913155          -1451.40087079433           -886.579381879761       688.60385
design2_rebuilt_mutated_A_86_ARG.pdb   -364.306635529819   1389.39041  766.473080946562          -1476.14925116706           -907.931153003796       702.58902
design1_rebuilt_mutated_A_56_THR.pdb   -364.297070818473   1231.74536  681.685642718392          -1363.98756118732           -672.118965456725       849.69452
design2_rebuilt_mutated_A_45_VAL.pdb   -364.26237233623    1358.40031  749.688997265861          -1451.30349509326           -886.777530864257       688.60385
design2_rebuilt_mutated_A_45_SER.pdb   -364.194028379193   1358.40031  749.702712643959          -1451.29997432667           -886.676450551398       688.60385
design2_rebuilt_mutated_A_71_TRP.pdb   -363.752207514771   1376.13699  758.503495907752          -1468.44393082309           -861.970746057815       701.13136
design1_rebuilt_mutated_A_32_MET.pdb   -363.72540603497    1239.36441  684.248948436768          -1390.16987568233           -679.912663137328       867.56388
design1_rebuilt_mutated_A_64_LEU.pdb   -363.626668157729   1255.98568  695.591357950827          -1407.85934690987           -709.233067507115       855.5979
design2_rebuilt_mutated_A_76_ILE.pdb   -363.441520792579   1383.23678  762.728815923089          -1491.0954049989            -939.480822815211       698.08517
design2_rebuilt_mutated_A_46_ALA.pdb   -362.91741255095    1346.80746  744.011746899111          -1446.27248321171           -886.709475367052       772.25294
design1_rebuilt_mutated_A_97_PHE.pdb   -362.772341558729   1244.09803  685.742127987984          -1400.01209534777           -712.902221781133       827.26261
design2_rebuilt_mutated_A_45_CYS.pdb   -362.552134040563   1358.40031  749.364420503864          -1450.65971103306           -886.374631940323       688.60385
design2_rebuilt_mutated_A_46_ASN.pdb   -362.428133585476   1346.80746  743.930465187033          -1445.47819094079           -885.70423350048        772.25294
design1_rebuilt_mutated_A_103_THR.pdb  -362.406947756122   1241.55714  683.343303065714          -1382.04813170529           -673.163340479584       852.23516
design1_rebuilt_mutated_A_31_ALA.pdb   -362.367677805729   1222.84426  673.652654796982          -1372.52610687017           -669.460589779053       833.10178
design1_rebuilt_mutated_A_184_MET.pdb  -362.261045864937   1242.6339   685.257798982861          -1383.04135081016           -697.232814597084       857.10933
design2_rebuilt_mutated_A_77_HIS.pdb   -361.833122919684   1383.88986  764.004207462189          -1473.38216364683           -890.491091576177       688.60385
design1_rebuilt_mutated_A_26_LYS.pdb   -361.808358775885   1267.34847  701.989602091823          -1421.64463618207           -680.284356731568       844.90353
design1_rebuilt_mutated_A_54_TRP.pdb   -361.464991101977   1240.21688  686.775010491332          -1368.61545895361           -664.830401750212       523.81405
design2_rebuilt_mutated_A_46_SER.pdb   -361.309397121959   1346.66922  743.764359009671          -1446.02338125466           -887.087863951959       772.25294
design1_rebuilt_mutated_A_25_TRP.pdb   -360.933677831401   1269.05341  697.843567959737          -1414.81187364248           -683.750477708529       871.72121
design1_rebuilt_mutated_A_56_TYR.pdb   -360.788649305482   1266.56979  697.265206987712          -1396.36529383363           -738.715596934269       575.68478
design1_rebuilt_mutated_A_56_HIS.pdb   -360.729487426316   1249.25536  692.23581126252           -1397.29983870688           -707.045212169647       828.99804
design1_rebuilt_mutated_A_53_LEU.pdb   -360.42486019867    1253.72776  690.125173150539          -1393.60049659334           -676.590014685369       851.91342
design1_rebuilt_mutated_A_103_GLU.pdb  -360.15595187373    1253.41873  689.456590513595          -1392.28588290276           -696.750317302232       868.18885
design1_rebuilt_mutated_A_2_HIS.pdb    -360.057207782756   1271.81323  697.020224218252          -1406.46891316649           -645.5373493758         878.27773
design1_rebuilt_mutated_A_53_VAL.pdb   -360.043256441955   1241.87897  683.04699584584           -1383.32249126487           -667.483416566298       855.80059
design1_rebuilt_mutated_A_28_CYS.pdb   -359.701617448904   1245.58205  685.477344886669          -1397.79858952206           -685.495803251754       855.21055
design1_rebuilt_mutated_A_58_CYS.pdb   -359.637661158793   1233.80852  683.629809722632          -1352.55403876944           -655.005788164976       849.2799
design2_rebuilt_mutated_A_134_ARG.pdb  -359.404399981588   1423.38357  780.088677711395          -1519.26384160995           -938.680597311511       725.058
design2_rebuilt_mutated_A_45_ILE.pdb   -359.221869368809   1359.72052  749.644698468104          -1451.17893206866           -886.683643752758       688.60385
design2_rebuilt_mutated_A_46_GLY.pdb   -358.891076061997   1346.80746  743.293025805124          -1444.51026558479           -885.336182151497       772.25294
design1_rebuilt_mutated_A_64_MET.pdb   -358.070423199658   1264.92288  696.995254914972          -1410.12131771813           -709.171009002615       855.5979
design1_rebuilt_mutated_A_134_ARG.pdb  -357.755629315456   1296.57668  709.560663211653          -1434.89455460549           -725.357916514131       855.5979
design2_rebuilt_mutated_A_45_TRP.pdb   -357.456045223117   1387.56041  762.556613152463          -1468.24299214742           -886.856436009186       688.60385
design1_rebuilt_mutated_A_55_VAL.pdb   -357.227526265034   1254.70333  689.874916884269          -1392.56836187834           -679.122268920591       857.03082
design2_rebuilt_mutated_A_63_VAL.pdb   -356.61144627676    1359.30739  748.744343241292          -1446.65784030875           -897.636817040394       675.09632
design1_rebuilt_mutated_A_64_ILE.pdb   -356.470977688865   1255.15088  694.190512590898          -1402.2969219603            -715.726924038156       855.5979
design1_rebuilt_mutated_A_97_HIS.pdb   -356.067120107034   1239.93486  683.023423675481          -1394.64454065347           -742.463901940492       817.4751
design1_rebuilt_mutated_A_103_PHE.pdb  -355.999169625193   1261.85743  696.378767878305          -1397.01197159816           -701.556434999754       886.27665
design2_rebuilt_mutated_A_123_ARG.pdb  -355.796513774102   1403.15448  770.475280069734          -1478.71552621886           -899.016931405066       706.89403
design1_rebuilt_mutated_A_55_ILE.pdb   -355.506764753164   1262.15555  692.632935419588          -1395.9098333341            -679.216605584453       856.29368
design1_rebuilt_mutated_A_31_GLY.pdb   -354.468140478683   1218.65514  669.723233510321          -1367.72574719508           -669.126181251484       828.12092
design1_rebuilt_mutated_A_31_LEU.pdb   -354.352162676811   1253.63874  688.96517183698           -1398.99485497536           -660.869509209547       881.09557
design1_rebuilt_mutated_A_104_ARG.pdb  -354.320735558945   1234.72365  679.566681478566          -1367.37368668766           -661.978282150963       847.20267
design1_rebuilt_mutated_A_26_CYS.pdb   -354.254264077446   1250.86929  691.667012748581          -1407.79144338352           -689.217321003099       848.52778
design2_rebuilt_mutated_A_48_MET.pdb   -353.692977811413   1375.97388  756.262462773832          -1469.19915712852           -909.596294005348       695.63647
design2_rebuilt_mutated_A_31_ARG.pdb   -353.597998741267   1375.64298  757.837833486672          -1468.29414311257           -898.5173947472         682.96155
design1_rebuilt_mutated_A_55_TYR.pdb   -353.505643686544   1267.61308  696.877850183094          -1396.88553050266           -694.201232161948       866.65481
design2_rebuilt_mutated_A_45_LEU.pdb   -353.351912014418   1362.08502  749.961437171422          -1451.56890550016           -886.547267506772       688.60385
design1_rebuilt_mutated_A_227_ARG.pdb  -352.587470854116   1239.42005  687.530858073272          -1375.48264783524           -683.439108758163       845.75023
design2_rebuilt_mutated_A_129_ASN.pdb  -352.159299711331   1373.90482  755.073615584262          -1466.21171091554           -885.241572142391       669.73525
design1_rebuilt_mutated_A_226_LYS.pdb  -352.024404241767   1265.86204  694.54062729022           -1410.85249564008           -705.88816956541        849.27575
design2_rebuilt_mutated_A_129_ASP.pdb  -351.984491637808   1373.90482  755.154057966667          -1465.85736719893           -884.534734550099       669.73525
design2_rebuilt_mutated_A_129_THR.pdb  -351.622892177577   1373.90482  755.161534773409          -1465.19511152301           -884.799166935833       669.73525
design2_rebuilt_mutated_A_50_ASP.pdb   -350.877773995563   1350.5464   744.225096765682          -1436.73923358652           -849.184931635293       659.4839
design1_rebuilt_mutated_A_55_THR.pdb   -350.65748172842    1274.9376   697.555527985439          -1409.30772629959           -701.648317562576       857.76715
design2_rebuilt_mutated_A_75_ASN.pdb   -350.530121194661   1380.97466  759.499294066456          -1470.95269468063           -897.329416053933       688.60385
design1_rebuilt_mutated_A_58_GLY.pdb   -350.519291973527   1229.99715  679.68344193181           -1344.28485238957           -611.665348943506       864.2394
design2_rebuilt_mutated_A_46_THR.pdb   -350.490453183335   1348.8424   742.936073063543          -1442.55429944158           -872.891334741493       780.34133
design1_rebuilt_mutated_A_226_ARG.pdb  -350.402646082387   1284.40099  703.434871006563          -1415.03997654053           -674.013851811762       851.68912
design2_rebuilt_mutated_A_74_TYR.pdb   -350.032147428171   1386.63156  760.347065968223          -1486.71060821139           -922.316089166443       694.25415
design1_rebuilt_mutated_A_134_ILE.pdb  -349.882341340376   1255.72063  691.189139498558          -1388.209204455             -688.714888159965       855.5979
design2_rebuilt_mutated_A_46_ASP.pdb   -349.807197724775   1351.81331  743.988262911344          -1445.10846296167           -874.885907000283       779.2019
design1_rebuilt_mutated_A_31_VAL.pdb   -349.659879063946   1230.17915  676.534628686399          -1377.26315621815           -652.872184841796       849.31683
design2_rebuilt_mutated_A_50_HIS.pdb   -349.50740149596    1356.28401  745.547519910001          -1447.85761480393           -846.49344114609        651.93071
design2_rebuilt_mutated_A_129_VAL.pdb  -349.187965133845   1373.90482  754.830907755976          -1463.31333622416           -882.908241761276       669.73525
design1_rebuilt_mutated_A_56_TRP.pdb   -349.1117404718     1285.89     706.078287856471          -1396.0948475139            -699.596237011513       563.22988
design2_rebuilt_mutated_A_48_SER.pdb   -347.960204244582   1356.72822  746.837061467703          -1447.49195761339           -895.613372575173       683.61194
design1_rebuilt_mutated_A_56_SER.pdb   -347.888769464767   1225.32416  675.889006862906          -1345.60969979342           -659.807596463235       511.3518
design1_rebuilt_mutated_A_55_HIS.pdb   -347.672270127543   1259.0788   691.199224861565          -1384.97877316839           -681.046652253944       852.85983
design1_rebuilt_mutated_A_226_TYR.pdb  -347.462767915663   1290.41289  704.222841503676          -1391.42601887538           -663.254235450217       877.15266
design1_rebuilt_mutated_A_31_MET.pdb   -347.459735288343   1265.93175  693.374542300218          -1402.85260766035           -673.780189036394       880.59867
design1_rebuilt_mutated_A_31_CYS.pdb   -347.168063850522   1236.04845  677.577279924362          -1374.58479953164           -648.914460847425       834.8128
design2_rebuilt_mutated_A_50_TRP.pdb   -347.024852630879   1376.99667  756.4122994986            -1447.72415100242           -831.704423208679       677.22466
design2_rebuilt_mutated_A_46_HIS.pdb   -347.009769459954   1352.00222  744.360400506911          -1446.07518292992           -885.927251218478       772.25294
design1_rebuilt_mutated_A_100_PHE.pdb  -346.567962690077   1262.99994  692.206917806816          -1400.0575531883            -694.382555455653       856.48755
design2_rebuilt_mutated_A_77_GLY.pdb   -346.129783693167   1367.36155  752.608264444783          -1457.32453436182           -885.274971248746       688.60105
design2_rebuilt_mutated_A_60_PHE.pdb   -345.992965609603   1355.85484  748.132568347423          -1442.65708825632           -845.606505430375       685.68431
design2_rebuilt_mutated_A_45_PHE.pdb   -345.853034883202   1386.37741  759.181155416049          -1462.88266581712           -886.86735407253        688.60385
design2_rebuilt_mutated_A_46_VAL.pdb   -345.553214258232   1348.75194  741.813284394199          -1440.14524789267           -871.736249379224       659.48441
design1_rebuilt_mutated_A_56_PHE.pdb   -344.867740282025   1257.93856  690.829061989852          -1383.16399487459           -722.451023533242       564.35938
design1_rebuilt_mutated_A_56_ASP.pdb   -344.50606918103    1237.07651  681.836732325321          -1349.98724889205           -655.47651007372        512.13635
design2_rebuilt_mutated_A_46_PHE.pdb   -344.429011825201   1363.11555  747.724823216016          -1449.73634801037           -885.335098151435       772.25294
design1_rebuilt_mutated_A_28_PRO.pdb   -344.331569531212   1252.94538  685.574189488057          -1396.4197716381            -682.429051693189       855.43082
design2_rebuilt_mutated_A_76_THR.pdb   -344.166465800422   1379.1021   756.259853118505          -1476.29644622128           -908.150817579877       674.40259
design2_rebuilt_mutated_A_88_ILE.pdb   -344.149492083535   1384.34616  757.620239602846          -1479.79286463869           -914.997621042994       691.97535
design2_rebuilt_mutated_A_48_ARG.pdb   -344.097695302712   1389.81041  761.107127386577          -1468.24952133871           -912.065117038344       695.51806
design2_rebuilt_mutated_A_63_ASN.pdb   -343.970455108128   1351.44459  742.165377543115          -1434.31238902997           -893.500619380472       683.02295
design2_rebuilt_mutated_A_60_TRP.pdb   -343.867362035302   1376.13164  757.094482440979          -1458.64446933916           -854.29054539465        704.35892
design2_rebuilt_mutated_A_48_ALA.pdb   -343.747626797578   1357.6235   746.501270694336          -1445.1944088959            -895.247827795904       682.20866
design2_rebuilt_mutated_A_129_ILE.pdb  -343.310436409658   1373.90482  753.152945499471          -1461.60784536987           -883.548945119651       669.73525
design2_rebuilt_mutated_A_48_PRO.pdb   -343.200279159268   1356.72527  745.895951771451          -1442.10112097826           -883.662133262942       674.17834
design2_rebuilt_mutated_A_129_GLY.pdb  -343.137237009851   1373.90482  754.006349521588          -1458.61960298921           -879.607445047132       669.73525
design2_rebuilt_mutated_A_46_ARG.pdb   -343.028598243717   1394.12785  764.835620790895          -1475.38040792834           -889.178678669536       689.27632
design2_rebuilt_mutated_A_123_THR.pdb  -342.78636559968    1361.4729   748.061636181985          -1451.68917575843           -896.936797478001       688.43759
design2_rebuilt_mutated_A_104_LYS.pdb  -342.775382564858   1411.65908  770.811422490784          -1489.60497618884           -904.875493995806       703.20792
design2_rebuilt_mutated_A_75_ARG.pdb   -342.63577093792    1389.52736  762.770139546767          -1482.2510587825            -902.421931039767       701.51025
design1_rebuilt_mutated_A_100_TYR.pdb  -342.517337368686   1263.14374  691.380789424806          -1398.73377615049           -694.339819862194       856.49655
design2_rebuilt_mutated_A_75_TYR.pdb   -342.333349490786   1380.97466  757.715804346146          -1466.54212845899           -891.869126016604       688.60385
design2_rebuilt_mutated_A_129_CYS.pdb  -342.023836584445   1373.90482  753.83779353342           -1457.54182177459           -877.810751869765       669.73525
design1_rebuilt_mutated_A_27_ASN.pdb   -341.858935907592   1262.11006  693.521187239047          -1409.70007938831           -682.892134457929       858.19034
design2_rebuilt_mutated_A_46_CYS.pdb   -341.446435265918   1350.50392  742.264708474837          -1441.57047151356           -870.948058202376       779.7044
design2_rebuilt_mutated_A_123_ASP.pdb  -340.965705948803   1369.42853  751.252409055595          -1452.18934180518           -885.024974330746       694.93976
design2_rebuilt_mutated_A_46_ILE.pdb   -340.709642050236   1349.19296  741.366295519026          -1439.38791347776           -871.674663886851       659.48441
design1_rebuilt_mutated_A_32_SER.pdb   -340.681450009284   1238.17087  679.227099289496          -1378.25516464751           -691.983976458399       813.58169
design1_rebuilt_mutated_A_103_ALA.pdb  -340.641541357861   1234.85623  681.033316400612          -1347.22276011592           -645.161812233909       849.26945
design2_rebuilt_mutated_A_127_GLN.pdb  -340.325243450454   1378.40831  754.570166172112          -1465.47833437136           -887.646122385671       670.23715
design1_rebuilt_mutated_A_103_ASN.pdb  -339.357292283848   1246.85822  682.121715649338          -1378.71183434647           -683.297820587265       862.04044
design1_rebuilt_mutated_A_55_LYS.pdb   -339.304239376322   1271.16707  693.571237393583          -1407.71573693602           -690.816067092503       853.99
design1_rebuilt_mutated_A_32_ILE.pdb   -339.142862281971   1236.72266  680.138078870555          -1379.69203700945           -679.846200599682       864.82612
design2_rebuilt_mutated_A_123_PRO.pdb  -339.140747652638   1360.04763  748.816256480049          -1450.77051395548           -870.367611620167       793.19111
design1_rebuilt_mutated_A_226_HIS.pdb  -339.133660244003   1270.79652  693.143436636678          -1407.8849751216            -699.087548257136       855.1241
design1_rebuilt_mutated_A_108_GLY.pdb  -338.756406751295   1243.52947  681.40870296262           -1387.08896808013           -658.101190928791       843.37893
design1_rebuilt_mutated_A_100_MET.pdb  -338.59189862013    1275.29394  696.462659570934          -1402.35539145557           -683.4428248223         855.17015
design2_rebuilt_mutated_A_46_GLN.pdb   -338.551621824999   1367.88519  750.219791891219          -1451.07850607054           -879.11113433927        692.48133
design2_rebuilt_mutated_A_129_SER.pdb  -338.31021594256    1373.90482  753.313250938178          -1454.91626875625           -877.030743830921       669.73525
design2_rebuilt_mutated_A_45_GLU.pdb   -338.297994615873   1368.69651  750.469063137055          -1452.01506062978           -886.513999459707       688.60385
design1_rebuilt_mutated_A_55_PHE.pdb   -338.211361514465   1267.82     693.784409360378          -1391.34498740244           -683.537620056485       866.54062
design2_rebuilt_mutated_A_45_GLN.pdb   -337.948095853745   1369.41891  750.617980372404          -1452.17285402248           -886.509156543596       688.60385
design2_rebuilt_mutated_A_75_LEU.pdb   -337.933862196774   1380.97466  756.675070002521          -1467.6805893459            -898.372883116908       688.60385
design1_rebuilt_mutated_A_97_TRP.pdb   -337.639432000487   1246.89892  681.715631160462          -1392.62166898909           -726.392221648017       810.95774
design1_rebuilt_mutated_A_28_ILE.pdb   -337.638049901189   1257.71889  686.651817003751          -1398.2437407596            -679.889205884412       855.29665
design2_rebuilt_mutated_A_77_LEU.pdb   -336.428990195043   1388.86816  761.25929356618           -1469.14232159514           -887.51163663372        688.60385
design2_rebuilt_mutated_A_35_PHE.pdb   -335.845889139619   1389.23899  760.518889631843          -1473.98982299808           -890.551381072345       704.22454
design1_rebuilt_mutated_A_28_HIS.pdb   -335.655194699263   1272.11297  694.963859201672          -1410.45558919179           -666.643995938809       899.5247
design2_rebuilt_mutated_A_63_TYR.pdb   -335.546380686453   1366.43532  748.357858645486          -1453.17275860562           -896.046940539699       661.90022
design1_rebuilt_mutated_A_184_LYS.pdb  -335.286806810252   1242.16191  679.917320704356          -1369.94660618951           -679.765672607006       855.7313
design2_rebuilt_mutated_A_9_THR.pdb    -335.245303524734   1378.78169  755.202106732835          -1466.28965884563           -892.702370691017       701.62192
design1_rebuilt_mutated_A_56_LYS.pdb   -334.671833357966   1264.66551  692.276452726371          -1379.98372318184           -689.130781916906       832.50314
design1_rebuilt_mutated_A_103_GLN.pdb  -334.322061588435   1255.59312  686.004227806822          -1378.67860781889           -677.244659766312       870.40974
design2_rebuilt_mutated_A_60_TYR.pdb   -334.298409703634   1375.80585  753.640214260965          -1453.68117214513           -891.905671524576       685.14636
design1_rebuilt_mutated_A_53_TRP.pdb   -334.253300188115   1271.30783  693.897028721363          -1389.47230218633           -649.817211687483       893.05482
design2_rebuilt_mutated_A_77_GLN.pdb   -334.133343121956   1377.19516  754.343568990016          -1458.08872188974           -888.923091251198       688.60385
design2_rebuilt_mutated_A_129_ALA.pdb  -333.926078832466   1373.90482  752.670289099512          -1451.41041644096           -873.386799043085       669.73525
design2_rebuilt_mutated_A_35_PRO.pdb   -333.668353980034   1377.07056  754.033849076107          -1462.38084241113           -902.241522151711       762.38863
design2_rebuilt_mutated_A_123_LEU.pdb  -333.456132297212   1376.33083  752.761293674135          -1458.0478343521            -893.085896116634       687.73533
design2_rebuilt_mutated_A_9_ILE.pdb    -333.292000886091   1383.36966  757.545633532731          -1467.10103736835           -882.318694390191       700.47862
design2_rebuilt_mutated_A_45_TYR.pdb   -333.275181742025   1390.85441  758.661327604225          -1461.90762759617           -887.102539623754       688.60385
design2_rebuilt_mutated_A_136_TYR.pdb  -333.272196566674   1372.41766  749.667206126524          -1433.72229578977           -818.202046300913       662.11592
design2_rebuilt_mutated_A_75_PHE.pdb   -333.197469650648   1380.97466  755.814393281898          -1461.62018660763           -885.618014952438       688.60385
design1_rebuilt_mutated_A_166_LYS.pdb  -333.116903189893   1279.45077  698.908718054176          -1417.85059831128           -697.790171060408       873.64053
design2_rebuilt_mutated_A_125_THR.pdb  -332.896709706546   1382.04551  755.260475478924          -1468.82445226255           -900.107164808991       687.5866
design2_rebuilt_mutated_A_127_LEU.pdb  -332.540696211825   1376.0684   750.992192083649          -1456.70285870989           -888.850030304731       670.19445
design2_rebuilt_mutated_A_9_VAL.pdb    -331.714073364582   1379.47706  755.063864648688          -1463.77384886571           -886.801142603713       700.55962
design2_rebuilt_mutated_A_102_TYR.pdb  -331.442348589702   1393.12594  762.758235707542          -1463.95320345836           -887.070266318338       721.61434
design1_rebuilt_mutated_A_226_LEU.pdb  -330.805736599399   1246.92821  681.441933916432          -1373.31000045057           -655.377615644013       849.22505
design2_rebuilt_mutated_A_76_MET.pdb   -330.649494682514   1400.79342  765.914297841029          -1483.7249563426            -900.86937066517        810.48799
design2_rebuilt_mutated_A_123_CYS.pdb  -330.2816883095     1358.71418  745.790042331902          -1441.99629000974           -886.819093298702       688.10679
design1_rebuilt_mutated_A_2_PRO.pdb    -330.218867631948   1256.80674  683.685258727549          -1388.28304807651           -660.151016054949       835.99305
design2_rebuilt_mutated_A_33_ILE.pdb   -330.201189020554   1384.65231  757.386294034451          -1462.86451159592           -899.055698998168       687.19303
design2_rebuilt_mutated_A_75_HIS.pdb   -330.004588780191   1380.97466  755.264142448843          -1461.72089846075           -885.879859759881       688.60385
design2_rebuilt_mutated_A_104_TRP.pdb  -329.458440497461   1405.25216  766.244437660036          -1507.33580076312           -913.606998358014       680.04811
design1_rebuilt_mutated_A_54_MET.pdb   -329.413102934524   1261.19021  694.2090324048            -1353.77173677695           -638.07132309392        872.24413
design2_rebuilt_mutated_A_77_ALA.pdb   -329.156359881695   1376.26056  753.137232431852          -1456.64930207776           -885.539474863157       688.60465
design2_rebuilt_mutated_A_86_TYR.pdb   -329.073600075898   1381.58114  755.757423620177          -1461.53242607478           -888.470480646169       689.53163
design2_rebuilt_mutated_A_123_VAL.pdb  -328.928268777557   1367.27499  747.285919757362          -1440.29617237255           -880.567614331094       688.37319
design2_rebuilt_mutated_A_60_ASN.pdb   -328.738038313993   1377.16001  753.693533248389          -1458.58127417185           -895.243396074121       691.60165
design1_rebuilt_mutated_A_102_TRP.pdb  -328.655260496157   1252.29013  686.518027923908          -1354.56308301091           -639.890438614005       865.55705
design2_rebuilt_mutated_A_126_HIS.pdb  -328.486378940757   1380.97466  753.429993122592          -1467.52116497333           -903.987716822872       688.60385
design2_rebuilt_mutated_A_75_ILE.pdb   -327.88040166384    1380.97466  754.683809990537          -1461.34585915418           -893.83951366216        688.60385
design2_rebuilt_mutated_A_104_PRO.pdb  -327.861438636421   1377.91721  751.573402580371          -1448.83353818992           -883.813128431227       688.27499
design1_rebuilt_mutated_A_53_CYS.pdb   -327.809396049059   1232.71439  670.135444559185          -1363.91708155164           -650.884506728942       818.01076
design1_rebuilt_mutated_A_56_MET.pdb   -327.513138419008   1261.91081  692.59330678832           -1371.06374195364           -663.341700977029       873.24673
design2_rebuilt_mutated_A_126_THR.pdb  -327.474882073332   1380.97466  753.844181080566          -1465.09412459978           -899.74064649066        688.60385
design2_rebuilt_mutated_A_35_MET.pdb   -327.442274607768   1385.24577  755.558610646295          -1459.48425014329           -880.181476845387       699.87459
design2_rebuilt_mutated_A_101_TRP.pdb  -327.332181389305   1380.97466  753.760459808756          -1464.36650851085           -897.565892021873       688.60385
design2_rebuilt_mutated_A_45_MET.pdb   -327.325206143825   1378.38501  752.265888564416          -1453.75631552078           -886.322856003043       688.60385
design2_rebuilt_mutated_A_132_GLY.pdb  -327.05225200541    1378.33342  752.506869112522          -1454.6076777395            -887.912304702959       688.60385
design1_rebuilt_mutated_A_108_PHE.pdb  -326.996890773606   1257.35332  689.304877087673          -1404.28262429144           -675.422729008956       859.2595
design1_rebuilt_mutated_A_230_GLY.pdb  -326.605842667701   1246.01661  684.214721550915          -1340.56405672867           -628.516237751335       858.49563
design2_rebuilt_mutated_A_46_TYR.pdb   -326.016085504795   1362.96437  745.156271432438          -1446.55598832349           -885.191870232364       772.25294
design1_rebuilt_mutated_A_103_PRO.pdb  -326.008908524213   1234.45911  679.023919739358          -1334.3569693297            -632.633284595126       848.98473
design1_rebuilt_mutated_A_26_ILE.pdb   -325.632176495692   1249.06277  687.9787131784            -1402.9798169521            -650.503873180048       846.73599
design2_rebuilt_mutated_A_126_TYR.pdb  -325.576961244743   1380.97466  753.053906038084          -1465.16420057311           -901.03741427334        688.60385
design1_rebuilt_mutated_A_228_TYR.pdb  -325.353468211743   1244.49523  682.175752104029          -1337.1820262111            -605.957883190659       839.00521
design2_rebuilt_mutated_A_102_TRP.pdb  -325.313361243103   1376.99938  754.65859701361           -1446.15495109677           -851.705217299631       680.74735
design2_rebuilt_mutated_A_50_ASN.pdb   -325.090601926288   1350.37242  738.414228116497          -1424.6779366173            -842.550104950412       659.75112
design2_rebuilt_mutated_A_62_TYR.pdb   -324.755630324639   1380.97466  754.433329717884          -1458.44566529405           -889.454235345826       688.60385
design1_rebuilt_mutated_A_56_VAL.pdb   -324.753585292266   1236.07295  678.328248678945          -1334.89348382678           -635.458108034332       512.70169
design2_rebuilt_mutated_A_76_VAL.pdb   -324.674609557525   1377.70808  752.501002896167          -1460.69411637563           -896.075886081578       677.92947
design2_rebuilt_mutated_A_84_TYR.pdb   -324.454076767887   1371.16812  747.760540764695          -1442.85673644489           -872.552447421285       670.82409
design2_rebuilt_mutated_A_132_PRO.pdb  -324.38038841193    1378.33342  752.142426337839          -1451.85380584604           -884.95188166908        688.60385
design2_rebuilt_mutated_A_126_TRP.pdb  -324.335682684807   1380.97466  752.838516733268          -1464.96691985941           -901.042367807741       688.60385
design1_rebuilt_mutated_A_100_ARG.pdb  -324.131377152822   1265.73631  689.842614969102          -1402.32254492048           -705.716902332853       874.09715
design2_rebuilt_mutated_A_129_HIS.pdb  -324.049189334894   1378.05391  751.574038874968          -1454.59697009524           -888.51133047332        697.26241
design2_rebuilt_mutated_A_100_ASN.pdb  -324.016235188013   1379.87975  752.665442893619          -1461.31796882544           -882.247381554716       693.22318
design2_rebuilt_mutated_A_62_HIS.pdb   -323.875645305556   1380.97466  754.250296426929          -1457.95652483349           -889.242025587505       688.60385
design1_rebuilt_mutated_A_103_LEU.pdb  -323.859141900336   1249.5019   680.783648027726          -1369.31583554528           -666.845509559991       869.06202
design2_rebuilt_mutated_A_126_PHE.pdb  -323.849314847651   1380.97466  752.843026748599          -1463.82883476264           -899.652424801308       688.60385
design2_rebuilt_mutated_A_35_ASN.pdb   -323.808200410309   1383.85286  755.006222307287          -1462.20926394253           -870.443925800606       694.97724
design2_rebuilt_mutated_A_75_LYS.pdb   -323.460036450339   1384.10832  756.132711712197          -1467.43027492613           -898.001001156499       688.60385
design2_rebuilt_mutated_A_79_TRP.pdb   -323.343153288637   1402.97346  764.84932168644           -1471.41807613669           -886.761115687195       688.60385
design1_rebuilt_mutated_A_226_MET.pdb  -323.251180368531   1248.5211   681.158448572599          -1374.52250175314           -637.143615546817       855.30171
design2_rebuilt_mutated_A_89_THR.pdb   -323.154163749274   1380.97466  753.835376506494          -1458.5959766058            -890.957073034535       688.60385
design2_rebuilt_mutated_A_48_LEU.pdb   -323.053916900276   1384.32272  754.612897051139          -1454.49326558109           -888.71447403412        700.59801
design2_rebuilt_mutated_A_46_TRP.pdb   -323.011180307635   1373.76192  749.183116876863          -1452.1208973814            -881.390007186999       775.05577
design2_rebuilt_mutated_A_123_LYS.pdb  -322.969014510652   1394.14205  759.347442837839          -1470.82993194142           -902.01087236107        705.55349
design2_rebuilt_mutated_A_44_ARG.pdb   -322.776837261947   1377.79006  751.877813983252          -1452.85626299488           -887.036320973564       688.60385
design2_rebuilt_mutated_A_35_HIS.pdb   -322.642576563419   1385.3155   755.840968001421          -1460.80031467976           -879.347640804172       705.19618
design2_rebuilt_mutated_A_48_LYS.pdb   -322.509879479947   1381.20814  752.243610510952          -1457.94790643663           -875.855656742497       710.98874
design2_rebuilt_mutated_A_86_PHE.pdb   -322.505480484319   1379.74244  753.420799707031          -1455.68473361099           -883.215652839942       687.82434
design2_rebuilt_mutated_A_48_THR.pdb   -322.482941664437   1361.44067  743.972612975536          -1441.03978287452           -890.807915667355       684.08566
design2_rebuilt_mutated_A_132_ASN.pdb  -322.337129062178   1378.33342  751.983859296714          -1450.92868006582           -883.001865264687       688.60385
design2_rebuilt_mutated_A_63_ILE.pdb   -322.317921257929   1358.61769  741.712919591517          -1428.94371145342           -865.521654167855       670.06422
design2_rebuilt_mutated_A_49_THR.pdb   -322.294668276331   1381.3803   754.112996974205          -1458.27149767273           -889.876442237842       688.75665
design2_rebuilt_mutated_A_62_ARG.pdb   -322.280716525724   1380.97466  753.927200018158          -1456.39206289722           -885.293355660808       688.60385
design2_rebuilt_mutated_A_132_HIS.pdb  -322.168054764961   1378.33342  751.981792371677          -1450.28395719508           -882.476765162744       688.60385
design2_rebuilt_mutated_A_126_ARG.pdb  -321.818450036646   1380.97466  753.07798138157           -1461.62428584609           -898.048063333524       688.60385
design2_rebuilt_mutated_A_129_GLN.pdb  -321.700945764368   1383.18183  754.288636545674          -1458.53046255879           -880.219598421157       669.73525
design2_rebuilt_mutated_A_84_ASP.pdb   -321.684635518212   1373.78187  749.293657799186          -1456.5552694338            -894.834523674          676.58925
design1_rebuilt_mutated_A_32_CYS.pdb   -321.420971543575   1238.86841  676.948407246207          -1373.22693467504           -655.09818482526        833.3633
design2_rebuilt_mutated_A_78_ARG.pdb   -321.34592276505    1405.99026  765.952695130302          -1477.19804253533           -888.41098694505        689.08349
design2_rebuilt_mutated_A_127_ASN.pdb  -321.309301141251   1372.58346  747.941153718951          -1444.74809745623           -880.557190418455       669.37025
design1_rebuilt_mutated_A_97_TYR.pdb   -321.231939652681   1239.93486  677.900294473499          -1387.55148710287           -725.105725948125       817.4751
design2_rebuilt_mutated_A_75_GLN.pdb   -321.072869337011   1380.97466  753.42792808212           -1455.16522831972           -879.283643664254       688.60385
design2_rebuilt_mutated_A_44_ASN.pdb   -320.813515911904   1380.97466  753.398709857219          -1455.84959370965           -887.578655774608       688.60385
design2_rebuilt_mutated_A_104_ALA.pdb  -320.762423650974   1379.6623   752.383785095923          -1448.89146054938           -879.784651102152       688.60026
design2_rebuilt_mutated_A_77_PRO.pdb   -320.675410229597   1387.03191  756.886714978522          -1461.63869479845           -885.679549762064       691.26105
design2_rebuilt_mutated_A_49_ASN.pdb   -320.531812502182   1380.97466  753.321312456453          -1458.55619828972           -888.532310944408       688.60385
design2_rebuilt_mutated_A_102_ILE.pdb  -320.506241308913   1390.88544  758.950702128938          -1466.1389255948            -896.665289204763       698.51463
design2_rebuilt_mutated_A_132_ALA.pdb  -320.351483283323   1378.33342  751.586954338418          -1449.66456260784           -882.419349094506       688.60385
design2_rebuilt_mutated_A_35_ASP.pdb   -320.243486745756   1383.55962  754.274765122879          -1458.50296789521           -871.795037000754       695.077
design2_rebuilt_mutated_A_123_HIS.pdb  -319.960655080413   1365.01375  744.88529165491           -1426.41737494684           -819.003150969074       662.11592
design2_rebuilt_mutated_A_132_TYR.pdb  -319.920460208341   1380.50543  752.819239692214          -1455.07946022588           -887.012951937818       688.60385
design2_rebuilt_mutated_A_35_ALA.pdb   -319.648101667526   1377.4909   751.153661613126          -1454.21720726626           -895.600696075795       690.43707
design2_rebuilt_mutated_A_126_PRO.pdb  -319.445805239447   1380.97466  753.03491096329           -1458.17800431117           -891.578609212741       688.60385
design1_rebuilt_mutated_A_134_LYS.pdb  -319.405501127609   1279.7062   698.124825205298          -1419.1193001483            -714.701070997366       855.5979
design2_rebuilt_mutated_A_80_TRP.pdb   -319.191154024738   1354.82203  740.269183473164          -1437.36389858881           -884.795408363366       688.73105
design2_rebuilt_mutated_A_80_ALA.pdb   -318.931494262805   1354.82203  740.444131914321          -1437.63406094033           -884.645556239673       688.73105
design2_rebuilt_mutated_A_78_PHE.pdb   -318.813283809027   1382.22254  754.267052814437          -1462.31183825023           -895.267811556543       685.46555
design2_rebuilt_mutated_A_126_CYS.pdb  -318.72767114526    1380.97466  752.715101170976          -1458.18484273215           -891.393179637237       688.60385
design2_rebuilt_mutated_A_89_ASN.pdb   -318.698111580014   1380.97466  752.789974431118          -1456.70666233338           -890.036654469769       688.60385
design2_rebuilt_mutated_A_132_ASP.pdb  -318.662130200279   1378.33342  751.383203839449          -1448.50803370516           -880.76805225385        688.60385
design2_rebuilt_mutated_A_104_ILE.pdb  -318.648456346269   1389.74016  756.089295699951          -1466.48627399771           -896.366986517392       703.77638
design2_rebuilt_mutated_A_132_THR.pdb  -318.630095092615   1378.33342  751.223447665205          -1448.31017406569           -882.14726463131        688.60385
design1_rebuilt_mutated_A_100_LYS.pdb  -318.607463655989   1254.99981  684.903228165983          -1391.36930146846           -693.078430827699       856.22325
design2_rebuilt_mutated_A_127_ARG.pdb  -318.486244126479   1399.95705  760.918969887138          -1476.47290221802           -901.561087839302       692.07289
design2_rebuilt_mutated_A_84_HIS.pdb   -317.728159682285   1372.45129  746.506245357138          -1440.94330910761           -873.662975225852       673.23322
design1_rebuilt_mutated_A_108_HIS.pdb  -317.657594320444   1271.69288  691.20744092365           -1399.46231263172           -642.551881485857       867.36477
design2_rebuilt_mutated_A_80_GLY.pdb   -317.599540492636   1354.82203  740.282313218924          -1437.44361646884           -884.549782389583       688.73105
design2_rebuilt_mutated_A_125_ILE.pdb  -317.524116672714   1364.06695  743.363519921755          -1425.33584455959           -805.321280067338       659.22969
design2_rebuilt_mutated_A_132_PHE.pdb  -317.350780956026   1380.45891  752.467055847353          -1453.03418251489           -885.158940439163       688.60385
design1_rebuilt_mutated_A_55_TRP.pdb   -317.295938856908   1295.40907  702.284560780827          -1402.14165312095           -686.176358861958       875.5933
design2_rebuilt_mutated_A_102_LEU.pdb  -316.793865063949   1384.37353  755.815662033633          -1453.79803961259           -872.033986060826       673.15174
design2_rebuilt_mutated_A_79_TYR.pdb   -316.581530939523   1384.04036  753.425440748354          -1454.08129073823           -886.072255407775       688.60385
design2_rebuilt_mutated_A_80_SER.pdb   -316.50853231476    1354.82203  739.993790975633          -1436.96330832604           -884.598668210474       688.73105
design2_rebuilt_mutated_A_75_THR.pdb   -316.348187057803   1380.97466  752.999531740333          -1453.04847742627           -882.147381335719       688.60385
design2_rebuilt_mutated_A_9_HIS.pdb    -316.176534238785   1385.00406  754.685818484293          -1457.33963737658           -881.653263940245       691.99565
design2_rebuilt_mutated_A_44_THR.pdb   -316.163434115973   1380.97466  752.544866849761          -1454.41335432024           -886.58392688335        688.60385
design2_rebuilt_mutated_A_84_PHE.pdb   -316.009804347549   1371.97425  746.485836991649          -1438.66866627455           -869.236839060752       671.17182
design2_rebuilt_mutated_A_62_ILE.pdb   -315.88508745379    1380.97466  752.62843545693           -1454.60841441051           -886.184780663292       688.60385
design2_rebuilt_mutated_A_62_ALA.pdb   -315.711103711118   1380.97466  752.605009985247          -1454.81147248613           -886.799905594476       688.60385
design2_rebuilt_mutated_A_126_SER.pdb  -315.543185647622   1380.97466  752.621087146765          -1454.64764835858           -887.642047804538       688.60385
design2_rebuilt_mutated_A_86_HIS.pdb   -315.286319290117   1378.1463   752.493128636421          -1449.99670932754           -875.179006564352       685.26607
design2_rebuilt_mutated_A_62_THR.pdb   -315.186153378418   1380.97466  752.4840329874            -1454.49380076781           -886.544743827472       688.60385
design2_rebuilt_mutated_A_79_PHE.pdb   -315.131420386415   1387.67876  755.145229084881          -1458.00167479097           -887.354908316443       688.60385
design2_rebuilt_mutated_A_62_CYS.pdb   -314.861951317506   1380.97466  752.410167015141          -1454.38498110684           -886.653452118932       688.60385
design2_rebuilt_mutated_A_75_ASP.pdb   -314.815827163874   1380.97466  751.94909663394           -1452.52893420386           -877.734053498099       688.60385
design2_rebuilt_mutated_A_126_ASP.pdb  -314.712012603312   1380.97466  752.577563202717          -1453.62354753585           -886.527759812918       688.60385
design2_rebuilt_mutated_A_62_VAL.pdb   -314.570243961979   1380.97466  752.359996007907          -1454.02651235591           -885.971531495441       688.60385
design2_rebuilt.pdb                    -314.331136438616   1380.97466  752.282551315263          -1454.08564665295           -886.62528458384        688.60385
design2_rebuilt_mutated_A_123_MET.pdb  -314.162583705453   1381.40602  750.056883106114          -1450.07637625068           -873.111271602308       694.00276
design2_rebuilt_mutated_A_76_GLU.pdb   -314.074466032068   1392.24485  758.777350136827          -1458.95039648518           -887.684701665708       702.19564
design2_rebuilt_mutated_A_123_TYR.pdb  -314.027019818382   1369.46359  745.816153980501          -1419.24843448882           -816.804492389484       662.11592
design2_rebuilt_mutated_A_44_LEU.pdb   -313.968349265221   1380.97466  752.136778371396          -1452.40977056379           -883.328362472688       688.60385
design2_rebuilt_mutated_A_9_ALA.pdb    -313.912910133993   1377.09122  750.222783144934          -1451.76029198843           -866.541917445389       676.08655
design1_rebuilt_mutated_A_104_TRP.pdb  -313.897681780017   1232.87074  675.894026329211          -1319.58060710577           -598.158513488722       841.21506
design1_rebuilt_mutated_A_101_HIS.pdb  -313.618822868002   1243.1596   678.001617585382          -1390.0288972848            -678.000004761613       831.25195
design2_rebuilt_mutated_A_50_PHE.pdb   -313.562027598382   1357.01473  738.948866053936          -1420.88030526373           -822.770982174233       654.31643
design2_rebuilt_mutated_A_126_VAL.pdb  -313.385820319045   1380.97466  752.15601151459           -1453.48745662536           -886.266103819326       688.60385
design2_rebuilt_mutated_A_132_LEU.pdb  -313.312717832779   1382.34975  752.610491224252          -1456.28214163724           -888.211251344081       688.60385
design2_rebuilt_mutated_A_44_TRP.pdb   -313.129653842443   1377.79006  749.936309161095          -1448.8077945909            -883.671834961233       688.60385
design2_rebuilt_mutated_A_44_SER.pdb   -313.118145793362   1380.97466  751.730858702674          -1452.43649264583           -885.860913021072       688.60385
design2_rebuilt_mutated_A_79_LEU.pdb   -313.088334612405   1386.94076  754.706611426782          -1457.6464388638            -886.859221287451       688.60385
design2_rebuilt_mutated_A_126_ASN.pdb  -313.051857663968   1380.97466  752.359680666783          -1452.96218305117           -885.926740648134       688.60385
design2_rebuilt_mutated_A_132_SER.pdb  -312.952820898326   1378.33342  750.499084489686          -1444.19516318053           -877.795537265122       688.60385
design2_rebuilt_mutated_A_80_ASN.pdb   -312.902139811065   1381.44356  751.96361562128           -1453.37194520346           -886.530427335277       688.60385
design2_rebuilt_mutated_A_49_SER.pdb   -312.740097789817   1380.97466  751.976953536958          -1452.88798573278           -883.970223520027       688.60385
design1_rebuilt_mutated_A_53_HIS.pdb   -312.582345892052   1240.97469  672.967465603152          -1352.15056199611           -632.419870012727       828.37361
design2_rebuilt_mutated_A_44_ASP.pdb   -312.569018997588   1380.97466  751.691285303877          -1452.43897931804           -885.805888131385       688.60385
design2_rebuilt_mutated_A_79_HIS.pdb   -312.184548460257   1385.97976  753.793503047216          -1456.13476334011           -887.500142498882       688.60385
design2_rebuilt_mutated_A_89_VAL.pdb   -312.131303370846   1380.97466  752.012902732176          -1452.15082441747           -883.557859224558       688.60385
design2_rebuilt_mutated_A_132_CYS.pdb  -312.066834836013   1378.33342  750.499294877719          -1442.82496926777           -875.771425623649       688.60385
design1_rebuilt_mutated_A_56_CYS.pdb   -311.763779734969   1228.31786  672.674891599387          -1317.93903192501           -627.048476685817       513.0332
design2_rebuilt_mutated_A_80_PRO.pdb   -311.756672019106   1355.64822  739.502277017755          -1436.10834871238           -884.425073030741       688.73105
design2_rebuilt_mutated_A_45_HIS.pdb   -311.621063989359   1406.23808  762.842862809642          -1466.90706445916           -886.504725096854       688.60385
design1_rebuilt_mutated_A_32_ALA.pdb   -311.522297970559   1234.95958  672.214633847099          -1358.694626687             -673.049793484015       819.48901
design2_rebuilt_mutated_A_104_ASN.pdb  -311.448998977004   1386.45784  753.593464717239          -1461.01610309312           -894.833490407475       690.24529
design2_rebuilt_mutated_A_44_GLN.pdb   -311.40716605077    1380.97466  751.626150274816          -1451.4128657212            -883.157312264406       688.60385
design2_rebuilt_mutated_A_9_ASP.pdb    -310.628931017949   1379.0669   750.566895050788          -1449.78809167286           -873.308069522276       694.35652
design2_rebuilt_mutated_A_9_PRO.pdb    -310.62647142956    1376.96498  749.562100241936          -1449.80410014617           -864.29515341198        676.08655
design2_rebuilt_mutated_A_75_MET.pdb   -310.405150917701   1383.064    752.971811689441          -1454.17029964882           -880.561763599325       688.60385
design2_rebuilt_mutated_A_35_TRP.pdb   -310.39768662284    1402.81584  760.250535255684          -1470.79707355732           -898.054837045098       702.3903
design2_rebuilt_mutated_A_44_LYS.pdb   -310.256565533669   1380.97466  751.342986488917          -1450.96665883968           -883.133982509449       688.60385
design2_rebuilt_mutated_A_31_GLU.pdb   -310.210787620694   1372.52713  746.926828848523          -1443.96261555244           -866.217379652778       693.61062
design2_rebuilt_mutated_A_9_ASN.pdb    -309.961555582281   1379.42951  750.636809945978          -1449.45388791176           -872.107213913288       694.11862
design2_rebuilt_mutated_A_104_THR.pdb  -309.772142766265   1381.74773  751.62117740209           -1455.25148953364           -888.039335334054       686.5007
design2_rebuilt_mutated_A_63_CYS.pdb   -309.710969321934   1351.80169  734.615624270735          -1419.63509329668           -878.416912080145       684.17905
design2_rebuilt_mutated_A_89_ILE.pdb   -309.707284241646   1380.97466  751.653000065715          -1450.33144607809           -881.970117550952       688.60385
design2_rebuilt_mutated_A_45_LYS.pdb   -309.64574301219    1384.21311  752.438161361734          -1454.06653143921           -886.490653574241       688.60385
design2_rebuilt_mutated_A_52_TRP.pdb   -309.620922567766   1390.44054  761.21599141626           -1487.68877484272           -881.2484195271         689.82389
design2_rebuilt_mutated_A_86_MET.pdb   -309.589070470916   1380.16695  754.187517179278          -1440.00472479525           -851.251677280914       697.36324
design2_rebuilt_mutated_A_126_GLU.pdb  -309.359021085447   1374.07416  749.090090256965          -1434.45592734104           -864.511753658084       688.60385
design2_rebuilt_mutated_A_126_ALA.pdb  -309.330646265384   1380.97466  752.014201783624          -1449.12195384373           -881.514356513031       688.60385
design2_rebuilt_mutated_A_100_THR.pdb  -308.863029006839   1381.92052  749.861419107035          -1452.98780816039           -878.47982290174        668.96435
design2_rebuilt_mutated_A_9_MET.pdb    -308.790610557373   1381.09176  751.113819224881          -1450.1747822081            -871.983911896304       693.53592
design1_rebuilt_mutated_A_56_ALA.pdb   -308.227903680557   1225.011    669.445243220863          -1314.98124337173           -622.802687040452       497.5071
design2_rebuilt_mutated_A_90_TYR.pdb   -308.021075042891   1378.24197  751.052807943613          -1455.5447979535            -859.706032302491       677.84939
design2_rebuilt_mutated_A_44_PRO.pdb   -307.870275838778   1377.79006  748.732904098923          -1446.02362280893           -881.804704770556       688.60385
design2_rebuilt_mutated_A_104_GLY.pdb  -307.815378167032   1376.28904  748.352798288207          -1434.64938420764           -860.097721696655       691.97153
design2_rebuilt_mutated_A_126_GLN.pdb  -307.513761147696   1380.97466  751.736716998482          -1447.61277652647           -879.193400530642       688.60385
design2_rebuilt_mutated_A_76_PRO.pdb   -307.504555895239   1371.51923  743.390333501749          -1449.76485744994           -892.525602501562       667.50375
design2_rebuilt_mutated_A_136_PHE.pdb  -307.3955551036     1373.66464  746.556326835604          -1421.69402911456           -813.840405957264       662.11592
design1_rebuilt_mutated_A_32_GLY.pdb   -307.316550668701   1239.26868  673.373704575525          -1368.49337107163           -659.417889941079       813.72488
design2_rebuilt_mutated_A_44_TYR.pdb   -307.155813767143   1380.97466  750.750131552242          -1450.37263258022           -882.876934121213       688.60385
design2_rebuilt_mutated_A_44_GLU.pdb   -307.084650472629   1380.97466  750.665459778999          -1449.60297570547           -882.496326754936       688.60385
design2_rebuilt_mutated_A_46_GLU.pdb   -306.922016932706   1364.58544  742.644241508765          -1438.46804445649           -868.16692885753        776.13926
design2_rebuilt_mutated_A_77_ASN.pdb   -306.88327940749    1379.92106  749.268203380873          -1447.95906077987           -882.685656251679       688.60385
design2_rebuilt_mutated_A_84_TRP.pdb   -306.637315786983   1377.67332  747.601656957879          -1444.43555772082           -879.286465738284       672.95312
design2_rebuilt_mutated_A_77_SER.pdb   -306.520739198689   1378.61416  749.00867844754           -1446.95177615641           -878.497460697485       688.60385
design2_rebuilt_mutated_A_79_MET.pdb   -306.508782061522   1377.79006  748.374107540357          -1447.17503941011           -885.498400317737       688.60385
design2_rebuilt_mutated_A_44_VAL.pdb   -306.391696090554   1380.97466  750.566497448115          -1450.89291512191           -885.210551805818       688.60385
design2_rebuilt_mutated_A_84_ASN.pdb   -306.313403733206   1374.75137  747.122597832639          -1446.99701247351           -888.438503381775       688.16035
design2_rebuilt_mutated_A_104_VAL.pdb  -306.234662797321   1382.75906  750.513513006477          -1451.12266263304           -877.504885204685       686.1517
design1_rebuilt_mutated_A_225_LEU.pdb  -305.945631378342   1247.20348  680.581854476981          -1333.5880342706            -615.680511573552       859.6825
design2_rebuilt_mutated_A_80_THR.pdb   -305.896659297912   1377.58656  748.599458318466          -1448.01770294395           -886.591996869769       688.60385
design2_rebuilt_mutated_A_77_THR.pdb   -305.835984706705   1380.96016  749.820680320071          -1448.04252045154           -878.890494431482       688.61705
design2_rebuilt_mutated_A_163_THR.pdb  -305.783985762978   1381.31188  751.005206888482          -1449.59282800899           -882.411239269902       688.60385
design2_rebuilt_mutated_A_44_PHE.pdb   -305.764765883166   1380.97466  750.43868397779           -1449.85659648528           -882.830449929388       688.60385
design2_rebuilt_mutated_A_48_GLN.pdb   -305.644702975552   1380.90231  750.317176915769          -1448.20849483832           -882.305054106142       688.3477
design2_rebuilt_mutated_A_44_ALA.pdb   -305.634168070618   1380.97466  750.292556076358          -1449.52485744894           -884.033008608528       688.60385
design2_rebuilt_mutated_A_86_GLU.pdb   -305.627250386047   1386.87979  756.626962365946          -1448.12245267775           -875.227415897869       691.87187
design2_rebuilt_mutated_A_9_PHE.pdb    -305.476198377163   1391.31048  756.039174104607          -1459.71400714253           -875.937123609455       690.77295
design2_rebuilt_mutated_A_48_GLY.pdb   -305.396695052942   1355.35351  737.408325816423          -1421.6392915849            -862.589189070283       651.46954
design2_rebuilt_mutated_A_164_ASN.pdb  -305.120092670336   1381.92876  750.612293156734          -1451.30476644172           -886.62528458384        688.60385
design2_rebuilt_mutated_A_44_MET.pdb   -304.818135794013   1380.97466  750.285788428336          -1449.27360102896           -882.361436409846       688.60385
design2_rebuilt_mutated_A_9_CYS.pdb    -304.80625963382    1380.21136  750.107490269895          -1445.63772506748           -871.329382027143       700.28522
design2_rebuilt_mutated_A_79_PRO.pdb   -304.805063398707   1377.45796  747.996784219973          -1447.83521252961           -887.371523531617       688.60385
design2_rebuilt_mutated_A_63_LEU.pdb   -304.760432492292   1354.71617  736.494826871961          -1418.67066761216           -861.921803319806       679.21653
design2_rebuilt_mutated_A_70_HIS.pdb   -304.62303817253    1337.65029  729.85481341045           -1391.65157313394           -809.754158308234       653.37382
design2_rebuilt_mutated_A_123_PHE.pdb  -304.154730306117   1367.76227  743.751933741585          -1415.37674338083           -815.472906122579       662.11592
design2_rebuilt_mutated_A_101_THR.pdb  -304.148933527947   1380.97466  751.2546962546            -1444.42276737993           -875.528505271529       688.60385
design1_rebuilt_mutated_A_26_LEU.pdb   -304.082640883484   1257.79653  694.388029534721          -1413.07928542654           -660.142796332661       844.05017
design2_rebuilt_mutated_A_79_THR.pdb   -304.038371937441   1378.99146  748.551652973627          -1447.36531010085           -885.346638046123       688.60385
design2_rebuilt_mutated_A_48_TRP.pdb   -303.995969801579   1398.64694  757.131398276871          -1461.84156033538           -872.855181716097       785.32993
design2_rebuilt_mutated_A_44_CYS.pdb   -303.9188854619     1380.97466  750.003508414526          -1449.83463078374           -885.10581609048        688.60385
design2_rebuilt_mutated_A_86_LYS.pdb   -303.687140899071   1381.68552  752.718865930976          -1427.0149772501            -840.939068397249       700.9855
design2_rebuilt_mutated_A_104_TYR.pdb  -302.935106330983   1399.16051  759.502289512691          -1485.39029866177           -908.533653905764       679.16811
design2_rebuilt_mutated_A_9_GLN.pdb    -302.920536963856   1381.77576  750.480542664849          -1447.27545589339           -881.376302479298       687.84025
design2_rebuilt_mutated_A_70_PHE.pdb   -302.880042334873   1337.79719  729.234010715689          -1391.42612884068           -814.664525487001       652.85192
design2_rebuilt_mutated_A_80_VAL.pdb   -302.848227389985   1377.64856  747.96375923739           -1446.88073843289           -886.267251427163       688.60385
design1_rebuilt_mutated_A_225_GLY.pdb  -302.598867095805   1243.79191  677.564050256306          -1327.13699810079           -612.769480424131       850.66424
design2_rebuilt_mutated_A_89_ASP.pdb   -302.430223110375   1380.97466  750.075585509358          -1445.48396067891           -876.239229775048       688.60385
design2_rebuilt_mutated_A_80_ILE.pdb   -302.418472298582   1377.56306  747.778460897203          -1446.5764660432            -886.247860876474       688.60385
design2_rebuilt_mutated_A_49_PRO.pdb   -302.211471157932   1380.97466  749.58160443553           -1447.76827627691           -876.686683051537       688.60385
design2_rebuilt_mutated_A_35_GLN.pdb   -302.137192387299   1400.11603  759.201355106249          -1457.49829652595           -866.925420786702       782.39215
design2_rebuilt_mutated_A_9_ARG.pdb    -301.968316301303   1390.09143  754.220236633931          -1457.53725827177           -887.836925644819       688.60535
design2_rebuilt_mutated_A_31_MET.pdb   -301.924855608942   1377.35609  748.212009225424          -1442.94735517846           -877.017639556461       687.91235
design2_rebuilt_mutated_A_9_SER.pdb    -301.894692861626   1377.21529  747.965549606944          -1443.74945064374           -865.010501499141       676.08655
design2_rebuilt_mutated_A_78_HIS.pdb   -301.712563340768   1380.07586  749.42758483582           -1446.96534779837           -884.612034669116       689.17275
design2_rebuilt_mutated_A_102_GLU.pdb  -301.4391990535     1387.68782  755.448559153394          -1444.01997552572           -865.150295400484       679.06038
design2_rebuilt_mutated_A_75_GLU.pdb   -301.325648722399   1380.97466  749.074002794415          -1446.33437884833           -870.222056777163       688.60385
design2_rebuilt_mutated_A_89_CYS.pdb   -301.270837097604   1380.97466  750.287898777691          -1442.90716902268           -871.739196885078       688.60385
design2_rebuilt_mutated_A_78_ASN.pdb   -301.120214176027   1378.88876  748.123327194907          -1445.00149905082           -883.174175321072       689.17805
design1_rebuilt_mutated_A_2_ALA.pdb    -301.116672736022   1254.95674  678.111164408805          -1380.96479282516           -655.602218635422       441.15145
design1_rebuilt_mutated_A_28_MET.pdb   -301.098553157259   1263.2287   683.830107562372          -1393.99967372161           -660.064312780545       857.09243
design2_rebuilt_mutated_A_76_SER.pdb   -300.807123818716   1372.84249  745.448778623132          -1441.46280084035           -860.446559353795       673.28094
design2_rebuilt_mutated_A_31_LEU.pdb   -300.350246163894   1372.52713  745.132401760578          -1439.05685576627           -861.430522779762       693.61062
design2_rebuilt_mutated_A_31_ASP.pdb   -300.259495044306   1372.52713  745.082172150564          -1439.49909821789           -865.420254121246       693.61062
design2_rebuilt_mutated_A_77_ASP.pdb   -300.219379148155   1382.82136  750.726786631801          -1452.53825836757           -881.859797424119       688.60385
design2_rebuilt_mutated_A_49_GLN.pdb   -300.205860231255   1380.97466  749.357200375651          -1446.2199550613            -873.4925185464         688.60385
design2_rebuilt_mutated_A_48_ASP.pdb   -300.136626218596   1364.69208  742.10859233248           -1441.05717223324           -882.394146494342       771.71407
design2_rebuilt_mutated_A_49_CYS.pdb   -300.126092814105   1380.97466  749.25073565875           -1445.37282231531           -875.858363121933       688.60385
design2_rebuilt_mutated_A_126_ILE.pdb  -300.075924464655   1380.97466  750.287579525275          -1442.95259246575           -873.855482755378       688.60385
design2_rebuilt_mutated_A_132_ILE.pdb  -300.012740488279   1388.19307  752.810575309794          -1454.21725950029           -889.086924304417       688.60385
design2_rebuilt_mutated_A_31_THR.pdb   -299.871966034832   1372.52713  744.859592223825          -1439.48455260962           -863.49401717634        693.61062
design2_rebuilt_mutated_A_79_GLU.pdb   -299.849543963729   1377.79006  747.086035634238          -1445.08959752116           -885.003677582549       688.60385
design2_rebuilt_mutated_A_101_ASN.pdb  -299.586453448738   1380.97466  750.783937816936          -1440.51754379767           -871.344606388371       688.60385
design1_rebuilt_mutated_A_2_TRP.pdb    -299.438062488318   1249.7767   683.679233470917          -1398.27990028782           -614.237373589701       879.78337
design2_rebuilt_mutated_A_126_GLY.pdb  -299.195018405692   1380.97466  750.834039849761          -1440.28888573447           -870.997011583511       688.60385
design2_rebuilt_mutated_A_44_HIS.pdb   -299.139464605789   1380.97466  748.94212005086           -1446.79979820197           -881.49925437553        688.60385
design2_rebuilt_mutated_A_102_THR.pdb  -298.966732672697   1374.90099  747.048499782587          -1439.82224829912           -883.295714864146       685.45923
design2_rebuilt_mutated_A_46_LEU.pdb   -298.939377359638   1365.38045  741.555848178809          -1435.26596378048           -878.725212460661       689.42647
design2_rebuilt_mutated_A_9_GLY.pdb    -298.744060433551   1374.23746  745.95076795413           -1437.55656690682           -855.467331137908       676.08655
design1_rebuilt_mutated_A_100_LEU.pdb  -298.726706521314   1260.01562  680.847214119129          -1375.51621773745           -662.425670904791       855.82615
design2_rebuilt_mutated_A_60_THR.pdb   -298.161077380816   1372.49202  745.361692202492          -1443.09367385522           -886.356465250275       692.24935
design2_rebuilt_mutated_A_60_CYS.pdb   -297.950097876104   1373.35505  745.249612784196          -1440.57746482498           -880.708804087669       691.75075
design2_rebuilt_mutated_A_49_VAL.pdb   -297.593567176464   1381.3803   748.938015792791          -1443.17300575612           -871.948058934642       688.75665
design2_rebuilt_mutated_A_31_SER.pdb   -297.480935613155   1372.52713  744.489533782364          -1438.03652882503           -863.752810345594       693.61062
design2_rebuilt_mutated_A_31_GLN.pdb   -297.421242569551   1372.52713  744.357731573628          -1436.51381451279           -857.911452313558       693.61062
design2_rebuilt_mutated_A_63_GLU.pdb   -297.360606486954   1369.97886  743.224208786143          -1435.92585277771           -881.242793807386       687.08932
design2_rebuilt_mutated_A_129_PRO.pdb  -297.122192618019   1385.94058  752.311106092112          -1442.27124535252           -863.238225530074       669.73525
design2_rebuilt_mutated_A_9_TYR.pdb    -297.021695516269   1401.32626  758.274344005164          -1464.40903586655           -881.253813698037       690.52475
design2_rebuilt_mutated_A_89_ALA.pdb   -296.986985544341   1380.97466  749.565343256085          -1441.01410571683           -869.961750082615       688.60385
design2_rebuilt_mutated_A_127_GLU.pdb  -296.951839850116   1378.15406  748.442070173315          -1431.11183190706           -858.352354727777       670.22645
design2_rebuilt_mutated_A_49_LEU.pdb   -296.904695117017   1380.97466  748.308367485691          -1444.73717305203           -873.638767156357       688.60385
design2_rebuilt_mutated_A_78_GLU.pdb   -296.476519471564   1377.35706  746.488752723676          -1442.02710044257           -878.893300757367       690.73475
design2_rebuilt_mutated_A_75_CYS.pdb   -296.174217567723   1380.97466  748.404330221765          -1443.27960082393           -872.528527009102       688.60385
design1_rebuilt_mutated_A_52_TYR.pdb   -295.994510196039   1243.89456  680.582928969493          -1312.06285359272           -589.979745902799       856.37358
design2_rebuilt_mutated_A_79_ASN.pdb   -295.766221438739   1363.06486  740.380824832966          -1438.02730594099           -885.97247543089        688.73105
design2_rebuilt_mutated_A_84_LEU.pdb   -295.744253622247   1376.75441  745.882803836611          -1442.70370476016           -879.803562199844       675.00035
design2_rebuilt_mutated_A_78_ASP.pdb   -295.53358455174    1379.07006  747.106629360975          -1441.24390229248           -877.489014212249       689.58205
design2_rebuilt_mutated_A_126_MET.pdb  -295.49518064552    1374.15006  744.419145299796          -1439.82619550879           -881.713419395403       688.60385
design2_rebuilt_mutated_A_101_GLN.pdb  -295.462905346637   1380.97466  749.906827044889          -1437.99948669303           -867.704575628937       688.60385
design1_rebuilt_mutated_A_184_PHE.pdb  -295.362356036279   1227.64124  669.489958561322          -1315.69073094036           -616.632579724059       848.83137
design2_rebuilt_mutated_A_101_ARG.pdb  -295.201689114547   1380.97466  749.788396718676          -1438.43220668652           -867.779614225902       688.60385
design1_rebuilt_mutated_A_101_PHE.pdb  -295.14458438634    1235.53519  667.798663607984          -1350.67275585077           -630.382313125408       502.72805
design1_rebuilt_mutated_A_54_HIS.pdb   -295.131033013795   1241.7772   675.710749825757          -1318.24588457533           -608.911959548522       525.27187
design2_rebuilt_mutated_A_9_TRP.pdb    -295.089470578278   1393.27205  754.494219789443          -1457.3174651333            -880.744204035474       691.00655
design2_rebuilt_mutated_A_70_TRP.pdb   -295.042366549851   1337.81119  728.000222565711          -1387.73737987523           -810.814407141432       652.98142
design1_rebuilt_mutated_A_227_MET.pdb  -294.942568925878   1240.88976  675.182669901426          -1356.02028337657           -620.723352790533       514.08906
design2_rebuilt_mutated_A_71_THR.pdb   -294.759999474092   1380.84409  748.73555896783           -1444.38756662922           -878.04830632474        688.73845
design2_rebuilt_mutated_A_31_ASN.pdb   -294.623116391056   1372.52713  743.873179840354          -1435.13768278995           -858.528389407316       693.61062
design2_rebuilt_mutated_A_101_ASP.pdb  -294.448715028784   1380.97466  750.015771526132          -1436.2933136321            -866.136050880685       688.60385
design2_rebuilt_mutated_A_79_ALA.pdb   -294.234690491559   1377.81096  745.883061614301          -1443.35421924565           -884.93862380243        688.60385
design2_rebuilt_mutated_A_9_LEU.pdb    -294.197228967627   1378.65096  747.12916134723           -1438.87566286725           -854.954369265147       692.32022
design2_rebuilt_mutated_A_89_SER.pdb   -294.035973441307   1380.97466  748.508996398704          -1440.63151080605           -868.516909165201       688.60385
design2_rebuilt_mutated_A_129_LEU.pdb  -293.943669062353   1385.56612  753.035627269019          -1452.17952258864           -874.054634087684       669.73525
design2_rebuilt_mutated_A_31_HIS.pdb   -293.823551403577   1372.52713  743.868642323307          -1435.28298135668           -858.081514249033       693.61062
design2_rebuilt_mutated_A_123_ASN.pdb  -293.796679177001   1357.95798  738.87500629835           -1405.81787355288           -813.878222342759       662.11592
design2_rebuilt_mutated_A_136_GLN.pdb  -293.784234094706   1374.24129  747.167515575923          -1433.71434871926           -872.081787739032       687.37551
design2_rebuilt_mutated_A_77_VAL.pdb   -293.734349113924   1381.90696  747.492736033897          -1444.7612992415            -881.074941541013       688.61455
design2_rebuilt_mutated_A_101_LEU.pdb  -293.462737532288   1380.97466  749.714227960036          -1436.76241040976           -865.835153841961       688.60385
design2_rebuilt_mutated_A_63_HIS.pdb   -293.031711241285   1366.57744  740.216156035728          -1440.56146346197           -899.805843322843       662.83272
design1_rebuilt_mutated_A_58_ARG.pdb   -292.904574540591   1238.02499  669.720720683671          -1312.46943653577           -624.655809016937       845.4823
design2_rebuilt_mutated_A_79_VAL.pdb   -292.713871080742   1379.37066  746.356570816054          -1443.96104817841           -884.615443956438       688.60385
design2_rebuilt_mutated_A_164_THR.pdb  -292.629744401398   1379.43586  746.732876722261          -1445.81661643784           -886.62528458384        688.60385
design2_rebuilt_mutated_A_84_ALA.pdb   -292.488978216918   1373.6526   744.699367115021          -1441.20224455324           -879.386465254633       678.42445
design1_rebuilt_mutated_A_26_TYR.pdb   -292.415745504431   1270.67566  698.21558101064           -1418.11040542487           -666.174431952601       838.66939
design2_rebuilt_mutated_A_89_GLY.pdb   -292.14245191548    1380.97466  748.41435457049           -1440.16968826238           -869.203358688009       688.60385
design2_rebuilt_mutated_A_132_TRP.pdb  -291.965001675188   1406.07412  759.472466431328          -1480.14731137567           -902.036649783064       691.90265
design2_rebuilt_mutated_A_48_ASN.pdb   -291.814165938772   1365.65059  740.858879267756          -1436.82872893473           -874.688701317254       782.27239
design2_rebuilt_mutated_A_89_GLU.pdb   -291.738811757982   1380.97466  748.28498304984           -1438.81647016847           -867.906295553118       688.60385
design2_rebuilt_mutated_A_89_PRO.pdb   -291.62057028009    1380.97466  748.738302362426          -1437.49573605233           -865.18527310083        688.60385
design1_rebuilt_mutated_A_101_GLU.pdb  -291.53721149938    1250.32298  675.814026026401          -1363.25449851792           -642.657811649322       841.3373
design2_rebuilt_mutated_A_136_PRO.pdb  -291.371156331584   1374.24129  746.650107831338          -1432.77447998014           -872.592895521171       687.37551
design2_rebuilt_mutated_A_101_GLU.pdb  -291.331926819254   1380.97466  749.22751591704           -1435.01974180893           -863.857394561771       688.60385
design2_rebuilt_mutated_A_48_PHE.pdb   -291.246242348836   1378.01163  745.478729613414          -1441.64439317881           -869.324367777585       659.80354
design2_rebuilt_mutated_A_31_ALA.pdb   -291.186370438941   1372.52713  743.189697939843          -1433.77447796727           -858.775813400637       693.61062
design2_rebuilt_mutated_A_31_VAL.pdb   -291.142044416726   1372.52713  743.071029446363          -1433.79801725289           -856.454200066628       693.61062
design2_rebuilt_mutated_A_101_PHE.pdb  -290.84743978093    1380.97466  749.274224474818          -1434.71633220925           -864.878840373386       688.60385
design2_rebuilt_mutated_A_101_SER.pdb  -290.627634683166   1380.97466  749.33255243063           -1433.67756806279           -862.443683519662       688.60385
design2_rebuilt_mutated_A_101_ALA.pdb  -290.437111541183   1380.97466  749.40728690203           -1433.17539007687           -861.81301098921        688.60385
design2_rebuilt_mutated_A_48_TYR.pdb   -290.405499035254   1378.92699  745.618821062788          -1441.84071144917           -869.405549311999       659.80354
design2_rebuilt_mutated_A_164_ALA.pdb  -290.290092584753   1376.64276  745.02247669898           -1443.6560474023            -886.62528458384        688.60385
design2_rebuilt_mutated_A_134_GLN.pdb  -290.246214314004   1381.3224   748.832283100904          -1434.95883864939           -864.378317476108       689.30982
design2_rebuilt_mutated_A_101_VAL.pdb  -290.201052163334   1380.97466  749.164839226924          -1434.39277372257           -862.781347783395       688.60385
design2_rebuilt_mutated_A_78_GLN.pdb   -290.184158174309   1377.24066  745.241186855511          -1439.08608204582           -876.337523171187       690.87685
design2_rebuilt_mutated_A_60_VAL.pdb   -289.977020840196   1372.98894  743.957667295748          -1438.99024806645           -880.773774122398       692.19255
design1_rebuilt_mutated_A_53_PHE.pdb   -289.650136305539   1249.57821  673.621552170229          -1346.63634303042           -613.890926328061       825.11945
design2_rebuilt_mutated_A_100_HIS.pdb  -289.493701199057   1412.20142  764.896390583486          -1452.83233812392           -835.84379634044        725.41757
design2_rebuilt_mutated_A_163_TYR.pdb  -289.292104648934   1383.32106  748.202006134786          -1445.57900658532           -883.551117737323       688.60385
design2_rebuilt_mutated_A_46_MET.pdb   -289.065763640316   1374.36528  743.855682851752          -1437.40891461434           -871.384681511688       688.16158
design2_rebuilt_mutated_A_164_SER.pdb  -288.856790531547   1376.61486  744.711811537321          -1443.21771744581           -886.62528458384        688.60385
design2_rebuilt_mutated_A_163_SER.pdb  -288.795411955714   1380.80276  746.628565335392          -1445.82146268128           -886.845894202163       688.60385
design2_rebuilt_mutated_A_75_PRO.pdb   -288.774009810839   1383.22046  747.22503179045           -1437.99768511008           -858.271745506349       686.53665
design2_rebuilt_mutated_A_79_SER.pdb   -288.772531050727   1363.06486  739.129964439393          -1435.80794142608           -884.878515915688       688.73105
design2_rebuilt_mutated_A_35_SER.pdb   -288.481745932683   1380.18421  746.295224257008          -1437.92939450418           -880.030704751546       690.50289
design2_rebuilt_mutated_A_84_GLN.pdb   -288.435428564627   1382.41574  748.048237752015          -1439.77673835186           -868.552316168552       688.13185
design2_rebuilt_mutated_A_79_CYS.pdb   -288.41789203165    1377.79006  744.592154522649          -1441.22760837651           -884.691456527789       688.60385
design2_rebuilt_mutated_A_132_GLN.pdb  -288.360701964989   1385.72378  750.086230964736          -1441.30321181246           -878.170851570867       688.60385
design2_rebuilt_mutated_A_79_ILE.pdb   -288.306104650852   1379.33956  745.393486924918          -1442.5080445049            -884.615287058567       688.60385
design2_rebuilt_mutated_A_79_GLY.pdb   -287.631434739698   1363.06486  739.195734490754          -1436.1680437975            -885.346221559738       688.73105
design2_rebuilt_mutated_A_31_TYR.pdb   -287.541568041623   1374.03887  743.237697124095          -1435.4628296298            -854.354024940475       693.61062
design2_rebuilt_mutated_A_163_ALA.pdb  -287.140503191752   1380.46272  746.28174402583           -1444.47800150845           -885.614006644219       688.60385
design2_rebuilt_mutated_A_62_LEU.pdb   -287.086286792213   1388.67398  751.661275866794          -1452.47833399046           -885.599456502984       688.60385
design2_rebuilt_mutated_A_164_GLU.pdb  -286.894907317614   1380.55786  746.16342013068           -1444.99647940427           -886.62528458384        688.60385
design2_rebuilt_mutated_A_48_CYS.pdb   -286.785828005157   1355.46612  733.653678908554          -1414.61444915879           -878.877863305464       686.72126
design1_rebuilt_mutated_A_103_CYS.pdb  -286.78219680953    1244.86444  670.978653313843          -1345.60645541544           -637.651413127792       858.82516
design2_rebuilt_mutated_A_136_VAL.pdb  -286.756611684689   1374.24129  745.403797696357          -1431.05116236173           -872.255405682535       687.37551
design2_rebuilt_mutated_A_35_VAL.pdb   -286.399902259617   1382.80686  747.486170835589          -1442.12201947906           -861.98851609927        685.54986
design2_rebuilt_mutated_A_31_PRO.pdb   -286.279111017595   1372.52713  742.095192590192          -1430.69117994366           -855.194875307105       693.61062
design2_rebuilt_mutated_A_164_VAL.pdb  -286.249147343383   1379.60856  745.499397475828          -1444.8193918887            -887.57904060207        688.60385
design2_rebuilt_mutated_A_31_CYS.pdb   -286.079964069496   1372.52713  742.106785905265          -1431.13415065808           -853.97803707523        693.61062
design2_rebuilt_mutated_A_101_ILE.pdb  -285.813482425331   1380.97466  748.607820959994          -1431.04186891764           -858.565525225255       688.60385
design2_rebuilt_mutated_A_132_MET.pdb  -285.662624535222   1394.36932  751.875622696393          -1448.8580191577            -894.813468495413       700.54655
design2_rebuilt_mutated_A_101_HIS.pdb  -285.357788216608   1380.97466  748.591347259691          -1429.2466773178            -856.783740198351       688.60385
design2_rebuilt_mutated_A_132_VAL.pdb  -285.329016482546   1388.11103  750.77751536965           -1443.64371583088           -878.786754627          688.60385
design2_rebuilt_mutated_A_63_MET.pdb   -284.906667580101   1357.73143  734.113912721263          -1412.3571517249            -825.866868775858       655.32495
design2_rebuilt_mutated_A_50_GLN.pdb   -284.53940315784    1388.32607  747.616436782609          -1445.99788142507           -867.182217774867       669.9552
design2_rebuilt_mutated_A_49_MET.pdb   -284.47862300567    1380.97466  745.100434825364          -1437.90487655251           -867.025193927169       688.60385
design2_rebuilt_mutated_A_60_HIS.pdb   -284.323065482452   1353.97222  731.897481585362          -1416.9705877165            -841.874330466711       624.52344
design2_rebuilt_mutated_A_80_CYS.pdb   -284.051859144345   1363.44727  737.950935270285          -1433.72950522961           -884.672316039282       688.73105
design1_rebuilt_mutated_A_26_PHE.pdb   -283.663167948886   1267.68188  696.186644267087          -1415.28462041108           -659.332832586093       838.6975
design2_rebuilt_mutated_A_63_GLN.pdb   -283.658742551333   1368.60501  739.872274867951          -1428.53976225776           -876.76028808239        686.99402
design1_rebuilt_mutated_A_102_HIS.pdb  -283.204119795444   1225.63388  663.809797133059          -1305.47335758207           -582.213923872937       490.77947
design1_rebuilt_mutated_A_2_GLY.pdb    -283.169341579458   1255.12084  675.732445315077          -1377.91250469689           -654.799871759766       439.9931
design2_rebuilt_mutated_A_101_CYS.pdb  -283.076129651845   1380.97466  748.213683967528          -1427.28065177793           -853.880348077013       688.60385
design2_rebuilt_mutated_A_136_ILE.pdb  -282.917855589302   1374.24129  744.881323976386          -1427.78079245805           -867.982677353969       687.37551
design2_rebuilt_mutated_A_31_PHE.pdb   -282.632989617886   1372.52713  741.373115829755          -1428.96609250848           -850.060242110132       693.61062
design2_rebuilt_mutated_A_75_ALA.pdb   -282.51003000316    1380.97466  745.593979329846          -1432.85847161023           -856.993200616046       688.60385
design2_rebuilt_mutated_A_79_GLN.pdb   -282.329262202214   1363.06486  737.953009128579          -1434.1414378085            -884.991300290469       688.73105
design2_rebuilt_mutated_A_101_GLY.pdb  -282.23478099047    1380.97466  748.072310998958          -1426.5956158328            -853.212181640971       688.60385
design2_rebuilt_mutated_A_44_GLY.pdb   -282.048909625224   1380.97466  744.862521716242          -1439.92757301407           -881.89259050522        688.60385
design1_rebuilt_mutated_A_101_ILE.pdb  -282.048200666162   1248.99236  673.550378088875          -1363.17784781946           -647.235849257283       831.64426
design2_rebuilt_mutated_A_60_ASP.pdb   -281.682985409704   1369.25359  739.852804397957          -1425.04049075409           -870.723808524591       691.01262
design2_rebuilt_mutated_A_71_VAL.pdb   -281.545368857591   1380.86049  746.523572055759          -1436.42900121826           -869.907773520599       688.72055
design2_rebuilt_mutated_A_136_CYS.pdb  -281.489963994233   1374.24129  744.543512021276          -1427.62348173673           -868.626778784618       687.37551
design2_rebuilt_mutated_A_79_ARG.pdb   -281.486348921654   1377.79006  743.440037845582          -1439.84872681345           -885.037011475914       688.60385
design2_rebuilt_mutated_A_104_HIS.pdb  -281.435519075181   1392.91763  753.619712456176          -1463.39624060427           -904.493253955031       687.60425
design1_rebuilt_mutated_A_52_PHE.pdb   -281.390047079828   1244.60201  678.348812422153          -1302.27145511337           -581.511198303232       857.08103
design2_rebuilt_mutated_A_100_GLN.pdb  -281.304693224922   1385.74826  752.73093900028           -1436.31653596975           -831.546420728326       678.29047
design2_rebuilt_mutated_A_9_LYS.pdb    -281.292277096112   1396.41487  754.177650428613          -1452.32118257995           -882.188731554971       695.10875
design2_rebuilt_mutated_A_164_ILE.pdb  -281.243693306685   1379.53326  744.577476254729          -1443.61906570112           -887.57904060207        688.60385
design2_rebuilt_mutated_A_136_THR.pdb  -280.90937292025    1374.24129  744.732646212871          -1426.43396032461           -867.253424080878       687.37551
design2_rebuilt_mutated_A_89_HIS.pdb   -280.901837203888   1380.97466  747.529362773728          -1426.50992507853           -855.37010299503        688.60385
design2_rebuilt_mutated_A_33_GLN.pdb   -280.776106853073   1390.30523  749.824992232349          -1434.20256011695           -869.120837866618       686.18246
design1_rebuilt_mutated_A_228_PHE.pdb  -280.716541948311   1242.78974  673.230947279237          -1304.85493154454           -590.216867117326       839.60652
design2_rebuilt_mutated_A_127_LYS.pdb  -280.71425211273    1399.14905  753.496801326706          -1447.9183650483            -872.955713071771       669.98145
design2_rebuilt_mutated_A_84_GLY.pdb   -280.527356594188   1370.37689  741.019374148806          -1428.12111317577           -865.352957681585       678.42445
design2_rebuilt_mutated_A_104_ASP.pdb  -280.338392657342   1390.52699  750.86004610662           -1451.51030793206           -883.126754718973       689.52404
design1_rebuilt_mutated_A_225_TRP.pdb  -279.883908348413   1241.18361  669.089610012736          -1332.95587420628           -630.054550701759       850.52722
design2_rebuilt_mutated_A_76_CYS.pdb   -279.49901450486    1380.33337  745.077142665102          -1432.52994145782           -870.297065074998       686.56356
design2_rebuilt_mutated_A_101_TYR.pdb  -279.487499847047   1380.97466  747.293240581987          -1424.9544275035            -850.278501156512       688.60385
design1_rebuilt_mutated_A_104_HIS.pdb  -279.401650790015   1238.45617  671.983710529776          -1302.35107319412           -592.729894951569       850.93519
design2_rebuilt_mutated_A_60_GLY.pdb   -279.301146873965   1359.39259  734.606675503597          -1415.48584764613           -849.013299537042       674.32822
design1_rebuilt_mutated_A_2_THR.pdb    -279.181608552479   1256.21371  675.354945625126          -1377.62122670682           -650.068258496888       443.70002
design2_rebuilt_mutated_A_49_ASP.pdb   -278.585011000441   1380.97466  744.809699301106          -1430.49968790284           -857.715805355208       688.60385
design2_rebuilt_mutated_A_89_TYR.pdb   -278.578614542163   1380.97466  747.055365666609          -1429.39888362393           -860.837960233611       688.60385
design2_rebuilt_mutated_A_102_PHE.pdb  -278.377908905448   1388.12254  751.932578885403          -1422.13332351252           -840.398066143691       716.61652
design2_rebuilt_mutated_A_101_PRO.pdb  -278.066077484524   1379.56111  746.340148071086          -1422.76775269631           -842.915251163467       668.16196
design2_rebuilt_mutated_A_63_PHE.pdb   -277.867227790732   1366.42938  736.638072958159          -1429.41984597346           -873.994823685596       661.86092
design2_rebuilt_mutated_A_76_ALA.pdb   -277.852999980176   1365.62696  736.937294057326          -1422.71819299072           -822.66108966464        638.41464
design2_rebuilt_mutated_A_86_THR.pdb   -277.547666322387   1372.62249  743.114362412969          -1419.58363503963           -842.454186669027       679.90454
design2_rebuilt_mutated_A_136_LEU.pdb  -276.956225211761   1358.01148  737.850494499116          -1403.60491366187           -849.138734961879       687.37551
design2_rebuilt_mutated_A_89_PHE.pdb   -276.92985621216    1380.97466  746.782974416417          -1427.82339616374           -858.762279620245       688.60385
design2_rebuilt_mutated_A_71_ILE.pdb   -276.910739035732   1380.86312  746.033427107619          -1431.58907819028           -863.564767159551       688.71865
design2_rebuilt_mutated_A_79_LYS.pdb   -276.8144416756     1363.06486  736.959119030296          -1432.70600475188           -884.715372159766       688.73105
design1_rebuilt_mutated_A_53_TYR.pdb   -276.679464941706   1252.84961  672.472513120803          -1344.86814267877           -604.898214689945       829.00073
design2_rebuilt_mutated_A_164_HIS.pdb  -276.525521858441   1385.86716  746.621882660252          -1445.34928773104           -886.60672378496        688.60385
design2_rebuilt_mutated_A_104_MET.pdb  -276.385314262224   1401.16086  754.256005997931          -1449.48159472949           -873.594883468181       708.68745
design2_rebuilt_mutated_A_84_THR.pdb   -276.182481135511   1374.95031  741.368728508902          -1429.81779683902           -872.110773286947       677.38305
design2_rebuilt_mutated_A_63_ALA.pdb   -276.0621072462     1352.77759  729.714099474795          -1410.2964077844            -881.844271496332       686.65515
design2_rebuilt_mutated_A_123_ILE.pdb  -276.057265415248   1364.68657  738.212545245042          -1401.66896924272           -818.08736248874        792.13766
design2_rebuilt_mutated_A_80_GLU.pdb   -276.00049726574    1366.78523  739.586006171818          -1436.29104457307           -884.752619267457       688.73105
design2_rebuilt_mutated_A_31_ILE.pdb   -275.950026501447   1372.52713  739.945133506939          -1425.38892512159           -844.56401179874        693.61062
design2_rebuilt_mutated_A_164_PHE.pdb  -275.890874135636   1389.65906  748.170566557543          -1447.95468625341           -887.57904060207        688.60385
design2_rebuilt_mutated_A_77_ILE.pdb   -275.188507590048   1385.89416  745.450972017585          -1440.73765852922           -880.639165284306       688.61455
design1_rebuilt_mutated_A_58_PHE.pdb   -275.183214902003   1248.96694  675.291987993461          -1299.71351654676           -580.180428499829       850.52472
design2_rebuilt_mutated_A_49_GLU.pdb   -274.53826250811    1380.97466  743.793468591027          -1429.90378455055           -855.637616734765       688.60385
design2_rebuilt_mutated_A_163_PHE.pdb  -274.196470699634   1383.31816  745.172833254994          -1440.76389638576           -882.825919335667       688.60385
design2_rebuilt_mutated_A_50_SER.pdb   -273.64381366275    1356.47074  730.882258229951          -1407.09295558543           -816.925070791199       656.92722
design2_rebuilt_mutated_A_102_MET.pdb  -273.535088783324   1376.39323  745.122601796778          -1412.39049482371           -831.079876015521       671.52965
design2_rebuilt_mutated_A_164_TYR.pdb  -273.297354920644   1390.61896  748.203086918956          -1447.99751527025           -887.57904060207        688.60385
design2_rebuilt_mutated_A_80_HIS.pdb   -273.058192938602   1400.48326  752.217490704228          -1451.35394198665           -885.548474981078       688.60385
design2_rebuilt_mutated_A_104_GLU.pdb  -272.884536287548   1400.18237  752.071204278692          -1443.34190120115           -862.580167423187       700.59769
design2_rebuilt_mutated_A_164_GLN.pdb  -272.51643544223    1381.57656  744.084609635984          -1442.24706788579           -886.62528458384        688.60385
design2_rebuilt_mutated_A_48_HIS.pdb   -271.981788831111   1373.97358  741.222203845321          -1435.80171974696           -869.553571114395       659.80354
design2_rebuilt_mutated_A_163_ASN.pdb  -271.898498390588   1381.18146  743.817614036214          -1439.71836967903           -883.762558461257       688.60385
design2_rebuilt_mutated_A_126_LYS.pdb  -271.740381362997   1380.97466  747.097328320357          -1418.44649853128           -844.113530145166       688.60385
design1_rebuilt_mutated_A_101_THR.pdb  -271.690694343028   1233.5704   663.251375512923          -1344.58405892824           -640.28213162606        819.90775
design2_rebuilt_mutated_A_78_MET.pdb   -271.638766373492   1377.43386  740.932212387921          -1430.62975148101           -872.537139959004       690.65225
design1_rebuilt_mutated_A_27_MET.pdb   -271.581795475649   1256.86753  675.25769443336           -1378.2643328005            -600.242718597265       461.16601
design2_rebuilt_mutated_A_164_GLY.pdb  -271.225191086765   1373.90276  740.483449673341          -1436.6811065135            -885.222714375131       688.60385
design2_rebuilt_mutated_A_125_PHE.pdb  -271.200010284168   1366.58481  739.216258729759          -1373.80506326371           -739.293254356559       634.3785
design2_rebuilt_mutated_A_60_PRO.pdb   -271.188405368686   1359.39019  733.182302967372          -1412.84165740241           -846.7614388779         674.32532
design2_rebuilt_mutated_A_75_SER.pdb   -271.16348699603    1380.97466  743.266379114884          -1427.70921655022           -851.879883892682       688.60385
design2_rebuilt_mutated_A_125_LEU.pdb  -271.114425496154   1379.46922  746.4069742624            -1413.88724750954           -829.423388944217       668.97671
design2_rebuilt_mutated_A_84_SER.pdb   -270.817906000782   1374.63388  740.478136049896          -1427.67828563166           -870.602909100025       677.93465
design2_rebuilt_mutated_A_35_ILE.pdb   -270.746691614055   1392.84353  749.481096635827          -1440.86557151266           -859.585609134624       697.72678
design2_rebuilt_mutated_A_132_GLU.pdb  -270.601328622709   1383.45797  746.929880048347          -1430.41609204108           -866.531289785789       688.60385
design2_rebuilt_mutated_A_60_ALA.pdb   -270.423034511894   1359.39019  733.164162334572          -1413.02992173158           -847.767253762732       674.32532
design2_rebuilt_mutated_A_84_VAL.pdb   -270.322219639474   1374.89407  740.159545051023          -1426.53517262032           -869.336298822707       677.32835
design2_rebuilt_mutated_A_129_PHE.pdb  -270.240172038722   1400.38163  753.684150281294          -1451.467242427             -877.404692614661       669.73525
design2_rebuilt_mutated_A_77_GLU.pdb   -270.222913492106   1389.71106  746.521220433065          -1442.02074131835           -876.855834415634       688.60385
design2_rebuilt_mutated_A_77_LYS.pdb   -270.056902451161   1393.8177   749.797634258063          -1447.07954984043           -854.282005596435       712.73075
design2_rebuilt_mutated_A_164_LEU.pdb  -269.863405453232   1379.60426  742.82812811848           -1441.46476587721           -887.57904060207        688.60385
design2_rebuilt_mutated_A_49_ILE.pdb   -269.801147561598   1381.3803   742.615161555962          -1426.93623732299           -848.462181475644       688.75665
design1_rebuilt_mutated_A_100_ILE.pdb  -269.566952288957   1240.41649  668.335729370074          -1326.08511947679           -618.469016168592       836.90656
design1_rebuilt_mutated_A_1_TRP.pdb    -269.49648017832    1251.44024  681.269632792384          -1394.14363866379           -682.806889774941       855.5614
design2_rebuilt_mutated_A_31_GLY.pdb   -269.463203710047   1372.52713  738.740540781217          -1421.13135165751           -844.149670620953       693.61062
design2_rebuilt_mutated_A_80_GLN.pdb   -269.265195231879   1388.46286  747.611217073891          -1445.97129942627           -886.339817638451       688.60385
design2_rebuilt_mutated_A_104_GLN.pdb  -268.995214324265   1386.54952  747.208203762309          -1437.5957518399            -872.358182228953       696.50855
design2_rebuilt_mutated_A_164_PRO.pdb  -268.904307655092   1378.53516  742.211476411572          -1436.2582831999            -881.764639385558       688.60385
design2_rebuilt_mutated_A_134_TRP.pdb  -268.781432615655   1417.03249  762.936382677936          -1445.51928222339           -845.876912749507       723.75728
design2_rebuilt_mutated_A_163_PRO.pdb  -268.758490865049   1379.74157  743.166333502383          -1431.74485263573           -874.043351596415       688.60385
design2_rebuilt_mutated_A_75_GLY.pdb   -268.704443132783   1380.97466  742.814139195588          -1425.98745908391           -847.556227457537       688.60385
design2_rebuilt_mutated_A_163_GLU.pdb  -268.591042295244   1382.29136  743.726396423063          -1438.94429880691           -883.588651777834       688.60385
design2_rebuilt_mutated_A_164_MET.pdb  -268.503993884417   1380.19736  742.913149726035          -1440.83865465458           -886.62528458384        688.60385
design2_rebuilt_mutated_A_102_GLN.pdb  -268.248658125872   1386.89027  749.733049188963          -1417.56627954219           -850.447607390637       699.56117
design2_rebuilt_mutated_A_163_VAL.pdb  -268.021032485351   1393.49966  749.080433446743          -1444.67355276878           -880.802264104109       688.60385
design2_rebuilt_mutated_A_71_ASP.pdb   -267.893079921482   1379.75042  741.921118147034          -1431.94907257555           -877.622511470345       687.02602
design2_rebuilt_mutated_A_164_CYS.pdb  -267.666166474278   1380.21846  742.569792641593          -1439.12825667777           -885.222714375131       688.60385
design2_rebuilt_mutated_A_104_PHE.pdb  -267.008420444558   1398.8332   752.577091630808          -1465.7293885064            -889.214170729558       678.71386
design2_rebuilt_mutated_A_100_ILE.pdb  -266.709614842913   1385.68637  746.926263983407          -1421.5785218257            -850.731282155055       698.82184
design2_rebuilt_mutated_A_86_ASN.pdb   -266.335276235139   1380.60919  745.881348564603          -1417.45714772415           -836.747943511452       686.12313
design1_rebuilt_mutated_A_31_ILE.pdb   -266.304034829418   1232.60033  662.046540231335          -1352.80059764615           -644.5279886076         483.30714
design2_rebuilt_mutated_A_88_ASN.pdb   -266.240627752674   1380.75221  744.588748446059          -1417.43162765305           -835.079631443328       692.86297
design1_rebuilt_mutated_A_228_THR.pdb  -266.173557882296   1287.16116  692.076180463838          -1341.62925161942           -604.020612064347       860.61686
design2_rebuilt_mutated_A_90_ILE.pdb   -266.142268577568   1369.23016  739.052782363834          -1413.76651979523           -821.56747549125        683.79385
design2_rebuilt_mutated_A_76_ASP.pdb   -265.850509408075   1381.65135  742.650306660052          -1424.4465673316            -857.781816871053       689.05154
design2_rebuilt_mutated_A_80_MET.pdb   -265.573035639692   1366.54109  737.281519893721          -1432.97039783804           -884.702142132408       688.73105
design2_rebuilt_mutated_A_163_HIS.pdb  -265.262291173188   1383.04036  743.538333415851          -1437.94337036812           -881.826041456471       688.60385
design2_rebuilt_mutated_A_164_TRP.pdb  -265.229760587443   1396.60909  750.274982272828          -1450.5639648836            -887.57904060207        688.60385
design2_rebuilt_mutated_A_136_ASN.pdb  -264.779581106481   1374.24129  742.226991761633          -1414.47408070993           -855.888050795473       687.37551
design2_rebuilt_mutated_A_90_SER.pdb   -263.381804286477   1367.52424  736.930517695541          -1415.49880195437           -840.734671857655       669.12168
design2_rebuilt_mutated_A_88_THR.pdb   -263.377779191271   1381.43396  746.469118307213          -1411.62779898463           -838.283116922745       689.06315
design2_rebuilt_mutated_A_78_CYS.pdb   -263.344396006283   1377.48326  738.740078548063          -1427.3083910813            -869.177839117976       690.53415
design2_rebuilt_mutated_A_48_ILE.pdb   -263.333156705864   1370.65387  736.961205304909          -1424.78919182898           -872.756876165337       686.60545
design2_rebuilt_mutated_A_50_THR.pdb   -263.257605349995   1355.60188  727.695380691903          -1400.03540361277           -799.177522391256       687.07223
design2_rebuilt_mutated_A_64_ARG.pdb   -262.95137597971    1442.87781  771.846403940484          -1470.43381145782           -875.878786263219       686.91962
design2_rebuilt_mutated_A_129_TYR.pdb  -262.845482612808   1408.41561  755.173406070335          -1453.11478196602           -878.096963857002       669.73525
design2_rebuilt_mutated_A_62_PHE.pdb   -262.737432432321   1429.33307  766.670997466354          -1477.68786708074           -889.185335296612       691.27367
design2_rebuilt_mutated_A_132_ARG.pdb  -262.493554178725   1388.41341  747.306895272931          -1429.79981249361           -858.637508963418       668.50691
design2_rebuilt_mutated_A_80_LYS.pdb   -262.175084529527   1395.83776  749.563983146033          -1448.61710593897           -886.993292004072       688.60385
design2_rebuilt_mutated_A_77_CYS.pdb   -262.051462646945   1381.19166  740.489915656147          -1431.83806940204           -871.659697317777       688.60385
design2_rebuilt_mutated_A_100_LEU.pdb  -261.951484885131   1383.01246  748.544567816976          -1429.84057321305           -834.312412409959       721.33822
design2_rebuilt_mutated_A_136_ASP.pdb  -261.867888232427   1374.24129  741.859992612945          -1412.89427228546           -854.388727082651       687.37551
design2_rebuilt_mutated_A_164_LYS.pdb  -261.228024774344   1382.28716  742.729374882647          -1440.58892829617           -886.62528458384        688.60385
design2_rebuilt_mutated_A_136_ARG.pdb  -261.227929381345   1396.8733   750.13237502285           -1437.89595993234           -872.55574813593        691.9987
design1_rebuilt_mutated_A_58_TRP.pdb   -261.173173227215   1245.02599  670.245846660318          -1292.18944907367           -586.319205475845       835.29117
design2_rebuilt_mutated_A_163_LEU.pdb  -261.087858895602   1410.66462  756.164959503633          -1453.07048893926           -879.883506757866       688.60385
design1_rebuilt_mutated_A_228_ARG.pdb  -260.963446950081   1271.00509  682.352019716815          -1332.94297566062           -594.808613857759       853.33476
design2_rebuilt_mutated_A_102_HIS.pdb  -260.749571532591   1385.37738  747.161879961684          -1407.79811603943           -821.997270431397       674.87838
design2_rebuilt_mutated_A_62_GLN.pdb   -260.687534278654   1395.39508  751.59918537618           -1453.17810345066           -888.014805525886       688.60385
design2_rebuilt_mutated_A_136_ALA.pdb  -260.354391765738   1374.24129  741.499533161808          -1413.44037920552           -855.194967529051       687.37551
design2_rebuilt_mutated_A_127_CYS.pdb  -260.152084504527   1367.81572  737.282759627295          -1400.13094900817           -836.142915053974       668.13455
design2_rebuilt_mutated_A_164_ARG.pdb  -260.002550690163   1379.90296  741.733153343666          -1439.45291116755           -886.62528458384        688.60385
design2_rebuilt_mutated_A_48_VAL.pdb   -259.825904618452   1361.66079  731.733373343012          -1410.55729273205           -867.989148306569       690.1982
design2_rebuilt_mutated_A_78_SER.pdb   -259.638859762261   1376.8059   737.758156231562          -1423.17596268543           -862.688950311414       691.23295
design2_rebuilt_mutated_A_84_CYS.pdb   -259.074153717359   1375.07694  738.418864538565          -1419.67409736206           -863.482494547766       677.22325
design1_rebuilt_mutated_A_54_GLU.pdb   -259.057029907996   1239.77309  669.138255478782          -1291.0542475393            -579.448351340191       520.40496
design2_rebuilt_mutated_A_78_VAL.pdb   -258.233622696916   1374.15256  735.53565935889           -1420.09469607076           -863.284016400166       690.60085
design2_rebuilt_mutated_A_84_ILE.pdb   -257.977380350671   1378.40524  739.256439987855          -1422.31636791285           -861.920347027203       690.57065
design1_rebuilt_mutated_A_103_VAL.pdb  -257.658873641012   1241.84476  664.993349102699          -1328.75017476312           -603.296390985317       852.80538
design2_rebuilt_mutated_A_60_SER.pdb   -257.537389003797   1362.97737  732.552760073446          -1410.31192058653           -860.626729145587       691.65132
design2_rebuilt_mutated_A_35_GLU.pdb   -257.417987356148   1396.88368  748.294741067826          -1435.34252880195           -857.318895058707       741.05754
design2_rebuilt_mutated_A_100_VAL.pdb  -257.243908538902   1383.63535  744.333591734462          -1418.64111776955           -834.952494272151       671.08676
design2_rebuilt_mutated_A_104_CYS.pdb  -256.824236361325   1388.42302  745.647755008233          -1440.79110702149           -879.105695297676       690.52125
design1_rebuilt_mutated_A_52_ARG.pdb   -256.433395592816   1244.43471  676.00904721681           -1280.38643793815           -565.451157275632       513.02722
design2_rebuilt_mutated_A_76_GLY.pdb   -256.414514771652   1353.84589  726.437100761474          -1398.77060829786           -818.013339576413       753.41059
design2_rebuilt_mutated_A_89_TRP.pdb   -256.203265695755   1380.97466  743.054525684273          -1416.07797890887           -844.425298731735       688.60385
design2_rebuilt_mutated_A_125_HIS.pdb  -256.183571145451   1361.71576  731.591058516187          -1372.6684658863            -754.044411964          662.90017
design2_rebuilt_mutated_A_163_CYS.pdb  -255.865073166408   1381.48966  741.23495192782           -1433.82431710917           -879.601085973212       688.60385
design2_rebuilt_mutated_A_125_ASP.pdb  -255.648886040629   1377.5853   741.507675955971          -1411.86871125761           -836.801084709525       689.34871
design2_rebuilt_mutated_A_136_GLY.pdb  -255.487699619315   1374.24129  740.704124503847          -1410.21618566549           -851.794848948016       687.37551
design2_rebuilt_mutated_A_50_ALA.pdb   -254.991114295072   1356.54187  726.897426384699          -1397.92845458973           -800.186434712305       657.04375
design2_rebuilt_mutated_A_78_ILE.pdb   -254.842624875971   1359.53856  729.8106010315            -1414.15982716122           -866.91707410718        690.67575
design2_rebuilt_mutated_A_136_SER.pdb  -254.046789736115   1374.24129  740.683333009091          -1407.93680593225           -848.784950896919       687.37551
design2_rebuilt_mutated_A_50_GLY.pdb   -254.045865540204   1362.74541  730.12114732259           -1400.82405133875           -797.975062131111       661.25104
design2_rebuilt_mutated_A_80_LEU.pdb   -253.734630355551   1374.07752  738.234338248644          -1433.8441816518            -884.247966616089       688.73105
design2_rebuilt_mutated_A_62_GLU.pdb   -253.492761897324   1379.69352  739.422475921421          -1423.07389498109           -864.48745020961        686.91962
design1_rebuilt_mutated_A_104_LYS.pdb  -253.365507014977   1234.10245  661.217740537138          -1288.00367923837           -572.393819040142       846.58147
design2_rebuilt_mutated_A_64_ALA.pdb   -253.278202234199   1389.15355  744.724591746623          -1432.00500911785           -864.653326506913       686.91962
design2_rebuilt_mutated_A_163_GLN.pdb  -253.036524576593   1382.63506  741.349943110197          -1433.58078191646           -880.335533011284       688.60385
design2_rebuilt_mutated_A_163_ILE.pdb  -252.868402989615   1401.60415  749.844691880819          -1445.20123608232           -880.998994488279       688.60385
design2_rebuilt_mutated_A_86_GLN.pdb   -252.472358562903   1373.11144  740.680984170897          -1392.98679052118           -815.982941314279       684.03918
design2_rebuilt_mutated_A_62_LYS.pdb   -252.412140073212   1379.69352  739.200440824275          -1422.49337756442           -863.944623350148       686.91962
design2_rebuilt_mutated_A_78_LYS.pdb   -252.177652806992   1375.77206  735.768362909576          -1424.4817797576            -864.903394576018       689.96915
design1_rebuilt_mutated_A_104_MET.pdb  -251.827291527347   1235.7377   663.785522122071          -1285.90929331091           -569.007763080921       848.21672
design2_rebuilt_mutated_A_80_TYR.pdb   -251.731161147896   1419.56332  757.994460645666          -1458.47225226225           -885.797116168353       688.60385
design2_rebuilt_mutated_A_136_MET.pdb  -251.637563767761   1375.33214  740.535669792306          -1412.02408028224           -853.932566275435       687.37551
design2_rebuilt_mutated_A_62_ASP.pdb   -251.551011134112   1379.69352  739.03476847438           -1422.53157899348           -864.181983175133       686.91962
design1_rebuilt_mutated_A_52_HIS.pdb   -251.387012911491   1246.62341  675.69391759593           -1279.55483128011           -548.257913089193       859.10243
design2_rebuilt_mutated_A_64_SER.pdb   -251.125701417888   1390.82034  745.456914483983          -1434.98451614441           -867.146012090098       686.91962
design2_rebuilt_mutated_A_101_LYS.pdb  -251.101172052553   1380.97466  741.465691241843          -1407.53930696836           -823.960099019259       688.60385
design2_rebuilt_mutated_A_60_GLN.pdb   -251.000397522026   1380.9247   738.977730818801          -1421.5971813941            -865.661987704263       686.68012
design2_rebuilt_mutated_A_73_GLN.pdb   -250.828989411851   1357.10109  727.957859108024          -1392.54331916132           -816.01009623592        660.45552
design1_rebuilt_mutated_A_31_LYS.pdb   -250.738668277438   1286.87349  686.477419055631          -1394.75474573043           -619.71141702084        887.98581
design2_rebuilt_mutated_A_62_SER.pdb   -250.703924220879   1379.69352  738.886648549468          -1421.96202186567           -863.396997608735       686.91962
design1_rebuilt_mutated_A_101_ASN.pdb  -250.417365835487   1239.93735  661.911709692042          -1340.28978587706           -616.287190152376       831.981
design2_rebuilt_mutated_A_62_ASN.pdb   -250.290016823317   1379.69352  738.775001592129          -1421.82627649246           -863.536613730921       686.91962
design2_rebuilt_mutated_A_163_TRP.pdb  -250.079586774087   1391.15836  744.673780356694          -1441.44716047344           -884.351357726747       688.60385
design2_rebuilt_mutated_A_49_HIS.pdb   -249.938636528737   1380.97466  739.749799759376          -1413.27815775059           -838.371919240569       688.60385
design2_rebuilt_mutated_A_80_ARG.pdb   -249.673875120655   1400.91346  749.671104801633          -1448.54235743779           -887.040621040478       688.60385
design1_rebuilt_mutated_A_104_GLN.pdb  -249.605285713769   1233.03804  661.642106812415          -1282.70464249164           -559.275990741864       845.51706
design2_rebuilt_mutated_A_62_GLY.pdb   -248.497500271272   1379.69352  738.549481002995          -1421.70893972934           -863.483224865285       686.91962
design2_rebuilt_mutated_A_127_ASP.pdb  -248.175042846526   1383.30949  742.597780452771          -1412.83071206632           -845.321815698384       669.04485
design2_rebuilt_mutated_A_50_PRO.pdb   -248.039447792983   1359.5319   726.553096354353          -1396.19773537022           -811.917213470696       678.71911
design1_rebuilt_mutated_A_101_GLN.pdb  -248.021170963199   1251.53889  666.801950304323          -1342.46013279009           -592.141248131894       847.23817
design2_rebuilt_mutated_A_49_TYR.pdb   -247.864082163736   1380.97466  739.234578922712          -1412.35080813552           -836.04206791258        688.60385
design2_rebuilt_mutated_A_102_ALA.pdb  -247.700847057355   1378.05249  740.759529549955          -1407.62811879544           -825.873346415926       665.64549
design1_rebuilt_mutated_A_103_ILE.pdb  -247.674318205261   1241.94729  663.636332210269          -1320.88842093666           -595.880149707923       853.00621
design2_rebuilt_mutated_A_90_PRO.pdb   -247.445125319744   1366.1007   734.747117867484          -1409.91526402988           -836.912446370531       664.90606
design2_rebuilt_mutated_A_127_SER.pdb  -246.917220457769   1376.55384  738.919829009812          -1409.26194625044           -846.069497456498       667.82215
design2_rebuilt_mutated_A_90_PHE.pdb   -246.654904667577   1395.46105  750.279510414371          -1425.51760011922           -827.285321148891       676.68143
design2_rebuilt_mutated_A_80_PHE.pdb   -246.507190971604   1414.7155   754.56783934932           -1453.53018585216           -885.110239713976       688.60385
design2_rebuilt_mutated_A_35_LEU.pdb   -246.163139907573   1392.85764  744.761530448448          -1428.83826909197           -851.210570924895       738.90109
design1_rebuilt_mutated_A_54_ILE.pdb   -244.713280746773   1255.11641  675.320047566538          -1299.12998776395           -580.942490528894       527.21135
design2_rebuilt_mutated_A_125_CYS.pdb  -244.66529327236    1377.96931  739.807038647548          -1407.56409865371           -832.644262677895       689.73272
design1_rebuilt_mutated_A_103_LYS.pdb  -244.521100680626   1265.94428  675.895573101875          -1346.8086788399            -640.772524591938       848.06309
design2_rebuilt_mutated_A_52_PHE.pdb   -244.513423547094   1375.74739  734.614884967311          -1406.17975583542           -838.493326714029       683.49944
design2_rebuilt_mutated_A_64_ASP.pdb   -244.292827906454   1401.91953  749.3717271133            -1438.69142458724           -865.730634101482       686.91962
design2_rebuilt_mutated_A_35_CYS.pdb   -244.267614312759   1383.83691  738.773715151428          -1415.96340745367           -850.421556921332       690.41189
design2_rebuilt_mutated_A_134_LYS.pdb  -244.211918515562   1407.81838  751.381147251072          -1437.22326259178           -844.330359830649       713.70838
design2_rebuilt_mutated_A_78_THR.pdb   -243.128246814798   1358.81113  726.571183718049          -1407.79019858285           -860.652444993707       670.73515
design1_rebuilt_mutated_A_104_GLU.pdb  -243.01146032891    1232.19742  662.232385570807          -1272.55551000891           -552.277287327615       836.66799
design2_rebuilt_mutated_A_50_VAL.pdb   -242.239866612494   1348.42893  719.259971903048          -1380.32011495786           -766.996895342336       685.8836
design2_rebuilt_mutated_A_102_PRO.pdb  -242.097921646762   1382.91415  742.579667121145          -1402.36006249212           -810.498693433171       667.04141
design2_rebuilt_mutated_A_127_TRP.pdb  -242.039872449969   1397.85951  748.191009160781          -1426.56897208756           -859.303275696272       669.79015
design2_rebuilt_mutated_A_78_GLY.pdb   -242.012742285721   1376.25608  733.640126730919          -1412.03028295807           -851.789533700713       670.60785
design2_rebuilt_mutated_A_78_PRO.pdb   -241.840169428315   1358.35387  726.223009468557          -1406.14068950154           -857.116792353478       670.73215
design2_rebuilt_mutated_A_86_VAL.pdb   -241.543943774468   1372.17938  735.884392098674          -1394.6647847742            -822.100079221518       682.09756
design1_rebuilt_mutated_A_104_THR.pdb  -241.178581106956   1230.90736  661.588095013428          -1269.25020995075           -547.500455423802       835.37793
design2_rebuilt_mutated_A_104_LEU.pdb  -240.869510598137   1400.06584  746.453143875347          -1431.92174233123           -845.99534669225        710.13328
design2_rebuilt_mutated_A_127_ALA.pdb  -240.776861270708   1376.32418  738.115129657228          -1405.29233637934           -826.532672918489       673.76726
design2_rebuilt_mutated_A_163_ARG.pdb  -240.575614675741   1392.68989  744.948920439953          -1438.89738886696           -880.747332598671       688.60385
design2_rebuilt_mutated_A_49_PHE.pdb   -240.533833640493   1380.97466  737.505618621057          -1408.02816961606           -828.585633056325       688.60385
design2_rebuilt_mutated_A_71_GLN.pdb   -240.478757814749   1359.37531  728.375894120799          -1388.27490655123           -792.783863120239       656.09554
design2_rebuilt_mutated_A_35_LYS.pdb   -240.386098130865   1420.9293   757.3985786004            -1448.23986121551           -848.3186320195         718.9107
design1_rebuilt_mutated_A_104_ASP.pdb  -239.187265385472   1233.65231  663.351951846508          -1269.45783361755           -548.992362847308       838.12288
design2_rebuilt_mutated_A_84_MET.pdb   -238.745563682856   1386.93283  742.240959816542          -1423.29249678254           -856.811404945736       688.69045
design2_rebuilt_mutated_A_86_ASP.pdb   -238.678093174886   1378.91616  740.362427283275          -1395.98594531302           -809.595904837409       683.69477
design2_rebuilt_mutated_A_78_ALA.pdb   -238.07335404085    1376.28044  733.053159102251          -1410.38604438341           -850.138132569419       670.60785
design1_rebuilt_mutated_A_228_HIS.pdb  -237.781394858065   1237.78832  662.482484135261          -1273.67682753444           -583.106580989484       839.2757
design1_rebuilt_mutated_A_228_ASN.pdb  -237.017834278195   1276.43019  681.334406219506          -1315.69694750324           -600.584559865296       920.41942
design2_rebuilt_mutated_A_125_ASN.pdb  -236.934468536519   1378.92324  740.276823574245          -1398.56783857984           -800.862960354984       673.44055
design2_rebuilt_mutated_A_127_HIS.pdb  -236.723189637422   1382.3764   740.002851300362          -1404.27035869785           -837.80809385271        668.61415
design2_rebuilt_mutated_A_102_ASP.pdb  -236.681130048283   1381.60829  741.925340647336          -1399.9201678257            -817.715803805052       669.18173
design2_rebuilt_mutated_A_134_LEU.pdb  -236.068701734186   1374.24381  737.923560872346          -1390.99678905012           -820.368815455059       685.27032
design2_rebuilt_mutated_A_136_GLU.pdb  -235.83746086897    1383.3453   741.223064393986          -1417.07696668941           -861.649049090748       687.34421
design2_rebuilt_mutated_A_136_LYS.pdb  -235.770639166082   1396.73138  745.719555412135          -1427.59917445185           -863.866620517127       688.8625
design2_rebuilt_mutated_A_75_TRP.pdb   -235.741140118656   1387.18366  738.93168361672           -1418.33298783138           -831.063957863615       709.60569
design2_rebuilt_mutated_A_72_ARG.pdb   -235.709526474114   1388.79599  745.225457017197          -1394.03197766701           -743.988602902192       725.84526
design1_rebuilt_mutated_A_30_TRP.pdb   -235.573535428555   1281.59366  682.49287541506           -1394.80849079495           -649.183699982992       844.46068
design2_rebuilt_mutated_A_71_MET.pdb   -234.639493489772   1380.45577  736.072273169514          -1419.42099792221           -845.359759562762       690.02235
design2_rebuilt_mutated_A_84_LYS.pdb   -233.944697438358   1401.18181  747.673862709813          -1432.05294485172           -858.542228097827       689.98246
design2_rebuilt_mutated_A_71_PRO.pdb   -233.921886320225   1352.62131  719.592938779433          -1383.4327645121            -741.254926978623       627.14514
design2_rebuilt_mutated_A_163_GLY.pdb  -233.910426698169   1369.44484  733.92952401298           -1396.90189447818           -845.572446167067       687.37551
design2_rebuilt_mutated_A_49_ARG.pdb   -233.838192931293   1380.97466  734.279052217027          -1409.34879515011           -819.858038118713       688.60385
design2_rebuilt_mutated_A_134_ASN.pdb  -233.624264417319   1346.5383   722.347720184533          -1369.57010510462           -789.463118808443       778.49477
design2_rebuilt_mutated_A_77_ARG.pdb   -233.541353205146   1403.69835  748.257664871612          -1444.42152364488           -851.869779414702       713.85605
design2_rebuilt_mutated_A_134_THR.pdb  -233.236523846113   1346.79     721.646874417067          -1374.55215803699           -810.72776881272        680.77978
design2_rebuilt_mutated_A_134_ILE.pdb  -232.83918733768    1363.02075  730.891112878537          -1383.13988625219           -811.389740456851       682.72992
design2_rebuilt_mutated_A_88_LEU.pdb   -232.406396257044   1390.73678  745.497484613543          -1396.71396996843           -813.763822783366       698.36597
design1_rebuilt_mutated_A_31_ARG.pdb   -231.761267952744   1293.63468  684.948799239514          -1385.95739420074           -602.747003268686       886.66745
design2_rebuilt_mutated_A_88_ASP.pdb   -231.552928266052   1379.90617  739.792738406136          -1388.90785385332           -803.051221989648       683.3188
design1_rebuilt_mutated_A_2_LEU.pdb    -231.234802051123   1258.20091  671.502436799548          -1371.93385447332           -585.225240748571       852.19313
design2_rebuilt_mutated_A_64_ASN.pdb   -231.167795551436   1404.04064  748.662439972014          -1437.90118016948           -865.109314391845       686.91962
design1_rebuilt_mutated_A_104_VAL.pdb  -231.062271174044   1231.48361  660.593423333729          -1264.47563862149           -540.555433758941       835.95418
design2_rebuilt_mutated_A_73_VAL.pdb   -230.98946708184    1376.68987  733.426895639461          -1403.96015298204           -852.844921173234       676.19305
design1_rebuilt_mutated_A_56_GLY.pdb   -230.453851269863   1211.01071  648.546010119573          -1247.89227320498           -567.605916729978       474.74037
design2_rebuilt_mutated_A_74_HIS.pdb   -230.168907444794   1372.00394  736.720875644626          -1378.23998466202           -794.392290266132       684.0244
design2_rebuilt_mutated_A_77_TRP.pdb   -227.733563103671   1456.64138  768.227157114367          -1467.9599399893            -863.122711073526       718.59755
design2_rebuilt_mutated_A_134_HIS.pdb  -227.483079210041   1363.24367  730.46047493225           -1381.30332497382           -820.171067486996       673.53248
design2_rebuilt_mutated_A_125_PRO.pdb  -227.424267679355   1381.20277  740.011685202938          -1387.87873014665           -810.229208125145       687.11869
design2_rebuilt_mutated_A_127_VAL.pdb  -227.156841200554   1367.57229  733.707005036636          -1371.8711429421            -792.600612990671       709.59174
design2_rebuilt_mutated_A_88_HIS.pdb   -226.866722251293   1398.75596  745.037971451553          -1400.34819544546           -809.826675971162       696.93954
design2_rebuilt_mutated_A_102_SER.pdb  -226.030446167689   1377.55229  737.91712158732           -1389.21001757831           -806.42393329091        665.12573
design1_rebuilt_mutated_A_58_TYR.pdb   -225.781788028926   1247.83551  663.878470111099          -1267.69410847467           -555.202923240714       850.00769
design2_rebuilt_mutated_A_125_SER.pdb  -225.036257711442   1378.29942  737.191268927273          -1390.80121068494           -813.942255211019       689.82246
design2_rebuilt_mutated_A_84_ARG.pdb   -224.98280170705    1412.39305  753.457500432495          -1445.77817369479           -873.746711886253       689.27105
design2_rebuilt_mutated_A_102_ASN.pdb  -224.841563866667   1383.72837  741.475275460005          -1392.42337364194           -808.379518740576       671.30181
design2_rebuilt_mutated_A_70_ASP.pdb   -224.310306562229   1317.32626  700.950019124805          -1335.37201497486           -749.661244431781       600.36078
design2_rebuilt_mutated_A_35_GLY.pdb   -224.29208565927    1370.42391  728.3748268759            -1399.9625214243            -847.257768739135       698.71653
design2_rebuilt_mutated_A_86_CYS.pdb   -223.757357342455   1375.58377  735.652314479331          -1384.18677815131           -796.93464619691        680.5411
design2_rebuilt_mutated_A_73_ASP.pdb   -223.69161996972    1375.32593  731.910698727656          -1399.62950851924           -865.642096948905       674.77792
design2_rebuilt_mutated_A_35_ARG.pdb   -223.427935599535   1433.88623  760.226361975731          -1451.22381663323           -866.622022407019       715.75279
design2_rebuilt_mutated_A_64_HIS.pdb   -223.123822150882   1403.56331  744.575716926654          -1432.09316970906           -867.384172351676       686.91962
design2_rebuilt_mutated_A_70_ASN.pdb   -222.1960509891     1317.41101  700.827357470469          -1333.59709266328           -746.669454303815       600.36078
design2_rebuilt_mutated_A_73_TYR.pdb   -221.883424377773   1375.74123  730.771063330321          -1397.49850117227           -864.114860683988       674.77792
design2_rebuilt_mutated_A_129_TRP.pdb  -221.091959908289   1393.63499  738.739189467839          -1400.61982459581           -750.998769198912       629.861
design2_rebuilt_mutated_A_134_MET.pdb  -221.04223703397    1391.94146  740.589533288782          -1410.91849987339           -845.635496796478       694.59152
design2_rebuilt_mutated_A_64_CYS.pdb   -220.816544840503   1396.58791  743.336779602116          -1428.70548131367           -859.532475474409       686.91962
design2_rebuilt_mutated_A_73_ASN.pdb   -219.973336092275   1375.32593  731.093754101643          -1396.8619153449            -863.671409854654       674.77792
design2_rebuilt_mutated_A_134_GLY.pdb  -219.78015708296    1343.95582  718.051648108814          -1361.02104216374           -734.681188765416       655.71102
design1_rebuilt_mutated_A_227_LYS.pdb  -219.435519366161   1244.45547  669.861174044406          -1333.78068472613           -615.841727526581       847.95817
design2_rebuilt_mutated_A_100_SER.pdb  -218.629798221121   1363.1323   727.873200942196          -1381.53446697624           -799.901584501742       678.21178
design2_rebuilt_mutated_A_102_CYS.pdb  -218.199846506679   1376.78293  734.468919892484          -1386.75755550957           -819.960568832644       684.63398
design2_rebuilt_mutated_A_73_THR.pdb   -218.15214945988    1375.41833  730.566875904768          -1396.26582138666           -866.796787075535       674.77792
design2_rebuilt_mutated_A_73_SER.pdb   -217.280797421096   1375.32593  730.819787022499          -1396.02871263443           -866.480993090484       674.77792
design2_rebuilt_mutated_A_64_GLN.pdb   -216.954903581808   1421.35342  752.657427967778          -1443.90184383583           -868.312363334974       686.91962
design2_rebuilt_mutated_A_73_ILE.pdb   -216.785562899557   1356.27887  720.758895467724          -1372.37286165004           -790.086052807632       660.69372
design1_rebuilt_mutated_A_2_MET.pdb    -216.057815882502   1254.87122  667.158231205441          -1367.08804457302           -580.909176585744       465.79894
design2_rebuilt_mutated_A_88_TYR.pdb   -215.942312733399   1354.51201  716.248383255279          -1434.84345514129           -874.549643811589       615.14789
design1_rebuilt_mutated_A_104_ASN.pdb  -215.893473901734   1234.33427  660.613899193536          -1249.44654442074           -524.997750847756       838.80484
design2_rebuilt_mutated_A_127_THR.pdb  -215.26146771365    1368.64493  733.159221608165          -1361.24269051715           -780.541023688936       710.66438
design2_rebuilt_mutated_A_73_ALA.pdb   -213.698784496352   1375.33563  729.979582964551          -1393.80247584394           -867.801548791854       674.77792
design2_rebuilt_mutated_A_50_ARG.pdb   -213.380246662478   1410.13508  745.182655726451          -1433.21718480096           -822.603896461206       680.3193
design2_rebuilt_mutated_A_134_ALA.pdb  -213.007125705512   1344.88143  718.168789432432          -1357.03592234063           -776.977254734378       779.79958
design1_rebuilt_mutated_A_101_TRP.pdb  -212.75594931714    1252.31195  665.930832930959          -1318.47946227809           -580.990028307443       804.89559
design2_rebuilt_mutated_A_73_HIS.pdb   -212.658471193235   1375.74123  729.192724811564          -1393.3861271726            -856.053405685554       674.77792
design2_rebuilt_mutated_A_163_LYS.pdb  -212.604835020824   1405.47463  746.940011308706          -1437.7300402296            -873.227977693424       688.60385
design1_rebuilt_mutated_A_101_SER.pdb  -212.21520821848    1223.97443  646.082677149994          -1314.13791457195           -598.471848847932       772.59505
design2_rebuilt_mutated_A_60_LYS.pdb   -211.876635308836   1378.51015  729.930984484882          -1407.13818061664           -844.533939131152       685.67865
design2_rebuilt_mutated_A_125_ALA.pdb  -211.817430518684   1379.1592   736.089862260027          -1380.99272594056           -802.923620627259       690.70844
design2_rebuilt_mutated_A_70_PRO.pdb   -211.310160660467   1315.43112  698.377153522525          -1336.17870392898           -755.149123837223       600.36078
design2_rebuilt_mutated_A_134_SER.pdb  -211.142136063646   1346.4441   718.887927697024          -1356.84257958984           -773.57146019928        779.9188
design1_rebuilt_mutated_A_101_LEU.pdb  -211.079425610662   1229.58439  650.968307514897          -1309.3122572116            -590.625071240405       793.24925
design1_rebuilt_mutated_A_52_GLU.pdb   -210.150081777353   1244.89329  669.80078986346           -1244.79271280618           -512.398102521816       857.37231
design2_rebuilt_mutated_A_134_VAL.pdb  -210.046818630512   1347.78811  718.641469706362          -1359.44371144467           -793.101259843657       680.89731
design1_rebuilt_mutated_A_104_PRO.pdb  -208.800512426446   1224.60775  654.216808467287          -1238.05995851842           -518.175254534365       829.07832
design2_rebuilt_mutated_A_125_TRP.pdb  -208.488553913709   1380.43542  735.784384644713          -1366.39475490719           -785.207273203358       699.88453
design2_rebuilt_mutated_A_73_PHE.pdb   -208.219256728668   1375.74123  727.862824230569          -1390.36807291212           -858.331632013526       674.77792
design1_rebuilt_mutated_A_101_ALA.pdb  -208.010543906361   1225.19964  646.331917208293          -1312.16156389947           -595.148768109014       773.16929
design2_rebuilt_mutated_A_134_CYS.pdb  -207.990787826972   1348.10058  718.799091246979          -1355.71804965798           -774.180436960237       779.73967
design2_rebuilt_mutated_A_73_TRP.pdb   -207.865761388306   1375.74123  727.718094404442          -1388.60737591959           -850.818005523926       674.77792
design2_rebuilt_mutated_A_100_GLU.pdb  -207.124113100118   1358.33455  719.788529568269          -1394.07601294321           -781.650400902674       630.09681
design2_rebuilt_mutated_A_90_HIS.pdb   -207.103043964016   1395.22668  745.775190158325          -1416.61300787464           -819.188272784608       676.58926
design1_rebuilt_mutated_A_54_LYS.pdb   -206.867038025589   1282.03908  671.853618055438          -1335.29800092553           -603.318814879471       525.00333
design2_rebuilt_mutated_A_125_GLU.pdb  -206.633217506751   1373.26485  732.164458705096          -1372.01457068104           -783.815121522593       670.95101
design2_rebuilt_mutated_A_127_TYR.pdb  -205.785773243803   1349.10118  720.741683737409          -1346.32804445702           -778.547728064426       801.19925
design1_rebuilt_mutated_A_104_LEU.pdb  -205.777058646283   1230.99757  656.811301483106          -1243.20739680735           -521.196811496416       835.46814
design2_rebuilt_mutated_A_86_SER.pdb   -205.638438504217   1373.16599  730.639571388966          -1371.99875232025           -781.446357428141       673.54557
design2_rebuilt_mutated_A_100_PRO.pdb  -204.702324764193   1364.28375  726.178856847135          -1365.0648818449            -775.553712127259       682.2081
design1_rebuilt_mutated_A_102_THR.pdb  -204.010570435853   1221.40945  644.857912927467          -1291.89566356224           -572.343609098792       776.04507
design2_rebuilt_mutated_A_125_GLN.pdb  -203.713375792645   1373.33249  731.682588030753          -1370.54701282609           -781.668139992849       671.02035
design2_rebuilt_mutated_A_163_MET.pdb  -202.190622253255   1405.81274  743.71920836563           -1433.82973582603           -875.626623367914       688.60385
design1_rebuilt_mutated_A_102_ILE.pdb  -202.143299027467   1230.17849  646.334741543221          -1307.53801385896           -570.690571415204       784.81411
design2_rebuilt_mutated_A_86_PRO.pdb   -202.007717742658   1366.86582  728.088852311608          -1363.50569187656           -793.231032394508       665.82669
design2_rebuilt_mutated_A_70_GLY.pdb   -201.583480485384   1314.7788   696.83972645956           -1329.8935421794            -750.28566212395        600.36078
design2_rebuilt_mutated_A_100_ALA.pdb  -200.932064198653   1366.54855  726.275761094842          -1372.08821728303           -777.729332315339       686.43805
design1_rebuilt_mutated_A_102_VAL.pdb  -200.240919106594   1220.76439  643.464889786727          -1290.84777472826           -569.419954101892       775.40001
design1_rebuilt_mutated_A_228_ASP.pdb  -198.194022591657   1274.93652  673.640752571571          -1286.42792432815           -567.731913113129       837.51871
design2_rebuilt_mutated_A_134_ASP.pdb  -198.080574791074   1346.49917  717.077775233259          -1342.83955723591           -758.293820738295       778.76581
design2_rebuilt_mutated_A_86_ALA.pdb   -196.678347067508   1371.72114  729.508873669474          -1363.64131726512           -777.83434927788        668.52876
design2_rebuilt_mutated_A_125_MET.pdb  -196.603884600074   1376.42072  732.424284973947          -1369.76819875639           -779.196390839703       672.45042
design2_rebuilt_mutated_A_73_GLY.pdb   -195.621751142922   1374.99303  725.93500590708           -1381.69774510662           -852.144720843818       674.77792
design1_rebuilt_mutated_A_104_ILE.pdb  -194.646491949408   1230.90542  654.016158402921          -1236.71648226869           -504.821230256076       835.37599
design2_rebuilt_mutated_A_127_GLY.pdb  -194.495326816725   1376.71339  730.802157680069          -1373.61267897752           -792.298943342336       673.07221
design2_rebuilt_mutated_A_70_ALA.pdb   -193.526856610833   1315.73546  696.357077703994          -1334.35895158793           -755.440728327094       600.36078
design2_rebuilt_mutated_A_100_GLY.pdb  -193.434821393986   1357.82845  722.252582816488          -1349.56404851394           -762.323793339518       663.42539
design2_rebuilt_mutated_A_127_ILE.pdb  -193.080101414696   1372.9356   730.56918517539           -1349.96805801267           -763.225873954224       672.07026
design2_rebuilt_mutated_A_73_CYS.pdb   -192.877121726072   1375.32593  725.290888285872          -1380.590676164             -854.274258950742       674.77792
design1_rebuilt_mutated_A_101_VAL.pdb  -192.871552995984   1229.71039  645.724917131265          -1308.05655690309           -581.858538387849       777.8543
design2_rebuilt_mutated_A_64_GLU.pdb   -192.738000650573   1419.94583  747.551544987484          -1435.03569163192           -866.078491935375       688.24479
design2_rebuilt_mutated_A_100_CYS.pdb  -192.575864137857   1387.24905  737.248252963676          -1368.65870636598           -773.164507823346       675.09736
design2_rebuilt_mutated_A_64_TYR.pdb   -192.016863970689   1418.39298  748.807631850319          -1436.27616914027           -861.299492386102       686.91962
design2_rebuilt_mutated_A_88_GLU.pdb   -191.680928936483   1386.68934  740.36127314445           -1354.58547967006           -747.252579038296       698.4521
design1_rebuilt_mutated_A_101_ASP.pdb  -190.811610476166   1235.74135  647.931212353886          -1310.28695423039           -584.041319216071       783.47801
design2_rebuilt_mutated_A_70_LEU.pdb   -190.55925377418    1319.37057  697.154841417687          -1334.41540858525           -752.557130223413       600.36078
design2_rebuilt_mutated_A_73_LEU.pdb   -189.257570130264   1375.32593  723.321661658752          -1380.99367687846           -849.797657359854       674.77792
design1_rebuilt_mutated_A_102_LEU.pdb  -188.900415214312   1224.93574  645.483746890302          -1283.93537290845           -555.715386720204       779.57136
design2_rebuilt_mutated_A_125_TYR.pdb  -188.894761475821   1375.31839  732.368516519003          -1355.65986997194           -737.389396272472       795.64519
design1_rebuilt_mutated_A_104_SER.pdb  -187.903033402323   1228.57275  651.245231111242          -1228.36738577934           -501.428029156299       825.45316
design1_rebuilt_mutated_A_228_GLN.pdb  -186.873292437832   1277.61292  673.293856691275          -1284.53762855971           -598.191824713336       883.92186
design2_rebuilt_mutated_A_70_THR.pdb   -186.362271295961   1316.17281  694.488407121072          -1323.98119436436           -747.903069059976       600.36078
design2_rebuilt_mutated_A_134_TYR.pdb  -186.169300050446   1369.57129  727.484723225037          -1339.66064393608           -754.838638562765       713.88219
design2_rebuilt_mutated_A_90_ALA.pdb   -184.793572787697   1350.48407  710.786275478898          -1381.87744136514           -816.635310444864       655.87254
design2_rebuilt_mutated_A_70_SER.pdb   -184.671202778069   1315.71819  694.222581981412          -1328.90102744559           -753.600437179557       600.36078
design2_rebuilt_mutated_A_88_GLN.pdb   -184.423584790237   1387.1992   737.817705052243          -1347.05327757689           -740.63203111116        677.27899
design2_rebuilt_mutated_A_134_PRO.pdb  -184.231620445307   1367.73522  723.959528425697          -1353.33870195902           -760.871101886249       779.91675
design2_rebuilt_mutated_A_62_MET.pdb   -183.989856259952   1400.01652  737.690151437421          -1419.57114603499           -862.701747802305       686.91962
design2_rebuilt_mutated_A_64_PHE.pdb   -183.465046129957   1418.6057   747.846040977306          -1434.87736815748           -860.43635405142        686.91962
design1_rebuilt_mutated_A_102_ASN.pdb  -183.433845090826   1214.72889  640.496540915208          -1267.73884290714           -550.762708495156       769.36451
design1_rebuilt_mutated_A_104_CYS.pdb  -183.36486229418    1231.98306  651.601055021228          -1229.8436027345            -493.271124011797       836.45363
design2_rebuilt_mutated_A_70_ILE.pdb   -182.728395394622   1315.55383  697.39707032557           -1340.25535396515           -748.749267996747       609.58262
design1_rebuilt_mutated_A_101_LYS.pdb  -181.958007575255   1228.58472  641.106456651644          -1303.28015491987           -581.687190944567       777.04762
design1_rebuilt_mutated_A_228_LYS.pdb  -181.509519180177   1274.87034  668.770512062041          -1284.18856311657           -591.82148985432        886.26804
design2_rebuilt_mutated_A_33_ARG.pdb   -181.417346122525   1370.11351  719.08352939447           -1384.825559422             -814.526045738157       614.59913
design1_rebuilt_mutated_A_101_ARG.pdb  -181.360760707345   1229.15056  644.967391043475          -1284.8034820819            -512.242348104738       483.01545
design1_rebuilt_mutated_A_101_MET.pdb  -181.205968293748   1230.61782  645.502925913047          -1315.22442691678           -577.262094843534       814.92727
design2_rebuilt_mutated_A_64_MET.pdb   -179.869972555819   1424.66457  748.295766769566          -1436.29517777404           -860.167842982925       687.9261
design2_rebuilt_mutated_A_71_HIS.pdb   -178.750021527628   1379.34567  723.322445362367          -1399.07852400572           -853.912010212289       664.07085
design2_rebuilt_mutated_A_70_GLU.pdb   -177.833872799305   1323.86337  696.711700474667          -1350.23019344536           -766.182226794555       600.36078
design2_rebuilt_mutated_A_125_ARG.pdb  -177.713879552187   1396.80562  735.284445780142          -1347.66092412549           -764.040700987514       699.45751
design1_rebuilt_mutated_A_104_ALA.pdb  -176.948516263214   1226.25645  648.670106381011          -1220.38184332405           -496.412511509967       826.06903
design1_rebuilt_mutated_A_101_CYS.pdb  -176.943043760521   1232.85534  643.333445706084          -1297.82005810377           -560.273154775611       782.36461
design1_rebuilt_mutated_A_52_ILE.pdb   -175.854356285478   1247.62529  666.486593814795          -1216.06832928135           -477.034750772372       858.85861
design2_rebuilt_mutated_A_127_PRO.pdb  -175.63715897935    1366.17732  725.723839092988          -1331.47804666008           -747.330312379383       708.19677
design1_rebuilt_mutated_A_52_LYS.pdb   -174.944670661293   1243.62697  661.483881197823          -1219.6923636474            -513.836944475225       513.00868
design2_rebuilt_mutated_A_74_ARG.pdb   -174.785708493924   1376.90837  729.359980751869          -1345.53396054527           -752.856095388855       668.24716
design2_rebuilt_mutated_A_125_LYS.pdb  -174.516704112709   1394.89641  735.095500145296          -1350.0856618994            -757.997019160008       705.15142
design2_rebuilt_mutated_A_90_LYS.pdb   -174.372829061738   1358.63339  714.93493327707           -1382.53890028387           -803.844036782509       649.66569
design2_rebuilt_mutated_A_73_MET.pdb   -174.369827036308   1374.64075  720.255863624276          -1370.28724144254           -838.664097918947       674.47452
design2_rebuilt_mutated_A_84_PRO.pdb   -174.352741205026   1356.22655  712.379172806074          -1377.06501762779           -834.209281331087       674.96195
design1_rebuilt_mutated_A_102_ASP.pdb  -174.076204385262   1213.58388  639.44361250083           -1257.77457619696           -540.839803497747       768.2195
design1_rebuilt_mutated_A_101_GLY.pdb  -173.285356338785   1216.76043  635.500403215292          -1283.40891085805           -583.717195825696       762.82014
design2_rebuilt_mutated_A_33_TRP.pdb   -172.605222618674   1378.04498  721.634023875985          -1384.82332936088           -799.070180000862       614.39261
design2_rebuilt_mutated_A_64_PRO.pdb   -169.406770662642   1365.33009  714.10276534387           -1364.82373632257           -748.82876784243        608.60054
design2_rebuilt_mutated_A_50_TYR.pdb   -167.698482716732   1411.41422  737.91070703808           -1441.3703035412            -850.842087057669       689.28774
design2_rebuilt_mutated_A_90_ASN.pdb   -166.076581506626   1354.88421  710.080687718096          -1381.02054010006           -814.013224055215       655.91853
design2_rebuilt_mutated_A_33_PRO.pdb   -164.699248987364   1382.9155   722.999541878078          -1381.89720018241           -823.731377109302       694.70086
design2_rebuilt_mutated_A_33_LEU.pdb   -164.467301210531   1387.54837  723.709682242988          -1391.85856569995           -862.371350880894       655.43235
design2_rebuilt_mutated_A_71_ASN.pdb   -162.651196330422   1379.16606  718.916111000258          -1392.05789894396           -848.486007508333       658.96415
design1_rebuilt_mutated_A_101_PRO.pdb  -162.089481531751   1242.48387  646.745313664968          -1309.48608263806           -567.153622972227       818.20397
design2_rebuilt_mutated_A_88_ARG.pdb   -162.072303298528   1376.93256  720.876662460694          -1381.37224092147           -809.925996137981       670.50095
design2_rebuilt_mutated_A_100_TYR.pdb  -160.623467381572   1384.32099  718.451282304469          -1413.66700657458           -822.863731921839       650.73239
design1_rebuilt_mutated_A_104_GLY.pdb  -159.569943363207   1224.03422  644.869066131888          -1203.73830234716           -467.552593345074       812.66829
design2_rebuilt_mutated_A_127_PHE.pdb  -159.558859309399   1348.95503  713.06806326298           -1314.40147373232           -740.160566370881       799.98906
design2_rebuilt_mutated_A_70_VAL.pdb   -159.300046690758   1316.47606  690.462885697097          -1314.18155123765           -742.285253511614       600.36078
design2_rebuilt_mutated_A_73_GLU.pdb   -158.564445861588   1375.32593  719.454838155112          -1363.08729282602           -825.92847693825        674.77792
design2_rebuilt_mutated_A_78_TYR.pdb   -158.214675446335   1372.88336  718.321427281388          -1388.91482845966           -841.907416384775       670.73515
design2_rebuilt_mutated_A_102_GLY.pdb  -155.454152522917   1377.16604  726.288275014223          -1337.55587946723           -733.088498908213       654.68721
design2_rebuilt_mutated_A_70_GLN.pdb   -153.020861610172   1324.97803  691.774800984151          -1330.0364457909            -757.263492646237       600.36078
design2_rebuilt_mutated_A_64_LEU.pdb   -152.736083589983   1391.78565  724.136238412489          -1380.24625397088           -754.184993988778       608.60054
design2_rebuilt_mutated_A_88_CYS.pdb   -152.25442121384    1349.51574  706.889571060377          -1318.82277900847           -713.754233002324       615.85264
design1_rebuilt_mutated_A_228_MET.pdb  -150.927828682231   1274.88056  665.283112650301          -1261.22779082288           -568.516679681639       883.64929
design2_rebuilt_mutated_A_86_GLY.pdb   -149.378952833182   1367.3197   718.729853695565          -1330.49686478065           -739.186343599593       652.47979
design1_rebuilt_mutated_A_102_CYS.pdb  -149.162548526688   1212.61745  634.630509178992          -1238.81283858868           -517.562096373355       767.25307
design2_rebuilt_mutated_A_50_CYS.pdb   -148.800363467818   1355.74556  703.012787617123          -1347.32409230228           -750.107811295916       673.54747
design2_rebuilt_mutated_A_49_LYS.pdb   -148.624930414242   1380.97466  716.284623026023          -1377.02660764658           -743.755223874199       688.60385
design2_rebuilt_mutated_A_64_THR.pdb   -148.436575205935   1370.15914  716.246522872133          -1369.31970186434           -753.504828403569       608.60054
design1_rebuilt_mutated_A_52_GLN.pdb   -147.691429481235   1242.96749  657.653167499932          -1196.17991062856           -454.81260322062        854.20081
design1_rebuilt_mutated_A_52_THR.pdb   -146.903818551232   1241.56952  657.748270212337          -1190.28285486656           -458.386360385081       819.05989
design2_rebuilt_mutated_A_70_CYS.pdb   -146.598639959109   1316.25379  688.325230111111          -1309.60658906228           -739.755191031164       600.36078
design2_rebuilt_mutated_A_89_LEU.pdb   -146.429588027834   1358.28368  705.248842427037          -1369.47734269665           -807.779126917172       618.59378
design1_rebuilt_mutated_A_52_ASP.pdb   -146.098514470509   1242.1532   657.394374681979          -1191.90792246971           -453.285852344468       849.06221
design2_rebuilt_mutated_A_60_ILE.pdb   -145.973527103238   1354.9403   703.672128056305          -1360.50638302621           -801.345027207369       618.22918
design2_rebuilt_mutated_A_134_PHE.pdb  -145.126751109283   1365.59363  718.640258214042          -1314.67648623134           -731.855661387746       659.45633
design2_rebuilt_mutated_A_100_ARG.pdb  -144.827442634615   1390.08056  720.005361467487          -1381.68990855207           -789.216164269677       667.86441
design2_rebuilt_mutated_A_70_LYS.pdb   -143.887633878759   1328.47596  695.27032397159           -1348.00314932081           -769.159562449045       600.36078
design1_rebuilt_mutated_A_102_ALA.pdb  -143.685175654327   1213.51351  633.759740482956          -1235.54256475655           -512.578028041155       768.14913
design2_rebuilt_mutated_A_90_GLY.pdb   -143.644628552394   1338.96069  697.244801828001          -1316.60124721838           -704.730079445255       586.22387
design2_rebuilt_mutated_A_73_LYS.pdb   -143.187428908243   1374.47357  713.039754002043          -1350.94562027029           -808.224250398723       674.47912
design1_rebuilt_mutated_A_102_SER.pdb  -141.334724195511   1212.80788  634.341620991163          -1230.84295667196           -509.204557572677       767.4435
design2_rebuilt_mutated_A_33_LYS.pdb   -139.161899096635   1377.96908  713.462616515852          -1362.64529881542           -793.009144539429       613.6691
design1_rebuilt_mutated_A_52_ASN.pdb   -138.797279423269   1242.20829  656.395587295367          -1185.69518095607           -446.348832162427       849.1173
design2_rebuilt_mutated_A_33_ASP.pdb   -138.768725043347   1370.22879  709.360484965962          -1361.95935646615           -807.125914526019       617.18689
design2_rebuilt_mutated_A_90_TRP.pdb   -138.09299829758    1348.72362  701.653126622987          -1364.90963864323           -785.667517032274       636.83841
design2_rebuilt_mutated_A_88_ALA.pdb   -137.921279254587   1379.15712  725.462724528581          -1317.22010682461           -715.487373754236       691.26788
design2_rebuilt_mutated_A_33_THR.pdb   -137.882729680096   1355.87769  702.126523207881          -1355.78910787937           -797.40818241697        602.18028
design2_rebuilt_mutated_A_33_GLU.pdb   -137.797929768595   1366.87142  707.662805698825          -1360.81339489631           -808.555217695874       613.21109
design2_rebuilt_mutated_A_60_ARG.pdb   -137.107011569393   1388.30006  718.941653336225          -1381.32548831717           -801.007763011188       617.93468
design2_rebuilt_mutated_A_52_ARG.pdb   -137.040507071469   1386.98274  719.550825592323          -1381.87417331549           -814.328215596916       652.69036
design2_rebuilt_mutated_A_71_CYS.pdb   -136.791787692827   1379.10266  714.653707893192          -1380.95968462668           -848.567841217841       658.61045
design1_rebuilt_mutated_A_228_LEU.pdb  -136.615533393111   1241.24356  644.041247870648          -1218.65124478577           -513.338083011183       840.14514
design2_rebuilt_mutated_A_71_ALA.pdb   -136.52921223242    1358.28368  703.199165923541          -1359.63950370028           -796.176119556982       618.59378
design2_rebuilt_mutated_A_50_MET.pdb   -136.109540197614   1379.34764  717.468633134716          -1391.44201320032           -847.465192149435       659.06962
design1_rebuilt_mutated_A_102_GLN.pdb  -135.365039357191   1226.78283  635.452832302132          -1252.11240605413           -513.05566993173        778.64328
design1_rebuilt_mutated_A_228_ILE.pdb  -134.385176972851   1283.73652  665.059624793093          -1265.08418710159           -569.806738321961       903.93549
design2_rebuilt_mutated_A_90_THR.pdb   -133.730797300191   1354.45676  701.537025802556          -1361.57401792848           -781.960691826795       598.57841
design1_rebuilt_mutated_A_27_TRP.pdb   -133.454443287789   1257.33196  658.313256618127          -1355.39942661333           -504.858118039836       476.17141
design2_rebuilt_mutated_A_89_GLN.pdb   -132.772460328222   1358.28368  702.864731971193          -1355.38296364551           -793.090106831818       618.59378
design2_rebuilt_mutated_A_31_TRP.pdb   -131.281604667181   1360.77353  703.519458566255          -1357.52427725305           -791.606531455025       617.76458
design2_rebuilt_mutated_A_60_LEU.pdb   -128.492793897579   1359.38354  702.085740515755          -1355.88739690053           -789.888858297192       618.97658
design2_rebuilt_mutated_A_125_GLY.pdb  -127.095872188601   1379.09321  720.496109029413          -1332.63912471602           -734.126994091288       678.46495
design2_rebuilt_mutated_A_74_GLU.pdb   -125.132325895827   1377.30136  722.153246086937          -1307.76990914532           -696.212426851534       672.39436
design2_rebuilt_mutated_A_33_HIS.pdb   -124.81775080147    1362.77249  703.245770362906          -1351.9797536381            -803.174853271017       618.42847
design2_rebuilt_mutated_A_60_MET.pdb   -124.23368138865    1365.25463  704.063847366983          -1358.91309184919           -793.68099695831        618.04968
design2_rebuilt_mutated_A_129_MET.pdb  -119.692738605431   1368.46771  702.058202466718          -1363.14562680422           -796.611007595952       620.75488
design2_rebuilt_mutated_A_72_ASP.pdb   -116.804019872197   1333.48674  687.242923029206          -1267.0003641908            -644.066186455083       604.51264
design2_rebuilt_mutated_A_33_MET.pdb   -115.873568300691   1375.27739  706.87941549604           -1351.43660954817           -786.264155929995       613.67685
design2_rebuilt_mutated_A_102_ARG.pdb  -115.84951249138    1384.64006  721.68164617158           -1318.04199991522           -719.506669289546       678.45838
design2_rebuilt_mutated_A_88_SER.pdb   -114.863338055816   1379.388    722.197166652854          -1299.29807594451           -694.167672774637       665.38819
design2_rebuilt_mutated_A_71_GLY.pdb   -113.319527785657   1358.28368  698.83116071575           -1348.9487152857            -787.552131181069       618.59378
design2_rebuilt_mutated_A_90_ARG.pdb   -112.961311279435   1351.48282  700.411662773519          -1357.94514804092           -759.773213969466       645.42009
design2_rebuilt_mutated_A_33_ASN.pdb   -112.70781374198    1363.73016  700.412000146879          -1343.67574453445           -795.1466368083         616.44078
design2_rebuilt_mutated_A_100_PHE.pdb  -111.334948466749   1374.61943  709.83235789676           -1374.15845565331           -758.335322973382       679.28832
design1_rebuilt_mutated_A_228_GLU.pdb  -109.545758664277   1277.69011  657.84396734384           -1240.26837826651           -548.784180695302       878.04411
design2_rebuilt_mutated_A_70_MET.pdb   -108.91644644568    1322.52293  685.137508859484          -1317.20919013608           -752.747184390776       600.36078
design2_rebuilt_mutated_A_90_VAL.pdb   -107.694629285248   1343.71619  693.2591796031            -1334.72899297636           -749.895079158335       603.87689
design1_rebuilt_mutated_A_52_VAL.pdb   -107.40659433496    1241.89681  650.476508634979          -1163.75702817885           -423.261599426577       819.38068
design2_rebuilt_mutated_A_89_ARG.pdb   -106.966945828199   1358.28368  699.394824849422          -1338.5754286838            -774.113444258177       618.59378
design1_rebuilt_mutated_A_52_LEU.pdb   -106.38490183836    1250.0103   654.411881985711          -1167.91646357145           -428.21128941968        840.76153
design2_rebuilt_mutated_A_49_GLY.pdb   -105.419853343714   1359.33254  697.281101759537          -1341.30043382591           -780.431830441677       619.71123
design1_rebuilt_mutated_A_52_PRO.pdb   -104.918428936915   1239.53401  647.736366324394          -1162.52118169453           -416.068073394037       848.7334
design1_rebuilt_mutated_A_102_MET.pdb  -104.842789192517   1208.76647  624.282346073978          -1207.05402713908           -481.959433316984       762.74749
design1_rebuilt_mutated_A_228_VAL.pdb  -103.984766190032   1279.19834  657.311292767243          -1251.77145084122           -511.261416151786       916.81468
design2_rebuilt_mutated_A_33_ALA.pdb   -103.736827784169   1363.59622  698.490957030705          -1342.00054212795           -790.506357553865       619.06901
design2_rebuilt_mutated_A_74_LEU.pdb   -103.178730875849   1367.17036  710.181618861816          -1291.09885166382           -665.610179636223       680.38232
design1_rebuilt_mutated_A_102_LYS.pdb  -100.943832516875   1238.80485  639.678584987298          -1230.40679072864           -461.889139361197       454.47994
design2_rebuilt_mutated_A_71_LEU.pdb   -100.319189016133   1378.51417  708.684359454198          -1374.43341158126           -834.839108122021       659.48015
design2_rebuilt_mutated_A_33_SER.pdb   -98.1383852503451   1362.71709  696.767144365465          -1337.81041886032           -786.121464903656       619.08968
design2_rebuilt_mutated_A_64_TRP.pdb   -97.9587619595912   1404.76281  722.933851041814          -1380.90627821105           -715.162461308782       630.77838
design2_rebuilt_mutated_A_64_VAL.pdb   -97.7679091866611   1373.2129   711.719600983493          -1361.460756918             -747.907076483547       608.60054
design2_rebuilt_mutated_A_33_CYS.pdb   -97.2141752530874   1361.75554  696.721401072934          -1337.87816387378           -795.589699605659       618.63017
design2_rebuilt_mutated_A_129_ARG.pdb  -97.1714935764169   1358.8203   695.219219642533          -1344.02923458431           -758.56464621793        623.13494
design1_rebuilt_mutated_A_228_PRO.pdb  -95.9863289138775   1260.91328  647.330597507465          -1225.11159390053           -531.086693051997       831.58655
design2_rebuilt_mutated_A_33_TYR.pdb   -93.3102569578546   1365.82299  698.408888804267          -1340.74650764145           -795.438093035461       620.62552
design2_rebuilt_mutated_A_50_LYS.pdb   -92.144833304745    1360.13074  698.687424870035          -1357.50062257057           -745.960988111337       618.51563
design2_rebuilt_mutated_A_100_MET.pdb  -91.8348108735051   1362.01442  704.034313559292          -1299.7413158625            -645.404895978656       590.82523
design2_rebuilt_mutated_A_33_PHE.pdb   -91.8253330305647   1365.84478  697.630020665832          -1338.26866973738           -783.12817776664        619.30756
design2_rebuilt_mutated_A_74_GLN.pdb   -90.6290370611528   1376.43327  714.848916520845          -1284.80364653467           -669.542674823873       680.8325
design2_rebuilt_mutated_A_64_LYS.pdb   -90.5570293886787   1405.03484  720.043616973519          -1373.14777775261           -740.062910651558       614.91259
design2_rebuilt_mutated_A_90_LEU.pdb   -89.2123026747271   1372.04786  707.03391079904           -1335.50339614479           -732.985571030071       650.86524
design2_rebuilt_mutated_A_88_TRP.pdb   -87.7143983444138   1358.38586  696.293694417823          -1314.00647217174           -725.81326359003        629.03707
design2_rebuilt_mutated_A_64_ILE.pdb   -87.5521142509664   1388.64928  714.096671474476          -1364.7503501965            -748.910460832559       608.60054
design2_rebuilt_mutated_A_90_GLN.pdb   -86.5610738086433   1378.58948  711.987294827996          -1347.1212028988            -743.744496638408       651.33108
design2_rebuilt_mutated_A_49_TRP.pdb   -84.0996632498821   1359.33254  693.942628062157          -1331.59473279288           -764.317201714709       619.71123
design2_rebuilt_mutated_A_73_ARG.pdb   -81.5451997565455   1381.2455   704.605979164735          -1346.77639639879           -780.460049334247       690.83861
design1_rebuilt_mutated_A_52_SER.pdb   -80.1114083156808   1240.98302  643.836834745334          -1146.35271389558           -389.735380684034       847.89203
design2_rebuilt_mutated_A_90_MET.pdb   -79.8302843972221   1356.24812  694.287381992472          -1330.22356376369           -754.122596763895       601.42233
design2_rebuilt_mutated_A_74_TRP.pdb   -77.8003544515336   1356.34961  693.395002922141          -1315.2693000398            -738.001837914143       635.71431
design2_rebuilt_mutated_A_52_HIS.pdb   -77.4508670436867   1372.23919  697.04387474799           -1342.52528634585           -798.637415015143       647.65882
design2_rebuilt_mutated_A_50_ILE.pdb   -74.2209742979788   1358.94724  693.675624028472          -1343.21136524165           -772.168188343671       636.77033
design2_rebuilt_mutated_A_86_ILE.pdb   -73.7844358521661   1349.93782  689.329853991576          -1308.58511049947           -741.797402599279       616.30582
design2_rebuilt_mutated_A_89_LYS.pdb   -69.7527160768866   1358.28368  691.139733651032          -1323.74153653233           -751.987782618355       618.59378
design1_rebuilt_mutated_A_52_ALA.pdb   -65.4690058420749   1241.0532   641.053147448902          -1137.36784382509           -377.345172937493       847.97911
design2_rebuilt_mutated_A_72_ASN.pdb   -64.7899439192785   1332.612    677.445973179272          -1233.96229127539           -605.193349639468       604.47215
design2_rebuilt_mutated_A_129_LYS.pdb  -62.7276562621452   1379.81465  703.620544906289          -1352.8791766083            -777.488360766438       601.41838
design1_rebuilt_mutated_A_102_GLY.pdb  -62.1140815450133   1208.87174  620.114755805123          -1168.48984627431           -434.705758797098       763.50736
design2_rebuilt_mutated_A_88_PHE.pdb   -61.5038224109154   1339.26738  687.060051976364          -1250.97150226309           -634.156860824302       596.61237
design2_rebuilt_mutated_A_72_LEU.pdb   -60.7951164025057   1343.69184  684.151469513011          -1250.25430759299           -606.100749174856       619.2105
design2_rebuilt_mutated_A_90_CYS.pdb   -58.4078194159153   1356.18854  691.127461628601          -1322.74716242319           -747.617248692656       601.42233
design1_rebuilt_mutated_A_228_CYS.pdb  -58.2146272110582   1269.87577  644.614233698069          -1217.33418011731           -498.303407729317       832.19719
design1_rebuilt_mutated_A_52_CYS.pdb   -56.9399229459674   1243.17969  641.170826527861          -1129.53934031408           -386.08491768587        419.7988
design2_rebuilt_mutated_A_33_GLY.pdb   -56.5042843056384   1356.61139  684.328481611593          -1315.78923282225           -778.739693219508       615.24128
design2_rebuilt_mutated_A_71_ARG.pdb   -52.4607493642021   1358.28368  689.726471114881          -1308.87755183589           -747.166790659256       618.59378
design1_rebuilt_mutated_A_102_GLU.pdb  -52.2146592021549   1221.47976  622.852416642208          -1182.16177581484           -432.649935453343       775.46078
design2_rebuilt_mutated_A_71_GLU.pdb   -50.6157606148919   1358.28368  689.157862936638          -1314.78570423083           -750.834929283347       618.59378
design1_rebuilt_mutated_A_228_SER.pdb  -45.2076256712002   1261.07992  636.852885565364          -1200.92779876306           -511.31437298378        827.05595
design2_rebuilt_mutated_A_52_ASN.pdb   -44.2449144130661   1369.58094  688.35244478429           -1325.05429033997           -785.694509523695       635.14232
design1_rebuilt_mutated_A_102_ARG.pdb  -41.101568271912    1249.78219  633.224712936227          -1203.60808642732           -413.868566201856       804.41781
design1_rebuilt_mutated_A_228_ALA.pdb  -41.0487734632658   1257.45174  634.64831334668           -1199.86159442146           -518.288064323929       827.12546
design1_rebuilt_mutated_A_52_MET.pdb   -25.4205560992512   1242.7442   635.12565657235           -1110.74214444533           -376.128155021465       443.5509
design1_rebuilt_mutated_A_52_GLY.pdb   -23.893110528518    1231.2504   627.834653353307          -1105.83524255379           -325.643224006187       409.55093
design2_rebuilt_mutated_A_52_ASP.pdb   -23.7996365658598   1369.75763  684.508425753293          -1318.44882755645           -776.347380514209       635.20585
design2_rebuilt_mutated_A_72_PRO.pdb   -23.1944280976631   1338.61324  678.579990868033          -1243.79797322404           -656.232843071633       596.2297
design2_rebuilt_mutated_A_72_TYR.pdb   -20.8166251565611   1351.78738  682.584281575865          -1247.50139127833           -635.245694516097       597.23918
design2_rebuilt_mutated_A_62_TRP.pdb   -20.3893049319036   1435.67682  721.163355214795          -1381.32435718356           -772.118632963213       649.78171
design2_rebuilt_mutated_A_52_THR.pdb   -19.7344387749156   1370.3342   684.866938345242          -1320.93098531296           -784.916120435323       634.31888
design2_rebuilt_mutated_A_52_GLN.pdb   -17.8888044533778   1377.03004  687.365209290132          -1323.65226809308           -762.636070856894       653.97985
design2_rebuilt_mutated_A_72_PHE.pdb   -12.257723136882    1359.23104  686.37575281025           -1267.26879549001           -668.652569982474       626.01572
design2_rebuilt_mutated_A_52_PRO.pdb   -9.33147247345514   1362.45396  679.523587304496          -1312.37519131724           -796.566299269289       610.15895
design2_rebuilt_mutated_A_74_MET.pdb   -8.77926485573679   1360.64494  688.053852597302          -1258.26291501793           -669.897268985248       622.95634
design2_rebuilt_mutated_A_88_MET.pdb   -3.32952138091119   1363.22197  689.061290829114          -1246.83560954442           -649.744986018345       611.16652
design2_rebuilt_mutated_A_52_ALA.pdb   -0.178827686288253  1363.51305  678.78403470234           -1311.04952499838           -797.055226442823       610.15895
design2_rebuilt_mutated_A_50_LEU.pdb   0.533459583152608   1357.29568  682.995243778945          -1327.03084054011           -716.69555501188        643.49312
design2_rebuilt_mutated_A_52_SER.pdb   3.83733926082137    1363.45053  678.081454161902          -1310.06536401924           -796.30959964898        610.15895
design2_rebuilt_mutated_A_52_GLU.pdb   4.1688570550102     1376.53899  682.692319466987          -1315.23155431737           -750.770036467116       652.53191
design2_rebuilt_mutated_A_72_GLU.pdb   7.03669766407837    1342.66938  671.647763721352          -1238.60474072838           -638.793426146356       607.88832
design2_rebuilt_mutated_A_52_CYS.pdb   7.79126454818242    1370.89816  679.880152985396          -1312.23269708924           -772.0345414967         634.95352
design1_rebuilt_mutated_A_228_GLY.pdb  15.152598042241     1241.47352  616.2060074463            -1170.00064167537           -502.397097680981       821.73381
design2_rebuilt_mutated_A_52_VAL.pdb   17.4349705664716    1370.31029  678.490860121054          -1310.30972054716           -768.415782324669       621.63088
design2_rebuilt_mutated_A_102_LYS.pdb  18.1005120484109    1382.1582   697.234112609914          -1225.39231914359           -585.863929068086       669.44028
design2_rebuilt_mutated_A_52_ILE.pdb   25.0928896916853    1372.89505  677.827246282219          -1308.69742009626           -746.958607621953       648.17263
design2_rebuilt_mutated_A_52_LEU.pdb   26.1298421943254    1370.22129  676.809462736748          -1307.63659314213           -744.142939898708       651.07893
design2_rebuilt_mutated_A_52_MET.pdb   30.6998277269859    1379.10002  678.242214902081          -1307.63674204186           -725.849503260043       659.23996
design2_rebuilt_mutated_A_52_GLY.pdb   37.6372823088533    1361.57401  672.698572454358          -1303.35766494108           -794.070206219707       610.15895
design1_rebuilt_mutated_A_102_PRO.pdb  41.1562231752851    1207.95833  598.241930870066          -1109.96064097809           -315.772406732073       398.0554
design2_rebuilt_mutated_A_71_LYS.pdb   53.3470267833734    1358.28368  667.217083993784          -1258.03452776442           -695.054254288915       618.59378
design2_rebuilt_mutated_A_88_LYS.pdb   60.0652185120716    1388.67471  694.756877857874          -1180.64822691561           -522.660912708535       681.93615
design2_rebuilt_mutated_A_72_HIS.pdb   64.1440073041837    1355.3655   670.217489930297          -1229.36220171281           -634.231426221483       617.82907
design2_rebuilt_mutated_A_52_LYS.pdb   66.7119554673425    1366.48688  668.231464046788          -1294.78912072225           -739.497381336648       638.75132
design2_rebuilt_mutated_A_72_THR.pdb   72.8958192507886    1325.12312  648.340319541499          -1199.5942311137            -618.205191753513       584.45783
design2_rebuilt_mutated_A_74_LYS.pdb   74.5920027741416    1387.33368  686.203291063471          -1204.37463537787           -542.453266397089       659.22967
design2_rebuilt_mutated_A_100_TRP.pdb  90.8848506421304    1370.90811  680.811025486816          -1232.69177510201           -649.915441357688       633.445
design2_rebuilt_mutated_A_72_MET.pdb   93.7721174835478    1345.99837  659.666349259636          -1190.60261180129           -587.959678610292       492.64391
design2_rebuilt_mutated_A_74_ILE.pdb   95.2502768618798    1340.31875  658.35435221172           -1172.30538729585           -572.939351588771       595.21273
design2_rebuilt_mutated_A_100_LYS.pdb  101.350110502271    1408.65934  690.012347895262          -1255.62100180119           -618.044310045647       655.49621
design2_rebuilt_mutated_A_74_ASN.pdb   109.605093578074    1332.70245  649.532377937463          -1165.66480814488           -559.703602722068       587.50182
design2_rebuilt_mutated_A_72_LYS.pdb   124.340138304434    1359.03782  658.031501112247          -1194.52023662706           -578.309457812023       445.82479
design2_rebuilt_mutated_A_72_VAL.pdb   130.537504660584    1324.34787  641.064424318472          -1164.19807150954           -583.166373532378       466.53245
design2_rebuilt_mutated_A_88_PRO.pdb   131.217678520138    1335.097    654.375652487035          -1138.86350441931           -520.317332369541       620.07606
design2_rebuilt_mutated_A_70_TYR.pdb   138.349613206045    1366.31568  662.289732493684          -1140.16917330728           -414.280776717789       524.02107
design2_rebuilt_mutated_A_74_ASP.pdb   143.804149834095    1332.34345  642.925015078921          -1143.93687295997           -551.460839425217       566.13225
design2_rebuilt_mutated_A_74_VAL.pdb   148.652711044924    1326.03619  639.847352674013          -1137.24882303768           -547.442174197641       545.91579
design2_rebuilt_mutated_A_74_PRO.pdb   148.882050432439    1308.51389  628.696897581977          -1122.24016916242           -555.140542542576       540.48701
design2_rebuilt_mutated_A_72_GLN.pdb   151.455623754959    1371.57277  660.093095064863          -1218.69037642385           -627.675445196899       476.47534
design3_rebuilt_mutated_A_45_ARG.pdb   152.168289002329    1311.97168  618.363466095109          -1212.48188394979           -671.64822839033        625.69219
design3_rebuilt_mutated_A_45_TRP.pdb   152.698164105462    1313.18026  617.542789393943          -1223.30966283888           -680.307045519255       622.33412
design2_rebuilt_mutated_A_72_ILE.pdb   165.991831607532    1359.03029  651.856035904233          -1192.07249971305           -562.478302208894       626.05116
design2_rebuilt_mutated_A_74_THR.pdb   166.220221738979    1318.30657  631.90542794497           -1119.09192532762           -548.069186246229       538.29417
design2_rebuilt_mutated_A_88_GLY.pdb   199.499092909435    1330.64775  636.770067513915          -1054.77832189542           -408.375598062875       605.92909
design2_rebuilt_mutated_A_74_SER.pdb   219.442981868667    1304.79747  614.55844388808           -1074.71593739125           -486.033562394113       538.38336
design2_rebuilt_mutated_A_74_ALA.pdb   219.798760404347    1303.72563  613.422192979795          -1076.03542098605           -486.708330845815       540.32281
design2_rebuilt_mutated_A_74_CYS.pdb   219.99353313916     1327.92667  625.025950501599          -1098.58163423028           -507.681007998373       548.17356
design2_rebuilt_mutated_A_72_ALA.pdb   227.79686449736     1329.13107  625.398553741614          -1153.08136443189           -600.928548180429       547.06339
design2_rebuilt_mutated_A_72_CYS.pdb   240.442117131535    1350.28597  632.51113942045           -1150.67607968715           -533.137197366001       598.33745
design2_rebuilt_mutated_A_72_SER.pdb   250.242767354439    1329.13387  620.75462208127           -1140.49742994895           -585.899192267522       545.61598
design3_rebuilt_mutated_A_45_MET.pdb   256.225993728643    1308.8627   601.005254340374          -1141.77583770753           -589.9075589336         617.69356
design2_rebuilt_mutated_A_74_GLY.pdb   259.869192634267    1295.20162  601.03209545919           -1046.05686320995           -476.473443050228       544.77556
design2_rebuilt_mutated_A_72_GLY.pdb   260.044213632695    1315.67605  614.452976693483          -1108.83935565305           -557.476224808874       522.47416
design3_rebuilt_mutated_A_20_TYR.pdb   260.468017852622    1273.44052  591.616783035161          -1109.78791825219           -593.466770987563       642.34227
design3_rebuilt_mutated_A_28_TYR.pdb   301.079752740009    1260.29316  573.590746782739          -1088.88671488465           -611.18670523113        618.92005
design3_rebuilt_mutated_A_49_ILE.pdb   301.830485338304    1305.81708  600.032327959242          -1083.49856813965           -502.226613645418       576.24909
design3_rebuilt_mutated_A_16_ASP.pdb   345.308075041739    1262.90191  570.86600882178           -1042.50979791577           -546.378268509651       641.82062
design3_rebuilt_mutated_A_20_LYS.pdb   346.903022668902    1272.17376  571.707123805583          -1079.59847986731           -544.795493890277       620.88805
design3_rebuilt_mutated_A_24_TYR.pdb   351.678440186524    1277.05771  574.255358648063          -1076.03114104863           -547.63843804192        621.54081
design3_rebuilt_mutated_A_16_GLY.pdb   360.358454643813    1248.75602  559.206375695866          -1026.92748722196           -542.811224689291       635.31853
design3_rebuilt_mutated_A_16_ASN.pdb   363.040496088896    1263.12472  567.002103207827          -1032.5973183433            -531.740245664981       642.31003
design3_rebuilt_mutated_A_16_PRO.pdb   370.438921755202    1257.27217  564.141580413049          -1021.02605891991           -521.859186118911       638.92538
design3_rebuilt_mutated_A_20_LEU.pdb   372.488974205286    1272.24096  568.304115555059          -1050.09488733103           -522.223363181899       634.55586
design3_rebuilt_mutated_A_6_ASP.pdb    373.955346142064    1231.70345  547.86981534446           -971.448753285162           -430.579260519543       615.96802
design3_rebuilt_mutated_A_13_TYR.pdb   374.098689843356    1295.49883  581.184636025275          -1039.94018766359           -445.349742125308       613.40537
design3_rebuilt_mutated_A_16_ALA.pdb   379.931890349608    1258.72401  561.269276527756          -1023.32042878832           -523.915537374228       638.08232
design3_rebuilt_mutated_A_6_ASN.pdb    382.949758840136    1232.97803  547.264817741526          -970.164788264615           -430.420059135956       615.96802
design3_rebuilt_mutated_A_24_HIS.pdb   383.46396243486     1268.24284  564.117914652531          -1034.41986860439           -516.67171614551        611.57326
design3_rebuilt_mutated_A_42_PRO.pdb   387.449025313461    1311.48742  583.19277591198           -1044.73549181313           -524.977771936459       601.04903
design3_rebuilt_mutated_A_49_VAL.pdb   388.943339158845    1264.19859  566.684802914118          -1014.67566536661           -475.161443466137       592.66029
design3_rebuilt_mutated_A_6_PHE.pdb    391.975158729748    1227.92779  541.913310867886          -959.240862874045           -421.38077439662        582.12842
design3_rebuilt_mutated_A_16_CYS.pdb   394.84745920493     1262.34087  559.558927763415          -1015.72374628411           -502.471829303662       640.50068
design3_rebuilt_mutated_A_6_TYR.pdb    395.374391592982    1228.95904  542.127599152792          -959.878498789337           -421.923856873118       582.12842
design3_rebuilt_mutated_A_20_HIS.pdb   400.350180717422    1297.76421  568.434379191071          -1052.59874219251           -540.915566205189       617.58263
design3_rebuilt_mutated_A_20_ARG.pdb   400.766498299016    1269.09245  564.758648644017          -1005.35032532649           -461.190634920772       646.83131
design3_rebuilt_mutated_A_42_ILE.pdb   402.962611292891    1313.36381  580.869989030782          -1034.88208837672           -495.628912014649       620.79385
design3_rebuilt_mutated_A_42_ASN.pdb   413.367987102405    1299.12644  572.31471467242           -1022.88226196551           -499.444404978198       621.43978
design3_rebuilt_mutated_A_24_PHE.pdb   413.769994416569    1274.23496  562.298844619491          -1033.73301589131           -495.524450684669       618.68549
design3_rebuilt_mutated_A_9_TRP.pdb    415.239195104667    1254.81683  552.195910072501          -974.031158725901           -432.800757065224       528.20623
design3_rebuilt_mutated_A_27_TRP.pdb   418.177860575546    1254.2204   550.815529699853          -988.866909435365           -499.414266206025       506.53849
design3_rebuilt_mutated_A_42_GLY.pdb   419.530398328075    1308.23224  576.377526889027          -1018.47429273202           -496.156022184058       605.56388
design3_rebuilt_mutated_A_42_ALA.pdb   421.856553879536    1309.62636  576.978924980944          -1017.41357220669           -489.122420202162       604.94268
design3_rebuilt_mutated_A_24_GLN.pdb   423.32008531683     1263.21044  555.244955509912          -1001.15777681194           -488.349348582057       604.78407
design3_rebuilt_mutated_A_12_GLN.pdb   425.312588698625    1244.76701  547.704100734179          -984.215815079147           -423.66066846843        594.97257
design3_rebuilt_mutated_A_16_SER.pdb   428.502221603826    1260.54648  552.583562414414          -989.861843222958           -472.635434071617       573.43762
design3_rebuilt_mutated_A_42_SER.pdb   429.232426557581    1309.58028  574.530146589064          -1016.43910952897           -487.943868112599       604.98088
design3_rebuilt_mutated_A_20_ASP.pdb   433.382135385885    1242.16826  541.374607168646          -989.450226669316           -465.680783058309       591.82614
design3_rebuilt_mutated_A_42_LEU.pdb   434.756619759757    1296.84004  566.377468258278          -1008.69355058953           -483.243003116787       619.43118
design3_rebuilt_mutated_A_42_ASP.pdb   434.767030785243    1299.39632  568.498883467355          -1009.63015913859           -481.319281597913       621.46526
design3_rebuilt_mutated_A_24_LYS.pdb   438.544806644822    1262.43673  553.336684578993          -991.260493593777           -447.156678067865       627.06296
design3_rebuilt_mutated_A_45_LEU.pdb   440.403052285629    1249.97877  545.811190861551          -974.256837707535           -436.230502052734       609.24204
design3_rebuilt_mutated_A_12_ARG.pdb   442.18839508939     1257.50873  551.877045726008          -984.793119908083           -472.168122649632       634.38088
design3_rebuilt_mutated_A_45_ASP.pdb   442.725591666574    1251.12137  549.782159077286          -971.748039454657           -444.13669677474        614.23494
design3_rebuilt_mutated_A_24_THR.pdb   444.14326560457     1260.84801  550.176237397201          -983.558588941615           -469.992020712682       590.77436
design3_rebuilt_mutated_A_24_MET.pdb   447.352672272749    1251.18148  545.695731416254          -974.13261826859            -442.315426899103       609.85882
design3_rebuilt_mutated_A_24_ASN.pdb   449.301088947851    1264.5878   551.717921306634          -981.493402494743           -452.571678872929       605.43812
design3_rebuilt_mutated_A_20_GLN.pdb   451.081440605339    1256.79667  546.053534263284          -985.922037633322           -409.185491446103       522.29409
design3_rebuilt_mutated_A_55_HIS.pdb   451.50528980404     1258.83992  536.923163892246          -928.22175202537            -398.53121293503        490.54953
design3_rebuilt_mutated_A_12_ILE.pdb   451.533090864272    1240.15491  540.1395268766            -962.805193197512           -415.877673470983       595.95057
design3_rebuilt_mutated_A_27_ARG.pdb   453.535734486275    1234.51475  536.182174849164          -943.664321115995           -367.01889289244        616.54215
design3_rebuilt_mutated_A_12_VAL.pdb   456.57488644781     1240.06311  539.041625290533          -959.683310294587           -412.310055524139       596.09897
design3_rebuilt_mutated_A_24_LEU.pdb   457.044274194232    1271.34444  552.776806648476          -1003.00117756016           -479.358423743287       606.62371
design3_rebuilt_mutated_A_6_LYS.pdb    458.101361321135    1258.17602  546.081598079755          -964.679650849066           -421.117301006943       615.96802
design3_rebuilt_mutated_A_12_LEU.pdb   459.576974969208    1243.11961  539.880548138118          -960.631312246876           -401.777029435027       595.30817
design3_rebuilt_mutated_A_28_PRO.pdb   460.063078428087    1258.45924  546.645171810857          -976.673821824467           -466.191301158081       608.87774
design3_rebuilt_mutated_A_45_GLN.pdb   460.88478468361     1297.15979  564.064721468332          -968.117794256375           -433.127456033137       610.09983
design3_rebuilt_mutated_A_24_PRO.pdb   461.116371577944    1253.30409  543.91557425369           -961.868852648349           -439.28312096232        567.14425
design3_rebuilt_mutated_A_52_PRO.pdb   461.636554513071    1237.82374  536.387759994238          -952.447915769027           -376.845614161516       555.4869
design3_rebuilt_mutated_A_52_ALA.pdb   463.042409528639    1273.26611  550.834754271661          -970.553631821307           -379.79097311204        555.4869
design3_rebuilt_mutated_A_24_VAL.pdb   463.413090695507    1261.79082  549.841424726592          -962.313789384522           -447.854403382394       600.79117
design3_rebuilt_mutated_A_45_THR.pdb   464.271809985699    1247.90819  543.528866283151          -959.653996667051           -430.931208070059       610.58696
design3_rebuilt_mutated_A_52_GLY.pdb   466.041279355805    1273.26611  550.353698365108          -967.336333806613           -378.107126456275       555.4869
design3_rebuilt_mutated_A_12_ASN.pdb   466.508046212616    1240.59487  537.173961755908          -953.811203977699           -391.118358678131       565.60807
design3_rebuilt_mutated_A_63_ILE.pdb   466.589042155997    1260.28601  536.821469261085          -933.279421161821           -402.249081820485       490.54953
design3_rebuilt_mutated_A_45_ASN.pdb   466.915292493104    1250.91733  544.846947033373          -957.659518680198           -423.696634894477       614.015
design3_rebuilt_mutated_A_59_PHE.pdb   467.589599382916    1297.29205  553.743420420873          -950.118771501836           -397.525494472021       490.54953
design3_rebuilt_mutated_A_24_ILE.pdb   468.174721910459    1261.80209  548.213207976883          -958.824951538381           -440.707648094853       607.08359
design3_rebuilt_mutated_A_52_SER.pdb   469.99531505952     1237.82374  534.8011655644            -949.723456787876           -376.646646553537       555.4869
design3_rebuilt_mutated_A_12_PRO.pdb   470.767980844546    1240.58513  536.132737897193          -952.327861720009           -390.364176580473       565.59527
design3_rebuilt_mutated_A_24_GLU.pdb   471.345844759687    1262.43076  545.871862842577          -969.753963267232           -442.613259831816       604.07442
design3_rebuilt_mutated_A_12_THR.pdb   472.602560883259    1240.13881  535.759098237937          -956.884551535655           -406.813716891805       596.56427
design3_rebuilt_mutated_A_26_TRP.pdb   475.21765172612     1267.78123  547.731176891273          -953.822426140505           -421.11839570944        483.97863
design3_rebuilt_mutated_A_17_GLY.pdb   475.420092768816    1278.21573  549.556355293016          -963.369630799161           -347.169674532984       573.82815
design3_rebuilt_mutated_A_55_TRP.pdb   476.329085255384    1258.93998  534.622691625682          -926.635931658533           -399.719455633747       490.54953
design3_rebuilt_mutated_A_24_CYS.pdb   477.752324364085    1263.84721  544.773694798167          -967.719029002026           -434.944538020948       605.60574
design3_rebuilt_mutated_A_63_GLY.pdb   481.835040465036    1255.53921  529.862269936473          -917.516005091571           -395.276841474762       490.54953
design3_rebuilt_mutated_A_12_CYS.pdb   482.235654137586    1240.59487  533.82188790307           -944.509903687372           -386.252116362573       565.60807
design3_rebuilt_mutated_A_63_SER.pdb   482.377966766978    1255.53921  529.742710889174          -917.358759002442           -395.276841474762       490.54953
design3_rebuilt_mutated_A_12_MET.pdb   482.82100052833     1243.28261  535.117625657744          -945.536590386933           -397.065578851028       599.75747
design3_rebuilt_mutated_A_16_GLN.pdb   482.951338234304    1255.35101  542.039546197966          -958.823612575737           -441.389836264043       632.50212
design3_rebuilt_mutated_A_17_PRO.pdb   485.174480240684    1288.12528  553.88003176693           -979.177916284292           -355.701799873788       572.16627
design3_rebuilt_mutated_A_24_ASP.pdb   485.739737924528    1262.82276  544.223970899389          -952.795818738591           -422.333455515921       598.69878
design3_rebuilt_mutated_A_13_ARG.pdb   486.525358828768    1252.9735   530.41003064787           -919.74836995601            -374.663550632426       507.23718
design3_rebuilt_mutated_A_55_ILE.pdb   487.553924313785    1247.65368  526.306574387947          -914.611041945213           -397.780488372014       490.54953
design3_rebuilt_mutated_A_59_GLY.pdb   487.989337801118    1235.57987  521.053194503426          -906.770107744819           -395.309133477745       490.54953
design3_rebuilt_mutated_A_12_SER.pdb   487.98947894089     1240.60322  532.865954763819          -947.452440721277           -379.470468564746       565.60807
design3_rebuilt_mutated_A_59_SER.pdb   488.279139424363    1235.57987  520.90206141996           -906.568582555961           -395.309133477745       490.54953
design3_rebuilt_mutated_A_9_PHE.pdb    488.597534794061    1278.23741  550.92942975738           -973.08942075153            -438.635494542989       606.98095
design3_rebuilt_mutated_A_59_ALA.pdb   490.318318559383    1235.57987  520.626761324244          -906.227285195658           -395.309133477745       490.54953
design3_rebuilt_mutated_A_59_ASP.pdb   490.425458753258    1249.26929  526.446782003661          -913.312151873342           -395.30913601878        490.54953
design3_rebuilt_mutated_A_24_SER.pdb   490.52753763695     1257.49084  540.572290277423          -947.392513413436           -410.181759266231       566.0433
design3_rebuilt_mutated_A_24_ALA.pdb   490.726337951414    1251.28606  536.642115525245          -946.161926761202           -421.861842874788       566.74015
design3_rebuilt_mutated_A_59_TYR.pdb   491.686861052236    1296.65224  547.662983075681          -939.882669709713           -371.120387775787       520.59545
design3_rebuilt_mutated_A_17_THR.pdb   493.016007673764    1290.75014  552.961392744224          -974.741363312112           -403.616104605771       597.01938
design3_rebuilt_mutated_A_42_VAL.pdb   493.282242023879    1298.51056  556.37518053168           -977.814920484442           -430.989486179636       620.0837
design3_rebuilt_mutated_A_37_PRO.pdb   493.474294173576    1278.63982  543.37102102906           -959.761043193512           -426.971803674793       491.66773
design3_rebuilt_mutated_A_12_ALA.pdb   493.764528111653    1240.58834  531.734414775995          -943.405827886957           -377.753911261249       588.2592
design3_rebuilt_mutated_A_20_ILE.pdb   494.233827179359    1239.71251  528.216200221906          -952.334662918056           -422.786117363211       547.35865
design3_rebuilt_mutated_A_20_GLU.pdb   494.960455185943    1255.78426  536.819893683121          -960.323143736184           -388.117059462444       522.41812
design3_rebuilt_mutated_A_63_THR.pdb   495.194335494026    1250.32473  526.230425929395          -913.247205633423           -395.276841474762       490.54953
design3_rebuilt_mutated_A_28_ALA.pdb   496.123039195846    1259.28303  541.181355765597          -958.492585298864           -447.856434833023       607.33225
design3_rebuilt_mutated_A_37_THR.pdb   496.586553918199    1283.17914  544.888001712813          -964.177294319877           -418.399837647808       490.47752
design3_rebuilt_mutated_A_6_HIS.pdb    498.306502096753    1242.07635  525.885382379109          -920.319749811295           -403.125887059114       491.03043
design3_rebuilt_mutated_A_63_VAL.pdb   499.286931913752    1250.32473  525.677030792857          -912.570125800111           -395.276841474762       490.54953
design3_rebuilt_mutated_A_59_ASN.pdb   499.624003093055    1250.77488  525.644881844224          -912.254172149488           -395.30913601878        490.54953
design3_rebuilt_mutated_A_12_ASP.pdb   499.710439954277    1240.59487  530.45788735082           -938.949381090474           -374.322816852579       565.60807
design3_rebuilt_mutated_A_26_TYR.pdb   499.938491971101    1253.81099  535.600731920965          -928.654237934009           -412.54396530316        459.92649
design3_rebuilt_mutated_A_63_ASN.pdb   500.012101170857    1274.88744  538.745815009908          -935.293639919941           -402.249081820485       490.54953
design3_rebuilt_mutated_A_59_PRO.pdb   500.046682859662    1236.27383  519.601275777385          -904.992434041164           -395.309133477745       490.54953
design3_rebuilt_mutated_A_42_CYS.pdb   500.380644209865    1298.83652  555.122533257257          -972.034117301963           -422.812917544005       620.52306
design3_rebuilt_mutated_A_59_THR.pdb   501.107959476355    1252.93592  529.444454980083          -923.883316064571           -402.340843841013       490.54953
design3_rebuilt_mutated_A_59_HIS.pdb   501.456763408501    1259.45358  528.979365763813          -916.235886950219           -395.30913601878        490.54953
design3_rebuilt_mutated_A_63_GLN.pdb   503.572510110045    1278.38017  540.368329598459          -937.259478590794           -402.249081820485       490.54953
design3_rebuilt_mutated_A_45_VAL.pdb   504.671484650172    1245.30143  533.165810660567          -935.331974567201           -403.239961146744       608.14306
design3_rebuilt_mutated_A_13_PRO.pdb   505.0501617218      1256.51031  532.330509811256          -935.159732115392           -378.220874922018       536.44054
design3_rebuilt_mutated_A_62_TRP.pdb   505.576853768525    1261.5251   529.22138740282           -916.36090796804            -384.788632226161       503.73193
design3_rebuilt_mutated_A_6_TRP.pdb    506.781430053579    1287.21421  552.523674774255          -975.264005216343           -416.465037647181       635.95712
design3_rebuilt_mutated_A_3_GLY.pdb    507.60731593463     1261.48143  532.359806878768          -927.902822515503           -402.249081820485       490.54953
design3_rebuilt_mutated_A_37_SER.pdb   508.567083961703    1282.4863   542.6630566046            -954.389051288793           -417.498573826339       490.40387
design3_rebuilt_mutated_A_63_MET.pdb   509.996650028544    1277.81744  538.532693232149          -934.991068997303           -402.249081820485       490.54953
design3_rebuilt_mutated_A_37_GLY.pdb   510.223020674178    1273.00646  537.268643892125          -942.829199322717           -427.39655052183        492.86177
design3_rebuilt_mutated_A_59_GLN.pdb   512.694212396152    1260.46748  527.589928818843          -914.364017490538           -395.30913601878        490.54953
design3_rebuilt_mutated_A_20_ASN.pdb   513.092702772375    1242.47332  527.269003258212          -938.79506713983            -404.771861628122       548.41668
design3_rebuilt_mutated_A_48_TRP.pdb   513.802915749383    1271.46059  543.723248782307          -955.465912192252           -425.480373674428       507.14412
design3_rebuilt_mutated_A_37_ASP.pdb   514.138769472303    1287.69656  543.273248683872          -963.90096966206            -412.285202663853       491.72126
design3_rebuilt_mutated_A_63_ALA.pdb   514.923146659115    1263.83252  528.240261424052          -915.265827006237           -395.276841474762       490.54953
design3_rebuilt_mutated_A_28_GLY.pdb   515.093493876783    1259.62158  537.581596643368          -947.77277645993            -432.082991634609       607.42525
design3_rebuilt_mutated_A_59_CYS.pdb   515.404539509355    1256.47745  529.227102830917          -923.607963979375           -402.340843841013       490.54953
design3_rebuilt_mutated_A_9_ILE.pdb    517.045100531981    1224.61038  514.295661838391          -899.076507318135           -393.371881287746       490.37003
design3_rebuilt_mutated_A_26_ARG.pdb   517.679196318498    1263.18353  536.581108560733          -936.146899770969           -409.915148056063       490.27403
design3_rebuilt_mutated_A_63_PRO.pdb   517.759107509903    1258.61804  526.111827880291          -912.842531007574           -395.276841474762       490.54953
design3_rebuilt_mutated_A_6_GLY.pdb    518.341140417198    1239.00783  520.741709999283          -908.295604530735           -396.595914862585       490.54953
design3_rebuilt_mutated_A_6_ALA.pdb    518.410603963147    1239.00783  520.761942453524          -908.333862798598           -396.833102953672       490.54953
design3_rebuilt_mutated_A_37_ALA.pdb   518.797797421058    1279.39496  538.743043512792          -941.737038385705           -419.863436617823       491.69637
design3_rebuilt_mutated_A_45_ALA.pdb   518.9760160131      1249.81675  533.925907748343          -921.571996733171           -376.108481850959       612.46732
design3_rebuilt_mutated_A_26_PHE.pdb   519.338118952816    1253.77137  531.333755883515          -920.472069292069           -410.928068391487       459.93867
design3_rebuilt_mutated_A_63_LYS.pdb   519.604074525007    1275.15266  537.029058509933          -933.287373678268           -402.249081820485       490.54953
design3_rebuilt_mutated_A_49_GLU.pdb   519.702656977277    1286.6999   542.137144464897          -958.320237572583           -405.772262918177       507.3438
design3_rebuilt_mutated_A_59_LEU.pdb   520.300215164841    1287.70469  541.870851677662          -938.515686487752           -402.232936005227       490.54953
design3_rebuilt_mutated_A_6_SER.pdb    522.864461288316    1239.00783  519.721260415626          -906.131148651403           -396.269077608108       490.54953
design3_rebuilt_mutated_A_26_HIS.pdb   523.148404495489    1250.95915  529.162491561256          -915.190290761845           -411.377181966923       453.87935
design3_rebuilt_mutated_A_42_ARG.pdb   524.078378328287    1276.52532  541.497504887486          -927.076047060559           -393.844836802198       608.28868
design3_rebuilt_mutated_A_9_VAL.pdb    524.19465329192     1223.78586  512.137018606898          -894.625463097386           -390.843480241963       490.37173
design3_rebuilt_mutated_A_2_TYR.pdb    525.478415075473    1269.4647   536.103410907355          -938.228020740119           -414.362310926586       598.08835
design3_rebuilt_mutated_A_24_GLY.pdb   525.773966332063    1248.95444  530.057836572107          -914.481574735033           -391.638936167177       568.82735
design3_rebuilt_mutated_A_63_LEU.pdb   525.93298699741     1274.09218  535.275522765949          -931.145056777847           -402.249081820485       490.54953
design3_rebuilt_mutated_A_55_PRO.pdb   526.35860292087     1233.49722  518.573511113737          -906.962064768784           -398.987064649012       490.54953
design3_rebuilt_mutated_A_37_ASN.pdb   526.577153016751    1290.42379  542.239145068723          -959.858879217693           -403.52897213218        491.72126
design3_rebuilt_mutated_A_45_PRO.pdb   526.899519585943    1247.47527  530.987645138556          -911.735756716368           -366.918430595847       611.08113
design3_rebuilt_mutated_A_37_VAL.pdb   527.071380557074    1286.03827  541.787808424208          -950.619207037052           -395.684004858217       490.65789
design3_rebuilt_mutated_A_63_ASP.pdb   527.564561518079    1263.77242  527.344102686677          -914.226509144085           -395.276841474762       490.54953
design3_rebuilt_mutated_A_37_CYS.pdb   529.388970917286    1280.10385  536.827938491086          -940.057589862256           -403.130286752748       491.72126
design3_rebuilt_mutated_A_6_CYS.pdb    530.501111587621    1239.00783  518.232616541259          -903.923423794199           -395.710134877709       490.54953
design3_rebuilt_mutated_A_2_GLY.pdb    530.751690223056    1239.37141  522.172183774085          -915.252053383564           -402.232936005227       490.54953
design3_rebuilt_mutated_A_27_HIS.pdb   531.028016253518    1231.7622   516.931987794668          -910.138500011169           -426.573303399596       463.55647
design3_rebuilt_mutated_A_55_GLY.pdb   531.788869985867    1226.34062  514.196844492935          -900.695012506754           -397.774652318664       490.54953
design3_rebuilt_mutated_A_63_GLU.pdb   532.449108704303    1266.27163  528.076985692144          -915.114699484951           -395.276841474762       490.54953
design3_rebuilt_mutated_A_27_PRO.pdb   533.31127910014     1232.46457  512.700761109641          -887.811296358673           -398.449497196634       538.28449
design3_rebuilt_mutated_A_3_MET.pdb    536.082962305297    1252.5173   520.575871753487          -905.682599111055           -395.30913601878        490.54953
design3_rebuilt_mutated_A_63_CYS.pdb   537.648922206344    1259.99573  523.951312856851          -910.206711513034           -395.276841474762       490.54953
design3_rebuilt_mutated_A_30_SER.pdb   538.271170955511    1245.17495  522.493476565919          -905.941531895756           -392.971875232669       488.80484
design3_rebuilt_mutated_A_63_HIS.pdb   538.952239989715    1269.96121  530.127375817883          -917.869310028277           -395.276841474762       490.54953
design3_rebuilt_mutated_A_44_TRP.pdb   539.025632798413    1257.95549  528.39153636058           -915.040641245561           -399.67384403224        377.68049
design3_rebuilt_mutated_A_3_ASN.pdb    540.177996185986    1246.3854   517.666108957238          -902.306942798841           -395.30913601878        490.54953
design3_rebuilt_mutated_A_12_GLU.pdb   540.291784330039    1250.10241  525.880244034504          -922.888740648995           -414.354146687          506.39803
design3_rebuilt_mutated_A_31_GLU.pdb   541.609384761074    1281.24643  537.418492966456          -939.871813996474           -438.619883430353       492.10213
design3_rebuilt_mutated_A_20_PRO.pdb   542.423139013627    1229.4422   513.695184934756          -909.665326340085           -385.845733936874       515.1454
design3_rebuilt_mutated_A_13_GLU.pdb   543.62019996338     1294.34526  542.267849373907          -940.959599482304           -400.131012880675       595.51588
design3_rebuilt_mutated_A_9_HIS.pdb    544.463613322091    1263.91745  532.433512289162          -930.108999515012           -413.355976665119       510.42763
design3_rebuilt_mutated_A_13_PHE.pdb   545.303075806045    1289.82737  539.807369149042          -939.428056994743           -410.563724044977       498.15077
design3_rebuilt_mutated_A_27_SER.pdb   545.454398059061    1191.4189   494.799350100282          -861.621432175463           -382.366004777505       507.89385
design3_rebuilt_mutated_A_55_ASP.pdb   545.479478544203    1246.67887  519.895741823151          -907.633155282768           -398.936766304517       490.54953
design3_rebuilt_mutated_A_20_TRP.pdb   546.336039116333    1275.27395  536.650156592272          -948.295439124995           -401.688729198524       579.51465
design3_rebuilt_mutated_A_26_ILE.pdb   546.691469080664    1260.18063  529.708661273258          -920.671637947252           -400.826667218862       489.64543
design3_rebuilt_mutated_A_20_ALA.pdb   547.174200554273    1229.97962  513.988609402888          -905.896520609485           -366.285954829678       515.69861
design3_rebuilt_mutated_A_20_THR.pdb   547.357938662879    1236.85276  516.21400762684           -913.153301936705           -377.798659361585       591.41973
design3_rebuilt_mutated_A_59_TRP.pdb   548.289859732761    1329.5149   558.405532030191          -957.193279366368           -397.46755200147        490.54953
design3_rebuilt_mutated_A_55_ALA.pdb   548.440269965061    1234.01782  515.290139961644          -902.029546698973           -398.139004365256       490.54953
design3_rebuilt_mutated_A_3_ARG.pdb    548.677727494537    1258.2868   521.036100271034          -906.116955763327           -395.30913601878        490.54953
design3_rebuilt_mutated_A_30_THR.pdb   549.129783222268    1246.03099  520.780391999758          -903.698875925807           -392.290234977111       488.80078
design3_rebuilt_mutated_A_12_GLY.pdb   550.11467167514     1243.58853  520.596507552248          -914.957504192292           -391.904069125303       557.13569
design3_rebuilt_mutated_A_16_TRP.pdb   550.441942103584    1283.34164  534.610010485528          -922.664078061323           -339.160754307684       536.23324
design3_rebuilt_mutated_A_37_TYR.pdb   550.492611720614    1250.41895  522.96408018428           -920.465190753829           -402.076144116879       491.72126
design3_rebuilt_mutated_A_16_LYS.pdb   551.028317385094    1289.06054  537.521153757674          -931.422247385908           -385.203880568201       487.00156
design3_rebuilt_mutated_A_9_TYR.pdb    551.538583407316    1245.97455  521.752117046955          -917.71188566563            -415.791493719365       507.59643
design3_rebuilt_mutated_A_30_GLY.pdb   552.669606579602    1238.77001  515.761208907181          -897.877688666086           -414.884260144694       453.87935
design3_rebuilt_mutated_A_45_TYR.pdb   553.459318971412    1261.28659  527.632253080899          -940.440500381071           -441.5432185335         493.8835
design3_rebuilt_mutated_A_45_SER.pdb   553.46057611786     1248.67556  526.869470468428          -898.985781798434           -349.570344588875       611.32613
design3_rebuilt_mutated_A_42_THR.pdb   553.502612763209    1274.61808  533.701531428317          -916.960104241787           -385.231501673725       589.43082
design3_rebuilt_mutated_A_6_ILE.pdb    554.343385833806    1242.4355   517.351825906255          -903.142008939193           -395.999741858474       490.54953
design3_rebuilt_mutated_A_31_GLN.pdb   554.767516364247    1282.22848  535.068645130784          -933.892332789548           -431.335071664742       491.99563
design3_rebuilt_mutated_A_26_THR.pdb   555.650008230237    1258.7061   526.74880301204           -914.417102699655           -397.417853644666       489.9605
design3_rebuilt_mutated_A_30_PRO.pdb   555.799026036757    1244.2038   518.730689809364          -900.944411149346           -410.847421864102       462.28524
design3_rebuilt_mutated_A_55_ASN.pdb   556.705800820519    1247.72321  519.729895537021          -907.873307627979           -399.374002978099       490.54953
design3_rebuilt_mutated_A_44_PHE.pdb   557.780631745331    1248.8996   519.619570985605          -884.752629657289           -359.95062586968        423.80705
design3_rebuilt_mutated_A_20_SER.pdb   559.094640710559    1231.11046  511.718467075439          -901.95883217516            -364.089518445852       515.08409
design3_rebuilt_mutated_A_45_GLU.pdb   559.716275568119    1298.09667  542.765835205251          -932.550613555009           -349.613496756163       576.77186
design3_rebuilt_mutated_A_52_ARG.pdb   559.797747037073    1306.10173  545.549760194588          -943.17518642491            -390.314648928377       511.87575
design3_rebuilt_mutated_A_6_LEU.pdb    560.057236506594    1243.12501  517.11020407562           -902.196297077258           -395.02045813996        490.54953
design3_rebuilt_mutated_A_9_PRO.pdb    560.657996819263    1229.66303  511.11307603824           -897.777622079557           -401.858714343548       491.03043
design3_rebuilt_mutated_A_17_CYS.pdb   560.9776344493      1248.84789  521.244030937823          -915.935643599804           -329.672013263847       573.15151
design3_rebuilt_mutated_A_63_TRP.pdb   561.251918441226    1288.42287  535.078928009431          -923.717921053409           -395.276841474762       490.54953
design3_rebuilt_mutated_A_2_MET.pdb    561.709022878891    1275.1441   533.55601678616           -929.149037057372           -402.232935320766       490.54953
design3_rebuilt_mutated_A_52_THR.pdb   561.852519837223    1257.7843   524.755743408839          -917.864687840253           -400.071797366123       469.28626
design3_rebuilt_mutated_A_2_ALA.pdb    562.214599297002    1249.56841  522.782930473459          -915.928439182704           -402.232936005227       490.54953
design3_rebuilt_mutated_A_30_ASP.pdb   563.347919156323    1247.54089  518.741241396846          -901.007679062784           -417.477401563798       453.87935
design3_rebuilt_mutated_A_30_ALA.pdb   563.367564570191    1242.64601  515.991848597344          -895.108410657164           -411.081878293285       453.87935
design3_rebuilt_mutated_A_2_SER.pdb    563.52781840727     1250.32131  523.005390855996          -916.22744228414            -402.232936005227       490.54953
design3_rebuilt_mutated_A_62_PRO.pdb   563.622812649229    1243.06517  515.319426725518          -899.703951558424           -395.251193548229       490.54953
design3_rebuilt_mutated_A_30_ASN.pdb   564.10669537471     1247.53476  518.978910225506          -901.0466973739             -416.13542522834        453.87935
design3_rebuilt_mutated_A_17_GLN.pdb   565.934022186153    1301.7842   540.759912750457          -930.989548316651           -385.252677493342       509.59271
design3_rebuilt_mutated_A_48_ARG.pdb   565.942500592243    1291.63632  535.455110094067          -936.633275157146           -394.501967110075       489.56277
design3_rebuilt_mutated_A_62_GLY.pdb   566.033539677225    1243.06517  515.039965099272          -899.369349787913           -395.251193548229       490.54953
design3_rebuilt_mutated_A_2_THR.pdb    566.51473135383     1254.98381  523.879421284044          -917.156796951524           -402.232936005227       490.54953
design3_rebuilt_mutated_A_34_ARG.pdb   566.595403448948    1259.35861  523.624854500476          -910.884098608826           -391.076535556036       513.61958
design3_rebuilt_mutated_A_62_ALA.pdb   566.65653103513     1243.06517  514.874671601227          -899.162263213918           -395.251193548229       490.54953
design3_rebuilt_mutated_A_2_VAL.pdb    566.657991528948    1259.08506  524.830448070022          -918.136476215492           -402.232936005227       490.54953
design3_rebuilt_mutated_A_30_GLN.pdb   567.672244170585    1242.62291  515.465495101936          -894.242333760624           -411.76541249038        453.87935
design3_rebuilt_mutated_A_62_CYS.pdb   567.970610492223    1243.06517  514.646598147774          -898.882795618852           -395.251193548229       490.54953
design3_rebuilt_mutated_A_62_SER.pdb   568.199717604134    1243.06517  514.650892490659          -898.89273409378            -395.251193548229       490.54953
design3_rebuilt_mutated_A_2_CYS.pdb    568.382997362805    1255.02651  523.579540110528          -916.766517125991           -402.232936005227       490.54953
design3_rebuilt_mutated_A_58_PRO.pdb   568.685982417756    1257.25222  520.227053930986          -905.401487414638           -395.251193548229       490.54953
design3_rebuilt_mutated_A_52_TRP.pdb   568.762296557462    1293.81473  538.398061632799          -934.365371709479           -374.788677974283       497.77696
design3_rebuilt_mutated_A_55_CYS.pdb   568.905830039953    1244.50791  516.667294162791          -903.228985347437           -397.531430260799       490.54953
design3_rebuilt_mutated_A_13_THR.pdb   569.03837322656     1273.99598  526.684898771268          -914.544796454016           -388.38376123365        482.50418
design3_rebuilt_mutated_A_13_ASN.pdb   569.385420269557    1277.06265  527.831530110012          -915.615983428658           -389.903826249563       482.98195
design3_rebuilt_mutated_A_2_ASP.pdb    569.878473096389    1258.18611  524.299841447669          -917.54091181013            -402.232936005227       490.54953
design3_rebuilt_mutated_A_31_GLY.pdb   569.882534367287    1250.68639  519.529029260118          -904.917927503252           -412.508415144984       461.54623
design3_rebuilt_mutated_A_55_SER.pdb   570.169888111024    1238.5753   514.617243359738          -900.696177701038           -397.348521603399       490.54953
design3_rebuilt_mutated_A_17_ILE.pdb   570.310661156835    1276.88925  529.910039080634          -920.913290171895           -337.397539296747       571.64886
design3_rebuilt_mutated_A_30_HIS.pdb   570.457059912151    1246.68343  517.320958599815          -898.226138653775           -415.763614677444       453.87935
design3_rebuilt_mutated_A_20_GLY.pdb   570.716913150288    1226.3971   505.551902059197          -890.76228293312            -381.138343034179       506.75183
design3_rebuilt_mutated_A_2_GLN.pdb    570.731895633062    1259.5539   524.570817847037          -917.829907850441           -402.232936005227       490.54953
design3_rebuilt_mutated_A_6_MET.pdb    570.97904177981     1270.69461  529.417688899228          -923.114009790883           -401.498226176983       490.54953
design3_rebuilt_mutated_A_58_TYR.pdb   571.087223721484    1259.25248  521.170248952995          -906.780246514239           -395.251193548229       490.54953
design3_rebuilt_mutated_A_49_GLN.pdb   571.142811050944    1295.82272  539.470719168964          -942.439980357288           -403.224053208525       505.25665
design3_rebuilt_mutated_A_6_THR.pdb    571.902057733447    1245.7478   515.739467233306          -900.972516849141           -395.807790210582       490.54953
design3_rebuilt_mutated_A_2_ASN.pdb    572.132246560207    1259.29671  524.408960917977          -917.653624006752           -402.232936005227       490.54953
design3_rebuilt_mutated_A_51_TYR.pdb   572.52197853386     1317.83098  549.331921041127          -941.42982268531            -376.945759491333       503.42313
design3_rebuilt_mutated_A_6_ARG.pdb    572.767244896519    1279.83588  542.51055704627           -961.732171789613           -422.653337321913       615.96802
design3_rebuilt_mutated_A_6_VAL.pdb    573.431468860832    1245.7478   515.257244844805          -899.951098764294           -395.256437148322       490.54953
design3_rebuilt_mutated_A_62_THR.pdb   573.495291782542    1245.43183  515.07129706262           -899.37633503177            -395.251193548229       490.54953
design3_rebuilt_mutated_A_42_GLU.pdb   573.763096588219    1306.83434  542.414915521154          -941.768872296099           -419.337571309742       466.24746
design3_rebuilt_mutated_A_26_VAL.pdb   574.295858679006    1258.88362  522.700914202687          -907.249714058953           -394.973591119301       489.72972
design3_rebuilt_mutated_A_52_MET.pdb   574.713081615563    1302.54303  541.767049628252          -939.65620543478            -397.398811914427       489.80218
design3_rebuilt_mutated_A_30_TYR.pdb   575.101861797813    1246.49234  516.612599561948          -896.483923831301           -413.177314275603       453.87935
design3_rebuilt_mutated_A_3_PRO.pdb    575.180799844671    1275.51816  528.131976894742          -921.771822488454           -402.340843841013       490.54953
design3_rebuilt_mutated_A_6_PRO.pdb    575.440404775307    1217.91855  504.155635482832          -888.08033653222            -397.055371055442       491.03043
design3_rebuilt_mutated_A_26_LEU.pdb   575.442422801908    1264.50298  524.926602826434          -911.80589670019            -396.522393653326       489.97108
design3_rebuilt_mutated_A_52_VAL.pdb   575.513235177896    1293.22457  536.412805151514          -930.915556135564           -400.242223544438       469.28626
design3_rebuilt_mutated_A_3_ALA.pdb    575.694210664081    1270.39826  526.514179186958          -919.998498773229           -402.340843841013       490.54953
design3_rebuilt_mutated_A_59_ILE.pdb   575.723679542365    1272.11321  524.412307466946          -910.156353035232           -395.251193548229       490.54953
design3_rebuilt_mutated_A_55_GLU.pdb   575.854547756254    1257.35762  519.720718365184          -906.252250247018           -397.615700812199       490.54953
design3_rebuilt_mutated_A_62_VAL.pdb   576.002674474799    1245.76673  514.863600201924          -899.121620619249           -395.251193548229       490.54953
design3_rebuilt_mutated_A_9_GLU.pdb    576.671301986033    1252.85849  519.434516700722          -907.690933662305           -400.338346130203       513.99928
design3_rebuilt_mutated_A_20_CYS.pdb   576.741454919971    1239.57281  511.921163284067          -897.515542279008           -354.26259120062        592.15402
design3_rebuilt_mutated_A_37_ARG.pdb   576.776935156893    1333.0668   554.323813350836          -960.164448716672           -418.424230611813       490.54953
design3_rebuilt_mutated_A_9_GLN.pdb    576.863263374323    1253.02674  519.61887012345           -907.824596855806           -399.506918442162       513.79368
design3_rebuilt_mutated_A_9_THR.pdb    577.87767952485     1245.10879  515.57845641638           -903.371419302424           -397.679577149546       490.39953
design3_rebuilt_mutated_A_30_PHE.pdb   578.094010725311    1246.49587  515.770137366432          -894.774929205194           -412.269934102011       453.87935
design3_rebuilt_mutated_A_62_ASN.pdb   578.820790927301    1247.60521  514.893745918355          -899.1168859785             -395.251193548229       490.54953
design3_rebuilt_mutated_A_20_MET.pdb   578.854439532048    1256.37023  521.509755009934          -905.240397320712           -342.248654179594       591.58374
design3_rebuilt_mutated_A_62_ASP.pdb   579.484886225806    1246.04087  514.399534789319          -898.564354398194           -395.251193548229       490.54953
design3_rebuilt_mutated_A_58_HIS.pdb   579.669466375255    1258.14837  519.281999906309          -904.362770972917           -395.251193548229       490.54953
design3_rebuilt_mutated_A_37_ILE.pdb   580.023684717366    1302.92449  541.660883146576          -941.017954391416           -395.690197518375       628.87494
design3_rebuilt_mutated_A_47_GLY.pdb   580.141418153882    1248.24393  516.499592983278          -899.831463256278           -394.995950363011       490.54953
design3_rebuilt_mutated_A_58_GLY.pdb   580.298111299486    1257.32605  518.143862614927          -902.775793120463           -395.251193548229       490.54953
design3_rebuilt_mutated_A_3_CYS.pdb    580.513227094717    1258.76541  522.52222470186           -915.223178000893           -402.232936005227       490.54953
design3_rebuilt_mutated_A_31_HIS.pdb   580.753381967451    1279.9081   530.348832834068          -921.873351727391           -388.253820044477       511.99693
design3_rebuilt_mutated_A_2_PRO.pdb    581.001507427261    1238.95162  512.934850826491          -897.123383347095           -395.251193548229       490.54953
design3_rebuilt_mutated_A_55_GLN.pdb   581.181295775182    1259.56054  519.73401724607           -906.444012303755           -397.661213199597       490.54953
design3_rebuilt_mutated_A_30_CYS.pdb   581.211107539155    1242.62291  513.100168436931          -889.035154065938           -407.206246887666       453.87935
design3_rebuilt_mutated_A_26_ASN.pdb   582.75763086959     1257.93633  521.288978011605          -911.4765634551             -403.573483833942       490.54953
design3_rebuilt_mutated_A_44_TYR.pdb   582.978181317937    1251.0748   516.891128413647          -881.641446282745           -357.566372764765       508.42182
design3_rebuilt_mutated_A_9_SER.pdb    583.015716505412    1232.62834  508.541477533666          -892.09055309949            -395.081773811144       491.03043
design3_rebuilt_mutated_A_52_TYR.pdb   583.022295531462    1312.85236  544.630568445154          -943.658592925195           -398.22509703637        493.95936
design3_rebuilt_mutated_A_37_LEU.pdb   583.069920245418    1311.03994  543.637615708162          -935.020092629742           -391.135483639255       477.05947
design3_rebuilt_mutated_A_16_ARG.pdb   583.093128367355    1291.88236  531.234578259379          -918.299793226505           -381.878758665187       487.01666
design3_rebuilt_mutated_A_38_PRO.pdb   583.332722683029    1291.26921  540.589610182712          -934.829455515611           -349.308213553495       483.97857
design3_rebuilt_mutated_A_55_TYR.pdb   583.444669741802    1291.05123  533.103619656735          -923.268887896665           -388.252724005928       493.49508
design3_rebuilt_mutated_A_52_PHE.pdb   583.520672593626    1305.43983  541.98533769646           -940.246583010813           -397.593474790386       493.96986
design3_rebuilt_mutated_A_37_HIS.pdb   583.647276547322    1254.43197  517.711451597757          -898.450642706496           -392.155136539652       477.05947
design3_rebuilt_mutated_A_52_HIS.pdb   583.845438342827    1297.52936  535.965248588324          -928.23023845716            -397.05466288904        480.55666
design3_rebuilt_mutated_A_37_PHE.pdb   584.159718694439    1255.80753  518.903402281496          -896.823425806516           -389.97089127954        477.05947
design3_rebuilt_mutated_A_27_ASP.pdb   584.551607017034    1205.59395  495.24556730337           -868.174628638787           -356.953156064362       563.41991
design3_rebuilt_mutated_A_17_LEU.pdb   584.616894684687    1308.53852  541.776473172272          -941.54916920325            -394.496884710811       505.80235
design3_rebuilt_mutated_A_52_ASP.pdb   585.011619515962    1290.18411  532.854690549088          -923.418332459969           -396.514860477271       481.23576
design3_rebuilt_mutated_A_13_ASP.pdb   585.904929420525    1276.45308  524.046643649868          -908.902993071973           -376.04063960212        504.5471
design3_rebuilt_mutated_A_31_ASN.pdb   585.918016564481    1266.01132  523.497672168899          -912.228187999053           -408.945587313537       492.75213
design3_rebuilt_mutated_A_12_TYR.pdb   585.932763546198    1254.74694  517.653852191298          -906.407059214479           -375.988452640628       492.13305
design3_rebuilt_mutated_A_27_CYS.pdb   586.476019451365    1199.34471  491.944474367887          -854.537620626599           -376.576987786337       518.02389
design3_rebuilt_mutated_A_31_ASP.pdb   586.97935543953     1265.62166  524.145232239274          -915.134578945389           -404.762894199771       497.11113
design3_rebuilt_mutated_A_26_SER.pdb   587.261428861471    1256.80047  520.08087345381           -906.438354145439           -393.72468078291        490.54953
design3_rebuilt_mutated_A_20_VAL.pdb   587.463808843755    1239.69606  510.166138393428          -891.116825664085           -345.440291985051       557.83974
design3_rebuilt_mutated_A_37_MET.pdb   587.779786111735    1318.94299  547.023193446306          -943.909195522378           -399.228767296353       490.54953
design3_rebuilt_mutated_A_27_ASN.pdb   588.449828345454    1213.32888  498.852447676326          -862.26565204777            -337.925334668556       569.86222
design3_rebuilt_mutated_A_59_VAL.pdb   589.075788470778    1272.58502  526.476065956573          -919.786019600179           -402.232936005227       490.54953
design3_rebuilt_mutated_A_31_LEU.pdb   589.179555809759    1277.00473  528.494566630032          -918.134831604025           -386.822305836595       515.16051
design3_rebuilt_mutated_A_51_SER.pdb   589.393916236427    1260.55402  519.074448056065          -903.97588000845            -395.035696835067       490.54953
design3_rebuilt_mutated_A_45_CYS.pdb   590.017867283118    1237.36435  517.538042143942          -855.369793115321           -286.902919594093       577.94549
design3_rebuilt_mutated_A_58_PHE.pdb   590.140278259798    1259.24059  519.08494268314           -904.227702924974           -395.251193548229       490.54953
design3_rebuilt_mutated_A_9_ALA.pdb    590.465150742889    1232.73573  507.485810838393          -888.76417540813            -389.479892140788       491.03043
design3_rebuilt_mutated_A_31_SER.pdb   590.598142912048    1248.84054  513.979026819234          -893.862328473629           -387.499892016906       490.54883
design3_rebuilt_mutated_A_51_GLY.pdb   590.661348013379    1258.92373  518.038403513906          -902.765934967936           -395.500817171745       490.54953
design3_rebuilt_mutated_A_44_ASN.pdb   590.974703759528    1248.26233  514.678623763676          -890.344415468679           -382.905510080481       493.13132
design3_rebuilt_mutated_A_44_PRO.pdb   590.996664102046    1248.15475  515.274154226805          -887.588594966726           -377.919399234697       493.06942
design3_rebuilt_mutated_A_26_PRO.pdb   591.549545496561    1256.61186  518.29203002443           -906.813203365969           -401.372111261323       490.57981
design3_rebuilt_mutated_A_44_ASP.pdb   592.016827815799    1248.26233  514.460127560803          -889.36562876571            -381.994147493041       493.13132
design3_rebuilt_mutated_A_13_GLN.pdb   592.892123256244    1284.59805  527.036289706177          -914.838609859255           -369.497286922644       500.41458
design3_rebuilt_mutated_A_47_ALA.pdb   592.99798821275     1254.29393  516.978604893262          -900.234359024519           -394.152621025259       490.54953
design3_rebuilt_mutated_A_9_GLY.pdb    593.153280317607    1228.09734  504.028503742347          -881.516318170856           -392.955065910995       491.03043
design3_rebuilt_mutated_A_51_PHE.pdb   593.193704611505    1308.0254   540.111200837816          -928.584025584344           -391.727545245335       490.54953
design3_rebuilt_mutated_A_17_GLU.pdb   593.253929695616    1258.53005  516.376973742645          -901.172149740321           -384.935944801358       482.80205
design3_rebuilt_mutated_A_47_PRO.pdb   593.379288179457    1253.58203  517.320129485641          -902.427316777618           -397.099580558931       490.54953
design3_rebuilt_mutated_A_55_PHE.pdb   593.455222548069    1281.45631  526.749105032074          -915.048239577429           -389.143822472762       493.36283
design3_rebuilt_mutated_A_37_GLU.pdb   594.162989195624    1314.87166  542.262052211344          -929.394424191929           -392.734316525695       477.05947
design3_rebuilt_mutated_A_47_THR.pdb   594.805060773302    1241.34866  511.204715337133          -891.851403613469           -391.577883143963       490.54953
design3_rebuilt_mutated_A_26_GLY.pdb   595.006180109474    1251.05373  515.084676514178          -899.400810763702           -390.197553067894       491.22953
design3_rebuilt_mutated_A_26_ALA.pdb   595.269177458884    1256.83293  517.638545540117          -902.954730897029           -395.565319724601       490.5336
design3_rebuilt_mutated_A_58_LEU.pdb   595.911410699995    1258.66614  516.88931969176           -901.295422852068           -395.251193548229       490.54953
design3_rebuilt_mutated_A_34_THR.pdb   597.006337665354    1259.16887  517.664192544948          -906.300056986475           -397.427882051734       498.29442
design3_rebuilt_mutated_A_3_THR.pdb    597.190681599304    1240.62873  510.417642356591          -893.887772428244           -395.251193548229       490.54953
design3_rebuilt_mutated_A_23_GLY.pdb   598.438975480539    1242.60429  509.552437495131          -885.968581150407           -391.912366946034       491.95151
design3_rebuilt_mutated_A_31_ALA.pdb   599.41925162579     1249.99646  513.865692676812          -890.435791332415           -380.873529981281       493.74013
design3_rebuilt_mutated_A_3_LYS.pdb    599.828766004574    1266.55312  524.418737133794          -911.962819899282           -395.276841474762       490.54953
design3_rebuilt_mutated_A_62_TYR.pdb   600.531622498703    1255.6024   515.687164490482          -900.028155518026           -395.251193548229       490.54953
design3_rebuilt_mutated_A_9_MET.pdb    600.734010528395    1251.16389  512.969758143523          -894.908520603631           -393.039422412746       489.80463
design3_rebuilt_mutated_A_9_ASP.pdb    601.23440507706     1234.46259  506.14745150163           -883.494117774934           -386.451646849991       491.03043
design3_rebuilt_mutated_A_27_GLU.pdb   601.28777788095     1215.69962  498.058648062547          -871.843276441606           -399.152539196341       435.47047
design3_rebuilt_mutated_A_13_ALA.pdb   601.575393522409    1278.77809  521.50149375462           -905.510710058594           -382.25225126083        477.83288
design3_rebuilt_mutated_A_17_ASP.pdb   601.742962022678    1308.717    538.439228357439          -933.564295228307           -371.414524490158       510.6354
design3_rebuilt_mutated_A_62_LEU.pdb   602.083002161244    1252.89917  514.494038641952          -898.643782079585           -395.251193548229       490.54953
design3_rebuilt_mutated_A_47_SER.pdb   602.130720218208    1254.33873  515.986439184009          -899.840564978537           -395.763698448414       490.54953
design3_rebuilt_mutated_A_44_GLY.pdb   602.387510112946    1245.46627  511.851170286479          -876.786356874218           -355.500454671707       553.61499
design3_rebuilt_mutated_A_30_TRP.pdb   602.483791499497    1262.95219  520.490061624284          -904.076028898638           -390.076840023445       489.21079
design3_rebuilt_mutated_A_52_GLN.pdb   602.698902670111    1247.82592  509.782118527179          -889.532327115074           -386.0469027472         469.28626
design3_rebuilt_mutated_A_31_ARG.pdb   602.72880721874     1288.20666  530.004001423597          -921.955378877012           -342.893609808322       541.81884
design3_rebuilt_mutated_A_26_ASP.pdb   602.77433121722     1257.77893  517.197149637723          -903.563412075176           -398.771548835139       490.54953
design3_rebuilt_mutated_A_42_TRP.pdb   602.940804011278    1304.95088  538.108530453608          -917.419708115529           -398.646638173945       467.96998
design3_rebuilt_mutated_A_45_ILE.pdb   603.26028189752     1254.1146   516.097817964066          -885.111077029914           -350.974532935856       593.9993
design3_rebuilt_mutated_A_44_ALA.pdb   603.342014170146    1248.30229  512.968083966199          -882.613014801127           -373.781694942447       493.10472
design3_rebuilt_mutated_A_47_TRP.pdb   603.506876155867    1267.88362  521.49685972244           -902.246363186692           -389.248306568406       490.54953
design3_rebuilt_mutated_A_9_ASN.pdb    603.857088816085    1235.25543  506.147039923325          -883.441007317782           -386.862501595616       491.03043
design3_rebuilt_mutated_A_47_TYR.pdb   604.13781666565     1258.19773  516.180262736666          -897.519473995384           -391.472788628246       490.54953
design3_rebuilt_mutated_A_28_GLN.pdb   604.140708206571    1260.46812  518.06808769179           -903.630811986707           -400.630547224005       490.88532
design3_rebuilt_mutated_A_62_HIS.pdb   604.380181840465    1253.14627  514.543168536643          -898.712733358335           -395.251193548229       490.54953
design3_rebuilt_mutated_A_58_TRP.pdb   604.42651451532     1260.24567  517.792227368496          -902.645441273901           -395.251193548229       490.54953
design3_rebuilt_mutated_A_51_PRO.pdb   604.760375538348    1260.53649  517.771249160216          -902.881152823482           -395.306787530378       490.54953
design3_rebuilt_mutated_A_28_GLU.pdb   605.027729688335    1260.27023  517.97267181276           -900.955546617483           -398.550420675459       490.68743
design3_rebuilt_mutated_A_51_THR.pdb   605.093104211773    1283.63579  527.873440497449          -914.551221902101           -393.808422220246       490.54953
design3_rebuilt_mutated_A_62_GLU.pdb   605.245097052663    1255.86632  514.80055282873           -898.925091399306           -395.251193548229       490.54953
design3_rebuilt_mutated_A_47_LYS.pdb   605.506498442557    1259.17333  516.631562035056          -904.398748262359           -403.497145744982       490.54953
design3_rebuilt_mutated_A_2_TRP.pdb    605.555254110345    1285.79867  528.45183993103           -915.730362676302           -395.251190322733       490.54953
design3_rebuilt_mutated_A_44_GLU.pdb   605.565797694095    1284.05971  527.17921619517           -899.632539379746           -374.886797801884       493.13132
design3_rebuilt_mutated_A_62_ILE.pdb   606.098495413353    1255.62233  515.05775902701           -899.277997024947           -395.251193548229       490.54953
design3_rebuilt_mutated_A_33_ASP.pdb   606.369390954127    1260.81868  517.640093942804          -903.270910127411           -396.900976723918       490.54953
design3_rebuilt_mutated_A_17_HIS.pdb   606.441584198351    1281.06178  522.729054363247          -904.080269200989           -371.215967806126       507.87287
design3_rebuilt_mutated_A_47_PHE.pdb   606.463818624272    1258.36613  516.192221681269          -897.595883386799           -391.759864324653       490.54953
design3_rebuilt_mutated_A_47_ASP.pdb   606.691591074837    1255.60523  515.489107830829          -898.097146416712           -393.808687998762       490.54953
design3_rebuilt_mutated_A_63_PHE.pdb   607.202921390456    1287.61059  528.405211163859          -915.440068180598           -395.276841474762       490.54953
design3_rebuilt_mutated_A_49_ARG.pdb   607.217768513695    1321.57748  543.749030959536          -942.855789557192           -404.105783142134       580.72823
design3_rebuilt_mutated_A_2_PHE.pdb    607.234135031786    1287.8916   531.120177995556          -925.325730695457           -402.232932779731       490.54953
design3_rebuilt_mutated_A_17_SER.pdb   607.339735182472    1310.68686  538.178694232655          -932.061846026949           -391.215246202046       498.23203
design3_rebuilt_mutated_A_35_PRO.pdb   607.429328588458    1259.97329  515.753083659133          -899.469639449137           -368.057454351986       474.47623
design3_rebuilt_mutated_A_62_PHE.pdb   608.279786114458    1255.60622  514.999839508374          -899.236934533485           -395.251193548229       490.54953
design3_rebuilt_mutated_A_51_ILE.pdb   608.347408946052    1295.57792  531.568230208673          -918.014482854999           -392.866002343469       490.54953
design3_rebuilt_mutated_A_9_LEU.pdb    608.496342596473    1242.96797  508.944126123176          -890.588840332441           -384.855236066327       507.28673
design3_rebuilt_mutated_A_44_SER.pdb   608.653868217095    1249.17271  511.645022722871          -879.416577564722           -390.561817628359       371.33722
design3_rebuilt_mutated_A_3_GLN.pdb    608.69626480054     1238.04493  509.227935628592          -892.612249291724           -395.251193548229       490.54953
design3_rebuilt_mutated_A_47_ASN.pdb   608.720782571863    1255.96133  515.871723833608          -900.929632709335           -397.690720222595       490.54953
design3_rebuilt_mutated_A_26_LYS.pdb   609.076578168395    1259.48753  516.580288899495          -901.787759809009           -393.592256384334       490.54953
design3_rebuilt_mutated_A_35_THR.pdb   609.544850104859    1266.10512  518.864932661439          -902.346295244556           -394.398315768378       489.33414
design3_rebuilt_mutated_A_48_HIS.pdb   609.631348225923    1250.57768  512.068426207287          -891.169043961825           -382.616952712578       470.89601
design3_rebuilt.pdb                    609.733812463899    1260.13233  516.444980904595          -900.874461156496           -395.251193548229       490.54953
design3_rebuilt_mutated_A_42_PHE.pdb   609.972273453723    1273.24641  523.849588120575          -891.46397454921            -370.775445657845       522.73866
design3_rebuilt_mutated_A_47_HIS.pdb   609.991963504729    1256.11063  515.394363918975          -899.31817581928            -396.119479971732       490.54953
design3_rebuilt_mutated_A_44_GLN.pdb   610.034986418818    1248.26233  511.170144712325          -881.500274591598           -376.189339531547       493.13132
design3_rebuilt_mutated_A_30_LYS.pdb   610.28934274333     1260.34547  516.965420317365          -898.238660984934           -408.540449876277       462.01107
design3_rebuilt_mutated_A_34_MET.pdb   610.605177308113    1262.84116  517.352467904017          -901.526903486034           -341.163656945311       527.21343
design3_rebuilt_mutated_A_47_MET.pdb   610.670583077825    1266.65753  519.088561974402          -901.011136669348           -391.838131824537       490.54953
design3_rebuilt_mutated_A_9_CYS.pdb    611.052550620026    1235.09259  503.314793667878          -880.499964146336           -385.949936299796       491.03043
design3_rebuilt_mutated_A_38_ASN.pdb   611.102739691231    1263.06861  518.174562359549          -904.122064557443           -394.743187322658       493.44845
design3_rebuilt_mutated_A_33_ALA.pdb   611.283572180835    1260.13233  516.19320523685           -900.457311221615           -394.807288267587       490.54953
design3_rebuilt_mutated_A_2_LEU.pdb    611.453768583761    1256.63073  515.142114015452          -899.427859467832           -395.251193548229       490.54953
design3_rebuilt_mutated_A_42_HIS.pdb   611.748573835091    1314.43317  540.964290123703          -915.226119549959           -390.385120856256       483.80813
design3_rebuilt_mutated_A_33_GLY.pdb   612.178145578251    1260.13233  516.201951798024          -900.532663070143           -395.358762394588       490.54953
design3_rebuilt_mutated_A_35_GLY.pdb   612.265483239197    1255.36749  514.303219706425          -897.546962278035           -375.027418065965       575.43398
design3_rebuilt_mutated_A_59_MET.pdb   612.3075188433      1274.25191  520.880214772553          -905.908014575779           -395.251193548229       490.54953
design3_rebuilt_mutated_A_31_LYS.pdb   612.546099313373    1275.22717  523.286403016066          -912.185335147221           -353.13733353034        527.16424
design3_rebuilt_mutated_A_47_LEU.pdb   612.577294248006    1262.25263  516.63659050912           -897.910131281856           -390.987853670487       490.54953
design3_rebuilt_mutated_A_17_MET.pdb   612.693076031027    1293.51096  526.407342151229          -901.177647920735           -380.817882642428       467.29116
design3_rebuilt_mutated_A_31_TYR.pdb   612.769347474843    1275.61758  523.461489303826          -908.417486147064           -424.829062392661       485.63807
design3_rebuilt_mutated_A_42_GLN.pdb   612.850593685557    1263.33072  518.396880615411          -896.608141819482           -387.841695810173       493.30499
design3_rebuilt_mutated_A_28_ASP.pdb   613.077701334519    1260.0027   517.237476501636          -887.490314557848           -376.310860841754       498.35785
design3_rebuilt_mutated_A_34_GLN.pdb   613.397195333771    1258.68404  514.586910783509          -897.850296329554           -393.175483006079       496.76649
design3_rebuilt_mutated_A_12_PHE.pdb   614.11011385972     1251.76546  510.133899442882          -889.214958207301           -367.109167321195       492.12647
design3_rebuilt_mutated_A_37_GLN.pdb   614.112348887671    1316.81826  540.253079410516          -925.389760672357           -388.048285712396       477.05947
design3_rebuilt_mutated_A_33_PHE.pdb   614.193164893858    1260.13233  516.031392961178          -900.255792774778           -394.410259840454       490.54953
design3_rebuilt_mutated_A_33_TRP.pdb   614.476307750569    1260.13233  516.144372514133          -900.424915131827           -394.56657374194        490.54953
design3_rebuilt_mutated_A_28_ASN.pdb   614.599385391147    1261.28475  517.415017813996          -890.659104262456           -375.642899513689       498.46298
design3_rebuilt_mutated_A_52_LEU.pdb   614.601569919571    1297.90355  530.416020646448          -919.578122514146           -383.007149078879       492.8661
design3_rebuilt_mutated_A_30_MET.pdb   614.613229562636    1258.95259  515.634074761143          -895.585963563215           -384.750231318478       487.47589
design3_rebuilt_mutated_A_3_VAL.pdb    614.778028920615    1246.65583  510.599915018496          -894.038284806236           -395.251193548229       490.54953
design3_rebuilt_mutated_A_33_LEU.pdb   614.806896364227    1260.13233  515.902215581297          -900.073743357016           -394.17582047143        490.54953
design3_rebuilt_mutated_A_13_TRP.pdb   614.892535279558    1297.47164  528.377249137782          -908.238090277358           -382.403232361095       475.57628
design3_rebuilt_mutated_A_33_HIS.pdb   614.896581264985    1260.13233  515.816877394927          -899.876575053702           -393.994011448418       490.54953
design3_rebuilt_mutated_A_33_TYR.pdb   614.898798510845    1260.13233  515.908899217666          -900.059650824734           -394.331298292047       490.54953
design3_rebuilt_mutated_A_47_GLN.pdb   615.299449544118    1259.39663  515.771641800178          -901.696703276425           -398.217744925839       490.54953
design3_rebuilt_mutated_A_51_ASN.pdb   615.398426446382    1254.39536  513.186873188126          -895.689932417688           -392.937754482687       490.54953
design3_rebuilt_mutated_A_33_SER.pdb   615.423786763724    1260.13233  515.643818232032          -899.532796456675           -393.743041058065       490.54953
design3_rebuilt_mutated_A_3_HIS.pdb    615.437315103138    1267.98007  518.831740983855          -903.615685901934           -395.251192863769       490.54953
design3_rebuilt_mutated_A_27_THR.pdb   615.680550536393    1206.10088  490.453057381013          -842.950094453112           -339.147340151588       418.37407
design3_rebuilt_mutated_A_30_LEU.pdb   615.757727311857    1256.28515  513.396720211112          -893.30996836968            -404.717578703346       461.69015
design3_rebuilt_mutated_A_52_ASN.pdb   615.990537060957    1290.87965  526.966814383361          -912.616452594672           -389.358491836562       480.96086
design3_rebuilt_mutated_A_33_VAL.pdb   616.316212083482    1261.05474  516.262448399674          -901.46753204902            -395.466732636923       490.54953
design3_rebuilt_mutated_A_35_TRP.pdb   616.725778048947    1319.7186   539.60233009278           -923.775171591937           -382.441370015716       467.2567
design3_rebuilt_mutated_A_13_GLY.pdb   617.111783299492    1271.01225  514.375727544333          -894.101390154842           -374.004972803213       460.87078
design3_rebuilt_mutated_A_62_GLN.pdb   617.203762186457    1260.80502  515.61867102863           -899.850387171566           -395.251193548229       490.54953
design3_rebuilt_mutated_A_33_CYS.pdb   617.296523733302    1260.13233  515.311167761787          -898.903145987512           -392.655235433098       490.54953
design3_rebuilt_mutated_A_33_GLU.pdb   617.337817373582    1260.13233  515.607997769757          -899.71728312904            -394.234510516758       490.54953
design3_rebuilt_mutated_A_47_CYS.pdb   617.439223296575    1255.68443  513.89308790618           -893.526571824917           -389.657854908799       490.54953
design3_rebuilt_mutated_A_35_ASN.pdb   617.766766530278    1270.01021  519.03072033507           -895.593999277278           -375.517029958819       493.59141
design3_rebuilt_mutated_A_52_ILE.pdb   618.048314190178    1296.18297  529.009484498292          -917.73837589493            -383.405917463463       493.67516
design3_rebuilt_mutated_A_30_ARG.pdb   618.211866932485    1280.27797  526.109960020638          -909.992143066142           -407.823954365488       461.99234
design3_rebuilt_mutated_A_33_GLN.pdb   618.285876747858    1260.13233  515.343972715792          -899.205269457804           -393.633224575742       490.54953
design3_rebuilt_mutated_A_44_LYS.pdb   619.152932085852    1248.26233  509.74924220074           -876.248541179229           -370.655388914591       493.13132
design3_rebuilt_mutated_A_27_LEU.pdb   619.474214389507    1213.03829  496.109851965171          -866.018235558786           -376.878332099015       571.95346
design3_rebuilt_mutated_A_48_TYR.pdb   619.773027633513    1274.75528  522.621472885522          -908.155106858269           -371.604763625889       511.46631
design3_rebuilt_mutated_A_35_ALA.pdb   619.836773015564    1260.11483  514.405905451858          -897.664563128391           -363.404960093455       580.78885
design3_rebuilt_mutated_A_33_ARG.pdb   619.83693123331     1260.13233  515.3399597941            -899.347883799816           -394.015864223963       490.54953
design3_rebuilt_mutated_A_55_LEU.pdb   620.118127291211    1295.17787  528.329471561511          -915.887018063021           -397.433747158354       490.54953
design3_rebuilt_mutated_A_55_MET.pdb   620.249193419609    1272.6068   519.662558053833          -905.667769975396           -396.50501481499        490.54953
design3_rebuilt_mutated_A_27_PHE.pdb   620.438430740398    1246.95133  508.693450550474          -885.82819720659            -391.510958573227       469.64616
design3_rebuilt_mutated_A_33_LYS.pdb   620.812960493608    1260.13233  515.387123799268          -899.436742740521           -394.073516679782       490.54953
design3_rebuilt_mutated_A_34_ASP.pdb   621.076699790087    1262.15202  515.594539504352          -890.562455324129           -385.460554239739       491.28217
design3_rebuilt_mutated_A_26_GLU.pdb   621.20320674592     1260.99403  514.808855901051          -897.792443719537           -391.977168173849       490.54953
design3_rebuilt_mutated_A_34_ILE.pdb   621.213036621129    1260.19726  514.409965154047          -892.196546781738           -380.681278462654       490.62643
design3_rebuilt_mutated_A_35_ASP.pdb   621.467570324343    1270.24568  518.518264365535          -902.849310005447           -370.586819694051       473.57069
design3_rebuilt_mutated_A_48_GLY.pdb   621.779944863245    1262.53219  512.674991161199          -885.890342594573           -366.826509261847       556.75265
design3_rebuilt_mutated_A_13_ILE.pdb   621.823329209613    1274.28648  515.200902089505          -894.220993032288           -375.883229258288       486.265
design3_rebuilt_mutated_A_26_CYS.pdb   621.992685719448    1256.89918  513.04691942606           -894.973251150401           -390.959579877985       490.54953
design3_rebuilt_mutated_A_26_MET.pdb   622.098957768521    1259.49103  514.632819262392          -898.073205759334           -392.874960738524       490.54953
design3_rebuilt_mutated_A_41_TYR.pdb   622.160984297037    1265.10295  517.307931837251          -896.331605242327           -388.03253612718        495.51768
design3_rebuilt_mutated_A_38_GLU.pdb   622.341428040214    1295.06829  536.865623683598          -923.466843056835           -301.814168786379       465.60597
design3_rebuilt_mutated_A_47_ARG.pdb   623.122335118682    1271.64197  516.404637665313          -899.110572625276           -385.296605786049       464.75977
design3_rebuilt_mutated_A_31_VAL.pdb   623.122608241719    1255.39871  512.100660247587          -898.500114584341           -397.983576322293       485.28627
design3_rebuilt_mutated_A_55_THR.pdb   623.132915767008    1282.65246  523.136875596946          -910.066824604104           -397.541799668803       490.54953
design3_rebuilt_mutated_A_17_VAL.pdb   623.254808064143    1274.04495  520.57952839717           -907.917407328898           -397.797759359997       506.6571
design3_rebuilt_mutated_A_45_HIS.pdb   623.279973765032    1259.37761  514.204531054135          -887.912112479463           -372.846411359769       471.1728
design3_rebuilt_mutated_A_35_ARG.pdb   623.30515606567     1318.68762  540.06998772954           -924.691621104997           -371.26085651094        483.01546
design3_rebuilt_mutated_A_28_TRP.pdb   623.344028259142    1257.67703  515.401821547165          -879.776439160163           -372.897108128753       513.67572
design3_rebuilt_mutated_A_44_LEU.pdb   623.620360291533    1248.26233  508.882329116472          -869.117546450518           -360.017741455157       493.13132
design3_rebuilt_mutated_A_51_ASP.pdb   623.802583130475    1253.52726  511.985473003385          -894.172457934098           -392.767862542371       490.54953
design3_rebuilt_mutated_A_27_ALA.pdb   623.90883277803     1231.37448  495.798941355592          -855.683218102982           -357.093931258837       372.44338
design3_rebuilt_mutated_A_59_LYS.pdb   624.611480657018    1288.65101  524.218114082367          -909.551872673933           -395.251193548229       490.54953
design3_rebuilt_mutated_A_30_ILE.pdb   624.785452835784    1251.74663  509.856545583209          -884.245397541801           -374.716965558105       478.92153
design3_rebuilt_mutated_A_31_PRO.pdb   625.022105932001    1247.66804  508.467219253045          -879.835450070247           -372.802456914634       446.27893
design3_rebuilt_mutated_A_63_TYR.pdb   625.154263415492    1294.51157  530.22182553583           -917.756987955733           -395.276841474762       490.54953
design3_rebuilt_mutated_A_23_PRO.pdb   625.26729727098     1254.37074  510.321656588071          -890.379090701635           -392.189186658604       490.54953
design3_rebuilt_mutated_A_3_ILE.pdb    625.346456306882    1256.75823  512.808946911885          -896.464304477321           -395.251193548229       490.54953
design3_rebuilt_mutated_A_35_GLN.pdb   625.380122647485    1267.46712  516.794400766731          -899.747186511041           -367.117647074259       473.67325
design3_rebuilt_mutated_A_48_PRO.pdb   626.616795074098    1267.79766  514.611746338932          -892.598822870211           -389.667198354598       495.46461
design3_rebuilt_mutated_A_17_LYS.pdb   626.690352426274    1294.63301  524.01930660265           -897.925640383046           -356.935284171831       452.02386
design3_rebuilt_mutated_A_34_GLU.pdb   626.958231024222    1258.80167  512.49616222365           -889.886992642647           -382.544652994418       497.56402
design3_rebuilt_mutated_A_34_HIS.pdb   627.17764689342     1262.10892  515.653557524589          -889.682059481511           -379.532423413865       491.92452
design3_rebuilt_mutated_A_51_CYS.pdb   627.284408614459    1251.75043  510.584728188718          -891.42986150663            -390.694145029759       490.54953
design3_rebuilt_mutated_A_13_VAL.pdb   627.514456313375    1273.81566  513.652994859501          -892.02639436262            -378.499364869977       484.13826
design3_rebuilt_mutated_A_37_LYS.pdb   628.004176445039    1328.97265  543.240297627836          -923.631003319972           -391.582071551308       477.05947
design3_rebuilt_mutated_A_62_MET.pdb   628.688439745443    1259.11047  513.983070581531          -898.018284610286           -395.251193548229       490.54953
design3_rebuilt_mutated_A_16_HIS.pdb   628.803110264152    1268.64353  516.925885011883          -896.422379974004           -387.8848088092         488.48813
design3_rebuilt_mutated_A_13_LYS.pdb   629.107208499461    1295.81202  524.056436572016          -907.010338938195           -370.671940242034       462.91366
design3_rebuilt_mutated_A_52_CYS.pdb   629.210667067211    1285.74713  521.612128283523          -903.944025087991           -388.891164132118       469.28626
design3_rebuilt_mutated_A_58_LYS.pdb   629.614133648544    1259.61147  514.355853701305          -898.458890493741           -395.251193548229       490.54953
design3_rebuilt_mutated_A_13_CYS.pdb   630.188883110985    1276.16715  513.945822701159          -891.263360576773           -363.701732850542       499.76678
design3_rebuilt_mutated_A_44_CYS.pdb   630.595440329855    1248.26233  508.447049955063          -865.590554645859           -356.556108434955       493.13132
design3_rebuilt_mutated_A_31_CYS.pdb   630.751117907848    1262.12116  514.981307948535          -897.423402377564           -386.069646805261       493.71063
design3_rebuilt_mutated_A_51_HIS.pdb   631.571482723939    1294.43921  526.558558639693          -910.714916263908           -392.281550859206       490.54953
design3_rebuilt_mutated_A_12_HIS.pdb   631.619922048293    1247.77876  504.134608468825          -876.891392405218           -371.684351614907       494.64367
design3_rebuilt_mutated_A_58_ALA.pdb   632.13839031866     1273.9886   518.949704820934          -903.648502052937           -395.251193548229       490.54953
design3_rebuilt_mutated_A_27_GLN.pdb   632.157541171187    1214.02936  490.344424816355          -855.159129408214           -338.966606593406       546.81635
design3_rebuilt_mutated_A_59_ARG.pdb   632.163161477809    1291.26869  525.764852942849          -911.613442174545           -379.810620793935       502.05923
design3_rebuilt_mutated_A_28_ARG.pdb   632.252080579159    1260.19229  513.502164231814          -881.921429532713           -372.035626589794       490.60949
design3_rebuilt_mutated_A_58_MET.pdb   632.334850167627    1259.99135  514.384735165677          -898.516970480633           -395.251193548229       490.54953
design3_rebuilt_mutated_A_51_VAL.pdb   632.394531546707    1280.10517  522.482388508431          -907.14579598775            -392.675538098767       490.54953
design3_rebuilt_mutated_A_34_TYR.pdb   632.488494795304    1263.02073  515.665471617201          -898.461093263263           -387.216356466365       498.23359
design3_rebuilt_mutated_A_3_LEU.pdb    632.724096376055    1261.14913  513.444187969273          -897.146080870292           -395.251193548229       490.54953
design3_rebuilt_mutated_A_51_LYS.pdb   633.242667007749    1277.45968  521.70391434898           -905.816105796242           -392.325887745691       490.54953
design3_rebuilt_mutated_A_34_LEU.pdb   633.322804362965    1263.35849  514.265438534526          -879.447408455525           -360.292717889153       493.5525
design3_rebuilt_mutated_A_45_GLY.pdb   633.412022578832    1247.12474  511.814473476815          -845.041911811949           -283.631765687539       601.37038
design3_rebuilt_mutated_A_58_ARG.pdb   633.755753621791    1260.3379   514.456366617234          -898.646552645639           -395.251193548229       490.54953
design3_rebuilt_mutated_A_16_ILE.pdb   633.947159606039    1266.92222  514.783824161381          -894.013175686039           -378.947906010519       492.28477
design3_rebuilt_mutated_A_30_VAL.pdb   634.154199560224    1242.57083  504.793537318151          -876.759678380149           -368.141557242667       483.26044
design3_rebuilt_mutated_A_58_ASN.pdb   634.262500970424    1274.03983  518.657352187236          -903.280196291419           -395.251193548229       490.54953
design3_rebuilt_mutated_A_35_VAL.pdb   634.568375149676    1265.41576  514.471152547244          -894.202555837884           -364.785407305693       473.36799
design3_rebuilt_mutated_A_13_SER.pdb   634.962109625977    1268.76768  509.551348503263          -885.426133654733           -374.152546375017       477.80168
design3_rebuilt_mutated_A_49_LYS.pdb   634.980502306106    1302.08619  530.548283558645          -913.296934501606           -376.133904066181       552.38046
design3_rebuilt_mutated_A_31_ILE.pdb   635.091079652543    1266.00425  514.193326394667          -903.716225947938           -398.071207129929       483.88337
design3_rebuilt_mutated_A_51_MET.pdb   635.224323969242    1307.8932   532.64903639973           -918.7495698288             -394.284031404385       490.54953
design3_rebuilt_mutated_A_48_ALA.pdb   635.861044764672    1266.57542  512.367109032931          -885.734919611526           -380.904169929188       496.00406
design3_rebuilt_mutated_A_3_PHE.pdb    635.901308368054    1269.45822  517.687000715374          -902.2944340618             -395.251190322733       490.54953
design3_rebuilt_mutated_A_33_PRO.pdb   636.354775841695    1271.77727  518.297208704285          -903.811734469848           -399.066191135438       490.54953
design3_rebuilt_mutated_A_23_GLU.pdb   637.399273461867    1269.03102  515.654670228828          -895.067324346703           -383.188087291957       494.51993
design3_rebuilt_mutated_A_51_LEU.pdb   637.760487113673    1271.10181  516.935294328482          -898.993267068882           -391.800578861724       490.54953
design3_rebuilt_mutated_A_55_VAL.pdb   637.784715489129    1285.76863  522.274107502968          -908.51879169592            -396.646351241132       490.54953
design3_rebuilt_mutated_A_9_LYS.pdb    637.990489603212    1239.35164  501.970997123118          -878.624741259398           -387.359764865832       491.03043
design3_rebuilt_mutated_A_12_TRP.pdb   638.218888128521    1251.23757  504.917999101461          -878.986408435614           -377.2909147534         493.21498
design3_rebuilt_mutated_A_44_THR.pdb   638.862203715529    1271.00453  514.115129942671          -872.95027674236            -350.558813938361       494.05479
design3_rebuilt_mutated_A_34_ASN.pdb   638.973363523796    1261.91136  512.875444343735          -880.934405296106           -373.485506721599       491.17787
design3_rebuilt_mutated_A_23_THR.pdb   639.345583993939    1257.94661  509.738263233321          -882.822628765339           -378.034287694696       490.54793
design3_rebuilt_mutated_A_48_LEU.pdb   639.374776059318    1246.8255   503.625100061485          -871.740607491205           -364.136555251199       469.49407
design3_rebuilt_mutated_A_23_ALA.pdb   639.389461092703    1254.64404  508.111940482688          -885.284640705522           -388.036448381263       490.54953
design3_rebuilt_mutated_A_48_PHE.pdb   639.606467879026    1270.87061  516.689118604812          -896.433498037427           -363.541245206914       510.49177
design3_rebuilt_mutated_A_58_ASP.pdb   639.940265775942    1273.9557   517.80495236805           -902.244848510594           -395.251193548229       490.54953
design3_rebuilt_mutated_A_58_CYS.pdb   640.057306454818    1273.9557   517.972310552548          -902.467992861953           -395.251193548229       490.54953
design3_rebuilt_mutated_A_34_SER.pdb   640.32407405069     1258.13931  509.989371477633          -888.255609501281           -381.54148897113        491.90783
design3_rebuilt_mutated_A_2_ARG.pdb    640.502720443219    1318.12369  541.031002457067          -937.971289660683           -402.232935320766       490.54953
design3_rebuilt_mutated_A_44_HIS.pdb   640.605400423711    1237.51484  499.16963172864           -857.127309528999           -357.060160159149       494.51419
design3_rebuilt_mutated_A_48_SER.pdb   641.10766877617     1266.50107  511.359728965143          -883.199717162011           -377.363159027327       496.03201
design3_rebuilt_mutated_A_38_THR.pdb   641.378202768402    1271.58828  522.579178948867          -901.159297871642           -325.024849871078       587.83637
design3_rebuilt_mutated_A_23_GLN.pdb   641.446763998926    1270.40561  515.064823926539          -894.018210251681           -383.754099504432       494.57115
design3_rebuilt_mutated_A_31_MET.pdb   641.502170598914    1283.6283   521.095386003839          -909.605080726549           -395.184966805015       490.38738
design3_rebuilt_mutated_A_35_GLU.pdb   641.987403795349    1291.29299  525.213545893872          -900.822925304575           -388.135499615719       484.51964
design3_rebuilt_mutated_A_16_TYR.pdb   642.042239024861    1271.26672  515.443540604599          -893.915014392012           -372.787578855212       493.26083
design3_rebuilt_mutated_A_33_THR.pdb   642.673333102271    1268.32532  516.049235347853          -900.190917677281           -394.418069529575       490.54953
design3_rebuilt_mutated_A_34_PHE.pdb   643.074301907591    1262.9837   514.45677081443           -892.798807994491           -373.430077735583       498.12665
design3_rebuilt_mutated_A_51_GLN.pdb   643.438613976789    1276.96338  518.238752317343          -900.841280529363           -392.167086929576       490.54953
design3_rebuilt_mutated_A_23_SER.pdb   643.474981979871    1256.50888  508.302717161621          -882.767644161075           -384.09768513483        490.54953
design3_rebuilt_mutated_A_23_ASN.pdb   643.489342968705    1260.50533  510.584627138613          -885.937292379579           -381.85380387271        490.54953
design3_rebuilt_mutated_A_58_SER.pdb   643.661569672618    1273.9557   517.484835172809          -901.892747001732           -395.251193548229       490.54953
design3_rebuilt_mutated_A_31_PHE.pdb   644.21025985678     1279.50037  520.628622820796          -904.258001281673           -332.198685951325       538.18523
design3_rebuilt_mutated_A_35_TYR.pdb   644.289097190655    1285.66531  520.745915760206          -903.11525797964            -365.285296320581       476.48419
design3_rebuilt_mutated_A_48_GLU.pdb   644.358570098025    1258.0515   508.663348515222          -882.455996369812           -384.076655920896       491.17835
design3_rebuilt_mutated_A_13_MET.pdb   644.613820477246    1291.0729   517.676968697667          -895.165620101306           -339.917933793928       510.91378
design3_rebuilt_mutated_A_3_TYR.pdb    644.623350216732    1270.97733  516.975800824381          -901.384955152885           -395.251190322733       490.54953
design3_rebuilt_mutated_A_51_GLU.pdb   644.634755445899    1272.74806  516.923368756866          -899.61490126546            -392.752062934533       490.54953
design3_rebuilt_mutated_A_48_MET.pdb   646.364513779066    1291.66595  521.78978873435           -898.955228680328           -363.498809225464       494.2755
design3_rebuilt_mutated_A_33_MET.pdb   646.688304808045    1267.76252  515.22965229274           -898.681065254151           -391.592755379292       490.54953
design3_rebuilt_mutated_A_23_PHE.pdb   646.773906584653    1266.94059  511.629458630899          -888.717023408287           -385.655654462012       490.54953
design3_rebuilt_mutated_A_34_PRO.pdb   646.841077044486    1257.34282  509.136854544481          -876.839704847214           -369.452573707982       492.77403
design3_rebuilt_mutated_A_27_GLY.pdb   646.944401028775    1225.38199  488.249563026782          -843.170579613034           -356.905365526645       374.76449
design3_rebuilt_mutated_A_62_LYS.pdb   647.151636306388    1264.10857  514.574932276906          -898.722040405358           -395.251193548229       490.54953
design3_rebuilt_mutated_A_23_HIS.pdb   647.265094870174    1262.57506  510.23879103359           -888.03080410979            -386.0692024163         490.54953
design3_rebuilt_mutated_A_23_VAL.pdb   647.742724328251    1265.45939  511.705392354762          -886.699516614013           -378.09590581185        491.8008
design3_rebuilt_mutated_A_27_ILE.pdb   648.08568860762     1217.06602  491.903029871466          -845.553315555563           -328.430627486337       560.272
design3_rebuilt_mutated_A_16_VAL.pdb   648.213549125972    1266.49261  511.202960116818          -887.329384468478           -372.027691192668       488.46128
design3_rebuilt_mutated_A_44_MET.pdb   648.344053588245    1279.81038  517.091432782418          -871.772533452567           -373.256502913843       382.22619
design3_rebuilt_mutated_A_28_LEU.pdb   648.910177967404    1261.61496  511.039738380901          -876.328991540349           -353.348830584297       497.8808
design3_rebuilt_mutated_A_16_THR.pdb   648.965699854721    1265.63519  510.310082808827          -886.057482255698           -376.270619346942       487.30306
design3_rebuilt_mutated_A_16_LEU.pdb   649.455273763411    1271.5548   513.864993001854          -890.965317883013           -377.753058427396       489.31152
design3_rebuilt_mutated_A_55_LYS.pdb   650.048583067878    1276.19049  518.603665939298          -904.686965017233           -396.831446846119       490.54953
design3_rebuilt_mutated_A_34_CYS.pdb   650.722204959281    1260.44792  510.010588484332          -877.38972918411            -363.612817839959       492.55243
design3_rebuilt_mutated_A_34_ALA.pdb   651.734535979667    1257.70565  508.685263439782          -879.241049299674           -372.808829667084       492.57143
design3_rebuilt_mutated_A_17_ALA.pdb   652.493912946576    1312.94603  529.854942048223          -908.894797555796           -360.790528874219       498.39046
design3_rebuilt_mutated_A_48_ASP.pdb   652.756057207752    1277.68652  514.461867044162          -885.76704862552            -377.325748306315       495.45401
design3_rebuilt_mutated_A_48_ASN.pdb   653.055193531267    1278.4037   514.549941455295          -886.386830002511           -377.837044676114       495.07641
design3_rebuilt_mutated_A_52_LYS.pdb   653.710383407523    1306.88269  525.787508856617          -906.592896960944           -376.674250290117       489.26206
design3_rebuilt_mutated_A_28_CYS.pdb   655.02338694302     1259.8898   508.81929397885           -869.345011184697           -353.420040140936       490.307
design3_rebuilt_mutated_A_58_THR.pdb   655.279494189853    1277.30981  517.33783150899           -901.691827180681           -395.251193548229       490.54953
design3_rebuilt_mutated_A_27_VAL.pdb   656.634181027479    1209.79726  485.357422157896          -831.32565757337            -321.454824525767       422.43495
design3_rebuilt_mutated_A_28_THR.pdb   658.046928091678    1260.93837  509.049259725476          -868.689021940691           -347.492676397305       491.35557
design3_rebuilt_mutated_A_48_THR.pdb   658.729550550183    1241.58646  497.93997668358           -867.673608866599           -378.566848826728       494.36254
design3_rebuilt_mutated_A_49_LEU.pdb   660.05963561488     1258.9777   506.996850683274          -874.224333606985           -370.852432222796       468.854
design3_rebuilt_mutated_A_6_GLN.pdb    660.488330170239    1285.58675  525.206388831068          -917.7204670704             -402.182234920376       490.54953
design3_rebuilt_mutated_A_16_PHE.pdb   660.648221755666    1270.95475  510.942028357386          -883.901814737455           -365.244788145287       493.30336
design3_rebuilt_mutated_A_23_ILE.pdb   660.659043436117    1268.84183  510.998735021579          -884.651955789983           -376.468105422154       491.86264
design3_rebuilt_mutated_A_42_TYR.pdb   661.035616464431    1277.49013  516.545369298689          -860.481866355113           -322.716843334397       527.29228
design3_rebuilt_mutated_A_23_LEU.pdb   661.308366511174    1268.04727  510.44774173155           -882.016666013342           -376.044509963706       490.54953
design3_rebuilt_mutated_A_34_LYS.pdb   661.613989249561    1264.29696  509.378998217812          -874.586921005169           -325.792506538336       521.59016
design3_rebuilt_mutated_A_3_SER.pdb    662.651283896919    1279.30509  522.04226290751           -914.56875604857            -402.232935320766       490.54953
design3_rebuilt_mutated_A_13_LEU.pdb   662.715126297897    1270.18536  509.760553885506          -890.177833461652           -381.433916094203       486.7722
design3_rebuilt_mutated_A_44_ILE.pdb   664.575846688708    1271.25682  509.916854560293          -857.484065519275           -333.664753822196       493.84999
design3_rebuilt_mutated_A_28_HIS.pdb   664.678643781099    1256.32329  507.276650910859          -850.629969948112           -332.265195781465       481.40941
design3_rebuilt_mutated_A_49_THR.pdb   665.480365275453    1254.71793  503.493533325576          -869.088096897612           -376.231459205935       465.26136
design3_rebuilt_mutated_A_44_VAL.pdb   665.732072824142    1271.19564  509.583511362948          -856.651771390331           -332.514402581139       493.91269
design3_rebuilt_mutated_A_58_GLN.pdb   665.736988843242    1276.73385  516.106606972048          -900.30594086491            -395.251193548229       490.54953
design3_rebuilt_mutated_A_27_MET.pdb   666.972306418538    1225.68727  491.83020620991           -865.062441856084           -353.209637308831       559.2496
design3_rebuilt_mutated_A_35_CYS.pdb   667.030805679479    1267.02687  509.631822904996          -874.438539214745           -347.481963884842       471.75489
design3_rebuilt_mutated_A_38_GLN.pdb   667.205714601387    1299.10693  531.014172029472          -905.2700197562             -285.697769437587       466.16031
design3_rebuilt_mutated_A_3_ASP.pdb    667.429061144802    1266.83523  512.639382832864          -896.263850955043           -395.251192863769       490.54953
design3_rebuilt_mutated_A_45_LYS.pdb   667.534619848119    1273.81181  512.740137339551          -817.469390622788           -201.696374746843       539.25001
design3_rebuilt_mutated_A_58_ILE.pdb   667.562541368942    1278.4607   516.356908382685          -900.536431664586           -395.251193548229       490.54953
design3_rebuilt_mutated_A_49_ASN.pdb   668.008815918335    1257.33822  504.63093932255           -874.635435024884           -369.115759111954       465.73122
design3_rebuilt_mutated_A_49_ALA.pdb   668.196519063903    1248.83074  500.422351884883          -862.453775044763           -364.857701843561       450.00606
design3_rebuilt_mutated_A_23_CYS.pdb   668.354177960595    1259.13427  504.791383639904          -875.710244375961           -374.62536890247        490.54953
design3_rebuilt_mutated_A_35_PHE.pdb   668.674852063175    1288.90397  519.308472846687          -893.885682644135           -372.656251298741       467.2567
design3_rebuilt_mutated_A_48_ILE.pdb   668.79268669253     1250.19196  500.462529072465          -861.898774803281           -360.930080314272       492.4652
design3_rebuilt_mutated_A_34_GLY.pdb   668.830299547428    1256.74156  505.963329864191          -868.696351356825           -359.074752634123       492.90173
design3_rebuilt_mutated_A_58_VAL.pdb   668.864624888105    1277.66481  516.001711764292          -900.146427548171           -395.251193548229       490.54953
design3_rebuilt_mutated_A_28_PHE.pdb   669.16275371948     1258.46744  506.938129958933          -847.460971475967           -337.284683485848       495.48094
design3_rebuilt_mutated_A_51_ARG.pdb   669.418996121014    1290.07849  519.914216068542          -902.673686886887           -392.474029368619       490.54953
design3_rebuilt_mutated_A_35_ILE.pdb   673.703631934086    1290.74646  518.756248969816          -897.805105913878           -386.19449145773        460.52837
design3_rebuilt_mutated_A_49_ASP.pdb   674.702109910782    1257.18113  504.008086600056          -864.128228487455           -356.283167183666       466.89073
design3_rebuilt_mutated_A_33_ILE.pdb   675.463780825651    1282.03963  518.825194235251          -900.20911805187            -398.915465748193       489.68135
design3_rebuilt_mutated_A_28_VAL.pdb   675.521087146558    1260.00757  505.540655020387          -856.320151304198           -334.508675513521       490.42477
design3_rebuilt_mutated_A_49_GLY.pdb   675.69433235806     1248.86334  499.04625635153           -853.927283432273           -357.727517527588       450.00606
design3_rebuilt_mutated_A_38_TYR.pdb   675.773273112617    1232.23714  490.849065092575          -843.915061224878           -309.150159955295       460.37898
design3_rebuilt_mutated_A_23_TYR.pdb   675.850468744408    1263.60891  505.732151676701          -872.926600695017           -368.205734371375       490.54953
design3_rebuilt_mutated_A_16_MET.pdb   675.990608299388    1270.19625  507.689807339228          -879.078008499034           -348.581559260262       493.12236
design3_rebuilt_mutated_A_48_CYS.pdb   677.998344082371    1269.29214  507.069046607505          -865.412028739279           -352.635435910302       495.93491
design3_rebuilt_mutated_A_51_TRP.pdb   678.032604284708    1284.79904  517.108152904132          -900.082491642408           -392.954856183497       490.54953
design3_rebuilt_mutated_A_34_TRP.pdb   678.412817769156    1258.63849  506.330435604998          -889.403363873815           -363.470121545292       512.99089
design3_rebuilt_mutated_A_28_ILE.pdb   678.840737681697    1260.02492  504.909923557763          -856.046287220623           -333.286527436479       490.44212
design3_rebuilt_mutated_A_49_PRO.pdb   681.801989523072    1251.02087  498.52831034788           -855.45509044999            -359.203690520319       450.00606
design3_rebuilt_mutated_A_2_ILE.pdb    681.865355322932    1296.45234  525.480084384366          -918.387976613354           -402.232932779731       490.54953
design3_rebuilt_mutated_A_35_LEU.pdb   683.797670150003    1284.60647  515.845251356285          -889.544529486107           -386.939797838838       484.52416
design3_rebuilt_mutated_A_23_LYS.pdb   685.852807286816    1269.62515  507.817607128385          -877.670014493413           -370.799333256442       490.54953
design3_rebuilt_mutated_A_49_SER.pdb   686.994847310529    1253.18331  498.810373821856          -858.793365717762           -364.65931171482        516.73148
design3_rebuilt_mutated_A_3_TRP.pdb    688.583501924399    1288.28696  517.982816340244          -902.368083372833           -395.251190322733       490.54953
design3_rebuilt_mutated_A_28_LYS.pdb   689.726358367309    1260.19229  503.215300106302          -846.663207328958           -316.376209745691       490.60949
design3_rebuilt_mutated_A_38_PHE.pdb   694.339511148674    1229.81097  487.170974450622          -837.409094505055           -339.288011867158       443.24707
design3_rebuilt_mutated_A_35_HIS.pdb   694.52444048183     1289.82993  512.833954442001          -868.750699079678           -365.215830088276       452.59491
design3_rebuilt_mutated_A_49_CYS.pdb   698.159445118267    1256.41454  497.985614003814          -858.023762249264           -365.931610888719       464.24306
design3_rebuilt_mutated_A_2_HIS.pdb    698.912165148759    1293.13381  523.141577487512          -915.818542573112           -402.232932779731       490.54953
design3_rebuilt_mutated_A_27_LYS.pdb   704.815626725949    1234.6943   489.275952072899          -846.39986510842            -291.063738778764       531.09699
design3_rebuilt_mutated_A_47_ILE.pdb   705.73175039963     1244.23583  492.675581554452          -850.501774002077           -356.026395681254       491.9691
design3_rebuilt_mutated_A_35_LYS.pdb   705.803193429877    1310.13908  521.636103463501          -901.314536259077           -385.940864620424       461.25981
design3_rebuilt_mutated_A_48_VAL.pdb   707.159090542327    1242.94052  491.170899970977          -845.954529565257           -350.590125269553       494.02893
design3_rebuilt_mutated_A_38_SER.pdb   712.543824406404    1243.51681  489.714852447756          -818.934389891908           -332.165013960644       444.07773
design3_rebuilt_mutated_A_47_VAL.pdb   712.798202881754    1241.06193  491.109564259089          -848.637958532236           -356.245525171115       491.9691
design3_rebuilt_mutated_A_24_TRP.pdb   713.0133719068      1274.25309  502.449083753528          -866.891821886534           -335.351569089254       514.02345
design3_rebuilt_mutated_A_49_HIS.pdb   714.964221371178    1256.63992  493.081397611375          -848.361776708144           -329.661989613595       474.97914
design3_rebuilt_mutated_A_38_ALA.pdb   716.74256359636     1240.38925  486.94070835639           -814.056815975693           -326.217833098325       450.69328
design3_rebuilt_mutated_A_23_ARG.pdb   717.168414422704    1272.62663  502.690041513018          -867.926169296628           -369.500597711331       490.54953
design3_rebuilt_mutated_A_23_MET.pdb   719.982745767812    1278.82631  507.136320035223          -869.638530130615           -343.56871533465        490.54953
design3_rebuilt_mutated_A_38_TRP.pdb   720.88178826487     1226.31215  481.786211435297          -811.066279064455           -301.523723791461       422.9073
design3_rebuilt_mutated_A_35_MET.pdb   732.640670028681    1301.71761  513.791715840426          -882.489659902051           -368.592216559698       461.18326
design3_rebuilt_mutated_A_41_HIS.pdb   740.187515063912    1251.1471   491.781452598703          -795.255819685313           -266.365653309698       489.29095
design3_rebuilt_mutated_A_38_VAL.pdb   743.993546101642    1278.08825  508.556394494949          -852.545209183676           -270.730547860589       588.36298
design3_rebuilt_mutated_A_49_PHE.pdb   744.049550977379    1294.0204   503.507641065406          -838.980595174931           -253.724396919684       482.57921
design3_rebuilt_mutated_A_28_SER.pdb   745.309722297872    1251.66322  490.008729119825          -803.454961337974           -283.401039388426       480.76253
design3_rebuilt_mutated_A_38_GLY.pdb   748.819910747396    1239.84404  479.412713878579          -792.370149521113           -290.473845917137       441.15834
design3_rebuilt_mutated_A_38_HIS.pdb   750.879909011985    1240.29779  480.214452595763          -814.151945062317           -325.334226651411       401.89222
design3_rebuilt_mutated_A_23_TRP.pdb   754.333955922125    1269.4653   492.976412317313          -844.71059577094            -340.312286132799       490.35668
design3_rebuilt_mutated_A_2_LYS.pdb    761.92143510025     1319.26394  525.437142042114          -918.211596953852           -402.232932779731       490.54953
design3_rebuilt_mutated_A_17_TRP.pdb   763.756455774002    1303.47637  502.96806429675           -848.920937851834           -302.605753475401       521.20967
design3_rebuilt_mutated_A_48_LYS.pdb   765.537101472706    1297.24548  507.833844872632          -871.256762173839           -362.753034164139       494.26227
design3_rebuilt_mutated_A_17_TYR.pdb   770.160008568472    1320.71131  507.869881657914          -857.935752269373           -274.90554139637        528.14596
design3_rebuilt_mutated_A_41_TRP.pdb   770.380784897191    1270.19365  490.57986103278           -811.54505300412            -289.789719019164       479.67703
design3_rebuilt_mutated_A_17_ARG.pdb   774.456209548949    1304.83029  499.454088370887          -857.608823048939           -328.227591408636       481.01092
design3_rebuilt_mutated_A_42_LYS.pdb   781.640665765752    1309.90904  505.406140357288          -806.483663146656           -231.322128417284       482.30981
design3_rebuilt_mutated_A_49_TYR.pdb   790.190311260845    1313.54254  497.835268739909          -823.01312978803            -214.546990919054       339.45895
design3_rebuilt_mutated_A_31_TRP.pdb   801.664237004467    1264.69832  490.081856527804          -839.763177729107           -236.256261969644       537.04635
design3_rebuilt_mutated_A_38_ILE.pdb   801.764881933116    1252.75192  482.38633346686           -801.481533000319           -268.503688735974       426.87211
design3_rebuilt_mutated_A_17_PHE.pdb   806.091866862776    1315.54059  498.143718804807          -842.86216532344            -256.886699641587       519.344
design3_rebuilt_mutated_A_38_ARG.pdb   809.353890580447    1265.11109  485.413869843005          -807.401533348564           -256.650516548289       506.66225
design3_rebuilt_mutated_A_41_MET.pdb   816.845262814232    1280.71539  486.878572259043          -739.928762133202           -148.892057234915       461.46258
design3_rebuilt_mutated_A_38_LEU.pdb   822.008195943416    1243.23195  469.418024341786          -789.226918337977           -271.348811578303       445.43099
design3_rebuilt_mutated_A_38_MET.pdb   829.725828889503    1298.68551  504.868630630301          -842.686523631566           -215.233842742525       464.3405
design3_rebuilt_mutated_A_41_PRO.pdb   836.14087631832     1217.35002  454.474857505418          -687.113525905466           -144.091549692411       378.37067
design3_rebuilt_mutated_A_49_TRP.pdb   840.110545088283    1290.62603  481.899718267589          -792.128829001605           -174.53945437983        513.88577
design3_rebuilt_mutated_A_38_CYS.pdb   842.766642777671    1236.30085  464.263068089436          -768.680925503632           -268.835440561          417.67491
design3_rebuilt_mutated_A_41_ALA.pdb   870.949100118549    1219.32408  447.582728127229          -672.494169830589           -128.322745403235       379.98817
design3_rebuilt_mutated_A_41_LEU.pdb   873.247893261894    1245.91611  461.019745369715          -715.825284084227           -158.161632769763       378.76257
design3_rebuilt_mutated_A_41_SER.pdb   873.490941486924    1220.97051  448.526626488128          -672.225775703914           -128.997946704301       378.49875
design3_rebuilt_mutated_A_41_ASN.pdb   874.536898576219    1223.4992   448.296708531304          -676.555735869806           -131.927499446773       379.2493
design3_rebuilt_mutated_A_41_ASP.pdb   883.919331073817    1222.84598  446.370969047693          -669.869366249227           -131.058894071825       379.04018
design3_rebuilt_mutated_A_41_GLU.pdb   895.318274241885    1288.26379  473.365509012125          -718.976214176957           -174.632127968925       366.28021
design3_rebuilt_mutated_A_38_LYS.pdb   906.017349163491    1253.88712  464.589838880954          -762.045085754552           -194.547257075038       443.22691
design3_rebuilt_mutated_A_41_ARG.pdb   906.15682225821     1254.39597  457.455188012035          -693.628778230158           -174.237573037766       346.06552
design3_rebuilt_mutated_A_41_GLN.pdb   907.067250128409    1241.10842  457.70659401293           -702.557270719269           -170.727435276727       375.24251
design3_rebuilt_mutated_A_41_VAL.pdb   908.611148849236    1240.12426  450.589504561561          -679.026450386783           -143.234016862615       355.09044
design3_rebuilt_mutated_A_41_CYS.pdb   952.085473671452    1212.80629  428.638873456114          -643.820187374745           -93.6258231171678       368.86634
design3_rebuilt_mutated_A_41_GLY.pdb   972.458546643019    1191.90324  413.359348432115          -611.046729371805           -121.867814394216       327.02591
design3_rebuilt_mutated_A_41_THR.pdb   973.192755518951    1230.72901  434.212747899466          -649.116290772459           -93.1620225844931       361.00408
design3_rebuilt_mutated_A_41_LYS.pdb   1015.16354968301    1269.24555  443.289333558718          -648.954253745565           -83.4639302038204       359.89893
design3_rebuilt_mutated_A_41_ILE.pdb   1016.85147660284    1249.15679  433.917642184468          -642.323051544875           -92.9600629721223       327.80411
