ID        modified  pseudoenergy            area                   best_core_pseudoenergy  best_core_area         ic_fraction        ic_area_pseudoenergy   ic_area_total         ic_best_core_pseudoenergy  ic_best_core_area
3EI3.pdb  no        -92555.462925760977669  55624.886160000103700  -94922.731715596892172  53431.710710000043036  0.032855132228822  212.807866395695811    1827.562990000000809  -449.104766292208240       1054.810120000000325
6JPL.pdb  no        -79649.742608071654104  47360.537659999943571  -81610.365384980657836  44110.549990000086837  0.033637525642905  340.452256188098659    1593.091299999999137  -366.475820696633491       475.770419999999945
4CI2.pdb  no        -78976.842842711004778  54835.457269999904383  -81720.049391631750041  52114.920149999852583  0.041387670368560  -473.310126302801336   2269.511830000001737  -1424.532873309952265      1494.908489999999802
5JQP.pdb  no        -76575.646547547439695  38755.525489999941783  -77420.643290873500519  37604.830770000036864  0.030907385330360  -635.440229809046514   1197.831960000000208  -818.222811436820962       1039.661460000000034
7KWO.pdb  no        -75306.182159927717294  62763.492439999987255  -79681.302354657978867  57333.076269999975921  0.037152935398380  1330.257197051977528   2331.847980000000916  -165.844126644725861       700.181869999999776
5F0E.pdb  no        -73316.501715134290862  35596.185549999994691  -74010.562892070462112  33545.246919999968668  0.019544543024779  -816.869482293657825   695.711179999999899   -863.064958434649043       611.288170000000150
3HHS.pdb  no        -73304.092449433926959  48900.122040000082052  -74707.516162453001016  47677.638790000019071  0.047375493216663  -1720.542395944831014  2316.667400000000271  -2055.251335047266821      1866.502650000000585
5IED.pdb  no        -73245.849816426445614  35730.336270000021614  -73933.366372413103818  34348.943530000004102  0.019517145451147  -840.367658774995562   697.354170000000181   -897.169767283172177       640.573359999999980
7K9N.pdb  no        -71093.059061827894766  35101.380969999998342  -71787.735741125667118  33915.816259999941394  0.019692610686479  -853.945497815144449   691.237830000000031   -902.102218478363170       644.355019999999854
4RT6.pdb  no        -70622.763272168871481  37759.075660000002244  -71390.188140021753497  37256.588390000091749  0.043784070481136  -1143.500021312014269  1653.246030000000019  -1224.573165006503132      1320.233730000000378
7KRY.pdb  no        -69994.518228029002785  35140.856349999994563  -70654.548866180732148  33282.549649999942631  0.019655401197985  -859.832349850176456   690.707630000000108   -898.928503359003571       647.517699999999991
3VE1.pdb  no        -66266.668985648881062  42399.551620000092953  -68134.047228136158083  39546.881190000101924  0.029582540429705  151.491933811019152    1254.286450000000059  -328.256915238207114       446.583060000000046
1M2V.pdb  no        -65588.019035063058254  48534.853140000006533  -67894.286446585494559  45603.091690000117524  0.017950939039351  -429.014861285312463   871.246189999999842   -660.297029061746343       608.317519999999831
3EI4.pdb  no        -62339.557251166872447  56663.818740000213438  -66040.936607781375642  49058.472909999974945  0.042282947271760  893.196533623604068    2395.913259999999809  -180.564170640326864       715.336330000000089
1G8K.pdb  no        -61974.870504192957014  33528.119660000003933  -62387.773939138038259  32408.563789999985602  0.056736593620234  -1661.678595580435513  1902.271299999999883  -1803.409966734655427      1564.664459999999735
3ML1.pdb  no        -61722.176014389588090  32938.638620000070659  -62252.230741468658380  32265.618870000012976  0.092694080202395  -2341.149697974799892  3053.216809999999896  -2587.541925141256343      2905.156840000000102
3FCS.pdb  no        -61284.274940187853645  55033.200300000156858  -65646.926311624745722  50036.913429999964137  0.056501502057840  -355.273154871946701   3109.458479999999781  -1644.444453135006370      1584.557950000000119
6FCV.pdb  no        -60747.290055113888229  56070.589680000026419  -64620.941998444257479  48253.144709999993211  0.037764521509131  630.648510126861083    2117.478990000001431  -368.897038660535941       1275.328860000000532
5VAN.pdb  no        -57885.044241356765269  33366.266100000037113  -58879.013773565631709  32230.092560000000958  0.018406266321781  -1047.440602967016503  614.148379999999747   -1066.087827110872922      594.338499999999840
2B5L.pdb  no        -57806.550372742967738  48224.372340000001714  -61543.687706983633689  44038.702719999899273  0.037405790733408  -51.633362084739034    1803.870780000000423  -962.432654157504430       928.257880000000341
5NJB.pdb  no        -56775.966481630195631  32629.680510000038339  -57227.789073274259863  31858.435020000040822  0.078944905059997  -2220.374137090122076  2575.947029999998449  -2457.431346165280956      2104.306860000000597
4GQ2.pdb  no        -56414.833990033555892  43647.133680000115419  -59773.246930280693050  38875.807840000074066  0.047558388489349  -228.320061345397164   2075.787340000000768  -1034.739074155692151      1275.011619999999766
4YOC.pdb  no        -56304.528626822160732  46944.210620000114432  -59300.907287724352500  41278.097880000044825  0.035052816913252  756.815216880209732    1645.526820000000043  15.837932672955127         162.310920000000010
5E6S.pdb  no        -55363.724929925032484  35586.335169999983918  -57940.534911589464173  32285.513479999986885  0.047674726602088  -2085.249888274729074  1696.568800000000465  -2272.888531088342461      1480.540169999999989
5CXB.pdb  no        -54580.899335874659300  29793.514249999949243  -55699.806060763970891  28505.450399999979709  0.040518629654439  -864.622118776723255   1207.192370000000437  -1056.629327545763317      1003.997120000000109
4QZV.pdb  no        -52630.785862723838363  32828.047809999989113  -53569.117799167019257  31993.414219999991474  0.025258668282657  -147.951508008713347   829.192769999999882   -228.264021342399985       784.672919999999976
5HDB.pdb  no        -52033.705674108365201  32223.557430000011664  -53045.557766375612118  30463.205970000024536  0.053244064803431  -1533.477732007336499  1715.713179999999966  -1784.476145639476499      1394.478280000000041
2GJX.pdb  no        -51930.819962560533895  33835.536499999951047  -52471.301554611607571  33341.528519999985292  0.045214284691481  -821.184901306107008   1529.849579999999833  -919.787534434871304       1388.443819999999505
5B4X.pdb  no        -51351.945621604681946  42100.154089999981807  -54304.781536088223220  38607.566620000034163  0.028100558907004  733.977746662591244    1183.037860000000137  -168.623712058488479       370.943530000000067
6ZUE.pdb  no        -51214.742512247590639  54203.924629999943136  -56651.614540238362679  44111.190549999992072  0.037553324116191  964.855346041678445    2035.537549999999328  -251.964255799482089       577.083970000000022
4WJK.pdb  no        -51094.569432611373486  30820.156720000068162  -52346.776623783705872  29267.164359999969747  0.056221419499647  -1758.479514560972348  1732.752959999999348  -1905.180267297589353      1468.131229999999050
5FFG.pdb  no        -50633.204439315872150  30811.377890000014304  -51580.075136144354474  28920.028799999989133  0.053710164988665  -1863.966689034060437  1654.884189999999990  -2055.624696144059271      1455.458999999999605
7VPQ.pdb  no        -49640.070799899964186  33911.765160000060860  -50568.509497676866886  32684.498880000050121  0.026422759646169  -645.029341618187459   896.042419999999993   -686.889992797908803       674.406250000000114
6FKM.pdb  no        -48589.728591692961345  36147.944020000089949  -50637.868981219595298  33740.183509999988019  0.024459219852471  635.852062988406374    884.150510000000054   -24.456684442933827        127.446199999999990
7S0U.pdb  no        -48488.255059793773398  32029.224710000096820  -49903.133697335622855  30665.718070000020816  0.065352108237152  -1684.244550371877040  2093.177360000000135  -1794.943795245883166      1982.740370000000212
4JPS.pdb  no        -48182.911204196883773  39900.108480000017153  -50570.078184215140936  36638.435120000038296  0.078324753216310  -974.678841842996235   3125.166150000000016  -1858.348262958897976      2073.049260000000686
6KXD.pdb  no        -47855.936693620511505  25498.546420000002399  -48567.930607249072636  24737.220879999997123  0.123287187756485  -4082.588076141735201  3143.644080000000486  -4217.119604296503894      3012.174049999999625
2XQR.pdb  no        -47722.841654999167076  24312.981910000016796  -48143.272165909256728  23700.388709999962884  0.040492990684745  -701.426612504552622   984.505349999999908   -871.849627635227421       797.700990000000274
4CKB.pdb  no        -47687.766864120516402  37803.133100000013656  -49921.693253622193879  34936.175040000001900  0.039666483358227  -1158.256149206732289  1499.517350000000533  -1523.929206253886150      1207.621390000000019
4CVW.pdb  no        -47420.951381349834264  34293.625939999976254  -48767.396696708623494  32378.242469999993773  0.036918583418829  170.023631569485588    1266.072090000000571  -109.725997776754724       230.737869999999987
3WQB.pdb  no        -46850.778799548483221  24783.524830000016664  -47226.095592691875936  24401.641730000006646  0.058608455010473  -932.325735429248084   1452.524099999999862  -1096.837467520875634      1115.671990000000505
4R1D.pdb  no        -46790.743832111329539  27984.448919999980717  -47521.361902559794544  27300.464270000000397  0.098031481264559  -2012.362575487383083  2743.356979999998657  -2388.776774731530622      2258.767999999999574
6ZHT.pdb  no        -46529.992881595528161  35107.683710000019346  -48899.537334659085900  32511.943519999957061  0.049898921400531  -90.730395353076489    1751.835549999999785  -669.294148819533689       697.123540000000048
5KYY.pdb  no        -46507.262574916305311  49076.326760000032664  -51034.632998545115697  42735.436370000003080  0.014089615821932  -221.582033615589921   691.466589999999997   -419.523425638981735       466.913079999999979
5K1A.pdb  no        -45824.696850323438412  29600.076249999983702  -46885.905178266570147  28499.979400000018359  0.023012913353559  -231.528893977763857   681.183989999999881   -383.644059203556651       482.604970000000094
5CDF.pdb  no        -45556.498343578394270  30120.616299999986950  -46693.310350978252245  28444.936689999965893  0.066092145332365  -1368.464498492816574  1990.736149999999952  -1622.257104670760555      1550.594520000000330
7ESY.pdb  no        -45113.905260090636148  36984.529500000047847  -47091.354918997858476  34272.390959999960614  0.063385582071552  -98.028300038544685    2344.285930000000008  -938.408321716947512       1467.514000000000124
6ZHU.pdb  no        -44478.672273681862862  36750.359879999967234  -47165.755696605476260  32964.334949999989476  0.053150761689902  1171.832468101633822   1953.309619999999995  -234.774838425864772       492.928070000000048
3NVN.pdb  no        -44232.044157711497974  30390.168329999964044  -45739.610669072964811  28152.901639999934559  0.031601768360458  -488.477007985054456   960.383060000000114   -760.394192402070757       738.279250000000047
5FOY.pdb  no        -44085.589721860371355  29650.541369999999006  -45215.440671750038746  28191.545240000014019  0.060047291473788  -144.152874641848967   1780.434700000000248  -463.136041736946368       1298.961039999999912
5XJX.pdb  no        -43773.005689754318155  33555.898790000108420  -44654.572057204204611  32683.331499999996595  0.047393688959210  259.239343177706246    1590.337829999999485  -431.957150233661821       546.070690000000013
4UM8.pdb  no        -43256.349233701366757  36830.951769999963290  -45119.273339787425357  34824.677929999961634  0.050967712746675  -997.403455719918270   1877.189370000000963  -1360.601543937545557      1576.134880000000067
2FJU.pdb  no        -43030.534547872397525  29267.591190000017377  -44112.271863187270355  27295.090789999991102  0.021330952928347  -326.369833168380239   624.305610000000115   -528.808525618176077       467.583829999999978
1T6B.pdb  no        -42544.120382488981704  28835.595130000012432  -44001.336498373319046  27620.442469999925379  0.033340853055596  -156.045151120144112   961.403340000000071   -566.420706360133636       573.239279999999894
3D2F.pdb  no        -42543.068178609748429  30748.169390000024578  -44313.449227059012628  28818.018679999982851  0.051179019799201  920.619338197082357    1573.661169999999402  -235.960640529988382       252.016880000000015
4NFU.pdb  no        -42347.925496281714004  32973.615279999983613  -44487.593784813165257  29239.179300000032526  0.062469613432088  -679.953958191796460   2059.849000000000615  -1144.167551315495757      1320.552570000000287
6I3F.pdb  no        -42137.632519528655394  26924.159619999962160  -42731.059664201711712  25565.758579999957874  0.076589654017212  -1320.227851876375325  2062.112069999999676  -1770.405132059145899      1690.363929999999982
2XFG.pdb  no        -42096.351445866712311  20151.591090000001714  -42276.851232287153834  19961.695530000011786  0.053749343422192  -1689.370915586083356  1083.134790000000521  -1750.865566470635258      1014.208520000000249
3GQB.pdb  no        -41772.076713518741599  34399.665780000083032  -43731.496281680694665  30629.320019999995566  0.067714763128725  -773.668030651276240   2329.365219999998317  -1509.421258841590316      1632.781219999999848
5TDE.pdb  no        -41390.290132430847734  24409.627120000026480  -42084.304506269349076  23710.003799999958574  0.086091117232929  -1022.646529098767246  2101.452069999999821  -1311.440701114967624      1762.266950000000406
4G1Q.pdb  no        -41186.578591967750981  31157.527909999997064  -43283.433845770421613  28221.653840000028140  0.081817681022820  -1843.967593366536448  2549.236679999999978  -2305.168316860872437      2073.189650000000256
7SQ2.pdb  no        -41184.372254702277132  35508.143959999935760  -43434.451745859369112  33330.548659999964002  0.044991710684728  -741.456556114271734   1597.572140000000445  -944.662629159304856       1500.218930000000000
3B82.pdb  no        -41112.799423312921135  32827.741769999956887  -43603.557436173927272  30137.276779999960127  0.022828862711625  428.108463864745715    749.420009999999820   -187.751446451862932       297.214460000000031
4JSN.pdb  no        -40897.937062487966614  40972.641570000007050  -43833.056502595674829  36666.181090000027325  0.021041013392488  -432.195511794666515   862.105900000000020   -626.892066225585268       616.793859999999995
4IEF.pdb  no        -40849.054995865379169  21911.111090000002150  -41375.593549604047439  21301.596390000009706  0.074897276238491  -1191.836707384888769  1641.082539999999881  -1318.642087310189936      1433.363380000000006
3N40.pdb  no        -40674.220975958705822  28599.616260000082548  -41404.469829639267118  27204.663669999976264  0.083248417333834  -1700.134546857596888  2380.872789999999441  -1873.437881674039090      2241.858760000000075
7ET0.pdb  no        -40625.042720275807369  34820.701430000095570  -43588.314876453747274  30288.197830000026443  0.070255528163839  -963.112824502300555   2446.346770000001470  -1499.706022466423292      2086.954320000000280
4ANJ.pdb  no        -40569.029867896526412  34608.007329999942158  -42431.146525775060582  32348.370059999993828  0.056248067143483  529.697519734266621    1946.633519999999180  -243.192877051042728       703.137679999999932
6ZQK.pdb  no        -40442.817414073157124  23298.081819999977597  -41298.844719529297436  22389.572520000023360  0.088335733641097  -1562.689491027001850  2058.053149999998823  -2077.690138413738168      1462.691509999999880
6ET0.pdb  no        -40229.942669096526515  21932.397580000000744  -40657.666675074564409  21568.829930000025342  0.101809729732248  -3047.993559132673909  2232.931470000000900  -3250.562259040608296      1936.614540000000943
1KXQ.pdb  no        -39739.110415467584971  21885.171620000019175  -39891.241535181463405  21815.471949999962817  0.048736318294405  -849.077426044832464   1066.602689999999939  -1076.524133366395063      849.014879999999948
6O74.pdb  no        -39432.915813190578774  32130.416289999971923  -42213.841608882372384  29033.257600000004459  0.039631356111508  769.159834009609540    1273.371970000000147  -228.339481340874102       475.461099999999988
5JCA.pdb  no        -39396.200580675715173  24781.607189999998809  -40114.174404589539336  24066.459590000016760  0.077845888089876  -1292.983034907936826  1929.146219999999403  -1475.679883040889990      1605.808080000000473
3GC3.pdb  no        -39291.130241787104751  24803.997430000032182  -40694.933010656517581  22568.545310000008612  0.042844474282789  -352.829643063951266   1062.714229999999816  -665.463693805291200       704.432809999999904
3C7N.pdb  no        -39267.426785607909551  37108.429380000015954  -41790.852885257583694  33642.565589999932854  0.071877700419128  1093.405887853584318   2667.268570000000182  -172.521190290329400       559.948760000000107
2H9A.pdb  no        -39047.714098911295878  22246.722010000008595  -39953.906028208832140  21335.399829999983922  0.093687345446360  -2129.577213569281412  2084.236330000000180  -2489.808177305238132      1699.188319999999749
7K84.pdb  no        -38804.759524536093522  29170.793959999977233  -39820.774769692652626  28131.861100000001898  0.024877484342562  -1189.274179035134011  725.695970000000102   -1198.211207173793809      722.642670000000180
6H16.pdb  no        -38640.703777531030937  27092.641150000035850  -39906.183788389032998  25878.879489999962971  0.029350978577443  -777.408567373995993   795.195529999999962   -859.552205524860142       606.663130000000137
6XRU.pdb  no        -38617.157902740349527  21981.632760000004055  -39020.777696755976649  21852.682249999994383  0.095989461885633  -1882.327821916377388  2110.005099999999857  -2178.241572169073152      1667.129949999999781
6HUL.pdb  no        -38471.990042911216733  22285.694989999963582  -38939.140570212868624  21817.633750000019063  0.054500114559811  -1206.395755373766178  1214.572930000000042  -1274.883595180152042      1131.602879999999914
4UF7.pdb  no        -38316.085842194799625  20822.592300000007526  -39195.239022931193176  19942.485039999985020  0.056188354127262  -841.289433727130472   1169.987190000000055  -1099.209852995243409      916.213520000000017
2VSM.pdb  no        -38163.348200489788724  21106.599320000030275  -39013.350947270395409  20178.774670000013430  0.065695530529453  -976.306541256309856   1386.609240000000000  -1209.231637161369463      1098.028479999999945
6QSP.pdb  no        -38051.345358503334865  21554.222440000019560  -38521.529973141914525  20992.776270000005752  0.105319723609570  -2937.633253071822764  2270.084749999999531  -3068.817896717328495      2131.902209999999741
6OM1.pdb  no        -38018.963270779415325  33870.139069999982894  -40699.395356418383017  30932.169379999988450  0.056224479505806  -1263.423947493777405  1904.330939999999828  -1689.126409821941024      1444.953090000000657
7KYT.pdb  no        -37730.064764216243930  21155.483549999993556  -38375.591838084699702  20367.346629999981815  0.062661999990069  -1194.112062446106393  1325.644909999999982  -1467.466089780655466      1143.943929999999455
1KXV.pdb  no        -37706.556268973501574  21739.695300000010320  -38007.347994022595230  21185.982630000024074  0.036963594425355  -590.379621720829959   803.577280000000201   -716.909424028928242       562.431519999999978
1TA3.pdb  no        -37661.177628315192123  19094.784899999995105  -38130.655083661753451  18292.103970000018307  0.051889826734838  -659.781269597456117   990.825080000000071   -877.911607801742321       759.687380000000417
6BXA.pdb  no        -37595.354145283527032  21806.033979999967414  -37857.903632322952035  21589.339829999982612  0.040120680853860  -580.303874617223414   874.872929999999883   -857.857346095583580       631.613369999999918
6YMV.pdb  no        -37501.570160973809834  36787.722329999996873  -40058.056460543994035  33214.265240000058839  0.040154415561503  -85.251357895674587    1477.189489999999751  -347.097858224350773       892.910619999999540
3WRY.pdb  no        -37283.700548308333964  25895.031930000026478  -38195.244069961750938  23633.481690000036906  0.035293625142867  -893.333710362004012   913.929549999999949   -978.648728590088581       859.841850000000250
1WPX.pdb  no        -37271.982485512271523  21630.483210000009421  -38110.939171772923146  20567.926719999999477  0.072527402405635  -841.875755551011139   1568.802760000000035  -1204.445804822004902      1187.314700000000130
3KLD.pdb  no        -37011.612943145169993  22677.554289999989123  -37688.707213694389793  21816.112150000008114  0.037861819622172  -603.513865587292230   858.613470000000348   -709.988108498209044       650.791749999999979
7B7Z.pdb  no        -36976.476663488014310  25655.787689999961003  -38020.652526552497875  24303.931669999979931  0.052573617161859  -349.689999715332476   1348.817559999999730  -537.639811957718507       1101.870480000000043
6BRP.pdb  no        -36903.689140687019972  24847.708199999990029  -37777.040497241985577  24321.379609999959939  0.082305780619236  -2807.400101072123107  2045.110020000000077  -2901.248903935228554      1898.692119999999704
2OMZ.pdb  no        -36613.547208253563440  20341.926170000009733  -37053.061634049045097  19944.382100000020728  0.067375575869569  -971.905233823174513   1370.548989999999549  -1222.480749710460714      862.232559999999921
5H92.pdb  no        -36505.436083675907867  22028.170609999997396  -37002.726001326511323  21570.192730000009760  0.024729039448819  265.969057269775874    544.735500000000002   -28.305472959395885        167.468909999999994
5L21.pdb  no        -36387.512428757429007  20582.983300000010786  -37141.869299401958415  19524.887829999963287  0.054814780421068  -254.040623042526562   1128.251710000000003  -601.169080346468945       726.690969999999993
4DBP.pdb  no        -36315.876039783026499  27545.556919999962702  -37638.878015566326212  24381.882860000008804  0.082207859386421  -1668.090178563882318  2264.461269999999786  -1976.827741929421109      1719.806679999998778
6VW7.pdb  no        -36313.898786953250237  20397.334629999957542  -36721.954689026562846  19884.987940000006347  0.087614252666698  -1811.169280519955691  1787.097230000000764  -1981.600286932057543      1548.824229999999716
3WXM.pdb  no        -36300.376153965553385  26597.849849999987782  -37078.450064741504320  25790.249949999990349  0.055187224466567  209.485874005646679    1467.861510000000408  -358.398549443755314       721.355869999999641
4H03.pdb  no        -36270.444274117682653  23687.385519999930693  -37078.897935244218388  22572.764579999973648  0.030403203823062  -104.035780777597978   720.172409999999786   -326.767797059821191       460.782130000000052
4CGY.pdb  no        -36229.055235456340597  25948.956999999940308  -37018.709666996743181  24654.593639999944571  0.050768127212204  -732.898787623463591   1317.379949999999781  -903.256430549011611       1012.313699999999926
3W0L.pdb  no        -36108.356802767593763  31969.588519999953860  -38234.648708756016276  27624.542950000006385  0.034030296927951  213.167342672999723    1087.934589999999844  -381.507814655973789       447.973439999999925
1MU2.pdb  no        -36093.435827222660009  31170.803729999937786  -38438.306171425501816  27568.598080000003392  0.091998443955427  -1147.512780761188878  2867.665439999998398  -1867.434684363249517      2179.565010000000257
5DXH.pdb  no        -36047.776701328533818  35643.463020000010147  -38134.764279378519859  33370.178620000064257  0.056622843826021  -970.346472845695644   2018.234240000001137  -1328.332940003228032      1655.174769999999853
3W2W.pdb  no        -36020.607725120797113  28844.471010000026581  -37751.082499209333037  25328.913889999959792  0.057665838261459  -404.421803037412019   1663.340599999999768  -865.955640155835226       1245.167250000000422
7E36.pdb  no        -36019.813514240384393  22476.477299999998650  -36741.015573113290884  21488.276920000029349  0.117460664977069  -3522.163760934032780  2640.101969999998801  -3571.245947211783459      2567.733010000000831
6GS2.pdb  no        -35973.036157233218546  20727.721349999999802  -36669.482411624121596  19773.984609999984968  0.044434187166454  -535.859054810509974   921.019449999999892   -691.044889349811115       611.576559999999972
1SMP.pdb  no        -35890.728842885175254  19007.899040000003879  -36045.486701394598640  18832.674020000045857  0.047107777041307  -935.971725982176622   895.419869999999833   -968.198273710623425       802.366260000000011
5JLV.pdb  no        -35878.726608042357839  19982.379830000012589  -36319.935712973448972  19558.461739999998827  0.029346789771236  -356.266516434665505   586.418700000000172   -469.178139052325434       508.504199999999969
4F5C.pdb  no        -35799.726099430059548  34133.847480000054929  -37608.538608309107076  31030.197350000060396  0.021206480178483  -370.733100435822394   723.858759999999961   -393.461025959934091       460.018840000000012
7B51.pdb  no        -35650.008911222139432  34750.717369999983930  -38193.300724472013826  29193.336070000015752  0.065401225989137  592.329870282021830    2272.739519999999175  -520.877305769267650       988.413979999999810
5AQB.pdb  no        -35361.456115038854477  20409.279899999994086  -35756.005998123240715  19999.000420000029408  0.031645493773644  -227.309120926713888   645.861740000000054   -371.605843042540016       380.520039999999995
4K90.pdb  no        -35346.646461366348376  19995.292609999982233  -35742.403190268916660  19580.250480000002426  0.092769469603676  -1638.974019928522011  1854.952690000000530  -1768.708562347587531      1691.367029999999886
3EA5.pdb  no        -35263.157565355286351  28375.745369999989634  -37393.866283582166943  26096.598679999999149  0.074250445319668  1174.731382120018452   2106.911730000000261  -448.894935556700091       655.384189999999990
1HR6.pdb  no        -35142.432067449779424  27248.122659999986354  -36647.968958784076676  24339.729070000015781  0.056584817575832  -357.488324446631736   1541.830049999998437  -666.241274659354417       1090.430199999999786
7AY0.pdb  no        -35082.922925138118444  28828.809029999974882  -37023.984815632444224  25895.853019999962271  0.025865755648249  -216.115343393149431   745.678929999999809   -340.415799214782112       535.215410000000020
6KR4.pdb  no        -35013.410238411524915  25358.319660000015574  -36231.565346982184565  23552.191049999990355  0.040998677512530  -383.817905431785277   1039.657570000000305  -617.390414948294051       828.918869999999856
1TMQ.pdb  no        -34891.954704361800395  19788.686429999957909  -35048.048115573736141  19375.873079999939364  0.059485926676539  -769.689296069812599   1177.148350000000164  -871.784428020791779       799.349530000000186
5VAK.pdb  no        -34830.896382001214079  19227.227799999982381  -35375.177695344580570  18743.647409999990487  0.031632620486246  -969.000715620084065   608.207599999999957   -998.706982059451889       581.708570000000122
4QAM.pdb  no        -34818.061132706141507  18890.861150000007910  -35438.608041422288807  18289.389919999975973  0.062929989827383  -984.623841483975298   1188.801700000000437  -1266.253761275413126      1001.612720000000309
7DHX.pdb  no        -34660.814512070253841  23794.036490000027698  -35307.147931928040634  22816.164199999995617  0.038437900622048  -563.426322179276326   914.592810000000100   -654.657438249295751       693.428450000000112
1JTD.pdb  no        -34563.315169429239177  17806.358500000023923  -34739.711035413980426  17515.385360000003857  0.060053930173314  -550.926345637929103   1069.341809999999896  -776.764241752786802       757.531499999999710
1OE9.pdb  no        -34366.138536397440475  25987.720710000008694  -35549.778365000674967  24686.768600000024890  0.055112106058954  -1080.234249355191196  1432.238019999999551  -1193.055069067465411      1203.669990000000098
6UHT.pdb  no        -34300.489261566544883  21309.342449999981909  -35004.737166756967781  20026.347609999993438  0.043541091527205  -956.877936252363611   927.832029999999918   -1054.747229194744250      824.167979999999829
6IXX.pdb  no        -34249.068804334121523  18533.975589999980002  -34509.566750250618497  18125.024989999968966  0.058026945421266  -1062.227597013678405  1075.469990000000053  -1153.645779159890708      963.513899999999921
3PB1.pdb  no        -34221.718763455319277  21811.167779999967024  -35310.805892412572575  19923.072899999973743  0.048795767871536  -221.938180110721589   1064.292680000000473  -694.595136241977002       619.918159999999943
3P71.pdb  no        -34174.475960583171400  20817.306120000022929  -34827.522132327307190  19868.507349999999860  0.071100983069946  -1547.491646989057472  1480.130930000000717  -1767.500191997715547      1000.884480000000053
6Q9C.pdb  no        -34161.357603927426680  18741.273919999995996  -34421.876453005781514  18473.109249999997701  0.107789417017389  -2199.221527151369173  2020.110989999998992  -2316.348214892391297      1932.600909999999203
5W1A.pdb  no        -34144.900360439220094  27654.489340000000084  -36348.699571467164787  24988.116840000020602  0.071303331830028  -1725.684439730309805  1971.857230000000982  -2039.062862241148650      1706.222009999999955
5GY2.pdb  no        -34098.729965170990909  19747.848649999999907  -34537.990693374551483  19478.883479999993142  0.063447218084690  -864.570953663689465   1252.946060000000216  -1120.467324425411334      1124.684070000000247
6P7Y.pdb  no        -34001.444581096773618  21705.460669999978563  -35016.669367228460032  20537.334280000013678  0.063671492211642  -596.792456030127937   1382.019069999999829  -988.244341915456516       1089.184670000000096
2HQS.pdb  no        -33965.780548195885785  18038.537480000002688  -34318.792552755738143  17774.269019999992452  0.064911340029547  -1022.343892607354064  1170.905639999999494  -1185.343515220048403      790.821129999999926
6PYR.pdb  no        -33908.079308026899525  34171.480660000008356  -37830.489437810487289  29972.747850000010658  0.064280530652312  -979.924689980638504   2196.560910000000604  -1584.573025747403790      1397.612180000000308
3O3M.pdb  no        -33906.843737552335369  24701.206790000025649  -34746.643366847732977  23922.474160000008851  0.086255764267459  -2778.159431177260558  2130.621469999999590  -2881.037187502453889      2072.938619999999901
4HDR.pdb  no        -33902.983992325964209  20481.492099999988568  -34770.308579101605574  19416.100650000007590  0.085974863618457  -1610.634287302420489  1760.893490000000384  -1850.574663730419161      1610.551299999999628
1JIW.pdb  no        -33847.215861755423248  19004.129380000002129  -34130.956797320803162  18390.017249999993510  0.052596991949126  -866.656310561217197   999.560039999999958   -994.867928329781080       877.577629999999886
3QHY.pdb  no        -33796.419564204377821  17517.321580000003451  -34082.944938128588547  17302.734960000005231  0.058539968300336  -1039.627058556200154  1025.463449999999739  -1149.696445704346161      930.668669999999679
6VAX.pdb  no        -33646.005074012900877  23968.223499999989144  -34483.825645331548003  23164.499859999963519  0.079465834003092  -737.439255932670221   1904.654869999999619  -1086.254215676848617      1149.379869999999528
5USF.pdb  no        -33527.101142581290333  24898.073099999939586  -34557.193334055453306  23935.517329999976937  0.037728133668304  -431.054543466849395   939.357829999999694   -549.841318583954035       848.252379999999903
1LUC.pdb  no        -33512.135240911498840  20876.252889999974286  -34129.334459952457109  20492.840020000010554  0.098762948545600  -3153.663288479545827  2061.800290000000132  -3312.868163906691734      1912.955839999999398
5F72.pdb  no        -33483.771165183272387  18667.173730000016803  -34026.778511821510619  17866.991350000000239  0.053483641093214  -634.294863408153560   998.388419999999996   -928.055966835383288       713.079609999999775
3HD8.pdb  no        -33316.146004247340898  19630.943659999986266  -33875.549235553553444  19121.439959999985149  0.063104094813545  -645.016264102721152   1238.792930000000069  -810.900469254030895       776.191010000000006
2BKU.pdb  no        -33103.868799008232600  28345.170130000034987  -34879.081122975854669  26411.746150000020862  0.070469715681329  627.305625149767252    1997.476079999999683  -517.991660752474786       761.185030000000211
7S0Z.pdb  no        -33102.247344771392818  21613.708310000019992  -33829.151377558810054  20691.385220000007394  0.088349442058330  -742.593413055593146   1909.559070000000474  -1125.895739011520845      1405.116930000000821
6SUA.pdb  no        -33023.134533084972645  20218.878090000020165  -34122.168019276126870  19208.505830000020069  0.065949355056426  -657.240290791923712   1333.421969999999874  -1067.524716596871940      1063.340410000000247
6OBN.pdb  no        -32969.001919491915032  21530.842220000020461  -33902.066799450236431  20813.275780000021769  0.071053423938007  -689.017854423041740   1529.840059999999994  -1131.264968240348935      1128.287389999999732
7WPB.pdb  no        -32963.030796327759163  23891.657220000004600  -34177.557146165869199  22280.384100000002945  0.034752785139783  -608.491066352509847   830.301630000000046   -700.262164426400886       775.486870000000067
2UZX.pdb  no        -32943.184297997126123  30393.329950000043027  -34876.319345506948594  28352.238199999996141  0.045647520106628  -57.672238143320754    1387.380140000000665  -508.953226575962105       874.812660000000051
6I8G.pdb  no        -32913.223932648557820  22003.965849999971397  -33892.427340786125569  20984.104869999995572  0.034917149719172  -996.512755462020891   768.315770000000157   -1076.241685124059813      723.621359999999868
2IE4.pdb  no        -32882.242671049898490  24738.408310000017082  -33741.995555004505150  22885.476840000024822  0.037787193835835  -416.505159795712984   934.795029999999883   -624.484888091410426       627.635910000000081
5HVG.pdb  no        -32708.718141248278698  18094.372679999978573  -33066.954258587160439  17444.894130000015139  0.039905106011114  -586.012104355680435   722.057859999999891   -706.594458406756303       560.614469999999869
6UC6.pdb  no        -32701.575206356330455  20414.035410000018601  -33562.866581005961052  19026.202960000009625  0.036019798400066  -990.650953225689364   735.309439999999995   -998.168863136345408       731.551569999999856
4CI6.pdb  no        -32447.926285452813318  27219.740230000035808  -33877.336130804906134  24894.632399999962217  0.073312083551798  -1792.374286594342266  1995.535869999999704  -2030.912671346804927      1819.955620000000636
6A2U.pdb  no        -32405.131619362327910  21662.562520000028599  -33335.740935058740433  20534.519560000015190  0.086338091270284  -1364.175755101733330  1870.304300000000922  -1593.600462573262803      1585.495770000000448
6KGM.pdb  no        -32398.982190590097161  22201.320640000009007  -32887.068700141142472  21216.942330000019865  0.117072413940867  -2583.663977447642537  2599.162200000002485  -2644.785905131489017      2565.196030000000974
4PKI.pdb  no        -32342.102376491591713  21650.764079999957175  -33001.776229015442368  20519.526649999963411  0.131792790289367  -1302.082211056025471  2853.414610000000266  -1857.624055076909826      2173.905459999999948
3FMO.pdb  no        -32307.984460458901594  22761.454179999978805  -33549.899953746244137  21633.807099999979982  0.043329783422476  133.541046644594672    986.248880000000213   -376.177574110255080       481.419840000000022
6UFT.pdb  no        -32305.366343958779908  21296.016259999974864  -33204.251714630554488  19823.807299999964016  0.044756975594082  -1044.949374186243631  953.145279999999843   -1187.891499523418588      686.552359999999908
3HHM.pdb  no        -32159.055239576275198  41018.382039999960398  -37626.626435591337213  35505.226220000018657  0.066392406393414  628.988727266349542    2723.309089999997923  -1166.233285748875915      814.459919999999670
7JTR.pdb  no        -32114.646223082083452  19437.251299999992625  -32756.664792543069780  18840.436850000005506  0.035528631046716  -739.226115881259147   690.578929999999900   -878.404706483912491       588.687150000000088
4TX3.pdb  no        -32114.174782253438025  26002.643540000037319  -33261.334348092437722  24171.537570000014966  0.026684303037598  98.510234347930520     693.862419999999929   -213.847259933929138       421.308459999999968
6FSA.pdb  no        -32097.942122589807695  28105.191189999997732  -34002.494481995927345  26012.948910000002797  0.054217076115895  -840.837140579528295   1523.781289999999672  -1035.719985114750898      1216.670759999999518
6OQ8.pdb  no        -32089.307066632336500  19495.159150000006775  -32743.910652664308145  18785.140800000008312  0.045988025699190  -1065.794633664995899  896.543879999999945   -1226.883967480502633      758.456250000000182
6OQQ.pdb  no        -32001.077662210256676  26455.780280000020866  -33970.215142455490422  24465.135539999992034  0.076139277264968  -916.581274475788518   2014.323990000000322  -1330.065111748311210      1633.195850000000291
6D66.pdb  no        -31971.644812564740278  18648.029420000002574  -32423.409473483676265  17746.865899999993417  0.036378672229701  -439.045940695658032   678.390549999999962   -587.373605001075020       563.767489999999952
6D65.pdb  no        -31940.375678131891618  19548.214290000003530  -32334.386850874769152  19324.136719999998604  0.033671867426618  -459.458107623365208   658.224880000000098   -602.641794925163595       566.543259999999918
2QTW.pdb  no        -31928.141859731185832  20028.523779999992257  -32579.267109493084718  19249.883360000003449  0.066512728278569  -1861.823973315998501  1332.151759999999967  -1991.919128600339263      1198.585669999999936
6C12.pdb  no        -31878.726047498363187  20179.989649999977701  -32505.930357031211315  19254.372780000001512  0.068954742997106  -535.838059567683899   1391.505999999999403  -811.894157205985493       1186.729409999999916
1VG0.pdb  no        -31858.776232972690195  22096.981069999979809  -33393.316683685574390  20023.056909999999334  0.065056964362960  -531.108616108541014   1437.562509999999293  -858.854565914309205       1061.042070000000422
3FFK.pdb  no        -31830.474364802226773  22149.186989999972866  -32874.245038550252502  20830.468550000015966  0.091013852603716  -1305.355117875381666  2015.882839999999987  -1769.245482673437891      1681.753690000000461
6N85.pdb  no        -31813.876255585626495  23154.220430000001215  -32811.050928445205500  22240.045380000035948  0.058332261027023  -728.027823331344052   1350.638029999999617  -922.421605524435108       1234.080149999999549
5D3I.pdb  no        -31812.835777286338271  25540.858380000034231  -32937.537762287480291  24709.406420000017533  0.032421962006118  194.575122660027290    828.084740000000011   -126.276632214418456       368.608530000000087
7NA9.pdb  no        -31758.419238380778552  19279.478700000010576  -32524.543254114829324  18500.657280000010360  0.061250768154846  -590.552621203354647   1180.882879999999886  -771.018394790570596       807.784640000000081
3W3Z.pdb  no        -31749.662886476278800  31737.907010000024457  -33354.547993621679780  28593.816760000016075  0.047081984628954  308.692435142793670    1494.283649999999625  -493.225977507864570       652.220860000000016
3W3D.pdb  no        -31732.739554855197639  20314.170899999993708  -32404.226522005308652  19498.952569999990374  0.042671838012350  -988.221610248140109   866.843010000000049   -1061.417165113381088      671.370509999999967
2IW5.pdb  no        -31412.453332987846807  22538.462979999952950  -32069.239731604659028  21509.590379999961442  0.118778923051478  -2247.190671442157054  2677.094359999999597  -2360.306357403788297      2500.595959999999650
1AVA.pdb  no        -31406.969624742690939  20846.604899999987538  -31949.694490804311499  19896.439040000008390  0.057838030978368  -165.850245082052624   1205.726579999999785  -443.210517838976784       957.689549999999826
7JJ0.pdb  no        -31393.497991524363897  21783.636579999954847  -32467.690694267195795  20623.804319999992003  0.100772036934157  -805.858876556164660   2195.181430000000091  -1402.014955091855654      1322.290580000000318
1Y8Q.pdb  no        -31335.591227283206536  25818.838929999958054  -32732.399700432964892  24625.886729999921954  0.093163454658881  -1571.625945717947843  2405.372229999999945  -1985.565359975364117      1625.685549999999466
3ZYI.pdb  no        -31298.292382143034047  24614.914179999996122  -32537.327702258920908  23648.874020000002929  0.041950090195277  -95.912943675688936    1032.597870000000057  -553.534268705318595       403.757610000000000
3F1S.pdb  no        -31276.375914412848942  22550.096620000029361  -32091.501273682621104  20873.265760000060254  0.053732131636427  132.394389685340286    1211.664760000000115  -208.068252709237584       578.381169999999997
5T94.pdb  no        -31257.387248581620952  27619.232779999980266  -33179.029676989768632  25574.393740000010439  0.068060536473743  40.183042243852384     1879.779800000000250  -535.152456846719133       1259.898950000000241
3DRA.pdb  no        -31098.881571558085852  20960.747339999932592  -32022.032541126471187  19803.450929999995424  0.148111615947755  -2088.829406184218897  3104.530160000002070  -2385.651534635972894      2859.421520000000328
7MEZ.pdb  no        -31065.823719470030483  50858.088119999993069  -37319.980079562083120  40493.454929999992601  0.026403394418437  -427.974136410311246   1342.826160000001209  -667.749979650649493       999.359380000000442
3QLU.pdb  no        -31007.319104543985304  24136.441029999976308  -32310.032834958306921  22763.689240000025166  0.058034009995881  -385.707800019969454   1400.734460000000809  -768.523597440815934       1002.706470000000195
3FQD.pdb  no        -30995.715513777835440  31262.092430000077002  -33895.310864232531458  27601.669330000044283  0.026308515075937  -158.550998880243185   822.459229999999934   -518.738347293711399       617.894690000000082
6S8V.pdb  no        -30957.994524157074920  20333.296369999996386  -31813.589098727989040  19116.369359999964217  0.070796480010191  -676.036555071151156   1439.525809999999410  -1234.281543338867323      1061.202130000000125
2P1M.pdb  no        -30877.250836488419736  21882.875840000007884  -31326.351256685316912  20973.362300000004325  0.071743811530030  -1565.401216969697089  1569.960919999999760  -1676.208480303628903      1368.017029999999977
3VLB.pdb  no        -30762.724141832346504  21940.954159999950207  -31454.409477254161175  21072.601520000003802  0.046108583638735  -457.439572408383697   1011.666320000000383  -704.913548730705315       725.873180000000048
4L79.pdb  no        -30714.616677169306058  26042.709790000008070  -32759.999836259532458  22924.999530000011873  0.065491640223051  -1049.554087757701154  1705.579779999999346  -1337.642263243310026      1472.896520000000010
5NST.pdb  no        -30700.979634119055845  19138.218099999983679  -31480.106633695930213  18312.012629999957426  0.102484728188984  -1640.715481222975541  1961.375080000000025  -1920.410653494549706      1283.482540000000199
6OQ7.pdb  no        -30620.382684204520046  19246.683860000044660  -31114.975932086446846  18344.369790000007924  0.034087593726393  -624.338258661796999   656.073139999999739   -684.299598606924974       580.681480000000079
5MY6.pdb  no        -30569.154481389086868  22045.259249999988242  -31203.628696755360579  21170.418020000004617  0.033330566978930  -1198.127428774286045  734.780989999999974   -1225.825175712122473      700.584350000000086
6PLM.pdb  no        -30563.137053080070473  26743.648020000004180  -32496.279889804307459  23725.092809999980091  0.079449335349127  -501.664337916604268   2124.765060000001085  -1034.704705129088097      1124.740440000000262
6O38.pdb  no        -30492.194784544597496  24613.234029999959603  -31713.159056583626807  22967.089189999998780  0.085741392107505  -562.410428267550628   2110.372950000000401  -1150.679882037188236      1464.850140000000692
5B3G.pdb  no        -30460.772522273702634  23829.567029999969236  -31986.759129130365181  21508.771020000000135  0.084871463147184  -1167.254837914073050  2022.450219999999035  -1473.527718922629219      1760.998839999999291
6BXC.pdb  no        -30306.066485854720668  20547.314870000012888  -30768.180239129065740  20167.568729999980860  0.039254244902706  126.496543047334583    806.569330000000036   -184.308457638217220       344.687270000000069
6J71.pdb  no        -30240.078799645169056  27679.427540000018780  -31572.318896841552487  26338.282739999987825  0.031273308624214  -506.662532383425912   865.627280000000155   -624.092207104355452       741.122269999999844
4O4B.pdb  no        -30235.293027953586716  19371.698129999997036  -31277.877700019143958  18291.948739999985264  0.032862497429388  -47.182772179251856    636.602379999999926   -303.175497418276450       337.597350000000063
1XG2.pdb  no        -30193.442210286604677  15519.136209999993298  -30465.118545601915685  14887.638469999999870  0.067503536010269  -798.449105331492206   1047.596569999999929  -977.735918946356719       811.212620000000015
2Y9W.pdb  no        -30188.708100589858077  17745.165960000009363  -30648.527384153407183  17083.199570000015228  0.043680375362350  -690.621338479056135   775.115509999999972   -829.203376869333511       611.286309999999958
6TBN.pdb  no        -30015.284082441521605  16388.075730000004114  -30766.176414141955320  15528.836199999994278  0.059848511573848  -449.917730924141438   980.801939999999945   -663.120348748040669       690.530530000000113
4E6N.pdb  no        -29908.927760591388505  20539.793869999968592  -30549.291453867004748  19299.051039999998466  0.099698862752024  -2621.339924076727129  2047.794089999999642  -2789.462805243021194      1879.099130000000514
6ZMD.pdb  no        -29882.729496436135378  25277.470549999958166  -31365.303013666209154  23303.781879999998637  0.039322183287046  96.679422400162835     993.965329999999653   -329.167354436681535       560.912779999999998
3A2F.pdb  no        -29852.871116529575374  31471.485539999990579  -31811.649968254576379  27706.474550000020827  0.025904031729415  -160.295921398545119   815.238359999999943   -428.266816604981159       567.154350000000136
5K04.pdb  no        -29841.282133478773176  25437.144350000035047  -31405.353924081868172  23365.737880000011501  0.095155942298216  -1651.490802114788039  2420.495440000001508  -1975.497170337327361      2057.071180000000822
5FCS.pdb  no        -29825.012941950615641  17048.523120000005292  -30360.355503773815144  16465.542190000000119  0.123233429969974  -1640.738992252885964  2100.947980000001280  -1965.344820145491440      1583.815849999999955
1DCE.pdb  no        -29586.146245430980343  27049.874529999986407  -30915.001134296944656  25843.959709999991901  0.096455656276939  -341.597137810196045   2609.113400000000183  -1304.261196398880429      1322.195930000000317
7D5B.pdb  no        -29374.870727661025740  16882.153040000022884  -29863.028377248436300  16052.311680000004344  0.046733834134227  -332.917667770037951   788.967740000000163   -428.754007323584915       528.774120000000039
6APX.pdb  no        -29368.721808258404053  18673.781769999997778  -29910.671878755380021  18132.438290000009147  0.064222063038493  -1335.440988541138040  1199.268790000000308  -1390.361686051148354      953.912219999999934
6L59.pdb  no        -29292.114187430157472  21009.581040000008215  -29981.149551273556426  19948.107009999956063  0.104183743399388  -2624.317902942284945  2188.856799999999112  -2696.991259157068271      2075.171170000000075
2EX3.pdb  no        -29284.023571991081553  23963.632890000004409  -30724.058778583133972  21711.839950000019599  0.090457270813249  65.275757767752907     2167.684829999999693  -787.855390080801840       1233.201740000000427
4PC3.pdb  no        -29268.282870375478524  19575.884919999982230  -30080.588016967394651  18321.027750000008382  0.087705499752192  -956.208062290144539   1716.912770000000364  -1221.712407624866273      1479.866420000000289
5Y2Z.pdb  no        -29264.333061229914165  27751.247540000022127  -31087.524551036993216  25210.770429999985936  0.036411043090714  271.615049211090593    1010.451869999999872  -162.900546309096200       264.067239999999970
2BEX.pdb  no        -29066.628609001021687  19540.625579999974434  -29232.213187528981507  19321.295569999972940  0.086533089899162  -969.384946726708108   1690.910710000000108  -1119.020989089085333      1173.316769999999906
4ZA3.pdb  no        -28921.347785582507640  17233.675569999984873  -29268.504455364130990  16922.043499999981577  0.095289466447812  -1245.352856140480981  1642.187749999999141  -1528.490553907863614      1098.361219999999776
5E5U.pdb  no        -28873.459108430633933  16441.768430000018270  -29180.453501406904252  15841.069530000022496  0.042735229059542  -707.129746639781388   702.642739999999890   -784.260275212987494       569.812929999999938
4BAY.pdb  no        -28863.099566218988912  22664.227370000015071  -29583.397703392372932  21854.493329999993875  0.117191116054357  -1963.304107713989879  2656.046100000000024  -2092.374502392362047      2509.472390000000814
6FQB.pdb  no        -28811.545382784366666  21438.759140000009211  -30131.319558327351842  19646.544290000016190  0.057550883982738  -296.117023953359876   1233.819539999999961  -765.054609227402580       754.582149999999842
7FC3.pdb  no        -28798.551781101945380  22309.331539999951929  -29730.523548932531412  21156.631099999995058  0.026887557743472  -218.851136929786605   599.843439999999873   -341.111925538803007       434.299990000000093
2X51.pdb  no        -28752.523800653991202  26376.954789999988861  -31338.394680408178829  22722.695359999976063  0.091639177427578  -2033.001576389191996  2417.162439999999606  -2372.446632835607943      1761.787260000000060
5HVF.pdb  no        -28750.994917003783485  17151.664539999990666  -29287.199603875931643  16804.117220000003726  0.060223032440442  -771.352731609983834   1032.925249999999551  -935.752001803790108       849.676079999999729
3VRD.pdb  no        -28678.740739734279487  17996.085410000036063  -29042.075187302303675  17427.020630000013625  0.083060713257639  -1779.082182410292717  1494.767690000000357  -1831.024020258529845      1353.234770000000253
6VI2.pdb  no        -28651.190861978098837  15130.788820000014312  -29044.384617532268749  14846.531850000023042  0.128005688470114  -2055.172304552477271  1936.827040000000352  -2299.320289338542352      1490.909059999999954
6ZTF.pdb  no        -28629.689497550876695  14908.507610000029672  -28995.034601236311573  14537.379720000008092  0.109193281620493  -2094.291236464158374  1627.908870000000206  -2222.476301476566277      1500.942750000000615
4JEH.pdb  no        -28518.679949364264758  22928.652020000015909  -30836.134793213183002  20719.155520000032993  0.092874636857959  -559.450393587669282   2129.490229999999883  -1119.269128239183601      1591.237390000000005
3GB8.pdb  no        -28430.568656721246953  34005.799939999924391  -32203.433742465014802  26103.836290000013832  0.052243497083868  -277.356116810857998   1776.581909999999880  -1020.162873252715485      611.166399999999953
6L6R.pdb  no        -28414.268130180349544  26235.734139999964100  -30453.166709524153703  22813.408099999986007  0.034468655810216  542.222338038341832    904.310490000000300   -83.599573816424282        193.141390000000001
7CSL.pdb  no        -28399.920533647891716  17439.227029999972729  -28964.731667676966026  16415.415790000017296  0.090985750530710  -1124.703919920222688  1586.721160000000509  -1395.248797630245008      1281.642330000000356
4JHP.pdb  no        -28386.826428881875472  18260.952940000024682  -29099.542117810164200  17289.642840000018623  0.045183135990273  172.498175767597502    825.087119999999913   -175.147239355567251       317.936730000000011
3MFF.pdb  no        -28379.272250648682530  15461.773350000003120  -28922.761029115747078  14960.239140000008774  0.114612712907216  -1906.741306503148962  1772.115789999999834  -2095.275399068337720      1601.551970000000210
3ZEU.pdb  no        -28314.238268530472851  17219.463680000022578  -28869.870782334593969  16323.949189999973896  0.077797405592600  -1282.964611817241348  1339.629599999999982  -1428.167090868131709      994.510400000000004
4UIP.pdb  no        -28306.565861435490660  27365.077319999982137  -30137.773373677224299  25627.970090000009804  0.035186996504346  115.163224931558233    962.894879999999944   -196.496218296526251       538.220779999999991
4I0W.pdb  no        -28228.213007441212540  18437.800480000041716  -28679.995601123740926  16879.096429999997781  0.076269929351139  -1649.924978065751020  1406.249740000000429  -1759.802992469357832      1259.598749999999654
6ZRV.pdb  no        -28171.739080138693680  16807.549630000001343  -28683.391791140587884  16078.222219999979643  0.057574598397899  -1346.411804451397984  967.687919999999849   -1380.818746381477240      865.977269999999749
3TSR.pdb  no        -28152.649148060037987  19266.919909999975062  -28539.878250930021750  18896.964819999982865  0.062446283350954  -182.036297154621053   1203.147539999999935  -506.456883441059404       577.073050000000194
3CPJ.pdb  no        -28123.740914566344145  19838.192699999981414  -28902.535168099850125  18757.529370000000199  0.058220329717838  -759.070945277130932   1154.986120000000028  -1001.524126032036520      984.508339999999976
7K75.pdb  no        -28116.740242470285011  15205.024590000009994  -28581.114263906441920  14858.550390000009429  0.116666995801287  -2470.640442651386820  1773.924540000000206  -2633.357050545798757      1620.749739999999974
4K8R.pdb  no        -28103.085508089581708  20479.494849999995495  -29081.892513240203698  18075.132909999996627  0.063789666667486  -1988.070316232626283  1306.380149999999958  -2072.251597076513917      1220.716239999999743
1F60.pdb  no        -28098.250773890977143  17752.726809999989200  -28844.982418151797901  16219.100440000001981  0.096768298661157  -1310.573505305521394  1717.901169999999411  -1588.225815364214213      1339.048140000000103
1ZHH.pdb  no        -28010.570090840374178  16873.562039999989793  -28591.118934957085003  15252.831780000016806  0.063714478155319  -882.155585858032282   1075.090199999999868  -997.752388138924971       1019.578619999999773
6OAU.pdb  no        -28008.556228688357805  17503.269230000019888  -28583.460256939441024  16733.867940000007366  0.052465701574539  -546.606185296142030   918.321299999999837   -799.238272275940062       634.011560000000031
4M4R.pdb  no        -27977.587751580467739  22021.628879999982018  -28789.146169207393541  20710.366799999970681  0.055797750779278  -68.541511145658731    1228.757359999999835  -605.739752727713835       496.535370000000000
7S0Y.pdb  no        -27935.718515068419947  21140.657039999983681  -28976.514879560523696  18837.858140000003914  0.072676827266671  -226.573391296980390   1536.435880000000680  -743.556292087361498       986.588680000000295
6X90.pdb  no        -27854.930533111470140  17101.039639999988140  -28698.384127055440331  16143.576119999985167  0.059700596659163  -759.933926715667781   1020.942270000000008  -941.633063413061791       838.735789999999952
1YEC.pdb  no        -27852.371346629930486  15198.307479999977659  -28177.083590981874295  14736.345359999982975  0.128837967818243  -2171.826067868055816  1958.119049999999561  -2343.611366064219965      1696.659550000000536
1H2V.pdb  no        -27841.953453164282109  23766.382359999977780  -29212.795606592182594  21282.204880000048433  0.049320807948156  -490.253364433402680   1172.177180000000135  -785.045826312688632       840.949879999999894
4LLY.pdb  no        -27840.533852928274428  14506.021529999987251  -28183.785210575362726  14182.711010000004535  0.111908107722214  -2085.534027032758786  1623.341419999999744  -2207.541692727251757      1443.892269999999371
1S64.pdb  no        -27666.019566511771700  19708.907320000020263  -28552.112643869109888  18744.791459999982180  0.149570337012473  -1614.330096833651851  2947.867909999999483  -1894.410006804426530      2405.581709999999021
6M7L.pdb  no        -27619.993600386129401  24363.263420000035694  -28934.017100081109675  22644.481399999964196  0.040117753239808  311.958012715235213    977.399389999999812   -194.866193562552638       501.009759999999972
6HKG.pdb  no        -27619.954192860841431  14762.957180000012158  -27945.654839940674719  14485.745679999994536  0.111721348229231  -1939.214107652184339  1649.337480000000141  -2023.963220286363139      1594.114929999999731
7K7Y.pdb  no        -27617.858259256514430  29012.444609999958629  -29599.267137210332294  26244.276170000044658  0.031390088365256  -210.145529116076403   910.703200000000038   -564.719732207242032       722.498310000000174
3CPH.pdb  no        -27614.310568866516405  19854.553369999975985  -28671.867318927841552  18276.270730000029289  0.041478670139433  -728.662288799224029   823.540469999999914   -790.175823406560653       795.133019999999988
6RNN.pdb  no        -27473.813660757903563  14860.689429999982167  -27910.589643638577400  14590.972349999979997  0.106241260705763  -2086.018262101589244  1578.818380000000616  -2238.326530471357728      1464.109549999999899
6EH4.pdb  no        -27339.305984201553656  15457.781399999996211  -27868.820348544468288  14970.604089999995267  0.134519548840301  -2396.727896402603619  2079.373779999999442  -2654.355921559750186      1855.821260000000166
5MZA.pdb  no        -27339.244319225323125  19973.221200000021781  -28128.956234483870503  18868.774510000028386  0.056414780506211  -1029.160461770230086  1126.784890000000360  -1152.857410755986393      868.157650000000103
5U8C.pdb  no        -27312.511475400497147  17965.653510000003735  -28198.521314204932423  16520.822620000024472  0.063847844964923  -141.561398357289960   1147.068260000000009  -409.414843606238946       777.613060000000360
6BYN.pdb  no        -27299.578232111180114  15073.401259999996910  -27444.495515259262902  14862.219289999986358  0.045808271676037  -728.175796388733033   690.486459999999965   -750.694047598784778       681.827899999999886
4C0O.pdb  no        -27237.101484369170066  27229.328710000019782  -29333.399852926522726  23983.863419999943289  0.066533905014510  718.511691853536718    1811.673570000000836  -301.782871969918631       561.461479999999938
5MA4.pdb  no        -27214.638207599411544  16672.092680000001565  -27831.094798115154845  15699.604100000002290  0.094808137786816  -715.991126835343380   1580.650060000000394  -1373.616446845704559      1154.031030000000101
5NIV.pdb  no        -27208.882264437826962  14708.601739999981874  -27625.431976115425641  14364.120189999986906  0.114026605631651  -1935.758282510838626  1677.171929999999975  -2125.793287338780829      1519.979109999999991
6C0B.pdb  no        -27193.480750942737359  20659.724929999989399  -28110.375470375955047  19643.961060000030557  0.036507405231944  -61.183766792338318    754.232949999999960   -178.422734516816973       603.857440000000111
7ARN.pdb  no        -27182.597218489263469  14785.874029999988124  -27684.651683539603255  14460.155079999987720  0.112923672054306  -1879.645323663674617  1669.675189999999475  -2051.868005228801849      1421.710820000000240
6WG8.pdb  no        -27120.398109249206755  14907.466300000010961  -27541.579364476248884  14392.002340000006370  0.115798680021165  -2048.717824713537084  1726.264920000000075  -2244.945320315942354      1633.075090000000728
5BRR.pdb  no        -27105.176632734870509  21450.157299999988027  -28236.690777426050772  19797.342239999983576  0.055520366277221  -222.784432401462709   1190.920589999999720  -879.196524356540408       540.602849999999989
2GHW.pdb  no        -27099.679063628715085  14814.582650000002104  -27711.480722787506238  14394.478650000015477  0.076606100003769  -1066.613980653653471  1134.887399999999843  -1190.583782129198653      1045.996429999999691
1SHY.pdb  no        -27074.695545755017520  25994.497479999972711  -29140.947723507306364  23612.848600000022998  0.032611023569593  -131.407225742321003   847.707169999999905   -375.918663380162457       657.462959999999839
5CEC.pdb  no        -27026.783361967573001  18387.158640000019659  -27765.320821298286319  17134.582510000025650  0.060107177059739  -271.398105798452036   1105.200199999999768  -479.402513690836884       775.744980000000055
5VXZ.pdb  no        -27024.459635349445307  17374.126379999990604  -27775.772260565583565  16008.861919999992097  0.061141614649634  -383.928535107363359   1062.282140000000027  -799.738331262525890       805.361010000000078
4BX9.pdb  no        -27012.929145528134541  19325.562260000009701  -28054.473523694403411  17951.619549999992159  0.043237351066856  -428.109555645839237   835.586120000000392   -599.693951022488818       712.079639999999813
4IW3.pdb  no        -27012.616671162442799  19346.090599999995902  -27591.894629055219411  18818.651510000006965  0.086502222831521  -1362.677152937012806  1673.479840000000650  -1489.915698804412614      1340.412270000000035
3THO.pdb  no        -26990.260416761811939  22303.062789999974484  -28598.124361761521868  20667.088089999993826  0.091269142680829  537.467092917831451    2035.581419999999071  -395.696455879771008       909.201040000000035
7D9Z.pdb  no        -26976.043884306160180  14271.684080000011818  -27226.390275215326255  14052.103489999997691  0.115877376540134  -1749.140935659803063  1653.765310000000454  -1935.635467029255778      1542.703440000000228
6GHM.pdb  no        -26975.916787415771978  16039.242999999974927  -27256.375776222521381  15513.809859999984837  0.077163124843236  -772.354222420882820   1237.638110000000324  -965.992762411647959       919.766979999999990
6M3I.pdb  no        -26892.138168147892429  17602.936660000028496  -27596.831182099420403  16641.919820000013715  0.060433172063689  -275.781440436823004   1063.801299999999628  -510.472961849492719       708.049019999999928
3M8O.pdb  no        -26871.361391043592448  15144.484360000014931  -27304.440948309202213  14500.380020000005970  0.112182041303914  -2114.063897378392085  1698.939169999999876  -2226.702690619382793      1584.701299999999947
6PCU.pdb  no        -26868.279188942746259  14638.980240000000776  -27175.585085779774090  14139.218109999996159  0.059352364423985  -1036.598253153038513  868.858089999999947   -1117.992821975343304      769.428410000000326
2QCS.pdb  no        -26781.118736966534925  20372.760650000029273  -27538.805279287193116  19611.862120000027062  0.098556664189740  -941.014909322985886   2007.871329999999261  -1349.258623228485021      1366.676439999999729
7D30.pdb  no        -26756.195442301530420  15031.695269999996526  -27150.296111876643408  14745.662519999983488  0.153413907651682  -2599.900487360344414  2306.071109999998498  -2892.632581883674447      2075.988980000000083
3H3B.pdb  no        -26703.260792517212394  15356.527420000014899  -27131.319755382934090  14960.897670000003927  0.060394366163285  -1121.747364539063028  927.447739999999953   -1249.369969216914569      840.565840000000094
1M2T.pdb  no        -26625.903855031752755  17500.672749999986991  -27024.565949183313933  16454.757819999995263  0.076740469305673  -524.396229487013557   1343.009839999999940  -662.237816572354632       986.008840000000305
7L15.pdb  no        -26560.387933185349539  14782.937740000008489  -26970.567236720467918  14436.584100000003673  0.118848043663613  -2635.029237333006222  1756.923229999999648  -2799.360725979707695      1536.785030000000233
3KCP.pdb  no        -26503.863451188251929  15723.758500000003551  -26754.893297215356142  15531.074040000001332  0.056893954457517  -964.840297677572380   894.586800000000039   -971.132502443627232       864.915750000000003
2AAI.pdb  no        -26501.133590477395046  18277.263680000010936  -27189.605997468206624  17119.716650000020309  0.083485469527351  -388.706123457869751   1525.885939999999209  -603.738863327756803       1028.382269999999380
2GA9.pdb  no        -26472.816206268969836  24091.243739999987156  -27644.090649496214610  22083.969739999967715  0.069684278160062  8.395641320783515      1678.780930000000581  -466.926027668551455       968.683780000000070
3U82.pdb  no        -26467.647215762353881  17992.810660000010103  -26943.369704885488318  17707.497319999998581  0.046974255772000  -135.318578122415374   845.198889999999892   -338.945737665911224       516.322419999999966
4CZZ.pdb  no        -26437.429927828732616  22101.844069999966450  -26837.959650836604851  20445.531880000020465  0.113056828746327  -1168.438375193625689  2498.764400000000478  -1225.634697626493789      2479.428710000001047
4TOY.pdb  no        -26417.187248295569589  15199.896779999993669  -27241.939967862679623  14162.343239999996513  0.120485136610250  -1525.021043352331844  1831.361640000000079  -2009.784664790265651      1340.098720000000185
4ISV.pdb  no        -26371.850547059333621  14592.687350000000151  -26691.078321513356059  14023.641740000015488  0.116363349619767  -1790.758146751640879  1698.053980000000365  -2011.557036466754425      1316.385690000000068
3QWQ.pdb  no        -26369.690961071715719  22255.488579999990179  -27158.633582526159444  20601.199109999968641  0.026883385096190  -663.767153157809048   598.302870000000098   -761.611410443291106       516.699259999999867
7C2G.pdb  no        -26311.899648209677252  17750.375220000016270  -27033.325542858241533  16771.968349999991915  0.111878686810092  -1245.695687388112674  1985.888669999999365  -1676.821779609974328      1595.020319999999401
2WG3.pdb  no        -26310.699330302424642  19708.040889999992942  -27530.243685663965152  17515.427929999987100  0.045950206063328  -425.134378665936993   905.588540000000194   -521.320938723196036       698.772689999999898
7JUM.pdb  no        -26288.335198474269419  14298.959519999991244  -26814.078459931315592  13595.952490000006947  0.069378848063205  -1050.153754132431459  992.045340000000010   -1196.190048901208684      914.920710000000099
7DEO.pdb  no        -26245.149706884967600  14965.061080000003130  -26516.664855298353359  14338.774029999993218  0.064138184593363  -423.888004148557968   959.831849999999577   -587.110164430429450       829.237989999999627
5ODB.pdb  no        -26239.211446598939801  14415.534579999977723  -26701.613145678304136  13844.823389999986830  0.122100870434734  -1887.887995427232454  1760.149319999999307  -2065.173506796162656      1565.222399999999652
4LFH.pdb  no        -26119.691201275443746  15262.495899999990797  -26569.147993474016403  14729.887329999970461  0.126133818650199  -2269.103815116252918  1925.116890000000467  -2375.713056829918969      1637.876930000000584
4WNQ.pdb  no        -26093.192304676966160  15912.807789999998931  -26893.424264978068095  15087.289559999997437  0.142461841424655  -1674.539432732018895  2266.967899999999645  -1997.024531716210276      1645.040480000000571
3TV3.pdb  no        -26009.034450772214768  14667.680610000024899  -26261.338203957267979  13818.319269999999960  0.114023002304793  -2367.110746427384584  1672.452980000000707  -2470.612156633798350      1597.127320000000736
4PKG.pdb  no        -25921.776144119514356  16835.197770000013406  -26818.641082433296106  16225.120550000006915  0.155923878404192  -1688.134798526777104  2625.009329999998954  -2150.909088631398845      1937.001140000000078
6MRA.pdb  no        -25912.533522435256600  14819.884289999990870  -26380.386658744537272  14455.862290000004577  0.129938755412509  -2104.200461595038632  1925.677320000000236  -2374.959284025072975      1700.156339999999545
7AC8.pdb  no        -25908.639988463830377  15419.219670000007682  -26614.708609930778039  14840.767890000022817  0.070339846192748  -752.694067415824179   1084.585539999999810  -950.961598566972839       813.788549999999873
1ABR.pdb  no        -25906.505398015699029  17956.581149999998161  -26337.031252152482921  17224.409079999997630  0.095513073211044  -892.190978036566321   1715.088250000000016  -1157.270039876543478      1260.947389999999814
5IL2.pdb  no        -25869.421972545780591  16762.925130000025092  -26966.582163198316266  15121.238450000015291  0.144565313106544  -2424.170293534094071  2423.337520000000495  -2863.885103772236107      2055.420740000000933
6K4K.pdb  no        -25831.938625748774939  24251.657119999985298  -28226.885115645261976  21300.466989999946236  0.068382085471279  13.076529595019856     1658.378889999999956  -724.803246377749133       886.129260000000045
4OL0.pdb  no        -25810.361091586641123  30139.063469999975496  -29207.930677752916381  26563.628929999955290  0.063493828595730  447.183130837887120    1913.644530000000259  -612.133687123873528       878.844259999999736
6EKK.pdb  no        -25738.640023557694803  17306.380720000004658  -26401.613039925723569  16207.781429999989996  0.079296957706129  -1613.248430621511034  1372.343339999999898  -1703.513420946965653      1312.549769999999853
7JZ4.pdb  no        -25721.438377354617842  19276.158409999978176  -27014.047429082082090  17965.176770000001852  0.116784617666981  -665.168178514274814   2251.158789999999499  -1402.933301476473389      1290.338029999999662
5N4J.pdb  no        -25691.377365192765865  13989.030220000002373  -26094.810147858992423  13520.890479999992749  0.105993849229100  -2116.315913577923766  1482.751159999998890  -2150.420067462105635      1425.902939999999944
3OAZ.pdb  no        -25684.380617208040348  14077.855279999990671  -25942.990027745618136  13827.883319999993546  0.069903161413945  -1067.284730337562905  984.086590000000115   -1141.034905355330238      914.660520000000020
6P4W.pdb  no        -25666.795097230315150  24534.012379999989207  -27497.496010542632575  22915.833830000014132  0.060938989792749  -524.651363318114363   1495.077930000000379  -891.088833849310504       1238.910269999999855
6CR1.pdb  no        -25650.330248741989635  14826.913350000006176  -26083.905470612469799  14475.113929999988613  0.121860916520430  -1704.217489661629543  1806.821249999999509  -2046.914852644751363      1348.384179999999560
1MJU.pdb  no        -25643.218095326919865  15254.475309999996171  -26177.856824237063847  14700.374219999994239  0.125326030633564  -1443.397910123157089  1911.782840000000533  -1812.154979470132275      1518.160880000000361
3N4I.pdb  no        -25618.376640304290049  13807.623640000003434  -25956.413117288342619  13473.915410000010525  0.092882217348734  -1425.952558260908972  1282.482700000000477  -1572.067154658165691      1144.673649999999952
5M14.pdb  no        -25607.145663182858698  15668.207620000001043  -26006.751057460962329  14852.484360000007655  0.066639245236144  -119.382425372577444   1044.117529999999988  -391.608123994989569       741.534550000000081
4MH0.pdb  no        -25578.542777197071700  24291.561330000047747  -27424.324847091917036  21397.028239999999641  0.063974779096671  -992.869254283952841   1554.047269999998889  -1407.830609864648750      1150.474369999999908
4PER.pdb  no        -25540.110272685149539  18780.757900000022346  -26120.319700408112112  18211.377680000015971  0.069810375969971  -379.170387121730982   1311.091770000000679  -638.539517799395639       989.154410000000325
6C9M.pdb  no        -25536.098212426535611  25876.345179999985703  -27448.806130335244234  23142.652019999994081  0.092016653180231  -1108.561132085385225  2381.054680000000189  -1307.822252508520705      2234.452860000000328
7DNN.pdb  no        -25535.410110334887577  15305.565640000009807  -25974.278406927733158  14836.954970000002504  0.102373148882853  -1669.537696332821270  1566.878949999999577  -1777.888345225262128      1326.761519999999564
4AT7.pdb  no        -25458.247754681626247  18532.909899999987829  -26239.219610889715113  17888.342039999995905  0.090707369704528  -1963.279181664342104  1681.071510000000217  -2129.220339131969467      1529.907540000000381
4WEM.pdb  no        -25437.238646933270502  13164.278920000006110  -25699.118871050064627  12636.558749999992870  0.057596929129788  -912.408003121925617   758.222039999999879   -1022.184898921501144      630.115249999999719
2PM9.pdb  no        -25433.138404321030976  25494.934589999989839  -27027.989500002888235  22808.951679999994667  0.089448958652928  -672.469412244639670   2280.495350000000599  -1115.411008626110743      1474.525889999999208
7T9L.pdb  no        -25409.071136464997835  23861.000839999982418  -27207.509558747999108  22397.574870000018564  0.034834958331111  -533.231196443066096   831.196969999999851   -654.641763817113542       681.738249999999880
7MYN.pdb  no        -25407.568426700061536  40005.543080000003101  -30997.646052507534478  31467.350870000056602  0.071549560126606  1247.510549128703587   2862.379010000000562  -470.999143346818528       1310.258320000000140
7NE1.pdb  no        -25400.919487431561720  23822.981459999988147  -26658.308002852612844  22286.700909999970463  0.028791230482702  -371.666305309822860   685.892950000000042   -505.578890692869720       563.686750000000075
3NQZ.pdb  no        -25344.134231034186087  15622.994039999995948  -25631.055963104750845  15289.810100000002421  0.097871023062875  -1273.697565185366784  1529.038409999999658  -1430.632369312533001      1198.991410000000315
4C2A.pdb  no        -25325.225725781227084  16011.527820000001157  -25861.000124152233184  15648.499180000000706  0.065122253898691  1.311112570567516      1042.706779999999981  -459.122389157753730       700.968830000000025
7DET.pdb  no        -25300.244018129436881  14689.721770000016477  -25769.793009155881009  14299.039190000001327  0.052074460086932  -854.786340510895002   764.959329999999909   -950.669855986426114       552.923910000000092
5XBF.pdb  no        -25287.045651749074750  17681.512780000019120  -26037.022251559697906  16430.613129999983357  0.065215377459349  -935.663390912095792   1153.106530000000021  -1151.811097400964400      968.973109999999792
3EGG.pdb  no        -25245.427222966318368  14563.388140000004569  -25627.392777756052965  13988.149950000002718  0.134788512887908  -2266.970314708928527  1962.977429999999458  -2426.627061575527478      1897.079320000000052
1KXP.pdb  no        -25233.238029821786768  21675.953789999985020  -26483.983436876351334  19583.296939999981987  0.075267774871926  -482.174361968816982   1631.500809999999092  -832.872505711859731       1142.224720000000616
3FMP.pdb  no        -25222.374789742883877  22414.984350000049744  -26832.584636372976092  19819.868890000037936  0.042000854218754  70.277981706729079     941.448489999999765   -330.502122868234665       428.234999999999900
3E2L.pdb  no        -25209.235510021007940  13512.267210000005434  -25433.108369631299865  13029.196459999993749  0.096433884095754  -1391.691353495021758  1303.040410000000520  -1570.190697019420440      1118.704280000000381
4YJZ.pdb  no        -25196.328976445318403  15965.548639999984516  -25893.418866639101907  15186.315150000014910  0.057028630241923  -575.420821203410128   910.493370000000027   -806.480877374047850       562.482189999999946
3DSS.pdb  no        -25178.404334062361158  18123.485060000031808  -26012.449097816068388  17234.471790000003239  0.117206019315139  -1515.184008069832316  2124.181540000000496  -1732.310068237373571      1907.052450000000135
1JSD.pdb  no        -25150.917624660207366  15180.826890000014828  -25610.400899821062922  14635.625350000005710  0.170908239636741  -3764.112406447376998  2594.528400000000147  -3899.687819822700476      2424.113069999998515
5VBN.pdb  no        -25144.726460917852819  18350.040629999977682  -25873.934344698591303  17224.833809999985533  0.083620985966177  -1389.981562606079933  1534.448490000000220  -1577.110938047725313      1295.773759999999584
6DF0.pdb  no        -25122.823799950732791  14402.506550000012794  -25593.594053297532810  14046.259499999991021  0.114071730104507  -1815.731755487563532  1642.918840000000273  -1956.102009607450555      1513.435519999999769
4OIC.pdb  no        -25048.717196442266868  15543.842939999974988  -25516.855112212037056  15027.726689999990413  0.055514785714890  -715.425956534828629   862.913110000000188   -853.573260315243374       773.907630000000154
1HE8.pdb  no        -24975.518687813761062  29808.963440000032278  -27936.552647563952632  24920.210020000027725  0.021134010622947  107.488764774009226    629.982949999999960   -346.023279774706452       317.021109999999965
2P24.pdb  no        -24923.581172379952477  13095.140379999986180  -25070.045484074667911  13013.197059999985868  0.226134502881901  -4632.382947420748678  2961.263059999999314  -4735.493191243475849      2858.294219999999768
6BLQ.pdb  no        -24894.185436010939156  13036.817379999998593  -25215.002478602669726  12748.069769999987329  0.238117350233221  -4606.520018088617690  3104.292410000000473  -4730.114748582924221      2889.340260000001308
6I4E.pdb  no        -24858.812883881320886  14449.406979999974283  -25338.669654647088464  13864.516219999997702  0.065399577388054  -1225.157296148164960  944.985110000000304   -1383.228619312841147      858.041790000000105
4Y97.pdb  no        -24847.207218018796993  19885.989909999982046  -26196.084384345278522  17506.359509999998409  0.085294365413866  -871.761405313740852   1696.162889999999834  -1061.406052796475478      1402.340320000000020
6S6D.pdb  no        -24798.921819852836052  18538.488840000005439  -25684.624124802750885  17593.158560000010766  0.091973620110883  -1228.084399724076775  1705.051930000000084  -1427.546704926142183      1540.358060000000023
6AVN.pdb  no        -24772.243542438944132  14142.921029999990424  -25047.944832728546317  13846.184939999990092  0.110133432598259  -1526.158106672648728  1557.608439999999291  -1731.041779715405028      1384.895220000000108
3BH7.pdb  no        -24767.874972044588503  16004.191870000024210  -25390.240358742856188  15606.853140000006533  0.082586960387397  -273.191010627900312   1321.737559999999576  -515.916409910704260       844.094700000000216
4WEN.pdb  no        -24694.494767509258963  12979.740809999999328  -24904.119131645576999  12745.405309999991005  0.050185250193759  -728.778607400340661   651.391539999999850   -870.807478879597056       522.715410000000020
1KA9.pdb  no        -24665.034687923031015  14951.935410000027332  -25124.072510843903729  14302.664130000026489  0.086403380202938  -1044.092702807830165  1291.897759999999607  -1167.104581180322157      1135.775639999999385
5VAE.pdb  no        -24660.007105919728929  21852.551410000003671  -26649.272054962631955  19642.976980000006733  0.067849749540985  -139.196619298947326   1482.690139999999701  -594.512885973390439       1182.382239999999911
6TKY.pdb  no        -24620.714781187161861  17223.263740000016696  -25272.830688695459685  15849.129219999987981  0.118120788876685  -1558.788605039740332  2034.425499999998920  -1779.942537325640160      1406.116729999999734
7DQA.pdb  no        -24603.648555887524708  23691.791059999970457  -25770.616371604588494  22158.321720000032656  0.041201960524128  -399.578905534115620   976.148239999999873   -590.250164220084457       652.011679999999956
4IU3.pdb  no        -24561.337498354350828  13644.406399999999849  -25009.597376006338891  13115.243589999990945  0.073605979663578  -1522.407774282041601  1004.309900000000198  -1652.319158805178859      878.424749999999904
6LIR.pdb  no        -24524.404145615302696  14857.089469999991707  -25324.168890462144191  13754.647520000013174  0.136164473134858  -1700.231184278296723  2023.007759999999735  -2131.578149638586638      1411.385889999999563
4K3D.pdb  no        -24519.463686791452346  14775.609000000009473  -25296.392325262659142  14362.671120000002702  0.132171040801093  -2531.388457711716455  1952.907619999999724  -2780.711266431073454      1745.759649999999965
7VSW.pdb  no        -24501.120711550323904  15303.902110000024550  -25120.256554249681358  14465.973930000009204  0.118182290830139  -1809.570998572917006  1808.650209999999788  -1996.719236985423549      1483.270819999999276
5TEY.pdb  no        -24435.576373087886168  15359.282030000002123  -25139.723688247486280  14440.062109999995300  0.129093565449687  -2127.110841473099754  1982.784479999999803  -2313.631909182522122      1824.975159999999960
7K0X.pdb  no        -24401.248220995952579  18580.009309999990364  -25410.164531519185402  16833.638449999991280  0.099594446328079  -1865.551603657707801  1850.465739999999187  -2229.253006669584465      1597.302680000000464
1MRF.pdb  no        -24384.344324997084186  14570.390559999996185  -24854.033509980617964  14224.945409999992989  0.106600546746085  -1637.180093131803233  1553.211599999999635  -1768.179939928899103      1223.218609999999899
7ACX.pdb  no        -24369.438344736088766  20266.744539999992412  -25147.760449263339979  19608.927979999996751  0.114302527740846  -2255.807774280528974  2316.540129999998499  -2542.284837205102576      1912.021289999999908
6IKM.pdb  no        -24322.392654675863014  18524.075189999981376  -24845.664572066241817  17767.128990000001068  0.042855798298020  -757.443200211125372   793.864030000000071   -868.085593156666846       681.502140000000054
6DRE.pdb  no        -24301.881561297999724  16825.166909999992640  -24708.606750141443626  16400.165329999999813  0.143561665267308  -860.923467534024326   2415.448980000000574  -1201.451253798243215      2099.257219999999961
4LO8.pdb  no        -24211.489060412266554  14307.944089999997232  -24849.776524074964982  13705.327000000002954  0.053876722270586  -864.926733750534822   770.865130000000136   -996.621229108770649       643.538690000000088
4GH7.pdb  no        -24210.337450606726634  15326.649139999992258  -24947.703511119983887  14759.338119999989431  0.067129088726566  -233.320068635927299   1028.863990000000058  -662.909796620749717       692.598179999999957
1AVW.pdb  no        -24209.755651739600580  13894.842690000012226  -24591.303771931274241  13544.993840000001001  0.063273916777247  -1430.224289091002447  879.181120000000192   -1482.750367626080788      856.562969999999950
4GIZ.pdb  no        -24163.888293165451614  15856.542900000002192  -24736.049737748926418  14169.777729999985240  0.073334943646512  -536.813739946814962   1162.838679999999840  -822.052667288087832       785.089599999999791
7DEU.pdb  no        -24101.464861044241843  14310.211700000008932  -24542.939657106893719  13954.712660000015603  0.038858492219231  -753.922389782251457   556.073250000000030   -817.726381052256670       520.023200000000088
6UX2.pdb  no        -24049.662293762976333  35403.690860000104294  -28040.699079143734707  27893.461819999996806  0.032742826576585  737.448446868873134    1159.216909999999871  24.370946560607226         59.377369999999999
5ZZA.pdb  no        -24045.062440242862067  14900.681169999998019  -24507.656515855731413  13470.793599999989965  0.054901206237943  -856.010011997368565   818.065370000000257   -951.631973241244964       674.787850000000162
4CT4.pdb  no        -23997.570899177484534  18075.449990000011894  -25339.170719681555056  16862.871349999997619  0.063101687129837  -1024.861237562474344  1140.591390000000274  -1344.399752799940870      936.052760000000148
7JOD.pdb  no        -23983.168983657997160  13830.777280000018436  -24451.236036403304752  13379.705679999990025  0.067337609531660  -849.660278032823157   931.331480000000170   -999.573326373926989       829.874779999999987
5XL7.pdb  no        -23956.969207681806438  15651.892399999971531  -24460.419985746815655  14683.972349999992730  0.178309461161387  -3021.206731648499954  2790.880499999999302  -3328.674809862797247      2358.483020000000124
6UI4.pdb  no        -23955.839148636907339  22966.859300000032817  -26338.199756728699867  19814.436420000012731  0.046464125811055  546.826973534684839    1067.135039999999890  -72.319353629396971        297.733229999999992
4BD9.pdb  no        -23908.150753348480066  15403.755109999992783  -24459.229207590095029  14790.633189999998649  0.066625611915483  -428.644863177315244   1026.284610000000157  -753.828568751851094       678.512050000000045
5XS2.pdb  no        -23905.085976073980419  19073.358709999996790  -25439.439903933940514  17014.975089999988995  0.098851042895318  -1134.377009882802213  1885.421400000000403  -1536.837334081322979      1511.855059999999412
1NPE.pdb  no        -23881.884852892009803  14409.140319999993153  -24385.962832172168419  13249.033389999996871  0.058519990872016  -608.927903905744643   843.222760000000108   -775.219318887515101       660.132949999999937
3UJG.pdb  no        -23874.063772473986319  19223.507199999981822  -24687.762441553328244  17933.438030000004801  0.059160023619415  -206.661735230384863   1137.263139999999794  -552.207057993959779       830.466909999999984
2VDW.pdb  no        -23819.380156715007615  19456.639480000027106  -24876.800000604514935  17469.264879999984259  0.076127159138789  -1046.039127684844971  1481.178690000000870  -1313.303278482688256      1212.000169999999798
6FJY.pdb  no        -23782.525227276899386  18518.311720000030618  -24846.923466025680682  16939.487409999994270  0.097931368551344  -1899.423125910944691  1813.523609999999053  -2159.687287086040214      1431.285339999999451
6Y54.pdb  no        -23730.192766698903142  14670.374330000004193  -24310.325580737990094  14267.116420000003927  0.111205822244346  -1253.624777332603117  1631.431040000000621  -1576.554602723209200      1322.223709999999983
6VCL.pdb  no        -23688.950968887656927  14623.218020000009346  -24039.866503862944228  13864.052550000013071  0.048527700197689  -877.083561608096602   709.631139999999846   -1006.246400036345449      648.445740000000001
1QUN.pdb  no        -23679.680059223472199  16653.711269999992510  -24313.834184193594410  16068.059569999966698  0.095011346981279  -1153.010111271425103  1582.291539999999713  -1367.475303813839673      1389.553549999999859
6J7M.pdb  no        -23670.456795931051602  18456.672300000012910  -24213.378207709942217  17702.047220000007655  0.055951153773262  -702.711732214266704   1032.672109999999748  -826.922898788771022       918.655879999999797
4FMC.pdb  no        -23611.002719305659411  16974.823720000007597  -24434.737466330640018  16100.932610000028944  0.078787080329103  -378.510955916161322   1337.396799999999757  -694.509249356964233       806.780770000000075
4EOJ.pdb  no        -23596.508519330123818  17331.292389999980514  -24273.342286181497911  16451.916650000002846  0.085312420835571  -793.860099506182905   1478.574509999999464  -1059.224435858452352      1236.837880000000268
4KF5.pdb  no        -23585.496520915621659  16159.917899999982183  -24003.960811345365073  15738.854349999997794  0.109126785848337  -1533.828778260250601  1763.479900000000498  -1822.222463311521096      1433.536550000000716
3V6C.pdb  no        -23563.391908598525333  14355.816610000021683  -24171.821439860039391  13537.411640000018451  0.127030127894619  -1979.000765667161886  1823.621219999999084  -2209.477751893853565      1392.505240000000185
7VFA.pdb  no        -23544.333709570852079  13835.866369999994276  -24127.780902616261301  13163.370260000008784  0.062268467110094  -1273.125374262863716  861.538190000000554   -1369.134513264046973      757.445679999999925
2XWU.pdb  no        -23535.526730399538792  27965.993780000040715  -25611.415224813561508  24934.835770000026969  0.046018476229526  337.256597137324889    1286.952419999999393  -386.542072277420402       443.998840000000143
3OUR.pdb  no        -23505.120418709539081  17469.701220000009926  -23967.312528245045542  16233.578090000008160  0.048580471944671  -420.429263854375733   848.686330000000225   -503.077809853817087       811.306330000000003
3DG8.pdb  no        -23486.909979578900675  16690.624850000003789  -24678.303278874383977  15670.704050000009374  0.055957303479863  -1320.285956252819233  933.962359999999876   -1504.215023961725819      831.782280000000014
4RHZ.pdb  no        -23485.695621086542815  13268.642809999981182  -23787.044284694380622  12850.805779999996957  0.058324176864326  -953.006411620727363   773.882670000000076   -1066.555134262210458      692.836900000000128
4XA9.pdb  no        -23479.743300794063543  14862.109459999981482  -24265.896875594979065  13979.593429999995351  0.081395112400148  -113.082267377742056   1209.703069999999343  -476.643856073499819       685.803369999999973
4XL5.pdb  no        -23463.157935037132120  14754.930379999994329  -24134.244352811572753  14214.205879999994067  0.062594497311346  -402.321939192263130   923.577449999999772   -638.963657705238120       698.425180000000069
4NIK.pdb  no        -23452.055056279707060  14249.457090000010794  -24094.546780371951172  13425.155209999975341  0.058476152090367  -664.124240648478576   833.253420000000119   -877.536072436918175       675.619400000000041
6LR7.pdb  no        -23443.450984730909113  12947.880349999997634  -23690.373274246201618  12757.136160000007294  0.053531142647607  -914.586776715087353   693.114829999999870   -967.373932561207312       592.364940000000047
5F7K.pdb  no        -23431.784940757654113  15622.495790000004490  -24088.165076495020912  14855.569800000006580  0.058391519016053  -564.199472544990840   912.221260000000143   -704.310442124613928       750.370170000000030
7TCX.pdb  no        -23413.976090644093347  14831.356019999999262  -24003.864177753432159  14114.612199999995937  0.139556451696586  -1701.074842036229029  2069.811420000000453  -1926.201186603585484      1758.608709999999746
3GMW.pdb  no        -23359.990519571587356  13364.182509999991453  -23683.076454768441181  12949.938279999993028  0.088335321604344  -1013.812705325717047  1180.529359999999315  -1144.228940852034157      1043.937910000000102
4C9B.pdb  no        -23340.694764967469382  19203.289590000029420  -24435.545998287947441  17501.675529999996797  0.082935537296139  -390.907482844969934   1592.635139999999865  -869.539021777897233       1014.672039999999697
3QN1.pdb  no        -23340.229315851065621  15314.805919999987964  -23841.474024871036818  14564.143170000010286  0.055689241800069  -295.318194432919881   852.869929999999954   -445.087554932859462       679.246039999999880
1H1V.pdb  no        -23303.188345844468131  21428.833900000008725  -25094.700270817531418  19276.080940000003466  0.047290752951331  -150.566532617350049   1013.385690000000068  -504.653594372710927       391.506829999999923
4Y61.pdb  no        -23296.510906380255619  21013.111320000050910  -24138.954832599752990  20029.045670000010432  0.047528021661858  -190.552038244705045   998.711609999999837   -636.564852601303073       659.108659999999986
5YH3.pdb  no        -23241.283721851472365  26419.008589999983087  -24620.495199972327100  22916.497940000008384  0.037437019130777  354.094413121106413    989.048930000000155   -27.629083138900906        114.006640000000019
6FP7.pdb  no        -23178.316394869128999  12655.017620000007810  -23471.744965218887955  12424.657890000007683  0.061379206519034  -487.793331821397828   776.754939999999806   -680.245495984741410       480.104630000000043
2BLF.pdb  no        -23128.240407234112354  15325.339250000006359  -23407.606121525837807  14709.334659999996802  0.085776447004265  -834.702267779456633   1314.553150000000414  -939.759986663616587       1052.050709999999981
4APX.pdb  no        -23107.926266941831273  14598.447920000029626  -23607.670660268351639  14131.729120000012699  0.060049186379534  6.482288427289532      876.624920000000088   -389.995914617196888       574.284989999999993
7JR2.pdb  no        -23100.911377211908984  13902.563609999988330  -23402.091112619360501  12869.503340000012031  0.064940824967749  -791.158255729833286   902.843950000000063   -900.537837651676909       710.281769999999938
7KJH.pdb  no        -23098.399330634205398  13556.483430000012959  -23410.914877583407360  13005.970659999999043  0.067291729061627  -972.448013635225493   912.239210000000185   -1006.975744349943398      656.323429999999917
5DYN.pdb  no        -23082.178329868638684  11701.451280000006591  -23268.267588162092579  11444.758040000002438  0.193654844666413  -4008.998206823211603  2266.042730000000574  -4089.854553397878135      2007.110779999999295
4RCA.pdb  no        -23074.856147946746205  18226.312269999983982  -23767.848153409584484  17275.865809999981138  0.046363264684700  -478.494598728011511   845.031340000000000   -572.339617767023583       777.769129999999791
3G9A.pdb  no        -23009.521680444275262  12892.835320000000138  -23210.548529954605328  12609.437399999993431  0.050701625652968  -977.151299955605623   653.687709999999811   -1029.490484477893915      628.469370000000026
5WP3.pdb  no        -22992.389882261883031  15561.142060000023776  -24376.049286915091216  13518.583780000015395  0.056966329757933  362.452063569778716    886.461149999999748   -207.462882816043958       299.118510000000015
6KIP.pdb  no        -22990.829436832613283  16550.773689999965427  -23593.835746579683473  15471.176739999988058  0.066856867885794  -596.934426886040342   1106.532889999999725  -738.885119924547894       660.025679999999966
1W98.pdb  no        -22976.723246572739299  17743.145499999973254  -23941.520861511333351  16214.705190000007860  0.099332616079827  -820.390435293652217   1762.473059999999577  -1263.859935751546573      1215.620570000000725
4WWX.pdb  no        -22950.069140053612500  30151.953859999986889  -26314.447003942110314  25662.180060000009689  0.065245368812063  -1099.637961618663439  1967.275349999999662  -1309.075716953483834      1566.339249999999765
4KMO.pdb  no        -22881.161010164429172  24322.106410000007600  -25211.095996318446851  21312.626820000019507  0.090081619702938  751.769625468675372    2190.974740000000565  -425.364641581248748       920.694539999999961
6GVC.pdb  no        -22846.687803068100038  17106.889879999998811  -23719.292460303615371  16422.958920000022772  0.090690396143475  -852.975411177124329   1551.430620000000772  -1080.575418543928890      1201.827590000000100
4US0.pdb  no        -22807.642501421614725  18355.067519999982323  -24120.621360090615781  16797.270220000005793  0.085741506986295  -586.363486630946454   1573.791149999999561  -898.589845584191494       1250.081449999999677
6MCP.pdb  no        -22802.431620072486112  20289.995899999990797  -23985.960064987062651  18218.838559999956487  0.073181719568509  -826.486124628077050   1484.856789999999137  -1047.411045519882919      1110.519129999999905
6LZ2.pdb  no        -22792.737318367173430  12424.060189999976501  -23187.671304850617162  12019.341480000004594  0.067387444780240  -1135.015423812321387  837.225670000000036   -1251.938151836029419      754.394869999999969
3UB5.pdb  no        -22788.905901855145203  15658.153419999980542  -23252.963281592750718  14864.673809999980222  0.065848901996517  -826.832052126143708   1031.072209999999814  -879.444187985103326       1004.756339999999909
1HWM.pdb  no        -22782.097180533961364  18267.822529999975814  -23226.928070645597472  17510.052869999988616  0.087512353340122  -523.019537827765930   1598.660139999999728  -766.708526354375067       1338.061550000000580
6OAN.pdb  no        -22758.320106519448018  15062.437109999989843  -23600.383994596260891  14054.165069999984553  0.058160696280577  -919.294959864146108   876.041830000000118   -1008.168607137960294      834.789650000000165
4CDG.pdb  no        -22753.596012487083499  22088.179409999971540  -24518.049745876029192  18556.876479999995354  0.036366087720038  67.657535644307558     803.260670000000005   -276.518518162924863       515.764970000000062
7CZ0.pdb  no        -22753.018403150916129  12247.192619999985254  -22977.348588898585149  12071.256219999993846  0.047372181364451  -464.987554918181161   580.176229999999691   -615.959027235919166       342.107749999999953
4M3K.pdb  no        -22705.007993189705303  12566.772619999987000  -23162.113067377187690  11746.436430000027030  0.063283140711430  -685.743900030247573   795.264839999999822   -834.987991395633458       719.223169999999868
6IR1.pdb  no        -22615.396665205862519  12506.067499999997381  -22747.506501348761958  12406.325670000003811  0.060022924872267  -880.863440762827850   750.650750000000130   -884.833523320239692       749.024870000000192
5YEE.pdb  no        -22612.952847229513281  15250.315809999990961  -23408.471867793523415  13998.755500000013853  0.050835537418290  -98.978587895765997    775.258000000000152   -309.158311655607122       476.945819999999969
4ETP.pdb  no        -22595.156677487229899  19817.477849999981117  -24466.294680390143185  18167.083360000015091  0.077469503517068  -981.194088010211772   1535.250170000000253  -1221.900115025314108      1306.493010000000368
6YU8.pdb  no        -22586.718650082591921  12783.763230000011390  -23150.361018002655328  12208.015279999992345  0.066049950613799  -740.317743413303447   844.366929999999797   -824.977910673491351       754.767510000000016
3RT0.pdb  no        -22584.897070180759329  15306.685059999994337  -23258.124955576335196  14692.334859999997207  0.064052687839126  -638.971234789229356   980.434320000000071   -749.541074834941583       765.583529999999882
7R73.pdb  no        -22517.016682597961335  14892.860539999979665  -23066.871834550685890  14246.427249999987907  0.062592908695833  -1210.867522723803404  932.187459999999874   -1313.369767140345857      804.558829999999944
6QNA.pdb  no        -22509.031175119042018  14844.519870000023730  -23436.783753287934815  14173.667780000003404  0.130079415630167  -1722.922170725250226  1930.966470000001436  -2048.828419009798836      1589.056989999998905
5L3S.pdb  no        -22453.692014251824730  17117.939640000022337  -23991.058942755989847  14914.003639999997176  0.082212504518447  -51.395217850130834    1407.308690000000297  -447.789631895167076       988.187180000000239
3UZQ.pdb  no        -22404.585772763806744  11835.819109999996726  -22575.796800568710751  11357.122709999994186  0.075689800737416  -1066.355176142536720  895.850790000000302   -1148.555761294504691      789.464950000000385
1XB2.pdb  no        -22387.617818654911389  20035.633470000026136  -23925.529273624157213  17580.897939999991650  0.073316227420485  -168.881651943421559   1468.937059999999974  -658.426931938798020       1124.758609999999635
6SJA.pdb  no        -22338.786392075347976  15262.364569999985179  -22957.150934230092389  14363.277879999990546  0.061450153788326  -254.693745459562763   937.874649999999974   -454.137781496029390       517.355940000000032
1XZP.pdb  no        -22333.743847717421886  17355.367100000010396  -23778.744437024823128  15077.443580000021029  0.091985214187719  -682.412319006130929   1596.437160000000404  -1080.890145269658206      1028.171409999999923
4J2Y.pdb  no        -22309.261970627223491  14068.449229999989257  -23343.403803366469219  13022.054109999979119  0.070015847084235  -913.143424334239512   985.014389999999821   -1104.880623673217087      864.543419999999742
3KDJ.pdb  no        -22281.969200628645922  14393.674889999991137  -22900.099982497926248  13594.783149999988382  0.058817845787817  -520.785718956860819   846.604949999999917   -759.691672613700575       730.192609999999831
4NYL.pdb  no        -22258.802644416144176  14164.050989999988815  -22694.922543632797897  13658.848020000003089  0.113130555737995  -1767.043262268219223  1602.386960000000499  -1872.518663666650127      1283.884740000000420
5J56.pdb  no        -22241.871023893036181  12425.528149999992820  -22375.417786210884515  12179.276290000008885  0.056096594171733  -1010.340221404385602  697.029809999999770   -1043.766962452335747      671.795380000000023
4GAF.pdb  no        -22179.774117830023897  16811.026429999983520  -23046.362412018974283  15946.097479999982170  0.116810537903604  35.539989102276671     1963.705039999998917  -667.304654207699059       898.289110000000051
4PHT.pdb  no        -22161.677781401835091  20482.512090000014723  -23723.817003614094574  18080.212940000026720  0.077385723637574  -189.376340824005354   1585.054019999999355  -721.239885418131053       1036.105190000000448
6EG0.pdb  no        -22141.427380650693522  16848.406769999997778  -22734.954838477220619  15966.526909999998679  0.051487078976786  -1029.502163269022276  867.475250000000074   -1079.153637074254902      816.174929999999904
5EFQ.pdb  no        -22088.011151565417094  16953.105799999993906  -22976.696389626609744  15854.402820000001157  0.058251744644925  -289.542297710622279   987.547990000000141   -631.224118933593900       647.484160000000202
1EFP.pdb  no        -22085.536665330779215  18133.536589999974240  -22928.096090167808143  15849.292730000006486  0.166638795747455  -1553.084998089054579  3021.750700000000052  -1880.004897009072010      2293.233559999998761
4AYI.pdb  no        -22081.874005903475336  12920.405989999995654  -22397.592157228180440  12253.914570000015374  0.117899691478658  -1433.616261016566341  1523.311879999999746  -1586.459278805491749      1291.104690000000119
1IND.pdb  no        -22072.401075546320499  14381.992390000013984  -22701.441443157822505  13680.768839999986085  0.124397488990745  -1285.210380573209704  1789.083739999999580  -1674.936538515241409      1337.805390000000443
2RD7.pdb  no        -22050.959559804836317  15510.313890000001265  -22605.736352850301046  14359.189200000022538  0.064497870068573  -581.272217207739573   1000.382210000000100  -753.807169498487724       831.686009999999897
4R40.pdb  no        -21991.847491414588148  17440.005749999992986  -22693.317540487096267  16149.641009999992093  0.064562154745849  -297.946215038164837   1125.964349999999740  -662.243665819521993       712.424539999999752
5LWF.pdb  no        -21984.468900633670273  12687.544360000028973  -22487.559827675515407  12273.649230000017269  0.045476254791987  -301.257303436664870   576.982000000000198   -556.067245059665993       431.592350000000010
2VZK.pdb  no        -21940.456866864758922  12203.948870000009265  -22178.648481664600695  11527.189840000002732  0.217607101462725  -5050.810485553230137  2655.665940000001683  -5206.894062490574470      2528.591529999999693
4Z9K.pdb  no        -21907.894435589787463  12057.873959999982617  -22010.438079004867177  12019.592150000005859  0.072947477550180  -1123.257350319544685  879.591489999999794   -1141.011459525180726      873.072360000000003
6JZY.pdb  no        -21892.663623186428595  16579.730179999995016  -22605.942255103247589  15911.825889999992796  0.052734782804529  -134.080973777118402   874.328469999999925   -392.541827161685148       565.997889999999984
6FP6.pdb  no        -21874.018823142534529  12956.832059999993362  -22006.529353466095927  12453.052880000004734  0.066775540193272  -1168.546463017820088  865.199459999999931   -1183.484172498092903      860.466349999999920
5AQM.pdb  no        -21861.674350077104464  14036.826539999989109  -22342.254839123525016  12993.800909999983560  0.067820042321332  -389.726535357160628   951.978169999999977   -534.204402380759007       576.577140000000099
3WXF.pdb  no        -21757.094851554920751  15353.945029999995313  -22532.512715052042040  14277.287120000019058  0.122170807328988  -1673.409089935817974  1875.803860000000441  -1955.015911049158603      1606.834769999999935
1RJ9.pdb  no        -21738.124009315542935  16967.667380000009871  -23115.269073374660366  14974.291390000003958  0.085651499846881  235.856641080285812    1453.306160000000318  -231.490352219474147       774.232340000000022
5MBL.pdb  no        -21737.427575200104911  12777.961580000004687  -21904.284378183172521  12642.753829999999653  0.065180471453570  -631.254520994821860   832.873559999999884   -722.634689902290802       683.753039999999942
7CEG.pdb  no        -21699.000598658643867  31335.369309999972756  -25243.637474280600145  24731.993850000049861  0.046678632235977  1186.127836313720991   1462.692180000000235  33.353335788545046         149.268079999999998
5F7L.pdb  no        -21690.074255116825952  15112.510699999973440  -22387.191490634824731  14219.494960000005449  0.061170248170610  -807.248036745247532   924.436030000000187   -1024.281311900182800      758.412409999999909
3TU5.pdb  no        -21682.375514934152307  15301.250690000013492  -22495.427071296569920  14221.908690000029310  0.080956080982946  -1209.266025111493946  1238.729290000000447  -1481.609097698932146      1040.969119999999975
4AN7.pdb  no        -21640.082843237407360  13905.598849999989397  -22463.631124049999926  13171.237090000007811  0.066142868057782  -714.322459162675045   919.756190000000061   -1017.105977348668830      553.472609999999918
3GFU.pdb  no        -21635.934755813963420  14689.240599999997357  -22267.758792654014542  13875.904030000003331  0.107229712065578  -1654.343310813871312  1575.123039999999492  -1803.754820178195587      1449.445580000000064
7RBS.pdb  no        -21551.345911066531698  15484.073890000017855  -22145.401342749664764  14519.509729999997944  0.082210363954805  -529.732436501063944   1272.951350000000275  -955.488220946368756       810.311400000000049
4WKZ.pdb  no        -21474.973499997151521  12952.579910000005839  -21731.819965490183677  12514.670229999999719  0.069502653236285  -1351.139762399415758  900.238669999999843   -1404.280511956112605      831.664259999999899
2Z8V.pdb  no        -21471.366587108459498  15275.553810000026715  -22224.691306197644735  14072.754679999987275  0.068957804941279  -212.496673386948316   1053.368659999999636  -588.028795927105307       749.027689999999666
5E1H.pdb  no        -21417.939369061939942  12253.511450000009063  -21512.823665815471031  11753.113900000002104  0.044563692801707  -880.453184954632206   546.061719999999923   -895.315875187912752       532.175600000000145
3TAC.pdb  no        -21415.494120752973686  17789.657659999986208  -22196.962628052944638  16001.387730000016745  0.089217615107271  -418.646985671106961   1587.150830000000269  -902.515145235491559       775.689770000000067
3TU3.pdb  no        -21411.288907071208087  17585.941429999998945  -22653.868781925943040  16329.161600000006729  0.082197695002786  -593.094187385608620   1445.523850000000721  -887.010132495461676       1158.460430000000315
4KVO.pdb  no        -21411.232899847662338  22923.871510000000853  -23334.923107672679180  19613.953229999991891  0.092329422151782  -721.937659875405984   2116.547809999999572  -1077.011768077468560      1484.499019999999746
3NMV.pdb  no        -21378.492551827275747  14570.548180000001594  -21851.262461755894037  13696.000990000000456  0.058309080722590  -422.456144717786572   849.595269999999800   -601.440236800156072       631.801550000000020
3GNI.pdb  no        -21363.917140257093706  18611.570049999987532  -22829.185805428787717  16571.655769999997574  0.104077281755174  -100.996955597132754   1937.041620000000421  -628.721266977502637       1031.933420000000297
6SAZ.pdb  no        -21345.285069290512183  14310.414729999993142  -21855.438851056591375  13577.918719999996028  0.089034136608842  -744.192649023658305   1274.115420000000086  -946.375911558587518       1030.636329999999816
5GXG.pdb  no        -21339.559562933940470  15554.048650000011548  -21689.014990960811701  15000.453490000001693  0.036310459270680  105.635517274867709    564.774649999999951   -40.282034254902641        182.591779999999972
7S7R.pdb  no        -21308.952424928076653  13158.090230000005249  -21733.384906171173498  12756.829380000013771  0.054719420327307  -627.566784031282054   720.003069999999866   -833.045379140747400       549.420140000000174
1JSM.pdb  no        -21300.330088860282558  15143.024210000001403  -21846.666471855445707  14408.854179999992994  0.152929800407418  -1974.956472786062250  2315.819670000000770  -2299.133052568777657      2059.748050000000148
7VFB.pdb  no        -21291.825943033047224  13250.580949999999575  -21682.409546351002064  12948.967010000025766  0.063196918169841  -1355.537680101785782  837.395880000000147   -1421.568545886592801      789.029340000000161
2OZA.pdb  no        -21278.840285252987087  21906.743810000018129  -23210.541113660710835  18103.194139999985055  0.140632457142885  -112.997737368141316   3080.799209999998311  -967.767160477185143       1525.366670000000568
4PBV.pdb  no        -21277.400094448265008  15810.011189999990165  -22022.747013766147575  15022.945069999997941  0.066211579322734  16.737631387466614     1046.805809999999610  -359.882252076839677       400.411600000000021
6CP0.pdb  no        -21267.018993778634467  18161.252340000006370  -22472.373731308289280  16200.115479999998570  0.032470581816716  -259.009280674229444   589.706429999999955   -315.013096376977728       407.506910000000005
6U3W.pdb  no        -21251.233121091063367  16543.224260000013601  -22258.208117073267204  15552.465250000017477  0.139725118493920  -1701.461707532943137  2311.503969999997935  -2145.816868573369447      1870.081079999999702
4D0N.pdb  no        -21243.826875602375367  16019.678649999983463  -22092.602462695005670  14392.597179999987929  0.088412383353270  -1215.637972967566384  1416.337969999999586  -1377.323383014454748      1252.255480000000261
6OBE.pdb  no        -21214.718116137653851  12554.309919999992417  -21502.446690723652864  11962.848889999997482  0.081195944380510  -545.349135750960386   1019.359049999999911  -775.127622110948096       657.101049999999873
4LGR.pdb  no        -21214.495947591905860  11970.885220000020126  -21432.879156737162702  11662.228870000008101  0.058323992517572  -858.830502793950814   698.189820000000168   -885.439864396537018       658.452110000000062
3KQ4.pdb  no        -21165.965275710485002  28328.979060000037862  -22878.497462587398331  25633.871859999962908  0.031403618115421  -249.540286075604484   889.632440000000088   -342.873601187603356       823.996160000000259
6FG8.pdb  no        -21113.551956004077510  12443.172170000008919  -21384.071968271626247  12240.904240000008940  0.056362403446516  -778.732236777336311   701.327089999999998   -856.332150426275348       641.547339999999963
4CT0.pdb  no        -21107.885801825101225  17550.362099999998463  -22196.773979001824046  16081.653219999991052  0.179489502384683  -1464.196548169571088  3150.105759999999464  -2022.516890031217372      2738.947900000000573
4YON.pdb  no        -21095.012492903453676  14648.252370000007431  -21839.648437009083864  13391.517010000006849  0.088629008239841  -794.401871336315935   1298.260080000000016  -998.759767108692472       1073.143180000000029
6G3W.pdb  no        -21087.292994801453460  12478.035989999996673  -21332.993452577349672  12363.099819999995816  0.055647811126405  -687.591527988280063   694.375389999999925   -760.342318038052667       646.774319999999761
5N47.pdb  no        -21014.254289146789233  12448.152910000007978  -21447.144183921926015  11875.770700000000943  0.098345816351319  -970.920113956778891   1224.223759999999857  -1112.521512048831028      954.497269999999958
3ZYJ.pdb  no        -21013.589406102324574  25519.580989999965823  -22505.695857121481822  23952.733430000018416  0.046429556600647  269.837201880169232    1184.862829999999803  -140.956482031358519       313.417979999999943
7MC5.pdb  no        -21010.959584449155955  13548.070970000006128  -21313.888754194420471  13106.810210000001462  0.165415121087161  -3059.913632258609141  2241.055800000000545  -3120.715973701639086      2154.199630000000070
4JDE.pdb  no        -20943.765548755211057  10982.738039999996545  -21110.287587269591313  10769.170380000012301  0.094364408604250  -1010.045529685407587  1036.379580000000033  -1049.828353414628282      969.199129999999968
2G77.pdb  no        -20932.897705634692102  14835.104299999993600  -21706.666414153856749  13918.465760000020964  0.082685794126840  -927.881021383679013   1226.652379999999766  -1070.099779798568989      1097.859200000000101
5CBN.pdb  no        -20886.009512104494206  14930.917150000015681  -21451.387545003824926  13575.115010000003167  0.042333550822764  -215.345374923780298   632.078739999999925   -412.508032495826740       491.832619999999963
3W5K.pdb  no        -20866.382016971569101  25611.498210000016115  -23425.613297106585378  22403.336240000029647  0.080993461334881  164.837764175477247    2074.363889999999174  -709.834076658997219       1468.690149999999676
5C46.pdb  no        -20859.672059098473255  19391.401259999991453  -22157.570002132539230  17028.099599999986822  0.030040179778117  -111.629266012991835   582.521179999999845   -255.674329243551938       515.982849999999985
5JHH.pdb  no        -20796.862576170562534  15880.970049999998082  -21764.346557960860082  14734.633890000013707  0.095602239990371  -427.218881889087754   1518.256310000000212  -820.317591175746315       871.916670000000067
6YX5.pdb  no        -20769.690682867094438  15153.568950000008044  -21429.902696496719727  14256.462979999996605  0.071451305865474  -281.529458293377218   1082.742289999999912  -657.706047043896319       760.775869999999827
5MAD.pdb  no        -20763.494527188056963  12541.369949999998425  -20999.247146712958056  11868.233539999991990  0.060703785394673  -172.342507836121854   761.308630000000335   -381.260620312618187       409.401109999999960
6OBO.pdb  no        -20731.261480712033517  12474.334969999990790  -21043.337160245679115  11840.477880000005825  0.098858894920312  -1293.844689911881915  1233.198969999999235  -1589.905902209282431      904.971289999999954
7M0X.pdb  no        -20723.805872764045489  17935.058990000030462  -21721.214588934632047  16283.418680000022505  0.074055517784500  -666.834473061261747   1328.190079999999625  -930.841366226272726       901.587389999999914
1NU9.pdb  no        -20704.115586200012331  17587.515239999975165  -21930.634571327813319  15443.726590000003853  0.115969407967376  -283.982413183747383   2039.613729999999805  -834.658675153758281       1255.632660000000214
3H6S.pdb  no        -20690.850532792421291  12508.809040000025561  -21007.737620109597628  11847.090580000012778  0.066551186235073  -875.210698844737180   832.476080000000138   -939.821107874561676       771.036220000000185
2AQ2.pdb  no        -20683.307062723615672  12169.089729999992414  -20982.482648035111197  11868.398939999997310  0.054863139709958  -415.005204549876737   667.634469999999851   -434.716911369466061       609.026319999999942
2Z0D.pdb  no        -20680.874039710648503  13483.086159999997108  -21146.634935446265445  12436.290110000016284  0.087958093267869  -885.617477438913738   1185.946550000000116  -1033.636064118120430      780.836069999999836
2IG2.pdb  no        -20663.332390140505595  14637.221799999990253  -21514.303940369176416  13951.714189999982409  0.127492189125671  -1433.383203727133377  1866.131449999999631  -1738.049877513959473      1482.137420000000247
3VHL.pdb  no        -20660.477869864262175  13087.057600000005550  -21216.604897733697726  12543.734849999984363  0.164607126815121  -2376.145761660494827  2154.222949999999400  -2515.817053323324217      2005.215089999999691
3VX8.pdb  no        -20644.238908367227850  16353.836230000000796  -21930.935663115789794  14748.610900000012407  0.065421687300338  370.647574552109290    1069.895559999999705  -69.296005311123480        448.438540000000160
3VEQ.pdb  no        -20643.410823836031341  14235.194649999993999  -21375.213406192815455  13053.885280000004059  0.079740432632581  -799.581488439677969   1135.120580000000245  -1104.639865511901462      838.725830000000087
4D0L.pdb  no        -20633.314103091652214  19311.026389999973617  -21845.828692174505704  17232.721279999987019  0.028530308481444  -210.797288004298110   550.949539999999843   -310.894340929409452       472.251959999999997
5YA1.pdb  no        -20623.187209570103732  17343.157060000008642  -21900.648504810666054  15696.301010000006499  0.041219483138325  -876.783816168928752   714.875969999999825   -986.317502949974141       595.177829999999858
5J1L.pdb  no        -20610.391695349171641  11470.167350000005172  -20983.118375873309560  11241.461779999986902  0.113258310045494  -1289.384625202512098  1299.091770000000224  -1436.545381516913494      1202.344450000000506
6OBC.pdb  no        -20599.731088159107458  12335.452870000004623  -20963.312195741207688  11770.000679999990098  0.076396946259825  -514.560946457473506   942.390929999999798   -726.090990917064687       644.874340000000302
4N6O.pdb  no        -20587.779653327885171  12340.119349999991755  -21122.053052499239129  11755.647949999985940  0.058870775832488  -559.658127426087276   726.472400000000107   -796.332503389397857       521.345600000000104
3UZE.pdb  no        -20581.948891662508686  11771.585400000003574  -20962.689674290249968  11363.679010000018025  0.066056232323643  -710.037258630061956   777.586579999999913   -796.161375496735900       725.768950000000018
2VRW.pdb  no        -20570.197685241513682  15949.640030000011393  -21169.933859753313300  14623.445019999995566  0.081879018431992  -684.223432958989633   1305.940870000000587  -986.687785441343976       1064.726520000000164
5J57.pdb  no        -20563.855174893869844  12258.030299999996714  -20791.670753209786199  11727.039960000003703  0.045781178237094  -274.295331518759042   561.187069999999949   -366.248727494607920       490.233849999999961
2HZM.pdb  no        -20556.012272518535610  14204.225660000001881  -21452.477424051096023  13484.723840000006021  0.121100822471726  -1734.164870916455811  1720.143410000000813  -1927.349158153557482      1464.193770000000086
4HDO.pdb  no        -20552.961660828361346  14701.938049999995201  -21314.557399023007747  12910.541479999992589  0.050410553185537  -6.720252019913389     741.132829999999899   -436.735522624731118       281.349160000000040
7JZ1.pdb  no        -20545.288935519067309  18955.270650000013120  -21656.857287935050408  17518.277649999974528  0.127648010660296  -418.530662818906194   2419.602589999999054  -1393.228800395855615      1351.987889999999879
6OBG.pdb  no        -20539.723908103154827  12413.578519999977289  -20670.626193950516608  12128.283989999981713  0.091327935628992  -1084.768368754216681  1133.706499999999551  -1338.676079753010754      803.668749999999932
3DAW.pdb  no        -20502.572389452801872  15727.906019999991258  -21353.083057821189868  14726.319900000004054  0.074532874147985  -321.337092107146304   1172.246039999999311  -858.091084542327735       661.892799999999966
6UPQ.pdb  no        -20502.478181351230887  15856.510600000006889  -21671.825417826301418  14020.614299999990180  0.117629675093838  -1056.362324029556703  1865.196190000000342  -1323.452624330284834      1380.573840000000473
6I1S.pdb  no        -20485.825780042880069  13551.884800000007090  -21062.442262789194501  13122.688630000002377  0.064638589607845  -1054.259703711657494  875.974719999999706   -1173.702588968095370      785.856320000000210
2XG5.pdb  no        -20455.204738709628145  12953.566820000021835  -20854.767609610509680  12466.308090000009543  0.147477837305046  -2063.555700328498006  1910.364020000000210  -2326.362965844072278      1564.993699999999308
7B0W.pdb  no        -20432.689163677485340  11834.837460000018837  -20606.344303257897991  11596.052869999997711  0.147695629611123  -2168.149874051104234  1747.953770000000532  -2266.761134779687836      1559.606199999999944
3FM8.pdb  no        -20428.491203873021732  14724.228689999981725  -20712.664191050913360  13761.006489999981568  0.043437465789592  -828.867881327534292   639.583180000000084   -849.652731499425158       632.911959999999908
7DN8.pdb  no        -20395.832734049618011  14663.687710000025618  -21097.508707427183253  13365.545380000014120  0.077107575690453  -975.190131076761304   1130.681409999999460  -1116.806544680815023      965.067269999999667
6I8H.pdb  no        -20368.334783764399617  21604.088710000054562  -22313.279709539558098  18723.405990000032034  0.035900421462396  452.926985667338386    775.595890000000281   -53.583633586995610        206.622999999999990
7AX1.pdb  no        -20335.809105510830705  24379.657409999981610  -23394.823487718320393  18905.469460000007530  0.050416996405201  -240.850323075626477   1229.149100000000089  -669.061723504748556       824.735459999999989
7NFQ.pdb  no        -20316.211184734780545  13255.240020000002914  -20892.341182123083854  12482.947539999968285  0.061181132048637  -631.664393813602942   810.970590000000243   -789.569282219985780       628.462989999999991
7CD7.pdb  no        -20280.339952819314931  11816.747950000020865  -20491.458618978183949  11618.025029999998878  0.053419056805726  -261.312678335033183   631.239529999999831   -363.144938550901088       515.496699999999919
3TIX.pdb  no        -20273.122929603323428  17129.969449999985954  -21288.392814094459027  15947.830289999999877  0.145134668059785  -1479.817174441089037  2486.152430000001004  -1910.534683062117665      1798.599949999998898
3BIK.pdb  no        -20267.748378975506057  11337.080399999995279  -20744.620426284956920  11027.521929999998974  0.076879765270078  -889.609335459161002   871.592080000000124   -1011.740628298647721      699.132180000000176
4HWI.pdb  no        -20208.550513962265541  15166.116189999987910  -20981.982495011750871  14565.728260000001683  0.046819105900573  115.075998395069064    710.063999999999851   -131.716539251068241       271.613940000000071
6G8R.pdb  no        -20179.013419811173662  12761.985130000000936  -20721.833043979524518  11663.574540000001434  0.067194064345380  -668.567021336374069   857.529649999999947   -794.578915145768747       703.730559999999969
1O5E.pdb  no        -20119.432565781713492  12416.113969999994879  -20292.878817872759100  11940.727779999991981  0.093576201282244  -834.838263940420916   1161.852779999999711  -971.825989488180994       951.240730000000212
4ZGY.pdb  no        -20118.781912091937556  16360.054710000003979  -21545.162020422896603  14678.959620000006908  0.096998889559337  143.608876463706963    1586.907140000000709  -345.970368941900574       1039.655549999999948
1HXM.pdb  no        -20076.128097886037722  15187.944260000003851  -20432.897629307830357  14663.034380000004603  0.117059424209396  -1432.538021131906589  1777.892010000000028  -1683.337554305146796      1371.341879999999037
6X07.pdb  no        -20047.921814262434054  19367.265589999977237  -21372.832020853344147  17936.446869999985211  0.033074701073483  -637.241806617370798   640.566519999999855   -745.133786410025436       542.329669999999851
2VSO.pdb  no        -20045.419371041967679  17473.212260000003880  -21659.822068692956236  15527.645590000009179  0.080355350756782  -676.844797635721307   1404.066100000000006  -951.802338207948537       1152.834320000000389
5LHR.pdb  no        -20042.049373777903384  12634.159819999973479  -20646.672261418792914  12140.811149999995905  0.067594873119153  -1024.257300910836648  854.004429999999957   -1137.678267238385615      768.229820000000132
4V2C.pdb  no        -20029.659860311501689  15381.439359999998487  -20565.713178632973722  15086.470220000001063  0.039994452118687  -58.620851550490727    615.172240000000102   -297.670552160131251       312.574660000000051
4XH9.pdb  no        -19998.927709643448907  15228.209259999988717  -20939.004860206790909  13416.416470000020126  0.117900825326589  -829.366095133782665   1795.418439999999691  -1189.577430665173779      1394.801169999999729
4LX0.pdb  no        -19989.098385478813725  15771.490249999997104  -20948.881774339210097  14267.411599999981263  0.060899742812826  -570.896377462874284   960.479699999999980   -764.334818180095226       762.737329999999815
6K73.pdb  no        -19960.726137140060018  19375.231870000003255  -21171.116976113862620  17902.747890000024199  0.098181397402807  -901.659874250463076   1902.287340000000540  -1408.140142331534435      1315.353790000000345
5WY8.pdb  no        -19956.858283534584189  21267.211249999974825  -21895.995805541075242  18285.821879999999510  0.086898111758776  98.185843967763489     1848.080500000000484  -624.350753310064533       865.565760000000068
5Y32.pdb  no        -19954.325144170852582  18160.005619999992632  -21185.148753005338222  15630.849310000014157  0.061055701369326  253.074425596125735    1108.771879999999555  -312.600965383350626       519.937180000000012
6C98.pdb  no        -19950.889853091044642  11673.049479999992400  -20161.462716631591320  11223.320519999999306  0.116378381015824  -1485.819839137380768  1358.490599999999858  -1661.694038103657022      1081.223889999999756
4KRD.pdb  no        -19930.620918556622200  15247.623159999997370  -20643.262821267522668  14191.890250000007654  0.099445288887898  -623.506409017790247   1516.304289999999355  -840.654653848276439       1304.889769999999771
6HT9.pdb  no        -19924.047732149672811  17002.822740000014164  -21091.006164484362671  15432.523979999999938  0.061368597200349  180.566664141193371    1043.439379999999574  -311.602478368872369       584.281970000000115
3KB3.pdb  no        -19920.724226518515934  15202.122919999999795  -21253.349583946510393  13924.094540000009147  0.057007266324617  -457.942898445809647   866.631470000000036   -613.010902257670750       752.846120000000042
6KBE.pdb  no        -19892.959725583175896  12505.295840000009775  -20212.525512057887681  12027.565260000012131  0.138802520324861  -1931.997635207712847  1735.766579999999294  -2052.313037278810043      1585.541339999999991
3CBJ.pdb  no        -19891.379537571297988  12352.344590000000608  -20551.851335760555230  11740.322810000012396  0.094168074856144  -1144.842103385939708  1163.196509999999989  -1408.654939930648879      995.086470000000418
6QB3.pdb  no        -19886.197546263225377  11551.982499999998254  -20236.464058250261587  11188.861650000004374  0.059841585632596  -538.042768580993538   691.288949999999886   -544.758503764436341       688.552610000000186
4G59.pdb  no        -19868.675888453039079  13869.063639999991210  -20620.026507254271564  13064.170870000016293  0.092928785493698  -475.819010180202724   1288.835239999999658  -769.601699952652098       989.001909999999612
3F7P.pdb  no        -19855.155577493180317  13967.675260000009075  -20314.390789912635228  12791.669189999995069  0.080657798025009  -516.736566702745904   1126.601930000000038  -834.932860107457827       706.072340000000054
6ZDT.pdb  no        -19851.694255972986866  12430.726239999998143  -20156.888765443869488  11484.093389999996361  0.121477237198009  -1780.190751970801330  1510.050280000000157  -1914.875628472401559      1258.392850000000180
6YT3.pdb  no        -19804.668371292849770  17864.204490000014630  -20883.147367169778590  15637.586140000012165  0.120089309389673  -1253.125051733524970  2145.299979999999323  -1499.193084387010003      1632.733319999999821
6F3Z.pdb  no        -19803.932262768292276  12948.817130000004909  -20002.288900931958779  12408.795520000001488  0.073215976446491  -768.546511877754369   948.060290000000009   -852.126712523530614       811.052219999999920
5U9M.pdb  no        -19802.299416601763369  12584.134829999999056  -20734.491821143423294  11566.329660000006697  0.071495964732921  -853.355905807524550   899.714860000000044   -972.766546203640928       763.173880000000054
3R8B.pdb  no        -19789.970888602099876  12151.703909999991083  -20107.493109002942219  11900.550579999977344  0.059894611931834  -492.345563551969462   727.821590000000015   -617.404225949015768       500.896859999999890
7MON.pdb  no        -19788.638427799203782  16779.408200000008947  -21049.756401154409104  14808.989560000014535  0.058744074180161  -11.026860999352156    985.690800000000195   -419.947066074604550       382.743359999999939
5HPL.pdb  no        -19769.585303307285358  14029.584920000004786  -20309.275157796866552  13378.654919999999038  0.065855462956918  -1108.801753006972376  923.924810000000093   -1160.051722145570011      866.627250000000004
6ZDX.pdb  no        -19721.983120573440829  15803.614959999998973  -20528.857864690071438  14956.560229999988223  0.045056910827192  27.120714780482881     712.062070000000062   -229.357269309967791       370.811699999999973
3C5X.pdb  no        -19719.809559060551692  16630.201159999982337  -20702.524345442143385  15765.859249999997701  0.045398681755934  -500.865369808979722   754.989209999999957   -695.086913551215844       538.983439999999973
3OQ3.pdb  no        -19697.983743110173236  15997.340380000019650  -20803.204447687683569  14933.853250000005573  0.157035284011379  -358.079009613165226   2512.146890000000440  -1036.617338393024056      1744.764840000000277
3LB8.pdb  no        -19661.901584986757371  16487.132810000010068  -20642.005809853431856  15421.471010000006572  0.045725636390989  218.679766771965035    753.884640000000331   -41.506332592869811        98.759039999999999
5YNM.pdb  no        -19648.773664611191634  12730.740300000008574  -19982.203673631331185  12151.426599999995233  0.077612938974177  -835.120910115011611   988.070169999999848   -902.609459830273977       707.876170000000002
3SU8.pdb  no        -19641.071710330332280  20713.635220000014669  -21326.859008050545526  17913.199010000000271  0.034016759613477  -50.677712662991745    704.610750000000166   -241.889861066578305       330.973529999999982
3VF0.pdb  no        -19622.051907233068050  13150.055519999996250  -20054.927901812981872  12817.348989999996775  0.090054244120788  -781.367851834318913   1184.218309999999747  -899.415392842517463       1034.051680000000033
4N0G.pdb  no        -19621.112092403942370  13429.375100000008388  -20334.084214892976888  12468.652140000016516  0.077960786127718  -639.379946248398369   1046.964639999999690  -862.287254011665595       882.954760000000192
6QPQ.pdb  no        -19586.399058882041572  13685.734610000015891  -20550.368969958068192  11812.716020000007120  0.085849123447236  -1515.703342086766952  1174.908320000000003  -1641.417180256619758      1115.770780000000059
3TX7.pdb  no        -19585.722341786382458  18897.740790000003472  -21165.320513638969715  16205.163810000010926  0.042314111453108  136.931542977559047    799.641110000000026   -261.780090012690039       484.056489999999997
7KGJ.pdb  no        -19568.956572409224464  10736.326270000008662  -19839.632995944270078  10388.630770000016128  0.088795961116036  -1117.500830380304933  953.342410000000200   -1183.978891178833464      857.471010000000319
3WEE.pdb  no        -19557.295313646234717  23784.425799999986339  -21898.169547433175467  20588.168809999999212  0.060540729135450  81.290161150002405     1439.926479999999174  -352.586792772522415       737.999639999999886
3K1K.pdb  no        -19548.492532939460943  12271.980179999998654  -20083.023531907103461  11977.864989999981844  0.054621416443650  -756.974424876946159   670.312939999999912   -860.895192029839450       593.589300000000094
4M69.pdb  no        -19531.411614389569877  16891.666760000025533  -20638.312879391287424  15460.560070000014093  0.068896585312461  -480.840667291879015   1163.778160000000298  -780.803337673577516       892.966729999999870
4CRU.pdb  no        -19472.898304819995246  13700.592009999994843  -20042.619622143200104  12899.209179999994376  0.138198709122789  -2141.896487371112016  1893.404129999999213  -2315.854069807803171      1654.004329999999754
6VTM.pdb  no        -19471.743825538458623  11186.304830000010043  -19764.166157786577969  10809.998930000003384  0.088483057188421  -712.417490160303259   989.798450000000003   -905.602249683547598       752.607070000000135
6MM8.pdb  no        -19469.955301184720156  15454.780440000022281  -20367.734475126995676  14302.354720000006637  0.086004502306601  -458.833127353468626   1329.180700000000343  -851.968447738797522       988.602620000000115
4FMB.pdb  no        -19459.162326430276153  16201.599400000000969  -20453.036897362653690  14572.506749999982276  0.094054617225013  -91.312397727403450    1523.835230000000593  -586.783437154798776       932.673409999999990
4H3K.pdb  no        -19455.699422668556508  14037.971620000036637  -20064.888019193334912  13487.413209999989704  0.077973825537624  -223.099486024841156   1094.594350000000077  -548.564785865212116       531.930309999999849
6II6.pdb  no        -19455.074692714773846  14750.553229999981340  -20266.142207772965776  13396.555920000000697  0.076583342494741  -689.443400434930709   1129.646669999999631  -930.522511979841397       858.641890000000330
1IRA.pdb  no        -19434.826927374779189  16251.502399999993941  -20240.876220941925567  14911.927139999999781  0.101599700714440  75.967145992115064     1651.147779999999557  -559.734012982311924       842.177920000000086
1TDQ.pdb  no        -19408.093041516771336  13668.712200000003577  -19892.146204736833170  12565.641430000005130  0.064661834784992  -607.762946288350918   883.844010000000026   -764.408802285465640       744.474429999999984
5F1O.pdb  no        -19392.313760901139176  11654.475420000000668  -19723.917939896891767  11178.748879999997371  0.077791175263382  -1087.068584921831871  906.615340000000060   -1138.973438186306794      715.456419999999980
3NV0.pdb  no        -19370.231091001907771  10552.421269999995275  -19771.521012483754021  10257.169589999997697  0.171216133603051  -2826.601214787646313  1806.744769999999107  -3009.515451169791049      1545.557309999999688
6G1E.pdb  no        -19338.397074765452999  13733.473089999970398  -20305.743483893769735  12303.520579999989423  0.073374384134028  -304.492183254845429   1007.685130000000299  -725.122038187538351       524.244199999999978
3IDB.pdb  no        -19336.546728472621908  15860.648610000014742  -20303.085490566700173  14425.223290000005363  0.084352128522441  -660.799993365880027   1337.879469999999628  -1061.849673446868564      1099.337749999999687
1F34.pdb  no        -19321.845551914739190  14831.057600000001912  -19855.833024385628960  14421.844470000021829  0.101072386098750  -369.455893298673061   1499.010379999999714  -736.910349805294118       1231.730360000000019
7VNB.pdb  no        -19285.885482518096978  10995.918739999984609  -19689.795858909550589  10612.222789999985253  0.083614090076479  -1161.115749127736080  919.413740000000075   -1270.512101884935873      813.384810000000016
5W59.pdb  no        -19284.764266969777964  12328.908659999990050  -19687.219366483230260  11568.457940000002054  0.112482421457083  -841.602149110947039   1386.785499999999729  -1097.265324507447986      1183.375190000000202
4QLP.pdb  no        -19277.454763783924136  12165.204129999985526  -19746.264636855070421  11585.258570000009058  0.141486728180368  -1630.212118846509838  1721.214929999999868  -1801.238888558106737      1450.320849999999382
3PRO.pdb  no        -19241.920260236136528  11022.005040000012741  -19560.386993330135738  10648.369530000009036  0.118425960182649  -1136.662570126503397  1305.291529999999739  -1299.144586515737046      1136.459020000000010
3N06.pdb  no        -19239.212668058225972  12423.780399999979636  -19890.634733722523379  11882.353859999993801  0.092936842315726  -1366.838081316780062  1154.626920000000382  -1438.073941257796150      1083.972559999999930
6DXY.pdb  no        -19236.237514027216093  10290.688899999984642  -19460.445373121277953  9885.925210000003062   0.211262002099782  -2370.590815856297922  2174.031539999999950  -2450.423916524097422      1993.161720000001196
4Y7M.pdb  no        -19220.544356850477925  11812.938180000006469  -19628.456090744279209  11452.494069999995190  0.045612530243513  -722.404415194216995   538.817999999999984   -825.213470791881150       494.667869999999994
4IMI.pdb  no        -19208.385230026684440  14382.731830000011541  -19861.537810277590324  13229.151690000004237  0.080323403346108  -131.382744106805120   1155.269969999999830  -577.793618695126497       766.575850000000173
5LHN.pdb  no        -19204.799568474954867  12838.349609999997483  -19737.454035928498342  11518.399859999994078  0.070745163326332  -901.114291487284049   908.251139999999964   -1013.803473345113389      833.083179999999857
5GVE.pdb  no        -19197.019747599253606  23397.389330000019982  -21236.533474105504865  20399.957100000017817  0.031225160623508  -164.672019980781329   730.587239999999724   -285.310246678887779       562.502589999999941
2FDB.pdb  no        -19193.255130915906193  12132.002250000005006  -19530.539577321022080  11609.928239999990183  0.146309036498901  -1854.709921249629815  1775.021559999999909  -1946.968953967235166      1728.626269999999295
3R4D.pdb  no        -19173.399840899521223  15027.343249999988984  -19898.025988158035034  13781.334460000003673  0.050060155510190  -10.175654364266968    752.271139999999946   -181.912920948662588       430.143080000000054
3O0G.pdb  no        -19160.589110007273121  13614.398230000022522  -19697.065093881927169  12716.413680000019667  0.102386764839036  -1251.621273947232112  1393.934189999999717  -1476.050755075420511      1158.956869999999981
7NFR.pdb  no        -19151.721548307774356  13302.518940000001749  -19724.127759102317214  12462.337349999976141  0.043341562045541  -671.695354401945679   576.551949999999920   -719.921693515638026       471.721360000000061
6K3B.pdb  no        -19151.670925362264825  13245.551150000010239  -19812.617038544216484  12594.347549999998591  0.084454360360837  -897.840475848184496   1118.644550000000208  -1173.098966417328029      949.113200000000120
7MRK.pdb  no        -19147.566327388980426  12072.478510000008100  -19699.112850209214230  11659.054019999997763  0.053000660093948  -602.099746277094368   639.849330000000009   -873.156668317568119       530.098570000000109
1VRA.pdb  no        -19145.518446127069183  12514.717550000017582  -19344.971248553662008  12300.159510000006776  0.216922514563663  -3765.468239908255782  2714.724000000002434  -3844.895235208582562      2503.200640000000931
5F1K.pdb  no        -19142.538945139975112  11489.436700000002020  -19398.930838229171059  11126.879440000007889  0.074063479543780  -613.175219364298982   850.947660000000496   -698.632690252443354       672.385509999999840
7EOW.pdb  no        -19136.309407421562355  10890.798049999984869  -19589.376368430006551  10478.197019999995973  0.055513155897699  -376.523788179437759   604.582570000000146   -560.497561248774900       429.283010000000104
6LSA.pdb  no        -19070.841237594668200  12082.542759999989357  -19653.502269744913065  11316.039809999992940  0.078200736282766  -396.560290079181470   944.863740000000234   -640.997199594723725       548.833700000000022
7D2Z.pdb  no        -19057.692075922459480  10859.171390000003157  -19213.418146737272764  10758.328929999986940  0.133043188850526  -2059.921192054995572  1444.738790000000108  -2089.959079757364179      1399.341199999999844
3UX9.pdb  no        -19024.019208373792935  11435.653899999990244  -19473.600600094978290  11125.116430000007313  0.078368141239392  -1087.198076287635104  896.190940000000069   -1152.122941292716632      807.599089999999933
6ML1.pdb  no        -19016.968882589138957  13550.914560000008350  -19643.735210092228954  13022.721799999992072  0.078136781492629  -297.694388459836091   1058.824850000000197  -456.895794925876601       876.105330000000208
1IBR.pdb  no        -18988.351359800934006  17428.736419999993814  -19962.438097590966208  16131.741819999981089  0.093453449564533  -145.973265714745310   1628.775540000000319  -673.658251814708137       1186.780930000000353
6OB5.pdb  no        -18908.878325302393932  14796.613020000000688  -19314.233737938029662  13414.923189999988608  0.044192668897683  -163.921152080802301   653.901820000000043   -348.639003142326033       464.299530000000004
3VU9.pdb  no        -18890.510630248292728  12271.512760000008711  -19570.233205543787335  11285.056169999996200  0.094583791151108  -1067.263137890834969  1160.686200000000099  -1247.482670970492791      918.683139999999753
5WFN.pdb  no        -18885.171327140727954  17252.101459999961662  -20025.320854775276530  15299.737680000000182  0.126648341076937  -486.701668929924665   2184.950030000000424  -934.067422440292034       1425.773529999999937
6OCA.pdb  no        -18880.263411685256870  12614.747080000013739  -19172.374267457202222  12202.135540000006586  0.070096451747489  -365.705089138635685   884.249009999999771   -596.976326236632985       608.746250000000032
1FXW.pdb  no        -18874.186740487508359  12858.131999999995969  -19121.459853646894771  12606.759100000006583  0.086604158364528  -645.968974200405341   1113.567700000000286  -828.295367533950525       872.055869999999800
6OD1.pdb  no        -18861.127876892169297  13885.810499999986860  -19184.201094942138297  13485.725260000008348  0.076603022200253  -889.330562134105321   1063.695050000000037  -982.165984107299437       911.746149999999943
4IML.pdb  no        -18850.734335366683808  14656.916790000002948  -19425.175291996423766  14124.447160000012445  0.124064868215712  -1675.617881092641028  1818.408450000001039  -1916.036124583626133      1575.311690000000681
5JYL.pdb  no        -18843.146073889591207  11450.228250000001935  -19358.334310637528688  11063.827249999996639  0.061443033679263  -747.490571144772730   703.536760000000072   -790.094586597237253       639.919309999999996
4GMJ.pdb  no        -18803.631460741613409  14507.386289999980363  -19653.078590509423520  13157.230180000009568  0.049369056264373  -601.804800862308412   716.215969999999857   -784.315860919378565       450.081389999999942
4XSG.pdb  no        -18803.551354476108827  12066.888779999992039  -19377.409612409737747  10954.216920000008031  0.108499278800844  -614.440134519199432   1309.248730000000023  -790.975129979332110       1017.217210000000250
4NC0.pdb  no        -18791.759738476306666  11557.738149999997404  -19017.908598509697185  11041.233219999998255  0.047992677529210  -888.682464785025104   554.686800000000176   -924.003105709043439       543.880919999999833
6FAE.pdb  no        -18787.731581050768000  15334.566000000018903  -19535.989321105415002  14305.101699999993798  0.100795131730497  -1547.153778852152982  1545.649599999999737  -1817.470345618127567      1285.824900000000298
2QSF.pdb  no        -18771.025567921904440  17216.498329999994894  -20125.928117069342989  15142.258799999990515  0.100630342290981  -1141.900113907918467  1732.502119999999877  -1578.728224003642708      1313.618239999999332
6G4J.pdb  no        -18735.693335820415086  11429.498340000005555  -19229.982272462864785  10595.545579999998154  0.073044001159547  -449.294941010835657   834.856290000000399   -641.215032711751860       695.297319999999900
4LGP.pdb  no        -18723.255150862856681  12003.971549999996569  -18958.070575139347056  11468.592150000009497  0.072253711730931  -573.943335332954121   867.331499999999892   -711.301747015760952       623.967130000000111
2OUL.pdb  no        -18721.225298440273036  11586.285760000009759  -19078.058688726625405  11093.559149999995498  0.083487743185095  -1151.387574639577679  967.312849999999912   -1250.160883124493466      743.535070000000132
7C8V.pdb  no        -18681.218610200452531  10400.364770000000135  -18990.030524381385476  10119.142140000005384  0.069604581763145  -717.454248838014905   723.913040000000137   -812.222897387159378       555.645189999999957
7VDP.pdb  no        -18632.427517012147291  13489.257260000003953  -19738.535196629807615  11951.500309999988531  0.105142129967799  -1106.152700628902039  1418.289239999999381  -1497.630601200817637      1076.758959999999888
4PKH.pdb  no        -18618.471730813522299  16371.122110000007524  -19953.633055437490839  14741.076960000000327  0.147119898307325  -157.289874385719173   2408.517820000000029  -908.068100926136822       1097.887539999999717
7ANQ.pdb  no        -18604.676061011647107  12542.232719999981782  -19248.267393945578078  11860.769939999994676  0.064504601219040  -677.283212323147382   809.031720000000064   -766.216427214362739       730.203809999999748
3OC3.pdb  no        -18597.375061230442952  26094.077689999954600  -22690.327473028333770  21010.011790000015026  0.072797355881560  -855.476026304109382   1899.579859999999371  -1338.417169958741624      1516.444779999999582
2V5Q.pdb  no        -18586.306888382212492  12420.692800000022544  -18905.156823823344894  11675.552149999984977  0.070001826307144  -943.120752506429994   869.471179999999663   -957.683731009249868       767.569160000000011
2CO7.pdb  no        -18582.167446511921298  11116.495130000006611  -18903.868844532775256  10909.669679999995424  0.114564695536371  -1773.222559049935398  1273.557880000000068  -1833.179338954342256      1221.770959999999832
3ZU7.pdb  no        -18578.168644873396261  15336.493290000002162  -19698.305156771370093  13710.204009999995833  0.057357684926161  -302.199458366273007   879.665750000000116   -439.771164935411548       531.442740000000072
4QJV.pdb  no        -18574.407862722888240  11249.677799999990384  -18713.203551529793913  11105.707309999997960  0.141154686225769  -2088.227978649152192  1587.944740000001048  -2202.670787572260906      1401.040799999999763
2IBG.pdb  no        -18572.391715427220333  12215.931220000007670  -19105.439136019027501  11353.622630000005302  0.049853282490895  -533.955651997744894   609.004270000000020   -572.830651982059408       581.503590000000031
1G6V.pdb  no        -18544.889904613923136  13336.932149999987814  -18899.406114125900785  12350.639500000001135  0.041465733182125  -183.753614313398884   553.025669999999877   -311.611326598929338       403.698179999999979
7NH7.pdb  no        -18542.934533647476201  12806.437469999998939  -19243.188966692385293  11652.758690000007846  0.077928408453784  -720.220375794287747   997.985290000000077   -1018.306403907774211      715.132399999999961
4L0P.pdb  no        -18536.622603059116955  11280.449779999988095  -18955.534842329194362  10925.085020000005898  0.115119863598205  -784.452691002513802   1298.603840000000218  -1091.717918821648937      829.823249999999916
4NI2.pdb  no        -18524.106363802398846  12260.128370000009454  -18950.314921178312943  11668.945969999997033  0.108194235816146  -106.179153683179393   1326.475219999999808  -420.116434315633285       883.750940000000014
1PDK.pdb  no        -18506.845167069815943  12453.883820000002743  -18828.201031503314880  11805.647110000012617  0.122673647199641  -1626.799312375118461  1527.763349999999491  -1875.275062158397986      1210.060960000000023
4OFY.pdb  no        -18499.077860226934718  21332.660229999994044  -19413.599160944995674  19848.384459999986575  0.031588490264911  60.805586618144325     673.866529999999898   -184.870468220805975       261.523559999999975
6TDP.pdb  no        -18474.748456270299357  12252.268040000009933  -18949.357191580216750  11664.227339999988544  0.098742657771630  -1335.687779428305021  1209.821510000000444  -1528.741600429317259      1039.419819999999845
5G15.pdb  no        -18455.162253397411405  11334.562949999997727  -18757.771399634442787  11095.199679999996079  0.076896610292327  -1280.926830114188760  871.589470000000006   -1331.746486521738916      798.512470000000008
6NEX.pdb  no        -18454.953474387923052  13504.575130000017452  -19243.870851881554700  12989.480589999991935  0.112717911918492  -1058.137777560252289  1522.207510000000411  -1361.071293752415841      1124.341890000000149
2NQD.pdb  no        -18454.184208217473497  10882.908729999995558  -18837.067455053595040  10275.377100000008795  0.086198132620010  -1278.830416343480692  938.086410000000114   -1343.379816610836087      905.633799999999837
5F21.pdb  no        -18441.647041987740522  11412.899010000004637  -18677.526838686771953  11197.467380000003686  0.086481377705628  -944.010735970645442   987.003229999999803   -1000.169172394164093      918.988869999999793
1S70.pdb  no        -18432.766315117260092  17548.851290000013250  -19825.779657818384294  15044.757870000004914  0.139802136872515  21.143382901994560     2453.366909999998370  -801.565866399369270       1126.565010000000029
4WI0.pdb  no        -18409.569204583327519  11042.132439999997587  -18776.754583885580359  10799.333669999992708  0.083614260652719  -808.753719033655784   923.279739999999720   -946.738341205448023       835.071360000000141
4XVP.pdb  no        -18402.669599796845432  12934.161799999994400  -19050.805586986753042  12094.410329999993337  0.101855336307916  -627.017523531045185   1317.413400000000593  -1106.954387635953481      899.934309999999869
4WP5.pdb  no        -18383.186097335918021  12177.412260000008246  -19146.593748720733856  10791.497550000010961  0.159871819105186  -1836.872740459200486  1946.825049999999692  -2037.850836608899954      1674.351200000000745
5VZT.pdb  no        -18381.131120557987742  17266.691409999999451  -19315.467712875586585  15465.999749999995402  0.089552143678463  -1581.591339746069707  1546.269229999999425  -1701.329708645816481      1356.276910000000044
3BLH.pdb  no        -18375.991551323990279  15890.777390000010200  -19303.739234718403168  14749.362540000009176  0.060183299188486  16.601988883439290     956.359410000000253   -254.762003443695846       619.093620000000101
3E0J.pdb  no        -18363.766854814373801  18293.575200000010227  -19502.084997070727695  15766.447230000016134  0.145163245071964  -1900.997258869751931  2655.554739999999583  -2085.708115488528165      2474.919110000000728
4KT6.pdb  no        -18360.349743649276206  12882.720769999998083  -18831.189029815686808  12119.815249999997832  0.120793343097508  -643.525689919694855   1556.146910000000389  -968.016513648974410       1060.997850000000199
2X19.pdb  no        -18322.943359152664925  28560.576359999966371  -21921.350923938643973  22274.513239999971120  0.052133145046937  -215.089774685574184   1488.952670000000353  -740.182120728353539       954.961450000000013
3ZUV.pdb  no        -18317.599933230496390  14038.738819999998668  -19228.380185614983930  12506.550159999991592  0.048201321976015  -288.127259354980652   676.685770000000161   -493.540265386145336       467.649130000000127
2O3B.pdb  no        -18312.159521967041655  11874.842829999999594  -18736.738506017918553  10983.648409999999785  0.068582088340785  -128.039782978208365   814.401519999999778   -411.831792553732271       433.299630000000093
6FOL.pdb  no        -18293.673827703183633  10045.630180000007385  -18431.133156770869391  9972.690359999991415   0.066527807417254  -772.283011766058848   668.313750000000027   -796.273095526693169       661.453940000000102
5TBK.pdb  no        -18292.014652337948064  25564.462530000029801  -21710.306241839694849  20306.801459999962390  0.076682920194372  642.670694268527086    1960.357639999999719  -161.162550448062319       585.512369999999919
4N6R.pdb  no        -18290.169188703373948  12311.152959999990344  -18917.757373422613455  11481.921359999989363  0.113342483399703  -633.381147041435270   1395.376649999999017  -956.491214500108526       879.062009999999873
3DUH.pdb  no        -18259.689038834196253  13612.488549999989118  -18758.114799088198197  12760.124519999993936  0.063940848640787  -1001.090289165901822  870.394069999999942   -1052.619476381070399      679.660510000000158
3K8P.pdb  no        -18225.168863767590665  22203.660550000029616  -20398.965105107119598  19405.632280000027095  0.043646283360245  -134.596144829158362   969.107260000000451   -323.436758798665096       598.229670000000169
3BP6.pdb  no        -18221.261641833356407  10502.737780000003113  -18599.792377684752864  10041.393699999998717  0.079786137438918  -734.069782401304224   837.972880000000259   -955.579629273596652       640.114059999999995
5OVW.pdb  no        -18183.617963826083724  11624.802460000002611  -18497.632653260709048  11093.623910000000251  0.090150103935616  -521.310271372563648   1047.977149999999710  -684.929780283893933       807.940810000000056
4LSX.pdb  no        -18164.937878688106139  31937.308850000026723  -19343.852707908117736  30368.359939999998460  0.017731240370304  922.350729377084349    566.288099999999986   11.512974144625918         5.779330000000000
7BV5.pdb  no        -18089.545317098119995  14655.056230000005598  -19047.651930200125207  13409.740799999999581  0.096175374415469  -1534.246103904748452  1409.455520000000206  -1556.556651779917502      1337.408089999999447
4NZL.pdb  no        -18060.436477557926992  10752.615070000005289  -18522.892717371752951  10405.712729999990188  0.080343630305367  -964.306128906797085   863.904129999999896   -1171.298897359757120      595.153379999999856
1GL4.pdb  no        -18037.380136039926583  12914.054719999994632  -18278.408269676914642  12538.612239999987651  0.076131253221142  -918.360986380624922   983.163170000000036   -1036.381535694733657      799.472650000000044
6QN9.pdb  no        -18012.878381541446288  13578.622150000010151  -18728.093702919984935  12568.867210000013074  0.135161981806821  -1031.404610826226644  1835.313479999999572  -1387.871326008060578      1172.281240000000025
5HZK.pdb  no        -17988.138611450362077  18027.121050000008836  -19455.439641812656191  16285.858159999996133  0.073653321920751  -552.114083067543902   1327.757349999999860  -751.481258376361666       909.229139999999802
4XOI.pdb  no        -17977.679551072378672  11541.091690000001108  -18598.665097882956616  10632.481570000005377  0.059175998973456  -543.710964798226314   682.955629999999701   -645.675339880075057       627.438229999999976
4DWH.pdb  no        -17947.156910074412735  11728.922350000008009  -18264.024716619893297  11197.689309999990655  0.143012352707749  -2017.987159459772784  1677.380779999999731  -2225.536383187218689      1378.883600000000570
3ME0.pdb  no        -17944.376909576512844  12064.964570000005551  -18390.808252909035218  11544.480939999999464  0.149179244543774  -1773.184493194042261  1799.842299999998886  -1977.462698907899949      1623.659390000000258
4B8A.pdb  no        -17910.094984423449205  13945.336920000016107  -18734.539470358493418  13003.222609999991619  0.063152157961631  -803.340526346144884   880.678119999999808   -939.407596318647848       569.603799999999865
2W81.pdb  no        -17867.201765863748733  12536.875449999999546  -18439.745181323174620  11800.221640000019761  0.109510410745925  -722.967398001811603   1372.918380000000298  -985.985815203371885       1120.017020000000457
5Y80.pdb  no        -17867.058658086752985  13633.094589999984237  -18638.504388653214846  12929.480439999997543  0.048409853364041  -491.912463007548126   659.976110000000290   -604.297059912675650       513.253950000000145
2UY7.pdb  no        -17847.100703039184737  12471.424849999999424  -18328.930412053337932  11978.198549999999159  0.158114251075329  -1559.944788015233371  1971.910000000000309  -1841.473397714851217      1645.408559999999625
1P5V.pdb  no        -17820.064706597921031  11887.857050000007803  -18287.339968637468701  11426.244159999994736  0.150506819898209  -1565.015937928696530  1789.203559999999925  -1772.330743848372549      1603.385839999999689
1FYH.pdb  no        -17801.988929496055789  13700.997580000026574  -19071.468240244819754  12393.397120000010545  0.068433576790691  -558.057202858579217   937.608270000000061   -799.910484839119704       728.864729999999895
2JGZ.pdb  no        -17785.080999185396649  17029.369780000004539  -19192.928453245018318  15436.959649999995236  0.086447866774786  -604.862907610193929   1472.152690000000348  -912.199872492642498       1184.226160000000164
5L8L.pdb  no        -17747.386712771120074  11795.927249999993364  -18030.711119068200787  11300.812379999983023  0.080226371352027  -666.584019430239209   946.344439999999963   -774.420901862740948       738.262089999999716
6HTF.pdb  no        -17728.520741624470247  12312.626240000006874  -17931.028626218823774  12187.685360000004948  0.078188822695880  -730.806926319460786   962.709750000000327   -794.021895370984907       858.082780000000184
6FV0.pdb  no        -17725.068750233887840  10958.404609999988679  -18072.423986172576406  10064.868850000002567  0.074569853832035  -1442.266353433780750  817.166630000000168   -1459.575683329762796      806.510330000000067
6ACI.pdb  no        -17717.590129045900539  11264.076670000016748  -18101.781256020265573  10827.563680000008389  0.106846255157814  -1027.694397243518097  1203.524409999999989  -1166.635067393140162      975.820579999999950
5W83.pdb  no        -17716.142091650403017  10946.139450000006036  -18263.518688211384870  10366.969550000003437  0.192547429130368  -1562.642340386361639  2107.651010000000042  -1889.691733225703047      1723.395700000000488
7LDJ.pdb  no        -17696.255486939367984  10903.545859999996537  -18007.921497748808179  10502.513780000006591  0.098493266666556  -785.516267696330146   1073.925850000000082  -905.691135768630375       952.379009999999880
3WDG.pdb  no        -17668.874761119695904  10400.307910000001357  -18267.426956215356768  9687.248409999989235   0.112893224908377  -738.763253833201020   1174.124300000000176  -1013.939315371627458      895.231509999999844
7NDF.pdb  no        -17660.770998692565627  10819.655800000005911  -18079.879310990389058  10416.402020000003176  0.068070414032949  -1108.466220716693215  736.498449999999934   -1144.661489508130899      716.349749999999631
6LB8.pdb  no        -17633.689062087381899  21369.039629999995668  -20020.782266286030790  17339.525779999970837  0.047806439020582  -467.925646206272461   1021.577689999999734  -655.348629490434860       770.112809999999854
2F2L.pdb  no        -17626.763966882783279  10508.068659999995361  -18129.448800818554446  10178.386389999999665  0.054327279205273  -110.171703743281910   570.874780000000101   -325.667189851314333       318.829999999999984
3OXU.pdb  no        -17620.829979745860328  12500.571960000010222  -17952.746818687410268  11783.340849999991406  0.059374189627080  -231.189255151134972   742.211330000000089   -327.742729236927516       647.708170000000109
3PNR.pdb  no        -17602.318022458974156  12914.593820000003689  -18299.127220114143711  12216.053380000004836  0.101458097580339  -776.486661331791083   1310.290119999999661  -1032.296605334234073      1145.504600000000664
3OJM.pdb  no        -17599.286770746573893  11952.385369999999966  -18035.800290415918425  11369.682679999996253  0.137027236764873  -1075.662634760900573  1637.802339999999731  -1303.686267148461411      1385.612979999999880
7BWT.pdb  no        -17582.335398153994902  13550.604049999998097  -18297.434523248302867  12837.628239999989091  0.070399035827484  -413.031971993172988   953.949459999999931   -634.074595897282734       809.271950000000061
3E6P.pdb  no        -17558.236452652377920  14139.067539999983637  -18707.472428668337670  12187.840839999995296  0.201236774769661  -932.287643905292839   2845.300349999999526  -1638.304649447879001      2215.563060000001315
3CJT.pdb  no        -17544.052776541524509  11300.430219999994733  -18238.729388031475537  10906.015219999986584  0.139396836167535  -1225.660478030610420  1575.244219999999586  -1474.794224057589645      1310.286460000000261
5DUD.pdb  no        -17536.221225343964761  17389.043340000025637  -19020.460068581152882  15401.586879999993471  0.085871247819893  -378.129506500628395   1493.218850000001112  -718.647523355807721       1065.485370000000103
2V9T.pdb  no        -17525.020115782725043  10376.405689999997776  -17861.596207165519445  10140.185680000004140  0.064351616537460  -277.548257266897053   667.738480000000095   -489.423314987415552       512.084590000000048
6GZH.pdb  no        -17512.304543033846130  16166.074530000008963  -18354.771063325566502  14065.492199999993318  0.055071233795679  -38.645938110802767    890.285670000000096   -284.036570338221850       565.333859999999959
3HEI.pdb  no        -17509.639849405291898  11076.959970000007161  -17973.158050544629077  10723.457070000005842  0.096325905563420  -478.383083444055785   1066.998199999999997  -726.662120865132238       693.534850000000006
4R6U.pdb  no        -17504.220234116481151  15553.480429999992339  -18664.110050414659781  13491.121470000016416  0.092101989419483  -181.332965806023253   1432.506490000000213  -752.791743719488522       976.814040000000091
6OCD.pdb  no        -17483.855054299598123  12022.845809999971607  -17787.239284085637337  10960.325079999984155  0.074985323295933  -115.123129845836800   901.536979999999858   -377.372111857524317       558.008739999999875
6PNP.pdb  no        -17463.033660402248643  11768.652040000011766  -17888.301965069724247  11574.183650000020862  0.105213687667156  -2068.511178522254795  1238.223280000000614  -2164.081132847225490      1178.883479999999963
3P73.pdb  no        -17449.430109620250732  11743.649369999990085  -18023.135737527536548  11229.314760000002934  0.127935362566091  -1156.561506607680940  1502.428039999999783  -1448.466444493362133      1146.908280000000332
7SPO.pdb  no        -17429.082147564775369  10437.529009999996561  -17789.793625710506603  10047.855319999987842  0.069532741830434  -808.230139284546453   725.750009999999975   -972.525598716748618       604.189509999999814
4XHU.pdb  no        -17418.616455043695169  12391.266499999997905  -17784.991052995163045  11531.312799999997878  0.057082257088087  -305.678651458504362   707.321460000000116   -437.608698389960807       535.598650000000021
2YIN.pdb  no        -17387.002160186060792  16640.478630000041449  -18359.705568619938276  14958.664760000001479  0.109540923703587  -620.532040571375660   1822.813400000000001  -883.292052202693412       1210.135090000000218
7D2T.pdb  no        -17352.643547015111835  11682.074950000014724  -17851.699888465875119  11241.629360000009910  0.096589731261739  -675.877132702529138   1128.368479999999863  -1012.816652773064675      926.467379999999707
7D6Y.pdb  no        -17316.314397247315355  10227.703650000004927  -17449.699367581310071  9760.263770000010481   0.070874574079002  -562.017819579649313   724.884139999999888   -625.359807801735201       573.683449999999880
6MOE.pdb  no        -17303.200735553760751  11412.635179999992033  -17734.291179333078617  10953.315859999984241  0.071449054240250  -440.813988243662152   815.421989999999937   -603.286898019875707       572.466819999999871
1YRO.pdb  no        -17278.883714478790353  12630.224699999989753  -17946.116871514917875  11505.485630000002857  0.047771823885287  123.054651523054119    603.368870000000129   -183.980805081746979       260.373230000000035
2WO2.pdb  no        -17272.092621678184514  11428.733089999999720  -17630.359504957370518  10915.250730000008843  0.109516384724669  -1380.950599237297865  1251.633530000000519  -1470.756225975657571      1167.087160000000267
4Y8D.pdb  no        -17243.121884797907114  11989.200599999987389  -17733.602702288557339  11409.113940000004732  0.048380634318522  -743.004366079001898   580.045129999999972   -830.042571013699444       513.160140000000069
3M18.pdb  no        -17222.465083688108280  11935.761510000002090  -17450.155725987384358  11795.155230000007577  0.073095969559130  -787.477872720918413   872.456059999999866   -940.509375645972341       744.894000000000119
6GGR.pdb  no        -17219.277829816528538  11973.914909999995871  -17867.811439853485354  10856.957949999999983  0.093466453404086  83.552661084340627     1119.159359999999424  -395.003751900939619       232.634660000000025
4NIY.pdb  no        -17218.869899746761803  11899.452439999986382  -17727.848395213677577  11109.689709999993283  0.084502201682820  -752.952085279016501   1005.529930000000263  -996.007003066031189       733.203989999999862
1A22.pdb  no        -17207.197289761541469  12126.378479999988485  -17622.387760563648044  11625.236530000016501  0.107635166769098  -1074.393819846566885  1305.224769999999808  -1153.159472994196676      1190.074130000000196
6LYD.pdb  no        -17181.779111677005858  11439.282459999996718  -17713.592507706303877  10817.866070000000036  0.085156860441752  -325.151642641938906   974.133380000000216   -649.029478862441806       781.664880000000039
1G4U.pdb  no        -17181.631043146411685  16315.157000000028347  -18196.683705604351417  14460.652519999986907  0.058023909913953  107.052107113133815    946.669200000000046   -356.571497555497672       691.668150000000082
5JCZ.pdb  no        -17165.579813841301075  15584.312459999982821  -18031.141142616488651  14357.853639999990264  0.049073582293922  196.250996900360576    764.778039999999919   -166.902211881811610       369.764769999999999
6CWG.pdb  no        -17142.189901646761427  12364.896239999994577  -17584.507507841746701  11574.666449999996985  0.046866645603166  -553.264825522015485   579.501210000000242   -635.006836521759283       533.240470000000187
5MA6.pdb  no        -17114.521087669476401  12580.297539999992296  -17547.761916128114535  11964.466940000011164  0.067571450301326  -368.900057392365511   850.068950000000086   -589.436130346757068       590.554890000000114
3KSE.pdb  no        -17113.606748933631025  10296.501870000001873  -17609.808690971458418  9769.999920000003840   0.084045647825440  -733.089139023361327   865.376170000000343   -878.238585067653048       764.351400000000012
4WW7.pdb  no        -17112.302846679434879  12131.889109999990978  -17354.363882784567977  10872.233850000002349  0.095009738347337  -1356.007905843795697  1152.647610000000213  -1375.131274778364059      1086.994650000000092
7CRB.pdb  no        -17110.470980859932752  29790.222840000002179  -20142.889941342313250  25906.131800000006479  0.055503913780056  1044.219374650188001   1653.473960000000261  -194.560063348245023       256.543719999999951
5X5W.pdb  no        -17110.422034215484018  11854.930129999998826  -17531.273705160576355  11064.782700000003388  0.093846187856022  -686.634614908336061   1112.539999999999509  -817.559378731164315       952.259649999999965
6QTA.pdb  no        -17094.278974227334402  11044.536360000005516  -17594.863472008448298  10320.338690000000497  0.095358993412739  -978.444303298972841   1053.195870000000014  -1164.052356738835442      854.559590000000071
5MU7.pdb  no        -17068.573490826682246  14024.871790000004694  -17956.199748656534211  12941.140449999993507  0.122796275487378  -480.741650579883526   1722.202019999999720  -926.998372838030832       1354.783140000000003
1A6Z.pdb  no        -17062.059470452331880  12140.933209999986502  -17689.980620105903654  11603.248799999983021  0.102209769095666  -1289.998255864132261  1240.921979999999849  -1463.761361067052576      1095.698519999999689
4LI2.pdb  no        -17043.226840469487797  18208.523400000005495  -17769.083781655310304  17057.855789999997796  0.049942806455135  99.753023925094141     909.384760000000028   -446.425406268107736       448.975229999999954
6ISC.pdb  no        -17010.233435378100694  11670.442440000002534  -17502.563184651455231  11320.375060000002122  0.063900911540762  -633.085438731192653   745.751909999999953   -816.370252807407610       670.985499999999888
7S2S.pdb  no        -16999.143400186447252  11198.728829999994559  -17423.303671464542276  10629.082099999990533  0.054753663501289  -435.068914949683062   613.171430000000214   -550.522172862539833       560.836429999999837
4Y7O.pdb  no        -16989.984284125537670  11576.852720000018962  -17312.113686963701184  11208.832450000003519  0.048338919353549  -560.475168707003263   559.612549999999828   -620.201217673666520       533.151439999999866
5XLY.pdb  no        -16983.304725093090383  11967.326460000005682  -17681.825811780796357  10935.884960000004867  0.128729623541999  -908.955942718566121   1540.549430000000257  -1151.541752791545605      1103.329119999999875
3OAD.pdb  no        -16976.483692680099921  11398.859959999994317  -17354.715606629801187  11107.085570000002917  0.166867054834842  -3079.447320103596212  1902.094190000000253  -3159.323444980618206      1861.987869999999702
4QTS.pdb  no        -16937.212103535101051  17065.986440000007860  -18765.737620829531807  15290.117170000008628  0.056112503274672  -392.698093307677880   957.615219999999908   -529.685979241472523       903.072120000000041
5DSE.pdb  no        -16933.608656977870851  21478.369710000020859  -18564.410853198856785  19632.604089999993448  0.119001639999240  -1718.719240862460538  2555.961220000001049  -2121.106627519166068      2168.625199999999950
2PMS.pdb  no        -16911.359345789394865  12435.273339999985183  -17936.808166400358459  11178.790709999990213  0.064062873265317  431.748496701420834    796.639340000000175   -73.102316394807318        303.098489999999970
6L4P.pdb  no        -16905.807025803889701  10003.057669999992868  -17244.620707301626680  9709.710759999996299   0.099766967553632  -1171.308428683000329  997.974730000000136   -1229.301042801202357      815.823169999999777
5DCQ.pdb  no        -16870.030762453887291  10318.280520000009346  -17461.761821036059700  9365.968640000000960   0.063321908987991  -427.547170939003365   653.373219999999947   -620.265259160951132       484.261669999999981
5BOP.pdb  no        -16866.567412690612400  9462.827799999997296   -17238.001341725008388  9175.087639999996100   0.092154609428695  -1629.041911699225011  872.043200000000184   -1730.009863986593018      770.899390000000039
3PV6.pdb  no        -16854.109062580730097  10561.837000000014086  -17114.519875500809576  10417.259679999993750  0.052482296403552  -508.509498975235033   554.309460000000172   -646.900962857733930       410.079790000000003
3CZU.pdb  no        -16846.712070871315518  11058.650400000014997  -17382.987451215809415  10682.340679999993881  0.100819165962602  -603.394445095015385   1114.923909999999978  -856.026319212196199       965.042369999999892
2B5U.pdb  no        -16839.601839495346212  15191.758130000016536  -17452.950481090036192  13996.395389999999679  0.131305774021035  -1211.163688651507528  1994.765560000000278  -1407.847146499787641      1837.694769999999380
3A7A.pdb  no        -16832.100937149942183  14803.788309999988996  -17750.421907632789953  14034.967029999983424  0.049017236993981  117.453954850756645    725.640799999999899   -355.069009354192474       370.460650000000044
5CYZ.pdb  no        -16804.394926669145207  14410.160490000012942  -17795.855880076804169  13463.933050000003277  0.191301270510693  -2015.426958972607508  2756.682009999999536  -2540.083203681441319      2349.661470000000008
1TUE.pdb  no        -16800.024143846847437  12155.586939999991955  -17357.680372037666530  11133.816780000004655  0.074823202243495  -148.277360614938857   909.519940000000020   -524.021164151109588       537.040629999999965
4FZV.pdb  no        -16789.902176400883036  14539.208480000012059  -17916.880143513506482  12552.404489999984435  0.047355901866812  -498.131682615451098   688.517329999999902   -640.212207914108376       576.508379999999875
3SFV.pdb  no        -16786.477821486168978  14408.920449999986886  -17672.683025954149343  13444.678539999997156  0.139383415084369  -618.869300837811011   2008.364539999999124  -1108.761871497718403      1297.370189999999866
5AYR.pdb  no        -16765.391805653816846  10485.872789999966699  -17000.317631655841978  10285.572320000006584  0.103311536549739  -813.798783070387913   1083.311630000000378  -987.998105386217162       904.676189999999906
4UT7.pdb  no        -16736.650660432693257  8608.505279999995764   -17111.462669301894493  8359.023579999999129   0.129622912887381  -1815.480154599559228  1115.859529999999722  -1942.901758158269104      963.194670000000087
7E5B.pdb  no        -16699.862384940257471  10994.012199999995573  -16968.336559957744612  10539.178210000003673  0.079761081218375  -787.376657630920931   876.894300000000044   -924.418837587811254       630.686330000000112
5EO9.pdb  no        -16699.753454574332864  10793.294100000010076  -17047.458273509670107  10462.767320000004474  0.084820771260185  -1081.074892431802709  915.495530000000258   -1166.532125484264043      807.861980000000244
5H5J.pdb  no        -16698.647620245959843  12867.530450000002020  -17310.021014141184423  12327.345309999986057  0.043646999879452  419.697191229217651    561.629099999999880   -5.163531709509851         64.608399999999989
1DZB.pdb  no        -16690.081392419866461  11722.419729999997799  -17091.727096352351509  10904.401779999992868  0.071014352767933  -480.796292519629162   832.460050000000024   -631.937494424148326       670.824459999999817
7NOW.pdb  no        -16636.503418421638344  8990.762519999998403   -16772.550029014804750  8929.469759999992675   0.090254341408186  -1188.488863051300086  811.455350000000180   -1273.166250075919152      681.441500000000019
6QUP.pdb  no        -16635.080468597094296  10083.865120000005845  -17044.122952649737272  9846.694540000009511   0.093436016724508  -548.593943751809888   942.196189999999888   -821.176689687876774       709.652819999999906
2W07.pdb  no        -16632.618593074512319  11682.184880000004341  -16926.567722947860602  11285.978140000006533  0.138767286826229  -1639.698875561967270  1621.105099999998856  -1799.304940747480941      1437.015360000000101
7A91.pdb  no        -16623.833740298407065  25336.436129999980039  -18725.556375099873549  20333.672610000015993  0.032827131871763  50.378343232498850     831.722529999999779   -187.559569031194286       499.390289999999879
5C50.pdb  no        -16607.495958149233047  12581.709499999999025  -17181.333047032989271  11752.580429999990884  0.121474098571422  -1326.181149725525529  1528.351820000000544  -1434.098388151984864      1125.040080000000444
4O8Y.pdb  no        -16596.374576553636871  11076.699780000000828  -17695.941243059165572  10039.766219999997702  0.187983579166754  -1428.376696837268128  2082.237669999999525  -1804.041077408042838      1583.712720000000218
6TX3.pdb  no        -16552.712209860601433  17914.948109999982989  -17996.490909795287735  16021.704189999982191  0.072202308488852  112.607633587700079    1293.500610000000052  -158.395751031235022       296.627439999999979
4YR8.pdb  no        -16541.809413273451355  13836.593410000015865  -17147.774284076906042  13236.916279999997641  0.047772251479347  -624.296548777200428   661.005219999999895   -703.296416398049587       547.066589999999906
4W6X.pdb  no        -16496.093362095463817  9240.401170000017373   -16822.771037076166976  8937.836960000002364   0.067308381806977  -783.095834032596599   621.956450000000132   -889.603365714290362       465.197369999999978
7S2R.pdb  no        -16493.461622883503878  11620.885179999995671  -16889.906826894242840  10773.760590000003504  0.064015887643423  -298.622536781359315   743.921280000000024   -480.423443867643698       589.895390000000020
5IMM.pdb  no        -16451.929393059872382  8607.193369999991774   -16530.915672388204257  8320.863759999998365   0.087022054437706  -857.312283457247759   749.015650000000278   -953.277166394372216       698.651230000000169
3DBX.pdb  no        -16451.019337457979418  12480.632320000002437  -17088.355126846712665  11769.549329999996189  0.098614497923131  -665.028387805819534   1230.771289999999908  -834.628293917916267       964.183329999999955
5DO9.pdb  no        -16441.525271778184106  12942.042089999991731  -17290.535056922279182  11477.686849999987317  0.070847558957367  -344.847983361218951   916.912090000000035   -469.588219556111255       625.008469999999875
6OF7.pdb  no        -16430.821019567993062  16622.627570000004198  -17695.643423320660077  14399.069239999997080  0.155207740721824  -675.756109890061907   2579.960469999998622  -1157.298772722005879      1756.068569999999909
3CX8.pdb  no        -16421.052270047566708  14800.638090000033117  -17532.694440203158592  13411.671690000001036  0.097879104346102  -70.163245063843917    1448.673199999999497  -569.903963681469691       593.891420000000039
4QT8.pdb  no        -16404.350069298467133  28975.167189999981929  -20332.621511070370616  21654.211869999970077  0.029605643838910  499.611261732121420    857.828479999999900   -64.916097137556164        104.659269999999992
3MCA.pdb  no        -16401.099488692962041  23184.793329999971320  -18759.194106750037463  18957.826589999986027  0.047200866292993  -101.120725735218571   1094.342329999999720  -461.134141397404335       739.294299999999907
7SPP.pdb  no        -16372.343721046701830  10151.939919999991616  -16653.936327486630034  9769.009139999992840   0.076926202888718  -385.524158863812715   780.950189999999907   -534.184409935419239       565.270209999999906
4DHI.pdb  no        -16368.626995131118747  10821.393630000000485  -16692.097175433234952  10533.114389999995183  0.058826178195313  -554.168620390131991   636.581230000000005   -586.873790233621207       597.536069999999881
3L9R.pdb  no        -16351.971966362380044  11675.595229999991716  -16738.345462182536721  11239.472590000010314  0.116099013651743  -1414.547528599596490  1355.525090000000318  -1552.957990670247455      1212.178000000000111
3A8Y.pdb  no        -16317.279928627325717  13533.026380000004792  -17431.113792395484779  12561.469770000003336  0.055377111442533  -76.132903907867259    749.419909999999732   -333.648870317682736       514.174369999999954
7AZB.pdb  no        -16299.248024890075612  9784.820070000016131   -16554.968104507035605  9508.231769999998505   0.078027948857316  -926.968234842707716   763.489440000000172   -946.034672225736244       757.784929999999918
4RR2.pdb  no        -16290.484738333809219  16728.779189999997470  -17379.943569735907658  13602.490959999984625  0.047859747618559  -1008.895559088469554  800.635150000000181   -1008.895559088469895      800.635149999999840
1JKG.pdb  no        -16282.091847283370953  9866.804559999998673   -16698.391241275210632  9564.366300000001502   0.202974404511768  -2189.564222407546367  2002.708780000000161  -2357.233583550601452      1921.727150000000620
2J0M.pdb  no        -16272.363254916232108  17624.843349999995553  -18267.648729195840133  14590.446059999987483  0.035990524704437  92.153551100181659     634.327359999999999   -257.764387959228259       272.006489999999985
3GOV.pdb  no        -16266.803714287978437  13028.499939999983326  -16709.226179267156112  12210.484599999983402  0.063599410815978  -99.523888466701507    828.604919999999993   -417.841258746852816       591.325500000000034
2EFE.pdb  no        -16246.468646015937338  11148.079780000009123  -16693.290088255613227  10838.831920000000537  0.102728928443316  -1280.747558205620635  1145.230290000000196  -1387.074244729630664      1103.570870000000923
6KN9.pdb  no        -16239.967264945611532  16184.184249999992971  -17735.999084801478602  14486.527330000018992  0.060065692838365  -890.883224292414184   972.114239999999654   -1143.697552462628209      822.895469999999932
2Y5B.pdb  no        -16238.551307301377165  14547.078099999996994  -17162.904888836983446  13227.199449999985518  0.118747824692025  -1121.234391684020693  1727.433880000000727  -1467.909386698863955      1313.261809999999969
3L9J.pdb  no        -16203.609199779115443  9612.437519999986762   -16648.635614352780976  9064.808469999994486   0.086175854800251  -938.532094746817734   828.360020000000191   -1081.939003816487229      740.954949999999826
5JDS.pdb  no        -16186.450460657566509  8283.832490000000689   -16388.809899892421527  8029.195820000005369   0.077109159410344  -983.391870956323828   638.759359999999901   -1045.207289345036088      595.277659999999855
6R3V.pdb  no        -16152.421903412167012  10810.967940000015005  -16616.990698878686089  9950.950950000011289   0.108244480651008  -299.278081507667196   1170.227609999999913  -640.986365507942537       905.095040000000154
1L4D.pdb  no        -16150.548131473680769  12203.518210000003819  -16667.878546378040483  11346.478159999987838  0.055679812026929  -97.156701604196684    679.489599999999996   -353.804272033839027       293.866419999999948
4AP2.pdb  no        -16129.564149538515267  14700.847310000006473  -16967.726889967736497  13175.076540000012756  0.102518165668915  -892.837189474048387   1507.103899999999840  -1190.998060514928966      1211.072050000000445
6KP3.pdb  no        -16126.431355049004196  12183.002969999992274  -16817.160827277304634  11534.526739999990241  0.047921944321746  -601.994713844738271   583.833190000000059   -799.972095127419948       447.624469999999974
6I2P.pdb  no        -16105.833534087296357  12098.624419999998281  -16568.890238810385199  11852.677780000003622  0.083183810412060  165.800194787591693    1006.409680000000094  -412.827524162853194       463.073860000000082
1TX4.pdb  no        -16099.514142962018013  10892.471339999996417  -16504.067324336148886  9942.362149999977191   0.104410694735874  -588.012090828580085   1137.290500000000065  -787.234328080829528       906.137260000000083
4I13.pdb  no        -16098.431462194550477  9658.111089999994874   -16338.945874989211006  9489.015989999992598   0.067714200417216  -423.613509530271244   653.991269999999986   -513.828275846183487       486.766479999999945
5IRC.pdb  no        -16091.128041790207135  10714.047930000015185  -16400.404972631768032  10536.731200000001991  0.112988071166861  -810.149138311540923   1210.559610000000475  -946.928520525759382       1008.698699999999917
7CZD.pdb  no        -16040.130056768070062  7994.559139999994841   -16272.206158141050764  7789.577520000004370   0.104832953928214  -1309.003214176289021  838.093249999999784   -1385.453854950816321      791.244019999999750
5A1N.pdb  no        -16029.341935965308949  10250.291789999997491  -16323.161345512544358  9926.618929999993270   0.102819029115658  -987.605511455155352   1053.925049999999828  -1031.023116917726611      1020.424269999999865
7R74.pdb  no        -16009.002291700689966  14690.492729999992662  -17037.291896006365278  12920.127389999997831  0.088543172370502  -922.289355369765985   1300.742830000000367  -1125.609771721815832      975.147329999999897
2WWX.pdb  no        -15988.151348790232078  10630.944150000012087  -16219.448085039688522  10115.496780000008584  0.159705753886403  -2049.727080523961376  1697.822949999999310  -2217.865054104365754      1578.335379999999986
3QBT.pdb  no        -15962.984280800656052  10014.122839999992721  -16235.028862518329333  9829.734929999993255   0.093280243804159  -560.874566232770007   934.119820000000232   -712.505851823582134       810.544810000000098
4RIY.pdb  no        -15954.696189330936249  17959.290180000021792  -17441.117881083075190  15296.250410000007832  0.078054019727410  -351.807226215362505   1401.794789999999466  -598.512399688526102       845.942249999999945
1GZH.pdb  no        -15944.330382801133965  13100.015169999996942  -16939.558243283172487  11561.894419999998718  0.043456490898094  -5.153092263393305     569.280689999999822   -231.531634434352043       175.959560000000010
4KAX.pdb  no        -15929.603386945647799  10309.890140000008614  -16313.844345858960878  9739.277489999998579   0.125301106263776  -1093.137942108395237  1291.840639999999667  -1161.430715845157238      1150.059219999999641
7C8W.pdb  no        -15895.010770769973533  10482.407649999986461  -16372.760898668155278  10179.796819999997751  0.084921118289079  -726.107387929108882   890.177779999999984   -897.537289470640303       652.381700000000023
4U7P.pdb  no        -15852.168005623832869  19451.112819999994827  -17305.037932920095045  16074.425540000016554  0.044531279419107  -419.355162197003722   866.182939999999917   -679.691091345168388       549.908090000000016
6IHJ.pdb  no        -15807.395361132001199  9870.350040000008448   -16179.208382679165879  9521.009499999981927   0.203788147517411  -1984.184585626608396  2011.460350000001199  -2240.547457084327561      1791.912410000000591
3ZHE.pdb  no        -15766.709780591620074  20968.616009999976086  -17601.009533968161122  17217.184050000003481  0.058506555674201  -463.905738936674368   1226.801499999999578  -741.099353278883882       821.005770000000325
4A9A.pdb  no        -15761.953681737710212  12776.838659999995798  -16693.838573899582116  11457.626499999989392  0.229028027031532  -2040.133466115011288  2926.254149999998845  -2471.027785939109890      2097.680469999998877
5WL1.pdb  no        -15759.975502999423043  11646.284720000001471  -16375.779674302682906  10702.660739999986617  0.101500629464261  -1223.524213438123979  1182.105229999999665  -1371.071338008606745      940.677099999999996
3LQC.pdb  no        -15746.336056281876154  10568.843260000003283  -16089.670172789186836  9993.314470000006622   0.060776985162707  -538.650932322273775   642.342430000000036   -643.564509830193401       582.500510000000077
6X1G.pdb  no        -15738.635590539888653  10838.004600000000210  -16201.642944520137462  10119.278660000009040  0.168334884264581  -1806.231782660881436  1824.414250000000493  -1887.549690763217541      1729.370310000000018
3IMA.pdb  no        -15723.339181286391977  9663.208019999998214   -16031.438854410427666  9366.628909999995813   0.093608727880826  -1202.528410597382162  904.560610000000111   -1302.199022458572017      743.494829999999979
3R07.pdb  no        -15715.625432943817941  11335.278110000013839  -16113.420706346778388  10786.140270000005330  0.070409547278412  -546.866555266530099   798.111800000000130   -647.407557090381374       617.539539999999988
4FOU.pdb  no        -15709.428403411213367  10662.170889999997598  -16308.470393281198994  9932.733580000003712   0.079920508571027  -350.917149849104931   852.126120000000014   -510.306073126764090       675.507660000000214
4KRM.pdb  no        -15680.197956627458552  10331.727539999996225  -16074.567449185071382  10020.045970000002853  0.059162790311058  -332.452860340635311   611.253829999999880   -500.207005234622613       460.837349999999958
7NQA.pdb  no        -15627.189757285228552  8868.184069999997519   -15982.191347172778478  8641.399790000003122   0.108987276580063  -638.516388869728871   966.519230000000107   -793.272611484961658       784.398799999999937
6P79.pdb  no        -15624.977438102179804  7844.272459999997409   -15748.056558363890872  7781.831380000002355   0.111337461116184  -1366.658402325904262  873.361379999999826   -1457.977478816648954      800.264910000000214
3FRU.pdb  no        -15583.567588085308671  12173.845650000006572  -16038.059549245475864  11897.162410000022646  0.116602726107341  -899.553271605218470   1419.503590000000486  -1183.187091059442082      942.418250000000057
4XZV.pdb  no        -15575.692762689363008  17120.370270000003075  -17233.228191463233088  13806.200270000017554  0.051113591365101  899.690568753281923    875.083609999999794   65.302612395630860         118.563399999999987
1KSH.pdb  no        -15528.127618425041874  10302.763150000009773  -15962.916616205222454  9853.177199999998265   0.078862637932233  -1020.787674219191331  812.503080000000182   -1134.498934449629587      740.299720000000093
1P6A.pdb  no        -15524.100763732256382  10544.420699999978751  -15765.476911032643329  10330.035649999983434  0.073158516901739  -423.678858629067918   771.414180000000215   -493.178617637587138       513.790610000000015
4U4P.pdb  no        -15520.273856707412051  11874.494159999994736  -16185.683863261256192  11134.409570000005260  0.162618752763781  -1078.597647372971096  1931.015429999998787  -1365.845908529093549      1523.346659999999474
3H2U.pdb  no        -15516.936618532041393  12820.003820000003543  -15997.640596493542034  11289.442509999980757  0.052143031264713  -291.570211625612558   668.473859999999945   -324.668450681468698       625.941580000000044
5VXK.pdb  no        -15515.626783966345101  11295.215340000017022  -15811.247944813050708  10906.197729999990770  0.062714359901703  -795.872571344938933   708.372200000000021   -865.407993768119354       547.117740000000026
6INE.pdb  no        -15515.380326661981599  12075.144099999999526  -16198.354457732997616  10841.844210000010207  0.139215854161111  -1481.422592970247251  1681.051500000000260  -1734.424984440527396      1345.740250000000060
3WSO.pdb  no        -15513.743273982794562  11785.857029999993756  -15950.483957418933642  11485.777799999996205  0.137392778978925  -1401.012468430639956  1619.291650000001255  -1532.271915184838008      1422.341970000000401
1KZ7.pdb  no        -15513.597970144994179  14304.407790000001114  -16724.043625792390230  12904.823880000001736  0.108160366560691  -529.552208609314221   1547.169990000000325  -815.322720209209592       1155.023330000000442
1BLX.pdb  no        -15504.306575517095553  13064.354760000012902  -16388.183531325452350  11969.581190000015340  0.066232250723112  -581.065575287003867   865.281620000000089   -743.339880682982539       774.072979999999916
3K75.pdb  no        -15466.534644460252821  12305.592679999985194  -15914.337201192232897  11481.007569999997941  0.047880281374631  -333.191662604458941   589.195240000000013   -432.950281913059712       489.861689999999953
2E31.pdb  no        -15462.745654219575954  11944.071260000000620  -15825.834729755404624  11667.834449999996650  0.133030057792874  -342.673958902696938   1588.920489999999972  -528.695209899521046       1321.695740000000342
6MRK.pdb  no        -15454.025435051966269  10744.486830000014379  -16083.247468486682919  10030.288130000009915  0.180286455802748  -1740.872974787982230  1937.085450000000264  -1951.282887639611772      1431.528979999999819
6SHX.pdb  no        -15448.611355998971703  14314.446519999983138  -16491.718681466896669  12860.143610000010085  0.087639788115259  310.799828168366901    1254.515059999999721  -360.573037033671653       611.718770000000063
7CLG.pdb  no        -15442.671258890753961  47570.792130000038014  -26900.178202615199552  30188.543409999987489  0.040790476111838  -1253.623696594129797  1940.435259999999516  -1508.907402211255658      1693.461769999999660
3U6R.pdb  no        -15428.045636500290129  8193.439529999992374   -15656.607370253079353  7969.007449999995515   0.110399866464872  -1179.404100184970275  904.554629999999975   -1289.740339380957494      823.249780000000101
5CHV.pdb  no        -15415.473216040467378  15901.693650000021080  -17026.944399059080752  14494.816970000007132  0.128326630163699  -242.974037715465244   2040.610760000000255  -1151.126826641342859      857.161399999999844
3F62.pdb  no        -15406.776260038988767  9093.343979999992371   -15685.112311570923339  8623.245399999999790   0.104856611835771  -1114.227016524963801  953.497240000000147   -1260.116776780105738      769.764589999999885
3MSX.pdb  no        -15397.403866725462649  10795.608339999991586  -15717.629148534284468  9981.730920000003607   0.110384156452271  -694.754558848283409   1191.664119999999457  -796.546169407512252       1080.313409999999749
4U0Q.pdb  no        -15384.615852670794993  13444.056290000002264  -15832.297180616520563  12556.480119999996532  0.069824483009510  -776.957988619300522   938.724280000000022   -910.720008350406147       812.386930000000120
4YC7.pdb  no        -15380.851824789970124  13160.144709999973202  -16498.861411573238001  12079.607539999991786  0.114812662268970  -495.186312758685801   1510.951249999999618  -794.218167652845523       888.969369999999799
1ZUN.pdb  no        -15350.726335320367070  19426.764019999958691  -17238.637388559709507  16108.044980000018768  0.131990470330529  -880.490399200974025   2564.147719999999481  -1330.670486066319654      2080.965999999999894
1F5Q.pdb  no        -15337.979673833509878  15672.923400000012407  -16394.902592991478741  13896.233220000000074  0.078577089836348  -349.030949287342082   1231.532710000000179  -608.326421363525469       930.112630000000081
1SHW.pdb  no        -15324.709146415092619  10823.092549999992116  -16049.817479087923857  9716.863409999990836   0.056426451790805  60.255830501009441     610.708709999999996   -301.101055230944382       337.267979999999966
5FBR.pdb  no        -15303.627314154346095  18994.786460000017541  -17373.160079614081042  16217.386799999982031  0.039998054287155  494.421679704948417    759.754499999999894   -236.730395590636874       305.863070000000050
4EIG.pdb  no        -15300.169763107689505  9290.491460000002917   -15585.224020854633636  8730.316560000001118   0.094268551213974  -874.435317788528437   875.801170000000070   -903.000394295463025       799.303890000000138
4V0N.pdb  no        -15297.526397008728964  15977.285930000025473  -16685.060787481183070  13169.831570000000283  0.037990105619897  -370.580688215990506   606.978779999999915   -492.882655138416510       466.425080000000094
5CM9.pdb  no        -15278.684611761276756  15907.317489999995814  -16735.286565200109180  14010.464359999985390  0.076398328678860  -307.837599081789847   1215.292469999999639  -730.432585179036664       860.480660000000398
3UWS.pdb  no        -15270.880448255546071  11160.851089999989199  -15770.981193014840755  10279.693079999999100  0.214759709691638  -2155.842177949278266  2396.901139999999486  -2386.644941489544181      1987.893729999999323
6LYJ.pdb  no        -15262.424101653259640  10758.014229999989766  -15642.702239556076165  10013.002789999995002  0.111844753527529  -375.632067630895165   1203.227450000000772  -678.609134870321100       858.689079999999763
5T1X.pdb  no        -15245.230570310965049  7445.522910000006959   -15351.408593087777263  7314.766210000005231   0.227941951225559  -3020.156482114765367  1697.147020000000111  -3121.607473432701227      1613.628300000000536
4JVS.pdb  no        -15239.950151319808356  13253.421660000014526  -16243.101643116808191  12160.267780000000130  0.088842254491434  -38.139876362879455    1177.463859999999841  -328.138849833933591       628.293679999999881
3KZ1.pdb  no        -15222.513508207999621  15448.968960000005609  -16428.548623530445184  13618.656890000009298  0.038310524898614  -203.883278134609412   591.858109999999897   -276.024697943323872       546.474010000000021
6VEK.pdb  no        -15195.420258015845320  12418.339150000001609  -15813.526577464070215  11267.964710000012929  0.144019051855256  -1130.493061648886396  1788.477430000000822  -1390.699568677618117      1166.196810000000141
3MKR.pdb  no        -15189.563609434140744  16700.363850000016100  -16385.348757126750570  14571.539310000009209  0.156334928594984  -1571.609742639623164  2610.850190000001476  -1876.810614142096938      2043.650869999999941
5CLL.pdb  no        -15157.742609438522777  10722.421259999995527  -15523.953549218775152  10299.097899999998845  0.171661939534728  -324.012936957786849   1840.631629999999859  -669.600061360336895       1312.412560000000440
1OAU.pdb  no        -15143.353672296332661  8055.091890000006060   -15333.199406876567082  7840.480269999996381   0.103494839212815  -1179.098289933305978  833.660439999999994   -1204.940631328558084      727.646489999999972
6GBH.pdb  no        -15138.949525561411065  12608.708789999993314  -15752.590945004312744  11329.418580000005022  0.070825352133460  -526.870715833130248   893.016240000000153   -702.517773447258605       622.421870000000240
5VXJ.pdb  no        -15129.952084697735700  10839.156179999989035  -15639.676368902473769  10387.414960000003703  0.069412375604316  -19.623133371316861    752.371580000000108   -343.611354753829403       342.675409999999999
6YYE.pdb  no        -15119.683156623656032  11868.609979999995630  -15428.666570324374334  11584.510729999992691  0.057592560641208  -585.354623011885224   683.543639999999982   -617.185352270299859       635.293490000000020
1R8S.pdb  no        -15108.255533305955396  10431.882999999999811  -15526.276268012981745  9630.369110000010551   0.142581312501300  -1456.200051798632558  1487.391569999999774  -1734.486154876023193      1166.585849999999709
4HLU.pdb  no        -15094.402351046155673  15188.933089999991353  -16270.030660274844195  12687.256110000003900  0.073718468793387  -29.840866780585522    1119.704890000000205  -459.955410868451224       489.724569999999972
2OT3.pdb  no        -15090.856840672498947  11093.665809999993144  -15816.598924351494134  10269.338640000016312  0.104740073290526  -1788.354250021534881  1161.951369999999770  -1869.545859180220759      1091.356200000000399
4HRL.pdb  no        -15076.351717213323354  10031.718889999998282  -15245.257741281580820  9747.375219999988985   0.075142123524955  -618.953854815740328   753.804659999999899   -776.811869072260833       474.599430000000098
2FUN.pdb  no        -15074.699875252947095  17633.468169999989186  -16459.575975831499818  16234.570819999989908  0.053011020917050  9.610483531238899      934.768149999999764   -370.094401041856486       611.826260000000048
4RA9.pdb  no        -15074.539187520695123  9600.016739999999118   -15427.499407271554446  8601.990239999995538   0.104014731124313  -1207.081704322817814  998.543159999999943   -1251.876144419479942      901.488410000000044
7KGK.pdb  no        -15062.208360568780336  10509.178620000004230  -15383.775343660534418  9632.411000000000058   0.095183835594565  -1071.466526556646386  1000.303930000000378  -1165.016601622060762      913.818749999999909
6KHS.pdb  no        -15060.199949458934498  9809.791719999993802   -15487.468448875935792  9063.042589999991833   0.115296044226309  -738.308221993133202   1131.030180000000200  -1082.900545625849645      782.109540000000038
7JXU.pdb  no        -15059.434943193096842  11682.859979999990173  -15712.941772458383639  10420.103079999980764  0.089510999172311  -724.664085384578470   1045.744469999999865  -883.610476974986909       807.341840000000047
2Q97.pdb  no        -15041.052092362209805  12243.699899999985064  -15996.406684847552242  10848.408500000005006  0.141849335918467  -1.296121848331993     1736.760699999999815  -570.879640523042781       767.035460000000057
4EQA.pdb  no        -15038.480715994048296  9491.382610000002387   -15553.053247265534083  8893.680469999999332   0.103724026356577  -440.260778214254231   984.484420000000000   -726.385780891156514       735.223919999999907
5E0Q.pdb  no        -15030.211040520587630  8675.051329999994778   -15278.219999549864951  8455.937649999992573   0.083040901153953  -336.252385140181332   720.384080000000154   -482.248838132320998       602.396160000000123
2RD0.pdb  no        -15013.359821706208095  35477.364880000081030  -20698.476510459429846  25785.145269999993616  0.048995753373439  556.972083632695330    1738.240219999999454  -662.779203934294287       579.038460000000100
2XGY.pdb  no        -14989.297739643932800  8707.048000000009779   -15080.226712785735799  8556.626160000001619   0.085558511908973  -720.464354120376925   744.962070000000040   -785.688247982893131       701.732529999999997
5ZWL.pdb  no        -14962.187645369398524  11811.431370000012976  -15613.309247663655697  10014.366090000001350  0.114509036850120  -1476.307750319202569  1352.515630000000556  -1551.002011140430113      1302.550120000000106
2HLE.pdb  no        -14952.222125700938705  11120.477399999990666  -15413.675362789228529  10553.970639999992272  0.095040910743634  -442.212000212694363   1056.900299999999788  -614.743781102618755       734.099870000000010
4TXV.pdb  no        -14942.873550278884068  9997.202649999990172   -15322.429909701952056  9675.943589999993492   0.098627843659846  -481.415135072881753   986.002540000000181   -589.340759253841497       793.423059999999850
1U58.pdb  no        -14926.263488638480339  10275.413890000003448  -15407.560079852775743  9635.743080000005648   0.100166627935218  -1141.315121029129386  1029.253560000000107  -1304.415863184322916      880.563760000000002
3DUR.pdb  no        -14913.110170781828856  8143.841419999999744   -15072.694673915282692  7953.455139999994572   0.104579817567224  -1329.494629701613803  851.681450000000154   -1381.903258140965590      826.848370000000045
6XOD.pdb  no        -14901.549047854983655  9278.569389999991472   -15449.144391199237361  8710.090109999997367   0.082252105677253  -905.309771607867106   763.181870000000004   -1002.692864782508991      614.264620000000036
3MJ7.pdb  no        -14895.685784605473600  14200.742590000010750  -15912.155004126434505  12299.599689999999100  0.060365609373390  -473.540639707318292   857.236480000000029   -592.715430341491810       773.678149999999846
6XZU.pdb  no        -14887.026377006299299  8584.106520000004821   -15315.409123776187698  8057.399610000000393   0.071006805260380  -466.673526450426664   609.529980000000137   -692.676496403977580       442.787860000000023
6TNP.pdb  no        -14867.832378741648427  7940.155069999995249   -15007.695705689739043  7860.803470000000743   0.104429496992179  -999.168778673011047   829.186400000000276   -1057.064635940116887      797.307750000000169
5UQ2.pdb  no        -14865.684789861612444  13180.061469999996916  -15608.449050762268598  11955.206640000000334  0.095459101072007  -940.433156383951314   1258.156819999999698  -1087.004359959767498      1147.628899999999931
4CRW.pdb  no        -14844.354232166806469  10557.240120000004026  -15320.839119728101650  9660.748899999993228   0.064585430685458  -1001.419681531853143  681.843899999999735   -1044.577440451136226      659.386619999999994
4ZGN.pdb  no        -14826.723929362131457  11906.525779999998122  -15366.826916659776543  11171.406779999993887  0.063453891921107  -510.335271185974705   755.515399999999886   -591.692288950479337       414.922430000000077
6SAK.pdb  no        -14813.225911083423853  11009.563100000012128  -15293.761631791685431  10171.579710000012710  0.091510395176353  -442.778530759423063   1007.489469999999983  -636.526896268800556       803.439419999999927
1FS0.pdb  no        -14812.682252845601397  10170.436249999991560  -15391.940663691042573  9490.899869999997463   0.202967641628942  -1797.622257280677786  2064.269460000000436  -2095.551383476552473      1843.153659999999718
2D5R.pdb  no        -14793.897675324604279  11226.264229999995223  -15531.547347343343063  10353.614820000011605  0.067623840348536  -63.759084681989798    759.163099999999872   -337.011561229887093       534.572440000000029
3DLQ.pdb  no        -14783.558680758387709  10548.976270000011937  -15409.803941707199556  10040.483489999987796  0.079009489515138  -382.141466901138926   833.469230000000266   -587.167405272575479       645.228520000000231
7S7Q.pdb  no        -14782.492846752082187  18090.774939999999333  -16112.402177318377653  16112.208519999996497  0.057188175931174  -349.813493127978177   1034.578420000000278  -536.518581870001526       798.744419999999991
4YOM.pdb  no        -14776.886261035371717  12899.870230000024094  -16075.791067383215704  11494.206110000004628  0.094851366578437  -607.690027317976615   1223.570319999999811  -935.911091590727438       928.293789999999717
5BOZ.pdb  no        -14773.442813382964232  12532.698139999993145  -14976.435309818089081  11990.795070000001942  0.078675355377226  -717.027622034060414   986.014479999999935   -867.154911590642200       661.039769999999862
6BI8.pdb  no        -14763.649072356602119  12864.249869999992370  -15599.788239768813582  11895.109429999985878  0.086481873505462  -492.804438753952013   1112.524430000000393  -976.413902864199827       709.368320000000153
3VPJ.pdb  no        -14743.215666179079562  9523.862879999998768   -15246.444454559259611  8624.218329999996058   0.105898172066081  -419.880522386802454   1008.559669999999983  -734.628276211439243       799.898789999999849
5E5M.pdb  no        -14737.190661375967466  7694.225449999997181   -15028.977749244182633  7453.867519999999786   0.088010435150428  -1094.643138693534866  677.172130000000152   -1136.568773037181700      665.410589999999956
1I8L.pdb  no        -14708.672634869502872  10547.629560000012134  -15072.088354088436972  10217.770739999998113  0.058552563539215  -532.281243561810697   617.590749999999957   -629.954833131918917       572.115880000000061
6SWT.pdb  no        -14707.048340267416279  9154.683699999994133   -14989.121637588143130  8766.715129999996861   0.064347436711549  -766.627928944931909   589.080429999999978   -849.616615897624001       545.101720000000114
5IUS.pdb  no        -14700.694799232636797  10492.186540000015157  -15230.241858385979867  10014.827880000009827  0.080295604427940  -418.768312540071634   842.476459999999634   -554.020106158230988       699.507230000000050
5ML9.pdb  no        -14695.600133932532117  9300.863849999992453   -14868.388408437860562  9159.986429999989923   0.098951879614924  -883.039474418905456   920.337959999999725   -966.996707386892695       823.065269999999828
6Q82.pdb  no        -14692.965223070741558  32083.331950000017969  -19965.323561691617215  26208.845880000018951  0.051265873587048  955.526596590097824    1644.780039999999644  -299.991582119793236       477.344409999999982
6SGE.pdb  no        -14684.358556393073741  9464.909530000002633   -15037.041016790701178  8741.762329999999565   0.073410949972387  -225.864382584696784   694.828000000000088   -327.314353455669959       648.366099999999960
2WY3.pdb  no        -14682.537310502350010  10097.466160000003583  -15033.092034190000049  9840.965630000000601   0.106899746223066  -495.903559052642208   1079.416570000000092  -669.564190846557722       750.667460000000005
2E2D.pdb  no        -14675.901979383435901  11185.558330000003480  -15083.557708138750968  10502.537609999977576  0.109440614753828  -932.045781341193788   1224.154379999999492  -1142.887104868662163      945.207429999999817
5MFD.pdb  no        -14657.552008669395946  11437.132239999999001  -15339.274106074522933  10444.408749999996871  0.100111498754516  -431.915078017627366   1144.988450000000057  -690.767696210459917       1022.098960000000034
1US7.pdb  no        -14657.473971412802712  10164.883260000000519  -15499.317764691468255  9588.172100000003411   0.054235112779839  -415.464258550483805   551.293590000000108   -535.060924178985715       382.472550000000012
4NZW.pdb  no        -14637.200294873338862  16298.988999999997759  -15995.579580753375922  14144.588639999998122  0.058278282781834  435.661831784544347    949.877089999999725   -41.835700210833686        58.432580000000002
5Z1G.pdb  no        -14625.278894611845317  10426.912049999989904  -15327.961322522332921  9485.528000000002066   0.282412269891545  -2575.714542643764617  2944.687900000001719  -2827.721488138409768      2711.324660000001131
3H4S.pdb  no        -14621.960001183462737  13174.848690000017086  -15664.273933964568641  11694.489540000009583  0.152734012158131  -841.592291518077104   2012.247499999999945  -1045.050781863154270      1900.301120000000083
2QKM.pdb  no        -14620.850556120833062  12148.612909999996191  -15401.291831486096271  10958.591800000009243  0.080197355633747  -627.161909666630208   974.286629999999832   -821.613453478252154       689.970209999999952
3OED.pdb  no        -14614.389763015566132  13189.570129999996425  -15899.341756598038046  11457.600559999997131  0.084170374701969  519.453319542307099    1110.171059999999898  -325.045429790813444       455.034210000000030
1DS6.pdb  no        -14605.684930520428679  11024.680699999997159  -15157.207405284636479  10086.709429999997155  0.110173014806678  -714.062839515820883   1214.622310000000425  -902.914819883208565       989.178360000000225
6WAR.pdb  no        -14601.346545754991894  10913.508959999999206  -15136.528743127728376  10379.538520000003700  0.063116167542872  -831.416376262449603   688.818859999999859   -960.763830945980658       607.430230000000051
4J4L.pdb  no        -14598.620047598273231  12461.266420000001744  -15647.266533495696422  11662.449959999999919  0.078414262007248  -670.187400362545873   977.141010000000279   -889.380249742194223       800.240779999999972
5UWC.pdb  no        -14555.064515498295805  12183.187650000008944  -15323.468868217447380  11548.231589999995776  0.099444054774942  -761.560608911327449   1211.545579999999518  -923.660336989557095       1041.114059999999881
2A9M.pdb  no        -14551.042519346603513  8344.080969999997251   -14680.984652142620689  8247.483129999995072   0.104026299974891  -1023.482427372999950  868.003870000000006   -1095.283420674580839      804.633969999999977
4IZ5.pdb  no        -14540.810058391907660  13522.494790000002467  -15971.603119157145557  11302.603019999998651  0.073661900815567  -149.965780359615252   996.092669999999657   -426.463450462619619       821.223290000000020
6WAQ.pdb  no        -14531.162954529851049  10331.876140000003943  -14941.113573194463243  9444.849940000005518   0.074863419723497  -469.511586516139744   773.479580000000169   -519.714050365648291       566.214230000000043
5Y1Z.pdb  no        -14512.826336577920301  12326.479519999991680  -15177.692908423139670  11625.102240000001984  0.075816604285406  -64.455314039224149    934.551819999999907   -380.172512989418635       481.461979999999983
7CYV.pdb  no        -14499.509175363107715  14079.307180000014341  -15268.520517506916804  12590.827290000004723  0.045956597986521  -296.342430221818972   647.037060000000110   -459.858989814562449       516.995660000000044
1UGH.pdb  no        -14491.492084998893915  9696.783629999992627   -14653.148468715389754  9527.552390000008018   0.110499982353427  -664.961280371690464   1071.494419999999991  -863.264287312343185       854.534259999999676
1OAQ.pdb  no        -14486.839757249263130  8012.574430000001485   -14832.850342521347557  7808.702630000001591   0.111953887959079  -1100.542826548110270  897.038859999999886   -1255.089246461342555      824.102360000000203
1JQL.pdb  no        -14478.052421380554733  16391.309829999980138  -15166.961820044174601  15642.579699999965669  0.058026316985310  -223.479750245704054   951.127340000000231   -375.147063219370636       754.657119999999964
5NKM.pdb  no        -14471.553243329144607  17583.404209999978775  -16968.925997479545913  14844.901569999996354  0.094819769828860  -376.331619445977196   1667.254340000000411  -939.513890714315835       846.652169999999956
3RNK.pdb  no        -14450.028347585215670  7542.430999999995947   -14771.517090854924390  7099.975719999998546   0.139980943809761  -1148.125135777651849  1055.796610000000101  -1362.633522438231921      905.783070000000066
4BFI.pdb  no        -14448.806518561852499  13011.622439999999187  -15122.850822689966662  12121.028129999976954  0.068579300092264  -568.229010807037866   892.327960000000303   -674.781346356323183       831.723659999999882
6H2U.pdb  no        -14440.732250361674232  10000.895290000009481  -15109.729813653148085  9429.829700000003868   0.114260322387597  -839.884117608832526   1142.705519999999524  -1171.492047979497784      885.820909999999685
5JWO.pdb  no        -14429.877616608142489  9590.657159999980649   -14736.635804941170136  9416.290849999997590   0.105315591324923  -1124.510117557016883  1010.045729999999935  -1220.878671726888342      932.958059999999932
2OXG.pdb  no        -14421.471580838595401  7411.278540000005705   -14460.634585568082912  7380.991069999999127   0.151765069134751  -1830.271503267196522  1124.773200000000543  -1930.871175434640463      1057.803790000000390
6WC3.pdb  no        -14407.404803602295942  16467.072039999999106  -16032.416039510086193  13659.240710000005492  0.073987413611874  210.838735002387580    1218.356069999999818  -253.760542119227608       693.978789999999890
3VX7.pdb  no        -14404.459400723859289  13559.103969999996480  -15130.800762002289048  12012.469940000006318  0.059163446329116  68.713958971428923     802.203319999999849   -308.010112648290260       484.645039999999938
4RWT.pdb  no        -14402.859534333210831  17431.838509999997768  -16645.336206693802524  14149.916249999985666  0.135575845235386  766.543937086777191    2363.336239999999179  -308.311868143517700       1100.585119999999961
1F2T.pdb  no        -14401.548237008044453  9072.578199999985372   -14756.995330696583551  8765.612740000011399   0.248372126459048  -3193.117182453558144  2253.375540000000456  -3427.316247359914541      1960.491870000000517
6ZE1.pdb  no        -14398.954885755209034  10252.080839999996897  -14826.693367702782780  9664.734050000004572   0.086810397214933  -924.229762738893555   889.987209999999891   -984.639345778203847       846.010480000000257
5SV3.pdb  no        -14391.154601738653582  9213.777130000004036   -14881.440377657158024  8545.679720000001907   0.066605174114951  -649.214760193614097   613.685230000000047   -740.862691791479165       529.037020000000098
1N4X.pdb  no        -14377.158431916977861  8184.571959999994760   -14711.456897129482968  7816.291400000000976   0.104138411167442  -816.841179196571261   852.328319999999962   -1010.799578448646344      726.166479999999865
1QFK.pdb  no        -14370.233652356269886  11123.612700000008772  -14766.997261648104541  10415.712549999996554  0.086285732512064  -734.704629118157868   959.809069999999906   -834.551965429249321       721.271249999999895
7MWR.pdb  no        -14353.202072199683244  11691.598070000003645  -14904.131889435075209  10968.404700000004595  0.072971511241833  -1073.466390120617007  853.153579999999920   -1227.651164713204707      743.503360000000043
7ACZ.pdb  no        -14345.941693806211333  16672.383380000032048  -16111.780420651888562  14649.511980000008407  0.140715637142456  -1481.724324314740215  2346.065050000001065  -1848.213928508627532      2023.649969999999939
5AYS.pdb  no        -14343.966732673641673  10581.068389999982173  -14897.738380178338048  9267.032619999998133   0.083361133062292  -67.441093757678004    882.049850000000333   -407.218921263479899       489.625179999999943
1E96.pdb  no        -14314.027293501712848  10228.404339999995500  -14726.419995893447776  9120.570930000003500   0.056837389359600  -324.322351761172627   581.355799999999931   -416.946264536800641       477.007150000000024
5OCL.pdb  no        -14306.339697050445466  8184.966519999996308   -14487.444015516293803  8054.817230000002382   0.072793141980989  -407.575653531169394   595.809430000000134   -501.539238985515965       420.642320000000041
5AYU.pdb  no        -14292.451907718723305  7755.075699999997596   -14436.296785463873675  7508.497659999995449   0.096298897507861  -696.284052322077287   746.805239999999912   -782.915325036322201       660.801969999999869
3CJR.pdb  no        -14264.126786889935829  11079.376269999982469  -15085.730235986311527  10463.143779999994877  0.101999548752576  -183.229835763738123   1130.091379999999845  -657.642344649916367       912.349680000000376
6OB3.pdb  no        -14237.821658484903310  11906.250909999989744  -15141.334152378743966  10940.217579999998634  0.107302666444479  234.545993434037143    1277.572469999999157  -341.917024637495615       606.821529999999939
2J8X.pdb  no        -14203.355816274104654  9792.708190000013929   -14410.126162029384432  9482.739940000004935   0.115248831896419  -807.522298659165017   1128.598179999999957  -911.056245328738555       1035.141670000000204
1X2T.pdb  no        -14201.077221267390996  8221.929670000003171   -14389.099773214160450  8031.944819999996980   0.223096048448685  -2718.136498042601943  1834.280020000000377  -2775.203449811113387      1786.355800000000045
2WEL.pdb  no        -14185.839839789996404  11803.560920000007172  -14660.890198788396447  10808.479450000008001  0.126686289005064  -986.309993200960434   1495.349329999999554  -1036.520940802735822      1026.546840000000202
7MJI.pdb  no        -14185.300071610163286  10554.742460000014034  -14603.959484746055750  10139.901519999999437  0.079011741230112  -342.885388714147609   833.948579999999879   -465.565234790824093       625.526889999999753
5MN2.pdb  no        -14179.517625585738642  8646.212529999998878   -14484.801900030082834  8419.558379999998579   0.082189536462852  -1040.759920572212650  710.628199999999765   -1178.009694701916260      630.174469999999928
5O33.pdb  no        -14172.163581558806982  10020.774789999992208  -14553.417440265426194  9222.610999999991691   0.116964602494574  -747.908819005100213   1172.075939999999946  -989.084721525568739       996.625610000000052
4U3X.pdb  no        -14117.990309210959822  7656.644000000001142   -14230.698232010150605  7377.554150000000845   0.108954728729715  -1568.054903444969113  834.227570000000014   -1571.551172705156432      822.107150000000388
4YIQ.pdb  no        -14107.552869661043587  7503.085810000000492   -14184.519847078105158  7467.150540000004185   0.092889446775499  -624.030298956335400   696.957490000000121   -672.773206209676118       635.499380000000087
2NZ8.pdb  no        -14105.350301762369781  13233.158899999989444  -15478.073202624205805  10810.666699999987031  0.097262126127723  -635.718630598143250   1287.085170000000517  -909.462924548079286       1075.507790000000341
4W6W.pdb  no        -14072.319389209229485  9221.547719999991386   -14439.726619286720961  8755.204299999999421   0.071652377677009  -20.176560432614572    660.745820000000094   -319.048619626885511       472.867529999999988
6WX8.pdb  no        -14052.323117043564707  13020.161599999997634  -15100.998548492576447  11938.181590000003780  0.147542189491719  -337.838122409922562   1921.023149999999760  -989.180517081066569       1365.531149999999798
7N0R.pdb  no        -14051.190168913604793  8152.046320000005835   -14274.623651467640229  7640.442510000001676   0.095027059414451  -1108.187439691514101  774.664989999999989   -1209.468364463294392      620.278919999999971
6QSR.pdb  no        -14034.022864334250698  9316.769199999998818   -14250.595026607741602  8976.835890000000290   0.144133625205613  -1067.321202040804110  1342.859720000000152  -1159.038697001640458      1106.057639999999992
4BMP.pdb  no        -14018.660139839197655  11721.714400000006208  -14942.738095331838849  10311.111770000008619  0.075394196603186  257.021169870137385    883.749239999999531   -124.503312016036688       410.440060000000074
7NY8.pdb  no        -14010.897033981411369  8423.984469999992143   -14168.955789938097951  8027.958989999995538   0.097460116756364  -951.868410995494969   821.002510000000143   -1045.403155163176280      720.120689999999968
1PVH.pdb  no        -13999.620166449039971  11356.045520000019678  -14379.477846088093429  10617.191930000011780  0.059741298042983  -397.259446850811116   678.424899999999980   -455.211252212590296       637.294200000000046
4P4S.pdb  no        -13997.574630043514844  17772.764889999962179  -15963.103345579471352  13146.738270000016200  0.070188909138268  -79.674231364309094    1247.450980000000527  -401.836163447938191       602.051980000000071
6Y4L.pdb  no        -13982.174429811311711  11460.830169999984719  -14506.408193036706507  10384.165069999999105  0.093111445172039  -753.850915505645389   1067.134459999999990  -889.790179302232787       901.362510000000157
5F4E.pdb  no        -13977.731146380972859  12857.447849999989558  -14691.671910993225538  12387.772320000003674  0.070392019517310  -217.313965330852284   905.061719999999923   -415.766431502393971       652.927350000000047
2B3T.pdb  no        -13942.642944578359675  16776.261429999991378  -15472.018504643079723  14754.089919999993072  0.101443569957529  -228.863626626669685   1701.843850000000657  -677.053882601514829       784.940600000000359
1USU.pdb  no        -13933.614209460945858  11461.404800000002069  -14782.447325117698711  10488.680889999992360  0.060527891833992  272.489856191835827    693.734669999999937   -24.040640859384915        46.157400000000003
1SPP.pdb  no        -13917.475657946923093  8045.245010000005095   -14096.117304630013678  7817.917129999998906   0.091270150143010  -1133.513046340158780  734.290719999999965   -1192.440002407977545      671.332810000000109
3PSE.pdb  no        -13909.652331129276718  9465.865509999992355   -14198.331075085905468  9176.388239999996586   0.105075868545696  -658.315218500975902   994.634040000000141   -774.757780074122934       920.379670000000147
3AB3.pdb  no        -13906.719407839096675  14585.808130000008532  -15292.615919614956510  12553.791070000013860  0.105069429567493  -15.375572243255121    1532.522539999999935  -525.127268043859772       776.323949999999968
5OEC.pdb  no        -13902.922819251873079  11105.127189999977418  -14393.436877610289230  10298.465439999998125  0.133898291713308  -1201.990864293546110  1486.957560000000967  -1439.389062590577623      1003.635849999999891
6OAO.pdb  no        -13891.713076978676327  15542.792210000015984  -14948.379092471803233  13749.252579999989393  0.069708245813318  -247.521208902606162   1083.460780000000341  -525.867750031360742       824.890039999999885
4C0A.pdb  no        -13879.466638744155716  15896.595269999992524  -15099.470979932790215  14009.629040000007080  0.092409974277467  371.195261766069734    1469.003959999999552  -277.224670255637534       738.028030000000285
3MXN.pdb  no        -13872.530654082856927  8730.778629999987970   -14274.893684572947677  8150.873690000003080   0.153423359675768  -1433.474411718014608  1339.505390000000034  -1555.867029134040195      1122.771649999999681
5JEN.pdb  no        -13871.720519407688698  10576.034129999983634  -14503.276282343160346  9822.181880000003730   0.130990951142099  -1561.159586497820783  1385.364770000000362  -1663.859194555600425      1274.726020000000290
3OG6.pdb  no        -13853.828934029052107  10388.697369999990769  -14521.383731708589039  9567.818380000007892   0.071425980907171  -384.432422134321655   742.022900000000050   -622.478313556658918       604.149250000000166
4FHB.pdb  no        -13842.476967785132729  9184.270830000008573   -14040.221581234967744  9023.816239999994650   0.063979143350240  -413.042118838842669   587.601780000000076   -445.843870444823210       515.317709999999920
5C2U.pdb  no        -13839.667478517356358  7674.605880000006437   -14111.130401125350545  7449.130560000003243   0.140759396233647  -1262.047423776263940  1080.272889999999506  -1393.310554831808076      961.384459999999990
1GO3.pdb  no        -13838.676317192206625  8691.957740000001650   -14234.086802152825840  7976.796030000004066   0.223532583581107  -2468.239484312266995  1942.935769999999820  -2686.000717209124559      1631.009910000000446
2D74.pdb  no        -13837.768036163304714  18005.712169999984326  -15143.824599746167223  15895.987779999999475  0.078475535244547  -889.194449290838406   1413.007899999999836  -1129.530011769239309      1123.240539999999783
3V96.pdb  no        -13829.566820840123910  10372.273070000012012  -14190.513372939391047  10123.383980000002339  0.117223133424504  -682.612306073433842   1215.870349999999462  -963.165463413979978       842.436869999999999
1UDI.pdb  no        -13824.912449806370205  9730.038219999996727   -14072.240658409777097  9187.672899999990477   0.100864167006325  -686.642293747570193   981.412200000000212   -755.314123450692023       825.585719999999924
1YCS.pdb  no        -13792.207568769910722  12157.401150000006965  -14262.818302182398838  11203.982190000007904  0.059773192562623  -316.336055171988164   726.686679999999797   -475.666447096311401       514.193309999999997
2ZNX.pdb  no        -13778.852076655781275  11445.623059999996258  -14213.745427641128117  10935.761259999990216  0.075826483665451  -488.280154302756102   867.881350000000339   -585.275404864621464       528.269819999999982
3ZHP.pdb  no        -13770.185386481951355  15425.053060000003825  -15302.465322854897749  13415.272489999999380  0.041011215166608  14.865625959700496     632.600170000000048   -201.528620301702176       340.027480000000025
6GHO.pdb  no        -13753.591046392270073  11744.416199999992386  -14506.633512681735738  10874.700319999998101  0.132200593333877  -294.532135847925758   1552.618790000000217  -620.066575972541500       1206.804889999999887
3MA2.pdb  no        -13752.106223897488235  9215.780640000000858   -14092.678768872745422  9027.463850000005550   0.087325397753825  -738.578590658480380   804.771709999999985   -879.699956297927656       674.013809999999921
4NBX.pdb  no        -13747.907028408970291  8560.921530000005077   -13881.213524311529909  8381.269999999996799   0.077208675220739  -359.211394065798913   660.977409999999850   -470.230405693815953       575.112739999999917
4U5Y.pdb  no        -13736.814276761670044  8598.613049999996292   -13961.303752723646539  8458.955590000003212   0.107845611217498  -883.543601423006180   927.322680000000105   -899.976100270764391       920.129080000000158
1MFA.pdb  no        -13729.079600386254242  7772.755289999996421   -13947.578947883363071  7658.095889999995961   0.111130259190239  -1031.585928949865320  863.788309999999797   -1115.708820461693904      805.734710000000064
3SQB.pdb  no        -13728.734604969493375  11557.151609999986249  -14283.572587811566336  10794.282740000006015  0.147087696637044  -1489.181171879044314  1699.914809999998852  -1850.845583624971141      1402.156629999999723
3LB6.pdb  no        -13723.111247588969491  11958.667829999980313  -14184.510707404953791  11355.384110000009969  0.072622862541705  -921.245100537531812   868.472689999999943   -1041.182206044519489      812.179190000000176
5VXL.pdb  no        -13716.342418027863459  10578.073020000001634  -14101.512675108875555  10077.432419999995545  0.061008132462296  -358.291630010295307   645.348480000000109   -583.005189562027113       473.113990000000001
4QJF.pdb  no        -13699.776325048336730  9955.841889999999694   -14184.493827805568799  9283.624030000006314   0.230860394871136  -1651.714312151896593  2298.409590000000662  -2189.805155984056455      1666.432540000000472
5CM8.pdb  no        -13685.350836917170454  16962.748279999981605  -15485.137727274952340  14473.495610000005399  0.098149089553076  -674.634175310677847   1664.878300000000309  -1074.842894807703487      1209.756439999999884
3TG1.pdb  no        -13640.229766860837117  13673.627869999980248  -14578.379101914495550  11920.251310000003286  0.066919639666923  -209.631294967624456   915.034250000000270   -420.086652600318814       602.932789999999954
6BZG.pdb  no        -13632.652666033829519  11728.538710000011633  -14590.051465107375407  10872.106969999993453  0.225681429327865  -1419.855575485817553  2646.913380000000416  -1866.661109225678501      1885.238029999999526
6WQX.pdb  no        -13624.304354655030693  11759.178399999989779  -14420.949824559320405  10866.356820000004518  0.117752087169627  -1371.484375177431957  1384.667799999999261  -1503.720482099431592      1143.223860000000059
5O2S.pdb  no        -13602.290728858270086  9442.945870000025025   -13910.753498311727526  8622.324260000010327   0.100466030734538  -721.749370765476669   948.695290000000227   -877.282856334761277       797.887510000000248
4NC2.pdb  no        -13589.747128163213347  7679.964789999998175   -13786.627615326424348  7566.334759999998823   0.102883691736300  -1171.549036179852692  790.143130000000042   -1218.755946751085503      657.341640000000098
4DKA.pdb  no        -13570.030185538404112  7575.460010000003422   -13647.711578192853267  6942.248489999998128   0.109003894009071  -1081.207200211307963  825.754639999999881   -1121.778540109179858      799.152100000000019
6IF3.pdb  no        -13568.610598974200911  9555.717660000000251   -14021.463157464007963  8536.741400000004433   0.094466117786071  -806.986899769183765   902.691549999999779   -873.777786399671868       797.634369999999990
4BVX.pdb  no        -13564.830184253338302  10175.360630000010133  -14410.123364113120260  9554.983630000000630   0.117847167643826  -461.311081179993607   1199.137429999999995  -774.872244323660311       824.573909999999955
6IYB.pdb  no        -13560.463363090826533  8824.802789999996094   -13981.323536591196898  8443.418790000001536   0.074580277391105  -460.277743029334886   658.156239999999798   -569.647256357087144       560.642119999999977
6M3Q.pdb  no        -13547.617324390641443  20221.079620000025898  -15739.390960079485012  16660.307899999992514  0.046557834086605  282.416482294998445    941.449670000000197   -20.843741186814427        161.392120000000006
3CKI.pdb  no        -13544.872080593746432  12146.144649999987450  -14602.997366838017115  10863.182469999992463  0.087772412623128  -602.628364588142858   1066.096420000000307  -962.181332653505365       787.242400000000316
1KI1.pdb  no        -13530.761957932641963  14315.038120000004710  -14969.168398742036516  12606.697209999992992  0.090693410601969  -946.742211845703537   1298.279629999999770  -1121.966332517306228      1146.132380000000012
7R98.pdb  no        -13522.603269396127871  8179.118099999994229   -13745.052446278572461  7809.771999999995387   0.074476662710128  -689.002092474560072   609.153419999999983   -745.205403740572251       549.161879999999996
3Q9N.pdb  no        -13522.592887179778700  8286.762459999996281   -14056.047560736196829  7675.885249999987536   0.094665138983603  -500.499456750105423   784.467520000000150   -819.241613418201041       544.982409999999959
5BW0.pdb  no        -13489.371510150218455  8062.222049999999399   -13767.111887043785828  7635.369160000002012   0.098857870083099  -467.874637265541878   797.014100000000099   -639.978945204809634       529.873990000000049
4I0C.pdb  no        -13473.006301387667918  7936.699110000004111   -13626.749763059689940  7808.107380000000376   0.081251122294341  -769.376254143683809   644.865709999999922   -802.128682475084929       617.696060000000216
1KFU.pdb  no        -13470.444025116690682  27964.129590000073222  -17701.732932000864821  21884.526670000028389  0.105876278411281  -3.973749620167383     2960.737970000000132  -997.852638591258710       1695.346999999999753
3ENH.pdb  no        -13469.021538193188462  19674.891849999999977  -15958.790933633377790  16644.498929999994289  0.033439314686754  -97.871838439339896    657.914900000000216   -244.230754738264778       530.081490000000031
4TXO.pdb  no        -13456.831970237915812  10204.531320000000051  -14088.842589578976913  9313.319540000002235   0.074727059586309  -41.517137163796917    762.554620000000000   -296.154441917078657       335.638589999999965
1HE1.pdb  no        -13452.906794788761545  8521.289000000006126   -13700.093677531796857  8088.212709999997060   0.123416012530499  -542.220788001506094   1051.663510000000088  -790.213898732167422       826.062180000000012
4ILW.pdb  no        -13449.841859022240897  11035.931610000003275  -14193.466192400006548  10521.023329999999987  0.113389203034396  -396.633071393748878   1251.355489999999918  -951.367016247203651       679.465310000000045
2Z35.pdb  no        -13439.584556181931475  8129.903980000001866   -13634.496821310596715  7804.656060000000252   0.100590778441150  -938.242637530549018   817.793369999999982   -1054.683042698286044      702.668160000000285
6W3H.pdb  no        -13436.301593932996184  11188.556089999994583  -13866.800353305834506  10108.939750000005006  0.048639784760645  -275.813063459996215   544.208959999999934   -305.083369694543933       391.222260000000006
5JJD.pdb  no        -13426.811875334802608  10335.769229999992604  -13989.333627206835445  9506.709680000003573   0.058170966922798  -166.782891072455385   601.241690000000062   -371.971898059415366       468.106840000000034
5HPY.pdb  no        -13361.347075612342451  10528.265209999992294  -14014.813062770881515  9371.261620000004768   0.107248573955709  -254.703248181814331   1129.141430000000355  -588.734978088630442       815.290919999999915
1JTT.pdb  no        -13361.073879539237169  8036.015829999997550   -13543.204972574358180  7896.451989999999569   0.091786527752522  -904.141314195884888   737.597989999999982   -1021.990044059976981      670.698839999999905
4CVN.pdb  no        -13343.084389214180192  8545.313209999996616   -13891.447197521654743  8116.119510000003174   0.199051675251585  -1411.414686263499789  1700.958909999999605  -1602.219325242785317      1461.527830000000222
3ZO5.pdb  no        -13320.824022527402121  9669.871559999995952   -13776.014975726231569  8680.407839999996213   0.116923356529050  -563.114426427397348   1130.633839999999964  -828.594899046128603       710.505689999999731
1NW9.pdb  no        -13311.002522769664211  10024.484820000005129  -13867.688279116273407  9479.338199999991048   0.103805331514283  -625.727439563423104   1040.594970000000103  -931.521534557645282       734.295369999999821
7NFT.pdb  no        -13309.650772646804398  9620.321059999996578   -13760.563605628794903  8933.251879999999801   0.057604254218102  -370.268329337218347   554.171420000000012   -467.597769015533174       498.152860000000089
6DEX.pdb  no        -13302.347732562655438  9889.786099999999351   -13715.773171431063020  9286.744009999991249   0.147367387450372  -1290.227221022447338  1457.431939999999486  -1444.183144198917489      1241.636500000000524
3G3A.pdb  no        -13282.484147614881294  9111.531769999999597   -13486.763219695190855  8863.058650000015405   0.088817241757804  -745.053792239578229   809.261120000000460   -841.382668767054042       649.715190000000007
4NRH.pdb  no        -13265.315488370712046  11004.112240000004022  -13960.774045307121924  10275.131980000000112  0.086262258989826  -707.094773754161452   949.239580000000160   -798.265217914214873       764.706810000000132
7DG5.pdb  no        -13237.818203685290428  10798.716650000000300  -13868.431940049240438  10281.468079999995098  0.142325069710946  -1139.592411708917098  1536.928100000000313  -1443.187663843780001      1254.743480000000091
3TNF.pdb  no        -13191.175625267651412  14408.279140000002371  -14708.910264099245978  12819.901559999998426  0.109372844229890  52.559298998437143     1575.874469999999974  -767.330708453662851       860.105899999999792
7KFK.pdb  no        -13189.421835491284583  9625.148079999989932   -13750.775199170122505  8623.795910000000731   0.096661265080506  -940.853163822740953   930.378990000000044   -1018.686057985286084      763.433280000000082
4QTT.pdb  no        -13187.396161575195947  9095.280230000005758   -13542.216766463123349  8782.909130000003643   0.129426121046520  -1544.596727783742381  1177.166840000000320  -1660.941058634510910      989.847000000000321
1AUT.pdb  no        -13176.846115748536249  10727.112069999991945  -13869.164878645029603  10018.702400000009220  0.079153066031126  -581.629363480133975   849.083809999999630   -731.989946806258558       787.701069999999959
7DYM.pdb  no        -13159.720479258825435  12691.222749999993539  -14379.383801121726719  11611.501240000008693  0.086564351728836  152.546239707657406    1098.607470000000149  -354.832693802713266       644.457520000000045
4I1O.pdb  no        -13136.867780031248913  12674.531340000008640  -13776.229064126206140  11675.859339999999065  0.088874781227216  -201.231378265107992   1126.446199999999635  -476.534838724073950       880.364579999999705
2OZN.pdb  no        -13110.377105869412844  7878.145179999998618   -13296.691958599443751  7524.007790000002387   0.105036296119641  -1334.620759961806243  827.491190000000188   -1397.388740812637934      719.782289999999875
5C2J.pdb  no        -13096.579764395384700  11139.538710000009814  -13817.326789005826868  10173.687729999990552  0.104930990450322  -307.859683707352644   1168.882829999999558  -550.136486711009070       983.270510000000172
2F2C.pdb  no        -13087.354564326806212  15779.400919999983671  -14458.416068835958868  12759.351349999991726  0.130562359144367  -1001.902297965451339  2060.195809999999710  -1190.624232231697988      1373.058150000000296
2YC2.pdb  no        -13087.042746884779262  9131.839030000010098   -13464.919097862730268  8849.614919999999984   0.115153751237334  -832.749130771109094   1051.565519999999424  -1020.674341213970820      960.806000000000040
2JKI.pdb  no        -13074.261362018592990  9423.517359999998007   -13606.788137064224429  8755.443939999997383   0.061186455966798  -474.720765197316837   576.591630000000009   -559.342783593356899       445.337739999999997
6YXW.pdb  no        -13065.148277443122424  8079.377110000001267   -13213.493068332032635  7823.582989999999882   0.097446087647715  -953.111348561021373   787.303689999999733   -1016.082594700288496      654.080339999999865
3AQB.pdb  no        -13057.303939680425174  12546.090870000003633  -14219.138536491918785  11575.782149999995454  0.149628135126045  -1714.831322612781833  1877.248180000000502  -1930.847156849897829      1651.049520000000030
5EW5.pdb  no        -13050.819299156979469  14544.372739999997066  -14178.156225624647050  11452.164630000001125  0.062827572308216  -633.312962826038415   913.787630000000263   -833.376013251529116       648.235730000000103
6ONB.pdb  no        -13042.155539475978003  7511.875350000002982   -13420.168444810795336  6955.023020000002361   0.125431297259212  -841.386159414410940   942.224269999999819   -1088.992295629123419      744.047839999999837
6NRQ.pdb  no        -13024.979565438401551  7537.702829999998357   -13238.941378165605784  7366.931789999998728   0.119439071863755  -1306.178407151503279  900.296230000000264   -1319.858975621810714      796.875620000000140
43C9.pdb  no        -13019.772041019054086  7777.917559999999867   -13119.859247555274123  7721.502110000002176   0.100130774592576  -639.046455875700190   778.808909999999969   -740.760005753198584       603.651430000000005
6JB2.pdb  no        -13014.847904982074397  8084.565080000013040   -13086.140398872483274  8059.428690000011557   0.084804746231321  -394.509377761884537   685.609489999999937   -555.895415359940444       459.616089999999929
5MAW.pdb  no        -13014.648744499891109  8760.020460000007006   -13413.969387156243101  7985.071859999999106   0.277767348958909  -2649.975422246508060  2433.247660000000451  -2958.040719576003539      2088.781799999999748
3AXJ.pdb  no        -12982.485783754898875  11100.607360000014523  -13760.474983750649699  9806.012019999991026   0.176440560996475  -1583.818666242781546  1958.597389999999450  -1855.395709456209261      1662.268559999999979
4POU.pdb  no        -12977.843476948017269  7807.864549999998417   -13133.068410175479585  7411.567990000001373   0.082827438393511  -858.748795582364437   646.705420000000004   -900.613815312660790       585.326429999999959
2X0G.pdb  no        -12973.895878250234091  13186.070810000002894  -14312.554896307450690  11813.643069999981890  0.138525765280643  192.461019034298005    1826.610549999999648  -780.118816141967272       480.898510000000158
1ZC3.pdb  no        -12971.097333244626498  8820.093819999996413   -13404.258500086130880  8368.507919999990918   0.100603373173643  -501.337758771499125   887.331189999999992   -675.136247728807007       613.590209999999956
1SB2.pdb  no        -12969.239411639011450  8762.384540000013658   -13169.921398981306993  8608.550590000009834   0.189816577029613  -2206.755848746530773  1663.245839999999816  -2273.139546605129453      1617.859220000000278
4ZQK.pdb  no        -12931.389116307795121  7289.156019999991258   -13232.190973907469015  6906.475659999996424   0.107798202952994  -860.279320551487785   785.757920000000013   -998.836880091979197       583.497180000000071
4RZC.pdb  no        -12918.620790861148635  7849.779029999997874   -13117.874624957141350  7527.059710000004088   0.121044763982356  -1345.997010079371421  950.174650000000042   -1361.913148832024035      946.391889999999989
7KM5.pdb  no        -12900.512067673293132  10257.221659999999247  -13591.576970269623416  9347.329909999991287   0.083640178445749  -276.802006880036117   857.915849999999978   -578.192046048873067       488.971009999999865
7V84.pdb  no        -12893.110009348494714  23575.697960000026796  -15511.023860598494139  20083.128759999995964  0.034431836604680  -171.455666135266085   811.754580000000033   -480.227147399500609       473.042030000000011
1GZS.pdb  no        -12876.429683392298102  9152.267650000012509   -13402.639395242895262  7992.356650000003356   0.155688837399767  -1372.466163754047557  1424.905909999999949  -1583.645704698952159      1274.704389999999876
5N48.pdb  no        -12876.373605054870495  9097.091270000006261   -13630.866517049676986  8121.362000000001899   0.115386031517742  -316.072496240741202   1049.677259999999933  -701.725905720582318       748.487620000000106
6GUM.pdb  no        -12874.894713633142601  7989.313490000005913   -13113.953332778424738  7506.996259999996255   0.109515796456749  -773.502004830715123   874.956029999999942   -890.738272448465864       760.896050000000059
6LBU.pdb  no        -12853.517191347831613  10025.170209999998406  -13647.189699694470619  9209.141400000005888   0.087400770425423  -812.092116374647048   876.207600000000070   -1003.018875512227737      695.270520000000261
3GQI.pdb  no        -12845.588915478845593  15415.716740000001664  -14665.521412149799289  12811.862759999999980  0.058480607499798  481.275456310268510    901.520479999999907   -111.084674990197499       241.939510000000013
6NRW.pdb  no        -12825.851676352416689  7485.354720000007546   -13028.709289463657115  7339.881330000001071   0.115981401346334  -1093.014625841558882  868.161929999999870   -1146.942343721741736      802.576340000000073
6F4J.pdb  no        -12762.190429827560365  8767.000050000007832   -13433.674292823452561  8171.135010000007242   0.097290187650906  -250.136272168821648   852.943080000000236   -591.017360840246852       471.972520000000031
3T6G.pdb  no        -12757.160520753133824  10959.314930000007735  -13392.654592707696793  10297.156620000001567  0.107226505261128  -450.086415413349926   1175.129039999999804  -725.506769618610520       699.202349999999797
7DDX.pdb  no        -12755.437805079336613  12711.919159999988551  -13284.477454900816156  11553.025049999987459  0.068136392239297  -253.925632797784004   866.144310000000132   -506.968670540566166       507.069880000000012
4ZQU.pdb  no        -12745.234277847415797  8888.114769999987402   -12974.275333328969282  8427.430159999996249   0.126178424673965  -1226.424451971665349  1121.488319999999931  -1275.819027990317636      902.302790000000073
2PMI.pdb  no        -12737.054330092969394  14756.335260000001654  -14110.734886585021741  12633.473410000015065  0.090653952111413  -706.818668113442868   1337.720109999999977  -900.451748076933427       1081.932170000000042
4XD9.pdb  no        -12715.680415207012629  10365.256029999995008  -13189.962658384582028  9420.744859999991604   0.262287846255931  -2482.477540860895260  2718.680679999999029  -2615.603371880107261      2616.224390000002131
1IAR.pdb  no        -12711.959828020244458  10069.074890000010782  -13194.226829839000857  9297.463340000007520   0.077662088974690  -644.461959149214636   781.985389999999938   -755.648669691126884       578.128330000000005
3Q87.pdb  no        -12694.106707605395059  9356.292079999990165   -13244.819952225976522  8598.001479999998992   0.106242523373640  -1405.336051244210466  994.036079999999856   -1527.318729218313138      934.730950000000348
5DI3.pdb  no        -12684.898600842292581  10864.986560000003010  -13832.963787132905054  9267.337079999999332   0.088310120284217  26.938104373097236     959.488269999999829   -519.019849319115792       449.934800000000166
4GED.pdb  no        -12679.404923901045549  10865.190659999989293  -13137.333468220562281  10428.010659999990821  0.053506698427324  103.941454516788966    581.360479999999825   -78.665033541948105        446.626380000000097
3ETB.pdb  no        -12659.041819199404927  12644.651070000014442  -13191.532507912610527  12305.714459999984683  0.066211839722992  -454.270611941258380   837.225610000000074   -551.751882698933287       769.937049999999886
2JJS.pdb  no        -12640.392724970974086  7822.431080000000293   -12905.477198816135569  7413.837979999998424   0.115277743041489  -591.973167283001430   901.752200000000244   -746.092188564929188       743.613660000000323
7LKQ.pdb  no        -12632.108020789570219  10217.966500000000451  -13440.360462248607291  9517.588860000012573   0.073203968715302  -149.342806617303125   747.995700000000170   -422.707739973985099       483.569240000000093
1XFP.pdb  no        -12611.352016565673694  7891.093979999995099   -12884.383362863947696  7445.643889999994826   0.089471766752422  -637.783722403109095   706.030119999999897   -812.786348201878695       619.408279999999991
3S9D.pdb  no        -12599.983801942462378  9475.694679999993241   -13119.569908103678245  9133.320330000002286   0.094729655219326  -503.650759726364015   897.629290000000196   -707.562348795391017       726.037260000000060
5V52.pdb  no        -12596.381082376445192  7933.187999999994645   -12911.874429207964567  7704.107869999996183   0.100857592181101  -829.312416173783390   800.122239999999806   -994.921084753844525       709.857220000000098
2NXN.pdb  no        -12576.926260874541185  11832.340269999987868  -13318.900257762728870  8891.458009999994829   0.133222250546383  -194.775339167329633   1576.330999999999904  -555.617542586576292       907.922080000000051
6S9J.pdb  no        -12566.986338584472833  9980.839530000001105   -13498.912143969209865  8632.020869999996648   0.099769306680758  -673.861535297552791   995.781439999999975   -823.420536939488215       841.334399999999960
2H7V.pdb  no        -12555.626835737482907  11003.082000000009430  -13476.766296787151077  9668.069399999998495   0.069715299767829  -495.664690879683235   767.083160000000134   -629.130447301269101       581.183349999999905
4BK5.pdb  no        -12543.722995744934451  21857.208270000035554  -14599.432735113352464  18900.556610000006913  0.036196434614474  679.561739297932263    791.153009999999995   -88.234296470752383        207.138030000000015
2Q1Z.pdb  no        -12528.107627968174711  10253.208470000005036  -13113.845072858941421  9237.769289999996545   0.273900082907414  -2848.934054899116290  2808.354650000000674  -3057.315218029597418      2512.587259999999333
4KHB.pdb  no        -12525.233401732632046  9667.497659999993630   -13296.829496950960674  8482.093580000017027   0.216138411767663  -2470.902390814866067  2089.517589999998563  -2727.461261580891914      1740.131800000000112
1E50.pdb  no        -12518.773622092938240  8334.924110000010842   -12769.856119653870337  7623.149870000000192   0.132930923590617  -936.732065119583126   1107.969160000000102  -1042.879057925429834      880.456209999999942
4IP3.pdb  no        -12499.753389646817595  9907.172039999992194   -12989.129185300271274  9419.836029999991297   0.098591849021732  -1009.326909805179866  976.766410000000064   -1077.893396539363948      904.743669999999952
4JOI.pdb  no        -12452.657715706738600  8077.177350000005390   -12941.834808127210636  7537.818720000000212   0.141247584467116  -1146.270092840058624  1140.881789999999683  -1322.623090399883040      1034.542179999999689
2WUS.pdb  no        -12451.295196183489679  12292.225340000013603  -13466.043787184546090  10905.531770000014149  0.045590605809704  -192.671422482733078   560.410000000000196   -394.576440307634584       403.182759999999917
2BKK.pdb  no        -12451.152671881085553  11588.366110000017215  -13490.196598660268137  10074.359669999990729  0.076327621306055  -1025.257511554251550  884.512420000000247   -1136.344304835322419      815.267899999999827
1Z5Y.pdb  no        -12441.958253554688781  7987.211540000001150   -12870.589059014211671  7300.882580000002235   0.083692309468994  -614.585686913869154   668.468179999999961   -817.573100124144844       530.547940000000153
6N4N.pdb  no        -12421.662291021122655  10505.321359999992637  -13607.777161022035216  9168.524729999999181   0.054224911402425  673.207060179242262    569.650120000000129   -6.563510974123280         71.124669999999995
4ZIR.pdb  no        -12376.781490959243456  15694.021040000003268  -13953.233891433950703  12399.981819999999061  0.104051380830824  -2.647770793659483     1632.984560000000329  -464.585785737530273       1114.320870000000468
1GKA.pdb  no        -12373.190356017234080  11773.425549999994473  -13337.588424381852747  10089.453269999994518  0.070481820815523  551.787781562156624    829.812469999999621   7.545407156035235          70.701390000000004
3TKL.pdb  no        -12369.932982723768873  9823.755479999999807   -12936.662134298770980  9053.532810000006066   0.108753697318207  -415.896625400952189   1068.369730000000118  -632.523844321030197       843.430880000000116
5HJP.pdb  no        -12360.183686464473794  13261.676199999999881  -13847.877033572216533  11839.852270000004864  0.067918372188879  -448.891706934958563   900.711459999999875   -779.243782049089759       686.026289999999904
6THL.pdb  no        -12357.162138661984500  12378.833190000006653  -13861.496015579681625  10665.318290000001070  0.060092586965379  -143.602507140879112   743.876110000000040   -319.185662898287205       532.554939999999988
4C6T.pdb  no        -12355.571198000399818  8693.105180000011387   -12849.929318904614775  7499.264060000003155   0.078447446094285  -202.083524352395216   681.951899999999796   -417.517319828398911       306.335130000000049
6SJ5.pdb  no        -12344.288503970639795  7780.859139999999570   -12678.781556799680402  7598.532939999999144   0.103082763171574  -702.805555125315209   802.072459999999978   -834.175740989613246       615.346270000000004
6XI7.pdb  no        -12342.314973306283719  9529.274950000009994   -12736.236604715686553  9146.166029999991224   0.125845533505149  -907.208981285957975   1199.216689999999971  -1133.529835559644653      912.999299999999721
1JMA.pdb  no        -12337.804909424998186  11195.886510000011185  -12824.090534100136210  10794.211150000004636  0.069684655994249  -331.867871633064794   780.181499999999915   -516.435600491238233       584.864840000000072
4GN4.pdb  no        -12332.107670924802733  7540.787079999998241   -12444.923006497187089  7029.341290000002118   0.121650177928111  -873.892546732236838   917.338089999999738   -965.075533908367447       804.814819999999827
2C5L.pdb  no        -12317.162808943872733  8416.667429999994056   -12597.858713380266636  8105.472929999998996   0.069936043558276  -338.489851904855584   588.628420000000006   -554.505324905083739       363.062190000000044
5M94.pdb  no        -12314.839790558371533  14412.860629999977391  -13243.974003396388071  13231.980379999999059  0.053691910986029  -426.006392365343345   773.854030000000307   -675.509587405238790       501.406920000000014
4P4Q.pdb  no        -12309.085939633087037  11796.595369999991817  -12937.317421657709929  10465.342279999988023  0.048045039456160  404.992786698254349    566.767890000000079   0.241252529759175          19.058499999999999
4HLQ.pdb  no        -12296.731330204735059  13453.951880000005985  -13272.055933852338057  11112.279359999996814  0.089703053850970  43.993428624149935     1206.860569999999825  -303.552560436429303       864.165339999999901
1XQS.pdb  no        -12284.942641393301528  11683.710979999990741  -12742.700088700748893  10861.226880000005622  0.100068821627082  -120.369998170513725   1169.175189999999475  -397.083399841650021       539.126899999999978
4EDA.pdb  no        -12276.574632533096519  14528.203249999993204  -13191.770420709422979  12901.106669999982842  0.128065352472268  236.199344022901812    1860.559469999998555  -202.449993017550980       1106.565960000000132
2ZHX.pdb  no        -12236.784819036996851  9521.115029999995386   -12616.343225951679415  8710.166259999985414   0.112626696203249  -745.694614992850006   1072.331729999999880  -910.181486157399604       910.010059999999953
7LC1.pdb  no        -12228.651917933084405  11856.716009999998278  -13386.344277599064299  10495.898259999996299  0.086947700284845  -176.330069416719823   1030.914190000000190  -520.762787105602911       671.077769999999987
5O2T.pdb  no        -12224.990192726245368  8984.156620000005205   -12739.504523513769527  8109.616659999998774   0.096499545440916  -70.337928589490346    866.967030000000022   -312.445192007258811       488.224789999999928
2I25.pdb  no        -12217.377985154600537  7482.865219999999681   -12356.483113515700097  7132.123750000000655   0.092234339348424  -973.143986617301834   690.177130000000261   -1113.469823135837260      547.635160000000042
1N0L.pdb  no        -12198.647181799160535  11719.713070000007065  -12954.970394916661462  10763.085910000007061  0.130264662699630  -798.233036069612467   1526.664470000000165  -1217.942810489349313      1150.803209999999808
5EB1.pdb  no        -12190.331663418270182  8047.834080000001450   -12907.101045275889192  7343.157970000000205   0.194219139517846  -1382.565768090838674  1563.043409999999767  -1586.174867828021434      1320.303780000000415
6U07.pdb  no        -12189.063365608944878  7049.984129999997094   -12462.525478721903710  6697.306949999998324   0.188500943476592  -1932.855594819312728  1328.928660000000264  -2031.396754265554137      1228.761289999999917
4LLO.pdb  no        -12174.740240679373528  8898.275440000003073   -12596.590976600191425  8447.500309999995807   0.079466252170769  -222.553101982534230   707.112600000000157   -391.545359788738779       566.220559999999978
2FU5.pdb  no        -12148.012438182775441  8779.714119999993272   -12793.207549511058460  8225.676509999993868   0.124909838180471  -1211.546969640583256  1096.672669999999698  -1390.659042050261178      948.200259999999957
4KML.pdb  no        -12134.090885121131578  7174.080629999989469   -12289.623147243926724  7062.556520000002820   0.085872541970580  -531.178581507474291   616.056540000000041   -633.748652836792076       525.030909999999949
1F45.pdb  no        -12117.977466977381482  13226.639690000016344  -13163.085753039269548  11791.736839999990480  0.072142709891873  -931.769276687107435   954.205629999999701   -1045.628067157630767      875.407719999999927
3KF8.pdb  no        -12117.820921311071288  10271.337060000005295  -12457.091363545303466  9682.683100000007471   0.103257354305925  6.239294959016686      1060.591090000000349  -271.927590986032840       619.570709999999849
6UMT.pdb  no        -12110.776753216048746  7076.611279999998260   -12327.950854250664634  6864.736350000001949   0.128243285393514  -1167.440707358344071  907.527879999999868   -1342.399525647292194      744.101270000000000
7JW7.pdb  no        -12107.582435211264965  10944.230559999985417  -12853.239772466895374  9762.842980000001262   0.070099496332248  -400.321071670380547   767.185049999999933   -550.660833195090845       698.434660000000008
1KJ1.pdb  no        -12100.791040508876904  7297.845330000000104   -12252.863950367383950  7243.250909999999749   0.216000268397028  -2097.366295384784280  1576.336550000000216  -2226.988330811477681      1416.740589999999202
5D5N.pdb  no        -12061.083557593414298  11740.438309999995909  -13578.843212197971297  9920.227349999999205   0.150539952881878  -685.945781301721240   1767.405030000000124  -979.862453786977198       1131.642179999999598
3DI2.pdb  no        -12045.863140875699173  9508.161519999994198   -12492.655098000735961  8835.235719999996945   0.076795152087404  -134.068459985748348   730.180710000000204   -307.462339073930252       485.717420000000175
7V8B.pdb  no        -12040.104200317029608  23441.000570000014704  -15040.709936601664594  18490.439150000009249  0.034225294163712  235.375155968086375    802.275139999999965   -113.531116472588195       514.668799999999919
7TE8.pdb  no        -12035.385932140194200  8380.987140000002910   -12526.562972210655062  8095.084249999996246   0.113533400553577  -382.150911344152178   951.521970000000238   -514.771019039523935       823.936670000000163
5VXM.pdb  no        -12029.375647982960800  9595.796010000003662   -12501.610028577471894  8812.058760000007169   0.062755373225155  -902.658154309609586   602.187760000000139   -936.464271990353154       507.237620000000106
7L0F.pdb  no        -12008.067726461724305  8492.402760000000853   -12236.640893513114861  8058.524629999999888   0.101363994893714  -163.703784198918356   860.823869999999829   -284.587096639664651       714.127110000000130
6WCW.pdb  no        -11999.030207832976885  12011.912820000017746  -12756.111107393418933  11352.967169999999896  0.074486885927965  254.750475133430371    894.729979999999841   -30.048701182571474        523.032669999999939
6R7T.pdb  no        -11987.131809631628130  9259.062699999993129   -12451.083522443033871  8643.536139999991065   0.124886690744626  -1006.633113666512941  1156.333699999999908  -1148.136494541674210      912.611519999999700
3A58.pdb  no        -11984.556004363330430  10461.363120000009076  -12344.458607408849275  9580.003270000001066   0.067972289255552  18.397379437408112     711.082800000000248   -200.519275256866194       410.345280000000002
5N5P.pdb  no        -11975.233641127651936  7124.473739999998543   -12127.309982637960275  7007.914700000001176   0.108834289843280  -1134.740593513393151  775.387040000000297   -1177.054853654214867      739.268019999999979
7E40.pdb  no        -11957.633534727798178  10158.722849999987375  -12483.323805945503409  9513.948980000002848   0.191350551511503  -488.372084276049122   1943.877220000000307  -931.596001238401300       1597.854910000000245
3TGX.pdb  no        -11945.871045070543914  10582.493640000000596  -12510.234409995087844  10158.430919999997059  0.093234751993671  -315.246451437544351   986.656169999999975   -530.469017032269676       620.406340000000000
3PCR.pdb  no        -11943.686695706932369  15042.535640000010972  -13219.142502339547718  12071.893520000005083  0.039007246121439  -298.617411924005182   586.767890000000079   -389.316351599675500       479.065789999999936
2PTT.pdb  no        -11903.373656500894867  7257.460690000000795   -12125.148321886286794  6970.797580000004018   0.098261375494960  -294.510485495921330   713.128070000000207   -462.073800533985263       510.004239999999982
1F3V.pdb  no        -11897.295034892345939  9826.744169999994483   -12073.100027772368776  9407.088160000002972   0.073579380666832  -409.069215938058051   723.045749999999771   -562.614528434338013       655.444420000000036
5DOI.pdb  no        -11894.004601038739565  8607.351049999986571   -12319.035152755339368  7521.084549999994124   0.111887992531686  -907.687515357238453   963.059230000000071   -980.949989742336811       755.471670000000131
6S8U.pdb  no        -11885.124460472583451  19154.694959999993443  -13649.332329113623928  17442.720669999998790  0.052530356244316  -141.845531939704017   1006.202949999999532  -329.063469770875088       628.506880000000024
2E27.pdb  no        -11852.900926660378900  8067.536630000004152   -12092.910027502395678  7826.563439999999900   0.085607425373413  -527.759933517981494   690.641039999999862   -630.105995818534097       552.654659999999922
5CM2.pdb  no        -11848.602986015206625  9619.795440000008966   -12328.314270743152520  8791.178060000005644   0.116787048852257  -1318.476129908369103  1123.467519999999922  -1503.923246189918473      986.753319999999690
4BPX.pdb  no        -11839.924961367862124  16694.195949999982986  -13856.970028191019082  13530.545169999983045  0.047282819272287  -791.008918335852627   789.348650000000021   -897.431311776370194       572.269820000000095
4DID.pdb  no        -11832.038962525171883  8239.320500000005268   -12136.532925879468166  7840.697579999997288   0.215611360184374  -1651.700304451214151  1776.491099999999733  -1814.479791368574524      1679.644899999999325
3WOE.pdb  no        -11802.432944075297200  7616.018340000005082   -12090.666974124813350  7079.286240000002181   0.124896429805604  -1054.806039889783506  951.213500000000181   -1170.895167013373111      743.081899999999791
2Z5B.pdb  no        -11763.092946454975390  8326.635259999991831   -12776.602521183009230  7079.849970000001122   0.136821576114047  -1032.759937004561380  1139.263359999999921  -1240.107830500114233      875.795119999999997
1SQ2.pdb  no        -11749.196593028324060  7292.984259999994720   -11841.202982919397982  7171.642929999996340   0.105017499379602  -871.212371032962324   765.890970000000038   -953.419326633260766       710.900479999999902
3A1P.pdb  no        -11740.189136195716856  8083.630080000008093   -12014.084504880354871  7919.312230000000454   0.209521740015100  -1806.578368136290010  1693.696240000000444  -1878.973534524596062      1657.446459999999661
3GCG.pdb  no        -11701.822482099867557  8721.631910000018252   -12146.923800608059537  7931.538700000005520   0.159556793311173  -1113.724916307821559  1391.595620000000508  -1286.418508271217434      1200.503040000000055
1AKS.pdb  no        -11679.900277316663050  7510.002920000001723   -11832.580060572401635  7201.160650000000714   0.379864551370907  -3724.749842287924366  2852.783890000001520  -3739.991155191436064      2737.991860000000088
6FNN.pdb  no        -11677.794004992254486  7208.508009999992282   -11952.569172781841189  7020.250059999998484   0.172733738836478  -1598.161558421110612  1245.152540000000272  -1786.200255111075876      966.926980000000071
1EM8.pdb  no        -11667.031816485323361  7458.026210000001811   -11906.292613106614226  7052.253350000002683   0.091877848200804  -986.336230725981295   685.227400000000102   -1026.452984040711726      657.197899999999890
3K9M.pdb  no        -11640.063427363013034  11633.137809999996534  -12578.956333519636246  10507.932660000025862  0.103235921349409  -16.101739874276156    1200.957699999999704  -459.521990542488595       516.877920000000017
4LLD.pdb  no        -11639.755641334086249  6287.454549999998562   -11930.422133921159912  6051.464100000000144   0.141343590308736  -919.988710893069197   888.691399999999931   -1119.873329348454490      716.480549999999994
6J6X.pdb  no        -11633.144047104215133  15918.891890000004423  -13331.183232190114722  12476.442589999996926  0.086105096351653  -260.016833926368463   1370.697720000000572  -587.459037943991234       1082.019660000000385
4GBX.pdb  no        -11626.694880563463812  12181.864349999983460  -12566.247086062627204  10539.904340000000957  0.214141897746547  -990.942671804051770   2608.647549999999683  -1461.764318914285695      2037.437799999999470
6H1F.pdb  no        -11624.971613424875613  7320.353689999995368   -11834.584412590374995  7130.318319999993946   0.084605299993367  -729.262931153861359   619.340719999999919   -766.756329176206691       577.595360000000028
4N9O.pdb  no        -11580.792990088993974  7074.937890000002881   -11733.580221318719850  6528.759180000006381   0.087114294087464  -419.838463223874555   616.328220000000215   -556.240876410612145       404.574249999999950
6WG4.pdb  no        -11578.867696990600962  9411.713909999996758   -12047.592247690989097  8736.437529999997423   0.080234097340938  -941.987753836012644   755.140369999999848   -1056.605305770526002      610.994930000000181
1H32.pdb  no        -11572.101987042773544  11431.224770000004355  -12031.161997509310822  10561.475520000003598  0.106972057203281  -272.315063819500438   1222.821629999999686  -403.389926144244953       1126.069560000000365
5D6H.pdb  no        -11553.201100470425445  11339.462000000001353  -12779.027433640309027  10478.289039999983288  0.118880941617865  -235.057517860869098   1348.045919999999796  -726.479012382597602       734.965599999999768
1RKE.pdb  no        -11551.299686892465616  10828.377930000007836  -12042.868102584521694  10219.626809999992474  0.121883096298616  -934.367816194097486   1319.796229999999696  -1113.562395414880484      1044.342169999999896
4BI8.pdb  no        -11550.670523278304245  7505.046829999998408   -11920.988003231510447  7030.198369999999159   0.127964323441803  -677.771963766613339   960.378239999999892   -882.579015119358587       854.900259999999889
1ZV5.pdb  no        -11544.349592231503266  7535.844300000009753   -11750.191234442705536  7347.252650000003086   0.091453357124164  -753.000008396667226   689.178260000000137   -797.723719001276208       646.498720000000048
1RI8.pdb  no        -11507.422285566182836  7950.211469999997462   -11685.125087278182036  7565.675220000000081   0.084017420482527  -409.518655397224904   667.956260000000043   -532.958746680213380       573.420899999999961
4IC7.pdb  no        -11498.984546883473740  14124.945749999995314  -13217.505019862790505  11270.559230000004391  0.122365797404921  571.953680004884632    1728.410250000000588  -176.977522602118711       425.667950000000133
6HER.pdb  no        -11490.594798019983500  7205.137529999998151   -11612.605822035460733  6976.618669999998019   0.090932183774707  -524.076419146695343   655.178889999999910   -575.548541232888738       433.552390000000003
6IMF.pdb  no        -11485.944723695780340  9038.792730000001029   -12013.878336124895213  8367.868330000006608   0.122861550560193  -680.103127671651464   1110.520089999999527  -892.184020975909903       915.105049999999892
3V3K.pdb  no        -11469.447397316023853  12154.450779999997394  -12569.583073652762323  10399.323890000006941  0.078803857725606  -426.031715433632428   957.817610000000059   -724.204923488282930       744.760519999999929
5M4Y.pdb  no        -11454.904958508892378  9033.160170000001017   -12206.914990230021431  8005.612710000003062   0.076597872392204  -433.422001661264687   691.920850000000087   -541.538521660819583       489.458570000000122
7OK7.pdb  no        -11445.007897376073743  11036.836609999998473  -12430.186120027556171  9849.897520000007717   0.090520784650811  -706.898707779311394   999.063110000000165   -965.781269234835463       775.964879999999994
1LFD.pdb  no        -11434.481569367686461  7885.903449999996155   -11708.085053042399522  7123.734120000003713   0.073996099964932  -408.245797990015035   583.526100000000042   -542.148918054065462       353.275030000000015
4PJ2.pdb  no        -11422.693913400629754  7251.671919999997044   -11666.266370194203773  6864.187049999998635   0.107375090681157  -576.959123542816769   778.648930000000178   -745.956203255846049       571.906560000000127
4H5S.pdb  no        -11417.567036276137515  6799.848269999999502   -11691.761875936184879  6360.844140000002881   0.108655939171419  -825.759217559495482   738.843900000000076   -915.304014879952888       581.017390000000091
4ZV4.pdb  no        -11413.892303813108811  16675.995500000008178  -12806.788943730758547  14207.531360000009954  0.044695600331626  -64.989642774209983    745.343630000000417   -239.072513334903562       542.067659999999933
5OOV.pdb  no        -11395.043736408111727  8013.057560000006561   -11779.179543560261664  7549.692620000001625   0.118118934365923  -456.106390419925845   946.493820000000028   -636.677928009927427       639.204100000000039
1ZVH.pdb  no        -11386.315049934759372  7599.827020000005177   -11399.365525275190521  7594.449109999999564   0.072500288302614  -710.684038351011964   550.989649999999983   -752.464700399829894       505.437770000000000
4C4K.pdb  no        -11377.628895072994055  6528.437289999991663   -11462.852255934998539  6466.464089999998578   0.115066913662581  -859.037193044680180   751.207130000000120   -954.585495054442617       578.145749999999907
1GAQ.pdb  no        -11356.643900883358583  12714.205830000000788  -12166.141936908601565  12228.031490000006670  0.060491226922350  726.794826502065234    769.097909999999956   -10.616046919929261        131.847739999999988
3K2M.pdb  no        -11348.178116158778721  6403.136059999991630   -11613.611027128039495  6118.349699999997938   0.099920845661368  -686.596169599322934   639.806769999999915   -827.647822458131714       539.480330000000095
6P66.pdb  no        -11343.999246245452014  21882.972649999966961  -15502.712341575526807  15602.474009999996269  0.064761822018728  -259.448155940699110   1417.181180000000040  -665.469852903276660       891.813250000000153
6NE2.pdb  no        -11331.336472989170943  8658.141769999996541   -11664.292284053317417  7976.831549999993513   0.129907812770777  -1147.898244151501785  1124.760260000000244  -1234.403993334384040      1081.331420000000435
6X61.pdb  no        -11323.402305251191137  10256.774089999988064  -12002.598817159760074  9029.322150000003603   0.107534421673121  -697.929997376950951   1102.956270000000131  -833.216740359410892       983.800160000000005
1FM0.pdb  no        -11315.094866324992836  6995.566160000005766   -11394.926417535314613  6768.666730000005373   0.134453200568401  -1038.778483182305081  940.576260000000048   -1092.263234271236797      888.279359999999883
4HGM.pdb  no        -11310.732391999763422  15229.606700000011188  -13293.448255391413113  11827.042489999983445  0.045644745376123  -475.720508236008868   695.151520000000119   -632.656525447447393       567.262209999999982
2C35.pdb  no        -11308.935195989130079  8748.758300000003146   -11462.143250048700793  8253.937799999996059   0.193340780713990  -1864.042701828580903  1691.491760000000113  -1994.301601788362404      1449.512579999999616
2PI2.pdb  no        -11289.685520434706632  7867.375949999996919   -11747.003815522552031  7008.928050000000439   0.165169950979653  -1136.665957980814255  1299.454099999999926  -1233.740467571640465      841.613790000000108
4ONM.pdb  no        -11262.353496501084010  8249.305430000000342   -11718.104158571495645  7821.727969999996276   0.092195685619074  -420.481559043889092   760.550369999999702   -554.348347869708959       617.614869999999996
7O06.pdb  no        -11240.654605701205583  6814.290989999992235   -11510.960692084623588  6558.437760000000708   0.188679595850368  -1168.946564180584119  1285.717670000000453  -1419.740668721758539      1019.933360000000107
6YVA.pdb  no        -11237.529279160036822  14056.858650000021953  -12518.584777401078100  10750.442729999995208  0.088402453275007  179.682113401188701    1242.660790000000361  -412.855522088077464       564.580540000000155
5DOB.pdb  no        -11219.892937898661330  12033.943669999991471  -12735.744084250911328  10415.155739999992875  0.161384557154072  -245.660633631114962   1942.092669999999771  -831.512019137451489       1035.715919999999869
4JE4.pdb  no        -11207.434370447144829  6593.339129999999386   -11239.120150037248095  6518.445589999994809   0.134603317454414  -891.620028749008497   887.485320000000343   -978.386765573246066       665.893030000000067
4QPL.pdb  no        -11188.815503844847626  8788.610840000004828   -11551.026592220285238  8190.903730000005453   0.072242150842578  -181.519807265937118   634.908150000000205   -294.284257131505512       392.617160000000013
5HKQ.pdb  no        -11171.265601275834342  7956.934740000008787   -11553.839297081933182  7637.690439999994851   0.197203263728163  -1061.791566942305280  1569.133500000000140  -1306.129606702641468      1271.986609999999928
6KN1.pdb  no        -11165.852137389883865  7861.802939999995033   -11333.372483717705109  7614.277679999997417   0.329743284051330  -2556.949272747496707  2592.376719999999750  -2724.837025681899831      2368.351359999999204
1OF5.pdb  no        -11156.214704482523302  9381.115289999992456   -11775.686284947365493  7891.780220000000554   0.140851661998922  -1183.711307756509541  1321.345679999999902  -1362.505620254629093      1192.981229999999641
1OO0.pdb  no        -11155.852548259077594  7670.921490000005178   -11602.470074954457232  7213.802580000000489   0.152463204261005  -1145.067095908820193  1169.533269999999902  -1308.401247630499029      958.990100000000211
4ZHY.pdb  no        -11152.385649978088622  7593.819709999989755   -11365.617379882914975  7473.271890000000894   0.139241884898529  -906.254530058228625   1057.377769999999828  -1113.676824560337309      802.043840000000273
5C4V.pdb  no        -11136.465158388609780  8679.743929999991451   -11754.683911394316965  8126.792429999994965   0.100839568201409  -383.639589230606987   875.261629999999741   -693.264194445254475       463.132239999999911
2R25.pdb  no        -11131.352824012441488  8342.549159999996846   -11381.978125846531839  8024.682979999998679   0.108625609824995  -622.604747330049349   906.214490000000183   -686.056120441237908       780.565460000000144
6H47.pdb  no        -11106.096241497689334  8858.056990000000951   -11820.118234107923854  7924.145259999996597   0.109072184914900  -634.088597722793907   966.167630000000145   -858.624282842849880       791.060960000000023
1HL6.pdb  no        -11102.562351245891477  8422.118820000006963   -11573.884571774711731  7544.298079999996844   0.256702664282763  -1601.048371098735288  2161.980339999999615  -1724.336803745435191      1838.115460000000212
2GRR.pdb  no        -11101.520513640882200  8298.247039999998378   -11482.573679027933395  7744.620930000000044   0.065869577919917  -359.888621139797408   546.602030000000127   -410.116952735606390       521.029300000000035
5JA8.pdb  no        -11058.042770070891493  7227.365949999997611   -11286.976404533506866  6901.326629999994111   0.137547213864271  -1044.571360182395665  994.104049999999916   -1111.456702295992272      946.054249999999797
3NN8.pdb  no        -11053.984396095804186  8130.715759999991860   -11299.276743424457891  7349.772760000006201   0.106664064468538  -1141.623197861377548  867.255189999999516   -1170.281115062145318      649.486180000000104
3KNB.pdb  no        -11037.039389690515236  6293.327230000004420   -11200.132831291362891  6091.417080000001079   0.104964198723224  -991.369604765364898   660.574050000000057   -1022.620501240669228      636.035570000000007
5MTJ.pdb  no        -11022.003833222423054  6593.971689999997579   -11160.655704101491210  6455.059929999999440   0.109693930153952  -648.307578494269364   723.318669999999884   -771.520285481713472       543.560760000000073
3GJR.pdb  no        -11015.175993449678572  7503.514289999998255   -11055.933486059340794  7347.307399999996960   0.286668537816565  -2468.083293518751816  2151.021469999999681  -2528.352676354487812      1982.750270000000455
6QJ2.pdb  no        -11013.448404497927186  13342.658080000019254  -12634.920305464484045  11179.996589999991556  0.093518397347704  -791.350970805672091   1247.783999999999651  -1073.289387489577166      981.302379999999971
5DMQ.pdb  no        -10931.427295885439889  29231.002539999986766  -16807.001853335936175  20760.012500000004366  0.026321306939341  423.359244941380439    769.398189999999772   -218.577699714844073       246.524720000000002
3WOF.pdb  no        -10906.428799026029083  7661.439540000009401   -11311.229939567780093  7120.896199999999226   0.139597674094547  -707.910300672748463   1069.519140000000334  -873.348196932682868       762.594659999999976
6TCA.pdb  no        -10892.910514583152690  21440.761680000010529  -14530.368504891064731  16507.857689999993454  0.117923493938113  1722.547273083696382   2528.369530000000395  -144.614585143444430       371.509639999999933
3AYH.pdb  no        -10892.599878864464699  9516.006040000005669   -11409.020194456228637  8990.780560000004698   0.207594292363438  -1424.902250367090119  1975.468539999999621  -1623.888536748246679      1558.538680000001250
4ML7.pdb  no        -10891.240080080458938  6689.781089999997675   -11174.715686984873173  6184.410649999996167   0.164108769065865  -1204.017977089734131  1097.851739999999836  -1349.887543320516670      924.014999999999986
6CH3.pdb  no        -10868.356590442521338  12959.222250000013446  -11937.088223896782438  12084.198540000017601  0.073108964544535  -767.686167848963350   947.435319999999592   -859.903334463580109       788.818830000000048
5FQ2.pdb  no        -10867.416715511475559  7675.562620000005154   -11192.754077783107277  7006.347709999997278   0.098433926919093  -348.320991619057338   755.535769999999957   -538.325731361740168       512.834159999999997
4FGI.pdb  no        -10854.548699397744713  9229.267360000001645   -11720.949868163694191  8043.456359999993765   0.113730687286103  -238.116798306772495   1049.650920000000042  -641.965957506647669       637.260420000000067
6YRA.pdb  no        -10830.413588368724959  42662.594010000037088  -17703.546035531562666  29957.550019999958749  0.063761069225242  769.235865335712560    2720.212610000000950  -656.939745354161573       1152.227349999999660
3ONG.pdb  no        -10819.461584939193926  8195.468579999998838   -11125.075995205044819  7677.913080000005721   0.088981977403908  -164.205764808188405   729.249000000000024   -357.366047790397261       527.737740000000031
1RJC.pdb  no        -10809.207122231060566  7701.192650000000867   -11150.066134091863205  7208.311350000001767   0.098086428210571  -572.754557698658687   755.382479999999873   -697.601385604362008       638.606769999999869
4ZV6.pdb  no        -10796.579368981792868  12202.704949999999371  -12601.179668315982781  10431.020019999992655  0.119126058194171  -448.953494911438327   1453.660139999999501  -730.091410387030692       1211.821479999999838
6C7Y.pdb  no        -10779.641354413921363  12051.175640000003114  -11785.962441011879491  10018.881990000005317  0.102982786665285  -847.569135590437782   1241.063649999999825  -984.324795843330435       989.280420000000163
1ZBX.pdb  no        -10774.600645348362377  9561.991419999998470   -11432.905654620381029  8645.758760000006077   0.065429024407135  -671.697779037975920   625.631769999999847   -769.334160237578317       582.611189999999851
2PF4.pdb  no        -10755.540685505769943  18314.721160000022792  -12369.667122877377551  15189.715830000022834  0.045650385976174  -165.211908040178400   836.074089999999956   -349.116673450975384       589.092039999999997
2R40.pdb  no        -10755.302888829179210  13041.676319999998668  -12169.672153661058474  11162.386520000003657  0.089251380071055  -103.629417723225174   1163.987609999999677  -656.197052632403256       553.158779999999865
4G6V.pdb  no        -10727.006921078011146  6682.178759999994327   -10960.679453020156870  6460.386260000002949   0.160218043912372  -799.148809644490257   1070.605610000000297  -872.967251718718444       963.739160000000197
3KBT.pdb  no        -10708.030645629736682  10526.934389999998530  -11208.089324477519767  9699.394369999998162   0.075810480091726  -523.854701840637404   798.051949999999806   -586.211365571771694       702.358699999999999
1UW4.pdb  no        -10703.114260317270237  9282.427969999995184   -11405.195007136242566  8420.232399999998961   0.112687803598437  -621.272078849047716   1046.016419999999925  -876.331129465419281       863.726169999999684
1T0H.pdb  no        -10696.068690105586938  7657.341559999998935   -10864.920871375321440  7473.104220000000169   0.107650726239774  -781.420310667506669   824.318380000000047   -845.981895991852753       801.067569999999705
4YXC.pdb  no        -10688.760820981025972  9501.232290000007197   -11160.754892392593320  8831.010780000002342   0.104800735273887  -347.892671970821027   995.736129999999889   -582.213285587723931       846.747259999999983
2FHZ.pdb  no        -10671.089896829760619  6189.542300000000978   -10824.382399348729450  5720.258760000004258   0.197203418417546  -1262.248416501493011  1220.598900000000413  -1357.791145632298822      1064.988480000000663
3CPT.pdb  no        -10657.991867576714867  6691.452700000003460   -11070.663025365764042  6373.673789999997098   0.172306648749082  -1590.904156437038637  1152.981790000000046  -1703.734998030971155      1061.489450000000261
7O0S.pdb  no        -10654.062064046531304  6504.715040000001864   -10951.790195087549364  6196.551839999998265   0.184339183596273  -1136.591548872950852  1199.073860000000650  -1274.863647848649634      1066.256410000000187
6S08.pdb  no        -10622.692260130224895  9823.355659999997442   -10863.795074156858391  9489.285309999990204   0.118700821833015  -470.857802851870360   1166.040389999999888  -641.841335530376455       894.213880000000245
1ALL.pdb  no        -10608.101773108663110  7306.994660000000295   -10739.632026073124507  6889.614009999995687   0.196002354817651  -1969.614471238435954  1432.188159999999243  -2056.325942703126202      1324.229339999999638
6CH2.pdb  no        -10574.910329663331140  12129.717690000014045  -11140.623563173445291  11153.081070000003820  0.052629498584810  -294.410875950253967   638.380960000000073   -391.104778664273965       524.015099999999848
3P9W.pdb  no        -10557.122064480601694  7132.976830000005066   -10895.608632294381096  6797.072100000002138   0.123322220296627  -632.709462493563024   879.654539999999997   -778.224199908422520       732.321269999999913
6AXF.pdb  no        -10544.172537375314278  15306.738999999990483  -12410.491995366888659  12915.873180000004140  0.097107191152864  -515.609850931957794   1486.394429999999602  -683.454836993826575       1081.369169999999940
5ECJ.pdb  no        -10543.649439678240014  11423.955010000006951  -11471.239099442855149  10799.553740000003017  0.048276019952568  -538.557183884805340   551.503079999999954   -637.138678157496656       505.335700000000088
5MTM.pdb  no        -10524.960943749636499  6338.770250000002306   -10578.380737405719628  6241.384250000000065   0.108636592405286  -707.161388048574054   688.622399999999971   -728.834452451261200       676.287660000000074
6AGO.pdb  no        -10521.280107856919130  12411.802459999995335  -11887.855430427482133  10375.379709999991974  0.126956047284691  -437.963123400394409   1575.753380000000107  -792.434436130764198       1179.859140000000252
3KF6.pdb  no        -10505.055090993646445  7796.407769999999800   -10866.510021985908679  7286.204059999999117   0.123814323016098  -846.557342616196820   965.306949999999915   -1014.887023369115241      843.092330000000061
6RQM.pdb  no        -10453.347883158909099  7926.308979999994335   -10793.566430054988814  7675.828950000000077   0.093388596365316  -730.688718957923129   740.226869999999963   -852.155658153510558       647.055669999999964
1NUN.pdb  no        -10437.358403796009952  11390.963949999988472  -11156.697810029843822  10350.607040000002598  0.120233652394274  -694.754313286157753   1369.577199999999721  -926.507263533051059       1223.895150000000285
5DC4.pdb  no        -10430.267094681354138  6274.522210000000996   -10582.205483927347814  6099.172970000005989   0.132450877084392  -860.221992657941200   831.065970000000448   -957.740313689612549       725.282950000000028
4RS1.pdb  no        -10429.993260624290997  12863.628170000023601  -11850.849999928346733  11119.166780000010476  0.088466764971799  234.945068750789176    1138.003570000000309  -224.214750303746342       583.704850000000079
3UYO.pdb  no        -10404.494509442256458  6568.376789999998437   -10677.049316832948534  6347.788400000001275   0.135004074575935  -963.451221573209409   886.757630000000063   -1068.234697017289363      650.963240000000042
1VRS.pdb  no        -10397.378215820121113  7401.891200000000026   -10932.485089357100151  6600.414649999996072   0.123105505792898  -200.224337352669693   911.213560000000030   -440.428815189391855       569.324110000000019
3T04.pdb  no        -10352.511813879635156  6179.319749999999658   -10564.872099395986879  5886.014140000002044   0.103862285164965  -728.562706437277484   641.798270000000230   -842.598899790087103       543.916809999999828
2Y9M.pdb  no        -10350.664904777675474  8117.458779999995386   -10562.116301173293323  7900.195119999991221   0.092852905130490  -676.912847067858479   753.729630000000157   -754.543489360158674       670.634829999999965
6JHW.pdb  no        -10319.308360789837025  7056.465629999998782   -10652.894650326936244  6051.022899999998117   0.146287833616218  -917.355074519450227   1032.275069999999914  -999.707338981650310       905.918059999999741
6U54.pdb  no        -10265.625970045875874  6260.053869999994276   -10461.517387496134688  5930.362860000002911   0.116840422652785  -607.350433178495223   731.427340000000072   -834.159417543363588       516.364100000000121
6CP9.pdb  no        -10247.442584185650048  7030.285410000004958   -10549.950225068183499  6760.726180000004206   0.125219994446854  -953.399638520310646   880.332299999999918   -1014.878700563721281      805.178330000000074
4F48.pdb  no        -10242.157592870777080  9660.915559999988545   -10915.572060129581587  9131.096430000012333   0.056674215461210  -97.607634051249676    547.524810000000002   -376.365498143404693       356.883830000000103
7JTU.pdb  no        -10235.465836871466308  9621.568590000006225   -10848.381329320742225  8052.997220000002926   0.129274541709628  -689.342528361526888   1243.823870000000397  -939.019823902833878       959.287910000000124
1YVB.pdb  no        -10187.046458574130156  11768.075740000007499  -11206.664326808913756  10390.019390000006752  0.072284136233814  -509.540539147396714   850.645189999999843   -655.137485465605323       555.889210000000048
4JEG.pdb  no        -10136.792108014973564  7148.461980000005497   -10581.535335442085852  6786.027380000002267   0.149064730704492  -1265.733176924895588  1065.583559999999579  -1421.436618010484381      818.857299999999896
5VGB.pdb  no        -10128.684824968171597  6200.345770000000812   -10716.319071299638381  5424.857949999998709   0.151962130008759  -737.130863557017960   942.217749999999910   -1085.060697739000261      620.867479999999887
5C8T.pdb  no        -10119.717469020553835  20563.581729999950767  -13103.471435824008950  16461.641569999992498  0.106898057880309  -605.142931967545792   2198.206949999998869  -1043.968744450275153      1657.487030000000232
6RGY.pdb  no        -10116.638391183882050  9780.214620000007926   -10520.032637796975905  9017.460009999998874   0.093638595427878  -258.181506579564200   915.805560000000128   -508.173239280879955       560.899180000000115
5KEW.pdb  no        -10105.997738397480134  7439.608000000008360   -10507.095182496288544  7008.555890000006912   0.144955583681290  -1399.985144711992234  1078.412719999999354  -1481.761715982441729      966.716639999999984
3HW2.pdb  no        -10104.694047240300279  11660.962999999994281  -11287.706007019296521  10429.405169999994541  0.055554564404329  -176.467721192531769   647.819719999999961   -339.979276482159889       476.604879999999980
4KFZ.pdb  no        -10087.376916079285365  7967.785769999997683   -10484.698619533879537  7523.224330000002738   0.157822899146547  -810.461197035998225   1257.499049999999897  -971.684522415617607       1003.619869999999537
3D7T.pdb  no        -10082.776443412227309  15458.183860000013738  -11536.763713525169806  12239.781260000008842  0.036849425207962  153.569928795121655    569.625189999999975   -57.599330140840429        311.244559999999979
4DVG.pdb  no        -10030.854039722165908  11982.568939999999202  -11240.951810286320324  10523.944120000001931  0.086889578120800  -91.621172500183832    1041.160360000000082  -360.273996757743646       615.602110000000152
3H7H.pdb  no        -10011.339007732160098  6515.368070000001353   -10406.377895865287428  6098.082909999994627   0.228406675419030  -2044.506832175925865  1488.153560000000198  -2176.413000889689101      1375.286969999999883
5U56.pdb  no        -10008.646020199121267  10447.290939999986222  -10530.148942538120536  8465.782160000002477   0.088350055081361  -615.912240846641794   923.018730000000232   -697.642737697841085       823.843150000000264
5I4H.pdb  no        -9996.523730747352602   6476.325999999998203   -10273.920021588106465  6093.521980000000440   0.230867306556217  -1806.576182031364851  1495.171939999999722  -1865.203406187642940      1237.067239999999629
6ZH1.pdb  no        -9991.301501339405149   8074.939369999999144   -10580.340699966056491  7246.803349999997408   0.132181565841280  -440.238051635251850   1067.358129999999619  -837.836567910159829       699.029109999999946
2P45.pdb  no        -9990.863929212022413   7608.739290000004985   -10319.705108991576708  6923.709650000003421   0.071479829873367  -688.743729797420087   543.871389999999906   -742.453180083019447       513.225420000000099
5DMJ.pdb  no        -9977.343433111567720   8709.569889999989755   -10348.126652510465647  8290.988269999992553   0.095784219029902  -674.349434341205210   834.239349999999945   -778.083722551664096       691.876080000000115
1MR1.pdb  no        -9964.891400370177507   8886.944260000005670   -10549.260067835075461  8183.246579999998175   0.094094435110140  -696.262692901826995   836.211999999999989   -840.461250184894766       726.387530000000197
6V3P.pdb  no        -9964.179503545974512   7177.023090000002412   -10124.309910990257777  6941.888360000009015   0.091216552014743  -285.107701047883836   654.663300000000049   -302.260265504459142       577.669149999999945
3OCD.pdb  no        -9963.879244804807968   11655.453560000016296  -10443.803244532617100  11318.689010000005510  0.170790580542624  -652.832479454006034   1990.641680000000861  -919.492444530761418       1695.065140000000383
4F7G.pdb  no        -9961.271803042889587   9118.719690000005357   -10830.460944382308298  7884.640989999998965   0.073208240048445  527.616486317632166    667.565420000000017   10.855757340269381         82.371309999999994
2WD5.pdb  no        -9950.169858883731649   10710.791180000011082  -10778.377047581825536  9195.333170000003520   0.141474333178065  -781.922883672716807   1515.302040000000034  -1040.030470834997686      1283.461889999999812
6SEH.pdb  no        -9944.522292243249467   9824.734019999992597   -10853.447703345929767  9072.838169999995444   0.127989653199792  -969.971055308126324   1257.464300000000321  -1126.228274628840381      1015.927469999999744
5N92.pdb  no        -9929.167842047841987   7529.615130000008321   -10050.590910532982889  7305.448090000000775   0.365107913556798  -3140.598327650987812  2749.122069999999439  -3272.068445010924279      2602.053059999999277
7D4B.pdb  no        -9912.134914157637468   7801.689859999997680   -10227.085142371797701  7338.713209999998980   0.091946373525799  -1011.243958229774535  717.337090000000217   -1092.805037051686668      666.745490000000245
6U55.pdb  no        -9880.157351509986256   6530.971450000001823   -10210.432347519970790  6231.858970000000227   0.114987342350119  -758.907587763214110   750.979050000000257   -879.751984132594544       671.403089999999906
1JK0.pdb  no        -9880.060568097440409   16197.564819999975953  -12158.625284992906018  13055.741629999985889  0.074300733065380  231.244199280635598    1203.490939999999910  -180.212660837818959       541.583260000000223
4TU3.pdb  no        -9853.268484725809685   20274.671829999992042  -12395.102408140539410  17013.260269999984303  0.027737764868177  18.397655663844453     562.374079999999935   -110.801393776568972       441.543159999999887
6PFJ.pdb  no        -9812.966290703694540   8962.053069999999934   -10311.683781422374523  8361.103349999997590   0.264244343511793  -2206.181267822000791  2368.171829999999773  -2456.548272738950345      1940.078970000001163
6O03.pdb  no        -9810.423273744014296   11759.414569999999003  -10622.856876117280990  10825.990789999994377  0.080163230438775  167.447981701655948    942.672660000000064   -261.096783833447489       416.998640000000080
7KJI.pdb  no        -9808.736413809043370   12458.748129999996308  -10709.316387608603691  11249.512920000002850  0.056826692586810  -466.905323590591820   707.989450000000033   -594.027874781080300       613.600120000000061
7JUR.pdb  no        -9772.943203135415388   17426.757100000002538  -12309.393427782146318  13523.888759999994363  0.062213039051310  -430.015166265289849   1084.171520000000328  -849.023637657781819       828.917489999999930
3NVM.pdb  no        -9721.249735658402642   17078.283370000022842  -11023.340037698713786  12676.792940000012095  0.113170640639159  -1294.725459693722087  1932.760270000000219  -1429.907413725767356      1717.598479999999881
1DKF.pdb  no        -9713.062870170168026   12130.085489999992205  -10820.183209541097312  11040.554879999996047  0.077373820718225  -57.265843847702492    938.551059999999779   -506.593098979814044       467.061800000000062
3A98.pdb  no        -9705.214504817557099   9344.866919999996753   -10771.272446224940722  8381.720260000003691   0.224482487333271  -1071.260861344184150  2097.758969999999863  -1408.662810670172121      1830.414920000000393
5ZHX.pdb  no        -9702.583322253842198   16624.701799999987998  -12204.432335147384947  12532.859989999993559  0.097341290055500  315.679707132629403    1618.269919999999729  -416.202540727255951       608.708030000000008
6XWX.pdb  no        -9695.409564921819765   16888.089430000010907  -12487.332276795719736  12766.043409999998403  0.089279041673099  682.147233201814970    1507.752440000000661  -11.319328909869260        224.008940000000024
4BJJ.pdb  no        -9667.932390562145883   6081.989239999993515   -9841.202780282601452   5948.198740000001635   0.312453283787790  -2425.582687217995499  1900.337510000000520  -2519.448013017980429      1333.786889999999630
5IP4.pdb  no        -9629.475031610494625   6261.550369999997201   -10006.919856067917863  5899.836729999998170   0.100131413619851  -336.339353684790467   626.977890000000116   -562.460490239604155       473.340530000000058
5KNH.pdb  no        -9628.752873296232792   6597.023059999999532   -9787.539514228479675   6394.881219999996574   0.142088589273478  -994.307985003683484   937.361700000000042   -1045.948665705568146      914.639430000000289
4HXI.pdb  no        -9625.670931048358398   12390.481929999998101  -11018.104594206148249  10207.629559999999401  0.083189546284258  -495.174513531392449   1030.758569999999963  -704.017407118703090       810.859090000000151
1F3U.pdb  no        -9611.481263392775872   7701.863829999998416   -10425.778864012267150  6832.200300000004972   0.294696203425347  -2793.431288371921255  2269.710029999999733  -3025.462261127218881      2039.349729999999226
5HVK.pdb  no        -9599.015798153477590   14075.933239999991201  -11733.539534965268103  10428.940879999985555  0.056200673625815  162.338362644542713    791.076929999999834   -276.014296146712070       422.532860000000028
5NKZ.pdb  no        -9549.676983931982249   8340.973189999996976   -10052.160659807850607  7771.437879999998586   0.089865450101033  -904.155947639280384   749.565309999999954   -943.146921559663497       566.934989999999857
7M5F.pdb  no        -9549.327502205103883   6094.281249999995453   -9713.473747112398996   5792.648229999997966   0.173992682073871  -1309.310030863136944  1060.360340000000178  -1354.013818788181652      1006.901940000000081
2I9B.pdb  no        -9543.852248406510626   12732.905780000024606  -10818.602414796356243  11529.149690000014743  0.092536464995345  -368.679212216927169   1178.258089999999356  -868.966319426082464       747.786909999999693
3TL8.pdb  no        -9531.076228388683376   11093.217660000007527  -10585.443578982225517  9488.810680000000502   0.118830858674416  677.938541775850922    1318.216579999999567  -44.219754964761570        248.551850000000030
3FPN.pdb  no        -9520.827718480188196   6712.990270000001146   -9881.383505886080457   6187.462740000003578   0.109422220270848  -214.460383841982747   734.550300000000107   -460.857656614253926       471.482450000000085
4OZT.pdb  no        -9510.185709167444656   11548.078789999988658  -10976.351444220250414  9931.319090000008146   0.092750544006290  118.350310443242350    1071.090589999999793  -498.175418682416478       600.169029999999907
4V3D.pdb  no        -9498.424865253840835   10403.190779999998995  -10352.950019683377832  9622.433070000002772   0.089729927071471  -821.927831178640986   933.477549999999951   -986.150315888858813       832.630260000000362
6U08.pdb  no        -9486.440933287090957   8330.173549999997704   -9659.589394886648734   8195.351619999995819   0.129514128790270  -274.258959272660547   1078.875170000000026  -418.563019339917389       760.778720000000021
2HRK.pdb  no        -9485.881664143942544   7315.884859999998298   -9738.643437751265083   6885.179899999999179   0.105218346752385  -361.753549006424976   769.765309999999999   -482.114088978732866       626.013879999999972
4M6W.pdb  no        -9474.856721670579645   11277.895690000003015  -10677.714869169531084  10017.407139999997526  0.172878631226283  -707.126524142643916   1949.707170000000133  -1028.879733292725177      1599.994509999999991
3X37.pdb  no        -9462.898398165303661   7890.483250000002045   -9875.453243498364827   7367.294580000007045   0.169715257934297  -943.362525591521944   1339.135399999999890  -1114.379364347774072      1163.721079999999802
5T86.pdb  no        -9462.514423497335883   7056.553779999995641   -9917.402706530518117   6544.346699999997327   0.192569172200088  -661.422279327562251   1358.874720000000025  -988.920400128570577       1148.077310000000352
2ZAE.pdb  no        -9461.636130418321045   6471.447659999993448   -9670.201741704753658   6154.420689999999013   0.190662945112964  -1308.453086240197308  1233.865270000000237  -1517.838806011592169      983.832220000000461
4HOP.pdb  no        -9446.640999770985218   6584.954239999997299   -9600.141238945638179   6185.054390000001149   0.099258361740719  -788.429381834244168   653.611769999999865   -799.623447056299142       577.943639999999959
2W96.pdb  no        -9446.321744473829312   14356.802170000008118  -11394.386737396256649  11923.409289999997782  0.090118597071955  -33.117109100110667    1293.814869999999928  -551.906804274952265       897.688410000000090
6LGQ.pdb  no        -9433.514012834528330   12503.024539999998524  -10691.725446065682263  11067.246940000006362  0.125913631134887  -104.510626764751535   1574.301220000001877  -463.769705177306150       1260.656350000000430
4UJ5.pdb  no        -9422.454982702145571   9090.284710000003543   -10054.348817486506960  8322.092760000003182   0.068529623644758  -135.903297117886325   622.953790000000140   -267.228467793960760       479.904300000000035
6K2D.pdb  no        -9396.888850092778739   19281.274560000016209  -12034.957902306357937  15198.154259999993883  0.043625625338328  94.620360090717838     841.157660000000192   -170.894930499407451       546.786159999999995
4YGA.pdb  no        -9396.446497131491924   16609.864879999997356  -11615.939375520094472  13732.218320000007225  0.047717067882614  -136.903255694848013   792.574049999999943   -359.493044423417132       569.381999999999948
4YDY.pdb  no        -9395.926524214617530   7482.963970000005247   -9844.868944784589985   6876.299260000002505   0.150801383585975  -599.726208337768753   1128.441319999999905  -941.066749237439240       755.781909999999925
6PQK.pdb  no        -9387.177698673405757   6034.229940000001079   -9598.736871733166481   5787.618010000000140   0.133694416358287  -937.089279797159065   806.742849999999635   -1036.125338981477398      667.128879999999754
5B64.pdb  no        -9344.810882179441251   7564.764599999996790   -9892.406495484434345   6518.244370000003073   0.106669421015427  -262.794696098461202   806.929059999999822   -495.932373203402790       593.169830000000161
6SM5.pdb  no        -9343.694194503461404   6669.477849999990212   -9440.822708727377176   6341.441129999998338   0.120822945682322  -492.527703463542366   805.825960000000123   -674.308770939575652       679.562000000000239
5AAV.pdb  no        -9323.874778761688503   12007.842870000004041  -10403.865110463140809  10593.768469999993613  0.108275124356287  -1144.355096566120210  1300.150680000000193  -1216.863527667616609      1097.886230000000069
4J38.pdb  no        -9314.478589602518696   7698.674360000008164   -9518.648935400604387   7379.867990000007921   0.087882393560545  -759.505673169528905   676.577929999999924   -816.943964338406772       653.953399999999874
7SLA.pdb  no        -9302.153284499905567   20309.143190000031609  -11586.735224084932270  17255.600110000043060  0.035308800242892  -110.445990361777135   717.091480000000274   -376.183648732640108       516.951259999999934
4ZI2.pdb  no        -9269.110459579749659   8252.686149999995905   -9903.143338843630772   7160.836959999996907   0.139625221298401  -192.545612025064258   1152.283129999999801  -423.881415953640101       757.202339999999936
6POL.pdb  no        -9261.843556495157827   6785.939710000006926   -9371.075600231830322   6685.173930000002656   0.128462399793410  -846.810016798189963   871.738100000000259   -871.842771758564481       853.476250000000164
4ZV0.pdb  no        -9245.328161005934817   6756.620320000001811   -9514.753478262868157   6419.453909999996540   0.198005175167220  -1110.283280174788615  1337.845790000000306  -1238.007225222444049      1027.426660000000311
6CP8.pdb  no        -9227.653067485885913   8865.604609999991226   -9715.895605866377082   7992.224940000004608   0.215596607798642  -1206.066155326964235  1911.394279999999526  -1385.796565770831876      1455.276469999999563
3WCY.pdb  no        -9219.397590024953388   15681.713750000020809  -11673.683127951066126  13501.370209999997314  0.099512822697710  359.571271762064214    1560.531599999999344  -500.245527322030910       671.313070000000039
1BP3.pdb  no        -9196.867732607239304   12242.149010000008275  -10356.406593887439158  10205.495529999996506  0.104723175559517  12.067965063051176     1282.036719999999832  -334.501186501669736       609.132659999999873
3DA7.pdb  no        -9179.775924905357897   6031.797830000000431   -9323.680482617026428   5876.464190000002418   0.127868819834102  -986.781046311337718   771.278869999999984   -1060.624304295995671      679.919510000000059
5IWB.pdb  no        -9178.312165966943212   6011.480449999996381   -9476.491635812040840   5862.849879999995210   0.168965677997007  -958.986958611061368   1015.733869999999797  -1060.145563030942867      837.440289999999891
5IIB.pdb  no        -9142.424782697775299   6930.577170000004116   -9353.640928715058180   6540.369039999998677   0.161766771006173  -979.627613860010229   1121.137089999999944  -1067.106077236254123      852.638600000000110
5J7C.pdb  no        -9087.555610569062992   6859.436360000000604   -9234.133169657856342   6649.090450000006967   0.129619810336720  -921.812812087870725   889.118840000000318   -977.186276142009092       802.070650000000114
5UK5.pdb  no        -9085.733417329771328   13897.005309999980454  -9939.560204141256690   13138.660819999997329  0.112535935988644  164.753120496089906    1563.912500000000364  -288.478431279623521       908.897719999999822
4JW3.pdb  no        -9062.504275779912859   6004.466579999996611   -9339.406017979199532   5612.842679999995198   0.122281090287957  -781.262235512167308   734.232719999999972   -832.150353038290064       638.367930000000115
1RE0.pdb  no        -9049.872747336290558   9981.887719999995170   -9976.669747780149919   8149.325480000000425   0.137280166681739  4.252498598436617      1370.315210000000206  -517.587050503875275       905.584320000000048
1UUZ.pdb  no        -9028.178573448976749   7448.963140000003477   -9662.664450558508179   6869.933979999992516   0.121185521130126  -236.860271639020795   902.706479999999942   -479.470158319740392       544.090949999999907
1Z5X.pdb  no        -9023.245549681452758   11037.791340000003402  -9990.067528340461649   9938.936089999995602   0.082773965538653  -167.668867266892164   913.641759999999863   -533.395797846552568       588.922050000000127
2NXX.pdb  no        -9019.077803307671275   12445.670910000000731  -10539.741569267571322  10623.016400000004069  0.075180163991657  -175.149964673891247   935.667580000000044   -648.179935106816174       601.200580000000173
5CW5.pdb  no        -8988.082594033159694   10999.317180000000008  -10005.367090874249698  9478.313720000009198   0.051666338982689  -188.698272976671888   568.294449999999983   -258.706470875768275       448.003440000000069
6S0A.pdb  no        -8981.231137264891004   11150.070639999994455  -9406.606368064869457   10558.543249999987893  0.108363037240812  -271.098818140678645   1208.255520000000388  -409.977305825423230       736.217809999999872
1E44.pdb  no        -8977.504376864439109   5862.035129999996570   -9124.107101005098230   5610.418040000001383   0.213071155716530  -895.915558062499713   1249.030599999999822  -937.972995824879035       1162.390739999999369
3BEG.pdb  no        -8976.119236040576652   13202.620679999992717  -9901.012931078619658   11660.292430000001332  0.071188300624570  283.865872878844812    939.872130000000311   12.750266966095296         388.049150000000054
3UVV.pdb  no        -8973.496000334906057   12571.812269999989439  -10458.813153234576021  10552.566769999993994  0.075060552904677  31.353829304045796     943.647180000000048   -440.217795787029729       525.969020000000114
5DMR.pdb  no        -8932.096965511320377   7876.965700000004290   -9844.088875376120995   6541.916559999999663   0.081136195629238  -170.290033508807028   639.107029999999895   -430.659651819568808       402.106150000000014
2QKL.pdb  no        -8909.248235209419363   6399.576619999993454   -9232.468128764690846   6031.814299999998184   0.153956915981108  -975.511811026123041   985.259079999999813   -1093.511277236425713      892.449459999999704
4XL1.pdb  no        -8893.777030110653868   10120.370160000009491  -9535.307639887814730   9407.592900000003283   0.087426603573955  -24.176650973106188    884.789590000000203   -236.993331114072163       481.078580000000045
4EUK.pdb  no        -8865.329538459118339   7176.135489999998754   -9371.363385173850475   6758.609109999997600   0.108371317833075  -528.702162899155383   777.687259999999810   -668.562196034379554       562.555340000000001
6YXJ.pdb  no        -8812.296353203284525   9388.648300000002564   -9797.178906448714770   8278.001249999995707   0.082571674348479  140.929510828263403    775.236409999999978   -252.237120748103933       296.696280000000002
5EE5.pdb  no        -8795.986256534704808   9864.971159999997326   -10254.109664258796329  8007.281009999996058   0.091499631915802  64.849381945737875     902.641230000000178   -365.817973736427689       339.921339999999987
5BY8.pdb  no        -8760.863552313603577   9711.024119999992763   -9264.171592569899076   9131.095150000002832   0.256613159354402  -1887.891209998561408  2491.976580000000467  -2123.915618078734497      2093.031799999999748
5J4A.pdb  no        -8718.064539549644905   5932.239090000002761   -9090.250945750811297   5497.587779999998929   0.162298959194512  -519.124802391203502   962.796230000000037   -696.197457653758306       767.693190000000072
1QAV.pdb  no        -8670.309015364458901   6347.586509999998270   -8850.650271939857703   5943.788820000001579   0.120390211113484  -906.143447849742415   764.187279999999987   -1000.283545825687725      577.757439999999974
5E3E.pdb  no        -8646.568139224922561   5706.419800000002397   -8832.899532799663575   5515.969250000000102   0.173825390483890  -1208.113700980231215  991.920650000000137   -1234.561843124572306      814.493600000000129
5BMU.pdb  no        -8589.828950742730740   8415.806530000001658   -9451.055492990666608   7163.614319999999680   0.087263694499403  -307.580953420559467   734.394369999999981   -411.772586301027104       451.475339999999903
2F9Z.pdb  no        -8588.139149405402350   11026.061370000015813  -9345.043250539620203   9984.468180000007123   0.073719240508816  165.019372440872957    812.832870000000071   -134.666424727935095       351.317810000000009
4X57.pdb  no        -8569.674213989454074   7075.866260000002512   -8917.732679230113717   6568.480399999999463   0.129909532801147  -285.605207630545010   919.222479999999791   -446.682580519263922       631.441420000000107
3S48.pdb  no        -8567.522650604523733   7837.655140000006213   -8860.862101331575104   6850.251680000001215   0.078151570726037  -572.195203910926466   612.525060000000053   -607.705865066265233       529.207210000000032
6LQO.pdb  no        -8532.517320425564321   9478.407319999996616   -9628.386715363498297   7886.718600000001061   0.137044140027525  -85.936614629242243    1298.960179999999809  -530.310358623349998       858.563020000000051
6RPT.pdb  no        -8530.441823171582655   5877.844750000001113   -8803.421850615975927   5640.834090000001197   0.126334413647111  -116.716435576825077   742.574069999999892   -383.495419633982351       495.308260000000018
3D3B.pdb  no        -8516.339271525052027   5904.307540000004337   -8829.034149888793763   5633.162029999999504   0.137825815218291  -718.393743768896570   813.766000000000190   -915.167740601194055       588.397629999999822
1AY7.pdb  no        -8503.100892353049858   5431.026359999996203   -8585.382024272475974   5301.014609999999266   0.110524805112528  -788.046810462991630   600.263129999999933   -840.406963816827442       500.913409999999942
6AHY.pdb  no        -8461.648455819384253   11059.871199999995952  -9418.775727241443747   9736.868549999993775   0.054838052725243  -101.168548342263890   606.501799999999889   -213.012851838729460       506.577029999999809
1D9K.pdb  no        -8453.976280985732956   7938.276649999997971   -8674.564248959728502   7271.277579999998125   0.100084850280445  -530.030341773154760   794.501230000000078   -624.723471330910343       614.689010000000280
4DFC.pdb  no        -8381.785757372523221   6526.546419999997852   -8829.191043831950083   6146.554470000002766   0.130803444128419  -534.818289575012727   853.694749999999772   -701.210861866716186       674.364269999999919
6ZBK.pdb  no        -8347.161965632598367   5883.216289999998480   -8541.481561063323170   5427.562970000001769   0.157863353006184  -885.358756627625439   928.744250000000079   -922.187532702991007       842.663670000000138
3WHL.pdb  no        -8344.532903333796639   8612.187540000009903   -8830.282250943888357   7945.896090000001095   0.087866758182556  48.593053828637714     756.725000000000364   -124.391455582099070       378.462999999999965
3FN1.pdb  no        -8323.639457642813795   7437.249860000015360   -8642.319974521156837   7205.158679999999549   0.125235019332805  -303.121258663167964   931.404130000000123   -383.963889674296524       773.959760000000074
1JLT.pdb  no        -8282.358320968820408   7098.982350000001134   -8792.115687909654298   6420.384469999999965   0.202588759781886  -783.090631290068814   1438.174030000000130  -1188.546961020816070      1115.352839999999787
1U0S.pdb  no        -8271.197563919678942   5991.369539999997869   -8455.953041917482551   5787.304119999997965   0.123194015170027  -250.015124049642168   738.100869999999873   -449.805380746501726       486.485500000000116
2J3R.pdb  no        -8257.549912430356926   9055.357130000003963   -8884.881224755930816   8385.062480000000505   0.172347272183179  -857.171139436021804   1560.666099999999687  -1165.729694735270414      1279.220199999999977
4S0S.pdb  no        -8225.180224110055860   10008.888940000011644  -8792.348256114741162   9070.478439999998955   0.067503305716568  -437.620765213417144   675.633090000000152   -477.751216187919681       609.127840000000106
1Y96.pdb  no        -8170.578881245378398   5165.487630000005993   -8349.843432740552089   4804.194579999999405   0.252966641989616  -1839.711870995847448  1306.696059999999989  -1955.838076556259921      1048.040640000000167
3R7W.pdb  no        -8091.094178030480180   16811.259609999993700  -11185.279324535198612  12565.637299999993047  0.071223319833082  -349.902371704732900   1197.353719999999839  -552.608351389026780       1020.662710000000061
2ACL.pdb  no        -8040.954822457540104   11857.743310000012571  -9530.718383716530298   10046.360840000006647  0.131734599001030  -376.840111724809049   1562.075060000000121  -930.031377329395923       816.390910000000304
6V6B.pdb  no        -8001.529903384537647   29209.816549999963172  -14531.094420913914291  21996.245500000026368  0.038472068733345  304.065290522612486    1123.762069999999994  -375.945115079243180       416.417190000000005
3BDW.pdb  no        -7974.187859277062671   7671.531039999991663   -8762.788713826390449   5834.432880000003024   0.095132858903221  94.536157282675020     729.814680000000067   -286.113185174216369       266.006930000000011
3U43.pdb  no        -7963.514178904457367   5966.069320000002335   -8327.041191835805876   5613.059140000003936   0.139935137394615  -769.235078363767002   834.862729999999942   -808.280244929094238       757.416650000000118
2P28.pdb  no        -7938.296289096008877   9065.141239999993559   -8755.880181792172152   7486.421099999994112   0.231353697032966  -1923.053382553598112  2097.253940000000057  -2232.361391839931912      1650.803470000000289
3DPL.pdb  no        -7917.317408139120744   13479.887720000015179  -9766.552970939177612   10634.295090000006894  0.167899534997017  -1302.645163236618373  2263.266879999999219  -1871.261665252066450      1851.841219999999794
5OEN.pdb  no        -7903.031471941993004   8866.689509999994698   -9019.231276872413218   7754.223579999996218   0.114989274052070  140.633383349519846    1019.574190000000044  -339.622857516073168       454.708950000000016
4XAX.pdb  no        -7887.581810030997076   9370.933600000011211   -8625.975703343192436   7843.613060000001497   0.066554109400583  -266.249271450240258   623.674139999999966   -479.608652311261665       317.616109999999992
4G7X.pdb  no        -7885.087520517298799   5609.500810000001366   -8244.227464300569409   5170.694779999997991   0.130435035983175  -30.965796950177776    731.675440000000094   -274.310552903214102       492.820579999999950
6GXZ.pdb  no        -7877.305122145961832   6752.129079999992427   -8399.068160711010933   6356.791989999996986   0.236164321076635  -1677.650492827254766  1594.611980000000131  -1884.163798624586207      1355.484750000000531
4KC3.pdb  no        -7845.913292614607599   14333.444689999989350  -9978.469104057488948   11066.290749999994659  0.118794671261958  423.877560566297461    1702.736850000000231  -380.227588002777509       688.131329999999821
5D1M.pdb  no        -7845.088164107796729   6996.507599999999911   -8235.217301629405483   6143.134060000001227   0.217327157623612  -386.025183639585975   1520.531110000000353  -786.981910992033818       957.560989999999606
7EJO.pdb  no        -7753.986460898416226   5677.676979999993819   -8256.850289001153214   5101.745409999998628   0.184192863328410  -1678.458974801215845  1045.787579999999707  -1794.051825531532813      942.706359999999904
5SZH.pdb  no        -7751.598616801600656   7760.650129999997262   -8414.083610680387210   7180.886470000000372   0.144472347189810  290.509515247741433    1121.199340000000348  -205.178760956677422       486.444580000000087
5K35.pdb  no        -7702.403590646512384   7566.590630000000601   -8410.601751438964129   7040.255280000000312   0.203842535617656  -598.779470784775640   1542.393019999999751  -904.140041787066593       1221.410969999999679
6CWX.pdb  no        -7675.115011854522891   6281.400830000001406   -8141.129498282586610   5172.720390000004045   0.117037476177109  -1056.278986198090706  735.159300000000371   -1110.909554517121478      654.104109999999991
7JZK.pdb  no        -7645.117912721460925   5972.353510000001734   -8084.008311134341056   5375.787190000000010   0.161207215612393  -1269.619187434193918  962.786480000000097   -1316.686941651040115      900.944850000000088
4HFF.pdb  no        -7640.580037896835165   6949.476600000002691   -7864.039127344335611   6331.505300000007082   0.107181913527128  -439.800295302149948   744.858199999999783   -621.967233731309534       572.126960000000167
7LKN.pdb  no        -7618.229287036474489   6792.146549999996751   -7987.425793983037693   6462.325980000005075   0.138620604409662  -212.728275898348159   941.531459999999811   -342.392692111551924       745.042689999999766
7JVB.pdb  no        -7520.525350461454764   9911.388330000008864   -8382.299328219065501   7118.373700000005556   0.071642619213165  222.518595341253473    710.077819999999861   -131.828456953687549       330.379440000000045
7V8F.pdb  no        -7512.021288254889441   6703.918299999999363   -7949.392540547515637   6278.992799999999988   0.082942848512936  -265.624312045014108   556.042080000000055   -376.844264877724811       434.221579999999960
6NE1.pdb  no        -7485.076201710008718   7523.849679999994805   -7970.151188416032710   6938.043740000002799   0.147475519473696  -695.774726419085709   1109.583640000000059  -876.416668558557149       789.651529999999866
5YWR.pdb  no        -7452.019297413829008   6254.445159999995667   -7897.435581770468161   5818.137429999996129   0.093914007553629  -153.551970022425678   587.380009999999970   -279.490149207629656       379.671670000000063
5KBX.pdb  no        -7436.463508190769062   7746.346820000000662   -8001.996528074830167   6202.370070000003579   0.097089533618377  -189.144851362920974   752.089200000000346   -488.630000770678294       428.297780000000159
6POG.pdb  no        -7398.930862544099909   9152.991650000007212   -7834.924528377885508   8642.440940000005867   0.098070410672777  -686.157430969569418   897.637649999999667   -759.501892265087349       774.331439999999816
1D2Z.pdb  no        -7388.587928048209506   6578.086030000000392   -7705.350755608176769   5682.761850000001687   0.127191942486651  -472.194248188583515   836.679539999999633   -726.868710817099327       672.458329999999933
7BZK.pdb  no        -7379.603914104806790   5901.801709999998820   -7650.352600949065163   5557.339449999995850   0.133973538734835  -436.971531458026618   790.685260000000198   -592.427737901280693       554.764920000000075
6AO5.pdb  no        -7343.773658057271859   9986.112490000001344   -8987.795938429966554   7874.764559999996891   0.182537807562791  -1929.220466382688528  1822.843079999999873  -2105.772498194337459      1594.251339999999800
6DLD.pdb  no        -7339.404798266285070   15424.568799999993644  -9058.642607528194276   12813.246549999983472  0.047915137828683  -158.539204299249775   739.070340000000101   -389.659622775573723       496.963019999999915
4EHP.pdb  no        -7309.440418111485087   7032.679179999998269   -7912.016092270079753   6125.972220000004199   0.316728541568421  -1932.010785822232265  2227.450219999999717  -2334.894263691374817      1897.140319999999747
1V74.pdb  no        -7297.745268339913309   5354.147660000000542   -7433.163139548092659   5250.013090000000375   0.170615966911902  -401.981371806743482   913.503080000000068   -513.886687380291505       840.433760000000007
3JV4.pdb  no        -7297.226610319056817   7163.406779999999344   -7931.045717422342022   5627.564210000001367   0.102813096145295  -418.062868371470870   736.492029999999886   -674.769286893970957       553.925100000000043
3PHF.pdb  no        -7210.637703540961411   24026.089250000015454  -11194.179743058253734  15610.334620000001451  0.094913316365043  150.691924134134439    2280.395810000000438  -481.155758691986989       1223.390350000000353
4NOO.pdb  no        -7179.094247565074511   6935.683760000001712   -7584.955266307915736   6460.736259999996946   0.170780541758726  -630.876912496542332   1184.479829999999993  -785.178095507641274       1034.473039999999855
1MBX.pdb  no        -7174.562935333493442   5939.946170000000166   -7473.463940283271768   5538.249270000001161   0.138894245231855  -412.033185991945288   825.024339999999938   -550.153093235783103       564.053879999999936
4PC7.pdb  no        -7139.677299207473880   19158.561170000015409  -10194.144921816139686  14215.051910000009229  0.045926747431211  226.349626752228062    879.890399999999886   -188.453526830663549       570.629170000000158
4XWJ.pdb  no        -7106.604501484193861   5813.219419999997626   -7446.869375464230870   5452.260339999997086   0.120595585569691  -707.408591982033727   701.048599999999851   -800.671296084242726       549.330099999999902
3KMU.pdb  no        -7102.009160530281406   10448.307039999999688  -8100.613095813082509   8825.010800000003655   0.074126648177062  25.240580909204009     774.497979999999870   -192.131360205487198       300.684459999999945
5MJE.pdb  no        -7098.026329462008107   7566.938210000003892   -7639.308850224691923   7024.807910000004995   0.145099345274025  -623.783728932619965   1097.957780000000184  -788.947040422282612       744.164519999999811
3MX0.pdb  no        -7078.232046964805704   17641.352849999981117  -8717.988028926323750   15437.537429999993037  0.047503681102325  792.247434750020716    838.029199999999946   78.675221516749133         183.279100000000000
5IKF.pdb  no        -7059.355894634513788   7863.216830000003029   -7673.565034684022976   7011.238589999995384   0.379624626223108  -2896.907285067897647  2985.070750000001681  -3149.219719201139469      2643.211039999999230
7BHF.pdb  no        -7039.900526781133522   6779.074640000002546   -7221.311095260559341   6570.500070000006417   0.117081426617837  -471.501906768284471   793.703729999999837   -528.337818433885445       757.352530000000002
6JH0.pdb  no        -7032.702587594480974   6326.079719999998815   -7315.946345187464431   6156.660490000003847   0.099874073354232  -297.058354819479462   631.811350000000061   -472.303480364706786       421.812710000000038
2NPT.pdb  no        -6989.805516814744806   4963.474509999999100   -7280.051706335822928   4588.330389999999170   0.109081698497531  -506.359634617441884   541.424229999999852   -589.509522518380777       399.163729999999987
5GPY.pdb  no        -6983.961793532622323   7024.528460000005907   -7582.054321465779140   6534.423930000006294   0.271571512716171  -1608.045780683109570  1907.661819999999580  -1877.831931069752954      1375.338809999999739
4DX8.pdb  no        -6956.057025871442420   8408.620859999997265   -7848.216181762688393   7203.582870000001094   0.149509472591442  -949.949696009027889   1257.168470000000525  -1145.651786782201953      1120.152000000000044
4HPM.pdb  no        -6954.959115210860546   6248.055280000004132   -7320.111045616953561   5780.084649999994326   0.226924890459676  -1002.021844915296015  1417.839260000000650  -1132.704706834403396      909.870080000000030
2O2V.pdb  no        -6932.746573473305943   4858.027270000002318   -7197.588555397482196   4574.312309999998433   0.114527276006831  -660.352943835490578   556.376629999999977   -680.068111591043589       490.186239999999941
7KDC.pdb  no        -6879.909388908984511   7398.143249999996442   -7278.897206280144019   5997.587090000000899   0.090119539115440  -473.317579222315430   666.717259999999897   -519.610749817798023       645.790289999999914
6ZSI.pdb  no        -6870.251450084316275   7555.324679999996988   -7964.263272492930810   6252.113420000001497   0.093893664408344  -95.543129766154422    709.397120000000086   -340.571252514216155       487.836259999999925
3L4Q.pdb  no        -6815.956150697139492   6408.172370000005685   -7445.598722052493940   5668.759589999996024   0.124446229588546  -458.886334219219293   797.472890000000007   -548.403809810974394       695.142419999999902
1YUK.pdb  no        -6815.226910869146195   6585.611470000002555   -7357.376526761670902   5890.377979999999297   0.284128715841173  -1903.613193419794698  1871.161330000001499  -2203.528656813838552      1547.734570000000986
6ER6.pdb  no        -6812.844504831427003   5577.336670000006052   -7190.767928697940079   4781.127779999999802   0.120190002802897  -392.092261468700826   670.340110000000209   -578.779891830090605       447.364249999999970
3ZXU.pdb  no        -6812.200060203635985   12379.512470000001485  -7960.058100785633542   10137.153899999993882  0.218416881646390  -451.164137903695234   2703.894509999999627  -1082.543769313812163      1646.636359999998604
3PT8.pdb  no        -6785.047630567469241   7032.973520000003191   -7481.516584608083576   6456.626190000003589   0.108998296072072  -361.740372776153436   766.582130000000234   -585.654926093022596       597.695650000000114
4UHP.pdb  no        -6741.932013097748495   5686.653110000000197   -6978.686341755621470   5450.711429999994834   0.155825457058695  -1030.506064485603019  886.125319999999874   -1073.996677853500387      819.601329999999848
2ERH.pdb  no        -6660.047746740154253   5665.712549999996554   -7072.248096570634516   5351.526749999992717   0.133684433037465  -627.148885656855668   757.417569999999841   -720.496874030270646       698.845089999999800
5XN6.pdb  no        -6652.468152535096124   14228.327639999995881  -9915.504405003090142   10205.383070000001680  0.119239267813206  -1352.487695691089357  1696.575369999999793  -1518.723822808452041      1555.127289999999903
6EY0.pdb  no        -6637.249825645448254   7575.019579999996495   -7153.552501515259792   7101.124069999996209   0.078566029264310  -462.806654147236259   595.139209999999935   -664.258985396778598       400.492920000000026
2OVP.pdb  no        -6555.275892560155626   19251.906830000007176  -8018.198550725788664   17315.247540000011213  0.089620584352267  428.649897377250113    1725.367139999999836  -60.119100411857829        1368.788429999999835
6W0V.pdb  no        -6499.782395610420281   5614.452059999997800   -6939.722754552148217   5157.730100000003404   0.159908438153090  -1117.757021894832633  897.798260000000028   -1159.045277922730747      853.063850000000002
3RTR.pdb  no        -6460.768150389633774   12071.377759999993941  -8150.700050802201986   9036.382100000000719   0.164025038348233  -2121.987336082204820  1980.008200000001580  -2301.215747266051039      1891.744870000000219
4OYD.pdb  no        -6447.741704826953537   6417.294940000001588   -6894.097843359872058   6111.038199999996323   0.195106053517310  -1130.601688446800154  1252.053089999999884  -1300.225331787004961      1041.733260000000200
6OX7.pdb  no        -6409.978911037565013   6319.276800000001458   -7298.599582337742504   5021.617659999998068   0.125644505713059  -417.566519766408192   793.982409999999959   -531.150543670496859       569.055239999999912
6A3V.pdb  no        -6408.927524369217281   9151.436300000008487   -7102.014932478447918   7852.817219999999907   0.088488283527691  -41.664819669768868    809.794890000000237   -212.518596649320813       278.509529999999984
6XF1.pdb  no        -6305.836775958567159   12646.914530000007289  -8264.141402170675065   9974.713790000003428   0.084101677723602  332.267754814657337    1063.626729999999725  -168.432166103205731       341.111490000000003
1Y8X.pdb  no        -6281.196552734376382   7160.277259999999842   -6821.951039995770770   5787.859879999999976   0.116137667551717  -190.011730600985004   831.577900000000227   -340.991574953393524       715.324560000000133
4YK8.pdb  no        -6271.261277151885224   10374.832090000007156  -7476.175313235689828   8971.986789999984467   0.111787414961431  -1108.253492395504054  1159.775660000000016  -1148.571479810113260      1101.345260000000280
3AON.pdb  no        -6228.630383230813095   6798.448270000004413   -6626.198299908235640   5952.307430000004388   0.297660508638392  -1643.607056239217854  2023.629570000000058  -1761.738496130924204      1525.941210000000183
7AKV.pdb  no        -6206.539632517054997   27461.399190000069211  -9526.300338686571195   16990.714109999975335  0.030240565830397  872.574999350919711    830.448249999999916   -21.601235926289007        158.236930000000029
4DBG.pdb  no        -6121.786371448418322   5690.865239999997357   -6537.755079763110189   5253.686340000002019   0.143823312533755  -418.763173140460651   818.479090000000156   -646.234193125711613       580.913419999999974
4Z3U.pdb  no        -6108.073839127782776   12099.376219999998284  -7680.665343896363993   9707.665449999994962   0.149354180508324  -192.420499885963693   1807.092419999999265  -674.564824926388837       1266.286090000000058
6SKU.pdb  no        -6106.783952710827180   27763.976939999971364  -13306.691206116991452  17595.188579999994545  0.063440953138899  1155.058445492362353   1761.373159999999871  -310.973076995218605       366.576590000000010
2Z3Q.pdb  no        -6106.244613064303849   4902.440839999999298   -6494.869020724782786   4684.178629999996701   0.123838006375616  -459.859213577428420   607.108499999999935   -572.696201826589345       506.013119999999958
1GH6.pdb  no        -6092.109512304576128   10641.485819999981686  -7769.592265319088256   8677.144770000002609   0.073320633339903  357.034504813253591    780.240479999999934   -210.624783487165871       279.615419999999915
4MJS.pdb  no        -6082.783647455094979   5183.199870000003102   -6446.545886052754213   4810.806150000003072   0.107768495140049  -475.494066447382124   558.585650000000101   -512.500514593210141       491.446389999999894
5L0W.pdb  no        -6064.602822015628590   7907.243460000000596   -6825.618866785787759   6731.812500000000000   0.278405632903075  -1347.328448263218661  2201.421120000000428  -1511.783470692264473      1822.542320000000700
3L0I.pdb  no        -6061.899425641199741   12452.841580000002068  -7774.555124904083641   9948.696449999992183   0.132676130936534  -1018.786959542108661  1652.194840000001022  -1273.906009143482834      1489.344400000000405
6P4O.pdb  no        -6000.049464078045276   23552.308139999990090  -11595.120922688496648  14483.503909999999451  0.056887538241931  479.679290727877685    1339.832829999999603  -202.603506972191781       414.363699999999938
5JSB.pdb  no        -5976.301418419245238   6365.958049999999275   -6601.921515410207576   5810.399909999999181   0.229347101965273  -1107.199996865351523  1460.014030000000048  -1441.887588606091867      1224.382689999999911
3G9V.pdb  no        -5948.878365571164977   9790.908520000009958   -6876.911746509549630   8630.189520000010816   0.092134157740042  230.059385470043026    902.077109999999720   98.702255947260326         491.950040000000058
5JSN.pdb  no        -5914.258076666456873   6332.111620000002404   -6597.653940925601091   5768.340090000004238   0.236037075733040  -1329.503957604592870  1494.613110000000233  -1559.227260811966516      1295.660140000000411
1BQQ.pdb  no        -5896.859813604936789   11512.532040000001871  -7810.893031734334727   8887.482830000008107   0.116113248185149  -202.350683276188505   1336.757490000000189  -818.005661933555075       710.045490000000086
2CH4.pdb  no        -5867.375413533225583   14174.863970000027621  -7788.713669488760388   11439.017970000006244  0.080447100756199  679.575345267030912    1140.326710000000048  -24.031215389782194        289.101729999999975
1OZ7.pdb  no        -5785.587411647495173   8237.046920000004320   -6879.295904594979220   6075.389899999994668   0.208919045467814  -936.565887699710061   1720.875979999999345  -1084.594795359526643      1154.700799999999845
3ANW.pdb  no        -5766.150014776328135   8160.842640000002575   -6745.718701982834318   6898.134570000002896   0.109004797573207  163.090609295373014    889.570999999999685   -230.425852372502078       525.913440000000037
5HVQ.pdb  no        -5683.931498188779187   11690.373910000012984  -7460.359794663691900   9135.903759999999238   0.114857152588715  549.040354650228892    1342.723060000000032  -307.060406842589032       418.217770000000030
5CK3.pdb  no        -5662.402877815805368   12099.197089999992386  -8320.396546866504650   9242.198360000002140   0.105318547216095  -194.911830584370676   1274.269859999999881  -537.846129847363386       890.011900000000310
1QA9.pdb  no        -5643.218867739103189   6700.418480000001182   -6467.726251427469833   4994.135540000000219   0.097749908002761  283.238417486280298    654.965289999999982   -83.715734496978598        183.354930000000024
1Z92.pdb  no        -5616.739020912566957   7309.235650000003261   -6229.272639013918706   5996.579689999992297   0.125319794553347  -238.829263308669965   915.991909999999962   -515.922143202148504       696.754799999999932
2V1Y.pdb  no        -5573.985992414540306   6011.823949999997240   -5876.059298628223587   4968.715820000000349   0.184843311986872  -801.141323710646930   1111.245450000000119  -850.230929694313545       927.771850000000427
1OEY.pdb  no        -5572.868836958911743   5369.991879999997764   -6018.945688923911803   4733.071770000000470   0.127914865673875  -334.788287785753084   686.901789999999892   -542.882479847094714       476.109030000000018
2CKL.pdb  no        -5521.846866604832940   5388.702500000000327   -5792.947334084424256   5158.135599999999613   0.411413946121539  -1388.494315467836259  2216.987360000001445  -1588.513225855515202      2021.536150000000134
1X7A.pdb  no        -5468.325331046971769   10359.019900000002963  -6665.092248742890661   7734.117640000004030   0.069940915935493  246.803310242742327    724.519339999999943   -162.658732809148546       282.005789999999990
6ZIE.pdb  no        -5393.333573511482427   6661.048669999997401   -6053.015206417785521   5813.809360000003835   0.177828945363343  -880.914484467174020   1184.527259999999842  -1128.100633846440815      833.962390000000141
7CEI.pdb  no        -5360.812621180920360   5718.388039999997090   -6097.300931601656885   4740.660870000001523   0.122775527839136  -551.488579882742783   702.078109999999924   -686.955007935735807       603.917769999999905
6KZ7.pdb  no        -5331.749082446458488   4537.105409999999210   -5401.243068236867657   4348.116599999999380   0.182491759652549  -653.942130500317035   827.984350000000177   -700.652113148429862       722.354019999999991
2V8S.pdb  no        -5291.439544631373792   5245.012129999999161   -5777.826707171119779   4537.262949999999364   0.123263703491187  -81.417966736049507    646.519619999999918   -265.953394470470244       448.322930000000042
6SNY.pdb  no        -5278.446235596797123   7020.720189999999093   -5860.006253302871301   6621.211779999999635   0.084101923167515  -432.634874087421508   590.456069999999954   -490.071093742014853       522.324819999999931
6AXG.pdb  no        -5268.839272942262141   13619.179369999992559  -7756.287321502073610   9489.405109999994238   0.109829256915059  189.757834457753205    1495.784350000000131  -198.602910628855454       804.758969999999977
7JZI.pdb  no        -5259.084454577896395   6046.454070000002503   -5592.471430007850358   5264.869029999999839   0.147626744479678  -387.301949708648692   892.618330000000242   -553.499725823615336       685.544919999999934
1XFX.pdb  no        -5216.619244249459371   24051.023250000031112  -11193.728301270122756  16889.153360000011162  0.107827334955489  -14.926340742138697    2593.357740000002195  -842.195955964708901       1311.189750000000458
1WMH.pdb  no        -5207.548629087310474   4777.609129999999823   -5372.629729551264973   4366.576139999999214   0.126117016609100  -440.527026580738095   602.537810000000036   -534.254541288849168       485.580679999999973
1GGP.pdb  no        -5165.333035981918329   16007.288119999993796  -7557.626865590880698   12638.899770000009084  0.089000515222812  674.210283292006011    1424.656890000000431  -46.318330596956415        305.001109999999926
5C7J.pdb  no        -5103.961421068470372   12162.979719999999361  -7218.330277562545234   8980.164910000006785   0.058787285390623  -29.694270626995976    715.028559999999970   -272.099866689315888       308.177729999999997
4Y2O.pdb  no        -5092.409517137178227   11819.903810000003432  -7416.917100259443032   9205.916459999994913   0.131709497388879  112.727119482011034    1556.793589999999767  -683.051461714732454       782.142059999999901
1S6B.pdb  no        -5086.400698940523398   6315.120350000001054   -5720.638803873862344   5339.159720000004199   0.151871175345059  235.662242081166767    959.084749999999985   -192.947998060148677       493.972060000000056
3L2O.pdb  no        -5037.049522364912264   10948.289679999999862  -6847.517974466214582   6893.588590000004842   0.130195252561129  -47.623954873967179    1425.415340000000015  -611.845200316704563       625.879339999999843
5LON.pdb  no        -4988.505977101897770   12638.435510000001159  -7227.397810460500295   9030.142100000004575   0.133075404678787  -880.355602138057066   1681.864919999999756  -1272.458355688273741      1215.962839999999687
3CQG.pdb  no        -4970.329069154654462   9571.235449999994671   -6805.463788466805454   7486.225229999999101   0.122531602751451  -590.739512374293895   1172.778819999999996  -895.349276196823780       808.402809999999818
3V6I.pdb  no        -4963.483365194157159   4420.982070000001841   -5213.679952382101874   4207.295930000000226   0.519667070262513  -1656.508811321144549  2297.438800000000356  -1818.393197492321406      2162.138760000001184
4IOP.pdb  no        -4921.779152381967833   7642.006890000006024   -5686.319140771877755   5900.972380000008343   0.106508227709802  -369.912430114606877   813.936609999999746   -458.470299836662491       717.439679999999953
2ZET.pdb  no        -4890.257810512643118   9144.637899999997899   -6477.842041860715653   6751.681870000001254   0.197227391584308  239.053345811918291    1803.573080000000118  -517.328850996059259       802.825179999999591
2H0D.pdb  no        -4872.856871404956109   5517.280520000002980   -5241.544791079121751   4753.836939999997412   0.398738083377352  -1094.810900657358161  2199.949860000000626  -1388.554805069524491      1693.436939999999822
6L5K.pdb  no        -4840.909875539721725   5213.722639999996318   -5202.207986604596044   4672.032319999996616   0.113018672201558  -269.309790095165965   589.248009999999908   -387.251734584661392       455.085370000000012
6LOJ.pdb  no        -4827.999798494381139   20571.094059999981255  -8118.797533788181681   14454.009159999994154  0.026832677853207  803.970904932909889    551.977539999999863   19.914140552405065         22.954239999999999
1RY7.pdb  no        -4708.397860315009893   11498.402579999994487  -5894.555566004244611   8667.113430000001244   0.128015627367258  231.253311507484085    1471.975219999999808  -309.292902245941548       1010.538940000000025
6X0A.pdb  no        -4561.221430149908883   3629.364500000002408   -4839.614482391709316   3429.573039999998855   0.419169774763598  -1432.972665094202284  1521.319899999999734  -1613.912612942453279      1239.310150000000249
1FQ1.pdb  no        -4539.229348707590361   14408.316560000002937  -7598.594200592090601   8309.618590000001859   0.061435896158572  667.086612508881785    885.187839999999710   -151.230677526396505       166.060440000000000
6KMQ.pdb  no        -4505.511997418911960   5423.932679999995344   -4968.306549890881797   4820.387699999998404   0.263465340428967  -979.291040708202672   1429.018270000000712  -1144.039195390941131      1223.640090000000328
4IYP.pdb  no        -4491.329073451654040   7542.653729999996358   -5840.713247229485205   5860.894509999998263   0.116966684615389  222.278399365876908    882.239199999999983   -265.157204883364273       501.699189999999930
3N7S.pdb  no        -4450.124689520599532   4619.827359999999317   -4653.759565863518219   4168.006089999998949   0.203475025525629  -847.108671833524227   940.019490000000133   -963.534983694760967       749.694830000000252
4C9V.pdb  no        -4353.431106965529580   6867.594699999994191   -5129.839658461280123   5083.460619999998016   0.103254356288673  -274.460011128574536   709.109069999999633   -430.224492735202375       560.784679999999980
4YN0.pdb  no        -4295.324965859388612   8168.467760000004091   -5106.346860196217676   6315.790089999999509   0.084942163008549  -20.589365242968810    693.847320000000309   -322.403763740327747       385.339320000000043
3L82.pdb  no        -4264.163590234460571   9577.900699999991048   -5934.894073748841038   7354.509579999995367   0.063409081908732  -197.592266335892162   607.325890000000072   -473.504595948639405       418.469130000000121
6IWB.pdb  no        -4233.046335053794792   6469.500419999995756   -5028.168793133997497   4637.154669999998987   0.192554560495724  -908.726752051785070   1245.731809999999996  -1087.651388349612944      937.877119999999877
6VU5.pdb  no        -4172.692575572946225   16176.268539999997301  -8323.772279869646809   10573.500120000007882  0.121628885248464  198.771562143079962    1967.501510000000962  -488.397915627362579       952.543510000000083
7LTO.pdb  no        -4155.122750631427152   17310.350300000005518  -8572.131453924659581   11615.052919999987353  0.101932935464628  775.624294167846870    1764.494820000000345  -134.907271148912713       728.685249999999655
3LAQ.pdb  no        -4104.052805968652137   12493.946500000000015  -5777.194499870988693   9395.405220000000554   0.107169865022233  -175.282737046494930   1338.974560000000110  -657.233122926814190       842.364359999999920
6R6M.pdb  no        -4067.334560062850414   4974.387219999998706   -4580.079055873430661   3986.103439999996226   0.215762029076619  -1409.910074042479209  1073.283879999999726  -1553.164224682287340      914.304809999999861
4OZR.pdb  no        -4066.841422640714427   8820.989979999994830   -6001.658727215734871   7067.528040000002875   0.117037642298739  370.449496172677300    1032.387870000000021  -354.563993252398234       416.355279999999993
6M3P.pdb  no        -4035.499591713901282   18344.439069999996718  -7577.993680183724791   11158.008080000006885  0.049450054947905  460.077318420726726    907.133519999999976   -18.149249521416621        268.514819999999986
2QKW.pdb  no        -3991.882760004939882   10782.468259999999646  -6189.284777290945385   7744.524720000002162   0.063525662536938  548.801252769184089    684.963440000000332   -62.849258086541006        238.948779999999999
6DJL.pdb  no        -3939.990781547314327   8849.739710000001651   -5596.596068855658814   6871.524129999990691   0.131025113505852  46.245132723325121     1159.538150000000087  -576.708005254552518       582.158610000000067
4KBQ.pdb  no        -3796.331118423333919   4866.445969999999761   -4276.237124193037744   4025.086150000002363   0.195428794619906  -302.268692134194850   951.043670000000020   -527.798053708634257       583.192659999999933
3K1I.pdb  no        -3743.585325766683127   5020.855599999998958   -4216.769217947330617   4315.058850000003076   0.176065953778874  -240.420425765676328   884.001730000000293   -445.301629566208987       601.227750000000015
7L3L.pdb  no        -3539.725708624755498   6506.042979999998352   -4029.529500161236228   5648.341170000001512   0.099936420954907  -529.528783169337544   650.190649999999891   -554.896099807563473       628.599909999999909
1TVK.pdb  no        -3450.954745765377083   27310.663550000026589  -10181.046326579553352  17053.098590000015975  0.063177165096745  225.960490901142947    1725.410300000000007  -392.699918944190870       738.682009999999764
5NCM.pdb  no        -3386.517727043800733   6822.477759999997033   -4637.645297459860558   5114.491040000003522   0.295712428969501  -330.128782209821111   2017.491469999999708  -766.174340009903858       1160.811319999999569
3VIQ.pdb  no        -3370.731446643156687   3835.589579999998932   -3804.510665047539987   3056.218400000000202   0.577039824996083  -2477.615367267089823  2213.287939999998798  -2709.114567215126954      1908.417290000000321
4FXW.pdb  no        -3228.346960413931811   4668.312110000000757   -3814.906373944327242   3813.057110000001103   0.229456112779058  -362.424205612905268   1071.172750000000178  -516.154656210610710       754.286240000000134
4NKO.pdb  no        -2946.191275137591219   7988.588400000005095   -3917.081418941276752   6883.794210000001840   0.095283697430199  638.096289762692550    761.182239999999979   48.359703599361119         40.780519999999996
6MUD.pdb  no        -2897.906685774089965   5709.026079999998728   -3937.770311209926604   4603.738820000000487   0.120871451685504  275.398930724410604    690.058269999999993   -77.965347265006983        258.729680000000030
1HCN.pdb  no        -2801.553426355147167   5968.251590000005308   -3254.214477542496752   4923.970230000000811   0.313087585505087  -308.183938073312163   1868.585480000000189  -685.219128532818900       1436.349020000001019
6KCR.pdb  no        -2778.887466975800635   6205.327230000000782   -3525.959065898445260   5040.241260000000693   0.089464063605877  -134.750108790018032   555.153789999999844   -310.231537776651692       280.261490000000038
3N7P.pdb  no        -2695.536525987685309   4230.745769999998629   -3074.568779814098889   3354.491359999999531   0.176197985065881  338.288730577827721    745.448879999999917   -21.039742056041021        402.155279999999948
6H4B.pdb  no        -2501.752068055646760   5012.304980000007163   -3685.974581169489738   3775.904610000001412   0.224109591192513  -547.295345648230068   1123.305620000000317  -861.373457012777862       686.513770000000136
6IRD.pdb  no        -2487.223162169990246   9179.029269999999087   -3821.872837731200889   7864.346439999995710   0.137732388993678  218.787204463443146    1264.249630000000252  -445.640565750184294       478.578029999999899
5V03.pdb  no        -2411.710353772712097   4446.282879999997931   -3115.046289513640659   3781.561730000000352   0.274967037185003  -453.357523217656990   1222.581230000000232  -629.722090696509554       1055.137230000000272
1BR1.pdb  no        -2115.837800862155746   26591.462179999929504  -8439.662961587644531   16588.055390000023181  0.076453948122081  833.441355584874259    2033.022270000000162  -239.503888077953945       594.871550000000070
1AM4.pdb  no        -2102.018013649706973   10421.705090000004930  -4478.445765254779872   6561.904899999995905   0.083879775185617  1162.093733786291750   874.170279999999707   38.545628286605847         58.224470000000011
7DO4.pdb  no        -1936.674274053050112   11289.896269999995638  -3244.983242969804905   9563.730789999995977   0.084544232043684  592.354772488651975    954.495609999999829   -40.584997515750651        138.768069999999994
7JLU.pdb  no        -1866.031170990365126   38247.499489999980142  -11298.323445923822874  23257.710150000046269  0.057205640608533  1226.707764177738682   2187.972710000000916  -116.480179942585309       409.488750000000039
5X0W.pdb  no        -1786.882769530762062   4671.118629999999030   -2693.908508104423618   3212.219110000000455   0.149881284432290  -286.590998819747483   700.113259999999627   -406.189894239591183       526.861519999999928
1KMH.pdb  no        -1770.775409051277620   29268.464879999919503  -8747.643892924235843   17242.681619999999384  0.065706738562641  693.971630084673848    1923.135370000000194  -287.142208711500132       584.071750000000065
6XQO.pdb  no        -1615.022348661129172   14508.674460000002000  -5013.732489199694101   9029.445120000000315   0.088060118346607  604.765391866856476    1277.635590000000093  -136.018338347748312       511.737390000000005
2Q7N.pdb  no        -1590.366801917301927   21712.389240000004065  -5204.452972687608963   13879.780169999996360  0.044618568195860  -121.148539707578493   968.775720000000433   -519.298048589157929       455.732379999999978
7OGG.pdb  no        -1539.150871366338151   14911.196719999998095  -6301.554124349236190   8071.895379999999022   0.090697623765237  1092.138619424777971   1352.410110000000032  19.866532242290905         108.620849999999990
7N9A.pdb  no        -1391.782055240020782   10254.713719999992463  -2874.197825854812891   7222.354299999994510   0.075369758835159  407.851858286875370    772.895299999999793   -2.371842338642004         135.149429999999995
5CTR.pdb  no        -1252.138594027020872   12588.855629999998200  -4067.869743567921432   8569.822250000002896   0.052841671201213  -10.835399383173911    665.216170000000261   -475.929510062157192       392.643349999999884
4DIN.pdb  no        -1244.051342930592909   20310.020280000026105  -4593.986241076384431   11958.004120000001421  0.106043674516705  1509.855774291294438   2153.749179999998887  60.423159647204429         194.539089999999987
6IRE.pdb  no        -815.580646902615172    9620.417529999987892   -2961.073992786462895   5184.936339999998381   0.140133128920445  30.776682433731647     1348.139210000000048  -489.533487390638527       799.739440000000059
1Y01.pdb  no        -692.357861312172986    4628.687570000002779   -1712.241343535537453   2984.061239999998179   0.178631239956427  -105.547502143309316   826.828199999999924   -347.721712241156013       282.171329999999955
7QLA.pdb  no        -644.744940373598070    27848.421180000023014  -8569.287594426543365   16292.881209999986822  0.056987655772017  1211.034870781558993   1587.016239999999470  164.740231902003586        262.156009999999981
3LBX.pdb  no        -642.092798251606268    5662.705640000001949   -2190.079514073319842   3472.994819999999891   0.231974471835693  472.440910351856985    1313.603149999999914  -284.316875407041891       392.321680000000129
6J5W.pdb  no        -508.247086172957950    36331.458729999940260  -10724.371147763362387  22773.417929999999615  0.061353711023978  1714.255812206322844   2229.069820000000618  -12.481485402148355        422.349900000000048
2Y3A.pdb  no        -443.040037669299352    37250.591169999999693  -11211.260087453043525  21016.106929999990825  0.076987048793728  709.613327430354047    2867.813080000001264  -874.570706373009443       1153.457920000000286
6MWQ.pdb  no        165.167807842624399     22383.790809999980411  -5533.030562417496185   11648.627240000005258  0.043003230693613  780.375980416333618    962.575320000000147   -90.150658072857453        251.878540000000015
5WSU.pdb  no        418.512890716869094     3505.012800000002244   -469.909222003606715    1327.875679999999193   0.388688800223497  39.638151729055011     1362.359220000000050  -209.962688919038243       777.535020000000031
1LDJ.pdb  no        455.598167491389063     20934.155769999990298  -4985.911049923642167   10700.122989999999845  0.114662627257216  -942.663192557616412   2400.365300000000843  -1368.821952615596274      1714.875829999999723
4CV5.pdb  no        726.831336394320374     9527.654760000001261   -2400.989303531216137   4838.477920000002996   0.114755040725258  553.596934355865869    1093.346410000000560  29.348881706848154         215.856889999999993
3HVE.pdb  no        966.885791107164664     8446.869960000001811   -1240.886033409756010   4458.975529999998798   0.143680823280959  26.735009455519400     1213.653230000000804  -536.746117588270749       745.203930000000241
7B14.pdb  no        1322.566073824854584    10348.059230000002572  -2000.389679814929877   4274.811479999998483   0.080653420264584  946.102297447079309    834.606370000000311   -6.899864856880271         112.775800000000004
1QBK.pdb  no        1413.687575093862051    27133.121529999993072  -7021.421993983927678   13905.102449999996679  0.072750117888850  1651.621821280286213   1973.937790000000632  22.157761519455242         298.941870000000051
6ZL1.pdb  no        2091.963395388048411    12550.782880000002478  -2501.756584572858173   4224.082259999997405   0.063753962414176  -932.424457611875482   800.162140000000136   -938.113293726044617       739.469340000000102
4U1C.pdb  no        2531.715295517936738    20478.312499999992724  -3773.646413798848698   8513.384569999996529   0.057295678049644  609.592222882296596    1173.318800000000010  -91.835035373921656        267.525829999999985
7N8X.pdb  no        3104.500387885690088    26397.443219999997382  -4573.948797581588224   12543.942850000006729  0.048740627237156  1156.461300168295111   1286.627940000000081  7.922562524695661          103.257140000000007
2Y9Y.pdb  no        3478.656156015413671    22957.447059999954945  -4570.876758784192134   13096.819980000005671  0.114850082115359  1188.142210000837395   2636.664679999999407  -282.078145670880474       746.634010000000330
5YY0.pdb  no        3712.921172493544873    13996.932319999981701  -2043.014637049388739   5336.656790000000910   0.050425593541771  607.490143182131874    705.803620000000137   -81.870687296303089        175.660510000000016
4LQS.pdb  no        5975.480426772057399    12260.191719999993438  -1326.564474784349613   3258.368750000001000   0.088387591707253  1402.807039941836365   1083.648819999999887  39.888647478805197         65.489679999999993
6SXA.pdb  no        8082.588592216749021    25093.881759999963833  -5068.634874256749754   11009.973929999996471  0.115900395874026  1704.864066367384567   2908.390830000000733  -295.069612257474773       777.760189999999966
7E5Z.pdb  no        9133.459310282620208    41316.841360000064014  -5310.914180863637739   17209.965050000009796  0.047291715331648  386.844497632015191    1953.944300000001249  -454.440670447716286       1129.653130000000147
7PDH.pdb  no        10132.556231242027934   15807.690809999965495  420.530437722869806     2776.981050000000778   0.035247060857714  822.367889795994870    557.174639999999954   16.760129182076508         13.474510000000000
1MCW.pdb  no        10684.726548433842254   13716.957370000003721  1493.867296727124085    3936.163119999999708   0.113677381064865  1483.075914172092780   1559.307790000000523  17.140493353600156         116.313570000000013
2ZIX.pdb  no        26188.249788357858051   13938.702610000011191  2651.539293812706092    1312.948500000000195   0.226561928922594  5535.152403593917370   3157.979349999998249  573.626609910408774        304.455240000000117
6WCZ.pdb  no        26526.674675771402690   36322.570720000025176  1228.296324848558470    4667.645330000000286   0.034090959297608  1784.403668229378809   1238.271280000000388  53.253208776627247         44.013100000000001
7FG3.pdb  no        34581.243081049658940   36218.439649999956600  6984.316673397309387    8749.849240000008649   0.017858620808917  931.143118565199188    646.811380000000213   55.870149392160933         34.332599999999999
