ID        modified  pseudoenergy           area                  best_core_pseudoenergy  best_core_area        ic_fraction
2VZK.pdb  no        -5050.810485553230137  2655.665940000001683  -5206.894062490574470   2528.591529999999693  1.000000000000000
2P24.pdb  no        -4632.382947420748678  2961.263059999999314  -4735.493191243475849   2858.294219999999768  1.000000000000000
6BLQ.pdb  no        -4606.520018088617690  3104.292410000000473  -4730.114748582924221   2889.340260000001308  1.000000000000000
6KXD.pdb  no        -4082.588076141735201  3143.644080000000486  -4217.119604296503894   3012.174049999999625  1.000000000000000
5DYN.pdb  no        -4008.998206823211603  2266.042730000000574  -4089.854553397878135   2007.110779999999295  1.000000000000000
1VRA.pdb  no        -3765.468239908255782  2714.724000000002434  -3844.895235208582562   2503.200640000000931  1.000000000000000
1JSD.pdb  no        -3764.112406447376998  2594.528400000000147  -3899.687819822700476   2424.113069999998515  1.000000000000000
1AKS.pdb  no        -3724.749842287924366  2852.783890000001520  -3739.991155191436064   2737.991860000000088  1.000000000000000
7E36.pdb  no        -3521.490317808978489  2640.101969999998801  -3571.245947211783459   2567.733010000000831  1.000000000000000
1F2T.pdb  no        -3193.117182453558144  2253.375540000000456  -3427.316247359914541   1960.491870000000517  1.000000000000000
1LUC.pdb  no        -3153.663288479545827  2061.800290000000132  -3312.868163906691734   1912.955839999999398  1.000000000000000
5N92.pdb  no        -3140.598327650987812  2749.122069999999439  -3272.068445010924279   2602.053059999999277  1.000000000000000
3OAD.pdb  no        -3079.447320103596212  1902.094190000000253  -3159.323444980618206   1861.987869999999702  1.000000000000000
7MC5.pdb  no        -3059.913632258609141  2241.055800000000545  -3120.715973701639086   2154.199630000000070  1.000000000000000
6ET0.pdb  no        -3047.993559132673909  2232.931470000000900  -3250.562259040608296   1936.614540000000943  1.000000000000000
5XL7.pdb  no        -3021.206731648499954  2790.880499999999302  -3328.674809862797247   2358.483020000000124  1.000000000000000
5T1X.pdb  no        -3020.156482114765367  1697.147020000000111  -3121.607473432701227   1613.628300000000536  1.000000000000000
6QSP.pdb  no        -2937.633253071822764  2270.084749999999531  -3068.817896717328495   2131.902209999999741  1.000000000000000
5IKF.pdb  no        -2896.907285067897647  2985.070750000001681  -3149.219719201139469   2643.211039999999230  1.000000000000000
2Q1Z.pdb  no        -2848.934054899116290  2808.354650000000674  -3057.315218029597418   2512.587259999999333  1.000000000000000
3NV0.pdb  no        -2826.601214787646313  1806.744769999999107  -3009.515451169791049   1545.557309999999688  1.000000000000000
6BRP.pdb  no        -2807.400101072123107  2045.110020000000077  -2901.248903935228554   1898.692119999999704  1.000000000000000
1F3U.pdb  no        -2793.431288371921255  2269.710029999999733  -3025.462261127218881   2039.349729999999226  1.000000000000000
3O3M.pdb  no        -2778.159431177260558  2130.621469999999590  -2881.037187502453889   2072.938619999999901  1.000000000000000
1X2T.pdb  no        -2718.136498042601943  1834.280020000000377  -2775.203449811113387   1786.355800000000045  1.000000000000000
5MAW.pdb  no        -2649.975422246508060  2433.247660000000451  -2958.040719576003539   2088.781799999999748  1.000000000000000
7L15.pdb  no        -2635.029237333006222  1756.923229999999648  -2799.360725979707695   1536.785030000000233  1.000000000000000
6L59.pdb  no        -2624.317902942284945  2188.856799999999112  -2696.991259157068271   2075.171170000000075  1.000000000000000
4E6N.pdb  no        -2621.339924076727129  2047.794089999999642  -2789.462805243021194   1879.099130000000514  1.000000000000000
7D30.pdb  no        -2599.900487360344414  2306.071109999998498  -2892.632581883674447   2075.988980000000083  1.000000000000000
6KGM.pdb  no        -2583.663977447642537  2599.162200000002485  -2644.785905131489017   2565.196030000000974  1.000000000000000
5Z1G.pdb  no        -2575.714542643764617  2944.687900000001719  -2827.721488138409768   2711.324660000001131  1.000000000000000
6KN1.pdb  no        -2556.949272747496707  2592.376719999999750  -2724.837025681899831   2368.351359999999204  1.000000000000000
4K3D.pdb  no        -2532.429093163308153  1952.907619999999724  -2780.711266431073454   1745.759649999999965  1.000000000000000
4XD9.pdb  no        -2482.477540860895260  2718.680679999999029  -2615.603371880107261   2616.224390000002131  1.000000000000000
3VIQ.pdb  no        -2477.615367267089823  2213.287939999998798  -2709.114567215126954   1908.417290000000321  1.000000000000000
4KHB.pdb  no        -2470.902390814866067  2089.517589999998563  -2727.461261580891914   1740.131800000000112  1.000000000000000
7K75.pdb  no        -2470.640442651386820  1773.924540000000206  -2633.357050545798757   1620.749739999999974  1.000000000000000
1GO3.pdb  no        -2468.239484312266995  1942.935769999999820  -2686.000717209124559   1631.009910000000446  1.000000000000000
3GJR.pdb  no        -2468.083293518751816  2151.021469999999681  -2528.352676354487812   1982.750270000000455  1.000000000000000
5IL2.pdb  no        -2431.324097566970067  2423.337520000000495  -2863.885103772236107   2055.420740000000933  1.000000000000000
4BJJ.pdb  no        -2425.582687217995499  1900.337510000000520  -2519.448013017980429   1333.786889999999630  1.000000000000000
6EH4.pdb  no        -2396.727896402603619  2079.373779999999442  -2654.355921559750186   1855.821260000000166  1.000000000000000
3VHL.pdb  no        -2376.145761660494827  2154.222949999999400  -2515.817053323324217   2005.215089999999691  1.000000000000000
6DXY.pdb  no        -2370.590815856297922  2174.031539999999950  -2450.423916524097422   1993.161720000001196  1.000000000000000
3TV3.pdb  no        -2367.110746427384584  1672.452980000000707  -2470.612156633798350   1597.127320000000736  1.000000000000000
3ML1.pdb  no        -2341.149697974799892  3053.216809999999896  -2587.541925141256343   2905.156840000000102  1.000000000000000
4LFH.pdb  no        -2269.103815116252918  1925.116890000000467  -2375.713056829918969   1637.876930000000584  1.000000000000000
3EGG.pdb  no        -2266.970314708928527  1962.977429999999458  -2426.627061575527478   1897.079320000000052  1.000000000000000
7ACX.pdb  no        -2255.807774280528974  2316.540129999998499  -2542.284837205102576   1912.021289999999908  1.000000000000000
2IW5.pdb  no        -2247.190671442157054  2677.094359999999597  -2360.306357403788297   2500.595959999999650  1.000000000000000
5NJB.pdb  no        -2220.374137090122076  2575.947029999998449  -2457.431346165280956   2104.306860000000597  1.000000000000000
1SB2.pdb  no        -2206.755848746530773  1663.245839999999816  -2273.139546605129453   1617.859220000000278  1.000000000000000
6PFJ.pdb  no        -2206.181267822000791  2368.171829999999773  -2456.548272738950345   1940.078970000001163  1.000000000000000
6Q9C.pdb  no        -2199.221527151369173  2020.110989999998992  -2316.348214892391297   1932.600909999999203  1.000000000000000
1JKG.pdb  no        -2189.564222407546367  2002.708780000000161  -2357.233583550601452   1921.727150000000620  1.000000000000000
1YEC.pdb  no        -2171.826067868055816  1958.119049999999561  -2343.611366064219965   1696.659550000000536  1.000000000000000
7B0W.pdb  no        -2168.149874051104234  1747.953770000000532  -2266.761134779687836   1559.606199999999944  1.000000000000000
3UWS.pdb  no        -2155.842177949278266  2396.901139999999486  -2386.644941489544181   1987.893729999999323  1.000000000000000
4CRU.pdb  no        -2141.896487371112016  1893.404129999999213  -2315.854069807803171   1654.004329999999754  1.000000000000000
2H9A.pdb  no        -2129.577213569281412  2084.236330000000180  -2489.808177305238132   1699.188319999999749  1.000000000000000
5TEY.pdb  no        -2127.110841473099754  1982.784479999999803  -2313.631909182522122   1824.975159999999960  1.000000000000000
3RTR.pdb  no        -2121.987336082204820  1980.008200000001580  -2301.215747266051039   1891.744870000000219  1.000000000000000
5N4J.pdb  no        -2116.315913577923766  1482.751159999998890  -2150.420067462105635   1425.902939999999944  1.000000000000000
3M8O.pdb  no        -2114.063897378392085  1698.939169999999876  -2226.702690619382793   1584.701299999999947  1.000000000000000
6MRA.pdb  no        -2104.200461595038632  1925.677320000000236  -2374.959284025072975   1700.156339999999545  1.000000000000000
1KJ1.pdb  no        -2097.366295384784280  1576.336550000000216  -2226.988330811477681   1416.740589999999202  1.000000000000000
6ZTF.pdb  no        -2094.291236464158374  1627.908870000000206  -2222.476301476566277   1500.942750000000615  1.000000000000000
3DRA.pdb  no        -2088.829406184218897  3104.530160000002070  -2385.651534635972894   2859.421520000000328  1.000000000000000
4QJV.pdb  no        -2088.227978649152192  1587.944740000001048  -2202.670787572260906   1401.040799999999763  1.000000000000000
6RNN.pdb  no        -2086.018262101589244  1578.818380000000616  -2238.326530471357728   1464.109549999999899  1.000000000000000
4LLY.pdb  no        -2085.534027032758786  1623.341419999999744  -2207.541692727251757   1443.892269999999371  1.000000000000000
5E6S.pdb  no        -2085.249888274729074  1696.568800000000465  -2272.888531088342461   1480.540169999999989  1.000000000000000
6PNP.pdb  no        -2068.511178522254795  1238.223280000000614  -2164.081132847225490   1178.883479999999963  1.000000000000000
2XG5.pdb  no        -2063.555700328498006  1910.364020000000210  -2326.362965844072278   1564.993699999999308  1.000000000000000
7D2Z.pdb  no        -2059.921192054995572  1444.738790000000108  -2089.959079757364179   1399.341199999999844  1.000000000000000
2WWX.pdb  no        -2049.727080523961376  1697.822949999999310  -2217.865054104365754   1578.335379999999986  1.000000000000000
6WG8.pdb  no        -2048.717824713537084  1726.264920000000075  -2244.945320315942354   1633.075090000000728  1.000000000000000
3H7H.pdb  no        -2044.506832175925865  1488.153560000000198  -2176.413000889689101   1375.286969999999883  1.000000000000000
6VI2.pdb  no        -2043.503225127270525  1936.827040000000352  -2299.320289338542352   1490.909059999999954  1.000000000000000
4A9A.pdb  no        -2040.133466115011288  2926.254149999998845  -2471.027785939109890   2097.680469999998877  1.000000000000000
2X51.pdb  no        -2033.001576389191996  2417.162439999999606  -2372.446632835607943   1761.787260000000060  1.000000000000000
4DWH.pdb  no        -2017.987159459772784  1677.380779999999731  -2225.536383187218689   1378.883600000000570  1.000000000000000
5CYZ.pdb  no        -2015.426958972607508  2756.682009999999536  -2540.083203681441319   2349.661470000000008  1.000000000000000
4R1D.pdb  no        -2012.362575487383083  2743.356979999998657  -2388.776774731530622   2258.767999999999574  1.000000000000000
4K8R.pdb  no        -1988.070316232626283  1306.380149999999958  -2072.251597076513917   1220.716239999999743  1.000000000000000
6IHJ.pdb  no        -1984.184585626608396  2011.460350000001199  -2240.547457084327561   1791.912410000000591  1.000000000000000
3V6C.pdb  no        -1979.000765667161886  1823.621219999999084  -2209.477751893853565   1392.505240000000185  1.000000000000000
1JSM.pdb  no        -1974.956472786062250  2315.819670000000770  -2299.133052568777657   2059.748050000000148  1.000000000000000
1ALL.pdb  no        -1969.614471238435954  1432.188159999999243  -2056.325942703126202   1324.229339999999638  1.000000000000000
4BAY.pdb  no        -1963.304107713989879  2656.046100000000024  -2092.374502392362047   2509.472390000000814  1.000000000000000
4AT7.pdb  no        -1963.279181664342104  1681.071510000000217  -2129.220339131969467   1529.907540000000381  1.000000000000000
6HKG.pdb  no        -1939.214107652184339  1649.337480000000141  -2023.963220286363139   1594.114929999999731  1.000000000000000
5NIV.pdb  no        -1935.758282510838626  1677.171929999999975  -2125.793287338780829   1519.979109999999991  1.000000000000000
6U07.pdb  no        -1932.855594819312728  1328.928660000000264  -2031.396754265554137   1228.761289999999917  1.000000000000000
4EHP.pdb  no        -1932.010785822232265  2227.450219999999717  -2334.894263691374817   1897.140319999999747  1.000000000000000
6KBE.pdb  no        -1931.997635207712847  1735.766579999999294  -2052.313037278810043   1585.541339999999991  1.000000000000000
6AO5.pdb  no        -1929.220466382688528  1822.843079999999873  -2105.772498194337459   1594.251339999999800  1.000000000000000
2P28.pdb  no        -1923.053382553598112  2097.253940000000057  -2232.361391839931912   1650.803470000000289  1.000000000000000
3MFF.pdb  no        -1906.741306503148962  1772.115789999999834  -2095.275399068337720   1601.551970000000210  1.000000000000000
1YUK.pdb  no        -1903.613193419794698  1871.161330000001499  -2203.528656813838552   1547.734570000000986  1.000000000000000
3E0J.pdb  no        -1900.997258869751931  2655.554739999999583  -2085.708115488528165   2474.919110000000728  1.000000000000000
6FJY.pdb  no        -1899.423125910944691  1813.523609999999053  -2159.687287086040214   1431.285339999999451  1.000000000000000
5ODB.pdb  no        -1893.722350059093060  1760.149319999999307  -2065.173506796162656   1565.222399999999652  1.000000000000000
5BY8.pdb  no        -1887.891209998561408  2491.976580000000467  -2123.915618078734497   2093.031799999999748  1.000000000000000
6XRU.pdb  no        -1882.327821916377388  2110.005099999999857  -2178.241572169073152   1667.129949999999781  1.000000000000000
7ARN.pdb  no        -1879.645323663674617  1669.675189999999475  -2051.868005228801849   1421.710820000000240  1.000000000000000
7K0X.pdb  no        -1872.211845041385459  1850.465739999999187  -2229.253006669584465   1597.302680000000464  1.000000000000000
2C35.pdb  no        -1864.042701828580903  1691.491760000000113  -1994.301601788362404   1449.512579999999616  1.000000000000000
5FFG.pdb  no        -1863.966689034060437  1654.884189999999990  -2055.624696144059271   1455.458999999999605  1.000000000000000
2QTW.pdb  no        -1861.823973315998501  1332.151759999999967  -1991.919128600339263   1198.585669999999936  1.000000000000000
2FDB.pdb  no        -1854.709921249629815  1775.021559999999909  -1946.968953967235166   1728.626269999999295  1.000000000000000
4G1Q.pdb  no        -1849.245158269481863  2549.236679999999978  -2305.168316860872437   2073.189650000000256  1.000000000000000
1Y96.pdb  no        -1839.711870995847448  1306.696059999999989  -1955.838076556259921   1048.040640000000167  1.000000000000000
4WP5.pdb  no        -1836.872740459200486  1946.825049999999692  -2037.850836608899954   1674.351200000000745  1.000000000000000
2OXG.pdb  no        -1830.271503267196522  1124.773200000000543  -1930.871175434640463   1057.803790000000390  1.000000000000000
6DF0.pdb  no        -1815.731755487563532  1642.918840000000273  -1956.102009607450555   1513.435519999999769  1.000000000000000
4UT7.pdb  no        -1815.480154599559228  1115.859529999999722  -1942.901758158269104   963.194670000000087   1.000000000000000
6VW7.pdb  no        -1811.169280519955691  1787.097230000000764  -1981.600286932057543   1548.824229999999716  1.000000000000000
7VSW.pdb  no        -1809.570998572917006  1808.650209999999788  -1996.719236985423549   1483.270819999999276  1.000000000000000
3A1P.pdb  no        -1806.578368136290010  1693.696240000000444  -1878.973534524596062   1657.446459999999661  1.000000000000000
5I4H.pdb  no        -1806.576182031364851  1495.171939999999722  -1865.203406187642940   1237.067239999999629  1.000000000000000
6X1G.pdb  no        -1806.231782660881436  1824.414250000000493  -1887.549690763217541   1729.370310000000018  1.000000000000000
1FS0.pdb  no        -1800.599401490120499  2064.269460000000436  -2095.551383476552473   1843.153659999999718  1.000000000000000
4CI6.pdb  no        -1794.853563510948334  1995.535869999999704  -2030.912671346804927   1819.955620000000636  1.000000000000000
4ISV.pdb  no        -1790.758146751640879  1698.053980000000365  -2011.557036466754425   1316.385690000000068  1.000000000000000
2OT3.pdb  no        -1788.354250021534881  1161.951369999999770  -1869.545859180220759   1091.356200000000399  1.000000000000000
6ZDT.pdb  no        -1780.190751970801330  1510.050280000000157  -1914.875628472401559   1258.392850000000180  1.000000000000000
3VRD.pdb  no        -1779.082182410292717  1494.767690000000357  -1831.024020258529845   1353.234770000000253  1.000000000000000
2CO7.pdb  no        -1773.222559049935398  1273.557880000000068  -1833.179338954342256   1221.770959999999832  1.000000000000000
3ME0.pdb  no        -1773.184493194042261  1799.842299999998886  -1977.462698907899949   1623.659390000000258  1.000000000000000
4NYL.pdb  no        -1767.043262268219223  1602.386960000000499  -1872.518663666650127   1283.884740000000420  1.000000000000000
4WJK.pdb  no        -1758.479514560972348  1732.752959999999348  -1905.180267297589353   1468.131229999999050  1.000000000000000
7D9Z.pdb  no        -1749.140935659803063  1653.765310000000454  -1935.635467029255778   1542.703440000000228  1.000000000000000
6MRK.pdb  no        -1740.872974787982230  1937.085450000000264  -1951.282887639611772   1431.528979999999819  1.000000000000000
2HZM.pdb  no        -1734.164870916455811  1720.143410000000813  -1927.349158153557482   1464.193770000000086  1.000000000000000
5W1A.pdb  no        -1725.684439730309805  1971.857230000000982  -2039.062862241148650   1706.222009999999955  1.000000000000000
6QNA.pdb  no        -1722.912494751787790  1930.966470000001436  -2048.828419009798836   1589.056989999998905  1.000000000000000
3HHS.pdb  no        -1720.542395944831014  2316.667400000000271  -2055.251335047266821   1866.502650000000585  1.000000000000000
5DSE.pdb  no        -1718.719240862460538  2555.961220000001049  -2121.106627519166068   2168.625199999999950  1.000000000000000
3AQB.pdb  no        -1714.831322612781833  1877.248180000000502  -1930.847156849897829   1651.049520000000030  1.000000000000000
6CR1.pdb  no        -1704.217489661629543  1806.821249999999509  -2046.914852644751363   1348.384179999999560  1.000000000000000
6U3W.pdb  no        -1701.461707532943137  2311.503969999997935  -2145.816868573369447   1870.081079999999702  1.000000000000000
7TCX.pdb  no        -1701.074842036229029  2069.811420000000453  -1926.201186603585484   1758.608709999999746  1.000000000000000
3N40.pdb  no        -1700.134546857596888  2380.872789999999441  -1873.437881674039090   2241.858760000000075  1.000000000000000
2XFG.pdb  no        -1689.370915586083356  1083.134790000000521  -1750.865566470635258   1014.208520000000249  1.000000000000000
4PKG.pdb  no        -1688.134798526777104  2625.009329999998954  -2150.909088631398845   1937.001140000000078  1.000000000000000
6LIR.pdb  no        -1686.380532301884614  2023.007759999999735  -2131.578149638586638   1411.385889999999563  1.000000000000000
7S0U.pdb  no        -1684.244550371877040  2093.177360000000135  -1794.943795245883166   1982.740370000000212  1.000000000000000
7EJO.pdb  no        -1678.458974801215845  1045.787579999999707  -1794.051825531532813   942.706359999999904   1.000000000000000
6GXZ.pdb  no        -1677.650492827254766  1594.611980000000131  -1884.163798624586207   1355.484750000000531  1.000000000000000
4IML.pdb  no        -1675.617881092641028  1818.408450000001039  -1916.036124583626133   1575.311690000000681  1.000000000000000
4WNQ.pdb  no        -1674.539432732018895  2266.967899999999645  -1997.024531716210276   1645.040480000000571  1.000000000000000
3WXF.pdb  no        -1671.176935155196588  1875.803860000000441  -1955.015911049158603   1606.834769999999935  1.000000000000000
7DNN.pdb  no        -1669.537696332821270  1566.878949999999577  -1777.888345225262128   1326.761519999999564  1.000000000000000
4DBP.pdb  no        -1669.469689093780516  2264.461269999999786  -1976.827741929421109   1719.806679999998778  1.000000000000000
1G8K.pdb  no        -1661.678595580435513  1902.271299999999883  -1803.409966734655427   1564.664459999999735  1.000000000000000
3V6I.pdb  no        -1656.508811321144549  2297.438800000000356  -1818.393197492321406   2162.138760000001184  1.000000000000000
3GFU.pdb  no        -1654.343310813871312  1575.123039999999492  -1803.754820178195587   1449.445580000000064  1.000000000000000
4QJF.pdb  no        -1651.714312151896593  2298.409590000000662  -2189.805155984056455   1666.432540000000472  1.000000000000000
4DID.pdb  no        -1651.700304451214151  1776.491099999999733  -1814.479791368574524   1679.644899999999325  1.000000000000000
5K04.pdb  no        -1651.490802114788039  2420.495440000001508  -1975.497170337327361   2057.071180000000822  1.000000000000000
4I0W.pdb  no        -1649.924978065751020  1406.249740000000429  -1759.802992469357832   1259.598749999999654  1.000000000000000
5NST.pdb  no        -1648.263753820680904  1961.375080000000025  -1920.410653494549706   1283.482540000000199  1.000000000000000
3AON.pdb  no        -1643.607056239217854  2023.629570000000058  -1761.738496130924204   1525.941210000000183  1.000000000000000
5FCS.pdb  no        -1640.738992252885964  2100.947980000001280  -1965.344820145491440   1583.815849999999955  1.000000000000000
2W07.pdb  no        -1639.698875561967270  1621.105099999998856  -1799.304940747480941   1437.015360000000101  1.000000000000000
4K90.pdb  no        -1638.974019928522011  1854.952690000000530  -1768.708562347587531   1691.367029999999886  1.000000000000000
1MRF.pdb  no        -1637.180093131803233  1553.211599999999635  -1768.179939928899103   1223.218609999999899  1.000000000000000
4QLP.pdb  no        -1630.212118846509838  1721.214929999999868  -1801.238888558106737   1450.320849999999382  1.000000000000000
5BOP.pdb  no        -1629.041911699225011  872.043200000000184   -1730.009863986593018   770.899390000000039   1.000000000000000
1PDK.pdb  no        -1626.799312375118461  1527.763349999999491  -1875.275062158397986   1210.060960000000023  1.000000000000000
1S64.pdb  no        -1614.330096833651851  2947.867909999999483  -1894.410006804426530   2405.581709999999021  1.000000000000000
6EKK.pdb  no        -1613.248430621511034  1372.343339999999898  -1703.513420946965653   1312.549769999999853  1.000000000000000
4HDR.pdb  no        -1610.634287302420489  1760.893490000000384  -1850.574663730419161   1610.551299999999628  1.000000000000000
5GPY.pdb  no        -1608.045780683109570  1907.661819999999580  -1877.831931069752954   1375.338809999999739  1.000000000000000
1HL6.pdb  no        -1601.048371098735288  2161.980339999999615  -1724.336803745435191   1838.115460000000212  1.000000000000000
6FNN.pdb  no        -1598.161558421110612  1245.152540000000272  -1786.200255111075876   966.926980000000071   1.000000000000000
3CPT.pdb  no        -1590.904156437038637  1152.981790000000046  -1703.734998030971155   1061.489450000000261  1.000000000000000
3AXJ.pdb  no        -1583.818666242781546  1958.597389999999450  -1855.395709456209261   1662.268559999999979  1.000000000000000
5VZT.pdb  no        -1581.591339746069707  1546.269229999999425  -1701.329708645816481   1356.276910000000044  1.000000000000000
1Y8Q.pdb  no        -1571.625945717947843  2405.372229999999945  -1985.565359975364117   1625.685549999999466  1.000000000000000
3MKR.pdb  no        -1571.609742639623164  2610.850190000001476  -1876.810614142096938   2043.650869999999941  1.000000000000000
4U3X.pdb  no        -1568.054903444969113  834.227570000000014   -1571.551172705156432   822.107150000000388   1.000000000000000
2P1M.pdb  no        -1565.401216969697089  1569.960919999999760  -1676.208480303628903   1368.017029999999977  1.000000000000000
6ZQK.pdb  no        -1563.855096012572631  2058.053149999998823  -2077.690138413738168   1462.691509999999880  1.000000000000000
5W83.pdb  no        -1562.642340386361639  2107.651010000000042  -1889.691733225703047   1723.395700000000488  1.000000000000000
1P5V.pdb  no        -1561.671038942131418  1789.203559999999925  -1772.330743848372549   1603.385839999999689  1.000000000000000
5JEN.pdb  no        -1561.159586497820783  1385.364770000000362  -1663.859194555600425   1274.726020000000290  1.000000000000000
2UY7.pdb  no        -1559.944788015233371  1971.910000000000309  -1841.473397714851217   1645.408559999999625  1.000000000000000
6TKY.pdb  no        -1558.788605039740332  2034.425499999998920  -1779.942537325640160   1406.116729999999734  1.000000000000000
1EFP.pdb  no        -1553.084998089054579  3021.750700000000052  -1880.004897009072010   2293.233559999998761  1.000000000000000
3P71.pdb  no        -1547.491646989057472  1480.130930000000717  -1767.500191997715547   1000.884480000000053  1.000000000000000
6FAE.pdb  no        -1547.153778852152982  1545.649599999999737  -1817.470345618127567   1285.824900000000298  1.000000000000000
4QTT.pdb  no        -1544.596727783742381  1177.166840000000320  -1660.941058634510910   989.847000000000321   1.000000000000000
7BV5.pdb  no        -1534.246103904748452  1409.455520000000206  -1556.556651779917502   1337.408089999999447  1.000000000000000
4KF5.pdb  no        -1533.828778260250601  1763.479900000000498  -1822.222463311521096   1433.536550000000716  1.000000000000000
5HDB.pdb  no        -1533.477732007336499  1715.713179999999966  -1784.476145639476499   1394.478280000000041  1.000000000000000
6AVN.pdb  no        -1526.158106672648728  1557.608439999999291  -1731.041779715405028   1384.895220000000108  1.000000000000000
4TOY.pdb  no        -1525.021043352331844  1831.361640000000079  -2009.784664790265651   1340.098720000000185  1.000000000000000
4IU3.pdb  no        -1522.407774282041601  1004.309900000000198  -1652.319158805178859   878.424749999999904   1.000000000000000
6QPQ.pdb  no        -1515.703342086766952  1174.908320000000003  -1641.417180256619758   1115.770780000000059  1.000000000000000
3DSS.pdb  no        -1515.184008069832316  2124.181540000000496  -1732.310068237373571   1907.052450000000135  1.000000000000000
3SQB.pdb  no        -1489.181171879044314  1699.914809999998852  -1850.845583624971141   1402.156629999999723  1.000000000000000
6C98.pdb  no        -1485.819839137380768  1358.490599999999858  -1661.694038103657022   1081.223889999999756  1.000000000000000
7ACZ.pdb  no        -1481.724324314740215  2346.065050000001065  -1848.213928508627532   2023.649969999999939  1.000000000000000
6INE.pdb  no        -1481.422592970247251  1681.051500000000260  -1734.424984440527396   1345.740250000000060  1.000000000000000
3TIX.pdb  no        -1479.817174441089037  2486.152430000001004  -1910.534683062117665   1798.599949999998898  1.000000000000000
5ZWL.pdb  no        -1476.307750319202569  1352.515630000000556  -1551.002011140430113   1302.550120000000106  1.000000000000000
4CT0.pdb  no        -1464.196548169571088  3150.105759999999464  -2022.516890031217372   2738.947900000000573  1.000000000000000
1R8S.pdb  no        -1456.200051798632558  1487.391569999999774  -1734.486154876023193   1166.585849999999709  1.000000000000000
1MJU.pdb  no        -1443.397910123157089  1911.782840000000533  -1812.154979470132275   1518.160880000000361  1.000000000000000
6FV0.pdb  no        -1442.266353433780750  817.166630000000168   -1459.575683329762796   806.510330000000067   1.000000000000000
2IG2.pdb  no        -1434.169102395093205  1866.131449999999631  -1738.049877513959473   1482.137420000000247  1.000000000000000
4AYI.pdb  no        -1433.616261016566341  1523.311879999999746  -1586.459278805491749   1291.104690000000119  1.000000000000000
3MXN.pdb  no        -1433.474411718014608  1339.505390000000034  -1555.867029134040195   1122.771649999999681  1.000000000000000
6X0A.pdb  no        -1432.972665094202284  1521.319899999999734  -1613.912612942453279   1239.310150000000249  1.000000000000000
1HXM.pdb  no        -1432.538021131906589  1777.892010000000028  -1683.337554305146796   1371.341879999999037  1.000000000000000
1AVW.pdb  no        -1430.224289091002447  879.181120000000192   -1482.750367626080788   856.562969999999950   1.000000000000000
4O8Y.pdb  no        -1428.376696837268128  2082.237669999999525  -1804.041077408042838   1583.712720000000218  1.000000000000000
3N4I.pdb  no        -1425.952558260908972  1282.482700000000477  -1572.067154658165691   1144.673649999999952  1.000000000000000
3AYH.pdb  no        -1424.902250367090119  1975.468539999999621  -1623.888536748246679   1558.538680000001250  1.000000000000000
6BZG.pdb  no        -1419.855575485817553  2646.913380000000416  -1866.661109225678501   1885.238029999999526  1.000000000000000
3L9R.pdb  no        -1414.547528599596490  1355.525090000000318  -1552.957990670247455   1212.178000000000111  1.000000000000000
4CVN.pdb  no        -1411.414686263499789  1700.958909999999605  -1602.219325242785317   1461.527830000000222  1.000000000000000
6R6M.pdb  no        -1409.910074042479209  1073.283879999999726  -1553.164224682287340   914.304809999999861   1.000000000000000
3Q87.pdb  no        -1405.336051244210466  994.036079999999856   -1527.318729218313138   934.730950000000348   1.000000000000000
3WSO.pdb  no        -1401.012468430639956  1619.291650000001255  -1532.271915184838008   1422.341970000000401  1.000000000000000
5KEW.pdb  no        -1399.985144711992234  1078.412719999999354  -1481.761715982441729   966.716639999999984   1.000000000000000
3E2L.pdb  no        -1391.084331288256863  1303.040410000000520  -1570.190697019420440   1118.704280000000381  1.000000000000000
5VBN.pdb  no        -1389.981562606079933  1534.448490000000220  -1577.110938047725313   1295.773759999999584  1.000000000000000
2CKL.pdb  no        -1388.494315467836259  2216.987360000001445  -1588.513225855515202   2021.536150000000134  1.000000000000000
5EB1.pdb  no        -1382.565768090838674  1563.043409999999767  -1586.174867828021434   1320.303780000000415  1.000000000000000
2WO2.pdb  no        -1380.950599237297865  1251.633530000000519  -1470.756225975657571   1167.087160000000267  1.000000000000000
1GZS.pdb  no        -1372.466163754047557  1424.905909999999949  -1583.645704698952159   1274.704389999999876  1.000000000000000
6WQX.pdb  no        -1371.484375177431957  1384.667799999999261  -1503.720482099431592   1143.223860000000059  1.000000000000000
5CDF.pdb  no        -1368.464498492816574  1990.736149999999952  -1622.257104670760555   1550.594520000000330  1.000000000000000
3N06.pdb  no        -1366.838081316780062  1154.626920000000382  -1438.073941257796150   1083.972559999999930  1.000000000000000
6A2U.pdb  no        -1364.175755101733330  1870.304300000000922  -1593.600462573262803   1585.495770000000448  1.000000000000000
4IW3.pdb  no        -1362.677152937012806  1673.479840000000650  -1489.915698804412614   1340.412270000000035  1.000000000000000
4WW7.pdb  no        -1356.007905843795697  1152.647610000000213  -1375.131274778364059   1086.994650000000092  1.000000000000000
7VFB.pdb  no        -1355.537680101785782  837.395880000000147   -1421.568545886592801   789.029340000000161   1.000000000000000
5XN6.pdb  no        -1352.487695691089357  1696.575369999999793  -1518.723822808452041   1555.127289999999903  1.000000000000000
4WKZ.pdb  no        -1351.139762399415758  900.238669999999843   -1404.280511956112605   831.664259999999899   1.000000000000000
5L0W.pdb  no        -1347.328448263218661  2201.421120000000428  -1511.783470692264473   1822.542320000000700  1.000000000000000
6ZRV.pdb  no        -1346.411804451397984  967.687919999999849   -1380.818746381477240   865.977269999999749   1.000000000000000
6P79.pdb  no        -1346.406436626782124  873.361379999999826   -1457.977478816648954   800.264910000000214   1.000000000000000
4RZC.pdb  no        -1345.997010079371421  950.174650000000042   -1361.913148832024035   946.391889999999989   1.000000000000000
6TDP.pdb  no        -1335.687779428305021  1209.821510000000444  -1528.741600429317259   1039.419819999999845  1.000000000000000
6APX.pdb  no        -1335.440988541138040  1199.268790000000308  -1390.361686051148354   953.912219999999934   1.000000000000000
2OZN.pdb  no        -1334.620759961806243  827.491190000000188   -1397.388740812637934   719.782289999999875   1.000000000000000
5JSN.pdb  no        -1329.503957604592870  1494.613110000000233  -1559.227260811966516   1295.660140000000411  1.000000000000000
3DUR.pdb  no        -1329.494629701613803  851.681450000000154   -1381.903258140965590   826.848370000000045   1.000000000000000
5C50.pdb  no        -1326.181149725525529  1528.351820000000544  -1434.098388151984864   1125.040080000000444  1.000000000000000
3DG8.pdb  no        -1320.285956252819233  933.962359999999876   -1504.215023961725819   831.782280000000014   1.000000000000000
6I3F.pdb  no        -1320.227851876375325  2062.112069999999676  -1770.405132059145899   1690.363929999999982  1.000000000000000
5CM2.pdb  no        -1318.476129908369103  1123.467519999999922  -1503.923246189918473   986.753319999999690   1.000000000000000
1F60.pdb  no        -1310.573505305521394  1717.901169999999411  -1588.225815364214213   1339.048140000000103  1.000000000000000
7M5F.pdb  no        -1309.310030863136944  1060.360340000000178  -1354.013818788181652   1006.901940000000081  1.000000000000000
7CZD.pdb  no        -1309.003214176289021  838.093249999999784   -1385.453854950816321   791.244019999999750   1.000000000000000
2ZAE.pdb  no        -1308.453086240197308  1233.865270000000237  -1517.838806011592169   983.832220000000461   1.000000000000000
6NRQ.pdb  no        -1306.178407151503279  900.296230000000264   -1319.858975621810714   796.875620000000140   1.000000000000000
3FFK.pdb  no        -1305.355117875381666  2015.882839999999987  -1769.245482673437891   1681.753690000000461  1.000000000000000
4PKI.pdb  no        -1302.082211056025471  2853.414610000000266  -1857.624055076909826   2173.905459999999948  1.000000000000000
3NVM.pdb  no        -1294.725459693722087  1932.760270000000219  -1429.907413725767356   1717.598479999999881  1.000000000000000
6OBO.pdb  no        -1293.844689911881915  1233.198969999999235  -1589.905902209282431   904.971289999999954   1.000000000000000
5JCA.pdb  no        -1292.983034907936826  1929.146219999999403  -1475.679883040889990   1605.808080000000473  1.000000000000000
6DEX.pdb  no        -1290.227221022447338  1457.431939999999486  -1444.183144198917489   1241.636500000000524  1.000000000000000
1A6Z.pdb  no        -1289.998255864132261  1240.921979999999849  -1463.761361067052576   1095.698519999999689  1.000000000000000
5J1L.pdb  no        -1289.384625202512098  1299.091770000000224  -1436.545381516913494   1202.344450000000506  1.000000000000000
3DPL.pdb  no        -1286.947385687010865  2263.266879999999219  -1871.261665252066450   1851.841219999999794  1.000000000000000
1IND.pdb  no        -1285.210380573209704  1789.083739999999580  -1674.936538515241409   1337.805390000000443  1.000000000000000
3ZEU.pdb  no        -1282.964611817241348  1339.629599999999982  -1428.167090868131709   994.510400000000004   1.000000000000000
5G15.pdb  no        -1280.926830114188760  871.589470000000006   -1331.746486521738916   798.512470000000008   1.000000000000000
2EFE.pdb  no        -1280.747558205620635  1145.230290000000196  -1387.074244729630664   1103.570870000000923  1.000000000000000
2NQD.pdb  no        -1278.830416343480692  938.086410000000114   -1343.379816610836087   905.633799999999837   1.000000000000000
3NQZ.pdb  no        -1273.697565185366784  1529.038409999999658  -1430.632369312533001   1198.991410000000315  1.000000000000000
7VFA.pdb  no        -1273.125374262863716  861.538190000000554   -1369.134513264046973   757.445679999999925   1.000000000000000
7JZK.pdb  no        -1269.619187434193918  962.786480000000097   -1316.686941651040115   900.944850000000088   1.000000000000000
4JEG.pdb  no        -1265.733176924895588  1065.583559999999579  -1421.436618010484381   818.857299999999896   1.000000000000000
6OM1.pdb  no        -1263.423947493777405  1904.330939999999828  -1689.126409821941024   1444.953090000000657  1.000000000000000
2FHZ.pdb  no        -1262.248416501493011  1220.598900000000413  -1357.791145632298822   1064.988480000000663  1.000000000000000
5C2U.pdb  no        -1262.047423776263940  1080.272889999999506  -1393.310554831808076   961.384459999999990   1.000000000000000
6Y54.pdb  no        -1253.624777332603117  1631.431040000000621  -1576.554602723209200   1322.223709999999983  1.000000000000000
7CLG.pdb  no        -1253.623696594129797  1940.435259999999516  -1508.907402211255658   1693.461769999999660  1.000000000000000
6YT3.pdb  no        -1253.125051733524970  2145.299979999999323  -1499.193084387010003   1632.733319999999821  1.000000000000000
3O0G.pdb  no        -1251.621273947232112  1393.934189999999717  -1476.050755075420511   1158.956869999999981  1.000000000000000
7C2G.pdb  no        -1245.695687388112674  1985.888669999999365  -1676.821779609974328   1595.020319999999401  1.000000000000000
4ZA3.pdb  no        -1245.352856140480981  1642.187749999999141  -1528.490553907863614   1098.361219999999776  1.000000000000000
6S6D.pdb  no        -1228.084399724076775  1705.051930000000084  -1427.546704926142183   1540.358060000000023  1.000000000000000
4ZQU.pdb  no        -1226.424451971665349  1121.488319999999931  -1275.819027990317636   902.302790000000073   1.000000000000000
6I4E.pdb  no        -1225.157296148164960  944.985110000000304   -1383.228619312841147   858.041790000000105   1.000000000000000
5WL1.pdb  no        -1223.524213438123979  1182.105229999999665  -1371.071338008606745   940.677099999999996   1.000000000000000
3CJT.pdb  no        -1221.962894936207249  1575.244219999999586  -1474.794224057589645   1310.286460000000261  1.000000000000000
4D0N.pdb  no        -1215.637972967566384  1416.337969999999586  -1377.323383014454748   1252.255480000000261  1.000000000000000
2FU5.pdb  no        -1211.546969640583256  1096.672669999999698  -1390.659042050261178   948.200259999999957   1.000000000000000
2B5U.pdb  no        -1211.163688651507528  1994.765560000000278  -1407.847146499787641   1837.694769999999380  1.000000000000000
7R73.pdb  no        -1210.867522723803404  932.187459999999874   -1313.369767140345857   804.558829999999944   1.000000000000000
3TU5.pdb  no        -1209.266025111493946  1238.729290000000447  -1481.609097698932146   1040.969119999999975  1.000000000000000
5E3E.pdb  no        -1208.113700980231215  991.920650000000137   -1234.561843124572306   814.493600000000129   1.000000000000000
4RA9.pdb  no        -1207.081704322817814  998.543159999999943   -1251.876144419479942   901.488410000000044   1.000000000000000
6HUL.pdb  no        -1206.395755373766178  1214.572930000000042  -1274.883595180152042   1131.602879999999914  1.000000000000000
6CP8.pdb  no        -1206.066155326964235  1911.394279999999526  -1385.796565770831876   1455.276469999999563  1.000000000000000
4ML7.pdb  no        -1204.017977089734131  1097.851739999999836  -1349.887543320516670   924.014999999999986   1.000000000000000
3IMA.pdb  no        -1202.528410597382162  904.560610000000111   -1302.199022458572017   743.494829999999979   1.000000000000000
5OEC.pdb  no        -1201.990864293546110  1486.957560000000967  -1439.389062590577623   1003.635849999999891  1.000000000000000
5MY6.pdb  no        -1198.127428774286045  734.780989999999974   -1225.825175712122473   700.584350000000086   1.000000000000000
7KYT.pdb  no        -1194.112062446106393  1325.644909999999982  -1467.466089780655466   1143.943929999999455  1.000000000000000
4IEF.pdb  no        -1191.836707384888769  1641.082539999999881  -1318.642087310189936   1433.363380000000006  1.000000000000000
7K84.pdb  no        -1189.274179035134011  725.695970000000102   -1198.211207173793809   722.642670000000180   1.000000000000000
7NOW.pdb  no        -1188.488863051300086  811.455350000000180   -1273.166250075919152   681.441500000000019   1.000000000000000
1OF5.pdb  no        -1183.711307756509541  1321.345679999999902  -1362.505620254629093   1192.981229999999641  1.000000000000000
3U6R.pdb  no        -1179.404100184970275  904.554629999999975   -1289.740339380957494   823.249780000000101   1.000000000000000
1OAU.pdb  no        -1179.098289933305978  833.660439999999994   -1204.940631328558084   727.646489999999972   1.000000000000000
4NC2.pdb  no        -1171.549036179852692  790.143130000000042   -1218.755946751085503   657.341640000000098   1.000000000000000
6L4P.pdb  no        -1171.308428683000329  997.974730000000136   -1229.301042801202357   815.823169999999777   1.000000000000000
7O06.pdb  no        -1168.946564180584119  1285.717670000000453  -1419.740668721758539   1019.933360000000107  1.000000000000000
6FP6.pdb  no        -1168.546463017820088  865.199459999999931   -1183.484172498092903   860.466349999999920   1.000000000000000
4CZZ.pdb  no        -1168.438375193625689  2498.764400000000478  -1225.634697626493789   2479.428710000001047  1.000000000000000
6UMT.pdb  no        -1167.440707358344071  907.527879999999868   -1342.399525647292194   744.101270000000000   1.000000000000000
5B3G.pdb  no        -1167.254837914073050  2022.450219999999035  -1473.527718922629219   1760.998839999999291  1.000000000000000
7VNB.pdb  no        -1161.115749127736080  919.413740000000075   -1270.512101884935873   813.384810000000016   1.000000000000000
4CKB.pdb  no        -1158.256149206732289  1499.517350000000533  -1523.929206253886150   1207.621390000000019  1.000000000000000
3P73.pdb  no        -1156.561506607680940  1502.428039999999783  -1448.466444493362133   1146.908280000000332  1.000000000000000
1QUN.pdb  no        -1153.010111271425103  1582.291539999999713  -1367.475303813839673   1389.553549999999859  1.000000000000000
2OUL.pdb  no        -1151.387574639577679  967.312849999999912   -1250.160883124493466   743.535070000000132   1.000000000000000
3RNK.pdb  no        -1148.125135777651849  1055.796610000000101  -1362.633522438231921   905.783070000000066   1.000000000000000
6NE2.pdb  no        -1147.898244151501785  1124.760260000000244  -1234.403993334384040   1081.331420000000435  1.000000000000000
1MU2.pdb  no        -1147.512780761188878  2867.665439999998398  -1867.434684363249517   2179.565010000000257  1.000000000000000
4JOI.pdb  no        -1146.270092840058624  1140.881789999999683  -1322.623090399883040   1034.542179999999689  1.000000000000000
1OO0.pdb  no        -1145.067095908820193  1169.533269999999902  -1308.401247630499029   958.990100000000211   1.000000000000000
3CBJ.pdb  no        -1144.842103385939708  1163.196509999999989  -1408.654939930648879   995.086470000000418   1.000000000000000
5AAV.pdb  no        -1144.355096566120210  1300.150680000000193  -1216.863527667616609   1097.886230000000069  1.000000000000000
4RT6.pdb  no        -1143.500021312014269  1653.246030000000019  -1224.573165006503132   1320.233730000000378  1.000000000000000
2QSF.pdb  no        -1141.900113907918467  1732.502119999999877  -1578.728224003642708   1313.618239999999332  1.000000000000000
3NN8.pdb  no        -1141.623197861377548  867.255189999999516   -1170.281115062145318   649.486180000000104   1.000000000000000
1U58.pdb  no        -1141.315121029129386  1029.253560000000107  -1304.415863184322916   880.563760000000002   1.000000000000000
7DG5.pdb  no        -1139.592411708917098  1536.928100000000313  -1443.187663843780001   1254.743480000000091  1.000000000000000
2PI2.pdb  no        -1136.665957980814255  1299.454099999999926  -1233.740467571640465   841.613790000000108   1.000000000000000
3PRO.pdb  no        -1136.662570126503397  1305.291529999999739  -1299.144586515737046   1136.459020000000010  1.000000000000000
7O0S.pdb  no        -1136.591548872950852  1199.073860000000650  -1274.863647848649634   1066.256410000000187  1.000000000000000
6LZ2.pdb  no        -1135.015423812321387  837.225670000000036   -1251.938151836029419   754.394869999999969   1.000000000000000
5N5P.pdb  no        -1134.740593513393151  775.387040000000297   -1177.054853654214867   739.268019999999979   1.000000000000000
5XS2.pdb  no        -1134.377009882802213  1885.421400000000403  -1536.837334081322979   1511.855059999999412  1.000000000000000
1SPP.pdb  no        -1133.513046340158780  734.290719999999965   -1192.440002407977545   671.332810000000109   1.000000000000000
4OYD.pdb  no        -1130.601688446800154  1252.053089999999884  -1300.225331787004961   1041.733260000000200  1.000000000000000
6VEK.pdb  no        -1130.493061648886396  1788.477430000000822  -1390.699568677618117   1166.196810000000141  1.000000000000000
7CSL.pdb  no        -1124.703919920222688  1586.721160000000509  -1395.248797630245008   1281.642330000000356  1.000000000000000
5JWO.pdb  no        -1124.510117557016883  1010.045729999999935  -1220.878671726888342   932.958059999999932   1.000000000000000
4Z9K.pdb  no        -1123.257350319544685  879.591489999999794   -1141.011459525180726   873.072360000000003   1.000000000000000
3H3B.pdb  no        -1121.747364539063028  927.447739999999953   -1249.369969216914569   840.565840000000094   1.000000000000000
2Y5B.pdb  no        -1121.234391684020693  1727.433880000000727  -1467.909386698863955   1313.261809999999969  1.000000000000000
6W0V.pdb  no        -1117.757021894832633  897.798260000000028   -1159.045277922730747   853.063850000000002   1.000000000000000
7KGJ.pdb  no        -1117.500830380304933  953.342410000000200   -1183.978891178833464   857.471010000000319   1.000000000000000
3F62.pdb  no        -1114.227016524963801  953.497240000000147   -1260.116776780105738   769.764589999999885   1.000000000000000
3GCG.pdb  no        -1113.724916307821559  1391.595620000000508  -1286.418508271217434   1200.503040000000055  1.000000000000000
4ZV0.pdb  no        -1110.283280174788615  1337.845790000000306  -1238.007225222444049   1027.426660000000311  1.000000000000000
5HPL.pdb  no        -1108.801753006972376  923.924810000000093   -1160.051722145570011   866.627250000000004   1.000000000000000
6C9M.pdb  no        -1108.561132085385225  2381.054680000000189  -1307.822252508520705   2234.452860000000328  1.000000000000000
7NDF.pdb  no        -1108.466220716693215  736.498449999999934   -1144.661489508130899   716.349749999999631   1.000000000000000
4YK8.pdb  no        -1108.253492395504054  1159.775660000000016  -1148.571479810113260   1101.345260000000280  1.000000000000000
7N0R.pdb  no        -1108.187439691514101  774.664989999999989   -1209.468364463294392   620.278919999999971   1.000000000000000
5JSB.pdb  no        -1107.199996865351523  1460.014030000000048  -1441.887588606091867   1224.382689999999911  1.000000000000000
7VDP.pdb  no        -1106.152700628902039  1418.289239999999381  -1497.630601200817637   1076.758959999999888  1.000000000000000
1OAQ.pdb  no        -1100.542826548110270  897.038859999999886   -1255.089246461342555   824.102360000000203   1.000000000000000
4WWX.pdb  no        -1099.637961618663439  1967.275349999999662  -1309.075716953483834   1566.339249999999765  1.000000000000000
2H0D.pdb  no        -1094.810900657358161  2199.949860000000626  -1388.554805069524491   1693.436939999999822  1.000000000000000
5E5M.pdb  no        -1094.643138693534866  677.172130000000152   -1136.568773037181700   665.410589999999956   1.000000000000000
4KAX.pdb  no        -1093.137942108395237  1291.840639999999667  -1161.430715845157238   1150.059219999999641  1.000000000000000
6NRW.pdb  no        -1093.014625841558882  868.161929999999870   -1146.942343721741736   802.576340000000073   1.000000000000000
3UX9.pdb  no        -1087.198076287635104  896.190940000000069   -1152.122941292716632   807.599089999999933   1.000000000000000
5F1O.pdb  no        -1087.068584921831871  906.615340000000060   -1138.973438186306794   715.456419999999980   1.000000000000000
6OBG.pdb  no        -1084.768368754216681  1133.706499999999551  -1338.676079753010754   803.668749999999932   1.000000000000000
4DKA.pdb  no        -1081.207200211307963  825.754639999999881   -1121.778540109179858   799.152100000000019   1.000000000000000
5EO9.pdb  no        -1081.074892431802709  915.495530000000258   -1166.532125484264043   807.861980000000244   1.000000000000000
1OE9.pdb  no        -1080.234249355191196  1432.238019999999551  -1193.055069067465411   1203.669990000000098  1.000000000000000
4U4P.pdb  no        -1078.597647372971096  1931.015429999998787  -1365.845908529093549   1523.346659999999474  1.000000000000000
3OJM.pdb  no        -1075.662634760900573  1637.802339999999731  -1303.686267148461411   1385.612979999999880  1.000000000000000
1A22.pdb  no        -1074.393819846566885  1305.224769999999808  -1153.159472994196676   1190.074130000000196  1.000000000000000
7MWR.pdb  no        -1073.466390120617007  853.153579999999920   -1227.651164713204707   743.503360000000043   1.000000000000000
7KGK.pdb  no        -1071.466526556646386  1000.303930000000378  -1165.016601622060762   913.818749999999909   1.000000000000000
3A98.pdb  no        -1071.260861344184150  2097.758969999999863  -1408.662810670172121   1830.414920000000393  1.000000000000000
6QSR.pdb  no        -1067.321202040804110  1342.859720000000152  -1159.038697001640458   1106.057639999999992  1.000000000000000
3OAZ.pdb  no        -1067.284730337562905  984.086590000000115   -1141.034905355330238   914.660520000000020   1.000000000000000
3VU9.pdb  no        -1067.263137890834969  1160.686200000000099  -1247.482670970492791   918.683139999999753   1.000000000000000
2GHW.pdb  no        -1066.613980653653471  1134.887399999999843  -1190.583782129198653   1045.996429999999691  1.000000000000000
3UZQ.pdb  no        -1066.355176142536720  895.850790000000302   -1148.555761294504691   789.464950000000385   1.000000000000000
6OQ8.pdb  no        -1065.794633664995899  896.543879999999945   -1226.883967480502633   758.456250000000182   1.000000000000000
6IXX.pdb  no        -1062.227597013678405  1075.469990000000053  -1153.645779159890708   963.513899999999921   1.000000000000000
5HKQ.pdb  no        -1061.791566942305280  1569.133500000000140  -1306.129606702641468   1271.986609999999928  1.000000000000000
6NEX.pdb  no        -1058.137777560252289  1522.207510000000411  -1361.071293752415841   1124.341890000000149  1.000000000000000
6UPQ.pdb  no        -1056.362324029556703  1865.196190000000342  -1323.452624330284834   1380.573840000000473  1.000000000000000
6CWX.pdb  no        -1056.278986198090706  735.159300000000371   -1110.909554517121478   654.104109999999991   1.000000000000000
3WOE.pdb  no        -1054.806039889783506  951.213500000000181   -1170.895167013373111   743.081899999999791   1.000000000000000
6I1S.pdb  no        -1054.259703711657494  875.974719999999706   -1173.702588968095370   785.856320000000210   1.000000000000000
7JUM.pdb  no        -1050.153754132431459  992.045340000000010   -1196.190048901208684   914.920710000000099   1.000000000000000
4L79.pdb  no        -1049.554087757701154  1705.579779999999346  -1337.642263243310026   1472.896520000000010  1.000000000000000
5VAN.pdb  no        -1047.440602967016503  614.148379999999747   -1066.087827110872922   594.338499999999840   1.000000000000000
2VDW.pdb  no        -1046.039127684844971  1481.178690000000870  -1313.303278482688256   1212.000169999999798  1.000000000000000
6UFT.pdb  no        -1044.949374186243631  953.145279999999843   -1187.891499523418588   686.552359999999908   1.000000000000000
5JA8.pdb  no        -1044.571360182395665  994.104049999999916   -1111.456702295992272   946.054249999999797   1.000000000000000
1KA9.pdb  no        -1044.092702807830165  1291.897759999999607  -1167.104581180322157   1135.775639999999385  1.000000000000000
5MN2.pdb  no        -1040.759920572212650  710.628199999999765   -1178.009694701916260   630.174469999999928   1.000000000000000
3QHY.pdb  no        -1039.627058556200154  1025.463449999999739  -1149.696445704346161   930.668669999999679   1.000000000000000
1FM0.pdb  no        -1038.778483182305081  940.576260000000048   -1092.263234271236797   888.279359999999883   1.000000000000000
6PCU.pdb  no        -1036.598253153038513  868.858089999999947   -1117.992821975343304   769.428410000000326   1.000000000000000
2Z5B.pdb  no        -1032.759937004561380  1139.263359999999921  -1240.107830500114233   875.795119999999997   1.000000000000000
6QN9.pdb  no        -1031.404610826226644  1835.313479999999572  -1387.871326008060578   1172.281240000000025  1.000000000000000
4UHP.pdb  no        -1030.506064485603019  886.125319999999874   -1073.996677853500387   819.601329999999848   1.000000000000000
6EG0.pdb  no        -1029.502163269022276  867.475250000000074   -1079.153637074254902   816.174929999999904   1.000000000000000
5MZA.pdb  no        -1029.160461770230086  1126.784890000000360  -1152.857410755986393   868.157650000000103   1.000000000000000
6ACI.pdb  no        -1027.694397243518097  1203.524409999999989  -1166.635067393140162   975.820579999999950   1.000000000000000
2BKK.pdb  no        -1025.257511554251550  884.512420000000247   -1136.344304835322419   815.267899999999827   1.000000000000000
4CT4.pdb  no        -1024.861237562474344  1140.591390000000274  -1344.399752799940870   936.052760000000148   1.000000000000000
5LHR.pdb  no        -1024.257300910836648  854.004429999999957   -1137.678267238385615   768.229820000000132   1.000000000000000
2A9M.pdb  no        -1023.482427372999950  868.003870000000006   -1095.283420674580839   804.633969999999977   1.000000000000000
5TDE.pdb  no        -1022.646529098767246  2101.452069999999821  -1311.440701114967624   1762.266950000000406  1.000000000000000
2HQS.pdb  no        -1022.343892607354064  1170.905639999999494  -1185.343515220048403   790.821129999999926   1.000000000000000
1KSH.pdb  no        -1020.787674219191331  812.503080000000182   -1134.498934449629587   740.299720000000093   1.000000000000000
1MFA.pdb  no        -1018.982800294326239  863.788309999999797   -1115.708820461693904   805.734710000000064   1.000000000000000
3L0I.pdb  no        -1018.786959542108661  1652.194840000001022  -1273.906009143482834   1489.344400000000405  1.000000000000000
3GMW.pdb  no        -1013.812705325717047  1180.529359999999315  -1144.228940852034157   1043.937910000000102  1.000000000000000
7D4B.pdb  no        -1011.243958229774535  717.337090000000217   -1092.805037051686668   666.745490000000245   1.000000000000000
5J56.pdb  no        -1010.340221404385602  697.029809999999770   -1043.766962452335747   671.795380000000023   1.000000000000000
4JDE.pdb  no        -1010.045529685407587  1036.379580000000033  -1049.828353414628282   969.199129999999968   1.000000000000000
4IP3.pdb  no        -1009.326909805179866  976.766410000000064   -1077.893396539363948   904.743669999999952   1.000000000000000
4RR2.pdb  no        -1008.895559088469554  800.635150000000181   -1008.895559088469895   800.635149999999840   1.000000000000000
6R7T.pdb  no        -1006.633113666512941  1156.333699999999908  -1148.136494541674210   912.611519999999700   1.000000000000000
4HPM.pdb  no        -1002.021844915296015  1417.839260000000650  -1132.704706834403396   909.870080000000030   1.000000000000000
2F2C.pdb  no        -1001.902297965451339  2060.195809999999710  -1190.624232231697988   1373.058150000000296  1.000000000000000
4CRW.pdb  no        -1001.419681531853143  681.843899999999735   -1044.577440451136226   659.386619999999994   1.000000000000000
3DUH.pdb  no        -1001.090289165901822  870.394069999999942   -1052.619476381070399   679.660510000000158   1.000000000000000
6TNP.pdb  no        -999.168778673011047   829.186400000000276   -1057.064635940116887   797.307750000000169   1.000000000000000
4UM8.pdb  no        -997.403455719918270   1877.189370000000963  -1360.601543937545557   1576.134880000000067  1.000000000000000
6I8G.pdb  no        -996.512755462020891   768.315770000000157   -1076.241685124059813   723.621359999999868   1.000000000000000
5KNH.pdb  no        -994.307985003683484   937.361700000000042   -1045.948665705568146   914.639430000000289   1.000000000000000
4MH0.pdb  no        -992.869254283952841   1554.047269999998889  -1407.830609864648750   1150.474369999999908  1.000000000000000
3KNB.pdb  no        -991.369604765364898   660.574050000000057   -1022.620501240669228   636.035570000000007   1.000000000000000
4GBX.pdb  no        -990.942671804051770   2608.647549999999683  -1461.764318914285695   2037.437799999999470  1.000000000000000
6UC6.pdb  no        -990.650953225689364   735.309439999999995   -998.168863136345408    731.551569999999856   1.000000000000000
3W3D.pdb  no        -988.221610248140109   866.843010000000049   -1061.417165113381088   671.370509999999967   1.000000000000000
5A1N.pdb  no        -987.605511455155352   1053.925049999999828  -1031.023116917726611   1020.424269999999865  1.000000000000000
3DA7.pdb  no        -986.781046311337718   771.278869999999984   -1060.624304295995671   679.919510000000059   1.000000000000000
1EM8.pdb  no        -986.336230725981295   685.227400000000102   -1026.452984040711726   657.197899999999890   1.000000000000000
2WEL.pdb  no        -986.309993200960434   1495.349329999999554  -1036.520940802735822   1026.546840000000202  1.000000000000000
4QAM.pdb  no        -984.623841483975298   1188.801700000000437  -1266.253761275413126   1001.612720000000309  1.000000000000000
5JDS.pdb  no        -983.391870956323828   638.759359999999901   -1045.207289345036088   595.277659999999855   1.000000000000000
4ETP.pdb  no        -981.194088010211772   1535.250170000000253  -1221.900115025314108   1306.493010000000368  1.000000000000000
5IIB.pdb  no        -979.627613860010229   1121.137089999999944  -1067.106077236254123   852.638600000000110   1.000000000000000
6KMQ.pdb  no        -979.291040708202672   1429.018270000000712  -1144.039195390941131   1223.640090000000328  1.000000000000000
6QTA.pdb  no        -978.444303298972841   1053.195870000000014  -1164.052356738835442   854.559590000000071   1.000000000000000
3G9A.pdb  no        -977.151299955605623   653.687709999999811   -1029.490484477893915   628.469370000000026   1.000000000000000
2VSM.pdb  no        -976.306541256309856   1386.609240000000000  -1209.231637161369463   1098.028479999999945  1.000000000000000
2QKL.pdb  no        -975.511811026123041   985.259079999999813   -1093.511277236425713   892.449459999999704   1.000000000000000
7DN8.pdb  no        -975.190131076761304   1130.681409999999460  -1116.806544680815023   965.067269999999667   1.000000000000000
4JPS.pdb  no        -974.678841842996235   3125.166150000000016  -1858.348262958897976   2073.049260000000686  1.000000000000000
2I25.pdb  no        -973.143986617301834   690.177130000000261   -1113.469823135837260   547.635160000000042   1.000000000000000
7KJH.pdb  no        -972.448013635225493   912.239210000000185   -1006.975744349943398   656.323429999999917   1.000000000000000
6PYR.pdb  no        -972.171084604846783   2196.560910000000604  -1584.573025747403790   1397.612180000000308  1.000000000000000
2OMZ.pdb  no        -971.905233823174513   1370.548989999999549  -1222.480749710460714   862.232559999999921   1.000000000000000
5N47.pdb  no        -970.920113956778891   1224.223759999999857  -1112.521512048831028   954.497269999999958   1.000000000000000
5DXH.pdb  no        -970.346472845695644   2018.234240000001137  -1328.332940003228032   1655.174769999999853  1.000000000000000
6SEH.pdb  no        -969.971055308126324   1257.464300000000321  -1126.228274628840381   1015.927469999999744  1.000000000000000
2BEX.pdb  no        -969.384946726708108   1690.910710000000108  -1119.020989089085333   1173.316769999999906  1.000000000000000
5VAK.pdb  no        -969.000715620084065   608.207599999999957   -998.706982059451889    581.708570000000122   1.000000000000000
3KCP.pdb  no        -964.840297677572380   894.586800000000039   -971.132502443627232    864.915750000000003   1.000000000000000
3UYO.pdb  no        -963.451221573209409   886.757630000000063   -1068.234697017289363   650.963240000000042   1.000000000000000
7ET0.pdb  no        -963.112824502300555   2446.346770000001470  -1499.706022466423292   2086.954320000000280  1.000000000000000
5IWB.pdb  no        -958.986958611061368   1015.733869999999797  -1060.145563030942867   837.440289999999891   1.000000000000000
4NZL.pdb  no        -957.821145192423501   863.904129999999896   -1171.298897359757120   595.153379999999856   1.000000000000000
6UHT.pdb  no        -956.877936252363611   927.832029999999918   -1054.747229194744250   824.167979999999829   1.000000000000000
4PC3.pdb  no        -956.208062290144539   1716.912770000000364  -1221.712407624866273   1479.866420000000289  1.000000000000000
6CP9.pdb  no        -953.399638520310646   880.332299999999918   -1014.878700563721281   805.178330000000074   1.000000000000000
6YXW.pdb  no        -953.111348561021373   787.303689999999733   -1016.082594700288496   654.080339999999865   1.000000000000000
4RHZ.pdb  no        -953.006411620727363   773.882670000000076   -1066.555134262210458   692.836900000000128   1.000000000000000
7NY8.pdb  no        -951.868410995494969   821.002510000000143   -1045.403155163176280   720.120689999999968   1.000000000000000
4DX8.pdb  no        -949.949696009027889   1257.168470000000525  -1145.651786782201953   1120.152000000000044  1.000000000000000
5F21.pdb  no        -944.010735970645442   987.003229999999803   -1000.169172394164093   918.988869999999793   1.000000000000000
3X37.pdb  no        -943.362525591521944   1339.135399999999890  -1114.379364347774072   1163.721079999999802  1.000000000000000
2V5Q.pdb  no        -943.120752506429994   869.471179999999663   -957.683731009249868    767.569160000000011   1.000000000000000
1LDJ.pdb  no        -942.663192557616412   2400.365300000000843  -1368.821952615596274   1714.875829999999723  1.000000000000000
6WG4.pdb  no        -941.987753836012644   755.140369999999848   -1056.605305770526002   610.994930000000181   1.000000000000000
1KI1.pdb  no        -941.242313549428559   1298.279629999999770  -1121.966332517306228   1146.132380000000012  1.000000000000000
2QCS.pdb  no        -941.014909322985886   2007.871329999999261  -1349.258623228485021   1366.676439999999729  1.000000000000000
7KFK.pdb  no        -940.853163822740953   930.378990000000044   -1018.686057985286084   763.433280000000082   1.000000000000000
5UQ2.pdb  no        -940.433156383951314   1258.156819999999698  -1087.004359959767498   1147.628899999999931  1.000000000000000
3L9J.pdb  no        -938.532094746817734   828.360020000000191   -1081.939003816487229   740.954949999999826   1.000000000000000
2Z35.pdb  no        -938.242637530549018   817.793369999999982   -1054.683042698286044   702.668160000000285   1.000000000000000
6PQK.pdb  no        -937.089279797159065   806.742849999999635   -1036.125338981477398   667.128879999999754   1.000000000000000
1E50.pdb  no        -936.732065119583126   1107.969160000000102  -1042.879057925429834   880.456209999999942   1.000000000000000
1OZ7.pdb  no        -936.565887699710061   1720.875979999999345  -1084.594795359526643   1154.700799999999845  1.000000000000000
1SMP.pdb  no        -935.971725982176622   895.419869999999833   -968.198273710623425    802.366260000000011   1.000000000000000
5XBF.pdb  no        -935.663390912095792   1153.106530000000021  -1151.811097400964400   968.973109999999792   1.000000000000000
1RKE.pdb  no        -934.367816194097486   1319.796229999999696  -1113.562395414880484   1044.342169999999896  1.000000000000000
6ZL1.pdb  no        -932.424457611875482   800.162140000000136   -938.113293726044617    739.469340000000102   1.000000000000000
3WQB.pdb  no        -932.325735429248084   1452.524099999999862  -1096.837467520875634   1115.671990000000505  1.000000000000000
3E6P.pdb  no        -932.287643905292839   2845.300349999999526  -1638.304649447879001   2215.563060000001315  1.000000000000000
2E2D.pdb  no        -932.045781341193788   1224.154379999999492  -1142.887104868662163   945.207429999999817   1.000000000000000
1F45.pdb  no        -931.769276687107435   954.205629999999701   -1045.628067157630767   875.407719999999927   1.000000000000000
2G77.pdb  no        -927.881021383679013   1226.652379999999766  -1070.099779798568989   1097.859200000000101  1.000000000000000
7AZB.pdb  no        -926.968234842707716   763.489440000000172   -946.034672225736244    757.784929999999918   1.000000000000000
6ZE1.pdb  no        -924.229762738893555   889.987209999999891   -984.639345778203847    846.010480000000257   1.000000000000000
7R74.pdb  no        -922.289355369765985   1300.742830000000367  -1125.609771721815832   975.147329999999897   1.000000000000000
5J7C.pdb  no        -921.812812087870725   889.118840000000318   -977.186276142009092    802.070650000000114   1.000000000000000
3LB6.pdb  no        -921.245100537531812   868.472689999999943   -1041.182206044519489   812.179190000000176   1.000000000000000
4LLD.pdb  no        -919.988710893069197   888.691399999999931   -1119.873329348454490   716.480549999999994   1.000000000000000
6OAN.pdb  no        -919.294959864146108   876.041830000000118   -1008.168607137960294   834.789650000000165   1.000000000000000
1GL4.pdb  no        -918.360986380624922   983.163170000000036   -1036.381535694733657   799.472650000000044   1.000000000000000
6JHW.pdb  no        -917.355074519450227   1032.275069999999914  -999.707338981650310    905.918059999999741   1.000000000000000
6OQQ.pdb  no        -916.581274475788518   2014.323990000000322  -1330.065111748311210   1633.195850000000291  1.000000000000000
6LR7.pdb  no        -914.586776715087353   693.114829999999870   -967.373932561207312    592.364940000000047   1.000000000000000
4J2Y.pdb  no        -913.143424334239512   985.014389999999821   -1104.880623673217087   864.543419999999742   1.000000000000000
4WEM.pdb  no        -912.408003121925617   758.222039999999879   -1022.184898921501144   630.115249999999719   1.000000000000000
5XLY.pdb  no        -908.955942718566121   1540.549430000000257  -1151.541752791545605   1103.329119999999875  1.000000000000000
6IWB.pdb  no        -908.726752051785070   1245.731809999999996  -1087.651388349612944   937.877119999999877   1.000000000000000
5DOI.pdb  no        -907.687515357238453   963.059230000000071   -980.949989742336811    755.471670000000131   1.000000000000000
6XI7.pdb  no        -907.208981285957975   1199.216689999999971  -1133.529835559644653   912.999299999999721   1.000000000000000
4ZHY.pdb  no        -906.254530058228625   1057.377769999999828  -1113.676824560337309   802.043840000000273   1.000000000000000
1QAV.pdb  no        -906.143447849742415   764.187279999999987   -1000.283545825687725   577.757439999999974   1.000000000000000
6XOD.pdb  no        -905.309771607867106   763.181870000000004   -1002.692864782508991   614.264620000000036   1.000000000000000
5NKZ.pdb  no        -904.155947639280384   749.565309999999954   -943.146921559663497    566.934989999999857   1.000000000000000
1JTT.pdb  no        -904.141314195884888   737.597989999999982   -1021.990044059976981   670.698839999999905   1.000000000000000
5VXM.pdb  no        -902.658154309609586   602.187760000000139   -936.464271990353154    507.237620000000106   1.000000000000000
6K73.pdb  no        -901.659874250463076   1902.287340000000540  -1408.140142331534435   1315.353790000000345  1.000000000000000
5LHN.pdb  no        -901.114291487284049   908.251139999999964   -1013.803473345113389   833.083179999999857   1.000000000000000
3FRU.pdb  no        -899.553271605218470   1419.503590000000486  -1183.187091059442082   942.418250000000057   1.000000000000000
6K3B.pdb  no        -897.840475848184496   1118.644550000000208  -1173.098966417328029   949.113200000000120   1.000000000000000
1E44.pdb  no        -895.915558062499713   1249.030599999999822  -937.972995824879035    1162.390739999999369  1.000000000000000
3WRY.pdb  no        -893.333710362004012   913.929549999999949   -978.648728590088581    859.841850000000250   1.000000000000000
4AP2.pdb  no        -892.837189474048387   1507.103899999999840  -1190.998060514928966   1211.072050000000445  1.000000000000000
1ABR.pdb  no        -892.190978036566321   1715.088250000000016  -1157.270039876543478   1260.947389999999814  1.000000000000000
4JE4.pdb  no        -891.620028749008497   887.485320000000343   -978.386765573246066    665.893030000000067   1.000000000000000
6KN9.pdb  no        -890.883224292414184   972.114239999999654   -1143.697552462628209   822.895469999999932   1.000000000000000
3BIK.pdb  no        -889.609335459161002   871.592080000000124   -1011.740628298647721   699.132180000000176   1.000000000000000
6OD1.pdb  no        -889.330562134105321   1063.695050000000037  -982.165984107299437    911.746149999999943   1.000000000000000
2D74.pdb  no        -889.194449290838406   1413.007899999999836  -1129.530011769239309   1123.240539999999783  1.000000000000000
4NC0.pdb  no        -888.682464785025104   554.686800000000176   -924.003105709043439    543.880919999999833   1.000000000000000
2Z0D.pdb  no        -885.617477438913738   1185.946550000000116  -1033.636064118120430   780.836069999999836   1.000000000000000
6ZBK.pdb  no        -885.358756627625439   928.744250000000079   -922.187532702991007    842.663670000000138   1.000000000000000
4U5Y.pdb  no        -883.543601423006180   927.322680000000105   -899.976100270764391    920.129080000000158   1.000000000000000
5ML9.pdb  no        -883.039474418905456   920.337959999999725   -966.996707386892695    823.065269999999828   1.000000000000000
1ZHH.pdb  no        -882.155585858032282   1075.090199999999868  -997.752388138924971    1019.578619999999773  1.000000000000000
6ZIE.pdb  no        -880.914484467174020   1184.527259999999842  -1128.100633846440815   833.962390000000141   1.000000000000000
6IR1.pdb  no        -880.863440762827850   750.650750000000130   -884.833523320239692    749.024870000000192   1.000000000000000
5E1H.pdb  no        -880.453184954632206   546.061719999999923   -895.315875187912752    532.175600000000145   1.000000000000000
5LON.pdb  no        -880.355602138057066   1681.864919999999756  -1272.458355688273741   1215.962839999999687  1.000000000000000
1ZUN.pdb  no        -878.816456978152473   2564.147719999999481  -1330.670486066319654   2080.965999999999894  1.000000000000000
6VCL.pdb  no        -877.083561608096602   709.631139999999846   -1006.246400036345449   648.445740000000001   1.000000000000000
5YA1.pdb  no        -876.783816168928752   714.875969999999825   -986.317502949974141    595.177829999999858   1.000000000000000
3H6S.pdb  no        -875.210698844737180   832.476080000000138   -939.821107874561676    771.036220000000185   1.000000000000000
4EIG.pdb  no        -874.435317788528437   875.801170000000070   -903.000394295463025    799.303890000000138   1.000000000000000
4GN4.pdb  no        -873.892546732236838   917.338089999999738   -965.075533908367447    804.814819999999827   1.000000000000000
4Y97.pdb  no        -871.761405313740852   1696.162889999999834  -1061.406052796475478   1402.340320000000020  1.000000000000000
1SQ2.pdb  no        -871.212371032962324   765.890970000000038   -953.419326633260766    710.900479999999902   1.000000000000000
1JIW.pdb  no        -866.656310561217197   999.560039999999958   -994.867928329781080    877.577629999999886   1.000000000000000
4LO8.pdb  no        -864.926733750534822   770.865130000000136   -996.621229108770649    643.538690000000088   1.000000000000000
5CXB.pdb  no        -864.622118776723255   1207.192370000000437  -1056.629327545763317   1003.997120000000109  1.000000000000000
5GY2.pdb  no        -864.570953663689465   1252.946060000000216  -1120.467324425411334   1124.684070000000247  1.000000000000000
6DRE.pdb  no        -860.923467534024326   2415.448980000000574  -1201.451253798243215   2099.257219999999961  1.000000000000000
4ZQK.pdb  no        -860.279320551487785   785.757920000000013   -998.836880091979197    583.497180000000071   1.000000000000000
5DC4.pdb  no        -860.221992657941200   831.065970000000448   -957.740313689612549    725.282950000000028   1.000000000000000
7KRY.pdb  no        -859.832349850176456   690.707630000000108   -898.928503359003571    647.517699999999991   1.000000000000000
4C4K.pdb  no        -859.037193044680180   751.207130000000120   -954.585495054442617    578.145749999999907   1.000000000000000
4LGR.pdb  no        -858.830502793950814   698.189820000000168   -885.439864396537018    658.452110000000062   1.000000000000000
4POU.pdb  no        -858.748795582364437   646.705420000000004   -900.613815312660790    585.326429999999959   1.000000000000000
5IMM.pdb  no        -857.312283457247759   749.015650000000278   -953.277166394372216    698.651230000000169   1.000000000000000
2J3R.pdb  no        -857.171139436021804   1560.666099999999687  -1165.729694735270414   1279.220199999999977  1.000000000000000
5ZZA.pdb  no        -856.010011997368565   818.065370000000257   -951.631973241244964    674.787850000000162   1.000000000000000
3OC3.pdb  no        -855.476026304109382   1899.579859999999371  -1338.417169958741624   1516.444779999999582  1.000000000000000
7DET.pdb  no        -854.786340510895002   764.959329999999909   -950.669855986426114    552.923910000000092   1.000000000000000
7K9N.pdb  no        -853.945497815144449   691.237830000000031   -902.102218478363170    644.355019999999854   1.000000000000000
5U9M.pdb  no        -853.355905807524550   899.714860000000044   -972.766546203640928    763.173880000000054   1.000000000000000
6GVC.pdb  no        -852.975411177124329   1551.430620000000772  -1080.575418543928890   1201.827590000000100  1.000000000000000
1KXQ.pdb  no        -849.077426044832464   1066.602689999999939  -1076.524133366395063   849.014879999999948   1.000000000000000
7JOD.pdb  no        -849.066327184430634   931.331480000000170   -999.573326373926989    829.874779999999987   1.000000000000000
6C7Y.pdb  no        -847.569135590437782   1241.063649999999825  -984.324795843330435    989.280420000000163   1.000000000000000
3N7S.pdb  no        -847.108671833524227   940.019490000000133   -963.534983694760967    749.694830000000252   1.000000000000000
6POL.pdb  no        -846.810016798189963   871.738100000000259   -871.842771758564481    853.476250000000164   1.000000000000000
1WPX.pdb  no        -841.875755551011139   1568.802760000000035  -1204.445804822004902   1187.314700000000130  1.000000000000000
3KF6.pdb  no        -841.761514363292690   965.306949999999915   -1014.887023369115241   843.092330000000061   1.000000000000000
5W59.pdb  no        -841.602149110947039   1386.785499999999729  -1097.265324507447986   1183.375190000000202  1.000000000000000
3H4S.pdb  no        -841.592291518077104   2012.247499999999945  -1045.050781863154270   1900.301120000000083  1.000000000000000
6ONB.pdb  no        -841.386159414410940   942.224269999999819   -1088.992295629123419   744.047839999999837   1.000000000000000
4UF7.pdb  no        -841.289433727130472   1169.987190000000055  -1099.209852995243409   916.213520000000017   1.000000000000000
6FSA.pdb  no        -840.837140579528295   1523.781289999999672  -1035.719985114750898   1216.670759999999518  1.000000000000000
5IED.pdb  no        -840.367658774995562   697.354170000000181   -897.169767283172177    640.573359999999980   1.000000000000000
6H2U.pdb  no        -839.884117608832526   1142.705519999999524  -1171.492047979497784   885.820909999999685   1.000000000000000
5YNM.pdb  no        -835.120910115011611   988.070169999999848   -902.609459830273977    707.876170000000002   1.000000000000000
1O5E.pdb  no        -834.838263940420916   1161.852779999999711  -971.825989488180994    951.240730000000212   1.000000000000000
2BLF.pdb  no        -834.702267779456633   1314.553150000000414  -939.759986663616587    1052.050709999999981  1.000000000000000
2YC2.pdb  no        -832.749130771109094   1051.565519999999424  -1020.674341213970820   960.806000000000040   1.000000000000000
6WAR.pdb  no        -831.416376262449603   688.818859999999859   -960.763830945980658    607.430230000000051   1.000000000000000
4XH9.pdb  no        -829.366095133782665   1795.418439999999691  -1189.577430665173779   1394.801169999999729  1.000000000000000
5V52.pdb  no        -829.312416173783390   800.122239999999806   -994.921084753844525    709.857220000000098   1.000000000000000
3FM8.pdb  no        -828.867881327534292   639.583180000000084   -849.652731499425158    632.911959999999908   1.000000000000000
3UB5.pdb  no        -826.832052126143708   1031.072209999999814  -879.444187985103326    1004.756339999999909  1.000000000000000
6MCP.pdb  no        -826.486124628077050   1484.856789999999137  -1047.411045519882919   1110.519129999999905  1.000000000000000
4H5S.pdb  no        -825.759217559495482   738.843900000000076   -915.304014879952888    581.017390000000091   1.000000000000000
4V3D.pdb  no        -821.927831178640986   933.477549999999951   -986.150315888858813    832.630260000000362   1.000000000000000
2GJX.pdb  no        -821.184901306107008   1529.849579999999833  -919.787534434871304    1388.443819999999505  1.000000000000000
1W98.pdb  no        -820.390435293652217   1762.473059999999577  -1263.859935751546573   1215.620570000000725  1.000000000000000
5F0E.pdb  no        -816.869482293657825   695.711179999999899   -863.064958434649043    611.288170000000150   1.000000000000000
1N4X.pdb  no        -816.841179196571261   852.328319999999962   -1010.799578448646344   726.166479999999865   1.000000000000000
5AYR.pdb  no        -816.218078454340343   1083.311630000000378  -987.998105386217162    904.676189999999906   1.000000000000000
6LBU.pdb  no        -812.092116374647048   876.207600000000070   -1003.018875512227737   695.270520000000261   1.000000000000000
4KFZ.pdb  no        -810.461197035998225   1257.499049999999897  -971.684522415617607    1003.619869999999537  1.000000000000000
5IRC.pdb  no        -810.149138311540923   1210.559610000000475  -946.928520525759382    1008.698699999999917  1.000000000000000
4WI0.pdb  no        -808.753719033655784   923.279739999999720   -946.738341205448023    835.071360000000141   1.000000000000000
7SPO.pdb  no        -808.230139284546453   725.750009999999975   -972.525598716748618    604.189509999999814   1.000000000000000
2J8X.pdb  no        -807.522298659165017   1128.598179999999957  -911.056245328738555    1035.141670000000204  1.000000000000000
5F7L.pdb  no        -807.248036745247532   924.436030000000187   -1024.281311900182800   758.412409999999909   1.000000000000000
6IF3.pdb  no        -806.986899769183765   902.691549999999779   -873.777786399671868    797.634369999999990   1.000000000000000
7JJ0.pdb  no        -805.858876556164660   2195.181430000000091  -1402.014955091855654   1322.290580000000318  1.000000000000000
4B8A.pdb  no        -803.340526346144884   880.678119999999808   -939.407596318647848    569.603799999999865   1.000000000000000
2V1Y.pdb  no        -801.141323710646930   1111.245450000000119  -850.230929694313545    927.771850000000427   1.000000000000000
3VEQ.pdb  no        -799.581488439677969   1135.120580000000245  -1104.639865511901462   838.725830000000087   1.000000000000000
4G6V.pdb  no        -799.148809644490257   1070.605610000000297  -872.967251718718444    963.739160000000197   1.000000000000000
1XG2.pdb  no        -798.449105331492206   1047.596569999999929  -977.735918946356719    811.212620000000015   1.000000000000000
1N0L.pdb  no        -798.233036069612467   1526.664470000000165  -1217.942810489349313   1150.803209999999808  1.000000000000000
5VXK.pdb  no        -795.872571344938933   708.372200000000021   -865.407993768119354    547.117740000000026   1.000000000000000
4YON.pdb  no        -794.401871336315935   1298.260080000000016  -998.759767108692472    1073.143180000000029  1.000000000000000
4EOJ.pdb  no        -793.860099506182905   1478.574509999999464  -1059.224435858452352   1236.837880000000268  1.000000000000000
6QJ2.pdb  no        -791.350970805672091   1247.783999999999651  -1073.289387489577166   981.302379999999971   1.000000000000000
7JR2.pdb  no        -791.158255729833286   902.843950000000063   -900.537837651676909    710.281769999999938   1.000000000000000
4BPX.pdb  no        -791.008918335852627   789.348650000000021   -897.431311776370194    572.269820000000095   1.000000000000000
4HOP.pdb  no        -788.429381834244168   653.611769999999865   -799.623447056299142    577.943639999999959   1.000000000000000
1AY7.pdb  no        -788.046810462991630   600.263129999999933   -840.406963816827442    500.913409999999942   1.000000000000000
3M18.pdb  no        -787.477872720918413   872.456059999999866   -940.509375645972341    744.894000000000119   1.000000000000000
7E5B.pdb  no        -787.376657630920931   876.894300000000044   -924.418837587811254    630.686330000000112   1.000000000000000
7LDJ.pdb  no        -785.516267696330146   1073.925850000000082  -905.691135768630375    952.379009999999880   1.000000000000000
4L0P.pdb  no        -784.452691002513802   1298.603840000000218  -1091.717918821648937   829.823249999999916   1.000000000000000
4W6X.pdb  no        -783.095834032596599   621.956450000000132   -889.603365714290362    465.197369999999978   1.000000000000000
1JLT.pdb  no        -783.090631290068814   1438.174030000000130  -1188.546961020816070   1115.352839999999787  1.000000000000000
2WD5.pdb  no        -781.922883672716807   1515.302040000000034  -1040.030470834997686   1283.461889999999812  1.000000000000000
1T0H.pdb  no        -781.420310667506669   824.318380000000047   -845.981895991852753    801.067569999999705   1.000000000000000
3VF0.pdb  no        -781.367851834318913   1184.218309999999747  -899.415392842517463    1034.051680000000033  1.000000000000000
4JW3.pdb  no        -781.262235512167308   734.232719999999972   -832.150353038290064    638.367930000000115   1.000000000000000
6FG8.pdb  no        -778.732236777336311   701.327089999999998   -856.332150426275348    641.547339999999963   1.000000000000000
6H16.pdb  no        -777.408567373995993   795.195529999999962   -859.552205524860142    606.663130000000137   1.000000000000000
4U0Q.pdb  no        -776.957988619300522   938.724280000000022   -910.720008350406147    812.386930000000120   1.000000000000000
3PNR.pdb  no        -776.486661331791083   1310.290119999999661  -1032.296605334234073   1145.504600000000664  1.000000000000000
3GQB.pdb  no        -773.668030651276240   2329.365219999998317  -1509.421258841590316   1632.781219999999848  1.000000000000000
6GUM.pdb  no        -773.502004830715123   874.956029999999942   -890.738272448465864    760.896050000000059   1.000000000000000
6GHM.pdb  no        -772.354222420882820   1237.638110000000324  -965.992762411647959    919.766979999999990   1.000000000000000
6FOL.pdb  no        -772.283011766058848   668.313750000000027   -796.273095526693169    661.453940000000102   1.000000000000000
5HVF.pdb  no        -771.352731609983834   1032.925249999999551  -935.752001803790108    849.676079999999729   1.000000000000000
1TMQ.pdb  no        -769.689296069812599   1177.148350000000164  -871.784428020791779    799.349530000000186   1.000000000000000
4I0C.pdb  no        -769.376254143683809   644.865709999999922   -802.128682475084929    617.696060000000216   1.000000000000000
3U43.pdb  no        -769.235078363767002   834.862729999999942   -808.280244929094238    757.416650000000118   1.000000000000000
6F3Z.pdb  no        -768.546511877754369   948.060290000000009   -852.126712523530614    811.052219999999920   1.000000000000000
6CH3.pdb  no        -767.686167848963350   947.435319999999592   -859.903334463580109    788.818830000000048   1.000000000000000
6SWT.pdb  no        -766.627928944931909   589.080429999999978   -849.616615897624001    545.101720000000114   1.000000000000000
5UWC.pdb  no        -761.560608911327449   1211.545579999999518  -923.660336989557095    1041.114059999999881  1.000000000000000
6X90.pdb  no        -759.933926715667781   1020.942270000000008  -941.633063413061791    838.735789999999952   1.000000000000000
4J38.pdb  no        -759.505673169528905   676.577929999999924   -816.943964338406772    653.953399999999874   1.000000000000000
3CPJ.pdb  no        -759.070945277130932   1154.986120000000028  -1001.524126032036520   984.508339999999976   1.000000000000000
6U55.pdb  no        -758.907587763214110   750.979050000000257   -879.751984132594544    671.403089999999906   1.000000000000000
6IKM.pdb  no        -757.443200211125372   793.864030000000071   -868.085593156666846    681.502140000000054   1.000000000000000
3K1K.pdb  no        -756.974424876946159   670.312939999999912   -860.895192029839450    593.589300000000094   1.000000000000000
7DEU.pdb  no        -753.922389782251457   556.073250000000030   -817.726381052256670    520.023200000000088   1.000000000000000
6Y4L.pdb  no        -753.850915505645389   1067.134459999999990  -889.790179302232787    901.362510000000157   1.000000000000000
1ZV5.pdb  no        -753.000008396667226   689.178260000000137   -797.723719001276208    646.498720000000048   1.000000000000000
4NIY.pdb  no        -752.952085279016501   1005.529930000000263  -996.007003066031189    733.203989999999862   1.000000000000000
7AC8.pdb  no        -752.694067415824179   1084.585539999999810  -950.961598566972839    813.788549999999873   1.000000000000000
5O33.pdb  no        -747.908819005100213   1172.075939999999946  -989.084721525568739    996.625610000000052   1.000000000000000
5JYL.pdb  no        -747.490571144772730   703.536760000000072   -790.094586597237253    639.919309999999996   1.000000000000000
2ZHX.pdb  no        -745.694614992850006   1072.331729999999880  -910.181486157399604    910.010059999999953   1.000000000000000
3G3A.pdb  no        -745.053792239578229   809.261120000000460   -841.382668767054042    649.715190000000007   1.000000000000000
6SAZ.pdb  no        -744.192649023658305   1274.115420000000086  -946.375911558587518    1030.636329999999816  1.000000000000000
4Y8D.pdb  no        -743.004366079001898   580.045129999999972   -830.042571013699444    513.160140000000069   1.000000000000000
7S0Z.pdb  no        -742.593413055593146   1909.559070000000474  -1125.895739011520845   1405.116930000000821  1.000000000000000
7SQ2.pdb  no        -741.456556114271734   1597.572140000000445  -944.662629159304856    1500.218930000000000  1.000000000000000
6YU8.pdb  no        -740.317743413303447   844.366929999999797   -824.977910673491351    754.767510000000016   1.000000000000000
7JTR.pdb  no        -739.226115881259147   690.578929999999900   -878.404706483912491    588.687150000000088   1.000000000000000
3WDG.pdb  no        -738.763253833201020   1174.124300000000176  -1013.939315371627458   895.231509999999844   1.000000000000000
3MA2.pdb  no        -738.578590658480380   804.771709999999985   -879.699956297927656    674.013809999999921   1.000000000000000
6KHS.pdb  no        -738.308221993133202   1131.030180000000200  -1082.900545625849645   782.109540000000038   1.000000000000000
3KSE.pdb  no        -737.605153702610664   865.376170000000343   -878.238585067653048    764.351400000000012   1.000000000000000
6VAX.pdb  no        -737.439255932670221   1904.654869999999619  -1086.254215676848617   1149.379869999999528  1.000000000000000
5VGB.pdb  no        -737.130863557017960   942.217749999999910   -1085.060697739000261   620.867479999999887   1.000000000000000
1QFK.pdb  no        -734.704629118157868   959.809069999999906   -834.551965429249321    721.271249999999895   1.000000000000000
3BP6.pdb  no        -734.069782401304224   837.972880000000259   -955.579629273596652    640.114059999999995   1.000000000000000
4CGY.pdb  no        -732.898787623463591   1317.379949999999781  -903.256430549011611    1012.313699999999926  1.000000000000000
7JXU.pdb  no        -732.254058564341108   1045.744469999999865  -883.610476974986909    807.341840000000047   1.000000000000000
5MA4.pdb  no        -731.354320203432167   1580.650060000000394  -1373.616446845704559   1154.031030000000101  1.000000000000000
6HTF.pdb  no        -730.806926319460786   962.709750000000327   -794.021895370984907    858.082780000000184   1.000000000000000
6RQM.pdb  no        -730.688718957923129   740.226869999999963   -852.155658153510558    647.055669999999964   1.000000000000000
6H1F.pdb  no        -729.262931153861359   619.340719999999919   -766.756329176206691    577.595360000000028   1.000000000000000
4WEN.pdb  no        -728.778607400340661   651.391539999999850   -870.807478879597056    522.715410000000020   1.000000000000000
3CPH.pdb  no        -728.662288799224029   823.540469999999914   -790.175823406560653    795.133019999999988   1.000000000000000
3T04.pdb  no        -728.562706437277484   641.798270000000230   -842.598899790087103    543.916809999999828   1.000000000000000
6BYN.pdb  no        -728.175796388733033   690.486459999999965   -750.694047598784778    681.827899999999886   1.000000000000000
6N85.pdb  no        -728.027823331344052   1350.638029999999617  -922.421605524435108    1234.080149999999549  1.000000000000000
7C8W.pdb  no        -726.107387929108882   890.177779999999984   -897.537289470640303    652.381700000000023   1.000000000000000
2W81.pdb  no        -722.967398001811603   1372.918380000000298  -985.985815203371885    1120.017020000000457  1.000000000000000
4Y7M.pdb  no        -722.404415194216995   538.817999999999984   -825.213470791881150    494.667869999999994   1.000000000000000
4KVO.pdb  no        -721.937659875405984   2116.547809999999572  -1077.011768077468560   1484.499019999999746  1.000000000000000
5O2S.pdb  no        -721.749370765476669   948.695290000000227   -877.282856334761277    797.887510000000248   1.000000000000000
2XGY.pdb  no        -720.464354120376925   744.962070000000040   -785.688247982893131    701.732529999999997   1.000000000000000
7NH7.pdb  no        -720.220375794287747   997.985290000000077   -1018.306403907774211   715.132399999999961   1.000000000000000
3D3B.pdb  no        -718.393743768896570   813.766000000000190   -915.167740601194055    588.397629999999822   1.000000000000000
7C8V.pdb  no        -717.454248838014905   723.913040000000137   -812.222897387159378    555.645189999999957   1.000000000000000
5BOZ.pdb  no        -717.027622034060414   986.014479999999935   -867.154911590642200    661.039769999999862   1.000000000000000
4OIC.pdb  no        -715.425956534828629   862.913110000000188   -853.573260315243374    773.907630000000154   1.000000000000000
4AN7.pdb  no        -714.322459162675045   919.756190000000061   -1017.105977348668830   553.472609999999918   1.000000000000000
1DS6.pdb  no        -714.062839515820883   1214.622310000000425  -902.914819883208565    989.178360000000225   1.000000000000000
6VTM.pdb  no        -712.417490160303259   989.798450000000003   -905.602249683547598    752.607070000000135   1.000000000000000
1ZVH.pdb  no        -710.684038351011964   550.989649999999983   -752.464700399829894    505.437770000000000   1.000000000000000
3UZE.pdb  no        -710.037258630061956   777.586579999999913   -796.161375496735900    725.768950000000018   1.000000000000000
3WOF.pdb  no        -707.910300672748463   1069.519140000000334  -873.348196932682868    762.594659999999976   1.000000000000000
4XWJ.pdb  no        -707.408591982033727   701.048599999999851   -800.671296084242726    549.330099999999902   1.000000000000000
5MTM.pdb  no        -707.161388048574054   688.622399999999971   -728.834452451261200    676.287660000000074   1.000000000000000
5E5U.pdb  no        -707.129746639781388   702.642739999999890   -784.260275212987494    569.812929999999938   1.000000000000000
4M6W.pdb  no        -707.126524142643916   1949.707170000000133  -1028.879733292725177   1599.994509999999991  1.000000000000000
4NRH.pdb  no        -707.094773754161452   949.239580000000160   -798.265217914214873    764.706810000000132   1.000000000000000
7OK7.pdb  no        -706.898707779311394   999.063110000000165   -965.781269234835463    775.964879999999994   1.000000000000000
2PMI.pdb  no        -706.818668113442868   1337.720109999999977  -900.451748076933427    1081.932170000000042  1.000000000000000
6SJ5.pdb  no        -702.805555125315209   802.072459999999978   -834.175740989613246    615.346270000000004   1.000000000000000
6J7M.pdb  no        -702.711732214266704   1032.672109999999748  -826.922898788771022    918.655879999999797   1.000000000000000
2XQR.pdb  no        -701.426612504552622   984.505349999999908   -871.849627635227421    797.700990000000274   1.000000000000000
6X61.pdb  no        -697.929997376950951   1102.956270000000131  -833.216740359410892    983.800160000000005   1.000000000000000
5AYU.pdb  no        -696.284052322077287   746.805239999999912   -782.915325036322201    660.801969999999869   1.000000000000000
1MR1.pdb  no        -696.262692901826995   836.211999999999989   -840.461250184894766    726.387530000000197   1.000000000000000
6NE1.pdb  no        -695.774726419085709   1109.583640000000059  -876.416668558557149    789.651529999999866   1.000000000000000
3MSX.pdb  no        -694.754558848283409   1191.664119999999457  -796.546169407512252    1080.313409999999749  1.000000000000000
1NUN.pdb  no        -694.754313286157753   1369.577199999999721  -926.507263533051059    1223.895150000000285  1.000000000000000
6II6.pdb  no        -689.443400434930709   1129.646669999999631  -930.522511979841397    858.641890000000330   1.000000000000000
7JTU.pdb  no        -689.342528361526888   1243.823870000000397  -939.019823902833878    959.287910000000124   1.000000000000000
6OBN.pdb  no        -689.017854423041740   1529.840059999999994  -1131.264968240348935   1128.287389999999732  1.000000000000000
7R98.pdb  no        -689.002092474560072   609.153419999999983   -745.205403740572251    549.161879999999996   1.000000000000000
2P45.pdb  no        -688.743729797420087   543.871389999999906   -742.453180083019447    513.225420000000099   1.000000000000000
6G3W.pdb  no        -687.591527988280063   694.375389999999925   -760.342318038052667    646.774319999999761   1.000000000000000
1UDI.pdb  no        -686.642293747570193   981.412200000000212   -755.314123450692023    825.585719999999924   1.000000000000000
5X5W.pdb  no        -686.634614908336061   1112.539999999999509  -817.559378731164315    952.259649999999965   1.000000000000000
3K2M.pdb  no        -686.596169599322934   639.806769999999915   -827.647822458131714    539.480330000000095   1.000000000000000
6POG.pdb  no        -686.157430969569418   897.637649999999667   -759.501892265087349    774.331439999999816   1.000000000000000
5D5N.pdb  no        -685.945781301721240   1767.405030000000124  -979.862453786977198    1131.642179999999598  1.000000000000000
4M3K.pdb  no        -685.743900030247573   795.264839999999822   -834.987991395633458    719.223169999999868   1.000000000000000
2VRW.pdb  no        -684.223432958989633   1305.940870000000587  -986.687785441343976    1064.726520000000164  1.000000000000000
2Y9W.pdb  no        -683.751349951842371   775.115509999999972   -829.203376869333511    611.286309999999958   1.000000000000000
3V96.pdb  no        -682.612306073433842   1215.870349999999462  -963.165463413979978    842.436869999999999   1.000000000000000
1XZP.pdb  no        -682.412319006130929   1596.437160000000404  -1080.890145269658206   1028.171409999999923  1.000000000000000
4BI8.pdb  no        -680.344454677911585   960.378239999999892   -882.579015119358587    854.900259999999889   1.000000000000000
6IMF.pdb  no        -680.103127671651464   1110.520089999999527  -892.184020975909903    915.105049999999892   1.000000000000000
4NFU.pdb  no        -679.953958191796460   2059.849000000000615  -1144.167551315495757   1320.552570000000287  1.000000000000000
7ANQ.pdb  no        -677.283212323147382   809.031720000000064   -766.216427214362739    730.203809999999748   1.000000000000000
2Y9M.pdb  no        -676.912847067858479   753.729630000000157   -754.543489360158674    670.634829999999965   1.000000000000000
2VSO.pdb  no        -676.844797635721307   1404.066100000000006  -951.802338207948537    1152.834320000000389  1.000000000000000
6S8V.pdb  no        -676.036555071151156   1439.525809999999410  -1234.281543338867323   1061.202130000000125  1.000000000000000
7D2T.pdb  no        -675.877132702529138   1128.368479999999863  -1012.816652773064675   926.467379999999707   1.000000000000000
6OF7.pdb  no        -675.756109890061907   2579.960469999998622  -1157.298772722005879   1756.068569999999909  1.000000000000000
5CM8.pdb  no        -674.634175310677847   1664.878300000000309  -1074.842894807703487   1209.756439999999884  1.000000000000000
5DMJ.pdb  no        -674.349434341205210   834.239349999999945   -778.083722551664096    691.876080000000115   1.000000000000000
6S9J.pdb  no        -673.861535297552791   995.781439999999975   -823.420536939488215    841.334399999999960   1.000000000000000
2PM9.pdb  no        -672.469412244639670   2280.495350000000599  -1115.411008626110743   1474.525889999999208  1.000000000000000
1ZBX.pdb  no        -671.697779037975920   625.631769999999847   -769.334160237578317    582.611189999999851   1.000000000000000
7NFR.pdb  no        -671.695354401945679   576.551949999999920   -719.921693515638026    471.721360000000061   1.000000000000000
1XFP.pdb  no        -669.145234201023641   706.030119999999897   -812.786348201878695    619.408279999999991   1.000000000000000
6G8R.pdb  no        -668.567021336374069   857.529649999999947   -794.578915145768747    703.730559999999969   1.000000000000000
7M0X.pdb  no        -666.834473061261747   1328.190079999999625  -930.841366226272726    901.587389999999914   1.000000000000000
5L8L.pdb  no        -666.584019430239209   946.344439999999963   -774.420901862740948    738.262089999999716   1.000000000000000
4J4L.pdb  no        -665.467795588306785   977.141010000000279   -889.380249742194223    800.240779999999972   1.000000000000000
3DBX.pdb  no        -665.028387805819534   1230.771289999999908  -834.628293917916267    964.183329999999955   1.000000000000000
1UGH.pdb  no        -664.961280371690464   1071.494419999999991  -863.264287312343185    854.534259999999676   1.000000000000000
4NIK.pdb  no        -664.124240648478576   833.253420000000119   -877.536072436918175    675.619400000000041   1.000000000000000
3QWQ.pdb  no        -663.767153157809048   598.302870000000098   -761.611410443291106    516.699259999999867   1.000000000000000
7JZ4.pdb  no        -663.647912703858083   2251.158789999999499  -1402.933301476473389   1290.338029999999662  1.000000000000000
5T86.pdb  no        -661.422279327562251   1358.874720000000025  -988.920400128570577    1148.077310000000352  1.000000000000000
3IDB.pdb  no        -660.799993365880027   1337.879469999999628  -1061.849673446868564   1099.337749999999687  1.000000000000000
2O2V.pdb  no        -660.352943835490578   556.376629999999977   -680.068111591043589    490.186239999999941   1.000000000000000
1TA3.pdb  no        -659.781269597456117   990.825080000000071   -877.911607801742321    759.687380000000417   1.000000000000000
3PSE.pdb  no        -658.315218500975902   994.634040000000141   -774.757780074122934    920.379670000000147   1.000000000000000
6SUA.pdb  no        -657.240290791923712   1333.421969999999874  -1067.524716596871940   1063.340410000000247  1.000000000000000
6KZ7.pdb  no        -653.942130500317035   827.984350000000177   -700.652113148429862    722.354019999999991   1.000000000000000
3OCD.pdb  no        -652.832479454006034   1990.641680000000861  -919.492444530761418    1695.065140000000383  1.000000000000000
5MTJ.pdb  no        -649.293043012686326   723.318669999999884   -771.520285481713472    543.560760000000073   1.000000000000000
5SV3.pdb  no        -649.214760193614097   613.685230000000047   -740.862691791479165    529.037020000000098   1.000000000000000
1FXW.pdb  no        -645.968974200405341   1113.567700000000286  -828.295367533950525    872.055869999999800   1.000000000000000
7VPQ.pdb  no        -645.029341618187459   896.042419999999993   -686.889992797908803    674.406250000000114   1.000000000000000
1IAR.pdb  no        -644.461959149214636   781.985389999999938   -755.648669691126884    578.128330000000005   1.000000000000000
3HD8.pdb  no        -643.596773269859568   1238.792930000000069  -810.900469254030895    776.191010000000006   1.000000000000000
4KT6.pdb  no        -643.525689919694855   1556.146910000000389  -968.016513648974410    1060.997850000000199  1.000000000000000
4N0G.pdb  no        -639.379946248398369   1046.964639999999690  -862.287254011665595    882.954760000000192   1.000000000000000
43C9.pdb  no        -639.046455875700190   778.808909999999969   -740.760005753198584    603.651430000000005   1.000000000000000
3RT0.pdb  no        -638.971234789229356   980.434320000000071   -749.541074834941583    765.583529999999882   1.000000000000000
7NQA.pdb  no        -638.516388869728871   966.519230000000107   -793.272611484961658    784.398799999999937   1.000000000000000
6X07.pdb  no        -637.241806617370798   640.566519999999855   -745.133786410025436    542.329669999999851   1.000000000000000
2NZ8.pdb  no        -635.718630598143250   1287.085170000000517  -909.462924548079286    1075.507790000000341  1.000000000000000
5JQP.pdb  no        -635.440229809046514   1197.831960000000208  -818.222811436820962    1039.661460000000034  1.000000000000000
5EW5.pdb  no        -635.347124375016165   913.787630000000263   -833.376013251529116    648.235730000000103   1.000000000000000
5F72.pdb  no        -634.294863408153560   998.388419999999996   -928.055966835383288    713.079609999999775   1.000000000000000
6H47.pdb  no        -634.088597722793907   966.167630000000145   -858.624282842849880    791.060960000000023   1.000000000000000
4N6R.pdb  no        -633.381147041435270   1395.376649999999017  -956.491214500108526    879.062009999999873   1.000000000000000
6ISC.pdb  no        -633.085438731192653   745.751909999999953   -816.370252807407610    670.985499999999888   1.000000000000000
3P9W.pdb  no        -632.709462493563024   879.654539999999997   -778.224199908422520    732.321269999999913   1.000000000000000
7NFQ.pdb  no        -631.664393813602942   810.970590000000243   -789.569282219985780    628.462989999999991   1.000000000000000
5MBL.pdb  no        -631.254520994821860   832.873559999999884   -722.634689902290802    683.753039999999942   1.000000000000000
4NOO.pdb  no        -630.876912496542332   1184.479829999999993  -785.178095507641274    1034.473039999999855  1.000000000000000
7S7R.pdb  no        -627.566784031282054   720.003069999999866   -833.045379140747400    549.420140000000174   1.000000000000000
2QKM.pdb  no        -627.161909666630208   974.286629999999832   -821.613453478252154    689.970209999999952   1.000000000000000
2ERH.pdb  no        -627.148885656855668   757.417569999999841   -720.496874030270646    698.845089999999800   1.000000000000000
4XVP.pdb  no        -627.017523531045185   1317.413400000000593  -1106.954387635953481   899.934309999999869   1.000000000000000
1NW9.pdb  no        -625.727439563423104   1040.594970000000103  -931.521534557645282    734.295369999999821   1.000000000000000
6OQ7.pdb  no        -624.338258661796999   656.073139999999739   -684.299598606924974    580.681480000000079   1.000000000000000
4YR8.pdb  no        -624.296548777200428   661.005219999999895   -703.296416398049587    547.066589999999906   1.000000000000000
4YIQ.pdb  no        -624.030298956335400   696.957490000000121   -672.773206209676118    635.499380000000087   1.000000000000000
5MJE.pdb  no        -623.783728932619965   1097.957780000000184  -788.947040422282612    744.164519999999811   1.000000000000000
4KRD.pdb  no        -623.506409017790247   1516.304289999999355  -840.654653848276439    1304.889769999999771  1.000000000000000
2R25.pdb  no        -622.604747330049349   906.214490000000183   -686.056120441237908    780.565460000000144   1.000000000000000
1UW4.pdb  no        -621.272078849047716   1046.016419999999925  -876.331129465419281    863.726169999999684   1.000000000000000
2YIN.pdb  no        -620.532040571375660   1822.813400000000001  -883.292052202693412    1210.135090000000218  1.000000000000000
4HRL.pdb  no        -618.953854815740328   753.804659999999899   -776.811869072260833    474.599430000000098   1.000000000000000
3SFV.pdb  no        -618.869300837811011   2008.364539999999124  -1108.761871497718403   1297.370189999999866  1.000000000000000
5U56.pdb  no        -615.912240846641794   923.018730000000232   -697.642737697841085    823.843150000000264   1.000000000000000
1Z5Y.pdb  no        -614.585686913869154   668.468179999999961   -817.573100124144844    530.547940000000153   1.000000000000000
4XSG.pdb  no        -614.440134519199432   1309.248730000000023  -790.975129979332110    1017.217210000000250  1.000000000000000
5F1K.pdb  no        -613.175219364298982   850.947660000000496   -698.632690252443354    672.385509999999840   1.000000000000000
1NPE.pdb  no        -608.927903905744643   843.222760000000108   -775.219318887515101    660.132949999999937   1.000000000000000
7WPB.pdb  no        -608.491066352509847   830.301630000000046   -700.262164426400886    775.486870000000067   1.000000000000000
1TDQ.pdb  no        -607.762946288350918   883.844010000000026   -764.408802285465640    744.474429999999984   1.000000000000000
4YOM.pdb  no        -607.690027317976615   1223.570319999999811  -935.911091590727438    928.293789999999717   1.000000000000000
6U54.pdb  no        -607.350433178495223   731.427340000000072   -834.159417543363588    516.364100000000121   1.000000000000000
5C8T.pdb  no        -605.142931967545792   2198.206949999998869  -1043.968744450275153   1657.487030000000232  1.000000000000000
2JGZ.pdb  no        -604.862907610193929   1472.152690000000348  -912.199872492642498    1184.226160000000164  1.000000000000000
3KLD.pdb  no        -603.513865587292230   858.613470000000348   -709.988108498209044    650.791749999999979   1.000000000000000
3CZU.pdb  no        -603.394445095015385   1114.923909999999978  -856.026319212196199    965.042369999999892   1.000000000000000
3CKI.pdb  no        -602.628364588142858   1066.096420000000307  -962.181332653505365    787.242400000000316   1.000000000000000
7MRK.pdb  no        -602.099746277094368   639.849330000000009   -873.156668317568119    530.098570000000109   1.000000000000000
6KP3.pdb  no        -601.994713844738271   583.833190000000059   -799.972095127419948    447.624469999999974   1.000000000000000
4GMJ.pdb  no        -601.804800862308412   716.215969999999857   -784.315860919378565    450.081389999999942   1.000000000000000
4YDY.pdb  no        -599.726208337768753   1128.441319999999905  -941.066749237439240    755.781909999999925   1.000000000000000
5K35.pdb  no        -598.779470784775640   1542.393019999999751  -904.140041787066593    1221.410969999999679  1.000000000000000
6KIP.pdb  no        -596.934426886040342   1106.532889999999725  -738.885119924547894    660.025679999999966   1.000000000000000
6P7Y.pdb  no        -596.792456030127937   1382.019069999999829  -988.244341915456516    1089.184670000000096  1.000000000000000
3TU3.pdb  no        -593.094187385608620   1445.523850000000721  -887.010132495461676    1158.460430000000315  1.000000000000000
2JJS.pdb  no        -591.973167283001430   901.752200000000244   -746.092188564929188    743.613660000000323   1.000000000000000
3CQG.pdb  no        -590.739512374293895   1172.778819999999996  -895.349276196823780    808.402809999999818   1.000000000000000
1KXV.pdb  no        -590.379621720829959   803.577280000000201   -716.909424028928242    562.431519999999978   1.000000000000000
1TX4.pdb  no        -588.012090828580085   1137.290500000000065  -787.234328080829528    906.137260000000083   1.000000000000000
4LX0.pdb  no        -587.970353825492452   960.479699999999980   -764.334818180095226    762.737329999999815   1.000000000000000
4US0.pdb  no        -586.363486630946454   1573.791149999999561  -898.589845584191494    1250.081449999999677  1.000000000000000
5HVG.pdb  no        -586.012104355680435   722.057859999999891   -706.594458406756303    560.614469999999869   1.000000000000000
6YYE.pdb  no        -585.354623011885224   683.543639999999982   -617.185352270299859    635.293490000000020   1.000000000000000
1AUT.pdb  no        -581.629363480133975   849.083809999999630   -731.989946806258558    787.701069999999959   1.000000000000000
2RD7.pdb  no        -581.272217207739573   1000.382210000000100  -753.807169498487724    831.686009999999897   1.000000000000000
1BLX.pdb  no        -581.065575287003867   865.281620000000089   -743.339880682982539    774.072979999999916   1.000000000000000
4PJ2.pdb  no        -576.959123542816769   778.648930000000178   -745.956203255846049    571.906560000000127   1.000000000000000
6BXA.pdb  no        -576.191517064958248   874.872929999999883   -857.857346095583580    631.613369999999918   1.000000000000000
4YJZ.pdb  no        -575.420821203410128   910.493370000000027   -806.480877374047850    562.482189999999946   1.000000000000000
7NA9.pdb  no        -574.200647324908232   1180.882879999999886  -771.018394790570596    807.784640000000081   1.000000000000000
4LGP.pdb  no        -573.943335332954121   867.331499999999892   -711.301747015760952    623.967130000000111   1.000000000000000
1RJC.pdb  no        -572.754557698658687   755.382479999999873   -697.601385604362008    638.606769999999869   1.000000000000000
3S48.pdb  no        -572.195203910926466   612.525060000000053   -607.705865066265233    529.207210000000032   1.000000000000000
4BFI.pdb  no        -568.229010807037866   892.327960000000303   -674.781346356323183    831.723659999999882   1.000000000000000
5F7K.pdb  no        -564.199472544990840   912.221260000000143   -704.310442124613928    750.370170000000030   1.000000000000000
7DHX.pdb  no        -563.426322179276326   914.592810000000100   -654.657438249295751    693.428450000000112   1.000000000000000
6O38.pdb  no        -562.410428267550628   2110.372950000000401  -1150.679882037188236   1464.850140000000692  1.000000000000000
7D6Y.pdb  no        -562.017819579649313   724.884139999999888   -625.359807801735201    573.683449999999880   1.000000000000000
1FYH.pdb  no        -561.623142280133038   937.608270000000061   -799.910484839119704    728.864729999999895   1.000000000000000
3QBT.pdb  no        -560.874566232770007   934.119820000000232   -712.505851823582134    810.544810000000098   1.000000000000000
4Y7O.pdb  no        -560.475168707003263   559.612549999999828   -620.201217673666520    533.151439999999866   1.000000000000000
3ZO5.pdb  no        -559.871404104970111   1130.633839999999964  -828.594899046128603    710.505689999999731   1.000000000000000
4JEH.pdb  no        -559.450393587669282   2129.490229999999883  -1119.269128239183601   1591.237390000000005  1.000000000000000
4N6O.pdb  no        -556.589466954644877   726.472400000000107   -796.332503389397857    521.345600000000104   1.000000000000000
4DHI.pdb  no        -554.168620390131991   636.581230000000005   -586.873790233621207    597.536069999999881   1.000000000000000
6CWG.pdb  no        -553.264825522015485   579.501210000000242   -635.006836521759283    533.240470000000187   1.000000000000000
5HZK.pdb  no        -552.114083067543902   1327.757349999999860  -751.481258376361666    909.229139999999802   1.000000000000000
7CEI.pdb  no        -551.488579882742783   702.078109999999924   -686.955007935735807    603.917769999999905   1.000000000000000
1JTD.pdb  no        -550.926345637929103   1069.341809999999896  -776.764241752786802    757.531499999999710   1.000000000000000
6QUP.pdb  no        -548.593943751809888   942.196189999999888   -821.176689687876774    709.652819999999906   1.000000000000000
6H4B.pdb  no        -547.295345648230068   1123.305620000000317  -861.373457012777862    686.513770000000136   1.000000000000000
3R07.pdb  no        -546.866555266530099   798.111800000000130   -647.407557090381374    617.539539999999988   1.000000000000000
6OAU.pdb  no        -546.606185296142030   918.321299999999837   -799.238272275940062    634.011560000000031   1.000000000000000
6OBE.pdb  no        -545.349135750960386   1019.359049999999911  -775.127622110948096    657.101049999999873   1.000000000000000
4XOI.pdb  no        -543.710964798226314   682.955629999999701   -645.675339880075057    627.438229999999976   1.000000000000000
1HE1.pdb  no        -542.220788001506094   1051.663510000000088  -790.213898732167422    826.062180000000012   1.000000000000000
3LQC.pdb  no        -538.650932322273775   642.342430000000036   -643.564509830193401    582.500510000000077   1.000000000000000
5ECJ.pdb  no        -538.557183884805340   551.503079999999954   -637.138678157496656    505.335700000000088   1.000000000000000
6QB3.pdb  no        -538.042768580993538   691.288949999999886   -544.758503764436341    688.552610000000186   1.000000000000000
4GIZ.pdb  no        -536.813739946814962   1162.838679999999840  -822.052667288087832    785.089599999999791   1.000000000000000
6GS2.pdb  no        -535.859054810509974   921.019449999999892   -691.044889349811115    611.576559999999972   1.000000000000000
6C12.pdb  no        -535.838059567683899   1391.505999999999403  -811.894157205985493    1186.729409999999916  1.000000000000000
4DFC.pdb  no        -534.818289575012727   853.694749999999772   -701.210861866716186    674.364269999999919   1.000000000000000
2IBG.pdb  no        -533.955651997744894   609.004270000000020   -572.830651982059408    581.503590000000031   1.000000000000000
7T9L.pdb  no        -533.231196443066096   831.196969999999851   -654.641763817113542    681.738249999999880   1.000000000000000
1I8L.pdb  no        -532.281243561810697   617.590749999999957   -629.954833131918917    572.115880000000061   1.000000000000000
4KML.pdb  no        -531.178581507474291   616.056540000000041   -633.748652836792076    525.030909999999949   1.000000000000000
1VG0.pdb  no        -531.108616108541014   1437.562509999999293  -858.854565914309205    1061.042070000000422  1.000000000000000
1D9K.pdb  no        -530.030341773154760   794.501230000000078   -624.723471330910343    614.689010000000280   1.000000000000000
7RBS.pdb  no        -529.732436501063944   1272.951350000000275  -955.488220946368756    810.311400000000049   1.000000000000000
1KZ7.pdb  no        -529.552208609314221   1547.169990000000325  -815.322720209209592    1155.023330000000442  1.000000000000000
7L3L.pdb  no        -529.528783169337544   650.190649999999891   -554.896099807563473    628.599909999999909   1.000000000000000
4EUK.pdb  no        -528.702162899155383   777.687259999999810   -668.562196034379554    562.555340000000001   1.000000000000000
2E27.pdb  no        -527.759933517981494   690.641039999999862   -630.105995818534097    552.654659999999922   1.000000000000000
6GBH.pdb  no        -526.870715833130248   893.016240000000153   -702.517773447258605    622.421870000000240   1.000000000000000
6P4W.pdb  no        -524.651363318114363   1495.077930000000379  -891.088833849310504    1238.910269999999855  1.000000000000000
1M2T.pdb  no        -524.396229487013557   1343.009839999999940  -662.237816572354632    986.008840000000305   1.000000000000000
6HER.pdb  no        -524.076419146695343   655.178889999999910   -575.548541232888738    433.552390000000003   1.000000000000000
3KBT.pdb  no        -523.854701840637404   798.051949999999806   -586.211365571771694    702.358699999999999   1.000000000000000
1HWM.pdb  no        -523.019537827765930   1598.660139999999728  -766.708526354375067    1338.061550000000580  1.000000000000000
5OVW.pdb  no        -521.310271372563648   1047.977149999999710  -684.929780283893933    807.940810000000056   1.000000000000000
3KDJ.pdb  no        -520.785718956860819   846.604949999999917   -759.691672613700575    730.192609999999831   1.000000000000000
5J4A.pdb  no        -519.124802391203502   962.796230000000037   -696.197457653758306    767.693190000000072   1.000000000000000
3F7P.pdb  no        -516.736566702745904   1126.601930000000038  -834.932860107457827    706.072340000000054   1.000000000000000
6AXF.pdb  no        -515.609850931957794   1486.394429999999602  -683.454836993826575    1081.369169999999940  1.000000000000000
6OBC.pdb  no        -514.560946457473506   942.390929999999798   -726.090990917064687    644.874340000000302   1.000000000000000
4ZGN.pdb  no        -510.335271185974705   755.515399999999886   -591.692288950479337    414.922430000000077   1.000000000000000
1YVB.pdb  no        -509.540539147396714   850.645189999999843   -655.137485465605323    555.889210000000048   1.000000000000000
3PV6.pdb  no        -508.509498975235033   554.309460000000172   -646.900962857733930    410.079790000000003   1.000000000000000
6J71.pdb  no        -506.662532383425912   865.627280000000155   -624.092207104355452    741.122269999999844   1.000000000000000
2NPT.pdb  no        -506.359634617441884   541.424229999999852   -589.509522518380777    399.163729999999987   1.000000000000000
3Q9N.pdb  no        -504.977977686591089   784.467520000000150   -819.241613418201041    544.982409999999959   1.000000000000000
3S9D.pdb  no        -503.650759726364015   897.629290000000196   -707.562348795391017    726.037260000000060   1.000000000000000
1ZC3.pdb  no        -502.558724601903407   887.331189999999992   -675.136247728807007    613.590209999999956   1.000000000000000
6PLM.pdb  no        -501.664337916604268   2124.765060000001085  -1034.704705129088097   1124.740440000000262  1.000000000000000
3C5X.pdb  no        -500.865369808979722   754.989209999999957   -695.086913551215844    538.983439999999973   1.000000000000000
1KXP.pdb  no        -499.301416074839210   1631.500809999999092  -832.872505711859731    1142.224720000000616  1.000000000000000
4FZV.pdb  no        -498.131682615451098   688.517329999999902   -640.212207914108376    576.508379999999875   1.000000000000000
2WY3.pdb  no        -495.903559052642208   1079.416570000000092  -669.564190846557722    750.667460000000005   1.000000000000000
2H7V.pdb  no        -495.664690879683235   767.083160000000134   -629.130447301269101    581.183349999999905   1.000000000000000
4YC7.pdb  no        -495.186312758685801   1510.951249999999618  -794.218167652845523    888.969369999999799   1.000000000000000
4HXI.pdb  no        -495.174513531392449   1030.758569999999963  -704.017407118703090    810.859090000000151   1.000000000000000
6BI8.pdb  no        -492.804438753952013   1112.524430000000393  -976.413902864199827    709.368320000000153   1.000000000000000
6SM5.pdb  no        -492.527703463542366   805.825960000000123   -674.308770939575652    679.562000000000239   1.000000000000000
3R8B.pdb  no        -492.345563551969462   727.821590000000015   -617.404225949015768    500.896859999999890   1.000000000000000
5Y80.pdb  no        -491.912463007548126   659.976110000000290   -604.297059912675650    513.253950000000145   1.000000000000000
1H2V.pdb  no        -490.253364433402680   1172.177180000000135  -785.045826312688632    840.949879999999894   1.000000000000000
7E40.pdb  no        -488.372084276049122   1943.877220000000307  -931.596001238401300    1597.854910000000245  1.000000000000000
2ZNX.pdb  no        -488.280154302756102   867.881350000000339   -585.275404864621464    528.269819999999982   1.000000000000000
6FP7.pdb  no        -487.793331821397828   776.754939999999806   -680.245495984741410    480.104630000000043   1.000000000000000
5WFN.pdb  no        -486.701668929924665   2184.950030000000424  -934.067422440292034    1425.773529999999937  1.000000000000000
3NVN.pdb  no        -484.227066553101281   960.383060000000114   -760.394192402070757    738.279250000000047   1.000000000000000
4TXV.pdb  no        -481.415135072881753   986.002540000000181   -589.340759253841497    793.423059999999850   1.000000000000000
4M69.pdb  no        -480.840667291879015   1163.778160000000298  -780.803337673577516    892.966729999999870   1.000000000000000
1DZB.pdb  no        -480.796292519629162   832.460050000000024   -631.937494424148326    670.824459999999817   1.000000000000000
5MU7.pdb  no        -480.741650579883526   1722.202019999999720  -926.998372838030832    1354.783140000000003  1.000000000000000
4RCA.pdb  no        -478.779232091311314   845.031340000000000   -572.339617767023583    777.769129999999791   1.000000000000000
3HEI.pdb  no        -478.383083444055785   1066.998199999999997  -726.662120865132238    693.534850000000006   1.000000000000000
4G59.pdb  no        -475.819010180202724   1288.835239999999658  -769.601699952652098    989.001909999999612   1.000000000000000
4HGM.pdb  no        -475.720508236008868   695.151520000000119   -632.656525447447393    567.262209999999982   1.000000000000000
4MJS.pdb  no        -475.494066447382124   558.585650000000101   -512.500514593210141    491.446389999999894   1.000000000000000
2JKI.pdb  no        -474.720765197316837   576.591630000000009   -559.342783593356899    445.337739999999997   1.000000000000000
3MJ7.pdb  no        -473.540639707318292   857.236480000000029   -592.715430341491810    773.678149999999846   1.000000000000000
7KDC.pdb  no        -473.317579222315430   666.717259999999897   -519.610749817798023    645.790289999999914   1.000000000000000
1D2Z.pdb  no        -472.194248188583515   836.679539999999633   -726.868710817099327    672.458329999999933   1.000000000000000
7BHF.pdb  no        -471.501906768284471   793.703729999999837   -528.337818433885445    757.352530000000002   1.000000000000000
6S08.pdb  no        -470.857802851870360   1166.040389999999888  -641.841335530376455    894.213880000000245   1.000000000000000
6WAQ.pdb  no        -469.511586516139744   773.479580000000169   -519.714050365648291    566.214230000000043   1.000000000000000
6LB8.pdb  no        -467.925646206272461   1021.577689999999734  -655.348629490434860    770.112809999999854   1.000000000000000
5BW0.pdb  no        -467.874637265541878   797.014100000000099   -639.978945204809634    529.873990000000049   1.000000000000000
7KJI.pdb  no        -466.905323590591820   707.989450000000033   -594.027874781080300    613.600120000000061   1.000000000000000
6XZU.pdb  no        -466.673526450426664   609.529980000000137   -692.676496403977580    442.787860000000023   1.000000000000000
7CZ0.pdb  no        -464.987554918181161   580.176229999999691   -615.959027235919166    342.107749999999953   1.000000000000000
4CI2.pdb  no        -463.997193501792026   2269.511830000001737  -1424.532873309952265   1494.908489999999802  1.000000000000000
3ZHE.pdb  no        -463.905738936674368   1226.801499999999578  -741.099353278883882    821.005770000000325   1.000000000000000
6EY0.pdb  no        -462.806654147236259   595.139209999999935   -664.258985396778598    400.492920000000026   1.000000000000000
4BVX.pdb  no        -461.311081179993607   1199.137429999999995  -774.872244323660311    824.573909999999955   1.000000000000000
6IYB.pdb  no        -460.277743029334886   658.156239999999798   -569.647256357087144    560.642119999999977   1.000000000000000
2Z3Q.pdb  no        -459.859213577428420   607.108499999999935   -572.696201826589345    506.013119999999958   1.000000000000000
6D65.pdb  no        -459.458107623365208   658.224880000000098   -602.641794925163595    566.543259999999918   1.000000000000000
3L4Q.pdb  no        -458.886334219219293   797.472890000000007   -548.403809810974394    695.142419999999902   1.000000000000000
3KB3.pdb  no        -457.942898445809647   866.631470000000036   -613.010902257670750    752.846120000000042   1.000000000000000
5OOV.pdb  no        -456.106390419925845   946.493820000000028   -636.677928009927427    639.204100000000039   1.000000000000000
3VLB.pdb  no        -455.621535959915605   1011.666320000000383  -704.913548730705315    725.873180000000048   1.000000000000000
3ETB.pdb  no        -454.270611941258380   837.225610000000074   -551.751882698933287    769.937049999999886   1.000000000000000
5V03.pdb  no        -453.357523217656990   1222.581230000000232  -629.722090696509554    1055.137230000000272  1.000000000000000
3ZXU.pdb  no        -451.164137903695234   2703.894509999999627  -1082.543769313812163   1646.636359999998604  1.000000000000000
6MM8.pdb  no        -450.943021034571871   1329.180700000000343  -851.968447738797522    988.602620000000115   1.000000000000000
3T6G.pdb  no        -450.086415413349926   1175.129039999999804  -725.506769618610520    699.202349999999797   1.000000000000000
6TBN.pdb  no        -449.917730924141438   980.801939999999945   -663.120348748040669    690.530530000000113   1.000000000000000
6G4J.pdb  no        -449.294941010835657   834.856290000000399   -641.215032711751860    695.297319999999900   1.000000000000000
4ZV6.pdb  no        -448.953494911438327   1453.660139999999501  -730.091410387030692    1211.821479999999838  1.000000000000000
5HJP.pdb  no        -448.891706934958563   900.711459999999875   -779.243782049089759    686.026289999999904   1.000000000000000
6ZH1.pdb  no        -447.096319214383129   1067.358129999999619  -837.836567910159829    699.029109999999946   1.000000000000000
6SAK.pdb  no        -442.778530759423063   1007.489469999999983  -636.526896268800556    803.439419999999927   1.000000000000000
2HLE.pdb  no        -442.212000212694363   1056.900299999999788  -614.743781102618755    734.099870000000010   1.000000000000000
6MOE.pdb  no        -440.813988243662152   815.421989999999937   -603.286898019875707    572.466819999999871   1.000000000000000
1WMH.pdb  no        -440.527026580738095   602.537810000000036   -534.254541288849168    485.580679999999973   1.000000000000000
4EQA.pdb  no        -440.260778214254231   984.484420000000000   -726.385780891156514    735.223919999999907   1.000000000000000
4HFF.pdb  no        -439.800295302149948   744.858199999999783   -621.967233731309534    572.126960000000167   1.000000000000000
6D66.pdb  no        -439.045940695658032   678.390549999999962   -587.373605001075020    563.767489999999952   1.000000000000000
6AGO.pdb  no        -437.963123400394409   1575.753380000000107  -792.434436130764198    1179.859140000000252  1.000000000000000
4S0S.pdb  no        -437.620765213417144   675.633090000000152   -477.751216187919681    609.127840000000106   1.000000000000000
7BZK.pdb  no        -436.971531458026618   790.685260000000198   -592.427737901280693    554.764920000000075   1.000000000000000
7S2S.pdb  no        -435.068914949683062   613.171430000000214   -550.522172862539833    560.836429999999837   1.000000000000000
5M4Y.pdb  no        -433.422001661264687   691.920850000000087   -541.538521660819583    489.458570000000122   1.000000000000000
6SNY.pdb  no        -432.634874087421508   590.456069999999954   -490.071093742014853    522.324819999999931   1.000000000000000
4JSN.pdb  no        -432.195511794666515   862.105900000000020   -626.892066225585268    616.793859999999995   1.000000000000000
5MFD.pdb  no        -431.915078017627366   1144.988450000000057  -690.767696210459917    1022.098960000000034  1.000000000000000
5USF.pdb  no        -431.054543466849395   939.357829999999694   -549.841318583954035    848.252379999999903   1.000000000000000
7JUR.pdb  no        -429.818603887748054   1084.171520000000328  -849.023637657781819    828.917489999999930   1.000000000000000
1M2V.pdb  no        -429.014861285312463   871.246189999999842   -660.297029061746343    608.317519999999831   1.000000000000000
4U7P.pdb  no        -428.866939158012144   866.182939999999917   -679.691091345168388    549.908090000000016   1.000000000000000
4BD9.pdb  no        -428.399493864611088   1026.284610000000157  -753.828568751851094    678.512050000000045   1.000000000000000
4BX9.pdb  no        -428.109555645839237   835.586120000000392   -599.693951022488818    712.079639999999813   1.000000000000000
7MEZ.pdb  no        -427.974136410311246   1342.826160000001209  -667.749979650649493    999.359380000000442   1.000000000000000
5DCQ.pdb  no        -427.547170939003365   653.373219999999947   -620.265259160951132    484.261669999999981   1.000000000000000
5JHH.pdb  no        -427.218881889087754   1518.256310000000212  -820.317591175746315    871.916670000000067   1.000000000000000
3V3K.pdb  no        -426.031715433632428   957.817610000000059   -724.204923488282930    744.760519999999929   1.000000000000000
2WG3.pdb  no        -425.134378665936993   905.588540000000194   -521.320938723196036    698.772689999999898   1.000000000000000
7DEO.pdb  no        -423.888004148557968   959.831849999999577   -587.110164430429450    829.237989999999627   1.000000000000000
1P6A.pdb  no        -423.678858629067918   771.414180000000215   -493.178617637587138    513.790610000000015   1.000000000000000
4I13.pdb  no        -423.613509530271244   653.991269999999986   -513.828275846183487    486.766479999999945   1.000000000000000
3NMV.pdb  no        -422.456144717786572   849.595269999999800   -601.440236800156072    631.801550000000020   1.000000000000000
4ONM.pdb  no        -420.481559043889092   760.550369999999702   -554.348347869708959    617.614869999999996   1.000000000000000
3OUR.pdb  no        -420.429263854375733   848.686330000000225   -503.077809853817087    811.306330000000003   1.000000000000000
5M94.pdb  no        -420.346131435067264   773.854030000000307   -675.509587405238790    501.406920000000014   1.000000000000000
3VPJ.pdb  no        -419.880522386802454   1008.559669999999983  -734.628276211439243    799.898789999999849   1.000000000000000
4N9O.pdb  no        -419.838463223874555   616.328220000000215   -556.240876410612145    404.574249999999950   1.000000000000000
5IUS.pdb  no        -418.768312540071634   842.476459999999634   -554.020106158230988    699.507230000000050   1.000000000000000
4DBG.pdb  no        -418.763173140460651   818.479090000000156   -646.234193125711613    580.913419999999974   1.000000000000000
3TAC.pdb  no        -418.646985671106961   1587.150830000000269  -902.515145235491559    775.689770000000067   1.000000000000000
3JV4.pdb  no        -418.062868371470870   736.492029999999886   -674.769286893970957    553.925100000000043   1.000000000000000
6OX7.pdb  no        -417.566519766408192   793.982409999999959   -531.150543670496859    569.055239999999912   1.000000000000000
7JZ1.pdb  no        -416.995741403774673   2419.602589999999054  -1393.228800395855615   1351.987889999999879  1.000000000000000
7BWT.pdb  no        -416.554568429463075   953.949459999999931   -634.074595897282734    809.271950000000061   1.000000000000000
2IE4.pdb  no        -416.505159795712984   934.795029999999883   -624.484888091410426    627.635910000000081   1.000000000000000
3TKL.pdb  no        -415.896625400952189   1068.369730000000118  -632.523844321030197    843.430880000000116   1.000000000000000
1US7.pdb  no        -415.464258550483805   551.293590000000108   -535.060924178985715    382.472550000000012   1.000000000000000
2AQ2.pdb  no        -415.005204549876737   667.634469999999851   -434.716911369466061    609.026319999999942   1.000000000000000
4FHB.pdb  no        -413.042118838842669   587.601780000000076   -445.843870444823210    515.317709999999920   1.000000000000000
1MBX.pdb  no        -412.033185991945288   825.024339999999938   -550.153093235783103    564.053879999999936   1.000000000000000
5OCL.pdb  no        -411.805714528135468   595.809430000000134   -501.539238985515965    420.642320000000041   1.000000000000000
1RI8.pdb  no        -409.518655397224904   667.956260000000043   -532.958746680213380    573.420899999999961   1.000000000000000
1F3V.pdb  no        -409.069215938058051   723.045749999999771   -562.614528434338013    655.444420000000036   1.000000000000000
1LFD.pdb  no        -408.245797990015035   583.526100000000042   -542.148918054065462    353.275030000000015   1.000000000000000
3W2W.pdb  no        -404.421803037412019   1663.340599999999768  -865.955640155835226    1245.167250000000422  1.000000000000000
1V74.pdb  no        -401.981371806743482   913.503080000000068   -513.886687380291505    840.433760000000007   1.000000000000000
7JW7.pdb  no        -400.321071670380547   767.185049999999933   -550.660833195090845    698.434660000000008   1.000000000000000
7DQA.pdb  no        -399.578905534115620   976.148239999999873   -590.250164220084457    652.011679999999956   1.000000000000000
1PVH.pdb  no        -397.259446850811116   678.424899999999980   -455.211252212590296    637.294200000000046   1.000000000000000
4ILW.pdb  no        -396.633071393748878   1251.355489999999918  -951.367016247203651    679.465310000000045   1.000000000000000
3QLU.pdb  no        -396.611585833669665   1400.734460000000809  -768.523597440815934    1002.706470000000195  1.000000000000000
6LSA.pdb  no        -396.560290079181470   944.863740000000234   -640.997199594723725    548.833700000000022   1.000000000000000
4XL5.pdb  no        -396.147983204258594   923.577449999999772   -638.963657705238120    698.425180000000069   1.000000000000000
6JB2.pdb  no        -394.509377761884537   685.609489999999937   -555.895415359940444    459.616089999999929   1.000000000000000
3OG6.pdb  no        -393.775847042586406   742.022900000000050   -622.478313556658918    604.149250000000166   1.000000000000000
6ER6.pdb  no        -392.092261468700826   670.340110000000209   -578.779891830090605    447.364249999999970   1.000000000000000
4QTS.pdb  no        -391.891383208464390   957.615219999999908   -529.685979241472523    903.072120000000041   1.000000000000000
4C9B.pdb  no        -390.907482844969934   1592.635139999999865  -869.539021777897233    1014.672039999999697  1.000000000000000
5AQM.pdb  no        -389.726535357160628   951.978169999999977   -534.204402380759007    576.577140000000099   1.000000000000000
2AAI.pdb  no        -388.706123457869751   1525.885939999999209  -603.738863327756803    1028.382269999999380  1.000000000000000
6KR4.pdb  no        -387.463445919821140   1039.657570000000305  -617.390414948294051    828.918869999999856   1.000000000000000
7JZI.pdb  no        -387.301949708648692   892.618330000000242   -553.499725823615336    685.544919999999934   1.000000000000000
5D1M.pdb  no        -386.025183639585975   1520.531110000000353  -786.981910992033818    957.560989999999606   1.000000000000000
7SPP.pdb  no        -385.524158863812715   780.950189999999907   -534.184409935419239    565.270209999999906   1.000000000000000
5VXZ.pdb  no        -383.928535107363359   1062.282140000000027  -799.738331262525890    805.361010000000078   1.000000000000000
5C4V.pdb  no        -383.639589230606987   875.261629999999741   -693.264194445254475    463.132239999999911   1.000000000000000
7TE8.pdb  no        -382.150911344152178   951.521970000000238   -514.771019039523935    823.936670000000163   1.000000000000000
3DLQ.pdb  no        -382.141466901138926   833.469230000000266   -587.167405272575479    645.228520000000231   1.000000000000000
4PER.pdb  no        -379.170387121730982   1311.091770000000679  -638.539517799395639    989.154410000000325   1.000000000000000
4FMC.pdb  no        -378.510955916161322   1337.396799999999757  -694.509249356964233    806.780770000000075   1.000000000000000
5DUD.pdb  no        -378.129506500628395   1493.218850000001112  -718.647523355807721    1065.485370000000103  1.000000000000000
6LYJ.pdb  no        -377.534673747784439   1203.227450000000772  -678.609134870321100    858.689079999999763   1.000000000000000
1DCE.pdb  no        -377.165339585025436   2609.113400000000183  -1304.261196398880429   1322.195930000000317  1.000000000000000
2ACL.pdb  no        -376.840111724809049   1562.075060000000121  -930.031377329395923    816.390910000000304   1.000000000000000
7EOW.pdb  no        -376.523788179437759   604.582570000000146   -560.497561248774900    429.283010000000104   1.000000000000000
5NKM.pdb  no        -376.331619445977196   1667.254340000000411  -939.513890714315835    846.652169999999956   1.000000000000000
3PT8.pdb  no        -375.368387467791877   766.582130000000234   -585.654926093022596    597.695650000000114   1.000000000000000
7NE1.pdb  no        -371.666305309822860   685.892950000000042   -505.578890692869720    563.686750000000075   1.000000000000000
3OQ3.pdb  no        -370.787789564657487   2512.146890000000440  -1036.617338393024056   1744.764840000000277  1.000000000000000
4F5C.pdb  no        -370.733100435822394   723.858759999999961   -393.461025959934091    460.018840000000012   1.000000000000000
4V0N.pdb  no        -370.580688215990506   606.978779999999915   -492.882655138416510    466.425080000000094   1.000000000000000
7NFT.pdb  no        -370.268329337218347   554.171420000000012   -467.597769015533174    498.152860000000089   1.000000000000000
4IOP.pdb  no        -369.912430114606877   813.936609999999746   -458.470299836662491    717.439679999999953   1.000000000000000
1F34.pdb  no        -369.455893298673061   1499.010379999999714  -736.910349805294118    1231.730360000000019  1.000000000000000
5MA6.pdb  no        -368.900057392365511   850.068950000000086   -589.436130346757068    590.554890000000114   1.000000000000000
2I9B.pdb  no        -367.279630242748738   1178.258089999999356  -868.966319426082464    747.786909999999693   1.000000000000000
6OCA.pdb  no        -365.705089138635685   884.249009999999771   -596.976326236632985    608.746250000000032   1.000000000000000
4FXW.pdb  no        -362.424205612905268   1071.172750000000178  -516.154656210610710    754.286240000000134   1.000000000000000
2HRK.pdb  no        -361.753549006424976   769.765309999999999   -482.114088978732866    626.013879999999972   1.000000000000000
2GRR.pdb  no        -359.888621139797408   546.602030000000127   -410.116952735606390    521.029300000000035   1.000000000000000
4NBX.pdb  no        -359.211394065798913   660.977409999999850   -470.230405693815953    575.112739999999917   1.000000000000000
5VXL.pdb  no        -358.291630010295307   645.348480000000109   -583.005189562027113    473.113990000000001   1.000000000000000
1HR6.pdb  no        -357.488324446631736   1541.830049999998437  -666.241274659354417    1090.430199999999786  1.000000000000000
5JLV.pdb  no        -356.266516434665505   586.418700000000172   -469.178139052325434    508.504199999999969   1.000000000000000
3FCS.pdb  no        -355.273154871946701   3109.458479999999781  -1644.444453135006370   1584.557950000000119  1.000000000000000
3GC3.pdb  no        -352.829643063951266   1062.714229999999816  -665.463693805291200    704.432809999999904   1.000000000000000
4RIY.pdb  no        -351.807226215362505   1401.794789999999466  -598.512399688526102    845.942249999999945   1.000000000000000
4FOU.pdb  no        -350.917149849104931   852.126120000000014   -510.306073126764090    675.507660000000214   1.000000000000000
3R7W.pdb  no        -349.902371704732900   1197.353719999999839  -552.608351389026780    1020.662710000000061  1.000000000000000
7S7Q.pdb  no        -349.813493127978177   1034.578420000000278  -536.518581870001526    798.744419999999991   1.000000000000000
7B7Z.pdb  no        -349.689999715332476   1348.817559999999730  -537.639811957718507    1101.870480000000043  1.000000000000000
1F5Q.pdb  no        -349.030949287342082   1231.532710000000179  -608.326421363525469    930.112630000000081   1.000000000000000
5FQ2.pdb  no        -348.320991619057338   755.535769999999957   -538.325731361740168    512.834159999999997   1.000000000000000
4YXC.pdb  no        -347.892671970821027   995.736129999999889   -582.213285587723931    846.747259999999983   1.000000000000000
5DO9.pdb  no        -344.847983361218951   916.912090000000035   -469.588219556111255    625.008469999999875   1.000000000000000
7MJI.pdb  no        -342.885388714147609   833.948579999999879   -465.565234790824093    625.526889999999753   1.000000000000000
2E31.pdb  no        -342.673958902696938   1588.920489999999972  -528.695209899521046    1321.695740000000342  1.000000000000000
2C5L.pdb  no        -338.489851904855584   588.628420000000006   -554.505324905083739    363.062190000000044   1.000000000000000
5IP4.pdb  no        -336.339353684790467   626.977890000000116   -562.460490239604155    473.340530000000058   1.000000000000000
5E0Q.pdb  no        -336.252385140181332   720.384080000000154   -482.248838132320998    602.396160000000123   1.000000000000000
1OEY.pdb  no        -334.788287785753084   686.901789999999892   -542.882479847094714    476.109030000000018   1.000000000000000
3K75.pdb  no        -333.191662604458941   589.195240000000013   -432.950281913059712    489.861689999999953   1.000000000000000
7D5B.pdb  no        -332.917667770037951   788.967740000000163   -428.754007323584915    528.774120000000039   1.000000000000000
1JMA.pdb  no        -331.867871633064794   780.181499999999915   -516.435600491238233    584.864840000000072   1.000000000000000
5NCM.pdb  no        -330.128782209821111   2017.491469999999708  -766.174340009903858    1160.811319999999569  1.000000000000000
4KRM.pdb  no        -329.351033499409255   611.253829999999880   -500.207005234622613    460.837349999999958   1.000000000000000
2FJU.pdb  no        -326.369833168380239   624.305610000000115   -528.808525618176077    467.583829999999978   1.000000000000000
6LYD.pdb  no        -325.151642641938906   974.133380000000216   -649.029478862441806    781.664880000000039   1.000000000000000
1E96.pdb  no        -324.322351761172627   581.355799999999931   -416.946264536800641    477.007150000000024   1.000000000000000
5CLL.pdb  no        -324.012936957786849   1840.631629999999859  -669.600061360336895    1312.412560000000440  1.000000000000000
3DAW.pdb  no        -321.337092107146304   1172.246039999999311  -858.091084542327735    661.892799999999966   1.000000000000000
6WX8.pdb  no        -317.204493496274154   1921.023149999999760  -989.180517081066569    1365.531149999999798  1.000000000000000
1YCS.pdb  no        -316.336055171988164   726.686679999999797   -475.666447096311401    514.193309999999997   1.000000000000000
5N48.pdb  no        -316.072496240741202   1049.677259999999933  -701.725905720582318    748.487620000000106   1.000000000000000
3TGX.pdb  no        -313.125015537376157   986.656169999999975   -530.469017032269676    620.406340000000000   1.000000000000000
1HCN.pdb  no        -308.183938073312163   1868.585480000000189  -685.219128532818900    1436.349020000001019  1.000000000000000
5C2J.pdb  no        -307.859683707352644   1168.882829999999558  -550.136486711009070    983.270510000000172   1.000000000000000
5CM9.pdb  no        -307.837599081789847   1215.292469999999639  -730.432585179036664    860.480660000000398   1.000000000000000
5BMU.pdb  no        -307.580953420559467   734.394369999999981   -411.772586301027104    451.475339999999903   1.000000000000000
4XHU.pdb  no        -305.678651458504362   707.321460000000116   -437.608698389960807    535.598650000000021   1.000000000000000
6G1E.pdb  no        -304.492183254845429   1007.685130000000299  -725.122038187538351    524.244199999999978   1.000000000000000
3FN1.pdb  no        -303.121258663167964   931.404130000000123   -383.963889674296524    773.959760000000074   1.000000000000000
4KBQ.pdb  no        -302.268692134194850   951.043670000000020   -527.798053708634257    583.192659999999933   1.000000000000000
3ZU7.pdb  no        -302.199458366273007   879.665750000000116   -439.771164935411548    531.442740000000072   1.000000000000000
5LWF.pdb  no        -301.257303436664870   576.982000000000198   -556.067245059665993    431.592350000000010   1.000000000000000
6R3V.pdb  no        -299.278081507667196   1170.227609999999913  -640.986365507942537    905.095040000000154   1.000000000000000
7S2R.pdb  no        -298.622536781359315   743.921280000000024   -480.423443867643698    589.895390000000020   1.000000000000000
3PCR.pdb  no        -298.617411924005182   586.767890000000079   -389.316351599675500    479.065789999999936   1.000000000000000
4R40.pdb  no        -297.946215038164837   1125.964349999999740  -662.243665819521993    712.424539999999752   1.000000000000000
6ML1.pdb  no        -297.694388459836091   1058.824850000000197  -456.895794925876601    876.105330000000208   1.000000000000000
6JH0.pdb  no        -297.058354819479462   631.811350000000061   -472.303480364706786    421.812710000000038   1.000000000000000
7CYV.pdb  no        -296.342430221818972   647.037060000000110   -459.858989814562449    516.995660000000044   1.000000000000000
6FQB.pdb  no        -296.117023953359876   1233.819539999999961  -765.054609227402580    754.582149999999842   1.000000000000000
3QN1.pdb  no        -295.318194432919881   852.869929999999954   -445.087554932859462    679.246039999999880   1.000000000000000
6GHO.pdb  no        -294.532135847925758   1552.618790000000217  -620.066575972541500    1206.804889999999887  1.000000000000000
2PTT.pdb  no        -294.510485495921330   713.128070000000207   -462.073800533985263    510.004239999999982   1.000000000000000
6CH2.pdb  no        -294.410875950253967   638.380960000000073   -391.104778664273965    524.015099999999848   1.000000000000000
3H2U.pdb  no        -291.570211625612558   668.473859999999945   -324.668450681468698    625.941580000000044   1.000000000000000
5EFQ.pdb  no        -289.542297710622279   987.547990000000141   -631.224118933593900    647.484160000000202   1.000000000000000
3ZUV.pdb  no        -288.127259354980652   676.685770000000161   -493.540265386145336    467.649130000000127   1.000000000000000
5X0W.pdb  no        -286.590998819747483   700.113259999999627   -406.189894239591183    526.861519999999928   1.000000000000000
4X57.pdb  no        -285.605207630545010   919.222479999999791   -446.682580519263922    631.441420000000107   1.000000000000000
6V3P.pdb  no        -285.107701047883836   654.663300000000049   -302.260265504459142    577.669149999999945   1.000000000000000
1NU9.pdb  no        -283.982413183747383   2039.613729999999805  -834.658675153758281    1255.632660000000214  1.000000000000000
6YX5.pdb  no        -281.529458293377218   1082.742289999999912  -657.706047043896319    760.775869999999827   1.000000000000000
2V9T.pdb  no        -277.548257266897053   667.738480000000095   -489.423314987415552    512.084590000000048   1.000000000000000
3GB8.pdb  no        -277.356116810857998   1776.581909999999880  -1020.162873252715485   611.166399999999953   1.000000000000000
7KM5.pdb  no        -276.802006880036117   857.915849999999978   -578.192046048873067    488.971009999999865   1.000000000000000
6W3H.pdb  no        -275.813063459996215   544.208959999999934   -305.083369694543933    391.222260000000006   1.000000000000000
6M3I.pdb  no        -275.781440436823004   1063.801299999999628  -510.472961849492719    708.049019999999928   1.000000000000000
4C9V.pdb  no        -274.460011128574536   709.109069999999633   -430.224492735202375    560.784679999999980   1.000000000000000
5J57.pdb  no        -274.295331518759042   561.187069999999949   -366.248727494607920    490.233849999999961   1.000000000000000
6U08.pdb  no        -274.258959272660547   1078.875170000000026  -418.563019339917389    760.778720000000021   1.000000000000000
3BH7.pdb  no        -273.191010627900312   1321.737559999999576  -515.916409910704260    844.094700000000216   1.000000000000000
1H32.pdb  no        -272.315063819500438   1222.821629999999686  -403.389926144244953    1126.069560000000365  1.000000000000000
6S0A.pdb  no        -271.098818140678645   1208.255520000000388  -409.977305825423230    736.217809999999872   1.000000000000000
6L5K.pdb  no        -269.309790095165965   589.248009999999908   -387.251734584661392    455.085370000000012   1.000000000000000
4XAX.pdb  no        -266.249271450240258   623.674139999999966   -479.608652311261665    317.616109999999992   1.000000000000000
7V8F.pdb  no        -265.624312045014108   556.042080000000055   -376.844264877724811    434.221579999999960   1.000000000000000
5B64.pdb  no        -262.794696098461202   806.929059999999822   -495.932373203402790    593.169830000000161   1.000000000000000
5CEC.pdb  no        -262.467021692221635   1105.200199999999768  -479.402513690836884    775.744980000000055   1.000000000000000
7CD7.pdb  no        -261.312678335033183   631.239529999999831   -363.144938550901088    515.496699999999919   1.000000000000000
6J6X.pdb  no        -260.016833926368463   1370.697720000000572  -587.459037943991234    1082.019660000000385  1.000000000000000
6P66.pdb  no        -259.448155940699110   1417.181180000000040  -665.469852903276660    891.813250000000153   1.000000000000000
6CP0.pdb  no        -259.009280674229444   589.706429999999955   -315.013096376977728    407.506910000000005   1.000000000000000
6RGY.pdb  no        -258.181506579564200   915.805560000000128   -508.173239280879955    560.899180000000115   1.000000000000000
5HPY.pdb  no        -254.703248181814331   1129.141430000000355  -588.734978088630442    815.290919999999915   1.000000000000000
6SJA.pdb  no        -254.693745459562763   937.874649999999974   -454.137781496029390    517.355940000000032   1.000000000000000
5L21.pdb  no        -254.040623042526562   1128.251710000000003  -601.169080346468945    726.690969999999993   1.000000000000000
7DDX.pdb  no        -253.925632797784004   866.144310000000132   -506.968670540566166    507.069880000000012   1.000000000000000
6F4J.pdb  no        -250.136272168821648   852.943080000000236   -591.017360840246852    471.972520000000031   1.000000000000000
1U0S.pdb  no        -250.015124049642168   738.100869999999873   -449.805380746501726    486.485500000000116   1.000000000000000
3KQ4.pdb  no        -249.540286075604484   889.632440000000088   -342.873601187603356    823.996160000000259   1.000000000000000
6OAO.pdb  no        -247.521208902606162   1083.460780000000341  -525.867750031360742    824.890039999999885   1.000000000000000
5DOB.pdb  no        -245.660633631114962   1942.092669999999771  -831.512019137451489    1035.715919999999869  1.000000000000000
5CHV.pdb  no        -242.974037715465244   2040.610760000000255  -1151.126826641342859   857.161399999999844   1.000000000000000
7AX1.pdb  no        -240.850323075626477   1229.149100000000089  -669.061723504748556    824.735459999999989   1.000000000000000
3K1I.pdb  no        -240.420425765676328   884.001730000000293   -445.301629566208987    601.227750000000015   1.000000000000000
1Z92.pdb  no        -238.829263308669965   915.991909999999962   -515.922143202148504    696.754799999999932   1.000000000000000
4FGI.pdb  no        -238.116798306772495   1049.650920000000042  -641.965957506647669    637.260420000000067   1.000000000000000
1UUZ.pdb  no        -236.860271639020795   902.706479999999942   -479.470158319740392    544.090949999999907   1.000000000000000
5D6H.pdb  no        -235.057517860869098   1348.045919999999796  -726.479012382597602    734.965599999999768   1.000000000000000
4GH7.pdb  no        -233.320068635927299   1028.863990000000058  -662.909796620749717    692.598179999999957   1.000000000000000
5K1A.pdb  no        -231.528893977763857   681.183989999999881   -383.644059203556651    482.604970000000094   1.000000000000000
3OXU.pdb  no        -231.189255151134972   742.211330000000089   -327.742729236927516    647.708170000000109   1.000000000000000
2B3T.pdb  no        -228.863626626669685   1701.843850000000657  -677.053882601514829    784.940600000000359   1.000000000000000
4GQ2.pdb  no        -227.528632196140791   2075.787340000000768  -1034.739074155692151   1275.011619999999766  1.000000000000000
5AQB.pdb  no        -227.309120926713888   645.861740000000054   -371.605843042540016    380.520039999999995   1.000000000000000
7S0Y.pdb  no        -226.573391296980390   1536.435880000000680  -743.556292087361498    986.588680000000295   1.000000000000000
6SGE.pdb  no        -225.864382584696784   694.828000000000088   -327.314353455669959    648.366099999999960   1.000000000000000
1JQL.pdb  no        -223.479750245704054   951.127340000000231   -375.147063219370636    754.657119999999964   1.000000000000000
4H3K.pdb  no        -223.099486024841156   1094.594350000000077  -548.564785865212116    531.930309999999849   1.000000000000000
5BRR.pdb  no        -222.784432401462709   1190.920589999999720  -879.196524356540408    540.602849999999989   1.000000000000000
4LLO.pdb  no        -222.553101982534230   707.112600000000157   -391.545359788738779    566.220559999999978   1.000000000000000
3PB1.pdb  no        -221.938180110721589   1064.292680000000473  -694.595136241977002    619.918159999999943   1.000000000000000
5KYY.pdb  no        -221.582033615589921   691.466589999999997   -419.523425638981735    466.913079999999979   1.000000000000000
7FC3.pdb  no        -218.851136929786605   599.843439999999873   -341.111925538803007    434.299990000000093   1.000000000000000
5F4E.pdb  no        -217.313965330852284   905.061719999999923   -415.766431502393971    652.927350000000047   1.000000000000000
7AY0.pdb  no        -216.115343393149431   745.678929999999809   -340.415799214782112    535.215410000000020   1.000000000000000
5CBN.pdb  no        -215.345374923780298   632.078739999999925   -412.508032495826740    491.832619999999963   1.000000000000000
3FPN.pdb  no        -214.460383841982747   734.550300000000107   -460.857656614253926    471.482450000000085   1.000000000000000
7LKN.pdb  no        -212.728275898348159   941.531459999999811   -342.392692111551924    745.042689999999766   1.000000000000000
2Z8V.pdb  no        -212.496673386948316   1053.368659999999636  -588.028795927105307    749.027689999999666   1.000000000000000
2X19.pdb  no        -210.896985051815250   1488.952670000000353  -740.182120728353539    954.961450000000013   1.000000000000000
4D0L.pdb  no        -210.797288004298110   550.949539999999843   -310.894340929409452    472.251959999999997   1.000000000000000
7K7Y.pdb  no        -210.145529116076403   910.703200000000038   -564.719732207242032    722.498310000000174   1.000000000000000
3TG1.pdb  no        -209.631294967624456   915.034250000000270   -420.086652600318814    602.932789999999954   1.000000000000000
3UJG.pdb  no        -206.661735230384863   1137.263139999999794  -552.207057993959779    830.466909999999984   1.000000000000000
3KZ1.pdb  no        -203.883278134609412   591.858109999999897   -276.024697943323872    546.474010000000021   1.000000000000000
1BQQ.pdb  no        -202.350683276188505   1336.757490000000189  -818.005661933555075    710.045490000000086   1.000000000000000
4C6T.pdb  no        -202.083524352395216   681.951899999999796   -417.517319828398911    306.335130000000049   1.000000000000000
4I1O.pdb  no        -201.231378265107992   1126.446199999999635  -476.534838724073950    880.364579999999705   1.000000000000000
1VRS.pdb  no        -200.224337352669693   911.213560000000030   -440.428815189391855    569.324110000000019   1.000000000000000
3L82.pdb  no        -197.592266335892162   607.325890000000072   -473.504595948639405    418.469130000000121   1.000000000000000
5CK3.pdb  no        -194.911830584370676   1274.269859999999881  -537.846129847363386    890.011900000000310   1.000000000000000
2NXN.pdb  no        -194.775339167329633   1576.330999999999904  -555.617542586576292    907.922080000000051   1.000000000000000
2WUS.pdb  no        -192.671422482733078   560.410000000000196   -394.576440307634584    403.182759999999917   1.000000000000000
4ZI2.pdb  no        -192.545612025064258   1152.283129999999801  -423.881415953640101    757.202339999999936   1.000000000000000
4Z3U.pdb  no        -192.420499885963693   1807.092419999999265  -674.564824926388837    1266.286090000000058  1.000000000000000
4Y61.pdb  no        -190.552038244705045   998.711609999999837   -636.564852601303073    659.108659999999986   1.000000000000000
1Y8X.pdb  no        -190.011730600985004   831.577900000000227   -340.991574953393524    715.324560000000133   1.000000000000000
4PHT.pdb  no        -189.376340824005354   1585.054019999999355  -721.239885418131053    1036.105190000000448  1.000000000000000
5KBX.pdb  no        -189.144851362920974   752.089200000000346   -488.630000770678294    428.297780000000159   1.000000000000000
5CW5.pdb  no        -188.698272976671888   568.294449999999983   -258.706470875768275    448.003440000000069   1.000000000000000
2NXX.pdb  no        -187.262251573853916   935.667580000000044   -648.179935106816174    601.200580000000173   1.000000000000000
3TSR.pdb  no        -184.421730235288294   1203.147539999999935  -506.456883441059404    577.073050000000194   1.000000000000000
1G6V.pdb  no        -183.753614313398884   553.025669999999877   -311.611326598929338    403.698179999999979   1.000000000000000
3CJR.pdb  no        -183.229835763738123   1130.091379999999845  -657.642344649916367    912.349680000000376   1.000000000000000
4QPL.pdb  no        -181.519807265937118   634.908150000000205   -294.284257131505512    392.617160000000013   1.000000000000000
4R6U.pdb  no        -181.332965806023253   1432.506490000000213  -752.791743719488522    976.814040000000091   1.000000000000000
3HW2.pdb  no        -176.467721192531769   647.819719999999961   -339.979276482159889    476.604879999999980   1.000000000000000
7LC1.pdb  no        -176.330069416719823   1030.914190000000190  -520.762787105602911    671.077769999999987   1.000000000000000
3LAQ.pdb  no        -175.282737046494930   1338.974560000000110  -657.233122926814190    842.364359999999920   1.000000000000000
5MAD.pdb  no        -172.342507836121854   761.308630000000335   -381.260620312618187    409.401109999999960   1.000000000000000
7V84.pdb  no        -171.455666135266085   811.754580000000033   -480.227147399500609    473.042030000000011   1.000000000000000
5DMR.pdb  no        -170.290033508807028   639.107029999999895   -430.659651819568808    402.106150000000014   1.000000000000000
1XB2.pdb  no        -168.881651943421559   1468.937059999999974  -658.426931938798020    1124.758609999999635  1.000000000000000
1Z5X.pdb  no        -167.668867266892164   913.641759999999863   -533.395797846552568    588.922050000000127   1.000000000000000
5JJD.pdb  no        -166.782891072455385   601.241690000000062   -371.971898059415366    468.106840000000034   1.000000000000000
1AVA.pdb  no        -165.850245082052624   1205.726579999999785  -443.210517838976784    957.689549999999826   1.000000000000000
2PF4.pdb  no        -165.211908040178400   836.074089999999956   -349.116673450975384    589.092039999999997   1.000000000000000
5GVE.pdb  no        -164.672019980781329   730.587239999999724   -285.310246678887779    562.502589999999941   1.000000000000000
3ONG.pdb  no        -164.205764808188405   729.249000000000024   -357.366047790397261    527.737740000000031   1.000000000000000
6OB5.pdb  no        -163.921152080802301   653.901820000000043   -348.639003142326033    464.299530000000004   1.000000000000000
7L0F.pdb  no        -163.703784198918356   860.823869999999829   -284.587096639664651    714.127110000000130   1.000000000000000
3A2F.pdb  no        -160.295921398545119   815.238359999999943   -428.266816604981159    567.154350000000136   1.000000000000000
3FQD.pdb  no        -158.550998880243185   822.459229999999934   -518.738347293711399    617.894690000000082   1.000000000000000
6DLD.pdb  no        -158.539204299249775   739.070340000000101   -389.659622775573723    496.963019999999915   1.000000000000000
4PKH.pdb  no        -157.289874385719173   2408.517820000000029  -908.068100926136822    1097.887539999999717  1.000000000000000
1T6B.pdb  no        -156.045151120144112   961.403340000000071   -566.420706360133636    573.239279999999894   1.000000000000000
5YWR.pdb  no        -153.551970022425678   587.380009999999970   -279.490149207629656    379.671670000000063   1.000000000000000
1H1V.pdb  no        -150.566532617350049   1013.385690000000068  -504.653594372710927    391.506829999999923   1.000000000000000
4IZ5.pdb  no        -149.965780359615252   996.092669999999657   -426.463450462619619    821.223290000000020   1.000000000000000
7LKQ.pdb  no        -149.342806617303125   747.995700000000170   -422.707739973985099    483.569240000000093   1.000000000000000
1TUE.pdb  no        -148.277360614938857   909.519940000000020   -524.021164151109588    537.040629999999965   1.000000000000000
4QZV.pdb  no        -147.951508008713347   829.192769999999882   -228.264021342399985    784.672919999999976   1.000000000000000
1IBR.pdb  no        -145.973265714745310   1628.775540000000319  -673.658251814708137    1186.780930000000353  1.000000000000000
5FOY.pdb  no        -144.152874641848967   1780.434700000000248  -463.136041736946368    1298.961039999999912  1.000000000000000
6THL.pdb  no        -143.602507140879112   743.876110000000040   -319.185662898287205    532.554939999999988   1.000000000000000
6S8U.pdb  no        -141.845531939704017   1006.202949999999532  -329.063469770875088    628.506880000000024   1.000000000000000
5U8C.pdb  no        -141.561398357289960   1147.068260000000009  -409.414843606238946    777.613060000000360   1.000000000000000
5VAE.pdb  no        -139.196619298947326   1482.690139999999701  -594.512885973390439    1182.382239999999911  1.000000000000000
3U82.pdb  no        -138.900257961918896   845.198889999999892   -338.945737665911224    516.322419999999966   1.000000000000000
4YGA.pdb  no        -136.903255694848013   792.574049999999943   -359.493044423417132    569.381999999999948   1.000000000000000
4UJ5.pdb  no        -135.903297117886325   622.953790000000140   -267.228467793960760    479.904300000000035   1.000000000000000
6KCR.pdb  no        -134.750108790018032   555.153789999999844   -310.231537776651692    280.261490000000038   1.000000000000000
3K8P.pdb  no        -134.596144829158362   969.107260000000451   -323.436758798665096    598.229670000000169   1.000000000000000
6JZY.pdb  no        -134.080973777118402   874.328469999999925   -392.541827161685148    565.997889999999984   1.000000000000000
3DI2.pdb  no        -134.068459985748348   730.180710000000204   -307.462339073930252    485.717420000000175   1.000000000000000
1SHY.pdb  no        -131.407225742321003   847.707169999999905   -375.918663380162457    657.462959999999839   1.000000000000000
4IMI.pdb  no        -131.382744106805120   1155.269969999999830  -577.793618695126497    766.575850000000173   1.000000000000000
2O3B.pdb  no        -126.700756918935468   814.401519999999778   -411.831792553732271    433.299630000000093   1.000000000000000
2Q7N.pdb  no        -121.148539707578493   968.775720000000433   -519.298048589157929    455.732379999999978   1.000000000000000
1XQS.pdb  no        -120.369998170513725   1169.175189999999475  -397.083399841650021    539.126899999999978   1.000000000000000
5M14.pdb  no        -119.382425372577444   1044.117529999999988  -391.608123994989569    741.534550000000081   1.000000000000000
6OCD.pdb  no        -115.123129845836800   901.536979999999858   -377.372111857524317    558.008739999999875   1.000000000000000
4XA9.pdb  no        -113.082267377742056   1209.703069999999343  -476.643856073499819    685.803369999999973   1.000000000000000
2OZA.pdb  no        -112.997737368141316   3080.799209999998311  -967.767160477185143    1525.366670000000568  1.000000000000000
5C46.pdb  no        -111.629266012991835   582.521179999999845   -255.674329243551938    515.982849999999985   1.000000000000000
7SLA.pdb  no        -110.445990361777135   717.091480000000274   -376.183648732640108    516.951259999999934   1.000000000000000
2F2L.pdb  no        -110.171703743281910   570.874780000000101   -325.667189851314333    318.829999999999984   1.000000000000000
6RPT.pdb  no        -107.139179390355551   742.574069999999892   -383.495419633982351    495.308260000000018   1.000000000000000
4NI2.pdb  no        -106.179153683179393   1326.475219999999808  -420.116434315633285    883.750940000000014   1.000000000000000
1Y01.pdb  no        -105.547502143309316   826.828199999999924   -347.721712241156013    282.171329999999955   1.000000000000000
6LGQ.pdb  no        -104.510626764751535   1574.301220000001877  -463.769705177306150    1260.656350000000430  1.000000000000000
4H03.pdb  no        -104.035780777597978   720.172409999999786   -326.767797059821191    460.782130000000052   1.000000000000000
2R40.pdb  no        -103.629417723225174   1163.987609999999677  -656.197052632403256    553.158779999999865   1.000000000000000
6AHY.pdb  no        -101.168548342263890   606.501799999999889   -213.012851838729460    506.577029999999809   1.000000000000000
3GNI.pdb  no        -100.996955597132754   1937.041620000000421  -628.721266977502637    1031.933420000000297  1.000000000000000
3MCA.pdb  no        -100.042554928828849   1094.342329999999720  -461.134141397404335    739.294299999999907   1.000000000000000
3GOV.pdb  no        -99.523888466701507    828.604919999999993   -417.841258746852816    591.325500000000034   1.000000000000000
5YEE.pdb  no        -98.978587895765997    775.258000000000152   -309.158311655607122    476.945819999999969   1.000000000000000
7ESY.pdb  no        -98.028300038544685    2344.285930000000008  -938.408321716947512    1467.514000000000124  1.000000000000000
3ENH.pdb  no        -97.871838439339896    657.914900000000216   -244.230754738264778    530.081490000000031   1.000000000000000
4F48.pdb  no        -97.607634051249676    547.524810000000002   -376.365498143404693    356.883830000000103   1.000000000000000
1L4D.pdb  no        -97.156701604196684    679.489599999999996   -353.804272033839027    293.866419999999948   1.000000000000000
3ZYI.pdb  no        -95.912943675688936    1032.597870000000057  -553.534268705318595    403.757610000000000   1.000000000000000
6ZSI.pdb  no        -95.543129766154422    709.397120000000086   -340.571252514216155    487.836259999999925   1.000000000000000
4DVG.pdb  no        -91.621172500183832    1041.160360000000082  -360.273996757743646    615.602110000000152   1.000000000000000
4FMB.pdb  no        -91.312397727403450    1523.835230000000593  -586.783437154798776    932.673409999999990   1.000000000000000
6ZHT.pdb  no        -90.730395353076489    1751.835549999999785  -669.294148819533689    697.123540000000048   1.000000000000000
6LQO.pdb  no        -85.936614629242243    1298.960179999999809  -530.310358623349998    858.563020000000051   1.000000000000000
6YMV.pdb  no        -85.251357895674587    1477.189489999999751  -347.097858224350773    892.910619999999540   1.000000000000000
2V8S.pdb  no        -81.417966736049507    646.519619999999918   -265.953394470470244    448.322930000000042   1.000000000000000
4P4S.pdb  no        -79.674231364309094    1247.450980000000527  -401.836163447938191    602.051980000000071   1.000000000000000
3A8Y.pdb  no        -76.132903907867259    749.419909999999732   -333.648870317682736    514.174369999999954   1.000000000000000
5O2T.pdb  no        -70.337928589490346    866.967030000000022   -312.445192007258811    488.224789999999928   1.000000000000000
3CX8.pdb  no        -70.163245063843917    1448.673199999999497  -569.903963681469691    593.891420000000039   1.000000000000000
4M4R.pdb  no        -68.541511145658731    1228.757359999999835  -605.739752727713835    496.535370000000000   1.000000000000000
5AYS.pdb  no        -67.441093757678004    882.049850000000333   -407.218921263479899    489.625179999999943   1.000000000000000
4ZV4.pdb  no        -64.989642774209983    745.343630000000417   -239.072513334903562    542.067659999999933   1.000000000000000
5Y1Z.pdb  no        -64.455314039224149    934.551819999999907   -380.172512989418635    481.461979999999983   1.000000000000000
2D5R.pdb  no        -62.430056406107546    759.163099999999872   -337.011561229887093    534.572440000000029   1.000000000000000
6C0B.pdb  no        -61.183766792338318    754.232949999999960   -178.422734516816973    603.857440000000111   1.000000000000000
4V2C.pdb  no        -58.620851550490727    615.172240000000102   -297.670552160131251    312.574660000000051   1.000000000000000
2UZX.pdb  no        -57.672238143320754    1387.380140000000665  -508.953226575962105    874.812660000000051   1.000000000000000
1DKF.pdb  no        -57.265843847702492    938.551059999999779   -506.593098979814044    467.061800000000062   1.000000000000000
2B5L.pdb  no        -51.633362084739034    1803.870780000000423  -962.432654157504430    928.257880000000341   1.000000000000000
5L3S.pdb  no        -51.395217850130834    1407.308690000000297  -447.789631895167076    988.187180000000239   1.000000000000000
3SU8.pdb  no        -50.677712662991745    704.610750000000166   -241.889861066578305    330.973529999999982   1.000000000000000
3L2O.pdb  no        -47.623954873967179    1425.415340000000015  -611.845200316704563    625.879339999999843   1.000000000000000
4O4B.pdb  no        -47.182772179251856    636.602379999999926   -303.175497418276450    337.597350000000063   1.000000000000000
6A3V.pdb  no        -41.664819669768868    809.794890000000237   -212.518596649320813    278.509529999999984   1.000000000000000
4TXO.pdb  no        -41.517137163796917    762.554620000000000   -296.154441917078657    335.638589999999965   1.000000000000000
6GZH.pdb  no        -38.645938110802767    890.285670000000096   -284.036570338221850    565.333859999999959   1.000000000000000
4JVS.pdb  no        -38.139876362879455    1177.463859999999841  -328.138849833933591    628.293679999999881   1.000000000000000
2W96.pdb  no        -33.117109100110667    1293.814869999999928  -551.906804274952265    897.688410000000090   1.000000000000000
4G7X.pdb  no        -30.965796950177776    731.675440000000094   -274.310552903214102    492.820579999999950   1.000000000000000
4HLU.pdb  no        -29.840866780585522    1119.704890000000205  -459.955410868451224    489.724569999999972   1.000000000000000
5C7J.pdb  no        -29.694270626995976    715.028559999999970   -272.099866689315888    308.177729999999997   1.000000000000000
4XL1.pdb  no        -24.176650973106188    884.789590000000203   -236.993331114072163    481.078580000000045   1.000000000000000
4YN0.pdb  no        -20.589365242968810    693.847320000000309   -322.403763740327747    385.339320000000043   1.000000000000000
4W6W.pdb  no        -20.176560432614572    660.745820000000094   -319.048619626885511    472.867529999999988   1.000000000000000
5VXJ.pdb  no        -19.623133371316861    752.371580000000108   -343.611354753829403    342.675409999999999   1.000000000000000
3K9M.pdb  no        -16.101739874276156    1200.957699999999704  -459.521990542488595    516.877920000000017   1.000000000000000
3AB3.pdb  no        -15.375572243255121    1532.522539999999935  -525.127268043859772    776.323949999999968   1.000000000000000
1XFX.pdb  no        -14.926340742138697    2593.357740000002195  -842.195955964708901    1311.189750000000458  1.000000000000000
7MON.pdb  no        -11.026860999352156    985.690800000000195   -419.947066074604550    382.743359999999939   1.000000000000000
5CTR.pdb  no        -10.835399383173911    665.216170000000261   -475.929510062157192    392.643349999999884   1.000000000000000
3R4D.pdb  no        -10.175654364266968    752.271139999999946   -181.912920948662588    430.143080000000054   1.000000000000000
4ZIR.pdb  no        -10.144834593011332    1632.984560000000329  -464.585785737530273    1114.320870000000468  1.000000000000000
4HDO.pdb  no        -6.720252019913389     741.132829999999899   -436.735522624731118    281.349160000000040   1.000000000000000
1GZH.pdb  no        -5.153092263393305     569.280689999999822   -231.531634434352043    175.959560000000010   1.000000000000000
1KFU.pdb  no        -1.310475868998538     2960.737970000000132  -997.852638591258710    1695.346999999999753  1.000000000000000
2Q97.pdb  no        -1.296121848331993     1736.760699999999815  -570.879640523042781    767.035460000000057   1.000000000000000
4C2A.pdb  no        1.311112570567516      1042.706779999999981  -459.122389157753730    700.968830000000025   1.000000000000000
1RE0.pdb  no        4.252498598436617      1370.315210000000206  -517.587050503875275    905.584320000000048   1.000000000000000
3KF8.pdb  no        6.239294959016686      1060.591090000000349  -271.927590986032840    619.570709999999849   1.000000000000000
4APX.pdb  no        6.934451212595391      876.624920000000088   -389.995914617196888    574.284989999999993   1.000000000000000
2GA9.pdb  no        8.395641320783515      1678.780930000000581  -466.926027668551455    968.683780000000070   1.000000000000000
2FUN.pdb  no        9.610483531238899      934.768149999999764   -370.094401041856486    611.826260000000048   1.000000000000000
1BP3.pdb  no        12.067965063051176     1282.036719999999832  -334.501186501669736    609.132659999999873   1.000000000000000
6K4K.pdb  no        12.643944935053817     1658.378889999999956  -724.803246377749133    886.129260000000045   1.000000000000000
3ZHP.pdb  no        14.865625959700496     632.600170000000048   -201.528620301702176    340.027480000000025   1.000000000000000
3BLH.pdb  no        16.601988883439290     956.359410000000253   -254.762003443695846    619.093620000000101   1.000000000000000
4PBV.pdb  no        16.737631387466614     1046.805809999999610  -359.882252076839677    400.411600000000021   1.000000000000000
3A58.pdb  no        18.397379437408112     711.082800000000248   -200.519275256866194    410.345280000000002   1.000000000000000
4TU3.pdb  no        18.397655663844453     562.374079999999935   -110.801393776568972    441.543159999999887   1.000000000000000
1S70.pdb  no        19.404282258295471     2453.366909999998370  -801.565866399369270    1126.565010000000029  1.000000000000000
3KMU.pdb  no        25.240580909204009     774.497979999999870   -192.131360205487198    300.684459999999945   1.000000000000000
3HVE.pdb  no        26.735009455519400     1213.653230000000804  -536.746117588270749    745.203930000000241   1.000000000000000
5DI3.pdb  no        26.938104373097236     959.488269999999829   -519.019849319115792    449.934800000000166   1.000000000000000
6ZDX.pdb  no        27.120714780482881     712.062070000000062   -229.357269309967791    370.811699999999973   1.000000000000000
6IRE.pdb  no        30.776682433731647     1348.139210000000048  -489.533487390638527    799.739440000000059   1.000000000000000
3UVV.pdb  no        31.353829304045796     943.647180000000048   -440.217795787029729    525.969020000000114   1.000000000000000
4GAF.pdb  no        35.539989102276671     1963.705039999998917  -667.304654207699059    898.289110000000051   1.000000000000000
5WSU.pdb  no        39.638151729055011     1362.359220000000050  -209.962688919038243    777.535020000000031   1.000000000000000
5T94.pdb  no        40.183042243852384     1879.779800000000250  -535.152456846719133    1259.898950000000241  1.000000000000000
4HLQ.pdb  no        43.492356778939204     1206.860569999999825  -303.552560436429303    864.165339999999901   1.000000000000000
6DJL.pdb  no        46.245132723325121     1159.538150000000087  -576.708005254552518    582.158610000000067   1.000000000000000
3WHL.pdb  no        48.593053828637714     756.725000000000364   -124.391455582099070    378.462999999999965   1.000000000000000
3FMP.pdb  no        50.253218900175483     941.448489999999765   -330.502122868234665    428.234999999999900   1.000000000000000
7A91.pdb  no        50.378343232498850     831.722529999999779   -187.559569031194286    499.390289999999879   1.000000000000000
3TNF.pdb  no        52.559298998437143     1575.874469999999974  -767.330708453662851    860.105899999999792   1.000000000000000
4OFY.pdb  no        60.805586618144325     673.866529999999898   -184.870468220805975    261.523559999999975   1.000000000000000
3VX7.pdb  no        63.236736926034581     802.203319999999849   -308.010112648290260    484.645039999999938   1.000000000000000
1SHW.pdb  no        63.964786107454714     610.708709999999996   -301.101055230944382    337.267979999999966   1.000000000000000
5EE5.pdb  no        64.849381945737875     902.641230000000178   -365.817973736427689    339.921339999999987   1.000000000000000
2EX3.pdb  no        65.275757767752907     2167.684829999999693  -787.855390080801840    1233.201740000000427  1.000000000000000
4CDG.pdb  no        67.657535644307558     803.260670000000005   -276.518518162924863    515.764970000000062   1.000000000000000
1IRA.pdb  no        75.967145992115064     1651.147779999999557  -559.734012982311924    842.177920000000086   1.000000000000000
3WEE.pdb  no        81.290161150002405     1439.926479999999174  -352.586792772522415    737.999639999999886   1.000000000000000
6GGR.pdb  no        83.552661084340627     1119.159359999999424  -395.003751900939619    232.634660000000025   1.000000000000000
2J0M.pdb  no        92.153551100181659     634.327359999999999   -257.764387959228259    272.006489999999985   1.000000000000000
3BDW.pdb  no        94.536157282675020     729.814680000000067   -286.113185174216369    266.006930000000011   1.000000000000000
6K2D.pdb  no        94.620360090717838     841.157660000000192   -170.894930499407451    546.786159999999995   1.000000000000000
6ZMD.pdb  no        96.679422400162835     993.965329999999653   -329.167354436681535    560.912779999999998   1.000000000000000
5WY8.pdb  no        98.185843967763489     1848.080500000000484  -624.350753310064533    865.565760000000068   1.000000000000000
4TX3.pdb  no        98.510234347930520     693.862419999999929   -213.847259933929138    421.308459999999968   1.000000000000000
4GED.pdb  no        103.941454516788966    581.360479999999825   -78.665033541948105     446.626380000000097   1.000000000000000
4LI2.pdb  no        104.301364423412593    909.384760000000028   -446.425406268107736    448.975229999999954   1.000000000000000
5GXG.pdb  no        105.635517274867709    564.774649999999951   -40.282034254902641     182.591779999999972   1.000000000000000
1G4U.pdb  no        107.052107113133815    946.669200000000046   -356.571497555497672    691.668150000000082   1.000000000000000
1HE8.pdb  no        107.488764774009226    629.982949999999960   -346.023279774706452    317.021109999999965   1.000000000000000
5HVK.pdb  no        111.640412003220987    791.076929999999834   -276.014296146712070    422.532860000000028   1.000000000000000
6TX3.pdb  no        112.607633587700079    1293.500610000000052  -158.395751031235022    296.627439999999979   1.000000000000000
4Y2O.pdb  no        112.727119482011034    1556.793589999999767  -683.051461714732454    782.142059999999901   1.000000000000000
4HWI.pdb  no        115.075998395069064    710.063999999999851   -131.716539251068241    271.613940000000071   1.000000000000000
4UIP.pdb  no        115.163224931558233    962.894879999999944   -196.496218296526251    538.220779999999991   1.000000000000000
4OZT.pdb  no        118.350310443242350    1071.090589999999793  -498.175418682416478    600.169029999999907   1.000000000000000
3A7A.pdb  no        119.296711748231729    725.640799999999899   -355.069009354192474    370.460650000000044   1.000000000000000
1YRO.pdb  no        123.054651523054119    603.368870000000129   -183.980805081746979    260.373230000000035   1.000000000000000
6BXC.pdb  no        126.496543047334583    806.569330000000036   -184.308457638217220    344.687270000000069   1.000000000000000
3F1S.pdb  no        132.394389685340286    1211.664760000000115  -208.068252709237584    578.381169999999997   1.000000000000000
3FMO.pdb  no        133.541046644594672    986.248880000000213   -376.177574110255080    481.419840000000022   1.000000000000000
3TX7.pdb  no        136.931542977559047    799.641110000000026   -261.780090012690039    484.056489999999997   1.000000000000000
5OEN.pdb  no        140.633383349519846    1019.574190000000044  -339.622857516073168    454.708950000000016   1.000000000000000
6YXJ.pdb  no        140.929510828263403    775.236409999999978   -252.237120748103933    296.696280000000002   1.000000000000000
4ZGY.pdb  no        143.608876463706963    1586.907140000000709  -345.970368941900574    1039.655549999999948  1.000000000000000
3W5K.pdb  no        144.328909944674081    2074.363889999999174  -709.834076658997219    1468.690149999999676  1.000000000000000
3PHF.pdb  no        150.691924134134439    2280.395810000000438  -481.155758691986989    1223.390350000000353  1.000000000000000
3VE1.pdb  no        151.491933811019152    1254.286450000000059  -328.256915238207114    446.583060000000046   1.000000000000000
7DYM.pdb  no        152.546239707657406    1098.607470000000149  -354.832693802713266    644.457520000000045   1.000000000000000
3D7T.pdb  no        153.569928795121655    569.625189999999975   -57.599330140840429     311.244559999999979   1.000000000000000
3ANW.pdb  no        163.090609295373014    889.570999999999685   -230.425852372502078    525.913440000000037   1.000000000000000
5UK5.pdb  no        164.753120496089906    1563.912500000000364  -288.478431279623521    908.897719999999822   1.000000000000000
2F9Z.pdb  no        165.019372440872957    812.832870000000071   -134.666424727935095    351.317810000000009   1.000000000000000
6I2P.pdb  no        165.800194787591693    1006.409680000000094  -412.827524162853194    463.073860000000082   1.000000000000000
6O03.pdb  no        167.447981701655948    942.672660000000064   -261.096783833447489    416.998640000000080   1.000000000000000
4CVW.pdb  no        170.023631569485588    1266.072090000000571  -109.725997776754724    230.737869999999987   1.000000000000000
4JHP.pdb  no        172.498175767597502    825.087119999999913   -175.147239355567251    317.936730000000011   1.000000000000000
6YVA.pdb  no        179.682113401188701    1242.660790000000361  -412.855522088077464    564.580540000000155   1.000000000000000
6HT9.pdb  no        180.566664141193371    1043.439379999999574  -311.602478368872369    584.281970000000115   1.000000000000000
6AXG.pdb  no        189.757834457753205    1495.784350000000131  -198.602910628855454    804.758969999999977   1.000000000000000
5D3I.pdb  no        194.575122660027290    828.084740000000011   -126.276632214418456    368.608530000000087   1.000000000000000
6VU5.pdb  no        198.771562143079962    1967.501510000000962  -488.397915627362579    952.543510000000083   1.000000000000000
2X0G.pdb  no        199.087820992253057    1826.610549999999648  -780.118816141967272    480.898510000000158   1.000000000000000
5JCZ.pdb  no        199.089206537799100    764.778039999999919   -166.902211881811610    369.764769999999999   1.000000000000000
6WC3.pdb  no        210.838735002387580    1218.356069999999818  -253.760542119227608    693.978789999999890   1.000000000000000
3LB8.pdb  no        211.116554927578193    753.884640000000331   -41.506332592869811     98.759039999999999    1.000000000000000
3EI3.pdb  no        212.807866395695811    1827.562990000000809  -449.104766292208240    1054.810120000000325  1.000000000000000
3W0L.pdb  no        213.167342672999723    1087.934589999999844  -381.507814655973789    447.973439999999925   1.000000000000000
3WXM.pdb  no        216.278398762682059    1467.861510000000408  -358.398549443755314    721.355869999999641   1.000000000000000
6IRD.pdb  no        218.787204463443146    1264.249630000000252  -445.640565750184294    478.578029999999899   1.000000000000000
4IYP.pdb  no        222.278399365876908    882.239199999999983   -265.157204883364273    501.699189999999930   1.000000000000000
7JVB.pdb  no        222.518595341253473    710.077819999999861   -131.828456953687549    330.379440000000045   1.000000000000000
1TVK.pdb  no        227.735756153099970    1725.410300000000007  -392.699918944190870    738.682009999999764   1.000000000000000
3G9V.pdb  no        230.059385470043026    902.077109999999720   98.702255947260326      491.950040000000058   1.000000000000000
1JK0.pdb  no        231.244199280635598    1203.490939999999910  -180.212660837818959    541.583260000000223   1.000000000000000
1RY7.pdb  no        231.253311507484085    1471.975219999999808  -309.292902245941548    1010.538940000000025  1.000000000000000
6OB3.pdb  no        234.545993434037143    1277.572469999999157  -341.917024637495615    606.821529999999939   1.000000000000000
4RS1.pdb  no        234.945068750789176    1138.003570000000309  -224.214750303746342    583.704850000000079   1.000000000000000
7V8B.pdb  no        235.375155968086375    802.275139999999965   -113.531116472588195    514.668799999999919   1.000000000000000
4PC7.pdb  no        235.381661134556737    879.890399999999886   -188.453526830663549    570.629170000000158   1.000000000000000
1S6B.pdb  no        235.662242081166767    959.084749999999985   -192.947998060148677    493.972060000000056   1.000000000000000
1RJ9.pdb  no        235.856641080285812    1453.306160000000318  -231.490352219474147    774.232340000000022   1.000000000000000
4EDA.pdb  no        236.199344022901812    1860.559469999998555  -202.449993017550980    1106.565960000000132  1.000000000000000
2ZET.pdb  no        239.053345811918291    1803.573080000000118  -517.328850996059259    802.825179999999591   1.000000000000000
1X7A.pdb  no        246.803310242742327    724.519339999999943   -162.658732809148546    282.005789999999990   1.000000000000000
5Y32.pdb  no        253.074425596125735    1108.771879999999555  -312.600965383350626    519.937180000000012   1.000000000000000
6WCW.pdb  no        254.750475133430371    894.729979999999841   -30.048701182571474     523.032669999999939   1.000000000000000
4BMP.pdb  no        257.021169870137385    883.749239999999531   -124.503312016036688    410.440060000000074   1.000000000000000
5XJX.pdb  no        259.239343177706246    1590.337829999999485  -431.957150233661821    546.070690000000013   1.000000000000000
5H92.pdb  no        265.969057269775874    544.735500000000002   -28.305472959395885     167.468909999999994   1.000000000000000
3ZYJ.pdb  no        269.837201880169232    1184.862829999999803  -140.956482031358519    313.417979999999943   1.000000000000000
5Y2Z.pdb  no        271.615049211090593    1010.451869999999872  -162.900546309096200    264.067239999999970   1.000000000000000
1USU.pdb  no        272.489856191835827    693.734669999999937   -24.040640859384915     46.157400000000003    1.000000000000000
6MUD.pdb  no        275.398930724410604    690.058269999999993   -77.965347265006983     258.729680000000030   1.000000000000000
6M3Q.pdb  no        282.416482294998445    941.449670000000197   -20.843741186814427     161.392120000000006   1.000000000000000
1QA9.pdb  no        283.238417486280298    654.965289999999982   -83.715734496978598     183.354930000000024   1.000000000000000
3BEG.pdb  no        283.865872878844812    939.872130000000311   12.750266966095296      388.049150000000054   1.000000000000000
5SZH.pdb  no        290.509515247741433    1121.199340000000348  -205.178760956677422    486.444580000000087   1.000000000000000
3W3Z.pdb  no        295.859913654764227    1494.283649999999625  -493.225977507864570    652.220860000000016   1.000000000000000
6V6B.pdb  no        304.065290522612486    1123.762069999999994  -375.945115079243180    416.417190000000005   1.000000000000000
6SHX.pdb  no        311.493747944147685    1254.515059999999721  -360.573037033671653    611.718770000000063   1.000000000000000
6M7L.pdb  no        311.958012715235213    977.399389999999812   -194.866193562552638    501.009759999999972   1.000000000000000
5ZHX.pdb  no        315.679707132629403    1618.269919999999729  -416.202540727255951    608.708030000000008   1.000000000000000
6XF1.pdb  no        332.267754814657337    1063.626729999999725  -168.432166103205731    341.111490000000003   1.000000000000000
6JPL.pdb  no        336.890936408595962    1593.091299999999137  -366.475820696633491    475.770419999999945   1.000000000000000
2XWU.pdb  no        337.256597137324889    1286.952419999999393  -386.542072277420402    443.998840000000143   1.000000000000000
3N7P.pdb  no        338.288730577827721    745.448879999999917   -21.039742056041021     402.155279999999948   1.000000000000000
5YH3.pdb  no        354.094413121106413    989.048930000000155   -27.629083138900906     114.006640000000019   1.000000000000000
5WP3.pdb  no        356.993390415061640    886.461149999999748   -207.462882816043958    299.118510000000015   1.000000000000000
1GH6.pdb  no        357.034504813253591    780.240479999999934   -210.624783487165871    279.615419999999915   1.000000000000000
3WCY.pdb  no        359.571271762064214    1560.531599999999344  -500.245527322030910    671.313070000000039   1.000000000000000
7E5Z.pdb  no        364.661153568759801    1953.944300000001249  -454.440670447716286    1129.653130000000147  1.000000000000000
4C0A.pdb  no        368.360327302327960    1469.003959999999552  -277.224670255637534    738.028030000000285   1.000000000000000
4OZR.pdb  no        370.449496172677300    1032.387870000000021  -354.563993252398234    416.355279999999993   1.000000000000000
3VX8.pdb  no        370.647574552109290    1069.895559999999705  -69.296005311123480     448.438540000000160   1.000000000000000
4P4Q.pdb  no        404.992786698254349    566.767890000000079   0.241252529759175       19.058499999999999    1.000000000000000
7N9A.pdb  no        407.851858286875370    772.895299999999793   -2.371842338642004      135.149429999999995   1.000000000000000
5H5J.pdb  no        419.697191229217651    561.629099999999880   -5.163531709509851      64.608399999999989    1.000000000000000
5DMQ.pdb  no        423.359244941380439    769.398189999999772   -218.577699714844073    246.524720000000002   1.000000000000000
4KC3.pdb  no        423.877560566297461    1702.736850000000231  -380.227588002777509    688.131329999999821   1.000000000000000
3B82.pdb  no        428.108463864745715    749.420009999999820   -187.751446451862932    297.214460000000031   1.000000000000000
2OVP.pdb  no        428.649897377250113    1725.367139999999836  -60.119100411857829     1368.788429999999835  1.000000000000000
2PMS.pdb  no        431.833325493174414    796.639340000000175   -73.102316394807318     303.098489999999970   1.000000000000000
4NZW.pdb  no        435.661831784544347    949.877089999999725   -41.835700210833686     58.432580000000002    1.000000000000000
4OL0.pdb  no        447.183130837887120    1913.644530000000259  -612.133687123873528    878.844259999999736   1.000000000000000
6I8H.pdb  no        452.926985667338386    775.595890000000281   -53.583633586995610     206.622999999999990   1.000000000000000
6M3P.pdb  no        460.077318420726726    907.133519999999976   -18.149249521416621     268.514819999999986   1.000000000000000
3LBX.pdb  no        472.440910351856985    1313.603149999999914  -284.316875407041891    392.321680000000129   1.000000000000000
6P4O.pdb  no        479.679290727877685    1339.832829999999603  -202.603506972191781    414.363699999999938   1.000000000000000
3GQI.pdb  no        481.275456310268510    901.520479999999907   -111.084674990197499    241.939510000000013   1.000000000000000
5FBR.pdb  no        494.421679704948417    759.754499999999894   -236.730395590636874    305.863070000000050   1.000000000000000
4QT8.pdb  no        499.611261732121420    857.828479999999900   -64.916097137556164     104.659269999999992   1.000000000000000
3OED.pdb  no        519.453319542307099    1110.171059999999898  -325.045429790813444    455.034210000000030   1.000000000000000
4F7G.pdb  no        527.616486317632166    667.565420000000017   10.855757340269381      82.371309999999994    1.000000000000000
3THO.pdb  no        529.548054153866588    2035.581419999999071  -395.696455879771008    909.201040000000035   1.000000000000000
4ANJ.pdb  no        529.697519734266621    1946.633519999999180  -243.192877051042728    703.137679999999932   1.000000000000000
6L6R.pdb  no        542.222338038341832    904.310490000000300   -83.599573816424282     193.141390000000001   1.000000000000000
6UI4.pdb  no        546.826973534684839    1067.135039999999890  -72.319353629396971     297.733229999999992   1.000000000000000
2QKW.pdb  no        548.801252769184089    684.963440000000332   -62.849258086541006     238.948779999999999   1.000000000000000
5HVQ.pdb  no        549.040354650228892    1342.723060000000032  -307.060406842589032    418.217770000000030   1.000000000000000
1GKA.pdb  no        551.787781562156624    829.812469999999621   7.545407156035235       70.701390000000004    1.000000000000000
4CV5.pdb  no        553.596934355865869    1093.346410000000560  29.348881706848154      215.856889999999993   1.000000000000000
2RD0.pdb  no        556.972083632695330    1738.240219999999454  -662.779203934294287    579.038460000000100   1.000000000000000
4IC7.pdb  no        571.953680004884632    1728.410250000000588  -176.977522602118711    425.667950000000133   1.000000000000000
7B51.pdb  no        592.329870282021830    2272.739519999999175  -520.877305769267650    988.413979999999810   1.000000000000000
7DO4.pdb  no        592.354772488651975    954.495609999999829   -40.584997515750651     138.768069999999994   1.000000000000000
6XQO.pdb  no        604.765391866856476    1277.635590000000093  -136.018338347748312    511.737390000000005   1.000000000000000
5YY0.pdb  no        607.490143182131874    705.803620000000137   -81.870687296303089     175.660510000000016   1.000000000000000
4U1C.pdb  no        609.592222882296596    1173.318800000000010  -91.835035373921656     267.525829999999985   1.000000000000000
3HHM.pdb  no        628.988727266349542    2723.309089999997923  -1166.233285748875915   814.459919999999670   1.000000000000000
6FKM.pdb  no        629.034123235539596    884.150510000000054   -24.456684442933827     127.446199999999990   1.000000000000000
6FCV.pdb  no        630.648510126861083    2117.478990000001431  -368.897038660535941    1275.328860000000532  1.000000000000000
2BKU.pdb  no        635.057038749895924    1997.476079999999683  -517.991660752474786    761.185030000000211   1.000000000000000
4NKO.pdb  no        638.096289762692550    761.182239999999979   48.359703599361119      40.780519999999996    1.000000000000000
5TBK.pdb  no        642.670694268527086    1960.357639999999719  -161.162550448062319    585.512369999999919   1.000000000000000
1FQ1.pdb  no        667.086612508881785    885.187839999999710   -151.230677526396505    166.060440000000000   1.000000000000000
6N4N.pdb  no        673.823871249012996    569.650120000000129   -6.563510974123280      71.124669999999995    1.000000000000000
1GGP.pdb  no        674.210283292006011    1424.656890000000431  -46.318330596956415     305.001109999999926   1.000000000000000
3TL8.pdb  no        676.824236691770352    1318.216579999999567  -44.219754964761570     248.551850000000030   1.000000000000000
4BK5.pdb  no        678.585591877901379    791.153009999999995   -88.234296470752383     207.138030000000015   1.000000000000000
2CH4.pdb  no        679.575345267030912    1140.326710000000048  -24.031215389782194     289.101729999999975   1.000000000000000
6XWX.pdb  no        682.147233201814970    1507.752440000000661  -11.319328909869260     224.008940000000024   1.000000000000000
1KMH.pdb  no        694.647826528602536    1923.135370000000194  -287.142208711500132    584.071750000000065   1.000000000000000
2Y3A.pdb  no        710.246876131293675    2867.813080000001264  -874.570706373009443    1153.457920000000286  1.000000000000000
4C0O.pdb  no        718.511691853536718    1811.673570000000836  -301.782871969918631    561.461479999999938   1.000000000000000
1GAQ.pdb  no        726.794826502065234    769.097909999999956   -10.616046919929261     131.847739999999988   1.000000000000000
5B4X.pdb  no        733.977746662591244    1183.037860000000137  -168.623712058488479    370.943530000000067   1.000000000000000
6UX2.pdb  no        737.448446868873134    1159.216909999999871  24.370946560607226      59.377369999999999    1.000000000000000
4KMO.pdb  no        751.769625468675372    2190.974740000000565  -425.364641581248748    920.694539999999961   1.000000000000000
4YOC.pdb  no        756.815216880209732    1645.526820000000043  15.837932672955127      162.310920000000010   1.000000000000000
4RWT.pdb  no        766.543937086777191    2363.336239999999179  -308.311868143517700    1100.585119999999961  1.000000000000000
6O74.pdb  no        769.159834009609540    1273.371970000000147  -228.339481340874102    475.461099999999988   1.000000000000000
6YRA.pdb  no        769.235865335712560    2720.212610000000950  -656.939745354161573    1152.227349999999660  1.000000000000000
7LTO.pdb  no        775.624294167846870    1764.494820000000345  -134.907271148912713    728.685249999999655   1.000000000000000
6MWQ.pdb  no        780.375980416333618    962.575320000000147   -90.150658072857453     251.878540000000015   1.000000000000000
3MX0.pdb  no        792.247434750020716    838.029199999999946   78.675221516749133      183.279100000000000   1.000000000000000
6LOJ.pdb  no        803.970904932909889    551.977539999999863   19.914140552405065      22.954239999999999    1.000000000000000
7PDH.pdb  no        822.367889795994870    557.174639999999954   16.760129182076508      13.474510000000000    1.000000000000000
1BR1.pdb  no        833.441355584874259    2033.022270000000162  -239.503888077953945    594.871550000000070   1.000000000000000
7AKV.pdb  no        860.538049701685964    830.448249999999916   -21.601235926289007     158.236930000000029   1.000000000000000
3EI4.pdb  no        893.196533623604068    2395.913259999999809  -180.564170640326864    715.336330000000089   1.000000000000000
4XZV.pdb  no        899.690568753281923    875.083609999999794   65.302612395630860      118.563399999999987   1.000000000000000
7FG3.pdb  no        918.123886754253476    646.811380000000213   55.870149392160933      34.332599999999999    1.000000000000000
3D2F.pdb  no        921.805285006463009    1573.661169999999402  -235.960640529988382    252.016880000000015   1.000000000000000
4LSX.pdb  no        922.350729377084349    566.288099999999986   11.512974144625918      5.779330000000000     1.000000000000000
7B14.pdb  no        946.102297447079309    834.606370000000311   -6.899864856880271      112.775800000000004   1.000000000000000
6Q82.pdb  no        963.060163654559119    1644.780039999999644  -299.991582119793236    477.344409999999982   1.000000000000000
6ZUE.pdb  no        964.855346041678445    2035.537549999999328  -251.964255799482089    577.083970000000022   1.000000000000000
7CRB.pdb  no        1040.524260458813842   1653.473960000000261  -194.560063348245023    256.543719999999951   1.000000000000000
7OGG.pdb  no        1092.138619424777971   1352.410110000000032  19.866532242290905      108.620849999999990   1.000000000000000
3C7N.pdb  no        1093.405887853584318   2667.268570000000182  -172.521190290329400    559.948760000000107   1.000000000000000
6SKU.pdb  no        1155.058445492362353   1761.373159999999871  -310.973076995218605    366.576590000000010   1.000000000000000
7N8X.pdb  no        1156.461300168295111   1286.627940000000081  7.922562524695661       103.257140000000007   1.000000000000000
1AM4.pdb  no        1159.011642662934719   874.170279999999707   38.545628286605847      58.224470000000011    1.000000000000000
6ZHU.pdb  no        1171.832468101633822   1953.309619999999995  -234.774838425864772    492.928070000000048   1.000000000000000
3EA5.pdb  no        1184.064790560732263   2106.911730000000261  -448.894935556700091    655.384189999999990   1.000000000000000
7CEG.pdb  no        1186.127836313720991   1462.692180000000235  33.353335788545046      149.268079999999998   1.000000000000000
2Y9Y.pdb  no        1188.142210000837395   2636.664679999999407  -282.078145670880474    746.634010000000330   1.000000000000000
7QLA.pdb  no        1211.034870781558993   1587.016239999999470  164.740231902003586     262.156009999999981   1.000000000000000
7JLU.pdb  no        1226.707764177738682   2187.972710000000916  -116.480179942585309    409.488750000000039   1.000000000000000
7MYN.pdb  no        1237.059261375592996   2862.379010000000562  -470.999143346818528    1310.258320000000140  1.000000000000000
7KWO.pdb  no        1330.257197051977528   2331.847980000000916  -165.844126644725861    700.181869999999776   1.000000000000000
4LQS.pdb  no        1401.919155569258010   1083.648819999999887  39.888647478805197      65.489679999999993    1.000000000000000
1MCW.pdb  no        1483.075914172092780   1559.307790000000523  17.140493353600156      116.313570000000013   1.000000000000000
4DIN.pdb  no        1509.855774291294438   2153.749179999998887  60.423159647204429      194.539089999999987   1.000000000000000
1QBK.pdb  no        1651.621821280286213   1973.937790000000632  22.157761519455242      298.941870000000051   1.000000000000000
6SXA.pdb  no        1704.864066367384567   2908.390830000000733  -295.069612257474773    777.760189999999966   1.000000000000000
6J5W.pdb  no        1714.255812206322844   2229.069820000000618  -12.481485402148355     422.349900000000048   1.000000000000000
6TCA.pdb  no        1722.547273083696382   2528.369530000000395  -144.614585143444430    371.509639999999933   1.000000000000000
6WCZ.pdb  no        1783.839631426308415   1238.271280000000388  53.253208776627247      44.013100000000001    1.000000000000000
2ZIX.pdb  no        5535.152403593917370   3157.979349999998249  573.626609910408774     304.455240000000117   1.000000000000000
